...1,id,reference,description,intern_A,intern_B,verdict
42,42,2012-293,"INDONESIA: Cargo ship boarded on 15 October at 01-06N 104-10E, near Kabil Citranusa Port, Batam. Three robbers boarded the vessel while at anchor. They were spotted by the alert duty crew, who raised the alarm. Upon sensing the crew's alertness, the robbers escaped empty-handed.",keep,exclude,
47,47,2013-135,"EQUADOR: On 5 May, the container ship CAP PORTLAND experienced an attempted boarding at  02-28S  080-04W, approximately 12.5nm north of Puna Island. Robbers attempted to board an underway container ship. Crew sounded the alarm, mustered, and subsequently  secured the vessel. Upon seeing crew actions, the robbers departed the area. Coastguard  responded by sending a vessel to the area. All crew was safe.",keep,exclude,
55,55,2013-142,"INDONESIA: On 29 April, the barge CREST 2821 was boarded at 01-13N 103-58E, approximately 3.2nm northwest of Pulau Batam. While in tow by the tug boat CREST GOLD 1, from Port Klang to Bintulu, Sarawak, Malaysia; the barge CREST 2821 was boarded and robbed. Some property onboard the barge was discovered missing later on the same day, when  the Master carried out checks on the barge. The robbers escaped with offshore installation parts, spare towing wire bridles, towing shackles, and delta plate.",exclude,keep,
68,68,2012-94,BAY OF BENGAL:  Robbers boarded a RO-RO ship while awaiting pilot. Duty watchman sighted the robbers and informed Master. Master raised alarm and reported to coast guard. Robbers noticed crew alertness and escaped with stolen stores. No casualties to crew.,exclude,keep,
74,74,2012-300,"INDONESIA: Container ship approached on 21 October at 03-47N 098-42E, at the Belawan International Container Terminal. Two robbers armed with long knives in a small boat approached the berthed vessel. Alert duty crew noticed one robber attempting to board the ship using a rope. The crew shouted at the robber, who aborted the boarding and escaped.",keep,exclude,
88,88,2013-146,"NIGERIA: On 14 May, the offshore diving support vessel SAINT PATRICK was boarded at 04-25N  007-28E, approximately 7.5 nm south-southwest of the Opobo river estuary. The offshore diving support vessel was reported as being boarded and attacked by pirates at approximately 02:00 LT. Both the SAINT PATRICK and LADY SWATHIN were attacked in the same area off Idoho field, approximately six hours apart.",keep,exclude,
118,118,2012-320,"TOGO: Cargo ship experienced a suspicious approach on 21 November at 06-03N 001-16E, at the Lome Anchorage. Six robbers in three unlit boats approached the anchored cargo ship twice in 30 minutes. The boats hid behind the bunker barge before approaching the vessel from the port and starboard sides. On both occasions, the boats were unsuccessful due to vigilance of the crew and the presence of security personnel. On reporting to Port Control, a Navy vessel was dispatched to investigate.",keep,exclude,
119,119,2012-321,"DOMINICAN REPUBLIC: Tanker boarded on 20 November at approximately 18-26N 069-18W, at the San Pedro de Macoris Port. Robbers boarded a berthed product tanker unnoticed. They stole ship's properties and escaped. The theft was noticed by crew doing routine ship search after departure.",exclude,keep,
122,122,2012-324,"PANAMA: Yacht boarded on 12 November at 08-39N 079-43W, in Punta Chame, approximately 20 nm southwest of the Balboa Anchorage. Four pirates in two skiffs pulled alongside the yacht and asked the occupants for drinking water. Once the occupants obliged and entered the cabin to retrieve the water, the pirates boarded the vessel armed with pistols and held the family of four hostage, while they ransacked the yacht for valuables. The ordeal lasted approximately 15 minutes, and then the pirates departed, leaving the occupants unharmed.",exclude,keep,
124,124,2013-155,"INDIAN OCEAN: On 7 May, a fishing vessel experienced a suspicious approach at 01-53N  051-13E, approximately 320 nm off the Somali coast. A Spanish fishing vessel observed a  skiff with six pirate¿s onboard approach another fishing vessel. A Spanish warship intervened and detained the suspect pirates. Suspected pirates could not explain why they had sailed so far from land. There was no evidence of trade or legal activity and the Spanish warship crew found equipment on board that is commonly related to piracy. There was insufficient evidence on this occasion to guarantee a legal prosecution; therefore, the decision was made to return the men to the Somali coast.",exclude,keep,
125,125,2013-156,"MALAYSIA: On 15 May, the underway barge in tow CREST 289 was boarded at 03-17N 103-48E, approximately 30nm northwest of Pulau Tioman. At the time, the tug boat TCL4401 was towing the barge from Singapore to Kuantan Port, Malaysia. The thieves stole 12 pieces of manhole covers and the stern light solar cell. The Master discovered the items missing  upon arrival at Kuantan Port. The crew was not injured.",exclude,keep,
131,131,2013-162,"BANGLADESH: On 23 May, the berthed product tanker GOLDEN ADVENTURE was boarded in the vicinity of 22-16N 091-48E, at the Chittagong port. During discharge operations at berth, the tanker was boarded by robbers armed with knives. They were noticed by the local watchman who immediately raised the alarm. The crew and watchman proceeded to the  location, armed with long sticks and metal pipes. Seeing the approaching crew, the robbers jumped overboard and tried to escape with a mooring line, which the crew successfully recovered. Port authorities informed.",keep,exclude,
133,133,2013-164,"YEMEN: On 20 May, the underway bulk carrier YONGXING experienced a suspicious approach by two skiffs at 13-11N 048-54E, approximately 65 nm south of Al Mukalla. The two yellow and blue skiffs with 12 individuals on board approached from the port side. When the  skiffs closed to 500 meters, the embarked AST fired 3 warning shots towards the skiffs. The skiffs immediately departed the area.",exclude,keep,
153,153,2012-332,"VIETNAM: Tanker hijacked on 19 November in the vicinity of 07-10N 109-09 E, approximately 174.4 nm southeast of Con Son Island, by eleven pirates armed with long knives and pistols. The nine crew members were forced overboard into a life raft and rescued shortly after by a Vietnamese fishing trawler. While enroute toward Vietnam, the vessel was apprehended by the Vietnam Marine Police Special Task Force and all eleven pirates were taken into custody. Prior to apprehension, it was reported that the pirates had changed the IMO number and name of the vessel.",exclude,keep,
162,162,2013-168,"INDONESIA: On 20 May, the berthed general cargo ship KOHINOOR was boarded at 03-47N 098-42E, at the Belawan Port. While at berth, an unknown number of robbers armed with knives boarded the ship. The duty crew noticed them stealing ship properties from the poop deck store. The robbers escaped after the crew was alerted and the alarm sounded.",keep,exclude,
166,166,2013-172,"NIGERIA: On 03 June, the Marshall Islands-flagged underway chemical tanker BLUEGREEN TIGRE was fired upon at 04-42N 008-19E approximately 2.5 nm north of James Town, in the Calabar River. Ten armed robbers in two speed boats approached and fired upon the chemical tanker underway with pilot on board. Master raised alarm, mustered all crew,  and reported the incident to the Nigerian Authorities. The armed robbers aborted the attack and moved away when the Nigerian Marine Police arrived on the scene. All crew are safe, but the ship sustained minor damage due to the firing.",keep,exclude,
173,173,2012-129,"MOZAMBIQUE: Chemical Tanker at berth was boarded on 29 March at 19:48 S-034:07 E, Jetty No.12, Beira Port.  Duty crewman noticed one robber armed with a knife aboard the vessel and raised the alarm. Upon hearing the alarm, the pirate escaped with stolen ship¿s stores with an accomplice piloting a waiting canoe.",exclude,keep,
185,185,2012-338,"INDONESIA: Bulk carrier boarded on 05 December at 03-47N 098-42E, at the Belawan Port. Four robbers boarded the bulk carrier alongside a berth during discharge operations. They broke into the deck store, stole ship's stores and escaped unnoticed. The theft was noticed during the next watch change and was reported to the local agent and the port authorities.",keep,exclude,
201,201,2013-181,"INDIAN OCEAN: On 05 June, the Panama-flagged underway oil tanker TAIZAN experienced a suspicious approach at 17-12N 066-47E, approximately 291 nm southwest of Mumbai, India. A boat approached the vessel closing to 1.5 nm. TAIZAN attempted to increase speed, but only up to 13.8 kts due to prevailing swells. Master ordered two parachute signals fired against the boat, then an additional four parachute signals as the boat continued to approach. Finally the boat gave up further approach.",exclude,keep,
202,202,2013-182,"MOZAMBIQUE: On 01 June, the berthed Hong Kong-flagged chemical tanker ESHIPS LIWA was boarded at 19-49S 034-50E, at the Beira Port. Two robbers armed with long knives boarded the tanker at berth during cargo operations using the forward fire wire. Alert shore and deck watchmen and agents noticed them and raised the alarm resulting in the robber escaping via the anchor chain. There were no vessel or crew properties stolen. Port authorities  and local police were notified.",keep,exclude,
225,225,2012-354,"OMAN: Merchant vessel experienced suspicious approach at 0535 UTC on 27 December near position 26-17N 056-43E in the Gulf of Oman, approximately 22 nm east of Al Kasab, Oman. The activity consisted of two skiffs, one of which approached the vessel to within 500 meters, with possible weapons sighted. Vessel's armed embarked security team fired flares and the skiff moved away. The second skiff approached to within 200 meters. Embarked security team again fired a warning flare but there was no response from the second skiff. Vessel security team then fired two warning shots to the side of the second skiff. Both skiffs then broke off the approach and departed the area.",exclude,keep,
229,229,2013-3,"INDIAN OCEAN: On 1 January, a merchant vessel experienced suspicious approach near 02-18N 046-02E, approximately 42 nm northeast of Mogadishu and approximately 7 nm off the Somali coast. The activity consisted of four skiffs. Few other details have been released and the incident is being investigated further.",keep,exclude,
234,234,2013-8,"SOMALIA: On 11 November 2012, a general cargo ship was detained by Somali authorities and ordered to anchor off Bossaso. Eight Puntland Maritime Police Force (PMPF) personnel (four policemen and four soldiers) were detailed to guard the ship. The four soldiers took over the ship and forced the Master to sail to another port. It is suspected that the soldiers were paid by pirates to hijack the ship. While enroute, one of the soldiers rejoined the four policemen, gained control of the vessel and sailed back to Bossaso. The vessel arrived and berthed at Bossaso Port on 20 December, where the PMPF personnel were replaced.",exclude,keep,
241,241,2013-197,"YEMEN: On 14 June, the underway Malta-flagged tanker experienced a suspicious approach at 12-36N 043-25E, approximately 2 nm southwest of Birim Island. A single skiff paralleled the tanker's course, and then moved toward the vessel at high speed, approaching within 500 meters. The AST displayed their weapons, resulting in the skiff moving away.",exclude,keep,
245,245,2013-201,INDIAN OCEAN: The owners of fishing vessel CHUN YING reported that they lost contact with their vessel since 20 JUNE 2013 at 0110 LT while the vessel in position 00-34N 054-48E. The vessel's satellite phones and tracking system are turned off.  There are 28 crew members and 3 guards onboard.  The vessel is missing in the HRA for pirate activities.  The fate of the crew and vessel is unknown.,exclude,keep,
248,248,2012-155,TOGO: The missing/hijacked tanker BW Rhine was last reported in posn lat 05:27N - long 002:36E on 03.05.2012 at 0840 UTC.,keep,exclude,
250,250,2012-157,INDIAN OCEAN: M/V suspicious approach in vicinity 04 49N 054 47E at 241949 UTC Apr 12.  Vessels are advised to keep well clear of this position and to exercise extreme caution if in vicinity.,keep,exclude,
261,261,2013-9,"GUYANA: On 09 January, LPG Tanker CONISTON boarded in the vicinity of Guyana. Two robbers armed with guns and long knives boarded the berthed vessel from the offshore side using a grappling hook. They took the First Officer and a shore security guard as hostages, proceeded to the Master's cabin, stole ship's cash and escaped. No injury to crew.",keep,exclude,
265,265,2013-13,"INDONESIA: On 04 January, chemical tanker HISTRIA PRINCE boarded at 01-16S 116-49E, at the Balikpapan Port Jetty No. 5C. Four robbers approached the vessel at berth while engaged in loading operations. One of the robbers boarded by climbing the forward fire wire, stole ship's properties and escaped. The incident was reported to the local agent and the port authorities.",keep,exclude,
271,271,2013-19,"PERU: On 23 January, a tanker was boarded in the vicinity of 04-34S 081-16W, at the MBM Terminal, Talara Port. Robbers boarded the berthed vessel and escaped with ship's stores  unnoticed. Upon investigation, it was found the robbers boarded via the hawse pipe by  dismantling the anchor chain metal guard and then forced their way into the forecastle store by breaking the watertight door padlock hinge. Incident reported to the authorities.",keep,exclude,
273,273,2013-204,"IRAN: On 17 June, an underway vessel experienced a suspicious approach at 25-33N 057-23E, approximately 21 nm southwest of Bandar-e-Jask. Vessel reported being approached  by two skiffs, coming within 20-30 meters of the vessels stern. No pirate paraphernalia was sighted, but the skiffs followed the vessel for 15-20 minutes.",keep,exclude,
278,278,2013-208,"RED SEA: On 8 July, an underway bulk carrier experienced a suspicious approach at 13-10N 043-06E, approximately 11 nm southwest of Mocha, Yemen. Armed security team on  board the underway bulk carrier noticed two skiffs near the stern of the vessel, at a distance of 5-10 meters. Alarm sounded and the armed team fired warning shots, resulting in the skiffs moving away.",keep,exclude,
283,283,2012-171,"EGYPT: Product tanker was boarded on 14 May while anchored at 29:50 N - 032:31 E, Port Suez Anchorage, Egypt. Pirates boarded an anchored product tanker unnoticed, stole ship  stores and escaped unnoticed. The theft occurred during a sandstorm when the duty crewman was called into the accommodation. Port control was informed.",exclude,keep,
290,290,2012-176,"OMAN: A merchant vessel reported being fired upon at 0505Z on 06 Mar 2012 in position 1421N 05236E, approximately 212NM Southwest of Salala, Oman.",exclude,keep,
297,297,2013-21,"IVORY COAST: On 16 January, the tanker ITRI was hijacked at 03-27N 001-06W, at the Abidjan anchorage. Pirates boarded and hijacked the vessel while it was preparing to offload jet fuel at the port. The crew of 16 were held hostage and locked in a dining room while the hijackers siphoned off 5,000 tons of cargo. All crew members and the tanker were released unharmed on 22 January. After release, the vessel proceeded to Lagos port.",keep,exclude,
307,307,2013-31,"MAURITANIA: On 31 January, a refrigerated cargo ship was boarded at 20-53N 016-59W, at the Nouadhibou Port. Two robbers armed with knives boarded the anchored vessel, while six more robbers waited in their boat. Alert duty crewman spotted the robbers and raised the alarm. On hearing the alarm, the robbers jumped overboard and escaped empty-handed. Port Control contacted, but no response received.",exclude,keep,
311,311,2013-216,"NIGERIA: On 10 July, an anchored chemical tanker experienced a suspicious approach at  06-17N 003-21E, approximately 5.4nm southwest of Fairway Buoy, Lagos Anchorage.  Armed security personal onboard the anchored chemical tanker noticed a small boat with an unknown number of persons approaching. When the small boat got to within 50 meters of the vessel, the armed security team fired one warning shot causing the boat to depart the area.",exclude,keep,
313,313,2013-218,"NIGERIA: On 5 July, an anchored bulk carrier was boarded at 06-26N 003-23E, on Lagos Port Road. Three armed men were reported to have separated part of the razor wire and gained access via a rope. The bosun spotted them and alerted the duty officer by radio. The  bosun was subsequently wounded by the gunmen before other crew came to assist. The robbers escaped via speedboat. The injured crew member was hospitalized.",keep,exclude,
319,319,2013-224,"LIBYA: On 19 July, approximately twelve armed Libyan men boarded and hijacked a berthed Ro-ro vessel was hijacked at the Bengazi Port. The hijackers are holding the 19 Ukranian crew members as hostages, with demands that a ransom of $9.5 million be paid by the  ship's owner.",exclude,keep,
323,323,2012-183,ECUADOR: Four robbers armed with knives boarded a berthed container ship during formality inspection by the immigration and customs department.  Duty bosun noticed the robbers boarding the vessel from seaward side using ropes and hooks.  One of the robbers was proceeding aft towards the accommodation.  Bosun reported to master and chief officer via the walkie talkie and alarm raised.  On seeing the alert crew the robber on deck ran towards the bosun waving his knife.  All the four robbers jumped overboard and escaped with their three accomplices waiting in the boat.  Port authority informed and a coast guard boat was dispatched to search the area.,exclude,keep,
325,325,2012-185,"ALGERIA: Bulk carrier was boarded while on 29 May at berth at Port of Alger, Algeria.The duty crew at the aft mooring deck onboard a berthed bulk carrier noticed two robbers trying to open the port life raft.  He reported to the Duty Officer who raised the alarm and had the crew  mustered.  Upon seeing the alert crew, the robbers dropped the life raft into the water, jumped overboard and escaped empty handed.  The crew managed to recover the life raft and brought it back onboard the ship. Port control was later informed.",exclude,keep,
326,326,2012-186,"KENYA: Chemical tanker was boarded on 24 May while berthed at 04:02 S - 039:38 E, Berth No. 8, Mombasa Port.  A robber armed with a knife boarded a chemical tanker at berth during cargo operations.  The robber attacked the duty officer on deck rounds, injured him, stole  his personal belongings and escaped. The Master reported the incident to the port police and agent who boarded the vessel for investigation.",keep,exclude,
337,337,2013-37,"NIGERIA: On 06 February, a tug towing a barge was fired upon in vicinity of 05-10N 006-12E, along the River Forcados at the Angiama Community area of Bayelsa. Pirates ambushed the tug and barge, which was being escorted by a military vessel while transiting from Warri to Port Harcourt. Four persons, including two soldiers, a retired naval officer, and the pilot of the tug were killed during the gunfire exchange.Two additional soldiers sustained serious injuries. Three pirates were seriously wounded and reportedly died soon after escaping. The reason for the attack is unsure, as neither the tug nor barge were carrying cargo.",keep,exclude,
343,343,2013-43,"NIGERIA: On 17 February, the bulk carrier AFRICAN JOY was boarded at 06-27N 003-23E at Berth No.2, Apapa, Lagos. Robbers in a wooden boat approached the berthed vessel. One robber boarded the ship, broke into the forward store, and stole ship's stores, including four drums of paint. Duty crew noticed the robber and raised the alarm. The robber escaped with the stolen stores.",keep,exclude,
348,348,2013-229,"VIETNAM: On 21 July, the Singapore-flagged berthed product tanker KIRANA TRITYA was boarded at the Nha Be Terminal. Five robbers in a small boat approached the berthed product tanker. Two robbers armed with knives managed to board the tanker using a rope while  the remaining robbers remained in their boat. The duty able bodied seaman, on deck watch, noticed the robbers and informed the duty officer who raised the alarm. Crew mustered and approached the robbers with wooden sticks. Upon seeing the crew alertness, the robbers jumped overboard and escaped empty handed.",exclude,keep,
368,368,2013-46,"INDONESIA: On 20 February, a bulk carrier was boarded at 07-09S 112-40E in the vicinity of Gresik, Surabaya. While under pilotage and awaiting berthing, the vessel was boarded by robbers, who stole ship's stores and escaped unnoticed. Incident reported to pilot onboard, who reported it to Port Control.",keep,exclude,
378,378,2013-56,"NIGERIA: On 25 February, a passenger boat was boarded and personnel kidnapped at 04-37N 008-22E, in the Ibaka Channel, Calabar River. The vessel was attacked and boarded by approximately 20 armed pirates in two speedboats. The pirates were reported to have kidnapped one person. The vessel continued to port.",exclude,keep,
388,388,2013-246,"YEMEN: On 01 August, an underway LPG tanker experienced a suspicious approach by two skiffs in vicinity of 13-40N 042-39E, near the Jazirat Hanisha Al Kabir Island when a Yemeni-style skiff shadowed the vessel at a distance of 1 nm while another approached the  vessel at 15 knots. When the armed embarked security team displayed their weapons, the skiffs changed course and stopped their pursuit.",keep,exclude,
400,400,2012-209,"NIGERIA: Container ship awaiting berthing instructions was approached on 30 June at 02-38N 006-09E by five armed pirates in a wooden speed boat with two outboard engines. The fired upon the vessel, damaging some bridge windows and equipment. The vessel raised the alarm, activated SSAS, started the main engines and maneuvered away from the approaching boat. Non-essential crew retreated into the citadel. All crew was reported unharmed.",exclude,keep,
401,401,2012-210,"TANZANIA: Container ship boarded on 3 July at 6-50S 039-17E, at Dar Es Salaam. Robbers boarded the berthed vessel, stole ships stores and escaped unnoticed. The theft was later noticed by the duty A/B while on rounds. The incident was reported to Port Security.",keep,exclude,
407,407,2013-60,"OMAN: On 31 January, the tanker MEGACORE PANTHEA experienced a suspicious approach in the vicinity of 21-23N 059-59E, approximately 33 nm East of Ash Sharqiyah. Vessel sighted a white skiff 3 miles off the starboard quarter. Skiff was proceeding in the same direction of the vessel with speed up to 25 knots. Ship security guards and crew put on high alert. Speed increased to maximum and evasive maneuvers taken. The skiff maintained this position for 30 minutes, until suddenly altering course towards the vessel and crossed behind at a distance of 1.7 nm. Skiff maintained position on port quarter until altering to a westerly course and proceeded at high speed. A second skiff was later sighted 7 miles off the starboard quarter. No close approach was made. Photographs taken by a high-resolution camera show two men aboard the skiff wearing head gear.",keep,exclude,
422,422,2013-256,"NIGERIA: On 15 August, the Nigeria-flagged product tanker NORTE was boarded in the Gulf of Guinea. On 17 August, the vessel was reportedly chased by vessels from the Nigerian Navy; to include two Navy ships of destroyer-size, 6 gun boats, and patrol plane from the Nigerian Air Force. The Nigerian forces surrounded the tanker in the Niger Delta region. The pirates attempted to flee the tanker when night fell, but were intercepted. During the ensuing gun battle 12 pirates were killed and 4 were captured. No details on the fate of the crew were given. The tanker is presently anchored in Lagos.",exclude,keep,
427,427,2013-261,"BANGLADESH: On 15 August, a fishing trawler was hijacked, along with the kidnapping of 15 fishermen along the Meghna River. A gang of pirates attacked three trawlers in the Talia Char area. When the fishermen tried to resist the bandits, they opened fire, injuring one man. The pirates looted valuables from the trawlers and kidnapped the 15 fishermen onboard.",exclude,keep,
431,431,2013-265,"INDONESIA: On 23 August, the Philippines-flagged berthed live stock carrier BRAHMAN EXPRESS was boarded in the vicinity of 03-47N 098-42E, at the Belawan Port. Three robbers, in a motor boat, approached a berthed live stock carrier. Two robbers boarded the ship, while the other robber remained in the boat. The duty crew noticed that the robbers were  stealing ship¿s properties and reported it to the duty officer who then raised the alarm and alerted the crew. Upon seeing the crew¿s alertness, the robbers escaped with the stolen properties. The incident was reported to Belawan Port Authority, which dispatched a coast guard patrol boat to investigate.",exclude,keep,
445,445,2012-218,"MOZAMBIQUE: Robbers boarded a container vessel at berth, stole ship's stores and escaped unnoticed.  Master informed port authorities and local agent. All crew safe.",keep,exclude,
456,456,2013-75,"EGYPT: On 26 March, a berthed container ship was boarded at 31-14N 032-18E, at the Port Said West Terminal. Six robbers in a boat armed with knives came alongside. Four robbers boarded the vessel and injured an onboard security guard. The robbers stole ship's stores and transferred them into their boat. The incident was reported to the local police.",keep,exclude,
458,458,2013-77,"TANZANIA: On 24 March, the berthed container ship JPO SAGITTARIUS was boarded at 06-50S 039-17E, at the Dar es Salaam Port, Berth No. 11. A robber boarded the vessel via the forward mooring ropes. The duty A/B noticed the robber, who threatened the A/B with a long knife. The A/B then immediately ran away and reported to a shore security officer who raised alarm and informed the port control. Upon hearing the alarm and seeing the crew's alertness, the robber jumped overboard and escaped empty-handed in his boat. Shore security guards came onboard to investigate the incident.",exclude,keep,
475,475,2013-276,"INDONESIA: On 16 September, a berthed chemical tanker FEN was boarded by a single robber at position 07-09S 112-40E, Gresik Port. The robber boarded the ship while the crew was busy connecting the cargo hoses. The robber broke into the paint store and stole ship's  stores. Duty crewman noticed the robber and informed the duty officer who raised the alarm and mustered the crew. Upon hearing the alarm, the robber escaped with the stolen stores in a boat.",exclude,keep,
491,491,2012-227,"EGYPT: Bulk carrier was robbed on 21 July at 31-09N 029-48E, El Dekheila Port. Six robbers in two boats approached the berthed vesel during cargo operations. Without boarding, the robbers cut and escaped with four mooring line eyes. The vessel remained alongside and the crewmembers were able to re-moor the vessel. Port authorities were informed.",keep,exclude,
496,496,2012-232,"INDONESIA: Chemical tanker boarded on 28 July at 07-11S 112-43E, Tanjung Perak Port, Surabaya. Two robbers armed with knives boarded the berthed vessel and stole ship's property. Later, the crew found the robbers and recovered the stolen items.",exclude,keep,
509,509,2013-90,MALDIVES: Vessel SEA PIONEER reported possible mothership activity in 07-40.1N 074-14.5E.,exclude,keep,
515,515,2013-96,"INDONESIA: On 03 April, four men in a small boat approached the anchored chemical tanker IVER EXACT at 01-42N 101-25E, at the Dumai Anchorage. Upon detecting the boat, the duty officer shouted at them using loudhailer and flashed a light. The watchman blew ship's horn. The pirates fled the area.",keep,exclude,
525,525,2013-285,"GRENADA: On 6 October between 0145 and 0430, perpetrator(s) boarded sailing vessel SOULMATIE in Prickly Bay by Calabash beach. The owners were not present when the incident occurred, but found the perpetrator(s) forced open the locked companionway and stole cash and most of the loose electronics.",keep,exclude,
526,526,2013-286,"ST. VINCENT AND THE GRENADINES: On 3 October at 2040, a group of men with machetes boarded sailing vessel RAINBOW off Union Island at Frigate Island. They attacked the two people onboard; one of whom fought off the attackers. Local rescue, Coast Guard, and police were able to respond and had an ambulance waiting for their medical care.",keep,exclude,
551,551,2012-247,"INDONESIA: Tug boarded on 23 July at 01-14N 103-0 E, Singapore Strait. An unknown number of robbers boarded the vessel.",keep,exclude,
559,559,2013-99,"ECUADOR: On 14 April, a cargo ship under pilotage was boarded at 02-18S 079-55W, at Guayaquil. A group of armed robbers in a boat approached and boarded a container ship departing from the berth. The alarm was raised and the crew mustered in the accommodation area and locked all the doors. The Chief Security Officer contacted the IMB Piracy Reporting Centre and requested assistance. The Centre contacted the Ecuador Maritime Authorities and a coast guard patrol boat was sent to the location. On arrival it was found that the robbers had left the vessel. All crew safe. The vessel continued her passage under pilotage with the patrol boat.",exclude,keep,
563,563,2013-103,"INDONESIA: On 13 April, the berthed bulk carrier DENSA JAGUAR was boarded at 07-05S 112-39E, at the Surabaya Port. Three robbers in a small boat armed with long knives approached the berthed ship. Duty A/B noticed the robbers, informed the D/O and retreated into the accommodation. Alarm raised and crew mustered. Seeing the crew alertness, the robbers  escaped without stealing anything. Incident reported to port control. Deck patrols increased.",exclude,keep,
578,578,2013-299,"MOZAMBIQUE: On 15 October at 2050 local time, three robbers with knives approached a berthed container ship in a small wooden boat near position 19-49S 034-50E, Berth Number Five in Beira Port. One of the robbers boarded the ship and was noticed. The alarm was raised and the crew mustered. The robber jumped overboard with some ship stores and escaped in their boat. The port authority was informed.",keep,exclude,
582,582,2012-47,"POINT NOIRE ANCHORAGE, THE CONGO: Duty watch onboard an anchored container ship noticed wet foot prints on the deck and the padlock to the bowthruster room broken. He informed the OOW who noticed a small boat alongside the vessel near the starboard midship. OOW raised the alarm and crew mustered. Upon inspection a number of stores were found broken into and ship's stores and equipment stolen. Master contacted port control but did not receive any response.",keep,exclude,
589,589,2012-54,"GHANA:  Offshore tug boarded by four robbers on 9 February while berthed at position 04-53N 001-45W, Takoradi Port. The robbers, armed with long knives, threatened duty watchman and stole ship's stores, and escaped in a waiting canoe. No crew injuries and incident reported to port authorities. (IMB)",keep,exclude,
603,603,2012-263,"CAMEROON: LPG tanker boarded on 8 September at 04-03N 009-41E, Douala Port Facility. The ship was boarded while the shore security watch was on a break. The robbers took the deck cadet hostage, and stole ship's stores. Before escaping, they released the cadet who immediately raised the alarm. Incident reported to port control. A police team boarded to investigate the incident.",keep,exclude,
605,605,2012-265,"HAITI: Cargo ship was boarded on 21 September at 18-09N 072-01W, Port-Au-Prince. The anchored vessel was boarded by three armed robbers carrying machetes. A watchman conducting routine rounds discovered the robbers on the forecastle. The robbers attacked the watchman and injured him. The Deck Officer raised the alarm and mustered the crew. Upon hearing the alarm and seeing the crew's alertness, the robbers escaped with the stolen stores. Port authority personnel were informed and the Coast Guard arrived at the location three hours later.",exclude,keep,
615,615,2013-117,"VIETNAM: On 02 April, the cargo ship WEHR BLANKENESE was boarded in the vicinity of 10-45N 106-42E, at the Ho Chi Minh City Port. Robber's boarded the vessel, broke the padlock to the paint store, and stole 14 drums of paint.",keep,exclude,
622,622,2013-306,"DOMINICAN REPUBLIC: On 20 October, a moored LPG tanker was boarded by two robbers at position 18-24N  070-01W, Rio Haina Refidomsa. Alert duty crew noticed the robbers lowering the rescue boat engine to a waiting escape boat. Alarm sounded and the robbers immediately left the engine and escaped. The crew retrieved the engine using the line that was being used to lower it away from the ship. Further inspection revealed that several items from the rescue boat were missing. Local agent and mooring master informed.",keep,exclude,
648,648,2012-275,"INDONESIA: During security rounds in the accommodation area, duty watchman noticed an unknown person on the main deck and notified the duty officer, who raised the alarm. Upon hearing the alarm, the robbers escaped in a small timber boat. The crew was mustered and conducted a search of the vessel. Upon investigation it was found that the vessel's properties were stolen.",exclude,keep,
657,657,2013-122,"INDONESIA: On 30 April, a berthed cargo ship KOHINOOR was boarded at 03-47N  098-42E, at the Belawan Port. Robbers boarded a berthed general cargo ship while crews were involved with customs and immigration and getting the ship ready to discharge. Duty AB noticed the robbers at the poop deck and immediately report to the DO who raised alarm. On seeing alerted crew the robbers escaped with stolen ship stores.",exclude,keep,
658,658,2013-123,"INDONESIA: On 27 April, the berthed tanker FAIRCHEM MAVERICK was boarded in the vicinity of 03-47N 098-42E, at the Belawan Port. Two robbers in a boat approached and boarded the berthed tanker and broke into the tank cleaning gear locker and stole the ship's property. Duty crew noticed the robbers, raised the alarm and ran towards the robbers. On hearing the alarm, the robbers jumped overboard and escaped with the stolen items in their boat. Incident reported to the local agents.",exclude,keep,
697,697,2015-255,"INDONESIA: On 20 November, three persons in a wooden boat attempted to board a barge being towed by a tug near position 01-10N 103-40E, 2.1 nm north-northeast of Nipah Island. The Master raised the general alarm and made a PA announcement. All crew gathered on the forecastle deck. Nothing was reported stolen. Singapore authorities were informed.",exclude,keep,
701,701,2015-259,"INDONESIA: On 8 December at 1355 LT in the Belawan Anchorage near position 03-57N 098-47E, the duty watchman on routine rounds onboard an anchored chemical tanker noticed a person on the main deck. The watchman notified the watch officer who in turn raised the alarm and mustered the crew. The person escaped empty handed in a wooden motor boat along with his 3 accomplices. The incident was reported to the Port Authorities.",keep,exclude,
705,705,2016-214,"PAPUA NEW GUINEA: On 10 September, eight robbers boarded a boat and stole personal property in the vicinity of Madang, 05-02S 145-56E. Several of the passengers jumped overboard and swam ashore to Pig Island where they alerted police. Local authorities were able to locate and arrest 3 suspects.",exclude,keep,
712,712,2016-221,"INDONESIA: On 16 September, the chief engineer conducting routine rounds on a vessel anchored near  position 00-43N 104-10E, Galang, Batam, noticed the spares cabinet and lockers broken into and some items missing. The incident was reported to the authorities who boarded and inspected the vessel.",exclude,keep,
728,728,2014-172,"NIGERIA: On 23 July, armed criminals attacked an oil rig in Gbarain, in Southern Ijaw Local Government Area of the state. The gunmen approached the facility and opened fire on the  policemen, who had taken strategic positions and repelled the attempt, killing five of the  attackers. Two policemen were said to have sustained minor injuries. A spokesman stated that  the pirates had attacked the rig at Gbarain with the intention of severing the chain used to secure the gunboat in order to remove the weapons in it.",keep,exclude,
731,731,2014-149,"MALAYSIA: On 17 June, the product tanker ARSENAL and accompanying tug PAWAI reportedly went missing. The two vessels last known position was near 01-31N 104-29E, approximately 12 nm east of Bandar Penawar, Malaysia. UPDATE: Product tanker ARSENAL is unlikely to have been a victim of hijack but lost contact due to the failure of communication equipment onboard, the Singapore-based anti-piracy body ReCAAP has reported. The 1,832 dwt products tanker was carrying motor gasoline when it went missing in the South China Sea. The vessel has since made contact with the ship owner. While searching for ARSENAL, the petroleum products tanker GALUH PUSAKA was found in the South China Sea near the Natuna Islands on 18 June. The Indonesia-flagged tanker was found with its engine off, in ballast and without a crew on board. The vessel was previously manned by 12 crew members, the vessel's communication and navigation equipment was also missing.",exclude,keep,
733,733,2015-264,"INDONESIA: On 13 November 5 robbers armed with knives boarded a berthed bulk carrier during cargo operations near position 06-04S 106-51E, Berth 115, Jakarta Port. They were noticed by the crew who raised the alarm. Upon seeing the alerted crew, the robbers escaped with stolen ship's properties.`",exclude,keep,
743,743,2015-274,"TRINIDAD AND TOBAGO: On 20 December, an 80-foot sailing yacht sailing from Chaguaramas, Trinidad Island to Port Louis Grenada was boarded in the vicinity of the Hibiscus Gas Platform, approximately 30 miles north of Trinidad Island near position 11-08N 061-31W. A small fishing boat with 5 young men aboard pulled astern of the yacht. Once close to the yacht, one individual pulled out a military type assault rifle and three of the men boarded the yacht, holding the crew at gunpoint while the yacht was ransacked. The robbers were able to steal cash, electronics, passports, food and cell phones.",keep,exclude,
746,746,2015-277,"PAPUA NEW GUINEA: On 1 December, a 60-foot Sweden-flagged yacht on a circumnavigation of the world  arrived at Wewak, East Sepik Province near position 03-31S 143-37E. During the first night at anchor, the yacht was boarded by approximately 10 armed robbers who tied up the crew and then stole cash, equipment, and valuables worth over $10,000.",keep,exclude,
753,753,2016-7,"BELIZE: On 13 January near position 17-15N 088-05W, four robbers armed with guns boarded an anchored sailing yacht near Middle Long Cay. The robbers sexually assaulted a female passenger and stole cash, electronics, passports and an outboard motor.",keep,exclude,
762,762,2013-340,"INDONESIA: On 22 November, an anchored product tanker experienced a boarding near position 01-41N 101-27E, Dumai Port. The robbers boarded the ship unnoticed during cargo  operations. They stole engine spare parts and escaped. The theft was noticed during routine rounds by the duty crew.",keep,exclude,
767,767,2013-345,"INDONESIA: On 29 November, the crew of an anchored tanker near position 01-06N 103-36E, Nipah Anchorage, noticed a speedboat approaching their vessel. The crew raised the alarm resulting in the speedboat departing the area.",exclude,keep,
775,775,2014-176,"TOGO: On 25 July, a boat with eight persons aboard was seen to suspiciously approach an  anchored general cargo vessel near position 06-05N 001-16E, Lome Anchorage. Master raised the alarm, alerted crew and authorities and sounded the ship's horn. Seeing the alert crew the boat moved away. Later, a naval boat arrived for investigation.",exclude,keep,
776,776,2014-177,"RED SEA: On 23 July, A tanker underway in a narrow part of the Bab el Mandeb observed a suspicious vessel on a converging course near position 12-33N 043-27E, 5 nm  southeast of Perim Island. As this vessel closed to a distance of 1 nm, a skiff appeared from behind the suspicious vessel and approached the tanker at high speed. As the skiff closed to a distance of 0.5 nm from the tanker, the Master raised alarm, increased speed, activated fire hoses, non-essential crew mustered in a safe room and the on board armed security team showed their weapons. The skiff then altered its course parallel to the tanker and then slowly fell back. No weapons or ladders were sighted.",exclude,keep,
791,791,2015-68,"THAILAND: On 25 March, four robbers armed with knives boarded a berthed bulk carrier near position 13-17N 100-31E, Dolphin Buoy No.16, Bangkok. Crewmembers raised the alarm and mustered. Seeing the crew response, the robbers fled with stolen ship's properties.",exclude,keep,
797,797,2015-74,"HONDURAS: On 15 March, four armed pirates hijacked a rented sailboat enroute from Belize to the  Honduran island of Roatan. The pirates threatened the married couple and the boat captain with violence, and grounded the sailboat in Escondido Bay, in Jeanette Kawas National Park. The pirates ransacked the boat, damaging most of the equipment and abandoned the three people in the jungle, who lived on peanut butter, cheese and rainwater for four days until their SOS messages were discovered by people camping nearby. After their rescue, they met Honduran President Juan Orlando Hernández, who happened to be staying in the nearby town of Tela, where they were taken after the attack. He offered them a presidential helicopter ride to the nearest airport. The Honduran government also payed for the couple's flight to Mexico, where they are now recovering.",exclude,keep,
801,801,2016-17,"INDIA: On 23 January, a duty crewman onboard an LPG tanker anchored near position 17-39N  083-24E, Visakhapatnam Anchorage on routine rounds, noticed foot marks on the upper deck aft area. Alarm raised and a thorough search was made. It was reported that ship's properties were stolen from several store rooms. Port control was informed.",exclude,keep,
808,808,2016-24,"NIGERIA: On 5 February, 6 robbers boarded the Singapore-flagged container ship SAFMARINE KURAMO near position 04-02N 006-54E, 60 nm south west of Bonny River. A Nigerian Navy ship responded to the boarding causing the robbers to flee the ship.",exclude,keep,
829,829,2014-192,"SOUTH CHINA SEA: On 15 August, a Vietnamese fishing boat was reportedly boarded by persons from a Chinese vessel near the Hoang Sa (Paracel) archipelago. The fishing boat was near Phu Lam Island when a Chinese vessel appeared and chased after it. The Chinese vessel  reportedly sent two motorboats with 17 people who boarded the fishing boat. They used  hammers and batons to beat the fishermen and damage the Vietnamese vessel. Before leaving, they took away all the equipment, including a GPS system, a radio, fish detectors, and all the fish caught and fuel for the boat.",exclude,keep,
837,837,2015-76,"NIGERIA: On 10 April suspected robbers boarded a passenger boat and robbed five aides to the Deputy Speaker of the Bayelsa State House of Assembly, Chief Sam Ateki, along the waterways of Brass in Brass Local Government Area of the State.",exclude,keep,
845,845,2015-84,"HAITI: On 16 April, six armed pirates boarded the Australia-flagged sailing vessel PELIKAAN near position 19-36N 072-59W, Petit Port a Piment. The married couple aboard the yacht cooperated with the pirates, but were still violently attacked by the pirates, then robbed. The captain was tied to the rail on deck and beaten, resulting in broken bones and machete wounds. His wife was also attacked with machetes. Both were hospitalized.",keep,exclude,
851,851,2016-30,"U.S. VIRGIN ISLANDS: On 14 January, a French citizen, en route from South Carolina, USA, via the Bahamas to Guadeloupe in a sailing yacht anchored overnight on the southwest coast of St. Croix, near Limetree Bay near position 17-41N 64-45W. The following morning he was approached by a large fishing boat and boarded by 3 young men. The men threatened him and punched him in the face and then slashed his lower left leg with a machete. They forced him to go below and open his safe and bring up money. When it ""wasn¿t enough"" they shot him in the right thigh at close range, shattering his femur and severely wounding him. The victim was then left on the floor of his drifting boat when the men departed. The victim, although bleeding profusely and in severe pain, was able to maneuver his boat back into the industrial harbor alongside a tug. A tug crewmember summoned the police and ambulance. The victim was transported to the hospital where he underwent emergency surgery for his serious injuries, some 3 hours after the initial attack.",exclude,keep,
853,853,2016-32,"NIGERIA: On 11 February, a merchant vessel was boarded by up to 10 pirates near position 03-36N 005-37E, 112 nm southwest of the Bonny River. The crew was able to retreat into the citadel and was reportedly safe during the incident.",keep,exclude,
855,855,2016-34,"PHILIPPINES: On 9 February near position 07-35N 122-45E, three people, including two children, were killed by suspected pirates in an attack offshore of the province of Zamboanga Sibugay. A regional police spokesman said the incident took place around 4:20 p.m. offshore Barangay Kulisap, Payao, Zamboanga Sibugay. The spokesmen identified the victims as  Ronald Gorgonio, a fisherman, and his two sons, Philip Clyde, 12, and Reymart, 9. They died on the spot. Investigation showed the victims were on the way home coming from a fishing venture when the pirates repeatedly shot them.",keep,exclude,
857,857,2016-36,"INDIA: On 19 February near position 24-14N 072-17E about 11 NM SSE of Alang, India; robbers in 4 fishing boats approached and boarded a rig being towed by an underway tug. The tug crew noticed the robbers stealing items from the towed rig. Approximately one hour later another 2 fishing boats came alongside the rig. A tug crewman raised the alarm, sounded 5 short blasts, mustered the crew and notified the VTS and local police.",exclude,keep,
861,861,2013-365,INDONESIA: 03-55N 098-48E. On 19 December 9nm off Belawan Port robbers boarded an anchored chemical tanker unnoticed. They broke into the ship's forward stores and escaped with the ship's property. All crew safe.,exclude,keep,
864,864,2014-2,"MOROCCO: On 19 December, two robbers attempted to board a berthed bulk carrier by climbing the stern mooring rope at position 32-18N 009-14W, Safi Port. Alert duty crew noticed the robbers and informed the duty officer who raised the alarm and mustered the crew. Upon seeing the crew response, the robbers escaped in a small craft.",keep,exclude,
879,879,2014-202,"INDONESIA: On 25 August, three persons in a wooden boat approached an anchored chemical tanker position: 06-01S 106-53E, Tanjung Priok Tanker Anchorage. Alert duty crew on routine rounds noticed the boat and informed the duty officer, who raised the alarm and mustered the crew. Upon hearing the alarm and seeing the crew response, the boat moved away.",keep,exclude,
904,904,2016-43,"DR CONGO: On 9 March, a cargo ship at anchor was boarded near position 05-57S 013-03 E, Boma Port. Robbers were spotted by a duty crewman, the alarm was raised and the crew mustered. The robbers managed to escape without stealing anything.",keep,exclude,
908,908,2016-47,"VIETNAM: On 6 March, a Vietnamese fishing boat was boarded, reportedly by a Chinese crewed boat, near position 16-30N 112-00E, the Paracel Islands. The robbers boarded the boat, stole food and fuel before destroying fishing nets and departing the area. No injuries were reported.",keep,exclude,
910,910,2016-49,"INDIA: On 15 February, an unknown number of robbers boarded a berthed tanker near position 22-02N 088-06E, Haldia Oil Jetty No 1, Haldia Port. The robbers were able to steal ship's stores and escape. The robbery was noticed when the crew approached the aft stations to adjust the mooring ropes. The incident was reported to the authorities.",exclude,keep,
927,927,2014-27,LIBYA: Gunmen are threatening tankers near Hariga as part of a blockade to prevent crude oil exports from the Hariga oil terminal in eastern Libya. Ships attempting to dock at the Harigas terminal could be attacked.,keep,exclude,
928,928,2014-28,"NIGERIA: On 26 January, pirates attacked a tugboat near the Brass River crude oil export terminal in the Niger Delta, kidnapping the ship's captain and an engineer. Sources said that the  tugboat was coming from Port Harcourt in Rivers State and transiting to Brass to load petroleum at the terminal. A spokesman for Italian oil company ENI, which operates the terminal said that the boat belonged to a contractor and that no ENI workers were involved.",exclude,keep,
929,929,2014-212,"BANGLADESH:  On 18 September, twenty five robbers with knives approached an anchored vehicle carrier near position 22-12N 091-47E, Chittagong Outer Anchorage. Ten robbers, armed with knives, boarded via the stern ramp coaming brackets. The alarm was raised and the crew mustered. The robbers stole mooring ropes and escaped, with no injuries to crew. The crew reported the incident to Port Control and Coast Guard who dispatched a boat. At 0645 local time, the Coast Guard contacted vessel indicating that the suspect vessel was apprehended and mooring ropes were recovered.",exclude,keep,
937,937,2014-220,"NIGERIA: On 13 October, a gun battle between Nigerian Joint Task Force and suspected pirates left one soldier dead and another injured. The attack occurred along the Ogbia-Brass route of the Nembe waterway of Bayelsa State. The soldiers were apparently traveling to duty areas near oil facilities in the Nembe area and ran into an ongoing robbery by suspected pirates on another boat. Eyewitnesses said the pirates abandoned their robbery victims and opened fire on the commercial boat carrying the soldiers.",exclude,keep,
938,938,2014-221,"NIGERIA: On 11 October, gunmen attacked a passenger boat near Kiberi-Bio, on the Ogbia-Nembe-Brass waterways in Bayelsa East Senatorial District, leaving four persons missing. Press reports indicate that the gunmen took seized two women and two children, as well as valuables and cash.",keep,exclude,
957,957,2016-57,"VIETNAM: On 7 March, a Vietnamese fishing boat, KH 96640 TS, operating in the Paracel Island area, was reportedly rammed and sunk by a much larger ship; painted gray with Chinese characters on the prow. Five crewmembers were able to escape into a very small work boat and were rescued on the evening of 9 March.",keep,exclude,
958,958,2016-58,"BITUNG PORT, INDONESIA: At night on 22 March while conducting cargo operations in position 01-26N 125-11E, robbers broke into the safety locker of a berthed chemical tanker. They stole ships equipment and escaped unnoticed. Incident reported to owners.",exclude,keep,
967,967,2014-30,"NIGERIA: On 23 January, gunmen attacked a local ferry transiting near the coastal town of Ekeni in Southern Ijaw Local Government Area. The attack claimed the life of a local businesswoman.",exclude,keep,
968,968,2014-31,"TANZANIA: On 28 January, robbers boarded the bulk carrier SAM JAGUAR berthed at a port in Tanzania and stole several lengths of 115 meter ropes. The robbers managed to depart the vessel without being detected.",exclude,keep,
983,983,2014-226,"VIETNAM: On 11 October, three robbers boarded a moored bulk carrier near position  10-43N 106-46E, Mooring Buoys, Ho Chi Minh City. During routine rounds duty cadet noticed the paint storeroom's lock missing. Upon approaching the storeroom the cadet was confronted by three robbers and taken hostage. When he did not respond to calls from the bridge the duty officer sent a duty crewman to investigate. The cadet was found lying on the deck with a bag over his head and his hands tied up. Alarm raised and all crew mustered. The robbers had already escaped with stolen ship's stores. The cadet suffered injuries due to being beaten by the robbers.",exclude,keep,
994,994,2015-112,"INDIA: On 15 May, an unknown number of robbers boarded a berthed product tanker during cargo  operations near position 23-01N 070-13E, Kandla Port. They stole ship's property and escaped. The Duty crewman on routine rounds noticed the theft and raised the alarm. Upon investigation, it was found the robbers gained entry through the forward fire wire and escaped by opening the anchor cover. Small foot prints were visible on forecastle deck. Local agents and authorities were informed.",exclude,keep,
1050,1050,2015-128,"PANAMA: On 8 June, local authorities received a report stating that robbers had boarded the Venezuelan-flagged cargo vessel VFM ALITA near the Atlantic entrance to the Panama Canal, about 50 miles north of Panama City. The two crewmembers onboard the ship were held for approximately two hours while the thieves searched the vessel for valuables. Panama's National Air-Naval Service dispatched a coastal patrol boat to investigate the  incident. They found and detained five assailants aboard the vessel, four adults and one child.",exclude,keep,
1056,1056,2015-134,"TURKEY: On 12 June, a sailing yacht was boarded in Aktur Bay, 10 miles east of Datca. The robbers were able to steal a large amount of cash and jewelry.",exclude,keep,
1105,1105,2015-141,"FRENCH POLYNESIA: At least five sailing yachts have been boarded since the beginning of June in the port  of Uturoa, on the northern end of Raiatea Island. Various items have been stolen, including cash, valuables and electronics. Reportedly, one person was caught in the act and sprayed with mace by the yacht owner. The robber was able to escape.",keep,exclude,
1111,1111,2015-147,"KENYA: On 27 June, robbers armed with long knives boarded a tanker near position  04-02S 039-38 E, Shimanzi Oil Terminal, Mombasa. They were spotted by a duty crewman who alerted the duty officer. The duty officer raised the alarm and the crew mustered. The robbers stole mooring ropes and escaped. The incident was reported to Port Control and local agent.",keep,exclude,
1126,1126,2016-107,"NIGERIA: On 5 May, militants attacked the Okan offshore oil facility, vicinity 05-30N 005-00E, located in the Escravos Bay in the Niger Delta region. A group known as the Niger Delta Avengers has claimed responsibility for the attack. The facility has been temporarily shut down as damage is being assessed.",keep,exclude,
1128,1128,2016-109,"CHINA: On 24 April, an unauthorized person boarded a berthed bulk carrier conducting cargo operations near position 35-21N 119-32E, Rizhao Port. Duty crewman noticed the person hiding on the poop deck area and raised the alarm. Seeing the alerted crew, the person jumped overboard and escaped. Upon searching the vessel it was reported that ship's stores were stolen. Master informed the local agent of the incident.",exclude,keep,
1132,1132,2014-71,"NIGERIA: On 12 March at approximately 0130 local time, criminals boarded the tugboat SOMKE in the Nembe Local Government Area of Bayelsa, northeast of Brass and kidnapped the  vessel's captain. The kidnappers and hostage subsequently disappeared into nearby creeks.",exclude,keep,
1134,1134,2014-73,"NIGERIA: On 22 March, several armed men boarded a passenger vessel near position 04-46N 006-01E, approximately 30 nm northwest of Brass and robbed the passengers. The men were traveling in a speedboat boarded the vessel near Okpotuwari, in Bayelsa State. The gunmen reportedly stole cash and personal belongings from the victims and also disabled the vessel, leaving its occupants stranded. The passengers then swam to a nearby jetty and the authorities were contacted.",exclude,keep,
1157,1157,2015-152,"INDONESIA: On 04 July at the Belawan International Container Terminal near position 03-43N 098-42E, three robbers in a wooden boat approached a berthed container ship. The duty watchman noticed two robbers boarding the ship near the forward deck. He shouted at the robbers and alerted the crew.Seeing the alerted crew the robbers fled the area without stealing anything.",exclude,keep,
1162,1162,2015-157,"TOGO: On 14 July, near position at 06-07N 001-16E, Lome Anchorage, the deck watch of an anchored container ship noticed a wooden boat with 5 individuals and no lights circling the vessel with the intention of climbing on board. The alarm was raised, the crew mustered and all exterior lights were turned on. Seeing the crews alertness the occupants of the boat aborted their approach and moved away. No weapons were sighted. The Togo Navy was informed.",exclude,keep,
1165,1165,2015-160,"SINGAPORE STRAIT: On 25 July near position 01-04N 103-36E, persons in an unlit boat attempted to board an underway tanker. The anti-piracy crew observed the boat approaching to 20 meters. The crew flashed lights resulting in the boat aborting the attempt and moved away. The VTIS Singapore was infromed.",keep,exclude,
1176,1176,2016-119,"CHINA: On 29 April at 0020 to 0140 LT at 38-55.5N 119-13.8E, at Jingtang anchorage, duty crew onboard an anchored ore carrier noticed the diesel oil level gauges lower than normal. The diesel oil tank vents were found to be damaged with indications that oil was stolen. Incident reported to port authority. Police boarded the ship for investigation.",keep,exclude,
1177,1177,2016-120,"CHINA: On 27 March at 0610 LT vicinity 32-16N 119-25E, at Yangzhou terminal, robbers disguised as stevedores boarded bulk carrier during cargo operations and escaped with ship's property. Duty crew noticed the theft and raised the alarm. Crew mustered and a search was carried out. Incident was reported to port authority.",keep,exclude,
1192,1192,2014-92,"NIGERIA: On 21 April, an unlit small boat made a sudden course change, increased speed, and made a close pass by an LNG tanker near position 03-41N 006-18E, approximately 37 nm south of Brass. The master raised the alarm, increased speed, altered course, activated fire hoses, and had crew direct search lights toward the small boat. After 10 minutes the small boat departed the area. MRCC Lagos, Nigeria informed.",keep,exclude,
1231,1231,2016-137,"CUBA: On 27 May, robbers boarded a Canada-flagged sailing yacht anchored near Isla de la Juventud, vicinity 21-45N 082-51W. The robbers were able to steal miscellaneous deck gear and escape unnoticed.",exclude,keep,
1233,1233,2016-139,"MICRONESIA: On 15 May, two fast boats made a suspicious approach against an underway vehicle carrier near position 08-17N 150-53E, between Pisares Island and East Fayu Island. The boats initially called the vessel and asked it to stop. Master raised the alarm and increased speed. The boats continued their approach and again called the vessel and identified themselves to be Navy boats and indicated their intention to attack if the vessel did not stop. The boats continued to threaten the vessel as they approached. As the boats closed to the vessel, the Master observed each boat with a number of people. After around 20 minutes, the suspicious boats stopped the pursuit and moved away.",exclude,keep,
1249,1249,2014-288,"ST LUCIA: On 8 December, robbers boarded two sailing yachts in one night near position 13-51N 061-03W, Soufriere, St Lucia. One of the yacht master reported losing a large amount of cash as a result of the boarding.",keep,exclude,
1269,1269,2015-192,"SINGAPORE STRAIT: On 01 September near position 01-13N 103-55E, robbers boarded the tug MV Permata1 in the Singapore Strait. The bridge crew sent out a distress call, which was answered by the Republic of Singapore Navy (RSN) ship RSS Resilience.The robbers fled towards Indonesian waters at the sight of the Singapore warship. Th RSN's Information Fusion Center (IFC) shared the information of the incident and perpetrators with the Indonesian Navy's Western Fleet Sea Security Group and the Malaysian Maritime Enforcement Agency, which then deployed their naval assets to assist in the search of the robbers. Three robbers were apprehended and the stolen cargo was recovered.",keep,exclude,
1272,1272,2015-195,"INDONESIA: On 2 September near position 08-22S 117-11E, robbers boarded a sailing yacht anchored in Potopaddu Bay, Sumbawa Island. The robbers were able to steal deck equipment and other valuables and escape.",keep,exclude,
1282,1282,2016-149,"PUERTO RICO: On 20 June, robbers boarded an anchored sailing yacht in Isabel Segunda Vieques, vicinity 18-09N 065-26W. Stole an outboard motor, boat hook, and personal items. Local authorities were notified.",exclude,keep,
1284,1284,2016-151,"SAINT VINCENT AND THE GRENADINES: On 02 June, robbers boarded an anchored sailing yacht in Canouan Charlestown Bay, vicinity 12-42N 061-20W. Robbers were able to steal a substantial amount of cash.",exclude,keep,
1287,1287,2016-154,"INDIA: On 03 July at Haldia port, berth No. 4B, vicinity 22-01N 088-04W, robbers boarded a berthed bulk carrier. They entered into the engine room, stole spare parts and escaped unnoticed. The theft was noticed on 06 July after the vessel left port. Local agents were informed.",keep,exclude,
1289,1289,2014-110,"NIGERIA: On 20 April, position 3-41N 6-18E, around 37nm south of Brass. An unlit suspicious craft underway with a speed of six knots, suddenly altered course, increased speed and approached a passing LNG tanker. The master onboard the LNG tanker raised alarm, increased speed, altered course, fire hoses activated and crew directed search lights toward the craft. After around 10 minutes the suspicious craft stopped the approach and altered course. MRCC Lagos, Nigeria informed.",exclude,keep,
1291,1291,2014-112,"NIGERIA: On 4 May, three Dutch citizens and two Nigerian citizens were kidnapped near the settlement of Letugbene, a river community in Bayelsa State, position 4-51N 5-33E. The group was reportedly touring the area to promote work on a local hospital. They reportedly had local guides, but not an armed escort. Up to ten heavily armed bandits were involved in the kidnapping, utilizing several speedboats. The Nigerian citizens were later released, but the Dutch citizens are still being held.",exclude,keep,
1298,1298,2014-119,"PHILIPPINES: Two German citizens living in the Philippines were reportedly kidnapped in late April from their sailing yacht CATHERINE near Palawan Island while on an island-hopping trip, according to police and press reports. They are reportedly being held by members of the Abu Sayyaf Group, along with two other Europeans taken by the group in 2012.",exclude,keep,
1299,1299,2014-120,"DOMINICA:  On 3 May, two men boarded a 43 foot sailing yacht moored south of Roseau and assaulted the owner and passenger onboard. One of the robbers attacked the boat owner  while the other attempted to assault the passenger, who used mace on her attacker. At that point, the robbers fled the boat. The crew of the yacht untied from the mooring point in the harbor and departed the area after attempting to contact local authorities, who did not respond.",keep,exclude,
1302,1302,2015-1,"NIGERIA: On 5 January, unidentified gunmen attacked a house boat belonging to Nigeria¿s Joint Task Force near Kula community in Akuku Toru local government area of Rivers state. The attackers kidnapped a Sergeant and stole weapons and ammunition.",exclude,keep,
1303,1303,2015-2,"NIGERIA: On 27 December, Nigerian naval personnel rescued the captain and chief engineer of MT  EQUINOX, a Panamanian-flagged tanker, after they were kidnapped and held for ransom for more than two weeks in a hotel in Warri, Delta State. The ship¿s captain is reportedly Romanian, while the nationality of the engineer is unknown. Of note, a German and a Belgian employee of a local oil company were arrested for perpetrating the crime.",keep,exclude,
1321,1321,2015-203,"PHILIPPINES: On 18 September, an unknown number of robbers boarded a berthed product tanker near  position 13-40N 121-03E, JG Summit Petrochemical Group Jetty No. 1, Batangas. The robbers boarded unnoticed, stole ship's properties and escaped. The theft was reported by a duty crewman on rounds who found the forward mooring rope cut and ship's properties missing.",exclude,keep,
1326,1326,2015-208,"NIGERIA: On 22 September, a small boat came alongside an anchored product tanker near position 006-16N 003-13E, 14.8 nm south-southwest of Lagos. The persons onboard pretended to be cargo inspectors and produced a fake letter of authorization purportedly signed by the Master of the vessel. Seeing the fraudulent document, and suspecting an attempt to board the vessel illegally, the Master contacted a nearby naval security boat, which responded and detained the suspects.",exclude,keep,
1334,1334,2016-162,"CONGO: On 17 July at 0245LT in 04-47.0S 011-47.9E, at pointe noire anchorage, a robber boarded an anchored pipe laying barge. Duty crew on routine rounds noticed the robber and informed the bridge. Alarm raised and crew mustered. Seeing the crew alertness, the robber jumped overboard and escaped. Incident reported to port control.",keep,exclude,
1365,1365,2015-21,"HONDURAS: On 1 February, three armed men boarded an underway sailing boat approximately 15 nm  offshore of Puerto Cortez. The men initially approached the sailing boat and asked for gasoline, then quickly boarded the boat. They stole the boat's outboard motor, a computer, several cell phones, along with cash and jewelry. The robbers were reportedly calm and unhurried while carrying out their operation. No reports of injuries to the occupants of the sailing boat or damage done to the boat while the robbery took place.",exclude,keep,
1386,1386,2016-176,"GHANA: On 28 July at 0350Z, vessel attacked in 04-54N 001-41E.",exclude,keep,
1388,1388,2016-178,"GHANA: On 26 July at 0338 LT vicinity 04-57N 001-42W, at Sekondi naval berth in Takoradi, a robber armed with a knife in a small boat boarded a berthed tug. The deck crew noticed the robber and raised the alarm. Seeing the approaching crew, the robber escaped. Search was conducted and ship's property reported stolen. Port control informed.",keep,exclude,
1390,1390,2016-180,"GRENADA: On 30 July, two men, one armed with a gun, attempted to kidnap two persons and use their sailing yacht to get to Puerto Rico. During the course of the kidnapping, the sailing yacht grounded on a reef, at which point the armed man took the man¿s wife and left the yacht while the husband was supposed to work to free the yacht. A short time later the group returned to the yacht, but the presence of other yachters assisting the husband deterred the gunman from proceeding with his plan and he left the area. Police were notified and they are investigating.",exclude,keep,
1392,1392,2016-182,"NIGERIA: On 5 August, four robbers armed with long knives boarded a berthed product tanker near position 06-26N 003-25E, Folawiyo Nispan Jetty, Apapa, Lagos. They took hostage the duty pump man and threatened him with their knives. The robbers put two hoses into the forward tank dome and commenced stealing the cargo. Once their boat was full, the robbers released the pump man and escaped. Alarm raised and a search was carried  out.",exclude,keep,
1410,1410,2015-28,"INDONESIA: On 14 February, ten robbers armed with knives boarded a berthed bulk carrier near position 03-47N 098-41E, Berth 107, Belawan Port. When the duty crewman spotted the robbers, the alarm was raised and the robbers fled with cargo from the ship. Local authorities later boarded the vessel for an inspection.",keep,exclude,
1429,1429,2015-234,"FRENCH POLYNESIA: On 16 October, an unknown number of robbers boarded an anchored sailing yacht near position 17-29S 149-50W in Maharepa, Moorea. The robbers broke into several cabins on the yacht, stealing personal electronics, navigational equipment and other items.",keep,exclude,
1440,1440,2016-193,"NIGERIA: On 18 August, six fishermen were kidnapped from the Ibeno area of Akwa Ibom State, vicinity 04-34N 007-59E . A large ransom was reportedly made for their release.",keep,exclude,
1464,1464,2015-39,"NIGERIA: On 3 March, eight robbers boarded a berthed reefer ship near position 06-27N 003-22 E,  Apapa Berth No.9, Lagos. Ship's security watch spotted the robbers and raised the alarm. Seeing the crew's alertness, the robbers escaped empty-handed.",exclude,keep,
1465,1465,2015-40,"INDONESIA: On 3 March, six robbers attempted to board an anchored cargo ship near position 01-08N  103-55 E, vicinity of Cape Uncang, Batam Island. The robbers were spotted by an Indonesian Navy patrol boat and quickly apprehended. They were carrying two long knives and tools.",keep,exclude,
1467,1467,2015-42,"ST VINCENT AND THE GRENADINES: On 6 March, robbers boarded an anchored sailing vessel through an open window. The robbers rummaged thru a money clip and purse and took $400 in cash while the crew slept unaware on a windy, noisy night. The incident was reported to the local police. The incident occurred at the Tamarind Hotel, Canouan, Charlestown Bay.",exclude,keep,
1470,1470,2015-45,"VENEZUELA: On 7 March, robbers boarded three weekend motor boats in the Morrocoy National Park. The robbers reportedly spent seven hours ransacking all three boats, stealing all the belongings and valuables of the three families. They departed the area by then stealing one of the motor boats.",exclude,keep,
1478,1478,2015-239,"PAPUA NEW GUINEA: On 18 October, two robbers boarded an anchored sailing yacht near position  04-11N 144-53E, Hansa Bay in Madang Province. The robbers attacked the boat owner with machetes. Both robbers were eventually thrown overboard and escaped without stealing anything. The boat owner required 16 stitches to close his wounds.",keep,exclude,
1489,1489,2016-200,"BANGLADESH: On 25 August, suspected pirates abducted a fisherman in the Meghna River at Manpura  Upazila in Bhola district, vicinity 22-21N 091-12E. Initially, the pirates opened fire at the fishermen who tried to resist them. Frightened, five fishermen jumped into the Meghna River. The gang then looted fishing nets and fish along with the trawler and abducted the fisherman.",exclude,keep,
1490,1490,2016-201,"BANGLADESH: On 25 August, a gang of pirates kidnapped four fishermen for not paying a toll in the  Meghna river adjacent to Char Abdullahpur in Ramgati upazila of Lakshmipur, vicinity 22-34N 090--59E. When the fishermen refused to pay, the bandits attacked them, injuring several of the fishermen. They then picked up four fishermen and fled the scene. The kidnappers demanded a huge amount of money as ransom from the family members of the four fishermen.",exclude,keep,
1499,1499,2016-210,"INDONESIA: On 14 September, five robbers wearing masks and armed with long knives boarded a berthed bulk carrier during cargo operations near position 01-44N 101-23E, Dumai Anchorage. Two crewmen who entered the engine store room were taken hostage, robbed and tied up by the robbers, who later escaped with stolen spare parts. The crewmen untied themselves and raised the alarm. A search was carried out. Local  agents and port security informed.",keep,exclude,
1503,1503,2017-8,"NICARAGUA: On 20 December, a sailing vessel was boarded while anchored in Media Luna Cay. The  boarding occurred after 13 pangas carrying up to 60 men tried to push the sailing vessel onto a reef where two other wrecks were seen. The apparent leader of the group demanded to search the vessel for cocaine. Finding none, the group ransacked the vessel when 25 men boarded the vessel and helped themselves to fuel, food, cash, cellphones, fishing gear, clothing, marine electronics and anything else they could remove. The crew protested when the robbers took gear necessary to continue their journey and in a few cases it was reluctantly returned by the leader. The mob eventually left the vessel, which then continued to Belize and reported the incident to local authorities.",keep,exclude,
1507,1507,2019-22,"MOROCCO: On 1 April, a duty officer onboard a bulk carrier berthed near position  33-36N 007-37W, Berth T36, Casablanca Port, heard noises from the boat deck. As he approached the area, he noticed the life raft cover was opened and two robbers stealing the equipment. Seeing the duty officer, the robbers jumped overboard and escaped. Incident reported to the port authority. Subsequently, the harbor master and port police and PSC inspector boarded the vessel to investigate. (IMB)",keep,exclude,
1516,1516,2019-31,"LIBYA: On 26 March, a group of 108 migrants hijacked the Palau-flagged tanker M/T EL HIBLU 1 near Tripoli. The ship arrived in Malta¿s territorial waters on 28 March, where it was boarded by Armed Forces of Malta personnel who took control of the ship. (www.timesofmalta.com; www.fleetmon.com)",exclude,keep,
1521,1521,2017-79,"INDONESIA: On 19 March, duty crewman on routine rounds onboard a tanker anchored near position  01-42N 101-28E: 0.8 nm off Pulat Rupat, Dumai, noticed one person attempting to climb onboard by using a hook attached to a bamboo stick. The duty crewman informed the duty officer who raised alarm. Seeing the alerted crew, the intruders aborted and moved away.",exclude,keep,
1530,1530,2017-54,"SRI LANKA: On 24 February, four Tamil Nadu fishermen suffered serious injuries after they were attacked, allegedly by Sri Lankan fishermen, near Kodiyakarai, in vicinity 10-16N 079-49E. The Sri Lankan fishermen first threatened them with hand guns and attacked them with knives, a spokesman for the Pamban Country Boat Association stated.",exclude,keep,
1531,1531,2017-55,"PHILIPPINES: On 22 February, bulk carrier DONG HAE STAR was enroute Indonesia when two black  speedboats with five individuals aboard each boat pursued them near Pearl Bank off Taganak Island, Tawi-Tawi, in vicinity 06-05N 118-19E. A spokesperson for the Western Mindanao Command (Westmincom), said the crew of merchant vessel immediately sent a distress call to the Littoral Monitoring Station of Philippine Navy in Bongao. The spokesperson said patrol boats of the Naval Forces Western Mindanao patrolling the area immediately responded and launched a pursuit. DONG HAE STAR reported that the suspicious speedboats quickly disengaged from chasing the vessel after sighting the responding navy ships.",exclude,keep,
1532,1532,2017-56,NIGERIA: Vessel attacked in 04-41N 007-09E on 07 March at 0620Z.,keep,exclude,
1533,1533,2017-57,"PHILIPPINES: On 05 March, a skiff with six persons onboard approached and followed general cargo ship PHU AN 268 for approximately 1.5 hours. The skiff initially started following the ship near position 06-20N 118-08E, 4.43 nm northeast of Lihiman Island.  Master raised the alarm, increased speed and activated fire hoses. Incident reported to Malaysian authorities. A patrol vessel rendezvoused with the vessel and escorted her to Sandakan port. All crew safe.",keep,exclude,
1534,1534,2017-62,"PUERTO RICO: On 2 March, robbers stole a dinghy and outboard motor from a sailing yacht anchored in  Sun Bay, Vieques, vicinity 18-05.7N 068-27.3W. The dinghy was recovered later that day, minus the motor and fuel tank.",exclude,keep,
1540,1540,2017-15,"YEMEN: On 30 January at 1220Z, in the Southern Red Sea a warship was attacked in 14-49.1N 042-21.8E. The attack resulted in an explosion. The Houthis used three suicide boats, one of which was successful in striking the rear of the Saudi warship and blew up. The resulting explosion caused the death of two Saudi sailors and injuries to three others.",keep,exclude,
1546,1546,2017-21,"HONDURAS: On 13 January, a US-flagged sailing yacht transiting from Puerto Cortez to Roatan was  boarded approximately 5 miles off the coast after anchoring in rough weather. Eight armed men boarded the yacht and ransacked it, stealing electronics, a wall mounted TV, dinghy and outboard motor, cash, alcohol, dive gear, and passports. Incident reported to Honduran Coast Guard and local authorities.",exclude,keep,
1555,1555,2019-33,"PAPUA NEW GUINEA: On 10 March, pirates attacked a passenger boat in Astrolabe Bay. The robbers looted the boat, stole supplies, cash, and personal effects from the 13 passengers. The pirates also forced the male passengers to jump into the sea. (www.thenational.com.pg)",exclude,keep,
1558,1558,2019-36,"NIGERIA: On 8 March, two skiffs with 4 persons on each skiff approached a merchant tanker near position 03-14N 006-27E, approximately 80 nm southwest of Bonny Island. The skiffs closed to within 2 cables. Tanker commenced evasive  maneuvering and the skiffs withdrew. (MDAT-GoG)",exclude,keep,
1559,1559,2017-349,BANGLADESH: On 16 December robbers boarded a barge under tow in 21-14.7N 091-47.5E. Robbers escaped with stolen property.,exclude,keep,
1564,1564,2018-137,"INDONESIA:  On 30 May, an unknown number of robbers boarded a Netherlands-flagged heavy load carrier anchored near position 01:06N - 104:11E, 16 nm northeast of Tanjung Berakit, Pulau Bintan. The ship¿s boatswain discovered the padlock of the paint store was broken and the door left open. Further investigation revealed that the padlocks of the garbage room, oxygen locker, acetylene locker and the bunker station were also broken and the doors were left open. Nothing was missing. (www.pviltd.com)",keep,exclude,
1567,1567,2018-140,"NIGERIA:  On 3 July, the duty officer onboard a tug near position 01:49N - 003:12E, 220 nm southwest of Bayelsa state, noticed a fishing boat lowering a long skiff into the water. The skiff with four to five persons onboard started approaching the tug and closed to a distance of 0.5 nm. Master raised the alarm, increased speed and headed into the swell. Several attempts were made by the skiff to get closer to the tug, but failed due to the rough weather. After following the tug for over five hours, the skiff moved away. (IMB; www.pviltd.com)",exclude,keep,
1568,1568,2018-141,"RED SEA:  On 11 July, a merchant vessel transiting near position 13:22N - 042:45E, 15 nm south of the Hanish Islands, reported that a group of skiffs approached the vessel. One skiff approached the vessel to within 0.2 nm. The embarked security team showed their weapons and the skiff departed. A ladder was reportedly sighted. (UKMTO)",keep,exclude,
1569,1569,2018-142,"MALAYSIA:  On 10 July, robbers boarded a tanker berthed near position 05:48N - 118:03E, Sandakan Port, Sabah, stole ships properties and escaped unseen. The theft was noticed by the duty crew on routine rounds. Incident reported to the local agent who informed the port police. Local police boarded the tanker for investigation. (IMB; www.pviltd.com)",exclude,keep,
1582,1582,2016-250,"FIJI: On 9 October, a small dinghy and outboard motor were stolen from a sailing yacht anchored in Saweni Bay, vicinity 17-38.7S 177-23.6E.",keep,exclude,
1591,1591,2016-239,"INDONESIA: On 7 October at approximately 4:45 am, a Customs and Excise Office patrol vessel was  attacked by a mob in Tanjung Jumpul waters off Asahan regency, North Sumatra, vicinity 02-52.6N 100-07.6E. The four officials reported injuries after the mob threw Molotov cocktails and firecrackers at the patrol vessel when they attempted to inspect a boat suspected of smuggling.",exclude,keep,
1609,1609,2016-258,"SOMALIA: On 22 October at 0955LT in 04-28.1N 053-22.2E, vessel was approached by a speed boat with six persons on board. Warning shots were fired from the vessel when boat got too. Speed boat returned fire and departed from the vessel.",keep,exclude,
1616,1616,2017-115,"RED SEA: On 16 April at 1022Z, a vessel was approached in 12-49.1N 043-16.0E. Three blue skiffs with five persons in each approached the underway container vessel. Master raised the alarm, non-essential crew retreated into the citadel and the armed security team showed their weapons. When skiffs were one mile from the vessel, the security team fired a rocket flare. The skiffs aborted after seeing the flare. At 1035Z, another skiff approached only to be turned away by another rocket flare from the security team. At 1050Z, two more skiffs approached the vessel. Security team showed their weapons and the skiff aborted the approach. All crew reported safe. Ship continued her passage.",keep,exclude,
1617,1617,2017-25,"PANAMA: On 28 January, items were stolen an anchored unlocked catamaran in San Blas. The thieves took a wallet and cellphones from the salon chart table and left two sets of muddy footprints.  A report was made to the local police and to a weather report network.",keep,exclude,
1624,1624,2017-32,"NIGERIA: On 05 February at 1024Z, a vessel was attacked in 03-58.6N 005-28.6E. The general cargo ship BBC CARIBBEAN was attacked by pirates at position at the Pennington Oil Terminal, off of Bayelsa. Eight crewmen, seven Russians and one Ukrainian, were kidnapped off the vessel by pirates armed with automatic weapons.  UPDATE: On 06 March, seven Russian sailors and one Ukrainian national, who were kidnapped last month off the coast of Nigeria, have been freed, a spokesman for the Nigerian Navy said during a press conference.",keep,exclude,
1633,1633,2017-181,"GULF OF ADEN: On 28 June at 0800Z, five skiffs with four or five persons on board each, approached a vessel in 12-28N 043-44E. The skiffs approached to 0.5 NM before retreating.",keep,exclude,
1638,1638,2017-186,"SAINT VINCENT AND THE GRENADINES: On 24 May, a dinghy and outboard motor were stolen from a sailing yacht anchored in Wallilabou, in vicinity 13-16N 061-16W.",exclude,keep,
1640,1640,2017-188,"INDONESIA: On 21 June, while carrying out pre-departure checks a duty crewman noticed wet footsteps on the poop deck of a cargo ship anchored near position 01-04N 104-08E, Jetty No. 3, CPO Kabil Port, Batam. Upon carrying out further checks he noticed the padlocks to the steering gear and engine rooms were removed and engine spares were missing. Alarm was raised, crew was mustered and a search of the ship was carried out. The  incident was reported to port authorities and local agents. No intruders were found on board.",exclude,keep,
1646,1646,2019-46,"TOGO: On 12 May, armed persons boarded and hijacked an anchored chemical tanker near position 06-00N 001-16E, Lome Anchorage. The Togo Navy received a call from the owners that their tanker had been attacked and immediately responded by dispatching patrol boats to investigate. The tanker was intercepted 25 nm from the anchorage  area and forced to return to Lomé Port. The crew were reported safe and the armed persons were captured and handed over to the authorities. (IMB; www.pviltd.com)",exclude,keep,
1650,1650,2019-50,"ECUADOR: On 3 May, two speed boats with five persons in each boat approached a bulk carrier underway near position 00-08S 081-19W, 52 nm west-northwest of Cabo Pasado. Alarm was raised and crew was mustered. Vessel increased speed, commenced evasive maneuvers and started spraying the boats with charged fire hoses, resulting in the  boats moving away. Crew and vessel reported safe. (IMB)",keep,exclude,
1651,1651,2019-51,"PANAMA: On 2 May, three armed robbers boarded the New Zealand-flagged yacht, AQUA LOBO, anchored near position 09-16N 078-07W, 1.9 nm east-northeast of San Ignacio De Tupile. The captain, a New Zealand national, died of wounds received during the attack, and other family members were injured. Three suspects were taken into custody in the Colon jurisdiction. (IMB; www.tvnz.co.nz; www.safetyandsecuritynet.org; www.noonsite.com)",keep,exclude,
1657,1657,2017-201,"YEMEN: On 29 July between 1630Z and 1830Z, a vessel was approached three instances in vicinity 14-16N 051-08E. The vessel was approached by one skiff from the starboard side. The vessel fired a warning shot and the skiff turned away.",exclude,keep,
1658,1658,2017-202,"LIBERIA: On 21 July, a suspicious man was sighted on the poop deck of a merchant tanker anchored near position 06-21N 010-52W, Monrovia Anchorage. Vessel raised the alarm, crew members conducted a search but nothing was reported stolen. No injuries reported.",keep,exclude,
1677,1677,2017-154,"GULF OF OMAN: On 07 May, duty officer onboard a bulk carrier underway near position 25-32N 057-33E,  12 nm southwest of Bandar E Jask, Iran, noticed three skiffs approaching the vessel. At the same time a vessel suspected to be the mother vessel was seen astern at a distance of 2 nm. As the skiffs closed, the crew observed the persons in the boat holding ladders. Alarm raised, speed increased, evasive maneuvers commenced and Ras al Khor Port contacted, who informed the Iranian Navy. As the bulk carrier changed course the skiffs and the suspected mother vessel followed. After around 20 minutes the Iranian Navy called the bulk carrier to alter course at which point the skiffs aborted and moved away. All crew is safe.",exclude,keep,
1681,1681,2017-158,"NIGERIA: On 16 May, Warri gunmen kidnapped four Itsekiri community leaders and four officials of Elcrest, a Nigerian Petroleum Development Company, along the Benin River, Warri North Local Government Area of Delta State, in vicinity 05-45N 005-03. The victims were on their way to Warri after an engagement when the boat in which they were traveling was hijacked by gunmen who fired several gunshots before whisking them away.",exclude,keep,
1682,1682,2017-159,"NIGERIA: On 12 May, crew of a tanker underway near position 03-58N 007-33E, Yoho Anchorage, noticed two skiffs with around nine persons approaching in suspicious way. Alarm raised and crew was mustered. One skiff closed to a distance of three meters and seeing the alerted crew moved away.",exclude,keep,
1686,1686,2018-37,"HONDURAS: On 18 January, a sailing yacht bound for Panama was approached suspiciously by a fishing boat. Near the Gordo Bank in 16-36N 082-17W, they observed a small fishing boat on an intersecting course. They altered course 90 degrees and noticed the small boat continued to attempt to follow. Listening to VHF they heard a discussion in Spanish about stealing a dingy and no other vessels were in the vicinity. The crew hailed a merchant vessel located about 15 nautical miles away, and one of the small fishing boats made a false response, attempting to impersonate the merchant vessel. A private VHF DSC call was made to the merchant ship. Radar indicated that the small boats were unable to close the gap into difficult sea and wind conditions, and had fallen further out of range as it became dark. The yacht continued without lights or AIS. The next day VHF traffic in Spanish was overheard discussing ¿keeping a lookout for a white sailboat that got away last night¿. The yacht continued to Providencia without further incident.",exclude,keep,
1698,1698,2017-234,"YEMEN: On 26 September at 0700Z, in 12-08N 044-15E, a vessel reported sighting five skiffs with four persons on board. One skiff came within one cable of the vessel. Armed guards aboard the vessel showed weapons and the skiff changed direction.",keep,exclude,
1700,1700,2017-236,"YEMEN: On 22 September at 0721Z, a vessel reported a suspicious approach in 12-37N 047-28E. The vessel was approached by a skiff with three persons on board.",exclude,keep,
1713,1713,2018-103,"ST. LUCIA: Between 11 and 13 March, three dinghies and outboard motors were stolen from separate sailing yachts anchored in Rodney Bay, in vicinity 14-05N 060-58W. The dinghies were recovered but the motors were not.",keep,exclude,
1718,1718,2018-108,"NIGERIA: On 16 March, armed guards onboard an anchored product tanker noticed three unauthorized persons on board the vessel and fired a warning shot. the ship was anchored near position 06-17N 003-25E, 13.5 nm south-southeast of Lagos. One person managed to escape in a small boat while the remaining two were captured and handed over to the Nigerian Navy.",exclude,keep,
1736,1736,2017-345,"BANGLADESH: On 05 December, robbers boarded a barge under tow near 21-52N 091-45E, 4.47 nm west of Kutubdia Island. The robbers were able steal barge properties and escape. No injury to crews. Incident reported to the authorities.",keep,exclude,
1740,1740,2018-111,"SIERRA LEONE: On 29 March, a merchant vessel reported a suspicious approach near 07-04N 014-02W, 95 nm southwest of Freetown. A large fishing vessel transmitting AIS approached the vessel and two small skiffs were released from the fishing vessel and approached the vessel at high speed.  The merchant vessel used evasive maneuvers and the skiffs moved away.",exclude,keep,
1741,1741,2018-112,"NIGERIA: On 28 March, two robbers boarded a berthed tanker near position 06-27N 003-24E, MRS Terminal, Alpha Jetty, Lagos. Duty watchman on routine rounds spotted the robbers trying to hide near a forward cargo tank dome with a flexible hose. Duty officer notified, alarm raised and crew mustered. Upon hearing the alarm and seeing the crew's alertness, the robbers escaped. Two skiffs with eight robbers were seen moving away from the tanker. The Terminal Watchman and Jetty Duty Officer immediately boarded and searched the tanker. Nothing reported stolen.",exclude,keep,
1742,1742,2018-113,"RED SEA: On 03 April, suspected Houthi rebels attacked a Saudi oil tanker, near position 14-29N 042-11E, causing ""minor damage."" The oil tanker has been identified as the Saudi Arabia-flagged ABQAIQ, a 300,000 dwt Very Large Crude Carrier, capable of carrying 2 million barrels of crude. A coalition statement says the attack occurred in international  waters near the Red Sea port of Hodeida. It did not provide further details on the weapon used or the extent of the damage. The coalition says a naval ship belonging to a member country rapidly intervened, without giving further details.",exclude,keep,
1745,1745,2016-264,"NIGERIA: On 05 November, Nigerian authorities were alerted to a possible pirate attack against bulk carrier COLUMBIA RIVER, in the Lagos Outer Anchorage, vicinity 06-20N 003-23E. The Nigerian Navy sent a ship, NNS KARADUWA, to investigate. They found 16 men, 15 Nigerians, and one Liberian who had stowed away aboard the ship, bound for the US. The stowaways are in custody and will be handed over to the Nigerian Immigration Service for further action.",keep,exclude,
1749,1749,2016-268,"MALAYSIA: On 05 November, at about 11:45 local time, an Indonesian fishing boat captain was kidnapped by the same group that attacked another fishing boat at 11:00 in the same area as the above incident in Kertam waters some 15 nautical miles from the Kinabatangan river. The gunmen, three of whom were in fatigues and two in civilian clothes, made off with all communication equipment, including GPS system from the fishing vessel. It is believed that the gunmen are based in one of the Tawi-Tawi islands and are not directly linked to the Abu Sayyaf kidnap for ransom group.",exclude,keep,
1750,1750,2016-269,"VIETNAM: On 01 November, a Vietnam-flagged fishing boat was chased and hit by a Chinese ship and two smaller boats seven nautical miles north of Woody Island. The captain claimed ten Chinese crewmen jumped onto the Vietnamese boat and attacked the fishermen. They also smashed glass doors and the compass, cut anchor lines and caused damage to other boat equipment. They then stole nearly five tons of fish, rice and other items.",exclude,keep,
1753,1753,2016-272,"GUYANA: On 07 November at 0500 LT at Berbice port, vicinity 06-18N 057-32W, duty officer aboard a berthed cargo vessel noticed a robber attempting to board the vessel form the stern with a hook. Crew confronted the robber and threatened to call police. Robber aborted the attempt. No injury to crew and nothing reported stolen.",exclude,keep,
1760,1760,2016-230,"YEMEN: On 1 October at approximately 0100Z, Houthi fighters fired a possible missile at a civilian logistics ship, an Australian-built HSV-2 SWIFT logistics catamaran, near the Bab el Mandab Strait off Yemen's southern coast, vicinity 12-33.9N 043-32.9E. The vessel is being leased to the United Arab Emirates military from the UAE Marine Dredging Company. The civilian passengers were rescued. No crewmembers were hurt. Extensive damage to the vessel has been reported.",exclude,keep,
1761,1761,2016-231,"BANGLADESH: On 4 October, Pirates kidnapped 32 fishermen from two fishing trawlers-FV MA BABAR  DOA and FV NASIMA located on the Meghna River in Noakhali, vicinity 22-21.9N 091-11.04. The pirates also looted fishing nets and the catch from both vessels. Later, 20 of the fishermen were freed, leaving 12 still in custody.",exclude,keep,
1763,1763,2016-233,"BANGLADESH: On 1 October, pirates of Alauddin Bahini opened fire at a vessel carrying Hilsha fish on the Meghna River, vicinity 22-21.9N 091-11.4E, killing one and injuring six.",keep,exclude,
1765,1765,2017-97,"SAINT VINCENT AND THE GRENADINES: On 26 March, a dinghy and small outboard motor were stolen from a yacht anchored in Saline Bay, in vicinity 12-38N 061-24W. Report made to local area authorities.",keep,exclude,
1776,1776,2017-269,"GULF OF ADEN: On 15 October, an Iranian fishing boat captain reported that his boat had broken down and  he had sighted two approaching fast boats. No further communication was received from the boat and its location is unknown. The boat had 20 crew onboard whose situation is unknown.",keep,exclude,
1779,1779,2017-272,"PHILIPPINES: On 14 October, armed men abducted five crewmen from F/V DANVIL 9 in the port of  Poblacion on Pangutaran Island, in vicinity 06-19N 120-32E. A spokesman said the probable Abu Sayyaf captors were aboard two motorized bancas and immediately left the area after taking the victims.  UPDATE: On 17 November, the Philippine military rescued 5 kidnapped Filipino fishing crew members on the remote southern province of Tawi-Tawi, officials said. The fishermen, all from Pagadian City in Zamboanga del Sur province were recovered on Languyan Island. The men were crew members of the fishing boat DANVIL 9, kidnapped by the Abu Sayyaf on October 14 off Pangutaran Island in the Sulu Sea.",exclude,keep,
1785,1785,2016-289,"MADAGASCAR: On 30 October, three robbers boarded S/V EUTIKIA, anchored in vicinity 15-43S 046-18E, Mahajanga anchorage. The robbers threatened the crew with knives and forced them inside the boat. They then stole money, cameras, video cameras, cell phones, a laptop computer and many personal items. Local police were informed.",exclude,keep,
1797,1797,2017-348,OMAN: On 12 December M/V Grand Ace 11 was approached by a skiff in 24-57N 057-42E.,exclude,keep,
1802,1802,2017-36,"RED SEA: On 23 December at 1905Z, a vessel reported being approached by three skiffs in 15-45.7N 041-18.1E. The closest the skiff got was 100 meters. The vessel security team fired warning shots. Crew mustered in the citadel while the vessel took evasive action.",keep,exclude,
1803,1803,2017-37,"RED SEA: On 22 December at 1025Z, a vessel reported being approached by two high speed boats with five people in each boat. The vessel sounded the alarm, increased speed and activated hoses. The security team showed their weapons to the boats who then altered their course and moved away.",exclude,keep,
1810,1810,2018-6,"BANGLADESH: On 31 December, robbers boarded a barge under tow in vicinity 21-49N 091-34E,  and stole barge's properties. All crew safe.",exclude,keep,
1814,1814,2019-1,"(U) MEXICO: On 9 January, a ship from an environmental NGO was conducting a patrol in the Vaquita Refuge in the Upper Gulf of California, and had recovered three illegal gillnets that morning. In the early afternoon, the crew noticed approximately 35 skiffs operating inside the refuge. At this point, one of the skiffs began circling the NGO vessel which  was soon joined by the remainder of other skiffs. The NGO vessel was ambushed and overwhelmed by more than 35 skiffs, many containing gillnets. The poachers attacked by hurling lead weights, anchors, trash, dead fish and even Tabasco sauce at the vessel and its wheelhouse windows in addition to threatening ship's crew with Molotov cocktails, spraying gasoline at the ship and pouring gas in the sea around the vessel. Poachers then dropped an illegal gillnet in front of the bow of the moving vessel in an attempt to foul the ship's propellers. Five poachers then boarded the ship and looted items from the vessel's deck while it was temporarily immobilized. Mexican Navy sailors and Gendarmeria stationed onboard the vessel were under strict orders not to fire. The captain of the vessel managed to restart the engines after the propeller fouling and headed to the Port of San Felipe where the ship was met by the regional Navy Commander and reinforcements. (www.marketwatch.com)",exclude,keep,
1816,1816,2019-3,"(U) REPUBLIC OF THE CONGO: On 7 January, 12 seafarers, who were kidnapped from the Panama-flagged tanker ANUKET AMBER and the Singapore-flagged anchor handling and supply vessel ARK TZE in October 2018 off the countrys coast, have been released and are all safe. The managers of the vessels confirmed their releases in an official  statement. (www.safety4sea.com)",exclude,keep,
1819,1819,2017-85,"INDONESIA: On 26 March at 1254Z, an underway tanker was approached by two speed boats with two persons in each boat. Vessel took evasive action, sounded the horn and directed signal lamp towards boats. At a distance of 15 meters from the tanker, the speed boats aborted and moved away.",keep,exclude,
1820,1820,2017-86,"SOMALIA: On 24 March, possible mothership operations in area within 300 miles of 07-58N 049-53E have been reported.",exclude,keep,
1821,1821,2017-266,"GULF OF ADEN: On 07 October, a merchant vessel reported a suspicious approach by four dark-hulled skiffs with 4-5 persons in each skiff near position 11-56N 044-43E, approximately 54 nm southwest of Aden. They approached to 0.7 nm and turned away.",exclude,keep,
1847,1847,2019-38,"NICARAGUA: On 11 April, A Canada-flagged yacht with 4 persons onboard departed Roatan, Honduras, for Isla Providencia, Colombia. Near position 14-50N 082-47W, 23 miles east-southeast of Cabo Gracias a Dios, they were approached by four local fishing boats, with between 20 and 25 men total. They surrounded and began ramming the yacht, damaging the stern ladder and swim platform, damaging the hull on both sides, and then began boarding the yacht. The crew had begun MAYDAY calls on VHF and retreated and secured themselves safely below, protected by interior security bars that covered all hatches and companionways. Mayhem ensued topsides, as the pirates ransacked and destroyed sails, halyards, cushions, etc. The pirates used fishing knives and the yacht¿s heavy winch handles to smash all port lights, the pilothouse windows, and the Plexiglas hatch. The pirates proceeded to steal all electronic and navigation equipment, scuba tanks, scuba gear, the yacht¿s dinghy, life raft and various other items. After about 40 minutes the pirates had seemingly exhausted themselves, and stolen, discarded overboard or destroyed almost everything within reach of the topsides. The four pangas departed back toward the Nicaraguan coast. The yacht proceeded under power and set course directly away from the coast, to Providencia, Colombia, and arrived there the next afternoon having had no contact from the Nicaraguan Navy. Reports were made to the Colombian Port Captain and Coast Guard. (www.safetyandsecuritynet.org)",keep,exclude,
1850,1850,2019-41,"INDIA: On 13 April, five boats with eleven persons approached a tanker during anchoring operations near position 17-37N 083-19E, Visakhapatnam SPM Anchorage. Upon anchoring, the boats came alongside, hooked on ropes to the ship¿s rails and commenced boarding the tanker. Alarm was raised, ship¿s horn sounded, and the crew mustered on deck. Port authorities were notified. The unauthorized persons remained on deck as the crew prevented them from entering the accommodation. They did not confront the crew but refused to leave the tanker. Finally, on seeing the approaching pilot boat, the unauthorized persons disembarked. (IMB)",exclude,keep,
1862,1862,2018-168,"(U) MALAYSIA:  On 12 September, a robber boarded a Malta-flagged bulk carrier from a craft via the portside anchor chain in position 05:45N - 118:04E, Berth 1 AB, Sandakan, Malaysia. Another two robbers were waiting in a craft near the ship. Nothing stolen. Incident reported to local agent. (www.pviltd.com)",exclude,keep,
1872,1872,2017-311,NIGERIA: On 21 November at 2140Z a vessel was approached by pirates in 05-13N 004-03E.,exclude,keep,
1874,1874,2018-44,"NIGERIA: On 07 February, a vessel underway to Lagos, was approached by one skiff in vicinity  03-28N 006-56E, 52 nm south of Bonny. Skiff appeared on the starboard side with eight persons onboard at 4.5 nm with a CPA less than one nm before it increased its speed to 22kts. Armed security team onboard the vessel was alerted and ready to reply. The skiff then reduced speed and escaped. Vessel is safe.",exclude,keep,
1875,1875,2018-45,"BENIN: On 01 February, the IMB Piracy Reporting Centre (IMB PRC) received a missing vessel report from the owners of an anchored tanker MARINE EXPRESS, laden with 13,500 tons of gasoline awaiting berthing instruction in Cotonou, in vicinity 06-16N 002-30E. The IMB PRC notified the regional authorities and the international warships in the Gulf of Guinea, and a search was carried out. The IMB PRC broadcast a message to all ships in the region to look out for the missing tanker. On 06 February, the owners confirmed that the tanker was released. The crew and cargo reported safe.",keep,exclude,
1880,1880,2016-275,"PHILIPPINES: On 13 November, the tanker SOUTHERN FALCON, underway near position 03-40N 119-51E, 65 nm southeast of Sibutu Island, reported a suspicious approach by six speed boats with one armed person in each boat. The boats gave chase to the tanker; the master alerted ships in the vicinity, and commenced maneuvering the vessel. Attempts to contact the Philippines Navy were not successful. After 15 minutes the boats moved away. Vessel and crew are safe.",exclude,keep,
1884,1884,2017-49,"NIGERIA: On 02 March, an alert crewman onboard a general cargo vessel underway near position 04-28N 002-30E, 127 nm southwest of Lagos, noticed a suspicious boat doing 9 knots at a distance of 0.9 nm astern. The cargo vessel increased speed and made large course alterations and the boat appeared to follow. As the cargo vessel was slightly faster, after nearly two hours, the distance increased and the boat moved away. The cargo vessel continued its passage.",exclude,keep,
1907,1907,2017-322,"GULF OF ADEN: On 19 November, a merchant ship reported sighting a suspicious skiff near position 14-04N 051-47 E, near IRTC Point B. The skiff was reportedly carrying a ladder.",keep,exclude,
1920,1920,2017-217,"DOMINICAN REPUBLIC: On 18 August, an unoccupied trimaran on a mooring in Luperon Bay, in vicinity 19-54N 070-57W had its primary mooring line released and the secondary anchor and rope stolen. The boat went adrift and damaged its stern mounted radio antenna when it struck another yacht before grounding on nearby mudflats. Both yachts had minor damage. Report made to the local police.",exclude,keep,
1922,1922,2017-219,"ST MARTIN: On 09 August, a dinghy and outboard motor were stolen from a sailing yacht anchored in  Simpson Bay Lagoon, in vicinity 18-02N 063-06W.",exclude,keep,
1938,1938,2017-124,"PHILIPPINES: On 22 April, an unknown number of robbers boarded an LPG tanker at berth, near position  13-40N 121-03E, Batangas. They stole ship¿s properties and escaped. The theft was discovered by the crew during routine rounds.",exclude,keep,
1947,1947,2017-133,"GULF OF ADEN: On 01 May at 1300Z, a M/V was approached in 12-08N 044-16E. Five skiffs with five persons on board approached the vessel. Skiffs approached to .2NM before armed security team aboard vessel fired warning shots. All five skiffs turned away after the warning shots were fired. Vessel and crew are safe.",keep,exclude,
1956,1956,2018-59,"PANAMA: On 10 February, a sailing yacht anchored in San Blas Nargana, in 09-27N 078-35W, was boarded and electronics were stolen.",keep,exclude,
1985,1985,2017-143,"SAUDI ARABIA: On 25 April, Saudi Arabia confirmed that Yemen based Houthi rebel forces tried to attack an Armco fuel distribution terminal in Jazan province, in vicinity 17-08N 042-20E, with a remotely controlled boat, filled with explosives. The state news agency said that the boat was destroyed by Saudi naval forces before it hit its target.",exclude,keep,
1988,1988,2017-288,GHANA: On 03 November at 0054Z a vessel was possibly hijacked in 05-59N 001-14E.,keep,exclude,
1994,1994,2017-308,"INDONESIA: On 10 November, crewman on routine rounds onboard an LPG Tanker anchored near position 01-28N 104-38E, 14 nm north-northeast of Tanjung Berakit, Pulau Bintan, noticed three unauthorized persons on the poop deck. Alarm raised and crew mustered. A search was carried out throughout the tanker. The pad lock of a mooring hatch cover was found broken. Nothing reported stolen.",exclude,keep,
2009,2009,2018-125,"GHANA:  On 29 April, a merchant vessel anchored near position 04:53N - 001:41.32W, Takoradi anchorage, was boarded by one person. Alarm raised resulting in the perpetrator jumping overboard. Nothing reported stolen. (www.pviltd.com)",keep,exclude,
2019,2019,2017-250,"PANAMA: On 29 August, a thief stole a dinghy and outboard motor from a yacht anchored in Bocas del Toro, in vicinity 09-30N 082-23W.",exclude,keep,
2021,2021,2017-252,"NIGERIA: On 14 September, a supply vessel reported that its security team fired warning shots at a  suspicious speedboat as it headed towards their vessel near position 04-16N 007-02E, 9 nm southwest of Bonny Island. The speedboat had hidden behind a trawler before altering its course towards the vessel.",exclude,keep,
2030,2030,2017-75,"MARTINIQUE: On 17 March, a sailing yacht anchored in St Anne, in vicinity 14-26N 060-53W, had a tiller extension handle stolen from their dinghy at the main dinghy dock. Incident reported to local police.",exclude,keep,
2031,2031,2017-76,"MARTINIQUE: On 17 March, a sailing yacht anchored at St Anne, in vicinity 14-26N 060-53W, reported that the outboard motor on the dinghy had been stolen from the main dinghy dock. Incident reported to local police.",keep,exclude,
2039,2039,2016-281,"PHILIPPINES: On 16 November at 1100 LT in 04-23N 119-37E, five persons wearing masks in a white speed boat approached an underway vessel from astern. Master raised alarm and tried alerting other ships in area. Seeing the alerted crew, the boat moved away and headed towards other vessels in the area. Incident reported to the Philippine Navy and a warship arrived.",exclude,keep,
2046,2046,2016-315,"PHILIPPINES: On 05 December, three Indonesian fishermen were kidnapped near the Philippine island of  Labuan, in vicinity 05-16.8N 115-12.7E. All three fishermen were reportedly released unhurt the following day, and it is believed that the owner of the Sandakan-based trawler or agents of the trawler's owner crossed the border to negotiate the immediate release of the three crewmen and the boat. Local authorities indicated that the three Indonesian crewmen were held by unidentified gunmen because they were reportedly poaching within Philippine waters.",exclude,keep,
2047,2047,2017-105,"YEMEN: On 09 April at 0315Z in 14-20N 053-11E, a vessel reported a suspicious approach. The vessel approached to a distance of 1NM from the bow with an additional four skiffs on the starboard beam at a distance of 0.5NM. Four persons were spotted on each skiff with weapons. Security team aboard vessel showed presence and the vessels moved away.",exclude,keep,
2051,2051,2017-296,"NIGERIA: On 11 November, armed pirates boarded the drifting bulk carrier VENUS BAY near position 04-07N 006-59E, 17nm south-southwest of Bonny Island. They entered the bridge and fired their weapons damaging the bridge windows. The pirates stole ship's properties, crew personal belongings, kidnapped 10 crewmen and escaped in their boat. Two Nigerian Navy vessels intercepted the pirates, rescued the crew and apprehended five pirates. The ship was escorted into the inner anchorage under naval escort and armed guards were placed onboard during the vessels stay. On 12 November 2017, the ship resumed passage under naval escort to Port Harcourt and berthed.",exclude,keep,
2056,2056,2016-235,"SAINT LUCIA: On 1 October, a dinghy was stolen overnight from a sailing yacht anchored in Rodney Bay, vicinity 14-05.9N 060-57.8W. After the owner posted a reward for safe return of the vessel, the dinghy was returned without the fuel tank and a pair of flip flops.",keep,exclude,
2057,2057,2017-298,"SAINT LUCIA: On 25 October, a chartered catamaran was boarded by 4 men in Soufriere, in vicinity 13-51N 061-03W. Two of the men were armed with guns, and one with a knife, all had their faces concealed. The men made many threats and a short struggle ensued. One victim was hit in the face with a gun, the other struck on the head. The boarders demanded cash, cell phones, and passports. The cash and cellphones were surrendered readily and the passports and access to the locked cabin refused. After 20 minutes of further threats of violence and death the 4 men left with the dinghy.",keep,exclude,
2058,2058,2017-299,"YEMEN: On 08 November, a merchant vessel reported a suspicious approach by two skiffs near position 12-30N 043-37E, near Mayyun Island. Seven persons were sighted in each skiff, both of which closed to within 100 meters of the vessel.",exclude,keep,
2064,2064,2017-91,"MARTINIQUE: On 25 March, one robber boarded a catamaran anchored in the Le Marin Marina. The robber went into the cockpit area of the yacht, saw the astonished and concerned crew looking at him, whereupon the robber sat down and stared back at the crew for several minutes. He eventually left the yacht. Incident reported to local police.",exclude,keep,
2069,2069,2017-135,"NIGERIA: On 29 April in 03-15N 007-00E, a suspected pirate mother vessel was observed in the Gulf of Guinea. Vessel was reported as being a supply vessel type around 60-80 meters in length with a white hull.",exclude,keep,
2070,2070,2017-173,"RED SEA: On 14 June, suspected Shiite Huthi rebels fired a missile at a Saudi-led coalition warship off Mocha, Yemen, in vicinity 13-19N 043-15E.",keep,exclude,
2077,2077,2017-227,"MALAYSIA: On 13 August, two robbers attempted to board a berthed tanker near position 05-48N 118-04E, Sandakan Port, but failed in their attempt. Port authorities informed.",keep,exclude,
2079,2079,2017-61,YEMEN: Vessel reported being approached in 13-52N 050-20E on 09 March at 0845Z. Two mother vessels deployed four skiffs that approached the vessel. The vessel showed weapons and the skiffs retreated. Vessel reported safe.,exclude,keep,
2081,2081,2017-257,"MALAYSIA: On October 12 at 0020Z, five persons in two wooden boats boarded an unmanned rig that was being towed in vicinity 01-11.1N 103-33.6E. Tug master raised the alarm and notified local authorities. Vessel and crew reported safe.",exclude,keep,
2082,2082,2017-258,"SOMALIA: On 06 October at 0700Z, two white skiffs with ladders approached a vessel in 13-13N 050-30E. They approached to within 1.2NM and turned away. Crew and vessel are safe.",exclude,keep,
2086,2086,2017-262,"CURACAO: On 16 September, an in the water dinghy with outboard motor was stolen from a yacht anchored in Spanish Water, in vicinity 12-08N 069-02W.",keep,exclude,
2089,2089,2017-265,"INDONESIA: On 30 September, the Indonesian Navy's Western Fleet Quick Response Unit arrested 15  suspected pirates in the Singapore Strait following a tip-off by Singapore authorities. The alleged pirates were in six wooden boats when they were arrested. A spokesman said the arrests were made after Singaporean authorities told them that a barge had been accosted by about 15 unidentified people in Indonesian waters. The barge was sailing around the Malacca and Singapore straits. Further, preliminary investigations show that the barge, LKH 7887, being towed by tugboat KIM HOCK TUG 9, had not actually been attacked because the tugboat crew and the 15 alleged pirates had made a deal, the spokesman said. According to suspects' testimonies, they had attempted  to take items from the barge, such as steel scraps, cables and 19 gallons of diesel, but the tugboat's crew had paid the alleged pirates not to take the items.",exclude,keep,
2095,2095,2017-229,"GRENADA: On 27 August, an unoccupied catamaran was boarded while anchored in Mt. Hartman Bay, in vicinity 12-00N 061-45W. The break-in was discovered the next morning by the care taker. The thieves broke the door lock and thoroughly ransacked the interior of the boat, then badly damaged the main electrical panel and cut cables before removing electronics. Davit lines for the raised dinghy with outboard motor were slashed and it was stolen. There was no attempt to conceal the break-in. The Coast Guard and police were notified and are investigating.",keep,exclude,
2099,2099,2017-233,"RED SEA: On 28 August in position 13-00N 043-10E a merchant vessel reported sighting four skiffs with five to six persons in each boat. Vessel reported seeing one ladder onboard two of the skiffs, no weapons were sighted. The skiffs did not approach any closer than 0.8 nm. Onboard security team showed their weapons and skiffs turned  away. Vessel is safe.",exclude,keep,
2104,2104,2019-58,"MALAYSIA: On 30 May, an unknown number of robbers boarded the barge SINAR JAYA 2912, being towed by Malaysia-flagged tugboat ASIA JAYA 28 near position  01-13N 103-32E, 3.4 nm southeast of Tanjung Piai. The master of the tugboat reported to Singapore Vessel Traffic Information System (VTIS) via VHF that an unknown number of  perpetrators had boarded the barge on tow. The perpetrators escaped in a small craft, with some small tools stolen from the barge. (ReCAAP)",keep,exclude,
2107,2107,2019-61,"MALAYSIA: On 18 June, tenfishermen were kidnapped from two Malaysian fishing vessels in Lahad Datu's Tambisan waters while enroute to Semporna, Sabah. The Hijackers are believed to be linked to Abu Sayyaf and may have fled with the hostages to Sitangkai Island. (www.straitstimes.com; www.globalnation.inquirer.net)",keep,exclude,
2109,2109,2017-208,"ECUADOR: On 05 August, robbers, unnoticed by the crew, boarded a berthed container ship near position 01-00N 079-39W, Esmeraldas Port. The thieves stole brass sounding pipe covers and escaped. The theft was noticed by duty crew on routine rounds.",keep,exclude,
2110,2110,2017-209,"NIGERIA: On 07 August, a duty crewman onboard a tanker berthed near position 06-27N 003-22E,  Folawiyo Terminal, Apapa, Lagos, noticed two robbers trying to insert a flexible hose into a cargo tank. He immediately informed the duty officer who raised the alarm. Seeing the alerted crew, the robbers escaped with their flexible hose. A search was carried out throughout the tanker. Nothing reported stolen. Port control informed.",exclude,keep,
2111,2111,2017-210,"MAURITANIA: On 03 August, a merchant vessel was approached near position 16-48N 016-51W,  approximately 30 nm from Mauritania, by a small vessel claiming to be Mauritanian Navy which requested the MV to stop or they would open fire. Evasive maneuvering commenced and the small vessel went away. Vessel and crew are safe.",keep,exclude,
2128,2128,2019-69,"PANAMA: On 13 July, a monohull with two persons onboard departed Linton Bay, Panama, for the San Blas Islands, Panama. Engine issues caused the yacht to make an unplanned stop in Bahia Nombre de Dios, where no other boats were anchored. The necessary repairs were completed but the hour was late and entering the San Blas in the dark was not an option. The crew planned to lock themselves in securely for the night. They were down below and surprised just after sunset by noise on deck. The captain went up to the cockpit and was ambushed and then restrained by two swimmers who had boarded and concealed themselves behind opposite sides of the spray hood. Immediately a boat with four other men arrived and the captain was held at gunpoint. For 45 minutes the men ransacked and inspected every space in the yacht, stealing cash, credit cards, phones, cameras and video equipment, laptops, a drone, and other items. Some of the men appeared to be high on drugs and were only marginally under the control of the armed leader. Two of the men forced the crew member back into a cabin and indicated they intended to rape her, but the leader prevented this. Once they had collected all things of value, all six men departed in their boat.  (wwwsafetyandsecuritynetorg)",exclude,keep,
2139,2139,2018-154,"(U) MALAYSIA:  On 10 August, several persons in speed boats boarded a tug towing a barge underway near position 05:29N - 119:09E, near Tambisan Island. The crew locked all access into the tug and contacted the local authorities who dispatched a security boat. Due to the hardening of the tug, the persons were unable to enter the accommodation and escaped when they noticed the security boat approaching. The tug continued her voyage to the next port. Crew is reported safe. (IMB; www.thestar.com.my; www.pviltd.com)",keep,exclude,
2148,2148,2018-11,"VENEZUELA: On 28 December, a monohull sailing yacht with 2 persons onboard departed Puerto La Cruz, Venezuela for Grenada. During the mid-morning hours, 2 miles off the Paria Peninsula in vicinity 10-42N 062-30W, and approximately 10 miles east of Cabo Tres Puntas, an open fishing boat with 6 men approached, displaying and firing multiple long guns into the air. The yacht crew immediately altered course and turned offshore. When the pirates came closer, the crew fired their flare gun directly at the pirates, nearly hit them. The pirates, apparently understanding the fire hazard a burning flare would pose to their gasoline-fueled boat turned away, dropped back and made no further approaches. The yacht then headed northwest and made safe port at Porlamar, Margarita, where a report was made to local officials.",exclude,keep,
2155,2155,2018-129,"RED SEA:  On 26 June a merchant vessel in transit reported a suspicious approach by 2 speedboats near position 13:30N - 042:43E, 10 nm south of Jazirat al Hanish al Jabir Island, approximately 31 nm west of Yemen Coast. Vessel reported speedboats with 8-10 persons in each boat. Embarked security team showed weapons and speedboats departed. Speedboats had previously approached 2 other MVs in the vicinity. Vessel is Safe. (UKMTO; www.pviltd.com; www.sguardian.com)",keep,exclude,
2159,2159,2018-133,"HONDURAS:  On 13 May, a yacht transiting northward from Isla Providencia, Colombia, to Grand Cayman, at a position of 15:45 N - 081:32W was off the Gorda Banks and noticed a suspicious vessel on an intercept course from the west-southwest at 2245 hrs. At 2315 the suspect vessel was within a few hundred meters of the yacht, displaying only  running lights. The yacht captain assumed it was law enforcement and turned on its lights and made several calls on VHF 16 that were not answered. The suspect vessel continued to track on an intercept course and increased speed in clear pursuit. The yacht captain believed the pursuing vessel to be a large boat, approximately 70 feet in length, similar to a fishing trawler type vessel. The yacht was making good speed with full sail and added engine to further increase speed and was able to outpace the suspect vessel, which after 20 minutes gave up the pursuit, then stopped dead and lit up. (www.safetyandsecuritynet.org)",keep,exclude,
2163,2163,2018-22,"NIGERIA: On 09 January, two suspicious people boarded a tanker in vicinity 06-18N 003-23E, 5.5 nm south of Lagos. Crew spotted the individuals and they jumped overboard. Nothing was stolen. Vessel and crew are safe.",keep,exclude,
2167,2167,2017-108,"SAINT VINCENT AND THE GRENADINES: On 01 April, a robber boarded a sailing yacht anchored in Charlestown Bay, vicinity 12-42N 061-20W. All yacht entrances were locked and equipment stowed inside, nothing was stolen.",keep,exclude,
2168,2168,2017-109,"SAINT VINCENT AND THE GRENADINES: On 28 March, two robbers boarded a sailing yacht anchored in Charlestown Bay, vicinity 12-42N 061-20W. The yacht owner succeeded in scaring away the robbers and nothing was stolen. Report made to local authorities.",keep,exclude,
2169,2169,2017-110,"ANGOLA: On 07 April, duty crewman on routine rounds onboard a bulk carrier anchored near position 05-52S 013-02E, Congo River, noticed six robbers on the forecastle and informed the duty officer on the bridge. Alarm was raised and ships whistle sounded. Seeing the alerted crew, the robbers escaped in their boat with the stolen ship's properties.",exclude,keep,
2170,2170,2017-111,"GULF OF ADEN: On 08 April, a suspicious skiff with three persons on board approached an underway tanker near position 14-09N 051-37E, approximately 140 nm northwest of Socotra Island. Alarm was raised, crew alerted and onboard security guard showed weapons. Seeing the vessel hardening and alerted crew, the skiff aborted the approach and moved away from the tanker. All crew safe. The tanker continued her passage.",keep,exclude,
2172,2172,2018-24,NIGERIA: On 27 January a vessel was approached by in 06-18N 003-20E.,exclude,keep,
2175,2175,2018-27,"GUINEA: On 23 January, two persons attempted to board a cargo vessel near position 09-30N 013-43W, Conakry Port Terminal. They were spotted trying to climb up ship's line. The alarm was raised. Both jumped back in the water and swam away from the ship.",exclude,keep,
2178,2178,2018-30,"GULF OF ADEN: On 20 January, a small boat made a suspicious approach against a Panama-flagged merchant vessel under escort by a Chinese Navy frigate. The naval vessel fired warning flares and positioned itself for further action against the small boat, forcing it to turn away.",keep,exclude,
2181,2181,2017-70,"ST LUCIA: On 12 March, thieves boarded an unlocked yacht anchored in Soufriere, vicinity 13-51N 061-03W, while crew was ashore for the evening. Cash, cellphones and computers were taken. A report was made to the police.",exclude,keep,
2191,2191,2020-341,"GHANA: On 26 September, a skiff with 8-10 individuals approached the Ghana-flagged fishing vessel AGNES 1 near position 03-36N - 000-28W, approximately 102 NM south of Winneba. The skiff chased the vessel, but later abandoned its pursuit.",exclude,keep,
2209,2209,2020-230,"On 16 June, individuals in two skiffs pursued the Cape Verde-flagged tug ARTIKE approximately 27 NM southeast of Sao Tome at 00:13S - 007:16E. No further information exists at this time.",exclude,keep,
2210,2210,2023-121,"MALAYSIA: On 1 July at 2050 local time, five robbers boarded a barge under tow by a tug in the westbound  lane of the Singapore Strait TSS, near position 01-13N 103-30E. Once on the barge, the perpetrators transferred  scrap metal from the barge onto two sampans. The Malaysian Marine Police from Johor subsequently detained  the five perpetrators and two sampans and seized an estimated 100 tons of stolen scrap metal.",exclude,keep,
2215,2215,2020-248,"On 25 August, four stowaways were found onboard Antigua and Barbuda-flagged general cargo ship JANINA at Valencia. One of them claimed to be minor and he was taken ashore. The rest remained aboard. The ship left Valencia the same day, bound for Mostaganem, Algeria.",exclude,keep,
2218,2218,2023-79,"NIGERIA: On 28 April at 0500 local time, eight perpetrators armed with knives boarded the berthed Liberia?flagged cargo ship MSC WAVE F at Tin Can Island, Lagos, near position 06-25N 003-20E. After being spotted by crew members, the perpetrators escaped overboard to a waiting boat. Nothing was reported stolen and the crew was reported safe.",keep,exclude,
2224,2224,2021-243,"NIGERIA: On 28 September, gunmen attacked and abducted four fishermen in Ibaka, Mbo Local Government Area of Akwa Ibom State. The victims include three Ghanaians and one Nigerian. They were kidnapped in the vicinity of the Nigerian Navy FOB Base in the Ibaka waterway on their way to open waters for a fishing expedition.",exclude,keep,
2225,2225,2020-243,"On 8 July, five individuals in a small boat attempted to come alongside and board the Panamaflagged LPG tanker GLOBAL PHENIX approximately 23 NM southeast of Natuna Island in vicinity of 03:27.5N - 108:40.9E. The ship initiated evasive maneuvers while crew members directed the Aldis lights towards the approaching boat. The boat subsequently broke off its approach and departed the area",keep,exclude,
2226,2226,2022-200,"MALAYSIA: On 7 September at 2325 local time, ten wooden boats were sighted alongside the barge SUNG FATT 36 towed by Malaysia-flagged tugboat SUNG FATT 31 in the westbound lane of the Singapore Strait TSS, near position 01-12N 103-32E. Due to length of towline and hour of darkness, the master and crew aboard the tugboat were not able to determine the number of perpetrators onboard the barge. The master reported robbers stole scrap metal from barge, the crew was not injured, and that no assistance was requested. The tug continued its voyage towing the barge to Penang, Malaysia.",exclude,keep,
2232,2232,2020-295,"On 12 October, Bangladesh Coast Guard personnel detained five alleged Myanmarese robbers and rescued seven kidnapped fishermen during a raid in the Bay of Bengal. During the operation, two single- barreled guns, eight rounds of ammunition, ten long knives and one engine boat were also seized.",keep,exclude,
2237,2237,2023-45,"MALAYSIA: On 10 March at 0300 local time, ten robbers boarded the barge POE 2502 under tow by the Malaysia-flagged tugboat BON SPEED 10, south of Tanjung Piai in the westbound lane of the Singapore Strait TSS, near position 01-12N 103-32E. After the perpetrators left the barge, the master reported that all crew were safe and that scrap metal had been stolen. The tug and barge did not require assistance and continued their passage to Malaysia.",exclude,keep,
2254,2254,2023-9,"GRENADA: On 16/17 January between 2230 and 0130 local time, perpetrators stole an unsecured dinghy with a 15HP Yamaha outboard engine from a yacht anchored in Tyrrel Bay near the approximate position 12-27N 061-29W. An incident report was made on the VHF net and to the local coast guard.",exclude,keep,
2265,2265,2024-30,"RED SEA: On 18 December at 0600 UTC, the Cayman Islands-flagged tanker SWAN ATLANTIC experienced an explosion on its port side approximately 24 NM northwest of Mokha, Yemen (exact location not specified). U.S. CENTCOM subsequently reported that the tanker was attacked by a one-way attack drone and an anti-ship ballistic missile launched from Huthi-controlled territory in Yemen. Through a spokesperson, Huthi forces claimed responsibility for attacking SWAN ATLANTIC and stated that the attack was carried out after the tanker failed to respond to calls from the group. Crew and vessel reported safe.",exclude,keep,
2271,2271,2020-260,"on 31 August at 0810LT, two skiffs approached an underway Singapore-flagged tanker 26.5 NM southeast of Perim Island, near the Bab el Mandeb Strait at position 12:26N - 043:46E. The skiffs with six persons onboard came to within 300 meters when the vessel sounded the alarm. The skiffs aborted their approach upon seeing the vessel's security team onboard. The vessel continued safely to its destination.",keep,exclude,
2281,2281,2021-206,"SAO TOME AND PRINCIPE: On 27 July, a merchant vessel underway approximately 93 NM west of Port Gentil, Gabon, reported a suspicious approach by one fishing vessel and two small skiffs. The incident occurred near position 00-53S 007-07E at approximately 0400 UTC.",keep,exclude,
2286,2286,2021-122,"SAINT MARTIN: On 22 December 2020, a yacht in the Grand Marche anchorage had its dinghy (in the water and not locked) stolen while the owners were onboard. They discovered the cut line at 2200.",exclude,keep,
2309,2309,2020-222,"On 24 May at 2100LT, crew members on a berthed tanker noticed some of the mooring rope from the winch missing at Chittagong Port at 22:16N - 091:49E. A subsequent search by the crew revealed that robbers had managed to board the tanker undetected and steal ship stores.",keep,exclude,
2310,2310,2023-32,"ARABIAN SEA: On 2 March, the United Kingdom Maritime Trade Operations (UKMTO) received reports that an underway vessel was approached by two small crafts approximately 345 NM east of Socotra Island near position 12-24N 060-19E. The two craft with white hulls approached to within 0.1 NM of the vessel. One craft had five persons onboard and the other craft had six persons onboard. Reporting also indicated that these crafts were being supported by a larger blue-hulled vessel.",keep,exclude,
2313,2313,2021-179,"SAINT MARTIN: On 26 April, a robber boarded an unlocked yacht in Marigot Bay and stole a variety of personal electronics. It is not known if a police report was made.",keep,exclude,
2333,2333,2020-198,"On 3 June at 1600LT, pirates hijacked a passenger boat transiting between Port Harcourt and Degema on the New Calabar River near 04:28N - 006:57E. The armed pirates, arriving by speedboat, attacked the boat causing thirteen of the fifteen passengers to jump into the river. The pirates then hijacked the passenger boat, kidnapping two female passengers and an infant.",keep,exclude,
2340,2340,2023-84,"THAILAND: On 10 May at 2200 local time, Thai Marine Police on patrol spotted one perpetrator onboard the anchored Thailand-flagged fishing trawler S KITTICHAI 1 at the Sri Songkhla Dockyard, near position 07-19N 100-57E. The trawler was unmanned and awaiting overhaul. The police boarded the trawler and found two other perpetrators cutting and pulling sheet metal in the engine room. All three perpetrators were apprehended.",keep,exclude,
2346,2346,2021-273,"NICARAGUA: On 30 October, a catamaran with three persons onboard departed Roatan, Bay Islands, Honduras, for Isla San Andreas, Colombia. The catamaran reported three close-aboard suspicious approaches between 0550 local time and 0945 local time in an area between 35 and 50 NM offshore. During the first two instances, one small boat and five men were involved in the approach. The last event included two small boats and 11 men. The catamaran executed evasive maneuvers, increased speed and had all three crew on deck as a show of force. The boats followed the catamaran for 30 minutes during the last event, eventually turning around and departing. Reports were made to the Colombian authorities upon arrival.",keep,exclude,
2356,2356,2022-177,"PHILIPPINES: On 12 July, at 2200 local time, an unknown number of armed robbers boarded a sailing vessel underway 14 NM north-northwest of Roxas city, near position 11-50N 122-41E. The robbers escaped with stolen crew belongings. All crew members were reported safe.",exclude,keep,
2358,2358,2020-111,"Ann alert crewmember onboard a bulk carrier anchored near Nacala Outer Anchorage, Mozambique, noticed an unauthorized person on the forecastle deck and raised the alarm.  Crew mustered and a search was carried out.  Seeing the alerted crew, the person escaped.  Nothing reported stolen.  All crew safe.  Incident reported to Port Control.",keep,exclude,
2364,2364,2020-60,"Eight armed men boarded a yacht anchored in Bahia Nombre de Dios, Panama.  They restrained and robbed the five person crew and escaped.  Three crew were able to remove their restraints, went to Linton Bay Marina, and made reports to the police, Coast Guard, and Port Captain.  Two women were taken to the hospital for evaluation.",exclude,keep,
2366,2366,2021-32,"On 13 February, five robbers boarded a container ship under pilotage in the Magdalena River Passage near position 11:01N �?? 074:4E. The alarm was raised and the crew mustered inside the accommodation area. The pilot notified port authorities. The robbers made their escape with stolen items of ship's property after seeing the alerted crew. The container vessel was requested to anchor in order to allow the coast guard to board and conduct an investigation.",exclude,keep,
2367,2367,2021-93,"On 21 April, a tanker reported a suspicious approach by a small vessel approximately 202 NM southwest of Brass Port, near position 01:10 N — 004:57E at 12:05 local time.",exclude,keep,
2369,2369,2022-230,"YEMEN: On 21 November at 1212 UTC, a single point mooring was struck by a missile/rocket while a vessel was engaged in loading operations at Ash Shihr terminal, near position 14-44N 049-30E. The name of the vessel has not been released, but it departed the terminal unharmed and no crew members were injured. According to press reporting, two workers suggested that the projectile was fired from a drone. The workers also indicated that Panama-flagged tanker PRATIKA had entered the terminal to load a shipment of crude oil, but left following the attack.",exclude,keep,
2371,2371,2021-94,"On 21 April, MDAT-GoG reported that a suspicious vessel was sighted 165 NM south of Lagos, near position 03:41 N — 003:33E at 09:39 local time. Naval assets in the area reported that one small boat with eight persons and ladders onboard is suspected of being involved in piracy operations.",exclude,keep,
2377,2377,2022-15,"OMAN: On 11 January, at 0948 local time, an underway tanker reported a suspicious approach by eight, white-hulled, unknown crafts, approximately 70 NM east of Muscat, near position 23-51N 059-47E. The vessel and crew were reported safe and have continued their voyage.",exclude,keep,
2382,2382,2020-4,"VEN ARMED PERSONS IN TWO PUMP BOATS, WEARING CAMOUFLAGE UNIFORMS AND MASKS, APPROACHED TWO FISHING VESSELS. THE PERSONS BOARDED THE FISHING VESSELS, HELD THE CREW AT GUNPOINT AND TOOK THEIR PERSONAL EFFECTS, PHONES AND DOCUMENTATION. BEFORE LEAVING THE ARMED PERSONS KIDNAPPED THREE CREW MEMBERS FROM ONE FISHING VESSEL AND HEADED TO TAWI-TAWI ISLANDS.",keep,exclude,
2389,2389,2021-239,"SAO TOME and PRINCIPE: On 26 September, a bulk carrier reported a suspicious approach approximately 32 NM northeast of Sao Tome, near position 00-51N 006-59E. The vessel was approached by one skiff, approximately 12 meters long with a blue and white hull. The bulk carrier carried out evasive maneuvers and increased speed. The suspicious vessel stopped its approach after thirty minutes. A Gabonese Navy vessel then escorted the vessel to safety.",keep,exclude,
2400,2400,2022-78,"UKRAINE: (Update) On 3 March, the Bangladesh-flagged bulk carrier BANGLAR SAMRIDDHI was abandoned at Olvia Anchorage, Mykolaiv port area. Missiles struck the ship on 2 March, which caused a fire onboard and inflicted serious damage to the vessel’s bridge and accommodations. One of the 29 crew members died during the attack. The remaining 28 crew members abandoned ship and were ferried from the anchorage area to a safer location. According to the latest press reports on 6 March, the 28 crew members made it to Romania and their repatriation to Bangladesh was being arranged by the Bangladesh embassy in Bucharest.",exclude,keep,
2402,2402,2020-65,"A duty officer onboard a bulk carrier Near Agadir, Morocco Silos Terminal, saw four unauthorized persons onboard the vessel.  Alarm was raised and crew was mustered.  Seeing he alerted crew, the persons escaped.  Nothing reported stolen.",exclude,keep,
2411,2411,2022-94,"NIGERIA: On 19 March, at 0445 local time, robbers boarded a bulk carrier berthed in port of Lagos. The duty crew member discovered that the lock on the forecastle store was breached. The robbers escaped with an undetermined amount of paints. The investigation revealed that the robbers cut the anti-boarding razor wire on the vessel's waterside to board and escape the vessel.",keep,exclude,
2418,2418,2021-294,"HAITI: On 10 December, at 2008 local time, three armed robbers were able to board a bulk carrier using a hook attached to a bamboo pole while berthed in Port Au Prince, near position 18-34N 072-20W. The robbers lowered mooring rope to a small boat alongside the ship with one robber onboard. When the robbers saw a crew member, they pointed a gun at him; the crew member reported the boarding over his radio and another crew member came to assist, but was also threatened with a gun. The captain sounded the alarm and contacted port authorities. Three armed port security guards arrived on the scene, and the robbers jumped overboard while under fire. No crew member was reported injured during this incident.",exclude,keep,
2420,2420,2022-10,"YEMEN: On 3 January, at 0050 local time, it was reported that the United Arab Emirates-flagged landing craft RWABEE was attacked, seized, and held allegedly by Yemeni Houthi militia, approximately 23 NM west of Ras Isa, near position 15-13N 042-12E. A Saudi-led coalition is negotiating for the release of the vessel.",exclude,keep,
2422,2422,2022-32,"NIGERIA: On 17 January, an underway passenger boat with 17 people onboard was hijacked and kidnapped by pirates while on transit from Safe Journey Beach in Calabar, Cross River State, to Oron Beach in Akwa Ibom State waterways, near position 04-55N 008-17E. According to press reports, eight armed pirates intercepted the boat with 16 passengers and one skipper onboard, comprised of 10 men and seven women, and took them to an undisclosed camp. On 19 January, the pirates released five of the hostages: a four-year-old child, a wounded man, a pregnant woman, an elderly woman, and the boat skipper. They were dropped off in Akpabuyo, Cross River State and were taken into custody by the local authorities. Twelve of the hostages remained in the camp.",keep,exclude,
2433,2433,2021-242,"NIGERIA: On 4 October, gunmen kidnapped two policemen from the Andoni Local Government Area of Rivers State. The victims were reportedly abducted from a passenger boat they had boarded at Ngo.",exclude,keep,
2435,2435,2020-187,"On 18 April at 0850LT, armed men attacked a passenger boat while underway in Bayelsa State along Okoroma Creek in the Niger Delta. The attackers injured one passenger, but the other passengers and boat driver managed to escape. Authorities rescued the injured passenger approximately 45 minutes later and took him to a hospital in Yenagoa with two gunshot wounds.",exclude,keep,
2436,2436,2022-75,"UKRAINE: On 25 February, the Panama-flagged bulk carrier NAMURA QUEEN was hit by a rocket while in the anchorage area of Yuzhniy port. According to press reports, the vessel was on its way to the port when its superstructure was hit inflicting serious damages and causing a fire onboard. The crew members immediately extinguished the fire. At least two crew members suffered minor injuries but all were reported safe.",keep,exclude,
2441,2441,2022-152,"NIGERIA: On 14 June, an unknown number of pirates intercepted and boarded a passenger boat with 15 persons onboard while traveling along waterways in the Brass Local Government Area of Bayelsa State, near position 04-27N 006-21E. Eight passengers were reported kidnapped while six passengers and the boat’s skipper were left near the site of the incident, and were later rescued by the Marine Police.",exclude,keep,
2444,2444,2020-299,"On 21 September, Somalia pirates freed the last three of the 3,639 hostages held in captivity over the past five years. The three had been working on an Iranian fishing vessel SIRAJ, when it was hijacked off The coast of Hobyo, Somalia in March 2015. They are now undergoing medical check-ups, including tests for COVID- 19, and will be on their way home after the clinical procedures.",exclude,keep,
2459,2459,2022-154,"INDONESIA: On 11 May, at 0400 local time, three robbers approached the Indonesia-flagged tugboat LEGASEA 1 underway on the Kapuas River, West Kalimantan, near position 00-03N 109-09E. According to press reports, the three perpetrators were following the tugboat onboard a canoe. When the canoe came close to the tugboat astern, the tugboat crew threw pieces of wood at the perpetrators to keep them away. The perpetrators, reportedly armed with airsoft guns, retaliated by firing their weapons three times, hitting one of the crewmembers in the right arm. The crew then retreated inside the tugboat accommodation and sounded the alarm, after which the perpetrators departed. The incident was reported to the local authorities, and the local police conducted an investigation onboard.",keep,exclude,
2462,2462,2022-173,"MEXICO: On 28 June, at 2245 local time, an unknown number of robbers boarded two PEMEX platforms, the AKAL CHARLY and the AKAL BRAVO NOVA, located in the Cantarell complex in the Bay of Campeche, approximately 45 NM northwest of Ciudad del Carmen. According to press reports, the robbers arrived at the offshore pumping complex onboard a motorized boat and fired several shots before boarding. The workers onboard sheltered in place while the robbers were onboard. The perpetrators stole equipment, tools, cables, and other items valued at several million Mexican pesos.",exclude,keep,
2478,2478,2022-74,"UKRAINE: On 25 February, the Moldova-flagged tanker MILLENNIAL SPIRIT was hit by a rocket while underway approximately 12 NM south of Yuzhniy port, near position 46-22N 031-07E. According to press reports, the Ukrainian authorities carried out rescue operations and were able to retrieve all crew members. Two of the rescued crew were reported to be in critical condition. The vessel was reported disabled, adrift and sinking.",keep,exclude,
2480,2480,2021-43,"On 4 November, robbers boarded a bulk carrier berthed at the Santana Port near position 00-03S �?? 051-10W. The robbers broke into the forecastle storeroom and stole ship's property before departing undetected The Crew noticed the theft during routine rounds.",keep,exclude,
2484,2484,2021-161,"On 18 February, criminals kidnapped two fishermen. Two days later, seven criminals were  arrested by local coast guard forces in Hatia Upazila in Noakhali district. These criminals reportedly received a  ransom payment for the fishermen.",exclude,keep,
2490,2490,2021-241,"VENEZUELA: On 15 September, a single-handed yacht on passage from Curacao to Brazil was boarded by Spanish-speaking pirates about 13 NM north of the Paria Peninsula, near position 10-58N 062-38W. Initially two open boats with multiple large, new outboards and twenty men took control of the yacht. The pirates were all armed with automatic weapons and handguns. They beat the captain and forced his yacht close to shore in this remote and sparsely populated area. There was a well-established house/camp and other armed men visible ashore. Two additional boats and a total of 40 men then spent four hours threatening the captain with their weapons and ransacking the yacht while he was forced to circle close to shore. Eventually the pirates were satisfied they had taken all they wanted and the yacht proceeded on its voyage and made safe harbor in Chaguaramas, Trinidad. The captain was visited by the Trinidad and Tobago Coast Guard which took a full report.",keep,exclude,
2497,2497,2020-7,"NINE PERSONS IN A FISHING BOAT APPROACHED A TANKER UNDER TOW BY A TUG. TWO PERSONS BOARDED THE TANKER. THE MASTER OF THE TUG IMMEDIATELY REPORTED THE INCIDENT TO THE INDIAN COAST GUARD VIA VHF CH-16. A COAST GUARD SHIP RESPONDED, ARRIVED AT THE LOCATION, APPREHENDED THE NINE PERSONS AND HANDED THEM OVER TO THE MARINE POLICE FOR FURTHER LEGAL ACTION",exclude,keep,
2502,2502,2020-155,"On 1 March, a merchant vessel reported a suspicious approach in position 24:43N - 057:38E. Two skiffs approached and circled the vessel. A coalition warship was in the vicinity, and upon its approach, the two skiffs departed. The vessel and crew are safe.",keep,exclude,
2504,2504,2023-168,"MALAYSIA: On 18 October at 1030 local time, an unknown number of robbers boarded the berthed Singapore-flagged container ship MAERSK VALENCIA at Sandakan Port, near position 05-48N 118-05E and stole an outboard engine. The ship reported that the crew were safe.",exclude,keep,
2518,2518,2021-62,"NIGERIA: On 30 November, criminals attacked and boarded a passenger boat transiting from Port Harcourt to Bonny, near Okrika, at position 04-43N — 007-01E. The criminals robbed the passengers and kidnapped two of the passengers before departing. The criminals killed one passenger during the attack.",exclude,keep,
2526,2526,2020-76,"On 30 December, Iran detained a ship purportedly carrying smuggled fuel near the entrance to the Strait of Hormuz according to state-run Islamic Republic News Agency. Sixteen Malaysian crew members were detained. According to the Iranian state media, the tanker was intercepted near Abu Musa island transporting 1.3 million liters of smuggled fuel or the equivalent of 8,000 barrels.",keep,exclude,
2530,2530,2023-8,"MALAYSIA: On 5 January at 1452 local time, ten perpetrators boarded the barge SINHIN 6 while under tow by Malaysia-flagged tugboat SINHIN 5 near position 01-19N 104-17E in the westbound lane in the Singapore Strait Traffic Separation Scheme (TSS). At about 1510 local time, the robbers escaped with scrap metal. As the tug and barge continued their transit to Port Klang, the barge was boarded a second time at about 1650 local time by eight perpetrators. Again the robbers were able to escape with scrap metal. The crew was not injured during either incident.",keep,exclude,
2543,2543,2020-291,"On 1 October, one robber boarded a tanker berthed near position 06:21N - 010:47W, BMC Pier, Monrovia. A duty crew member on routine rounds saw the person on the forecastle and immediately informed the Duty officer. The alarm was raised and the local security guard was alerted. Seeing the crew's alertness, the robber escaped with stolen ship's stores. A search was made throughout the tanker. Incident reported to port authority and Coast Guard.",keep,exclude,
2557,2557,2024-3,"GULF OF ADEN: On 26 November at 0600 UTC, a vessel was approached by eight persons in military style clothing onboard two black and white craft 80 NM south of Aden, Yemen, near position 11-25N 045-03E. The craft approached to within 0.5 NM and were positioned on each quarter of the vessel. The master reported the vessel and all crew safe.",keep,exclude,
2562,2562,2020-289,"On 3 October, armed pirates attacked and boarded a passenger boat near position 04:54N 008: 1 5E, as the boat was transiting between Oron and Calabar, Cross River State. Reports state that during the incident the attackers injured several passengers and critically injured two with gunshot wounds, before robbing them of their belongings.",exclude,keep,
2570,2570,2022-135,"GULF OF ADEN: On 17 May, at 1950 local time, an underway tanker reported a suspicious approach by two skiffs approximately 65 NM south of Aden, Yemen, near position 11-51N 045-03E. The tanker executed evasive maneuvers and eventually the two skiffs left the area. The two skiffs reportedly approached to within 100 meters. The vessel and crew were reported safe.",keep,exclude,
2600,2600,2020-160,"On 6 March at 1430LT, robbers boarded the Singapore-flagged barge ANTARA KOH 18 in tow by the Indonesia-flagged tug CAPITOL T2001. At the time of the boarding, the tug and barge were anchored off Chittagong at 22:03N - 091:24E while a crane was being installed on the barge. The robbers stole the datalogger display and cut the safety system wiring. Batteries, diesel fuel, and hydraulic fluid were also stolen. The tugboat crew contacted a passing Coast Guard vessel via VHF. The Coast Guard subsequently took action to apprehend the robbers.",keep,exclude,
2611,2611,2020-33,"On 17 January, robbers boarded a sailing yacht anchored in Road Bay, ransacked the interior, and stole personal electronics and other valuables. Police investigators indicated that similar events had recently occurred at the anchorage area.",keep,exclude,
2641,2641,2021-95,"On 20 April, a single skiff approached a container ship approximately 200 NM south of Lagos, Nigeria, near position 03:01 N — 003:16E at 18:58 local time. The skiff closed to within 0.5 NM of the vessel but was unable to carry out a boarding due to evasive maneuvers carried out by the master.",exclude,keep,
2648,2648,2024-50,"RED SEA: On 30 December at 2017 UTC, two possible unmanned aerial vehicles (UAVs) fired on an underway vessel 48 NM southwest of Hodeida, Yemen, near position 14-21N 042-15E. The UAVs were not detected by the vessel’s radar, were flying at low altitude, and were identified visually prior to rounds being fired approximately 3 NM from the vessel’s location. The vessel was not hit by any rounds and continued its voyage.",keep,exclude,
2649,2649,2021-142,"NIGERIA: On 3 June, two speedboats with an undetermined number of armed men onboard intercepted and attacked two underway passenger boats returning to Port Harcourt on Ke community waterways in Degema, Rivers State Local Government Area. The robbers reportedly shot two passengers, who later died, and carted away goods and passengers' personal belongings, including the boats' two 75-horsepower outboard engines.",keep,exclude,
2671,2671,2020-99,"On 30 December, gunmen boarded and kidnapped eight crew members (five Greeks, two Filipinos, and one Ukrainian) from the Greece-flagged tanker HAPPY LADY while anchored 2 miles off Limboh Terminal, Cameroon. One Greek crew member was injured during the attack when a stray bullet from a gunman struck him. He was later taken to a local hospital.",exclude,keep,
2694,2694,2020-294,"On 17 September, four robbers boarded a passenger boat near position 04:43N - 007:34E, transiting between Okrika and Port Harcourt, within the Bonny river. The armed robbers, in a speedboat with an 85-HP engine, intercepted the passenger boat and held the pilot at gunpoint. The robbers removed the passenger boat engine and ordered the pilot to jump overboard. Marine Police were able to subsequently apprehend the robbers.",keep,exclude,
2711,2711,2022-174,"NIGERIA: On 16 July, pirates intercepted and boarded an underway passenger boat with an unknown number of people onboard while in transit on inland waterways from Calabar in Cross River State to Oron Beach in Akwa Ibom State, near position 04-55N 008-17E. According to press reports, the perpetrators stole passengers’ belongings and kidnapped all male passengers, including the boat captain. The female passengers were left in the passenger boat. One of the passengers contacted the authorities, and the Nigerian Navy and Marine Police responded and chased the pirates. The pirates escaped, and released all but two of the kidnapped male passengers. The released passengers were rescued by the Marine Police.",keep,exclude,
2725,2725,2020-151,"On 5 March at 0730 UTC, a skiff with as many as 10 persons approached product tanker STI BOSPHORUS at position 05:211N - 001:31E, 50 NM south of Lome. The tanker took evasive maneuvers, increased speed, and activated fire hoses. The skiff approached less than 1 NM from tanker before breaking off pursuit.",keep,exclude,
2727,2727,2022-145,"VENEZUELA: On 25 May, at 2130 local time, two yachts travelling together were approached and followed by two small boats while underway approximately 97 NM northeast of Gran Roque Island, near position 13-14N 065-35W. The two yachts were in transit from Grenada to Bonaire, Venezuela, when they were followed by the two small boats for almost two hours. When the two small boats came within 100 meters, the yachts increased their speed and performed evasive maneuvers until they got away. The yachts continued their voyage without further incident.",keep,exclude,
2735,2735,2020-27,"On 20 February, a merchant vessel reported a suspicious approach by three skiffs near position 13:37N - 049:42E, 71 NM southeast of al-Mukalla, Yemen.",keep,exclude,
2738,2738,2022-199,"NIGERIA: On 2 September, pirates approached and fired upon a passenger boat while underway from Bille to Port Harcourt in Degema Local Government Area, Rivers State. A spokesperson for the Rivers State police command confirmed one passenger killed and another wounded.",exclude,keep,
2748,2748,2020-179,"On 5 May at 1950 UTC, four robbers in a wooden boat came alongside an anchored product tanker approximately 29 NM northeast of Pulau Bintan at 01:36N - 104:52E. Two of the robbers armed with knives managed to board the tanker using a hook attached with a rope. When the Duty AB on routine rounds encountered the robbers, he immediately informed the bridge. The crew raised the alarm and  mustered. The robbers stole the crew members' UHF radio and fled. When the crew subsequently searched the vessel, they discovered padlocks to four storerooms were broken, but nothing was stolen.",keep,exclude,
2749,2749,2021-90,"On 27 March, a dinghy and outboard motor were stolen from a sailing yacht anchored near Pigeon Island. A police report was made.",keep,exclude,
2750,2750,2024-6,"SOMALIA: On 22 November at 0600 UTC, a group of armed Somali clan members hijacked the Iran-flagged fishing dhow ALMERAJ 1 while underway 90 NM northeast of Eyl. The militia’s reported reason for the hijacking was alleged IUU fishing by the fishing dhow. The dhow’s owner stated that the hijackers have demanded a $400,000 ransom and threatened to conduct further attacks if the ransom went unpaid. On 28 November, EUNAVFOR issued an official statement that Operation ATALANTA has deployed dedicated assets to monitor the dhow’s movements and report its position to maritime traffic.",exclude,keep,
2751,2751,2020-86,"On 20 January, an unknown number of heavily armed pirates boarded a yacht and shot a civilian dead near the coast of Cauca Department in the Pacific Ocean. According to navy officers, the pirates boarded the vessel, which was navigating toward Lopez de Micay, and stole personal belongings from three people before killing one individual. The assailants threw the victim's body into the sea and escaped on a small boat.",exclude,keep,
2754,2754,2022-7,"NIGERIA: On 1 January, an underway passenger boat was boarded and robbed while on transit between Yenegoa and Brass Island, Bayelsa State waterways, near position 04-24N 006-15E. The armed robbers stole passengers’ valuables and the 115 horsepower Yamaha engine. The passengers were left stranded in the creeks and a rescue team was dispatched to assist.",exclude,keep,
2755,2755,2020-97,"On 13 December, several persons attempted to board the Singapore-flagged LPG tanker NIKINSKY near position 36:45N - 003:04E, Port Of Algiers. The vessel was undergoing cargo operations when the duty officer onboard the ship noticed three individuals attempting to board the vessel by using the forward mooring lines. When the ship alarm was activated, the individuals fled. The crew then conducted a stowaway search through the vessel and confirmed that there was no presence of any unauthorized individuals onboard the ship. The incident was then reported to the local port authorities, who boarded the vessel in order to conduct their own investigation.",exclude,keep,
2757,2757,2021-105,"On 12 April, an unknown number of robbers boarded a tanker at Sandakan Port, near position 05:48N — 1 18:04E. A duty crewman heard a noise from the vessel's forecastle and spotted one robber. The alarm was raised and the crew was mustered, which resulted in the perpetrator jumping overboard into a waiting small boat. A full search was conducted, which confirmed the padlock securing the forward bosun store room had been broken, but a robber had been spotted before being able to enter. The search also revealed that the forward anchor bell had been stolen.",exclude,keep,
2760,2760,2023-7,"SAO TOME AND PRINCIPE: On 11 January at 0200 local time, two skiffs made a suspicious approach to an unidentified vessel located approximately 27 NM northwest of Sao Tome Island near position 00-45N 006-20E. The master took evasive action and increased the vessel’s speed causing the skiffs to abandon their approach. The crew and vessel are reported safe.",exclude,keep,
2761,2761,2020-189,"On 11 May at 0345 UTC, robbers boarded a cargo vessel berthed at Takoradi Port at 04:53N - 001 :44W and stole a life raft.",keep,exclude,
2764,2764,2020-44,Robbers boarded a drifting fishing vessel experiencing machinery problems near the mouth of the Sambreiro River. The robbers vandalized the vessel and escaped.,exclude,keep,
2767,2767,2020-158,"On 12 March at 0500LT, two crew members spotted robbers at the forecastle of the Singapore-flagged tanker ENDEAVOUR II anchored in General Santos Harbor at 06:05N - 125:12E. The robbers fled upon hearing the ship�??s alarm. The crew searched the vessel and found a broken padlock to the bosun�??s stores, but nothing was stolen. Port control was notified.",keep,exclude,
2776,2776,2020-75,"On 19 December, a merchant vessel reported a possible mothership towing a skiff near position 03:00N - 003:53E, 150 NM southwest of Brass Nigeria.",exclude,keep,
2778,2778,2020-107,"During routine rounds, a duty crewman aboard Panama-flagged vehicle carrier GALVESTON HIGHWAY anchored at Callao, Peru Anchorage, found the forecastle store room entrance door and a forward hatch cover open.  Upon investigating, the crew discovered three mooring lines missing. Incident reported to Callao port authority.",exclude,keep,
2793,2793,2021-267,"HAITI: On 27 October, at 0837 local time, unknown persons fired several gunshots at a bulk carrier berthed at the Port Au Prince VEP Terminal, near position 18-34N 072-20W. Five armed guards from the terminal who were onboard the bulk carrier retreated to the citadel with the crew. All crew members were reported safe, but the vessel sustained some damage from the gunshots. The incident was reported to the local agents.",keep,exclude,
2838,2838,2024-28,"GULF OF ADEN: On 18 December at 1028 UTC, armed personnel on five small boats approached a vessel approximately 63 NM northeast of Djibouti (exact location not specified). The approach was likely deterred by nearby coalition forces.",exclude,keep,
2842,2842,2020-204,"On 25 May at 0545LT, a robber boarded the anchored Hong Kong-flagged container ship MAERSK REGENSBURG at Banana Anchorage at 06:01S - 012:20E. The duty crewmen raised the alarm when the robber was spotted removing a lashing from the deck. After being detected, the robber fled in a small boat, powered by an outboard motor. The crew subsequently searched the vessel and found nothing missing",exclude,keep,
2845,2845,2021-199,"PHILIPPINES: On 10 July, two robbers boarded the Portugal-flagged container ship AS ROMINA while anchored at Manila Port, near position 14-33N 120-55E. A duty crewman discovered the robbers lowering materials by rope into a motorboat from the forecastle. Upon seeing the duty crewman, the robbers jumped overboard and escaped. An inspection confirmed that the boson’s storeroom was broken into and a number of ship’s items were missing. A maritime patrol was conducted within the area.",exclude,keep,
2848,2848,2023-158,"EGYPT: On 29 September at 1945 local time, the chief officer onboard a bulk carrier berthed at Port Said, near position 31-10N 032-20E, noticed two stevedores exiting from the helicopter store room. When the chief officer called out for the stevedores to stop, they ran away. One stevedore was apprehended with the assistance of a port safety officer. An investigation revealed that ship’s stores and properties had been stolen.",exclude,keep,
2854,2854,2022-144,"MALAYSIA: On 19 May, at 1345 local time, four robbers boarded the Malaysia-flagged barge SINHIN 6 towed by the Malaysia-flagged tug SINHIN 5 in the westbound lane of the Singapore Strait Traffic Separation Scheme (TSS), near position 01-13N 103-29E. The master was initially contacted by the Republic of Singapore Navy about a sampan in the vicinity of the tug. After the notification, the crewmembers sighted the four perpetrators onboard the barge. The robbers later escaped with stolen scrap metal. All crew were reported safe and the tugboat continued towing the barge to its destination. The master reported the incident to the local authorities.",exclude,keep,
2857,2857,2020-279,"On 20 September, a crew member onboard the Liberia-flagged container ship MSC REVENNA  attacked another crew member with a knife. The second crew member suffered stab wounds and subsequently  died from his injuries. The master of the ship persuaded attacker to surrender and locked him in a cabin. He was  arrested upon the ship's arrival at Long Beach - Los Angeles on 22 September.",exclude,keep,
2864,2864,2021-295,"COLOMBIA: On 5 December, at 0006 local time, robbers boarded an anchored product tanker at the port of Buenaventura, near position 03-53N 077-03E. The robbers stole ship's stores before escaping unnoticed.",keep,exclude,
2866,2866,2021-197,"U.S. VIRGIN ISLANDS: On 18 July, robbers stole a dinghy and outboard motor from a sailing yacht anchored in Salt Pond Bay.",keep,exclude,
2882,2882,2021-120,"SAINT MARTIN: On 5 January, robbers boarded an anchored catamaran in Marigot Bay while the crew was asleep. They stole personal electronics, a laptop, binoculars, a search light, sunglasses, a wallet with cash and credit cards, as well as a backpack with other personal items. A report was made to local police. They indicated that this was the fourth such incident recently.",exclude,keep,
2887,2887,2021-297,"GABON: On 13 December, at 0235 local time, an anchored tanker was approached by a small boat with 12 persons onboard in Owendo anchorage, near position 00-17N 009-25E. The crew members shouted and directed their flashlights to the approaching boat. The boat came within about 15 meters before the perpetrators aborted their approach. The Gabonese authorities were informed and dispatched a patrol vessel to secure the area.",keep,exclude,
2889,2889,2022-151,"PANAMA: On 22 May, at approximately 0100 local time, an in-water and locked 9.9HP outboard engine was stolen from an anchored yacht in Linton Bay. It is unknown if a police report was made.",keep,exclude,
2890,2890,2020-25,"On 25 February, the crew of a merchant vessel reported a suspicious approach by 11 skiffs with 4-5 persons onboard each skiff near position 12:13N - 044:06E, 67 NM northeast of Djibouti. The crew reported seeing ladders on the some of the skiffs.",keep,exclude,
2894,2894,2023-180,"SOUTHERN RED SEA: On 19 November at 1415 UTC, Yemen’s Huthi militants hijacked the Bahamas-flagged car carrier GALAXY LEADER 50 NM west of Hodeida, Yemen, near position 14-50N 041-55E. The vessel is beneficially owned by an Israeli shipping group. Video footage showed that armed militants boarded the vessel by helicopter in broad daylight. The militants captured 25 crew members, including Bulgarians, Filipinos, Mexicans, Romanians, and Ukrainians. The ship’s chief security officer reported the vessel had been taken to Hodeida.",keep,exclude,
2904,2904,2021-166,"ANTIGUA AND BARBUDA: On 9 March, robbers boarded a sailing yacht anchored in English Harbor. The robbers stole a dinghy. It was recovered the next morning from a nearby mangrove area, minus the 15-HP Yamaha outboard engine, fuel tank, fuel line and oars. A report was made to the marina and the police.",exclude,keep,
2912,2912,2020-271,"On 7 September, two suspected pirates were arrested by local authorities on Kanakota Island, Samarai-Murua District, Milne Bay province. Police following leads raided the village on the island and rounded up the pirates and confiscated two shotguns. They were suspected of belonging to a gang that attacked and robbed travelers at sea.",keep,exclude,
2913,2913,2022-247,"EQUATORIAL GUINEA: On 13 December at approximately 1007 UTC, pirates hijacked and kidnapped two crew members from a passenger vessel underway approximately 55 NM northwest of Bata, near position 02-48N 008-41E. The two kidnapped crew members are Cameroonian nationals. Following the departure of the pirates with the two hostages, the vessel was reported to be safe and under escort into the port of Douala.",keep,exclude,
2920,2920,2021-75,"NIGERIA: On 5 December, unidentified individuals in a skiff conducted a suspicious approach on the France-flagged LPG tanker VERRAZANE approximately 210 NM south of Lagos, Nigeria near position 02-59N 002-56E When the crew raised the alarm, the accompanying security escort vessel vectored towards the approaching speedboat. The skiff subsequently turned away and departed the area.",keep,exclude,
2943,2943,2022-207,"MALAYSIA: On 17 September at 1650 local time, as many as ten robbers from four sampans boarded a transiting barge towed by a Singapore-flagged tugboat in the westbound lane of the Singapore Strait Traffic Separation Scheme, in position 01-17N 104-09E. The crew noticed persons stealing cargo and raised the alarm. Vessel Traffic Information System was informed, and a patrol boat was sent to investigate. Upon seeing the patrol boat, the perpetrators escaped with stolen scrap metal. The master informed the port operations control center that the crew were safe and no assistance was required. The tugboat continued its voyage to Vietnam.",keep,exclude,
2946,2946,2023-66,"ANGOLA: On 19 April at 0230 local time, one perpetrator boarded an anchored refrigerated cargo ship at Luanda Anchorage near position 08-44S 013-18E. The duty watchman noticed an unauthorized person climb up the anchor chain and through the hawse pipe while another individual waited below on a small boat. The watchman raised the alarm and mustered the crew. Upon seeing the alerted crew, the perpetrator jumped into the water and escaped in the small boat. The master confirmed that all crew were safe and that nothing was reported stolen.",exclude,keep,
2948,2948,2022-130,"DEMOCRATIC REPUBLIC OF THE CONGO: On 6 May, at 2030 local time, three robbers boarded a general cargo ship berthed in the port of Matadi, near position 05-50S 013-25E. The robbers escaped with stolen ship’s properties. The incident was reported to the local authorities.",exclude,keep,
2954,2954,2023-88,"NIGERIA: On 25 May at approximately 1800 local time, an unknown number of perpetrators kidnapped 15 passengers from a local passenger boat transiting from Calabar to Akwa Ibom in the area around the Cross and Calabar Rivers. No ransom demand by the kidnappers has been reported.",exclude,keep,
2955,2955,2022-202,"PHILIPPINES: On 31 August, robbers boarded the berthed Singapore-flagged vehicle carrier NORD ADRIATIC at Batangas Port between 0730 and 2130 local time. The duty crew discovered the robbery while carrying out routine rounds and confirmed that ship’s properties had been stolen.",exclude,keep,
2957,2957,2021-66,"NIGERIA: On 26 November, criminals attacked a passenger boat underway to Port Harcourt on the Andoni River, Rivers State, near position 04-29N — 007:25E. During the attack, the attackers killed one passenger and wounded several others. Some passengers jumped overboard. One of the attackers fell into the water and was later arrested by police. The police identified the criminal as member of a gang that has been terrorizing the Bonny River.",keep,exclude,
2964,2964,2021-277,"NIGERIA: On 15 November, gunmen attacked fishermen in the Ibeno local government area of Akwa Ibom State and carted away eight outboard engines. This latest attack came less than 48 hours after sea pirates attacked fishermen in Itanwa area of Ikot Abasi LGA and stole eight Yamaha outboard engines. (",exclude,keep,
2967,2967,2022-81,"INDONESIA: On 27 January, at 1433 local time, one perpetrator armed with two handguns boarded the underway Indonesia-flagged fishing vessel KM MULYA JAYA RC in the waters of Sungai Pinang District, South Sumatra, near position 04-00S 105-58E. After threatening the crew at gunpoint, the robber accidentally slipped and fell overboard. The captain contacted the local police who responded and arrested the perpetrator.",keep,exclude,
2973,2973,2023-4,"MALAYSIA: On 4 January at 1355 local time, three robbers boarded a barge under tow by a Singapore-flagged tug in the eastbound lane of the Singapore Strait Traffic Separation Scheme (TSS), near position 01-17N 104-10E. The master reported that a quantity of scrap metal was stolen. The crew were reported as safe and the vessel did not require any assistance. The tug and barge continued to their next port call at Jakarta, Indonesia.",keep,exclude,
2977,2977,2024-24,"RED SEA: On 11 December at 2245 UTC, an entity claiming to be the Yemeni Navy ordered a vessel underway in the Red Sea to alter course to a port in Yemen",exclude,keep,
2979,2979,2021-88,"On 13 April, three robbers armed with knives boarded an anchored LPG tanker in Callao Anchorage, near position 12:00S — 077:12W at 19:40 local time. Two robbers assaulted a duty crewman on routine rounds. The alarm was raised and the crew was mustered. Seeing the alerted crew, the robbers escaped with stolen ship's properties. The incident was reported to authorities through a local agent.",keep,exclude,
2982,2982,2023-71,"RED SEA: On 19 April, the Russian-owned motor yacht 30 MINUTES lost contact with its owner while likely  off the coast of Yemen. The vessel reportedly departed Jazan, Saudi Arabia en route to Djibouti with three Russian  nationals and two Egyptians onboard. The owner stated that the yacht’s skipper managed to send a distress call  that the yacht was under attack by armed pirates. EUNAVFOR, UKMTO, and U.S. Fifth Fleet have all told press that  they are investigating the case.",keep,exclude,
2984,2984,2019-72,"AROUND 12NM NW OF TAWI-TAWI ISLAND, PHILIPPINES. TWO SUSPICIOUS HIGH-SPEED BOATS APPROACHED A BULK CARRIER UNDERWAY. MASTER RAISED THE ALARM, CREW MUSTERED AND ACTIVATED PRESSURIZED FIRE HOSES. PHILIPPINES NAVY HAS BEEN CONTACTED BY VHF RADIO. THE SUSPICIOUS BOATS APPROACHED TO A DISTANCE OF 500 METERS FROM THE SHIP AND MOVED AWAY. THE SHIP RESUMED HER PASSAGE TO THE NEXT PORT OF DESTINATION.",keep,exclude,
2985,2985,2021-118,"SAINT MARTIN: At 0340 on 10 January, the owner of a catamaran anchored in Marigot Bay was onboard and heard noise on deck. He found a woman hiding near the mast; she then jumped overboard and swam ashore. A locker had been opened and rifled through, with several items removed but left behind. A police report was made.",exclude,keep,
2993,2993,2020-20,"On 21 January, Indonesian tanker HORIZON MARU was boarded by four men armed with sharp weapons in Kabil waters, eastern Batam Island, Indonesia. The crew managed to fight robbers off, and in the process capture one of the perpetrators. One crewman suffered face injury. Captured robber was handed over to police.",keep,exclude,
3003,3003,2022-224,"INDONESIA: On 9 November at 0444 local time, one robber boarded a barge under tow by a Panamaflagged tugboat in the Phillip Channel of the Singapore Strait, near position 01-08N 103-29E. The robber managed to steal a mooring line before escaping. The master informed the Port Operations Control Centre that all crew was safe and that no assistance was required. The tugboat continued to tow the barge to Vietnam.",keep,exclude,
3035,3035,2023-127,"PERU: On 24 July at 0330 local time, the duty crew on routine rounds onboard an anchored bulk carrier at Callao Anchorage, near position 12-01S 077-12W, discovered a padlock broken and ship’s stores stolen. The crew conducted a search but no unauthorized persons were found onboard. The vessel reported the incident to port control and a patrol boat was dispatched to the ship’s location to search the area.",keep,exclude,
3040,3040,2021-110,"On 30 March, robbers boarded a barge under tow by a tugboat in the Singapore Strait near position 01:12N — 103:31E. Robbers in two boats came alongside the barge, stole an attached buoy, and headed towards Tanjung Pelepas. The master reported the incident via Vessel Traffic Service CH 73.",keep,exclude,
3064,3064,2021-274,"TRINADAD AND TOBAGO: On 29 October, robbers boarded a sailing yacht anchored in Chaguaramas and stole a dinghy with an outboard engine. A report was made to local authorities.",keep,exclude,
3066,3066,2022-131,"REPUBLIC OF THE CONGO: On 2 May, at 0233 local time, a small boat with two people onboard approached a hydrographic vessel anchored at Pointe Noire Anchorage, near position 04-45S 011-49E. The suspicious individuals were casting their flashlights on the vessel, and came within 100 meters when they were noticed by the security team onboard. After being spotted, the two people left the area.",exclude,keep,
3080,3080,2021-255,"HONDURAS: On 11 October, a catamaran traveling from Utila and bound for Shelter Bay Marina, Panama, was approached on the port stern by three launchas at 0930 local time approximately 50 NM off the coast of Honduras, near position 15-41N 082-40W. The three crew members presented themselves on deck with the intent to show menace, displaying what appeared to be a rifle and a barking dog. No weapons were evident in the lead launcha and it fell back, continuing to match the yacht’s speed on the starboard side for a few minutes, then it turned and left on a beam run, followed by the other two launchas. The three launchas carried a total of 11–13 men. The crew continued their passage to Panama without further incident and planned to make official reports to officials there with the aid of marina personnel, as well as to their consulates.",keep,exclude,
3087,3087,2021-183,"PHILIPPINES: On 20 April, robbers boarded the barge BAK DA 55, towed by the Mongolia-flagged tug BAK DA 5 while anchored at South Harbor Anchorage, Manila, near position 14-33N 120-56E at 02:55 local time. Five robbers were spotted transferring timber from the barge to a motor boat. The duty security guard raised the alarm, causing the perpetrators to jump overboard. A search was completed by the master and crew which resulted in the rescue of one robber from the water. The port state control and Philippine coast guard were informed of the incident and a vessel was dispatched to the location, resulting in the arrest of the perpetrator who had been rescued. It was reported that some cargo items had been stolen by the remaining perpetrators, including oil, and twenty-seven pieces of timber.",exclude,keep,
3096,3096,2022-178,"BANGLADESH: On 12 July, at 1200 local time, a boat with seven armed robbers onboard attempted to board the Malta-flagged heavy lift vessel BLUE MARLIN anchored in Mongla Anchorage, near position 21-56N 089-31E. The crew spotted the robbers, the alarm was raised, and the port authority was notified. A coast guard vessel was subsequently dispatched, and the perpetrators fled the area. Reporting indicates that the local law enforcement arrested and detained the seven suspects and their boat.",exclude,keep,
3109,3109,2021-115,"NIGERIA: On 22 December, the crew of the Singapore-flagged tanker BW PAVILION LEEARA reported a suspicious approach by a speedboat approximately 121 NM southwest of Brass, Nigeria, near position 02-26N 005-24E. When the speedboat approached the tanker on the port side, the Captain increased speed, altered course, and notified his company. The speedboat subsequently changed course and increased speed to continue its pursuit of the tanker. During the incident, the crew mustered in the citadel, apart from the Captain and two other crew members who remained on the bridge. The speed boat aborted the chase after 45 minutes.",exclude,keep,
3110,3110,2021-126,"BRAZIL: On 13 January, robbers boarded a bulk carrier berthed at Santana Port, near position 00-04S 051-10W. The robbery was discovered by duty crew on routine rounds. The robbers were able to board the bulk carrier, steal ship's property, and escape undetected. The crew notified the local police, who subsequently boarded the bulk carrier to carry out an investigation.",keep,exclude,
3122,3122,2020-21,"On 13 January, a duty watchman on routine rounds onboard a bulk carrier anchored near position 05:30S - 105: 1 7E, Panjang Anchorage, noticed the steering room lock was open and ship's engine spares were missing. Incident was  reported to local agent.",keep,exclude,
3123,3123,2023-141,"INDONESIA: On 9 August at 0335 local time, three unarmed robbers boarded the underway Cyprus-flagged bulk carrier SOPHOCLES GRAECIA in the eastbound lane of the Singapore Strait Traffic Separation Scheme (TSS), near position 01-04N 103-42E. Crew discovered the perpetrators in the engine room. The alarm was raised and crew mustered. A search of the ship found no further sign of the robbers onboard. The master reported that all crew were safe and that main engine spare parts were missing. Crew conducting a subsequent security check of the vessel found a plastic molded replica toy gun. The ship reported the incident to the local authorities, Singapore Police Coast Guard boarded and searched the ship after it arrived in port.",exclude,keep,
3124,3124,2020-202,"On 3 June at 1600LT, armed men in a speedboat hijacked a passenger boat transiting from Port Harcourt to Ke Clan, Degema near the Namasibi axis of the New Calabar River at 04:28N - 006:57E. During the hijacking, the pirates ordered the passengers to jump into the river. The 13 passengers who could swim jumped into the river. The pirates subsequently hijacked the passenger boat with the two remaining female passengers and an infant still onboard. As of 8 Figure 2. West Africa Piracy and Maritime Crime UNCLASSIFIED UNCLASSIFIED 4 June, media reported the whereabouts of the women and infant remained unknown.",exclude,keep,
3125,3125,2021-91,"On 26 March, robbers stole a small outboard motor from a dinghy alongside an occupied yacht anchored near Hog Island.",exclude,keep,
3135,3135,2021-233,"RED SEA: On 18 September, a merchant ship underway in the southern Red Sea, near position 14-08N 043-06E, approximately 13 NM west of Mocha, Yemen, reported an approach by two suspicious boats. The vessel’s onboard armed security team displayed their weapons, resulting in the boats moving away. The vessel and crew are safe. Ladders were reportedly sighted in both small boats.",exclude,keep,
3139,3139,2020-208,"On 14 May, individuals in two skiffs approached an underway Italy-flagged ro-ro vessel approximately 106 NM south of Cotonou near position 04:34N - 002:29E. The master increased speed and altered course, which resulted in the two vessels moving away. One skiff came to within 2.5 NM of the vessel",exclude,keep,
3141,3141,2020-262,"During the week of 21 August, the same private armed security member who held the bulk carrier JAEGER hostage for 3 days in July 2020 has done it again, on a different ship; reportedly for the same reason �?? non-payment of wages owed. The latest incident occurred aboard Mongolia-flagged survey ship GOLDEN PALM eing used by a Spanish chartering firm. GOLDEN PALM is used as a floating armory for armed security teams. Reportedly, the incident was short-lived and has been resolved.",keep,exclude,
3143,3143,2021-156,"COLOMBIA: On 9 January, ten individuals in a small craft boarded a container ship drifting approximately 45 NM west of Cartagena Sea Buoy, near position 10-15N  076-22W. The crew activated the alarm and a notified the authorities. Port Control instructed the ship to proceed to the pilot station. When the crew conducted a search, they discovered ship’s properties stolen. The search party also noticed that some intruders were still onboard and all crew immediately retreated into the accommodation area. Upon arriving at the pilot station, a coast guard boat arrived and escorted the ship to the inner anchorage, where the police and coast guard boarded and searched the ship. Five intruders were found and detained.",keep,exclude,
3162,3162,2024-33,"RED SEA: On 15 December at 0618 UTC, a UAV launched from Huthi-controlled territory struck the port side of the Liberia-flagged container ship AL JASRAH approximately 60 NM southwest of Hodeida, Yemen (exact location not specified). The impact resulted in a fire onboard and the loss of one container. Following the incident, the fire was extinguished and the crew and vessel were reported safe.",keep,exclude,
3175,3175,2020-62,"Two speedboats flying the flag of Libya fired shots at a German NGO rescue ship ALAN KURDI in international waters just outside of Libya's territorial waters.  The rescue ship received a report of migrants in distress.  The NGO ship arrived on scene and found a large overloaded raft.  ALAN KURDI's responders distributed lifejackets to the passengers and had begun to transfer them onboard when two white speedboats arrived.  A crewman in one of the speedboats then fired a bow-mounted machine gun at the rescue ship.  One Libyan boat took several of the migrants onboard, but these rescuees soon jumped off again, likely an indication of their reluctance to return to Libya.  Despite the interference, ALAN KURDI's crew was able to rescue more than 90 people, and headed toward Lampedus, Italy.",exclude,keep,
3177,3177,2020-71,"On 21 December, two merchant vessels reported a suspicious approach by a small boat carrying seven persons near position 00:19N - 009:23E, Owendo Anchorage. (MDAT-GoG)",exclude,keep,
3178,3178,2021-141,"GHANA: On 4 June, a wooden boat with ten people onboard approached an underway tanker in position 05:28N – 000:46E at 10:40 local time, approximately 46 NM east-southeast of Tema. The boat was signaling distress and requesting the ship to reduce speed. Because there was no sign of damage or distress to the boat, the master increased speed and raised the alarm for the crew to retreat to the citadel. When the boat came to within seventy meters, the master evaded all boarding attempts by putting the suspicious boat at her stern. The boat aborted its pursuit after following the tanker for twenty minutes. There was no piracy-related equipment sighted onboard the suspicious boat.",keep,exclude,
3185,3185,2022-249,"ERITREA: On 10 December at 0828 local time, two skiffs approached and fired upon a motor yacht in the northern section of the Bab el Mandeb Strait, near position 13-10N 042-56E. The skiffs approached to within 1 NM and fired upon the vessel. The yacht’s armed security team returned fire, after which the skiffs departed. The vessel and crew were reported safe following the incident.",exclude,keep,
3195,3195,2022-34,"PAPUA NEW GUINEA: On 20 January, an underway passenger boat with eight people onboard was hijacked and robbed between Pik Island and Raicoast in Madang waterways. According to press reports, the armed robbers stole the boat engine and left the boat and the passengers stranded at sea. The local police stated that the wounded boat skipper survived by swimming to the shore, while one passenger was found dead and six are still missing.",exclude,keep,
3200,3200,2020-275,"Somalia pirates freed the last three of the 3,639 hostages held in captivity over the past five years. The three had been working on an Iranian fishing vessel SIRAJ, when it was hijacked off the coast of Hobyo, Somalia in March 2015. They are now undergoing medical check-ups, including tests for COVID19, and will be on their way home after the clinical procedures",exclude,keep,
3201,3201,2020-13,"On 20 January, a product tanker was boarded by two robbers while anchored in Kabil  Anchorage, Pulau Batam. While they were stealing ship's properties, the crew noticed the robbers and managed to apprehend one of the robbers.  The other robber escaped in a waiting boat along with two other accomplices. The crew handed over the robber to the Indonesian marine police  who boarded the vessel for investigations. (",exclude,keep,
3212,3212,2021-123,"NIGERIA: On 13 January, the Singapore-flagged container ship MAERSK CARDIFF was reportedly approached approximately 150 NM south-southwest of Bonny. MDAT-GoG has confirmed that the vessel and crew are safe. A security vessel that was dispatched by Nigerian authorities to assist the vessel had arrived at the scene and confirmed that no suspicious craft were in the area.",exclude,keep,
3231,3231,2021-240,"SAO TOME and PRINCIPE: On 11 September at 0820 local time, a merchant tanker reported a suspicious approach approximately 28 NM east of Sao Tome, near position 00-08N 007-11E. The tanker initially spotted seven skiffs. Then three skiffs approached the vessel to a distance of 0.3 NM and altered their courses to be parallel with the vessel. After half an hour, the skiffs left the area and the vessel continued her voyage. The vessel and crew are safe.",keep,exclude,
3236,3236,2020-10,"On 16 February, Nigerian soldiers torched more than 20 homes in a community in the oil-rich Niger Delta after ""suspected pirates"" killed six people, security sources and residents said. Gunmen reportedly attacked a gunboat escorting a vessel in the volatile  waters off the Nigerian coast, a Nigerian security source said. ""During the ensuing gun battle, four of the soldiers and two civilians onboard the vessel were killed,"" the source added. Security forces focused on the nearby community of Lutugbene to launch a manhunt for the assailants in the  wake of the attack.",exclude,keep,
3251,3251,2020-57,"Robbers attacked three passengers boats taking a group of people to a wedding in Degama Local Government Area of Rivers State.  The robbers stole personal valuables and their boats, forcing the people to swim to shore.  When a rescue boat was sent to retrieve the passengers, the robbers attacked it, killing two people.  When a second rescue boat subsequently arrived on the scene, the robbers fired upon it and sank it.",exclude,keep,
3252,3252,2021-39,"On 3 March, the Bangladesh-flagged bulk carrier AKIJ PEARL reported a suspicious approach  by a skiff carrying three persons 11 NM southeast of Sibutu Island, Tawi Tawi, near position 04:29N �?? 1 19:36E.",exclude,keep,
3255,3255,2022-83,"02.12.2021 1230 UTC  POSN 01-03.0N 103-37.8E, SINGAPORE STRAITS. A BULK CARRIER UNDERWAY NOTICED A BOAT FLASHING A LIGHT TOWARDS THE BRIDGE. AS THE SHIP ALTERED COURSE THE BOAT FOLLOWED AND CONTINUED TO FLASH THE LIGHT. ALERT CREW NOTICED ANOTHER BOAT APPROACHING FROM THE QUARTER AND ATTEMPTING TO BOARD USING HOOKS ATTACHED WITH ROPES. MASTER RAISED THE ALARM AND CREW MUSTERED ON THE POOP DECK, RESULTING IN THE PERSONS ABORTING THE ATTEMPTED BOARDING. INCIDENT REPORTED TO SINGAPORE VTIS.",keep,exclude,
3272,3272,2020-11,"On 29 January, a duty crewman onboard the Panama-flagged offshore supply vessel POSH  KITTAWAKE berthed near 04:41 N - 007:09E, Onne Port, noticed an unauthorized person on deck. Alarm was raised and hearing the alerted crew,  the person escaped with stolen ship's properties. Incident reported to Port Authority and a search was carried out. (IMB)",exclude,keep,
3274,3274,2020-147,"On 15 March, two skiffs with four and six individuals onboard approached a supply vessel at anchorage 4 NM from Soyo at 06:04S - 009:25E. The alarm was raised and SSAS was activated. The skiffs subsequently changed their course and headed toward the Congo River. The port authorities were notified and a patrol boat was dispatched to the area.",keep,exclude,
3296,3296,2022-132,"ARABIAN SEA: On 5 May, 0630 local time, an underway tanker reported a suspicious approach by two small boats each with four persons onboard, approximately 335 NM east of Socotra, Yemen, near position 13-19N 060-14E. The two small boats approached to within a half NM of the tanker while a larger vessel and small crafts were also seen nearby. The tanker increased her speed and the small boats eventually left the area. The crew were reported safe and the tanker continued her voyage.",keep,exclude,
3311,3311,2020-287,"On 9 October, during heavy rain, armed robbers in two boats approached a product tanker berthed near position 03:26N �?? 003:22E, Apapa Bulk Terminal Ltd. Lagos Port, while engaged in cargo operations. The deck crew raised the alarm upon detecting the robbers. The discharging operations were suspended, all access doors were locked, and crew mustered in the citadel. The crew informed Port Control via VHF CH12. Upon hearing the alarm, the robbers fled empty handed. A Nigerian Navy officer subsequently boarded the tanker to investigate.",keep,exclude,
3313,3313,2021-51,"GHANA: On 17 November, a suspicious skiff approached an unidentified tanker within .5 NM approximately 47 NM south of Tegbi near position 05-04N – 001-07E.",exclude,keep,
