Reference,SubReg,Aggressor,Victim,Descript,Desc1,Desc2,Desc3,Desc4,Desc5,Desc6,Date,Year,PolygonID,MRGID,GeoName,Pol_type,MRGID_Ter1,Territory1,MRGID_Sov1,Sovereign1,ISO_Ter1,MRGID_Ter2,Territory2,MRGID_Sov2,Sovereign2,ISO_Ter2,MRGID_Ter3,Territory3,MRGID_Sov3,Sovereign3,ISO_Ter3,x_1,y_1,Area_km2,MRGID_EEZ
2017-89,57,Pirates,Bulk Carrier,NA,"NIGERIA:On 30 March at 0800Z a bulk carrier was attacked in 04-01N 006-48E. Four persons in a small boat boarded the vessel as it approached the pilot station. Five crew members escaped after being kidnapped by the pirates.UPDATE:On 25 April, five",Filipino seafarers who were kidnapped by Nigerian pirates last month returned home and were reunited with their families in Manila. The seamen recounted that heavily armed Nigerian pirates stormed their cargo ship and abducted five Filipinos from the,"ship. The seamen said the rest of the crew hid and were spared by the pirates. According to the seamen, the pirates released the kidnapped victims after the shipping company negotiated with the pirates, presumably with ransom payments.",NA,NA,NA,2017-03-30,2017,166,8474,Nigerian Exclusive Economic Zone,200NM,2253,Nigeria,2253,Nigeria,NGA,0,NA,0,NA,NA,0,NA,0,NA,NA,4.82278332072,4.08512461991,179050.962041,8474
2017-103,73,Pirates,Vessel,NA,"PAPUA NEW GUINEA:In late March, a group of 13 persons, including two foreign missionaries, were robbed at knife point as they were travelling to Fergusson Island, Milne Bay province, in vicinity09-24S 150-40E, via motor boat. The pirates stole almost","everything from the group, except one mobile phone which was later used to call for help.",NA,NA,NA,NA,2017-03-30,2017,217,8324,Papua New Guinean Exclusive Economic Zone,200NM,2237,Papua New Guinea,2237,Papua New Guinea,PNG,0,NA,0,NA,NA,0,NA,0,NA,NA,150.717739785,-5.46159340329,2399610.72138,8324
2017-98,57,Pirates,Tanker,NA,"NIGERIA:On 29 March, armed pirates in a boat chased and fired upon a tanker underway near position 04-05N 004-42E, 64 nm southwest of the Bayelsa Coast. The onboard armed naval security team returned fire resulting in the pirates aborting the attack and",moving away. All crew are safe. The tanker continued her voyage to the next port.,NA,NA,NA,NA,2017-03-29,2017,166,8474,Nigerian Exclusive Economic Zone,200NM,2253,Nigeria,2253,Nigeria,NGA,0,NA,0,NA,NA,0,NA,0,NA,NA,4.82278332072,4.08512461991,179050.962041,8474
2017-87,57,Pirates,Product Tanker,NA,"NIGERIA:On 29 March at 1233Z in vicinity 04-00N 004-40E, an underway product tanker was attacked by pirates.",NA,NA,NA,NA,NA,2017-03-29,2017,166,8474,Nigerian Exclusive Economic Zone,200NM,2253,Nigeria,2253,Nigeria,NGA,0,NA,0,NA,NA,0,NA,0,NA,NA,4.82278332072,4.08512461991,179050.962041,8474
2017-88,57,Pirates,Vessel,NA,NIGERIA:On 29 March at 1305Z a vessel was attacked in 04-09.58N 004-37.18E.,NA,NA,NA,NA,NA,2017-03-29,2017,166,8474,Nigerian Exclusive Economic Zone,200NM,2253,Nigeria,2253,Nigeria,NGA,0,NA,0,NA,NA,0,NA,0,NA,NA,4.82278332072,4.08512461991,179050.962041,8474
2017-109,25,Robbers,Sailing Vessel,NA,"SAINT VINCENT AND THE GRENADINES:On 28 March, two robbers boarded a sailing yacht anchored in Charlestown Bay, vicinity12-42N 061-20W. The yacht owner succeeded in scaring away the robbers and nothing was stolen. Report made to local authorities.",NA,NA,NA,NA,NA,2017-03-28,2017,91,8421,Saint Vincent and the Grenadines Exclusive Economic Zone,200NM,8651,Saint Vincent and the Grenadines,8651,Saint Vincent and the Grenadines,VCT,0,NA,0,NA,NA,0,NA,0,NA,NA,-61.6944240413,13.1580517887,36243.1925939,8421
2017-90,24,Robbers,Tanker,NA,"COLOMBIA:On 28 March at 0845Z in 10-19.3N 075-32.1W, an anchored tanker was boarded by pirates. The alarm was raised and crew mustered. Seeing the alerted crew, the robbers escaped with stolen ship's property.",NA,NA,NA,NA,NA,2017-03-28,2017,128,8426,Colombian Exclusive Economic Zone,200NM,2175,Colombia,2175,Colombia,COL,0,NA,0,NA,NA,0,NA,0,NA,NA,-78.0622198147,8.60754392884,718163.16433,8426
2017-85,71,Sucpicious Approach,Tanker,NA,"INDONESIA:On 26 March at 1254Z, an underway tanker was approached by two speed boats with two persons in each boat. Vessel took evasive action, sounded the horn and directed signal lamp towards boats. At a distance of 15 meters from the tanker, the speed",boats aborted and moved away.,NA,NA,NA,NA,2017-03-26,2017,220,8492,Indonesian Exclusive Economic Zone,200NM,2127,Indonesia,2127,Indonesia,IDN,0,NA,0,NA,NA,0,NA,0,NA,NA,117.898147552,-3.30903479808,6025109.71458,8492
2017-101,71,Robbers,Product Tanker,NA,"INDONESIA:On 26 March, one robber attempted to board an anchored product tanker near position01-43N 101-26E, Lubuk Gaung Anchorage, Dumai. Alert crewman noticed the robber and raised the alarm. Seeing the crew's alertness, the robber escaped in a boat",with three accomplices. The robbers were apprehended by Indonesian Marine Police patrolling in the vicinity.,NA,NA,NA,NA,2017-03-26,2017,220,8492,Indonesian Exclusive Economic Zone,200NM,2127,Indonesia,2127,Indonesia,IDN,0,NA,0,NA,NA,0,NA,0,NA,NA,117.898147552,-3.30903479808,6025109.71458,8492
2017-97,25,Robbers,Sailing Vessel,NA,"SAINT VINCENT AND THE GRENADINES:On 26 March, a dinghy and small outboard motor were stolen from a yacht anchored in Saline Bay, in vicinity 12-38N 061-24W. Report made to local area authorities.",NA,NA,NA,NA,NA,2017-03-26,2017,91,8421,Saint Vincent and the Grenadines Exclusive Economic Zone,200NM,8651,Saint Vincent and the Grenadines,8651,Saint Vincent and the Grenadines,VCT,0,NA,0,NA,NA,0,NA,0,NA,NA,-61.6944240413,13.1580517887,36243.1925939,8421
2017-100,72,Robbers,Bulk Carrier,NA,"INDONESIA:On 26 March, duty crewman on routine rounds onboard a bulk carrier anchored near position 03-43S 114-25E, Taboneo Anchorage, noticed the forecastle store room door lock was broken. Further checks made on the forecastle indicated that the hawse",pipe cover securing arrangements were cut through. The crewman informed the bridge and alarm was raised. Crew mustered and went to the forecastle and found ship's stores were stolen. Port Control informed.,NA,NA,NA,NA,2017-03-26,2017,220,8492,Indonesian Exclusive Economic Zone,200NM,2127,Indonesia,2127,Indonesia,IDN,0,NA,0,NA,NA,0,NA,0,NA,NA,117.898147552,-3.30903479808,6025109.71458,8492
2017-94,91,Robbers,Tanker,NA,"PHILIPPINES:On 26 March, duty crew onboard a tanker anchored near position 13-43N 121-02E, Batangas Anchorage, noticed a robber on the forecastle as he approached during routine rounds. The robber threatened the crewman with a knife, resulting in the","duty crew raising the alarm and retreating. Seeing the crew's alertness, the robber escaped in a boat. On conducting a thorough security check, ship properties found missing. Incident reported to the Philippines Coast Guard and Port Authority.",NA,NA,NA,NA,2017-03-26,2017,179,8322,Philippines Exclusive Economic Zone,200NM,2245,Philippines,2245,Philippines,PHL,0,NA,0,NA,NA,0,NA,0,NA,NA,122.546805869,12.3401155141,1971039.86154,8322
2017-86,62,Mothership Activity,Vessel,NA,"SOMALIA:On 24 March, possible mothership operations in area within 300 miles of 07-58N 049-53E have been reported.",NA,NA,NA,NA,NA,2017-03-24,2017,218,8350,Somali Exclusive Economic Zone,200NM,2187,Federal Republic of Somalia,2187,Federal Republic of Somalia,SOM,0,NA,0,NA,NA,0,NA,0,NA,NA,48.7178065692,5.38119709067,781835.626833,8350
2017-78,92,Pirates,Cargo Vessel,NA,"PHILIPPINES:On 23 March, probable Abu Sayyaf militants boarded the vehicle carrier SUPER SHUTTLE RORO 9, in vicinity 06-32N 122-34E, approximately 19 nm southeast of Sibago Island, in the Moro Gulf. Four crewmen were kidnapped during the boarding,","including the Master and Engineer.UPDATE:On 25 March, Philippine military elements rescued the Captain of the tug boat. On 27 March, Philippine military elements rescued the Engineer of the tug boat.",NA,NA,NA,NA,2017-03-23,2017,179,8322,Philippines Exclusive Economic Zone,200NM,2245,Philippines,2245,Philippines,PHL,0,NA,0,NA,NA,0,NA,0,NA,NA,122.546805869,12.3401155141,1971039.86154,8322
2017-102,91,Robbers,LPG Tanker,NA,"PHILIPPINES:On 21 March, one robber boarded an LPG tanker anchored near position13-40N 121-03E, JG Summit Berth, Batangas, during loading operations. An alert duty crewman saw a robber hiding near the starboard winches. When confronted, the robber","threatened the crew with a long knife. Alarm was raised and crew was alerted. Seeing the alerted crew, the robber escaped in a waiting boat with his accomplice. On searching the tanker after the incident, the crew reported ship's properties were stolen.",Local authorities and local agents informed.,NA,NA,NA,2017-03-21,2017,179,8322,Philippines Exclusive Economic Zone,200NM,2245,Philippines,2245,Philippines,PHL,0,NA,0,NA,NA,0,NA,0,NA,NA,122.546805869,12.3401155141,1971039.86154,8322
2017-79,71,Robbers,Tanker,NA,"INDONESIA:On 19 March, duty crewman on routine rounds onboard a tanker anchored near position 01-42N 101-28E: 0.8 nm off Pulat Rupat, Dumai, noticed one person attempting to climb onboard by using a hook attached to a bamboo stick. The duty crewman","informed the duty officer who raised alarm. Seeing the alerted crew, the intruders aborted and moved away.",NA,NA,NA,NA,2017-03-19,2017,220,8492,Indonesian Exclusive Economic Zone,200NM,2127,Indonesia,2127,Indonesia,IDN,0,NA,0,NA,NA,0,NA,0,NA,NA,117.898147552,-3.30903479808,6025109.71458,8492
2017-80,63,Robbers,Cargo Vessel,NA,"BANGLADESH:On 19 March, four armed men boarded the container ship SANTA FIORENZA, anchored near position 22-05N 091-48E, Chittagong Anchorage, and stole several gas cylinders. The master reported the incident to the Bangladesh Coast Guard via VHF Channel",12. They are investigating the incident.,NA,NA,NA,NA,2017-03-19,2017,164,8481,Bangladeshi Exclusive Economic Zone,200NM,2142,Bangladesh,2142,Bangladesh,BGD,0,NA,0,NA,NA,0,NA,0,NA,NA,90.5397686404,20.4111789845,112302.620749,8481
2017-92,28,Robbers,Sailing Vessel,NA,"GUATEMALA:On 18 March, an unknown number of robbers boarded a sailing yacht anchored in Shell Bay Anchorage, Rio Dulce, in vicinity 15-55N 088-43W. They were able to steal electric tools, anchor line and electronics and escape. Incident announced on","local, VHF radio net but not reported to local police.",NA,NA,NA,NA,2017-03-18,2017,67,8430,Guatemalan Exclusive Economic Zone,200NM,2097,Guatemala,2097,Guatemala,GTM,0,NA,0,NA,NA,0,NA,0,NA,NA,-92.0907971305,12.5524312281,110643.131743,8430
2017-77,24,Pirates,Sailing Vessel,NA,"COLOMBIA:On 15 March, a sailing yacht anchored at Isla Baru, in vicinity 10-10N 075-40W, was boarded by four men armed with a gun and a machete. They assaulted the Captain, hitting him with an oar, the machete and the gun. They ransacked the yacht,","stealing a computer, an unopened safe and a jar of peanut butter. Incident reported to local police and the local Coast Guard.",NA,NA,NA,NA,2017-03-15,2017,128,8426,Colombian Exclusive Economic Zone,200NM,2175,Colombia,2175,Colombia,COL,0,NA,0,NA,NA,0,NA,0,NA,NA,-78.0622198147,8.60754392884,718163.16433,8426
2017-68,62,Pirates,Tanker,NA,"SOMALIA:On 13 March, Somali pirates hijacked the Comoros-flagged tanker ARIS 13 as the ship was in transit with a cargo of fuel from Djibouti to Mogadishu, in vicinity 11-47N 050-31E.The ARIS 13 sent a distress call, turned off its tracking system and","altered course for the Somali port town of Alula, said a spokesman for the aid group Oceans Beyond Piracy. The ship reported it was being followed by two skiffs, and then it disappeared he said. Aircraft from regional naval force EU NAVFOR were flying","overhead to track the ship. The gunmen told a local Somali official they are fishermen whose equipment was destroyed by foreign illegal fishing vessels. Ali Shire Mohamud Osman, the district commissioner in the town of Alula, near where the ship has been","taken, said that he was trying to find out if the gunmen really were fishermen or were organized pirates. The tanker has a crew of eight Sri Lankans. This is the first time Somali pirates have successfully taken a commercial ship since 2012. Experts said","the ship was an easy target and ship owners were becoming lax after a long period without many attacks. On 16 March, a gun battle erupted between pirates onboard the ship and a detachment of troops from the Puntland Marine Police Force (PMPF), with one","PMPF trooper reportedly injured in the firefight.UPDATE:On 16 March, the Somali pirates who hijacked the vessel carrying fuel in Calula area coastline reportedly released the ship without any condition.",2017-03-13,2017,218,8350,Somali Exclusive Economic Zone,200NM,2187,Federal Republic of Somalia,2187,Federal Republic of Somalia,SOM,0,NA,0,NA,NA,0,NA,0,NA,NA,48.7178065692,5.38119709067,781835.626833,8350
2017-82,71,Robbers,Chemical Tanker,NA,"INDONESIA:On 11 March, an unknown number of robbers boarded a chemical tanker anchored near position 01-42N 101-26E, Lubuk Gaung Inner Anchorage, Dumai. The robbers stole ship's properties and escaped unnoticed. The theft was noticed by the duty crew",during routine rounds. Incident reported to the local agents.,NA,NA,NA,NA,2017-03-11,2017,220,8492,Indonesian Exclusive Economic Zone,200NM,2127,Indonesia,2127,Indonesia,IDN,0,NA,0,NA,NA,0,NA,0,NA,NA,117.898147552,-3.30903479808,6025109.71458,8492
2017-73,62,Pirates,Vessel,NA,"YEMEN:On 10 March, a Yemen Coast Guard vessel struck a mine in waters of the southern Red Sea, in vicinity 13-46N 042-13E, killing eight sailors and wounding eight others, including the vessel's captain.",NA,NA,NA,NA,NA,2017-03-10,2017,136,8351,Eritrean Exclusive Economic Zone,200NM,2111,Eritrea,2111,Eritrea,ERI,0,NA,0,NA,NA,0,NA,0,NA,NA,40.5925502681,15.8234585394,78108.5928819,8351
2017-60,57,Pirates,Vessel,NA,NIGERIA:Vessel attacked in 03-03N 006-57E on 10 March at 0630Z.,NA,NA,NA,NA,NA,2017-03-10,2017,166,8474,Nigerian Exclusive Economic Zone,200NM,2253,Nigeria,2253,Nigeria,NGA,0,NA,0,NA,NA,0,NA,0,NA,NA,4.82278332072,4.08512461991,179050.962041,8474
2017-65,62,Suspicous Approach,Vessel,NA,"GULF OF ADEN:On 09 March 2017 at 0845 UTC in position 13-52N - 050-20E, an MV reported two motherships had deployed four skiffs that approached the MV to within 1 cable. Onboard armed security team showed weapons and skiffs retreated. Vessel is safe.",NA,NA,NA,NA,NA,2017-03-09,2017,160,8353,Yemeni Exclusive Economic Zone,200NM,2199,Yemen,2199,Yemen,YEM,0,NA,0,NA,NA,0,NA,0,NA,NA,52.0616096242,12.8890558088,527382.733788,8353
2017-83,71,Robbers,Product Tanker,NA,"INDONESIA:On 09 March, duty crewman onboard a product tanker anchored near position05-52S 105-59E, Merak Anchorage OPL, noticed a boat close to the stern and informed the duty officer. Alarm was raised and crew was mustered. Hearing the alarm, one robber",was seen jumping overboard and escaping in the boat. Nothing reported stolen.,NA,NA,NA,NA,2017-03-09,2017,220,8492,Indonesian Exclusive Economic Zone,200NM,2127,Indonesia,2127,Indonesia,IDN,0,NA,0,NA,NA,0,NA,0,NA,NA,117.898147552,-3.30903479808,6025109.71458,8492
2017-58,57,Pirates,Vessel,NA,NIGERIA:Vessel attacked in 03-16N 004-31E on 08 March at 0830Z.,NA,NA,NA,NA,NA,2017-03-08,2017,166,8474,Nigerian Exclusive Economic Zone,200NM,2253,Nigeria,2253,Nigeria,NGA,0,NA,0,NA,NA,0,NA,0,NA,NA,4.82278332072,4.08512461991,179050.962041,8474
2017-72,57,Pirates,Bulk Carrier,NA,"NIGERIA:On 08 March, the bulk carrier SOFIA was near position 03-20N 004-29E 120 nm southwest of Brass, Bayelsa State while en route from Lagos to Owendo Anchorage, Libreville, Gabon when seven armed persons in a skiff approached and fired upon the ship.","Master and crew undertook following actions: alarm raised, ship increased speed and commenced evasive maneuvering. All non-essential crew retreated to the Citadel. After 40 minutes, the skiffs aborted the attack and moved away. Crew reported as safe.",Ship sustained some damage due to the gun firing.,NA,NA,NA,2017-03-08,2017,166,8474,Nigerian Exclusive Economic Zone,200NM,2253,Nigeria,2253,Nigeria,NGA,0,NA,0,NA,NA,0,NA,0,NA,NA,4.82278332072,4.08512461991,179050.962041,8474
2017-59,57,Pirates,Bulk Carrier,NA,"NIGERIA:On 08 March at 0800Z in 03-20.0N 004-28.9E, a bulk carrier was attacked. The vessel managed to evade the threat.",NA,NA,NA,NA,NA,2017-03-08,2017,166,8474,Nigerian Exclusive Economic Zone,200NM,2253,Nigeria,2253,Nigeria,NGA,0,NA,0,NA,NA,0,NA,0,NA,NA,4.82278332072,4.08512461991,179050.962041,8474
2017-66,62,Suspicious Approach,Vessel,NA,"GULF OF ADEN:On 07 March at 0834 UTC in position LAT 13-12N 048-58E, an MV reported being followed by a two skiffs with 16 - 20 armed persons. Skiffs followed astern for 40 minutes. MV is safe.",NA,NA,NA,NA,NA,2017-03-07,2017,160,8353,Yemeni Exclusive Economic Zone,200NM,2199,Yemen,2199,Yemen,YEM,0,NA,0,NA,NA,0,NA,0,NA,NA,52.0616096242,12.8890558088,527382.733788,8353
2017-57,71,Suspicious Approach,Cargo Vessel,NA,"PHILIPPINES:On 05 March, a skiff with six persons onboard approached and followed general cargo ship PHU AN 268 for approximately 1.5 hours. The skiff initially started following the ship near position 06-20N 118-08E, 4.43 nm northeast of Lihiman Island.","Master raised the alarm, increased speed and activated fire hoses. Incident reported to Malaysianauthorities. A patrol vessel rendezvoused with the vessel and escorted her to Sandakan port. All crew safe.",NA,NA,NA,NA,2017-03-05,2017,179,8322,Philippines Exclusive Economic Zone,200NM,2245,Philippines,2245,Philippines,PHL,0,NA,0,NA,NA,0,NA,0,NA,NA,122.546805869,12.3401155141,1971039.86154,8322
2017-63,25,Robbers,Product Tanker,NA,"VENEZUELA:On 01 March, three robbers boarded an anchored product tanker near position10-16N 064-42W, Puerto La Cruz. Alert crewman noticed the robbers and raised the alarm. Seeing the crew's alertness, the robbers escaped without stealing anything.",NA,NA,NA,NA,NA,2017-03-01,2017,125,8433,Venezuelan Exclusive Economic Zone,200NM,2201,Venezuela,2201,Venezuela,VEN,0,NA,0,NA,NA,0,NA,0,NA,NA,-65.914234022,12.7888675475,472616.003707,8433
2017-49,57,Suspicious Approach,Vessel,NA,"NIGERIA:On 02 March, an alert crewman onboard a general cargo vessel underway near position04-28N 002-30E, 127 nm southwest of Lagos, noticed a suspicious boat doing 9 knots at a distance of 0.9 nm astern. The cargo vessel increased speed and made large","course alterations and the boat appeared to follow. As the cargo vessel was slightly faster, after nearly two hours, the distance increased and the boat moved away. The cargo vessel continued its passage.",NA,NA,NA,NA,2017-03-02,2017,165,8393,Beninese Exclusive Economic Zone,200NM,2139,Benin,2139,Benin,BEN,0,NA,0,NA,NA,0,NA,0,NA,NA,2.42123297004,4.84154943849,35528.368644,8393
2017-135,57,Mothership Activity,Vessel,NA,"NIGERIA:On 29 April in 03-15N 007-00E, a suspected pirate mother vessel was observed in the Gulf of Guinea. Vessel was reported as being a supply vessel type around 60-80 meters in length with a white hull.",NA,NA,NA,NA,NA,2017-04-29,2017,166,8474,Nigerian Exclusive Economic Zone,200NM,2253,Nigeria,2253,Nigeria,NGA,0,NA,0,NA,NA,0,NA,0,NA,NA,4.82278332072,4.08512461991,179050.962041,8474
2017-130,57,Pirates,Vessel,NA,"NIGERIA:On 29 April, armed pirates in a speedboat boarded a general cargo vessel underway near position 03-41N 006-46E, 47 nm southwest of Bonny Island. Alarm raised, SSAS activated and all crew retreated into the citadel. Ship owner notified the IMB","Piracy Reporting Centre, who in turn informed and liaised with the Nigerian Navy. A naval vessel was dispatched to assist the vessel. The pirates damaged ship's equipment, stole crew cash and belongings and escaped before the naval team boarded the",vessel to rescue the crew. All crew reported safe.,NA,NA,NA,2017-04-29,2017,166,8474,Nigerian Exclusive Economic Zone,200NM,2253,Nigeria,2253,Nigeria,NGA,0,NA,0,NA,NA,0,NA,0,NA,NA,4.82278332072,4.08512461991,179050.962041,8474
2017-129,57,Pirates,Vessel,NA,"NIGERIA:On 29 April at 0408Z, a vessel was attacked in 03-51.2N 006-46.1E.",NA,NA,NA,NA,NA,2017-04-29,2017,166,8474,Nigerian Exclusive Economic Zone,200NM,2253,Nigeria,2253,Nigeria,NGA,0,NA,0,NA,NA,0,NA,0,NA,NA,4.82278332072,4.08512461991,179050.962041,8474
2017-132,57,Pirates,Vessel,NA,"NIGERIA:On 29 April at 1820Z, a vessel was attacked in 03-33N 006-42E.",NA,NA,NA,NA,NA,2017-04-29,2017,166,8474,Nigerian Exclusive Economic Zone,200NM,2253,Nigeria,2253,Nigeria,NGA,0,NA,0,NA,NA,0,NA,0,NA,NA,4.82278332072,4.08512461991,179050.962041,8474
2017-134,24,Robbers,Offshore Support Vessel,NA,"GUYANA:On 28 April at 0620Z, robbers were discovered on a seismic support vessel, in06-49.4N 058-10.2W, Georgetown anchorage. Duty officer on rounds noticed a boat alongside the vessel and raised the alarm. Seeing the alerted crew, the robbers were seen",escaping with stolen ship's properties.,NA,NA,NA,NA,2017-04-28,2017,109,8460,Guyanese Exclusive Economic Zone,200NM,2124,Guyana,2124,Guyana,GUY,0,NA,0,NA,NA,0,NA,0,NA,NA,-57.6411085408,8.61271338198,135053.148853,8460
2017-131,57,Pirates,Vessel,NA,"NIGERIA:On 28 April at 1850Z, a vessel was attacked in 03-49N 007-04E.",NA,NA,NA,NA,NA,2017-04-28,2017,166,8474,Nigerian Exclusive Economic Zone,200NM,2253,Nigeria,2253,Nigeria,NGA,0,NA,0,NA,NA,0,NA,0,NA,NA,4.82278332072,4.08512461991,179050.962041,8474
2017-139,25,Robbers,Vessel,NA,"SAINT VINCENT AND THE GRENADINES:On 27 April, a yacht was tied to a mooring in Luperon Bay, in vicinity 13-09N 061-14W, while the owner went ashore. Vandals released the yacht, removing all lines from it and the mooring. The yacht was seen adrift, an",emergency VHF call was made and the yacht was recovered undamaged.,NA,NA,NA,NA,2017-04-27,2017,91,8421,Saint Vincent and the Grenadines Exclusive Economic Zone,200NM,8651,Saint Vincent and the Grenadines,8651,Saint Vincent and the Grenadines,VCT,0,NA,0,NA,NA,0,NA,0,NA,NA,-61.6944240413,13.1580517887,36243.1925939,8421
2017-143,62,Pirates,Vessel,NA,"SAUDI ARABIA:On 25 April, Saudi Arabia confirmed that Yemen based Houthi rebel forces tried to attack an Armco fuel distribution terminal in Jazan province, in vicinity 17-08N 042-20E, with a remotely controlled boat, filled with explosives. The state",news agency said that the boat was destroyed by Saudi naval forces before it hit its target.,NA,NA,NA,NA,2017-04-25,2017,143,8356,Saudi Arabian Exclusive Economic Zone,200NM,2215,Saudi Arabia,2215,Saudi Arabia,SAU,0,NA,0,NA,NA,0,NA,0,NA,NA,40.4817099566,22.453897246,224137.855448,8356
2017-122,61,Pirates,Tanker,NA,"SOMALIA:On 22 April, six armed persons in a skiff chased and fired upon the underway tanker COSTINA near position 05-42N 048-53E, 30 nm northeast of Hobyo. Master raised the alarm and sent distress message, to which a warship responded. The skiff chased",the tanker for nearly two hours and then moved away due to the continuous evasive maneuvers. One crewman reportedly injured.,NA,NA,NA,NA,2017-04-22,2017,218,8350,Somali Exclusive Economic Zone,200NM,2187,Federal Republic of Somalia,2187,Federal Republic of Somalia,SOM,0,NA,0,NA,NA,0,NA,0,NA,NA,48.7178065692,5.38119709067,781835.626833,8350
2017-155,92,Robbers,Container Vessel,NA,"PHILIPPINES:On 22 April, duty crewman onboard a container vessel anchored near position07-10N 122-39E, 10 nm southwest of the Olutanga Coast noticed a small boat near the anchor chain. The hawse pipe cover was opened and the crewman informed the duty","officer, who raised the alarm. Two robbers were seen escaping from the vessel. Upon inspection, no stores were reported stolen. Incident reported to Davao coast guard and pilot station via VHF Channel 16.",NA,NA,NA,NA,2017-04-22,2017,179,8322,Philippines Exclusive Economic Zone,200NM,2245,Philippines,2245,Philippines,PHL,0,NA,0,NA,NA,0,NA,0,NA,NA,122.546805869,12.3401155141,1971039.86154,8322
2017-128,61,Pirates,Vessel,NA,"SOMALIA:On 22 April at 1610Z, a vessel was attacked in 05-39N 048-57E.",NA,NA,NA,NA,NA,2017-04-22,2017,218,8350,Somali Exclusive Economic Zone,200NM,2187,Federal Republic of Somalia,2187,Federal Republic of Somalia,SOM,0,NA,0,NA,NA,0,NA,0,NA,NA,48.7178065692,5.38119709067,781835.626833,8350
2017-127,72,Pirates,Bulk Carrier,NA,"INDONESIA:On 20 April in 00-15.7S 117-34.5E, Samarinda anchorage, three robbers boarded an anchored bulk carrier. The alarm was raised and crew mustered. Seeing the crew alertness, the robbers escaped without stealing anything.",NA,NA,NA,NA,NA,2017-04-20,2017,220,8492,Indonesian Exclusive Economic Zone,200NM,2127,Indonesia,2127,Indonesia,IDN,0,NA,0,NA,NA,0,NA,0,NA,NA,117.898147552,-3.30903479808,6025109.71458,8492
2017-118,57,Pirates,Tanker,NA,"NIGERIA:On 19 April, nine pirates in a skiff approached and fired upon a tanker underway near position 03-25N 005-46E, 59 nm south-southwest of Brass. Alarm raised, fire pumps started and non-essential crew retreated to the citadel. Vessel increased",speed and conduct evasive maneuvers. While the Master communicated with the escort vessel the skiff was seen aborting and moving away. Crew and tanker reported safe.,NA,NA,NA,NA,2017-04-19,2017,166,8474,Nigerian Exclusive Economic Zone,200NM,2253,Nigeria,2253,Nigeria,NGA,0,NA,0,NA,NA,0,NA,0,NA,NA,4.82278332072,4.08512461991,179050.962041,8474
2017-117,57,Pirates,Tug,NA,"NIGERIA:On 19 April at 0934Z, an offshore tug was attacked and boarded by armed pirates in04-06.43N 006-15.34E. Pirates kidnapped eight crew members and escaped. Nigerian Navy has been notified and rescue operations are in progress. One crew member was",reported injured and evacuated.,NA,NA,NA,NA,2017-04-19,2017,166,8474,Nigerian Exclusive Economic Zone,200NM,2253,Nigeria,2253,Nigeria,NGA,0,NA,0,NA,NA,0,NA,0,NA,NA,4.82278332072,4.08512461991,179050.962041,8474
2017-116,57,Pirates,Tanker,NA,"NIGERIA:On 19 April at 0855Z, a tanker was attacked in 03-25N 005-36E. Nine pirates in a speed boat fired upon a tanker being escorted by a security boat. Master immediately notified the escort vessel and Nigerian Navy. Pirates aborted the attack and",moved away. The tanker and crew are safe.,NA,NA,NA,NA,2017-04-19,2017,166,8474,Nigerian Exclusive Economic Zone,200NM,2253,Nigeria,2253,Nigeria,NGA,0,NA,0,NA,NA,0,NA,0,NA,NA,4.82278332072,4.08512461991,179050.962041,8474
2017-125,72,Robbers,Bulk Carrier,NA,"INDONESIA:On 19 April, three robbers boarded an anchored bulk carrier near position00-15S 117-34E, Samarinda Anchorage. Alarm raised and crew mustered. Seeing the crew¿s alertness, the robbers escaped without stealing anything.",NA,NA,NA,NA,NA,2017-04-19,2017,220,8492,Indonesian Exclusive Economic Zone,200NM,2127,Indonesia,2127,Indonesia,IDN,0,NA,0,NA,NA,0,NA,0,NA,NA,117.898147552,-3.30903479808,6025109.71458,8492
2017-126,92,Pirates,Cargo Vessel,NA,"PHILIPPINES:On 18 April, armed men tried to commandeer a cargo vessel off the waters of Zamboanga del Norte, in vicinity 08-10N 122-31E, police said. A police spokesman said armed men on two motorized boats fired at M/V DOÑA ANABELLE while it was sailin",near Santa Maria village in Siocon town. The spokesman added that the four men tried to board the vessel but later departed after seeing an approaching Philippine Navy boat and that said no one was hurt.,NA,NA,NA,NA,2017-04-18,2017,179,8322,Philippines Exclusive Economic Zone,200NM,2245,Philippines,2245,Philippines,PHL,0,NA,0,NA,NA,0,NA,0,NA,NA,122.546805869,12.3401155141,1971039.86154,8322
2017-115,62,Suspicious Approach,Container Vessel,NA,"RED SEA:On 16 April at 1022Z, a vessel was approached in 12-49.1N 043-16.0E. Three blue skiffs with five persons in each approached the underway container vessel. Master raised the alarm, non-essential crew retreated into the citadel and the armed","security team showed their weapons. When skiffs were one mile from the vessel, the security team fired a rocket flare. The skiffs aborted after seeing the flare. At 1035Z, another skiff approached only to be turned away by another rocket flare from the","security team. At 1050Z, two more skiffs approached the vessel. Security team showed their weapons and the skiff aborted the approach. All crew reported safe. Ship continued her passage.",NA,NA,NA,2017-04-16,2017,134,48956,Disputed area Doumeira Islands: Djibouti / Eritrea,Disputed,2111,Eritrea,2111,Eritrea,ERI,2131,Djibouti,2131,Djibouti,DJI,0,NA,0,NA,NA,43.2222066003,12.7588941374,244.983278024,48956
2017-119,62,Pirates,Product Tanker,NA,"GULF OF ADEN:On 15 April, six pirates armed with automatic weapons in a white skiff approached and fired upon the product tanker ALHEERA underway near position 12-53N 048-02E. Master raised the alarm, contacted UKMTO and non-essential crew members took",shelter in the citadel. A Chinese Navy warship responded. The armed security team onboard returned fire resulting in the pirates aborting the attack and moving away. Crew and tanker are safe.,NA,NA,NA,NA,2017-04-15,2017,160,8353,Yemeni Exclusive Economic Zone,200NM,2199,Yemen,2199,Yemen,YEM,0,NA,0,NA,NA,0,NA,0,NA,NA,52.0616096242,12.8890558088,527382.733788,8353
2017-114,62,Pirates,Vessel,NA,"GULF OF ADEN:On 15 April at 1316Z, the M/V Alheera was attacked in 12-53N 047-57E.",NA,NA,NA,NA,NA,2017-04-15,2017,160,8353,Yemeni Exclusive Economic Zone,200NM,2199,Yemen,2199,Yemen,YEM,0,NA,0,NA,NA,0,NA,0,NA,NA,52.0616096242,12.8890558088,527382.733788,8353
2017-113,62,Pirates,Vessel,NA,"YEMEN:On 14 April at 0652Z, a vessel was attacked in 15-55.5N 052-20.7E. Shots were fired towards the vessel.",NA,NA,NA,NA,NA,2017-04-14,2017,160,8353,Yemeni Exclusive Economic Zone,200NM,2199,Yemen,2199,Yemen,YEM,0,NA,0,NA,NA,0,NA,0,NA,NA,52.0616096242,12.8890558088,527382.733788,8353
2017-120,28,Robbers,Vessel,NA,"GUATEMALA:On 10 April, one robber boarded an anchored yacht at Bahia de Graciosa, in vicinity 15-51N 088-32W, waking both crewmembers. The captain went topside and discovered a man was removing the small outboard from the rail mount. A scuffle ensued,","and the captain ended up in the water next to the thief's boat. The thief had a handgun tucked into the front waistband of his pants, but did not remove it. He attempted to hold the captain's head underwater but was unsuccessful. The captain sustained","minor injuries. After the thief departed, the yacht moved about 5 miles to Tres Puntas where 5 other cruising boats were anchored. Report made to local authorities in the morning.",NA,NA,NA,2017-04-10,2017,67,8430,Guatemalan Exclusive Economic Zone,200NM,2097,Guatemala,2097,Guatemala,GTM,0,NA,0,NA,NA,0,NA,0,NA,NA,-92.0907971305,12.5524312281,110643.131743,8430
2017-105,62,Suspicious Approach,Vessel,NA,"YEMEN:On 09 April at 0315Z in 14-20N 053-11E, a vessel reported a suspicious approach. The vessel approached to a distance of 1NM from the bow with an additional four skiffs on the starboard beam at a distance of 0.5NM. Four persons were spotted on each",skiff with weapons. Security team aboard vessel showed presence and the vessels moved away.,NA,NA,NA,NA,2017-04-09,2017,160,8353,Yemeni Exclusive Economic Zone,200NM,2199,Yemen,2199,Yemen,YEM,0,NA,0,NA,NA,0,NA,0,NA,NA,52.0616096242,12.8890558088,527382.733788,8353
2017-111,62,Suspicious Approach,Tanker,NA,"GULF OF ADEN:On 08 April, a suspicious skiff with three persons on board approached an underway tanker near position 14-09N 051-37E, approximately 140 nm northwest of Socotra Island. Alarm was raised, crew alerted and onboard security guard showed","weapons. Seeing the vessel hardening and alerted crew, the skiff aborted the approach and moved away from the tanker. All crew safe. The tanker continued her passage.",NA,NA,NA,NA,2017-04-08,2017,160,8353,Yemeni Exclusive Economic Zone,200NM,2199,Yemen,2199,Yemen,YEM,0,NA,0,NA,NA,0,NA,0,NA,NA,52.0616096242,12.8890558088,527382.733788,8353
2017-104,62,Pirates,Vessel,NA,"GULF OF ADEN:On 08 April, armed pirates in a skiff boarded the tanker bulk carrier OS 35 near position14-02N 051-40E, 147nm southeast of Al Mukalla. The Master and crew stopped the engine and retreated into the citadel and requested help via radio. The",vessel was later boarded by China¿s PLA Navy personnel and all crew was rescued. The crew resumed control of the vessel and sailed to a safe port.,NA,NA,NA,NA,2017-04-08,2017,160,8353,Yemeni Exclusive Economic Zone,200NM,2199,Yemen,2199,Yemen,YEM,0,NA,0,NA,NA,0,NA,0,NA,NA,52.0616096242,12.8890558088,527382.733788,8353
2017-110,57,Robbers,Bulk Carrier,NA,"ANGOLA:On 07 April, duty crewman on routine rounds onboard a bulk carrier anchored near position 05-52S 013-02E, Congo River, noticed six robbers on the forecastle and informed the duty officer on the bridge. Alarm was raised and ships whistle sounded.","Seeing the alerted crew, the robbers escaped in their boat with the stolen ship's properties.",NA,NA,NA,NA,2017-04-07,2017,39,8478,Angolan Exclusive Economic Zone,200NM,2150,Angola,2150,Angola,AGO,0,NA,0,NA,NA,0,NA,0,NA,NA,11.0353708514,-11.701097795,495861.858053,8478
2017-121,28,Pirates,Vessel,NA,"HONDURAS:On 06 April, a yacht with 2 persons onboard anchored off Graham's Place, in vicinity16-28N 085-50W. They met a man who identified himself by name and then asked several questions about their planned stay, and number of persons on board. Later","that evening, they were boarded by 4 armed men (3 - 9 mm handguns, 1 rifle), wearing military style pants, and all wearing ranger type boots. One of the men was the man they had met earlier in the day. They demanded all things of value and threatened to","kill the crew if they made any noise or resisted. The captain and crew complied, and the men departed with cash, electronics, iPads, cameras, cellphone, a gas tank, and a propane cylinder after threatening to return if any report was made. A detailed",report was made to local police and the port captain.,NA,NA,2017-04-06,2017,126,8427,Honduran Exclusive Economic Zone,200NM,2103,Honduras,2103,Honduras,HND,0,NA,0,NA,NA,0,NA,0,NA,NA,-83.84844835,16.9115353147,208534.450393,8427
2017-106,25,Robbers,Sailing Vessel,NA,"MARTINIQUE:On 05 April, robbers boarded a sailing yacht berthed at the long main dock in Port de France, vicinity 14-36N 061-05W. An outboard motor fuel tank was reported stolen.",NA,NA,NA,NA,NA,2017-04-05,2017,101,33178,Martinican Exclusive Economic Zone,200NM,8655,Martinique,17,France,MTQ,0,NA,0,NA,NA,0,NA,0,NA,NA,-60.2005459721,14.9751154515,47599.5553363,33178
2017-99,61,Pirates,Vessel,NA,"SOMALIA:On 04 April, Somali pirates hijacked SALAMA I off the coast of central Somalia, in vicinity 03-37N 048-47E. The vessel is reportedly carrying a cargo of food.",NA,NA,NA,NA,NA,2017-04-04,2017,218,8350,Somali Exclusive Economic Zone,200NM,2187,Federal Republic of Somalia,2187,Federal Republic of Somalia,SOM,0,NA,0,NA,NA,0,NA,0,NA,NA,48.7178065692,5.38119709067,781835.626833,8350
2017-96,62,Suspicious Approach,Vessel,NA,"YEMEN:On 03 April at 0530Z in 13-10N 043-03E, a M/V reported being approached by six light blue skiffs with five persons on each skiff. Ladders and hooks were observed on the skiffs. Vessel raised the alarm and armed guards took positions on the bridge",wing. Skiffs departed after a few minutes.,NA,NA,NA,NA,2017-04-03,2017,136,8351,Eritrean Exclusive Economic Zone,200NM,2111,Eritrea,2111,Eritrea,ERI,0,NA,0,NA,NA,0,NA,0,NA,NA,40.5925502681,15.8234585394,78108.5928819,8351
2017-95,61,Pirates,Vessel,NA,SOMALIA:Indian cargo dhow Al KAUSAR with 11 crew enroute form Dubai to Bosaso was hijacked in vicinity 07-58N 049-51E on 01 April. The pirates took the vessel to the Eyl coast of Somalia where they are awaiting ransom payment.UPDATE:The kidnappers took,"the crew onshore in central Galmudug state and clashed with troops two days later, the territory's minister for ports and sea transport, Burhan Warsame, said. ¿We rescued the nine crew and they are healthy and safe,¿ he added.",NA,NA,NA,NA,2017-04-01,2017,218,8350,Somali Exclusive Economic Zone,200NM,2187,Federal Republic of Somalia,2187,Federal Republic of Somalia,SOM,0,NA,0,NA,NA,0,NA,0,NA,NA,48.7178065692,5.38119709067,781835.626833,8350
2017-169,72,Robbers,Bulk Carrier,NA,"INDONESIA:On 31 May, robbers boarded a bulk carrier anchored near position 07-46S 109-04E, Cilacap Anchorage, stole ship's properties and escaped. The theft was noticed by the duty crew during routine rounds. Incident reported to the local agents.",NA,NA,NA,NA,NA,2017-05-31,2017,220,8492,Indonesian Exclusive Economic Zone,200NM,2127,Indonesia,2127,Indonesia,IDN,0,NA,0,NA,NA,0,NA,0,NA,NA,117.898147552,-3.30903479808,6025109.71458,8492
2017-164,62,Pirates,TAnker,NA,"GULF OF ADEN:On 31 May, three assailants in a skiff armed with an RPG chased and fired upon a laden Marshall Islands-flagged tanker MUSKIE near position 12-35N 043-25E, near the Bab el Mandeb Strait. Alarm raised and non-essential crew members mustered",in the citadel. The onboard armed security team fired warning shots that resulted in the skiff moving away. A second skiff followed the tanker. UKMTO was notified and two warships were reported proceeding to the area. All equipment reported to be,"operational and no injuries to crew. The tanker is safe and continued her passage to Rabigh, Saudi Arabia.",NA,NA,NA,2017-05-31,2017,160,8353,Yemeni Exclusive Economic Zone,200NM,2199,Yemen,2199,Yemen,YEM,0,NA,0,NA,NA,0,NA,0,NA,NA,52.0616096242,12.8890558088,527382.733788,8353
2017-179,83,Robbers,Sailing Vessel,NA,"FIJI:On 31 May, two robbers boarded a sailing yacht anchored near position17-19S 177-07E, Wayasewa Island. The robbers stole an iPad, 2 phones and a dive lamp. Local authorities notified.",NA,NA,NA,NA,NA,2017-05-31,2017,213,8325,Fijian Exclusive Economic Zone,200NM,2108,Fiji,2108,Fiji,FJI,0,NA,0,NA,NA,0,NA,0,NA,NA,94.9811669811,-17.9942361498,1283243.50985,8325
2017-170,71,Robbers,Tanker,NA,"INDONESIA:On 28 May, six persons armed with guns boarded a tanker, using a rope, near position02-49N 105-17E, 24 nm west of Pulau Jemaja. They tied up the crew, threatened them with their weapons, stole ship's cash and master's personal belongings and","escaped. Incident reported to the CSO, who notified the authorities.",NA,NA,NA,NA,2017-05-28,2017,220,8492,Indonesian Exclusive Economic Zone,200NM,2127,Indonesia,2127,Indonesia,IDN,0,NA,0,NA,NA,0,NA,0,NA,NA,117.898147552,-3.30903479808,6025109.71458,8492
2017-167,51,Robbers,Container Vessel,NA,"SIERRA LEONE:On 26 May, robbers boarded an anchored container ship near position 08-26N 013-28W, Free Town Roads Anchorage, stole ship's properties and escaped. The theft was discovered by duty crew during routine rounds.",NA,NA,NA,NA,NA,2017-05-26,2017,73,8390,Sierra Leonian Exclusive Economic Zone,200NM,2191,Sierra Leone,2191,Sierra Leone,SLE,0,NA,0,NA,NA,0,NA,0,NA,NA,-14.1446799886,6.6354075324,160578.277588,8390
2017-162,24,Robbers,Cargo Vessel,NA,"VENEZUELA:On 24 May, six robbers boarded an anchored general cargo ship, near position10-17N 064-42W, near Isla Boraccha, Pozuelos Bay Anchorage, and broke into the forecastle store room. Alert duty crewman noticed the robbers and informed the duty","officer who raised the alarm. Seeing the alert crew, the robbers escaped with stolen ship's property. Master tried to contact Port Authorities by VHF but received no response.",NA,NA,NA,NA,2017-05-24,2017,125,8433,Venezuelan Exclusive Economic Zone,200NM,2201,Venezuela,2201,Venezuela,VEN,0,NA,0,NA,NA,0,NA,0,NA,NA,-65.914234022,12.7888675475,472616.003707,8433
2017-166,71,Robbers,Tanker,NA,"INDONESIA:On 24 May, two robbers armed with a machete boarded an anchored product tanker near position 01-43N 101-25E, Dumai Anchorage. Alarm raised and crew mustered. The robbers escaped with stolen ship's properties.",NA,NA,NA,NA,NA,2017-05-24,2017,220,8492,Indonesian Exclusive Economic Zone,200NM,2127,Indonesia,2127,Indonesia,IDN,0,NA,0,NA,NA,0,NA,0,NA,NA,117.898147552,-3.30903479808,6025109.71458,8492
2017-186,24,Robbers,Sailing Vessel,NA,"SAINT VINCENT AND THE GRENADINES:On 24 May, a dinghy and outboard motor were stolen from a sailing yacht anchored in Wallilabou, in vicinity 13-16N 061-16W.",NA,NA,NA,NA,NA,2017-05-24,2017,91,8421,Saint Vincent and the Grenadines Exclusive Economic Zone,200NM,8651,Saint Vincent and the Grenadines,8651,Saint Vincent and the Grenadines,VCT,0,NA,0,NA,NA,0,NA,0,NA,NA,-61.6944240413,13.1580517887,36243.1925939,8421
2017-160,61,Pirates,Fishing Vessel,NA,"SOMALIA:On 23 May, Somali pirates reportedly hijacked an Iranian fishing vessel, in vicinity07-45N 050-13E, to use as a base to attack bigger, more valuable ships, Ali Shire, the mayor of Habo in the northern semi-autonomous region of Puntland, told","Reuters. ¿The Iranian fishing vessel does not have a license to fish in Puntland,¿ he added.",NA,NA,NA,NA,2017-05-23,2017,218,8350,Somali Exclusive Economic Zone,200NM,2187,Federal Republic of Somalia,2187,Federal Republic of Somalia,SOM,0,NA,0,NA,NA,0,NA,0,NA,NA,48.7178065692,5.38119709067,781835.626833,8350
2017-156,24,Robbers,Chemical Tanker,NA,"VENEZUELA:On 18 May, robbers boarded an anchored chemical tanker near position 10-11N 064-46W, 4 nm west of Lecheria, stole ship's equipment, stores and escaped unnoticed. Theft noticed by crew on routine rounds.",NA,NA,NA,NA,NA,2017-05-18,2017,125,8433,Venezuelan Exclusive Economic Zone,200NM,2201,Venezuela,2201,Venezuela,VEN,0,NA,0,NA,NA,0,NA,0,NA,NA,-65.914234022,12.7888675475,472616.003707,8433
2017-148,57,Pirates,Cargo Vessel,NA,"NIGERIA:On 17 May, armed pirates boarded a general cargo ship near position 03-59N 006-46E, approximately 50 nm southwest of Port Harcourt. They kidnapped six crew members and escaped. The remaining crew sailed the vessel to Bonny anchorage. The Nigerian",Navy is investigating the case.,NA,NA,NA,NA,2017-05-17,2017,166,8474,Nigerian Exclusive Economic Zone,200NM,2253,Nigeria,2253,Nigeria,NGA,0,NA,0,NA,NA,0,NA,0,NA,NA,4.82278332072,4.08512461991,179050.962041,8474
2017-158,57,Pirates,Vessel,NA,"NIGERIA:On 16 May, Warri gunmen kidnapped four Itsekiri community leaders and four officials of Elcrest, a Nigerian Petroleum Development Company, along the Benin River, Warri North Local Government Area of Delta State, in vicinity 05-45N 005-03. The",victims were on their way to Warri after an engagement when the boat in which they were traveling was hijacked by gunmen who fired several gunshots before whisking them away.,NA,NA,NA,NA,2017-05-16,2017,166,8474,Nigerian Exclusive Economic Zone,200NM,2253,Nigeria,2253,Nigeria,NGA,0,NA,0,NA,NA,0,NA,0,NA,NA,4.82278332072,4.08512461991,179050.962041,8474
2017-149,62,Suspicious Approach,Bulk Carrier,NA,"GULF OF ADEN:On 16 May, an Indian anti-piracy patrol received a distress call from a Liberia-registered bulk carrier that reported a suspicious incident by two suspicious mother vessels along with 7-8 skiffs. When it sent the distress call, bulk carrier","LORD MOUNTBATTEN was located in vicinity 14-09N 052-23E, 230 nautical miles southwest of Salalah, Oman, and the INS SHARDA immediately proceeded to investigate the incident. One high caliber ALM rifle alone with a filled magazine was found hidden on","board one of the dhows, which was confiscated.",NA,NA,NA,2017-05-16,2017,160,8353,Yemeni Exclusive Economic Zone,200NM,2199,Yemen,2199,Yemen,YEM,0,NA,0,NA,NA,0,NA,0,NA,NA,52.0616096242,12.8890558088,527382.733788,8353
2017-150,73,Suspicious Approach,Offshore Supply Vessel,NA,"INDONESIA:On 16 May, an underway offshore supply ship was approached by a small speed boat near position 03-32N 126-23E, 26 nm southwest of Kepulauan Talaud North Sulawesi. The small boat closed to approximately 30 meters. Alarm raised, crew mustered and","fire pump started to charge fire hoses. Seeing the alerted crew, the boat aborted and moved away.",NA,NA,NA,NA,2017-05-16,2017,220,8492,Indonesian Exclusive Economic Zone,200NM,2127,Indonesia,2127,Indonesia,IDN,0,NA,0,NA,NA,0,NA,0,NA,NA,117.898147552,-3.30903479808,6025109.71458,8492
2017-157,27,Robbers,Vessel,NA,"CAYMAN ISLANDS:On 12 May, a beached dinghy/outboard motor was stolen from the beach area near downtown Georgetown, in vicinity 19-18N 081-21W.",NA,NA,NA,NA,NA,2017-05-12,2017,60,8407,Cayman Islands Exclusive Economic Zone,200NM,8638,Cayman Islands,2208,United Kingdom,CYM,0,NA,0,NA,NA,0,NA,0,NA,NA,-81.1391391941,19.153448028,118398.433806,8407
2017-159,57,Suspicious Approach,Tanker,NA,"NIGERIA:On 12 May, crew of a tanker underway near position 03-58N 007-33E, Yoho Anchorage, noticed two skiffs with around nine persons approaching in suspicious way. Alarm raised and crew was mustered. One skiff closed to a distance of three meters and",seeing the alerted crew moved away.,NA,NA,NA,NA,2017-05-12,2017,166,8474,Nigerian Exclusive Economic Zone,200NM,2253,Nigeria,2253,Nigeria,NGA,0,NA,0,NA,NA,0,NA,0,NA,NA,4.82278332072,4.08512461991,179050.962041,8474
2017-151,74,Robbers,Bulk Carrier,NA,"INDONESIA:On 11 May, a robber armed with a knife boarded an anchored bulk carrier via the anchor chain near position 14-50S 117-32E, Muara Berau Anchorage, Samarinda. Duty crewman on routine rounds noticed the robber and informed the duty officer who","raised the alarm and mustered the crew. Hearing the alarm and seeing the crew's alertness, the robber escaped via the anchor chain. A search was carried out. Nothing reported stolen.",NA,NA,NA,NA,2017-05-11,2017,19,8323,Australian Exclusive Economic Zone,200NM,2147,Australia,2147,Australia,AUS,0,NA,0,NA,NA,0,NA,0,NA,NA,138.083587564,-27.369229549,6870741.53364,8323
2017-152,92,Pirates,Vessel,NA,"PHILIPPINES:On 10 May, authorities recovered the remains of a fisherman and young boy, who went missing and who are believed to be have been killed by pirates in the seas off Tungawan town, Zamboanga Sibugay, in vicinity 07-32N 122-31E. A spokesman said","that the victims bore hack wounds on their faces, heads, arms, and legs.",NA,NA,NA,NA,2017-05-10,2017,179,8322,Philippines Exclusive Economic Zone,200NM,2245,Philippines,2245,Philippines,PHL,0,NA,0,NA,NA,0,NA,0,NA,NA,122.546805869,12.3401155141,1971039.86154,8322
2017-146,62,Pirates,Vessel,NA,"IRAN:On 07 May at 1440Z, a vessel was attacked in 25-32N 057-33E.",NA,NA,NA,NA,NA,2017-05-07,2017,138,8469,Iranian Exclusive Economic Zone,200NM,2126,Iran,2126,Iran,IRN,0,NA,0,NA,NA,0,NA,0,NA,NA,53.8860317307,29.7820224927,215347.604482,8469
2017-153,57,Suspicious Approach,Container Vessel,NA,"IVORY COAST:On 06 May, duty officer onboard a container ship anchored near position005-10N 004-04W, Abidjan Anchorage, noticed a suspicious boat approaching from astern and alerted the duty crew on deck. As the boat came alongside, alarm and ship's","whistle sounded and fire pump started. Seeing the alerted crew, the boat slowly moved away, circled the ship once and then departed. Port control informed.",NA,NA,NA,NA,2017-05-06,2017,119,8473,Ivory Coast Exclusive Economic Zone,200NM,2161,Ivory Coast,2161,Ivory Coast,CIV,0,NA,0,NA,NA,0,NA,0,NA,NA,-5.4494860846,3.30806149919,172015.188351,8473
2017-147,22,Robbers,Container Vessel,NA,"PERU:On 04 May, six robbers armed with knives boarded a container ship anchored near position 12-01S 077-12W, Callao Anchorage. They took hostage a duty crewman and the shore security watchman and tied them up. The robbers then broke into the forecastle",store and escaped with stolen ship's stores. The duty crewman and watchman managed to free themselves and informed the duty officer who raised the alarm. Incident reported to the local agent and port authority.,NA,NA,NA,NA,2017-05-04,2017,260,8432,Peruvian Exclusive Economic Zone,200NM,2257,Peru,2257,Peru,PER,0,NA,0,NA,NA,0,NA,0,NA,NA,-78.883056182,-11.9042309742,855322.284264,8432
2017-136,62,Suspicious Approach,Vessel,NA,"YEMEN:On 03 May in 13-10N 049-18E, a group of nine skiffs with black and white hulls approached a vessel. After the skiffs surrounded the vessel at 0.6NM, the vessel fired two warning shots and the skiffs moved away.",NA,NA,NA,NA,NA,2017-05-03,2017,160,8353,Yemeni Exclusive Economic Zone,200NM,2199,Yemen,2199,Yemen,YEM,0,NA,0,NA,NA,0,NA,0,NA,NA,52.0616096242,12.8890558088,527382.733788,8353
2017-141,71,Robbers,Tanker,NA,"MALAYSIA:On 03 May at 1706Z, an underway tanker was boarded by robbers in 01-16.6N 103-17.6E. The second engineer noticed five robbers in the engine room. The alarm was raised and the robbers escaped after seeing alerted crew.",NA,NA,NA,NA,NA,2017-05-03,2017,251,8483,Malaysian Exclusive Economic Zone,200NM,2230,Malaysia,2230,Malaysia,MYS,0,NA,0,NA,NA,0,NA,0,NA,NA,108.435167801,4.85143661206,510822.838776,8483
2017-145,71,Robbers,Bulk Carrier,NA,"INDONESIA:On 02 May, three robbers boarded a bulk carrier anchored near position 05-57S 106-55E, Tanjung Priok Anchorage, Jakarta. The robbers entered into the engine room, stole ship's engine spares and escaped. Duty crewman noticed the robbers escaping",in an unlit boat and raised the alarm. Port Control informed.,NA,NA,NA,NA,2017-05-02,2017,220,8492,Indonesian Exclusive Economic Zone,200NM,2127,Indonesia,2127,Indonesia,IDN,0,NA,0,NA,NA,0,NA,0,NA,NA,117.898147552,-3.30903479808,6025109.71458,8492
2017-142,62,Suspicious Approach,Vessel,NA,"GULF OF ADEN:On 02 May, a merchant vessel reported a suspicious group of three to four skiffs, green and white hulls with four to five persons in each skiff, in position 12-26N 043-50E, 12 nm off Yemeni coast, near the entrance to Bab el Mandeb Strait.",NA,NA,NA,NA,NA,2017-05-02,2017,160,8353,Yemeni Exclusive Economic Zone,200NM,2199,Yemen,2199,Yemen,YEM,0,NA,0,NA,NA,0,NA,0,NA,NA,52.0616096242,12.8890558088,527382.733788,8353
2017-144,63,Robbers,Tanker,NA,"BANGLADESH:On 02 May, two robbers boarded a product tanker anchored near position22-13N 091-44E, Chittagong Anchorage. Duty crewman spotted the robbers on the poop deck and informed the duty officer, who raised the alarm. PA announcement made and crew","was mustered. Hearing the alarm and seeing the crew's alertness, the robbers escaped without stealing anything.",NA,NA,NA,NA,2017-05-02,2017,164,8481,Bangladeshi Exclusive Economic Zone,200NM,2142,Bangladesh,2142,Bangladesh,BGD,0,NA,0,NA,NA,0,NA,0,NA,NA,90.5397686404,20.4111789845,112302.620749,8481
2017-133,62,Suspicious Approach,Vessel,NA,"GULF OF ADEN:On 01 May at 1300Z, a M/V was approached in 12-08N 044-16E. Five skiffs with five persons on board approached the vessel. Skiffs approached to .2NM before armed security team aboard vessel fired warning shots. All five skiffs turned away",after the warning shots were fired. Vessel and crew are safe.,NA,NA,NA,NA,2017-05-01,2017,160,8353,Yemeni Exclusive Economic Zone,200NM,2199,Yemen,2199,Yemen,YEM,0,NA,0,NA,NA,0,NA,0,NA,NA,52.0616096242,12.8890558088,527382.733788,8353
2017-182,62,Suspicious Approach,Vessel,NA,"YEMEN:On 30 June at 0820Z, a vessel was approached by four skiffs with seven persons on board each, in 12-53N 043-11E. The skiffs approached to within 40 meters of vessel before retreating.",NA,NA,NA,NA,NA,2017-06-30,2017,136,8351,Eritrean Exclusive Economic Zone,200NM,2111,Eritrea,2111,Eritrea,ERI,0,NA,0,NA,NA,0,NA,0,NA,NA,40.5925502681,15.8234585394,78108.5928819,8351
2017-181,62,Suspicous Approach,Vessel,NA,"GULF OF ADEN:On 28 June at 0800Z, five skiffs with four or five persons on board each, approached a vessel in 12-28N 043-44E. The skiffs approached to 0.5 NM before retreating.",NA,NA,NA,NA,NA,2017-06-28,2017,160,8353,Yemeni Exclusive Economic Zone,200NM,2199,Yemen,2199,Yemen,YEM,0,NA,0,NA,NA,0,NA,0,NA,NA,52.0616096242,12.8890558088,527382.733788,8353
2017-207,63,Pirates,Fishing Vessel,NA,"BANGLADESH:On 28 June, gunmen kidnapped four fishermen along with two trawlers near the Moktar area of the Meghna River, in vicinity 22-39N 090-49E. Local people said a gang of sea robbers of the notorious Kalam Bahini gang raided the two trawlers and","looted valuables, then kidnapped the four men and escaped.",NA,NA,NA,NA,2017-06-28,2017,164,8481,Bangladeshi Exclusive Economic Zone,200NM,2142,Bangladesh,2142,Bangladesh,BGD,0,NA,0,NA,NA,0,NA,0,NA,NA,90.5397686404,20.4111789845,112302.620749,8481
2017-180,62,Suspicious Approach,Vessel,NA,"YEMEN:On 25 June at 1411Z in 14-43.6N 042-05.6E, a vessel was approached by one dark hulled skiff with eight persons on board. The skiff was armed with weapons. Skiff approached to within three cables of the vessel.",NA,NA,NA,NA,NA,2017-06-25,2017,160,8353,Yemeni Exclusive Economic Zone,200NM,2199,Yemen,2199,Yemen,YEM,0,NA,0,NA,NA,0,NA,0,NA,NA,52.0616096242,12.8890558088,527382.733788,8353
2017-184,24,Robbers,Tanker,NA,"VENEZUELA:On 24 June, eight robbers boarded an anchored tanker near position 10-12 N 064-46W, Jose Terminal Anchorage, during the pre-departure inspection. They assaulted a duty crewman on security rounds. Another crew noticed the robbers, raised the",alarm and injured himself as he fled from the robbers. The duty officer sounded the general alarm and ship's whistle resulting in the robbers escaping. No loss of property was reported. The injured crew was sent ashore for medical attention. Coast Guard,informed.,NA,NA,NA,2017-06-24,2017,125,8433,Venezuelan Exclusive Economic Zone,200NM,2201,Venezuela,2201,Venezuela,VEN,0,NA,0,NA,NA,0,NA,0,NA,NA,-65.914234022,12.7888675475,472616.003707,8433
2017-187,93,Pirates,Tanker,NA,"MALAYSIA:On 23 June, CP 41, a laden tanker en route from Singapore to Songkhla, Thailand, was boarded by six armed pirates from a speed boat near position 03-55N 103-52E, 33 nm north-northeast of Kuantan. They took the 17 crew members hostage, hit a few","crewmen, damaged the navigation and communication equipment, and robbed valuables from the crew. All crewmen and the captain were safe but almost half of its cargo was siphoned off by the pirates who spoke Bahasa (Indonesian). CP 41 was loaded with 3.8","million liters of diesel oil, and the pirates siphoned 1.5 million liters of the cargo to another ship and left the hijacked tanker the next morning. The crew said they were held captive at gunpoint during the hijack.",NA,NA,NA,2017-06-23,2017,251,8483,Malaysian Exclusive Economic Zone,200NM,2230,Malaysia,2230,Malaysia,MYS,0,NA,0,NA,NA,0,NA,0,NA,NA,108.435167801,4.85143661206,510822.838776,8483
2017-192,71,Suspicious Approach,Offshore Supply Vessel,NA,"INDONESIA:On 13 June, duty crewman onboard an offshore supply vessel anchored near position01-00N 104-14E, Singatac Anchorage, Pulau Bintan, noticed four suspicious persons in a small boat near the stern of the vessel. He immediately informed the duty","officer, switched on the search lights, sounded the ship's whistle and shouted at the robbers. Seeing the crew alertness, the robbers escaped. A search of the ship was carried out. Nothing reported stolen.",NA,NA,NA,NA,2017-06-13,2017,220,8492,Indonesian Exclusive Economic Zone,200NM,2127,Indonesia,2127,Indonesia,IDN,0,NA,0,NA,NA,0,NA,0,NA,NA,117.898147552,-3.30903479808,6025109.71458,8492
2017-171,62,Suspicious Approach,Vessel,NA,"RED SEA:On 13 June at 1350Z, a vessel was approached by four skiffs with six persons in each skiff, in 12-56.49N 043-12.17E. Skiffs approached and followed the vessel for about ten minutes. Security team aboard vessel showed weapons and skiff dropped",back.,NA,NA,NA,NA,2017-06-13,2017,136,8351,Eritrean Exclusive Economic Zone,200NM,2111,Eritrea,2111,Eritrea,ERI,0,NA,0,NA,NA,0,NA,0,NA,NA,40.5925502681,15.8234585394,78108.5928819,8351
2017-175,71,Robbers,Research Vessel,NA,"INDONESIA:On 13 June, robbers boarded a research vessel anchored near position 00-45N 104-08E, Galang Layup Anchorage, stole ship's equipment and escaped unnoticed. The theft was noticed in the morning during routine rounds. Incident reported to the",local agents and Port Authorities.,NA,NA,NA,NA,2017-06-13,2017,220,8492,Indonesian Exclusive Economic Zone,200NM,2127,Indonesia,2127,Indonesia,IDN,0,NA,0,NA,NA,0,NA,0,NA,NA,117.898147552,-3.30903479808,6025109.71458,8492
2017-176,71,Robbers,Tanker,NA,"INDONESIA:On 07 June, two robbers boarded a tanker, at anchor, near position 01-21N 104-36E,8 nm north of Tg Berakit, Bintan Island. They threatened the duty crewman with a knife, took his radio and held him hostage. They then entered the engine room",through the steering flat door. When the duty crewman failed to report to the bridge the duty officer raised the alarm resulting in the robbers escaping with stolen ship's property.,NA,NA,NA,NA,2017-06-07,2017,220,8492,Indonesian Exclusive Economic Zone,200NM,2127,Indonesia,2127,Indonesia,IDN,0,NA,0,NA,NA,0,NA,0,NA,NA,117.898147552,-3.30903479808,6025109.71458,8492
2017-168,62,Suspicious Approach,Vessel,NA,"RED SEA:On 03 June, a merchant vessel was approached by a number of skiffs with four or five persons in each skiff and weapons sighted in position 12-57N 043-06E, near Bab el Mandeb Strait. There were nine skiffs sighted; however, it is uncertain if they",were working together.,NA,NA,NA,NA,2017-06-03,2017,136,8351,Eritrean Exclusive Economic Zone,200NM,2111,Eritrea,2111,Eritrea,ERI,0,NA,0,NA,NA,0,NA,0,NA,NA,40.5925502681,15.8234585394,78108.5928819,8351
2017-163,62,Pirates,Tanker,NA,"GULF OF OMAN:On 01 June, armed persons attacked the Marshall Islands-flagged tanker NAVIG8 PROVIDENCE near position 23-32N 060-26E, 100 nm east-southeast of Muscat, Oman.",NA,NA,NA,NA,NA,2017-06-01,2017,142,8354,Omani Exclusive Economic Zone,200NM,2251,Oman,2251,Oman,OMN,0,NA,0,NA,NA,0,NA,0,NA,NA,58.6699806823,18.9491464112,556485.906171,8354
2017-203,57,Pirates,Tanker,NA,"NIGERIA:On 31 July at 1750Z, a tanker was attacked by pirates in 04-07.5N 007-00.0E. The pirates stole personal belongings and three crew members were reported missing.",NA,NA,NA,NA,NA,2017-07-31,2017,166,8474,Nigerian Exclusive Economic Zone,200NM,2253,Nigeria,2253,Nigeria,NGA,0,NA,0,NA,NA,0,NA,0,NA,NA,4.82278332072,4.08512461991,179050.962041,8474
2017-200,57,Pirates,Vessel,NA,"NIGERIA:On 30 July, the cargo vessel OYA 1 was attacked and boarded by piratesin 04-10.12N 006-59.44E. The pirates kidnapped five crew members and escaped. The Nigerian Navy has been notified.UPDATE: On 19 August, two Moroccan sailors kidnapped on 30","July were released, according to a spokesman for the Moroccan government.",NA,NA,NA,NA,2017-07-30,2017,166,8474,Nigerian Exclusive Economic Zone,200NM,2253,Nigeria,2253,Nigeria,NGA,0,NA,0,NA,NA,0,NA,0,NA,NA,4.82278332072,4.08512461991,179050.962041,8474
2017-201,62,Suspicious Approach,Vessel,NA,"YEMEN:On 29 July between 1630Z and 1830Z, a vessel was approached three instances in vicinity14-16N 051-08E. The vessel was approached by one skiff from the starboard side. The vessel fired a warning shot and the skiff turned away.",NA,NA,NA,NA,NA,2017-07-29,2017,160,8353,Yemeni Exclusive Economic Zone,200NM,2199,Yemen,2199,Yemen,YEM,0,NA,0,NA,NA,0,NA,0,NA,NA,52.0616096242,12.8890558088,527382.733788,8353
2017-204,25,Robbers,Vessel,NA,"SAINT VINCENT AND THE GRENADINES: On 25 July, a yacht was boarded in Canouan, in vicinity 12-43N 061-20W, by a single male who dove overboard and swam away after being confronted by the owners. Several VHF calls to the SVG Coast Guard were not answered.","The owners departed the next morning and made a report to the SVG police in Bequia, who indicated they would forward the report to the SVG Canouan police.",NA,NA,NA,NA,2017-07-25,2017,91,8421,Saint Vincent and the Grenadines Exclusive Economic Zone,200NM,8651,Saint Vincent and the Grenadines,8651,Saint Vincent and the Grenadines,VCT,0,NA,0,NA,NA,0,NA,0,NA,NA,-61.6944240413,13.1580517887,36243.1925939,8421
2017-199,62,Suspicious Approach,Vessel,NA,"YEMEN:On 25 July at 1230Z, a vessel was approached by nine white skiffs with ten persons in each skiff, in 14-53N 042-27E. The skiffs closed to two cables and ladders were sighted. The armed security presence deterred the skiffs. The vessel is currently",being followed by five skiffs.,NA,NA,NA,NA,2017-07-25,2017,160,8353,Yemeni Exclusive Economic Zone,200NM,2199,Yemen,2199,Yemen,YEM,0,NA,0,NA,NA,0,NA,0,NA,NA,52.0616096242,12.8890558088,527382.733788,8353
2017-194,51,Pirates,Bulk Carrier,NA,"SENEGAL:On 22 July at 0249Z fishing vessel approached and attempted to board an underway bulk carrier in 15-31.9N 018-10.0W. The alarm was raised, crew mustered, vessel increased speed and conducted evasive maneuvers.",NA,NA,NA,NA,NA,2017-07-22,2017,116,8371,Senegalese Exclusive Economic Zone,200NM,2225,Senegal,2225,Senegal,SEN,0,NA,0,NA,NA,0,NA,0,NA,NA,-18.5035747312,13.6946293156,158604.115529,8371
2017-202,51,Robber,Tanker,NA,"LIBERIA:On 21 July, a suspicious man was sighted on the poop deck of a merchant tanker anchored near position 06-21N 010-52W, Monrovia Anchorage. Vessel raised the alarm, crew members conducted a search but nothing was reported stolen. No injuries",reported.,NA,NA,NA,NA,2017-07-21,2017,121,8391,Liberian Exclusive Economic Zone,200NM,2105,Liberia,2105,Liberia,LBR,0,NA,0,NA,NA,0,NA,0,NA,NA,-10.1776290674,3.80280296257,251776.275286,8391
2017-195,91,Robbers,Container Vessel,NA,"PHILIPPINES:On 14 July, two robbers boarded an anchored container ship near position14-33N 120-55E, Manila South Harbor Anchorage. Duty crewman informed the Chief Officer who raised the alarm. Crew mustered and moved towards the bow. Seeing the alerted","crew, the robbers escaped with ship's properties. Manila VTMS informed. The coast guard boarded the ship for investigation.",NA,NA,NA,NA,2017-07-14,2017,179,8322,Philippines Exclusive Economic Zone,200NM,2245,Philippines,2245,Philippines,PHL,0,NA,0,NA,NA,0,NA,0,NA,NA,122.546805869,12.3401155141,1971039.86154,8322
2017-197,94,Robbers,Fishing Vessel,NA,"TAIWAN:On 13 July, the Coast Guard Administration (CGA) said that all seven fishermen aboard the Taiwanese fishing boat JIN JIN HE FA 2 were safe after being robbed by men from a Chinese boat. The fishermen were attacked in vicinity 21-55N 118-19E,113","nautical miles southwest of Qimei Township in outlying Penghu County at around noon, according to the CGA. The robbers were armed with knives and took a large amount of cash from the crewmen. Taiwan asked China for assistance in the matter, referencing","the Cross-strait Joint Fight against Crime and Mutual Legal Assistance agreement, signed by Taiwan and China in 2009. According to Chinese police, a total of 14 Chinese suspects and their boat were seized the next day near Shantou City.",NA,NA,NA,2017-07-13,2017,188,8321,Taiwanese Exclusive Economic Zone,200NM,2177,Taiwan,2177,Taiwan,TWN,0,NA,0,NA,NA,0,NA,0,NA,NA,118.848425827,21.5385134976,355471.949988,8321
2017-193,57,Vessel,Pirates,NA,"NIGERIA:On 13 July, six persons in a skiff boarded the underway general cargo ship UAL HOUSTON near position 04-07N 007-00E, 16 nm south-southwest of Bonny. Alarm raised, SSAS activated and all crew retreated to the citadel. Nigerian Navy boarded the",vessel and found all crew safe.,NA,NA,NA,NA,2017-07-13,2017,166,8474,Nigerian Exclusive Economic Zone,200NM,2253,Nigeria,2253,Nigeria,NGA,0,NA,0,NA,NA,0,NA,0,NA,NA,4.82278332072,4.08512461991,179050.962041,8474
2017-189,62,Pirates,Vessel,NA,"IRAN:On 11 July at 1120Z, a vessel was approached by a yellow hulled skiff in 25-31N 057-25E.There were two persons on board with weapons. The skiff approached to within one cable of the vessel. The armed security team fired warning shots and the skiff",retreated.,NA,NA,NA,NA,2017-07-11,2017,138,8469,Iranian Exclusive Economic Zone,200NM,2126,Iran,2126,Iran,IRN,0,NA,0,NA,NA,0,NA,0,NA,NA,53.8860317307,29.7820224927,215347.604482,8469
2017-196,91,Robbers,Container Vessel,NA,"PHILIPPINES:On 10 July, robbers boarded an anchored container carrier near position 14-33N 120-54E, Manila South Harbor Anchorage, stole ship's properties and escaped unnoticed. The theft was noticed by the duty crew during routine rounds. Incident",reported to the coast guard.,NA,NA,NA,NA,2017-07-10,2017,179,8322,Philippines Exclusive Economic Zone,200NM,2245,Philippines,2245,Philippines,PHL,0,NA,0,NA,NA,0,NA,0,NA,NA,122.546805869,12.3401155141,1971039.86154,8322
2017-198,95,Suspicious Approach,Vessel,NA,"JAPAN:On 07 July, Japan reported that one of its patrol vessels was chased by an apparently armed fishing boat believed to be from North Korea, according to a government spokesman. The incident occurred in the Sea of Japan, in vicinity 36-39.5N","133-12.1E, and within Japan's exclusive economic zone, which extends 200 nautical miles from the coast, Tokyo said. The fisheries agency ship was on patrol when it was pursued by ""a vessel of unknown origin which had what appeared to be a gun"", the","spokesman told reporters. ""Given the high possibility that the vessel is linked to North Korea, we have lodged a strong protest through the embassies in Beijing,"" according to the spokesman.",NA,NA,NA,2017-07-07,2017,238,8487,Japanese Exclusive Economic Zone,200NM,2121,Japan,2121,Japan,JPN,0,NA,0,NA,NA,0,NA,0,NA,NA,138.481815283,29.5117767836,4043057.35049,8487
2017-183,62,Suspicious Approach,Vessel,NA,"YEMEN:On 05 July at 1220Z, a vessel was approached by seven skiffs in 14-17.9N 042-21.3E. Each skiff had five or six persons on board and were sighted with weapons. Skiffs approached to within 320 meters of vessel.",NA,NA,NA,NA,NA,2017-07-05,2017,136,8351,Eritrean Exclusive Economic Zone,200NM,2111,Eritrea,2111,Eritrea,ERI,0,NA,0,NA,NA,0,NA,0,NA,NA,40.5925502681,15.8234585394,78108.5928819,8351
2017-191,61,Robbers,Container Vessel,NA,"MOZAMBIQUE:On 02 July, a duty crewman onboard a container ship anchored near position14-22S 040-42E, Nacala Anchorage, noticed two robbers attempting to board the ship. Alarm was raised and crew was mustered. Seeing the crew alertness, the robbers",escaped without stealing anything.,NA,NA,NA,NA,2017-07-02,2017,40,8347,Mozambican Exclusive Economic Zone,200NM,2220,Mozambique,2220,Mozambique,MOZ,0,NA,0,NA,NA,0,NA,0,NA,NA,37.9562060878,-20.3732121341,566107.319809,8347
2017-250,28,Robbers,Vessel,NA,"PANAMA:On 29 August, a thief stole a dinghy and outboard motor from a yacht anchored in Bocas del Toro, in vicinity 09-30N 082-23W.",NA,NA,NA,NA,NA,2017-08-29,2017,62,8423,Panamanian Exclusive Economic Zone,200NM,2249,Panama,2249,Panama,PAN,0,NA,0,NA,NA,0,NA,0,NA,NA,-80.3458256144,8.28880359641,331242.370352,8423
2017-249,53,Pirates,Tanker,NA,"LIBYA:On 29 August at 2303Z in 36-02N 013-14E, a tanker was boarded by individuals posing as the Libyan Coast Guard. They detained the tanker and forced the crew to sail to Tripoli. The crew were taken ashore and detained in jail.",NA,NA,NA,NA,NA,2017-08-29,2017,235,5682,Italian Exclusive Economic Zone,200NM,2133,Italy,2133,Italy,ITA,0,NA,0,NA,NA,0,NA,0,NA,NA,12.9279072597,39.6552300897,536727.544683,5682
2017-233,62,Suspicious Approach,Vessel,NA,"RED SEA:On 28 August in position 13-00N 043-10E a merchant vessel reported sighting four skiffs with five to six persons in each boat. Vessel reported seeing one ladder onboard two of the skiffs, no weapons were sighted. The skiffs did not approach any",closer than 0.8 nm. Onboard security team showed their weapons and skiffs turned away. Vessel is safe.,NA,NA,NA,NA,2017-08-28,2017,136,8351,Eritrean Exclusive Economic Zone,200NM,2111,Eritrea,2111,Eritrea,ERI,0,NA,0,NA,NA,0,NA,0,NA,NA,40.5925502681,15.8234585394,78108.5928819,8351
2017-232,57,Pirates,Vessel,NA,"NIGERIA:On 28 August, unknown gunmen, suspected to be militants, attacked a Navy boat and killed four soldiers and a civilian in Bayelsa State, in vicinity 04-13N 006-08E. The suspects were said to have laid an ambush for the soldiers along the waterways","of Letugbene, Ekeremor Local Government Area of the State. Security sources confirmed that a team of soldiers were returning from Letugbene community when they were attacked.",NA,NA,NA,NA,2017-08-28,2017,166,8474,Nigerian Exclusive Economic Zone,200NM,2253,Nigeria,2253,Nigeria,NGA,0,NA,0,NA,NA,0,NA,0,NA,NA,4.82278332072,4.08512461991,179050.962041,8474
2017-224,71,Robbers,Bulk Carrier,NA,"INDONESIA:On 20 August, two robbers boarded an underway bulk carrier near position01-04N 103-41E, 4.7 nm south-southeast of Pulau Nipah, and entered the steering gear room. They threatened the duty oiler with a knife. Once the robbers left the steering","gear room, the oiler informed the duty engineer who notified the bridge. Master noticed, on the radar, two small boats heading towards Indonesia. Alarm raised and crew mustered. VTS Central Traffic Control informed. A warship responded and assisted the",ship to the anchorage area. The Chief Officer made checks and found all crew to be safe. The ship anchored in Singapore Anchorage and Coast Guard and customs officers boarded for investigation.,NA,NA,NA,2017-08-20,2017,220,8492,Indonesian Exclusive Economic Zone,200NM,2127,Indonesia,2127,Indonesia,IDN,0,NA,0,NA,NA,0,NA,0,NA,NA,117.898147552,-3.30903479808,6025109.71458,8492
2017-215,57,Suspicious Approach,Vessel,NA,"NIGERIA:On 19 August at 0716Z, a vessel was approached in 05-44.8N 004-47.5E by eight black hulled skiffs with two persons in each skiff. The skiffs approached to within 0.3 NM of the vessel.",NA,NA,NA,NA,NA,2017-08-19,2017,166,8474,Nigerian Exclusive Economic Zone,200NM,2253,Nigeria,2253,Nigeria,NGA,0,NA,0,NA,NA,0,NA,0,NA,NA,4.82278332072,4.08512461991,179050.962041,8474
2017-221,57,Suspicious Approach,Vessel,NA,"NIGERIA:On 19 August, a merchant vessel reported that eight black-hulled skiffs with two persons onboard each skiff made a suspicious approach 14 nm off Delta state, in vicinity04-18N 006-23E. The skiffs travelled at 7 knots and came within 0.3 nm of the",vessel.,NA,NA,NA,NA,2017-08-19,2017,166,8474,Nigerian Exclusive Economic Zone,200NM,2253,Nigeria,2253,Nigeria,NGA,0,NA,0,NA,NA,0,NA,0,NA,NA,4.82278332072,4.08512461991,179050.962041,8474
2017-223,62,Suspicious Approach,Vessel,NA,"RED SEA:On 19 August, a merchant vessel near position 12-50N 043-12E was approached by five skiffs with three persons in each skiff. Armed security team onboard showed weapons and the skiffs altered course away from the vessel.",NA,NA,NA,NA,NA,2017-08-19,2017,136,8351,Eritrean Exclusive Economic Zone,200NM,2111,Eritrea,2111,Eritrea,ERI,0,NA,0,NA,NA,0,NA,0,NA,NA,40.5925502681,15.8234585394,78108.5928819,8351
2017-220,57,Robbers,Tanker,NA,"NIGERIA:On 19 August, an alert duty crewman onboard the bridge of a tanker anchored in position 06-20N 003-18E, Lagos General Purpose Anchorage, spotted a floating object near the starboard bow and informed the armed security guard who fired warning","shots. One robber was seen jumping overboard from the forecastle. Alarm raised and PA announcement made. All crew except watch keepers retreated to the citadel. After the security guards checked the deck areas, the crew emerged from the citadel and","carried out a thorough search of the vessel. They noticed a flexible hose pipe inserted into a deck hatch. One robber was noticed hiding in the hawse pipe, was apprehended and tied up by the security guard and later handed over to the local agents. It",was reported that the robbers had managed to steal some oil from the tanker.,NA,NA,2017-08-19,2017,166,8474,Nigerian Exclusive Economic Zone,200NM,2253,Nigeria,2253,Nigeria,NGA,0,NA,0,NA,NA,0,NA,0,NA,NA,4.82278332072,4.08512461991,179050.962041,8474
2017-214,62,Suspicious Approach,Vessel,NA,"DJIBOUTI:On 18 August at 1132Z, a vessel was approached in 12-38N 043-21E by a number of skiffs with five or six persons in each skiff. Ladders were sighted and the armed security team fired warning shots.",NA,NA,NA,NA,NA,2017-08-18,2017,160,8353,Yemeni Exclusive Economic Zone,200NM,2199,Yemen,2199,Yemen,YEM,0,NA,0,NA,NA,0,NA,0,NA,NA,52.0616096242,12.8890558088,527382.733788,8353
2017-213,91,Robbers,Container Vessel,NA,"PHILIPPINES:On 15 August at 2050Z, duty crew aboard an anchored container ship in14-33.9N 120-55.6E, noticed two unauthorized persons trying to gain access to the vessel via the hawse pipe. Crew raised the alarm. Robbers escaped in a waiting boat along",with three others after hearing the alarm.,NA,NA,NA,NA,2017-08-15,2017,179,8322,Philippines Exclusive Economic Zone,200NM,2245,Philippines,2245,Philippines,PHL,0,NA,0,NA,NA,0,NA,0,NA,NA,122.546805869,12.3401155141,1971039.86154,8322
2017-212,72,Robbers,Tanker,NA,"MALAYSIA:On 13 August at 2155Z, two robbers attempted to board a moored tanker in05-48.3N 118-04.6E. The robbers failed and port authorities were informed.",NA,NA,NA,NA,NA,2017-08-13,2017,251,8483,Malaysian Exclusive Economic Zone,200NM,2230,Malaysia,2230,Malaysia,MYS,0,NA,0,NA,NA,0,NA,0,NA,NA,108.435167801,4.85143661206,510822.838776,8483
2017-227,72,Robbers,Tanker,NA,"MALAYSIA:On 13 August, two robbers attempted to board a berthed tanker near position05-48N 118-04E, Sandakan Port, but failed in their attempt. Port authorities informed.",NA,NA,NA,NA,NA,2017-08-13,2017,251,8483,Malaysian Exclusive Economic Zone,200NM,2230,Malaysia,2230,Malaysia,MYS,0,NA,0,NA,NA,0,NA,0,NA,NA,108.435167801,4.85143661206,510822.838776,8483
2017-218,24,Pirates,Fishing Vessel,NA,"VENEZUELA:On 12 August, six fishermen on Lake Maracaibo, in vicinity 10-06N 071-35W, were assaulted and murdered by pirates during two simultaneous assaults by armed gangs that ply Lake Maracaibo. Local media reports indicate that the first attack was",against some 30 workers fishing for shrimp. The group had sailed from Puntica de Piedras the previous day when they were approached by two boats; an orange boat and a black one that fired upon the boats that were standing guard. At the same time in an,"area nearby, another attack was taking place, where two other fishermen were murdered.",NA,NA,NA,2017-08-12,2017,125,8433,Venezuelan Exclusive Economic Zone,200NM,2201,Venezuela,2201,Venezuela,VEN,0,NA,0,NA,NA,0,NA,0,NA,NA,-65.914234022,12.7888675475,472616.003707,8433
2017-225,62,Suspicious Approach,Vessel,NA,"RED SEA:On 10 August, a merchant vessel sighted seven skiffs in the vicinity of 13-12N 042-58E, 16 nm southeast of Mocha Port. Two of the skiffs closed to 1 cable then withdrew. Vessel and crew are reported to be safe.",NA,NA,NA,NA,NA,2017-08-10,2017,136,8351,Eritrean Exclusive Economic Zone,200NM,2111,Eritrea,2111,Eritrea,ERI,0,NA,0,NA,NA,0,NA,0,NA,NA,40.5925502681,15.8234585394,78108.5928819,8351
2017-228,91,Robbers,Container Vessel,NA,"PHILIPPINES:On 09 August, robbers boarded a container ship anchored near position 14-32N 120-55E, Manila Anchorage. The robbers entered the forecastle store room. Security guard on routine rounds noticed the robbers and raised the alarm. Seeing the","alerted crew, the robbers escaped with ship's properties.",NA,NA,NA,NA,2017-08-09,2017,179,8322,Philippines Exclusive Economic Zone,200NM,2245,Philippines,2245,Philippines,PHL,0,NA,0,NA,NA,0,NA,0,NA,NA,122.546805869,12.3401155141,1971039.86154,8322
2017-219,25,Robbers,Sailing Vessel,NA,"ST MARTIN:On 09 August, a dinghy and outboard motor were stolen from a sailing yacht anchored in Simpson Bay Lagoon, in vicinity 18-02N 063-06W.",NA,NA,NA,NA,NA,2017-08-09,2017,92,21803,Sint-Maarten Exclusive Economic Zone,200NM,21802,Sint-Maarten,15,Netherlands,SXM,0,NA,0,NA,NA,0,NA,0,NA,NA,-63.1228498936,17.9381258597,465.987614666,21803
2017-231,24,Pirates,Fishing Vessel,NA,"GUYANA:During the week of 07 August, pirates attacked four fishing vessels in the Waini River, in vicinity 08-25N 059-50W. The masked gunmen also stole one of the vessels named ¿PRIYA 2¿ after dumping its workers onto another vessel that was in the are",and which they had also raided.,NA,NA,NA,NA,2017-08-07,2017,109,8460,Guyanese Exclusive Economic Zone,200NM,2124,Guyana,2124,Guyana,GUY,0,NA,0,NA,NA,0,NA,0,NA,NA,-57.6411085408,8.61271338198,135053.148853,8460
2017-208,22,Robbers,Container Vessel,NA,"ECUADOR:On 05 August, robbers, unnoticed by the crew, boarded a berthed container ship near position 01-00N 079-39W, Esmeraldas Port. The thieves stole brass sounding pipe covers and escaped. The theft was noticed by duty crew on routine rounds.",NA,NA,NA,NA,NA,2017-08-05,2017,275,8431,Ecuadorian Exclusive Economic Zone,200NM,2166,Ecuador,2166,Ecuador,ECU,0,NA,0,NA,NA,0,NA,0,NA,NA,-82.2086338635,-0.965565682864,236289.144622,8431
2017-222,57,Robbers,Tanker,NA,"GHANA:On 04 August, deck watch personnel onboard an LPG tanker anchored near position04-54N 001-39W, Takoradi Anchorage. Crew noticed a robber near the starboard side poop deck and informed the duty officer who raised the alarm. Hearing the alarm and","seeing the crew's alertness, the robber jumped overboard and escaped with his accomplice waiting in a boat. After carrying out a thorough search, it was reported that the ship's properties were stolen.",NA,NA,NA,NA,2017-08-04,2017,226,8400,Ghanaian Exclusive Economic Zone,200NM,2100,Ghana,2100,Ghana,GHA,0,NA,0,NA,NA,0,NA,0,NA,NA,-0.847226823817,3.50286659343,227218.059083,8400
2017-210,51,Suspicious Approach,Vessel,NA,"MAURITANIA:On 03 August, a merchant vessel was approached near position 16-48N 016-51W, approximately 30 nm from Mauritania, by a small vessel claiming to be Mauritanian Navy which requested the MV to stop or they would open fire. Evasive maneuvering",commenced and the small vessel went away. Vessel and crew are safe.,NA,NA,NA,NA,2017-08-03,2017,78,8369,Mauritanian Exclusive Economic Zone,200NM,2236,Mauritania,2236,Mauritania,MRT,0,NA,0,NA,NA,0,NA,0,NA,NA,-17.9181448954,18.2466224476,173189.736645,8369
2017-211,71,Robbers,Tanker,NA,"INDONESIA:On 02 August, an unnoticed robber boarded a tanker anchored near position01-24N 104-33E, 10 nm north of Tanjung Berakit, Pulau Bintan, stole ship's properties and escaped. The theft was noticed by the deck crew the following day.",NA,NA,NA,NA,NA,2017-08-02,2017,220,8492,Indonesian Exclusive Economic Zone,200NM,2127,Indonesia,2127,Indonesia,IDN,0,NA,0,NA,NA,0,NA,0,NA,NA,117.898147552,-3.30903479808,6025109.71458,8492
2017-265,71,Pirates,Tug,NA,"INDONESIA:On 30 September, the Indonesian Navy's Western Fleet Quick Response Unit arrested 15 suspected pirates in the Singapore Strait following a tip-off by Singapore authorities. The alleged pirates were in six wooden boats when they were arrested. A","spokesman said the arrests were made after Singaporean authorities told them that a barge had been accosted by about 15 unidentified people in Indonesian waters. The barge was sailing around the Malacca and Singapore straits. Further, preliminary","investigations show that the barge, LKH 7887, being towed by tugboat KIM HOCK TUG 9, had not actually been attacked because the tugboat crew and the 15 alleged pirates had made a deal, the spokesman said. According to suspects' testimonies, they had","attempted to take items from the barge, such as steel scraps, cables and 19 gallons of diesel, but the tugboat's crew had paid the alleged pirates not to take the items.",NA,NA,2017-09-30,2017,220,8492,Indonesian Exclusive Economic Zone,200NM,2127,Indonesia,2127,Indonesia,IDN,0,NA,0,NA,NA,0,NA,0,NA,NA,117.898147552,-3.30903479808,6025109.71458,8492
2017-295,91,Robbers,Container Vessel,NA,"PHILIPPINES:On 30 September, while approaching an anchored container ship near position14-35N 120-57E, Manila South Port Anchorage, a port authority service boat noticed a small boat with four persons near the bow. As the service boat approached the bow,","two robbers were seen jumping overboard and escaping. On searching the vessel ship's property was reported stolen. Later, while on routine deck rounds, a duty crewman noticed a rope secured to a rail and notified the duty officer who sounded the ships","horn and alarm. Three robbers were then seen jumping overboard and escaping. On searching the vessel, it was again reported that ship's properties were stolen. Coast Guard notified.",NA,NA,NA,2017-09-30,2017,179,8322,Philippines Exclusive Economic Zone,200NM,2245,Philippines,2245,Philippines,PHL,0,NA,0,NA,NA,0,NA,0,NA,NA,122.546805869,12.3401155141,1971039.86154,8322
2017-256,62,Pirates,Tanker,NA,"GULF OF OMAN:On 28 September, a merchant tanker was attacked near position 15-53N 052-20E, 20 nm south of al Gaydah, Yemen. Six persons were reportedly in the boat and they fired on the tanker. Ship and crew are safe.",NA,NA,NA,NA,NA,2017-09-28,2017,160,8353,Yemeni Exclusive Economic Zone,200NM,2199,Yemen,2199,Yemen,YEM,0,NA,0,NA,NA,0,NA,0,NA,NA,52.0616096242,12.8890558088,527382.733788,8353
2017-264,61,Robbers,Vessel,NA,"TANZANIA:On 28 September, five armed robbers boarded a vessel near position 06-46S 039-21E, Dar es Salaam Anchorage, tied up a crew member before stealing a VHF radio and various items of cargo.",NA,NA,NA,NA,NA,2017-09-28,2017,46,8479,Tanzanian Exclusive Economic Zone,200NM,2205,Tanzania,2205,Tanzania,TZA,0,NA,0,NA,NA,0,NA,0,NA,NA,41.1678741176,-7.20984671049,241452.798387,8479
2017-247,62,Pirates,Tanker,NA,"YEMEN:On 28 September at 1236Z in 15-05.7N 052-29.0E, a merchant tanker was attacked and fired upon by one small boat with five or six persons on board. Vessel and crew reported safe.",NA,NA,NA,NA,NA,2017-09-28,2017,160,8353,Yemeni Exclusive Economic Zone,200NM,2199,Yemen,2199,Yemen,YEM,0,NA,0,NA,NA,0,NA,0,NA,NA,52.0616096242,12.8890558088,527382.733788,8353
2017-234,62,Suspicious Approach,Vessel,NA,"YEMEN:On 26 September at 0700Z, in 12-08N 044-15E, a vessel reported sighting five skiffs with four persons on board. One skiff came within one cable of the vessel. Armed guards aboard the vessel showed weapons and the skiff changed direction.",NA,NA,NA,NA,NA,2017-09-26,2017,160,8353,Yemeni Exclusive Economic Zone,200NM,2199,Yemen,2199,Yemen,YEM,0,NA,0,NA,NA,0,NA,0,NA,NA,52.0616096242,12.8890558088,527382.733788,8353
2017-261,26,Robbers,Tanker,NA,"HAITI:On 26 September, three robbers attempted to board an anchored tanker via the hawse pipe near position 18-34N 072-24W, Port Au Prince Anchorage. Duty crewman saw the robbers and raised the alarm, resulting in the robbers escaping empty-handed.",NA,NA,NA,NA,NA,2017-09-26,2017,100,8408,Haitian Exclusive Economic Zone,200NM,8639,Haiti,8639,Haiti,HTI,0,NA,0,NA,NA,0,NA,0,NA,NA,-73.5485596268,17.9121851763,103497.883331,8408
2017-248,57,Pirates,Tanker,NA,NIGERIA:On 26 September a tanker was attacked by pirates in 03-48.73N 006-35.96E. The pirates disabled all communication equipment on board. Some crew members reported missing. Nigerian Navy escorted vessel to anchorage.,NA,NA,NA,NA,NA,2017-09-26,2017,166,8474,Nigerian Exclusive Economic Zone,200NM,2253,Nigeria,2253,Nigeria,NGA,0,NA,0,NA,NA,0,NA,0,NA,NA,4.82278332072,4.08512461991,179050.962041,8474
2017-235,56,Pirates,Bulk Carrier,NA,"LIBYA:On 24 September at 0700Z, a bulk carrier was attacked by a speed boat in 32-55N 023-27E. The speed boat fired gun shots and rockets at the vessel. The vessel is safe and continued passage to port.",NA,NA,NA,NA,NA,2017-09-24,2017,140,8372,Libyan Exclusive Economic Zone,200NM,2194,Libya,2194,Libya,LBY,0,NA,0,NA,NA,0,NA,0,NA,NA,18.4993444533,33.1430015882,364446.950274,8372
2017-236,62,Suspicious Approach,Vessel,NA,"YEMEN:On 22 September at 0721Z, a vessel reported a suspicious approach in 12-37N 047-28E. The vessel was approached by a skiff with three persons on board.",NA,NA,NA,NA,NA,2017-09-22,2017,160,8353,Yemeni Exclusive Economic Zone,200NM,2199,Yemen,2199,Yemen,YEM,0,NA,0,NA,NA,0,NA,0,NA,NA,52.0616096242,12.8890558088,527382.733788,8353
2017-254,24,Robbers,Bulk Carrier,NA,"VENEZUELA:On 22 September, the duty officer onboard a bulk carrier anchored near position10-09N 064-47W, Puerto La Cruz Anchorage, raised the alarm when the duty crewman did not respond to a call on the radio. Crew was mustered and they carried out a","search of the ship, finding the duty crewman tied up on the forecastle. Hearing the alarm and seeing the alerted crew the robbers were seen escaping. Upon inspecting the bosun store it was found a large quantity of ship's store stolen. Authorities",notified.,NA,NA,NA,2017-09-22,2017,125,8433,Venezuelan Exclusive Economic Zone,200NM,2201,Venezuela,2201,Venezuela,VEN,0,NA,0,NA,NA,0,NA,0,NA,NA,-65.914234022,12.7888675475,472616.003707,8433
2017-255,57,Robbers,Tanker,NA,"NIGERIA:On 20 September, a robber boarded an anchored tanker near position 06-19N 003-22E, Lagos Anchorage. Duty crew noticed the robber and raised the alarm, resulting in the robber escaping empty-handed. Incident reported to the local authorities.",NA,NA,NA,NA,NA,2017-09-20,2017,166,8474,Nigerian Exclusive Economic Zone,200NM,2253,Nigeria,2253,Nigeria,NGA,0,NA,0,NA,NA,0,NA,0,NA,NA,4.82278332072,4.08512461991,179050.962041,8474
2017-253,93,Robbers,Bulk Carrier,NA,"VIETNAM:On 19 September, robbers boarded an anchored bulk carrier during cargo operations near position 20-54N 107-16E, Campha Inner Anchorage. Duty crewman on routine rounds noticed the paint storeroom padlock broken and raised the alarm. Incident",reported to port authorities through local agents. Ship's stores were reported stolen.,NA,NA,NA,NA,2017-09-19,2017,185,8484,Vietnamese Exclusive Economic Zone,200NM,2200,Vietnam,2200,Vietnam,VNM,0,NA,0,NA,NA,0,NA,0,NA,NA,107.865630238,11.5549947852,750997.838971,8484
2017-251,57,Pirates,Vessel,NA,"NIGERIA:On 18 September, a vessel reported it was attacked and boarded near position04-47N 008-18E, vicinity of Parrot Island, Calabar. Four speed boats attacked the vessel and five crew were reportedly abducted. No further details were provided.",NA,NA,NA,NA,NA,2017-09-18,2017,166,8474,Nigerian Exclusive Economic Zone,200NM,2253,Nigeria,2253,Nigeria,NGA,0,NA,0,NA,NA,0,NA,0,NA,NA,4.82278332072,4.08512461991,179050.962041,8474
2017-262,24,Robbers,Vessel,NA,"CURACAO:On 16 September, an in the water dinghy with outboard motor was stolen from a yacht anchored in Spanish Water, in vicinity 12-08N 069-02W.",NA,NA,NA,NA,NA,2017-09-16,2017,64,26517,Curaçaoan Exclusive Economic Zone,200NM,19143,Curaçao,15,Netherlands,CUW,0,NA,0,NA,NA,0,NA,0,NA,NA,-68.9717632758,13.162460911,25397.0379826,26517
2017-237,51,Pirates,Vessel,NA,"GUINEA:On 15 September at 0206Z, a vessel was attacked in 09-24.35N 013-44.56W.",NA,NA,NA,NA,NA,2017-09-15,2017,118,8472,Guinean Exclusive Economic Zone,200NM,2122,Guinea,2122,Guinea,GIN,0,NA,0,NA,NA,0,NA,0,NA,NA,-15.6205073648,9.18113919475,102165.349909,8472
2017-252,57,Suspicious Approach,Vessel,NA,"NIGERIA:On 14 September, a supply vessel reported that its security team fired warning shots at a suspicious speedboat as it headed towards their vessel near position 04-16N 007-02E, 9 nm southwest of Bonny Island. The speedboat had hidden behind a",trawler before altering its course towards the vessel.,NA,NA,NA,NA,2017-09-14,2017,166,8474,Nigerian Exclusive Economic Zone,200NM,2253,Nigeria,2253,Nigeria,NGA,0,NA,0,NA,NA,0,NA,0,NA,NA,4.82278332072,4.08512461991,179050.962041,8474
2017-244,51,Robbers,Bulk Carrier,NA,"GUINEA:On 08 September, seven robbers armed with knives and crowbars boarded an anchored bulk carrier near position 09-21N 013-44W, Conakry Anchorage. They attempted to kidnap the master. After 15 minutes, the robbers left the vessel with ship's property",and personal effects. Crew is safe.,NA,NA,NA,NA,2017-09-08,2017,118,8472,Guinean Exclusive Economic Zone,200NM,2122,Guinea,2122,Guinea,GIN,0,NA,0,NA,NA,0,NA,0,NA,NA,-15.6205073648,9.18113919475,102165.349909,8472
2017-238,71,Robbers,LNG Carrier,NA,"MALAYSIA:On 07 September at 1910Z, a vessel was attacked in 02-03.6N 104-59.3E. Four armed robbers with guns and knives boarded an underway LNG carrier. The robbbers' stole crew property and escaped.",NA,NA,NA,NA,NA,2017-09-07,2017,251,8483,Malaysian Exclusive Economic Zone,200NM,2230,Malaysia,2230,Malaysia,MYS,0,NA,0,NA,NA,0,NA,0,NA,NA,108.435167801,4.85143661206,510822.838776,8483
2017-245,72,Robbers,LPG Tanker,NA,"INDONESIA:On 11 September, robbers boarded a bulk carrier during cargo operations, near position 00-13S 117-33E, Muara Berau, Samarinda anchorage, and stole two mooring ropes from the forecastle storeroom and escaped unnoticed. Incident reported by duty",crewman on routine rounds. Local agents informed.,NA,NA,NA,NA,2017-09-07,2017,220,8492,Indonesian Exclusive Economic Zone,200NM,2127,Indonesia,2127,Indonesia,IDN,0,NA,0,NA,NA,0,NA,0,NA,NA,117.898147552,-3.30903479808,6025109.71458,8492
2017-239,93,Pirates,Tanker,NA,"MALAYSIA:On 06 September at 1500Z in 05-38.3N 103-11.8E, an underway tanker was boarded and hijacked by ten pirates in a speed boat. Authorities were able to detain all ten pirates and the vessel continued on voyage.",NA,NA,NA,NA,NA,2017-09-06,2017,251,8483,Malaysian Exclusive Economic Zone,200NM,2230,Malaysia,2230,Malaysia,MYS,0,NA,0,NA,NA,0,NA,0,NA,NA,108.435167801,4.85143661206,510822.838776,8483
2017-241,63,Robbers,Bulk Carrier,NA,"BANGLADESH:On 02 September, four robbers armed with long knives boarded an anchored bulk carrier during cargo operations near position 22-14N 091-44E, Chittagong Alpha Anchorage. The watchmen and duty crewman on routine rounds noticed the robbers on the","forecastle and informed the bridge. Alarm raised and crew alerted. Hearing the alarm, the robbers escaped with stolen ship's stores. Port control and coast guard were informed.",NA,NA,NA,NA,2017-09-02,2017,164,8481,Bangladeshi Exclusive Economic Zone,200NM,2142,Bangladesh,2142,Bangladesh,BGD,0,NA,0,NA,NA,0,NA,0,NA,NA,90.5397686404,20.4111789845,112302.620749,8481
2017-240,24,Robbers,Tanker,NA,"VENEZUELA:On 01 September, five robbers in a small fishing boat armed with pistols, knives and sticks boarded a tanker anchored near position 10-14N 064-44W, Puerto La Cruz Anchorage. They assaulted the aft duty watchman, tied him up and took him","hostage. When the watchman failed to report, the duty officer sent another duty crewman to investigate. The duty officer was notified about the robbers and the alarm was raised.Hearing the alarm and seeing the crew's alertness, the robbers jumped",overboard and escaped in their boat. A search was carried out and the watchman was found with minor injuries. Ship's stores were reported stolen. Port control was informed through local agents.,NA,NA,NA,2017-09-01,2017,125,8433,Venezuelan Exclusive Economic Zone,200NM,2201,Venezuela,2201,Venezuela,VEN,0,NA,0,NA,NA,0,NA,0,NA,NA,-65.914234022,12.7888675475,472616.003707,8433
2017-289,24,Robbers,Tanker,NA,"COLOMBIA:On 29 October, duty officers onboard an anchored LPG tanker noticed a small boat near the anchor chain, near position 10-19N 075-31W, Cartagena Inner Anchorage. Alarm was raised. Seeing the crew alertness, the robbers fled with stolen ship's",properties. Port control was informed. Roving craft sent by port control.,NA,NA,NA,NA,2017-10-29,2017,128,8426,Colombian Exclusive Economic Zone,200NM,2175,Colombia,2175,Colombia,COL,0,NA,0,NA,NA,0,NA,0,NA,NA,-78.0622198147,8.60754392884,718163.16433,8426
2017-287,71,Robbers,Tanker,NA,MALAYSIA:On 29 October at 1742Z an underway tanker was boarded by five robbers. They entered the engine room and tied up the crew. Robbers escaped with spare parts and ship property.,NA,NA,NA,NA,NA,2017-10-29,2017,220,8492,Indonesian Exclusive Economic Zone,200NM,2127,Indonesia,2127,Indonesia,IDN,0,NA,0,NA,NA,0,NA,0,NA,NA,117.898147552,-3.30903479808,6025109.71458,8492
2017-292,71,Robbers,Tanker,NA,"MALAYSIA:On 29 October, five robbers with knives in a skiff boarded a tanker underway near position 01-16.7N 104-13.8E, 4 nm south-southeast of the Kampung Sungai Buntu Coast, and entered the engine room. They threatened the duty oiler with a knife and","tied him up. As the robbers moved away, the duty oiler retreated into the control room and notified the duty officer. Alarm was raised and crew was mustered. Seeing the alerted crew, the robbers escaped with stolen ship's properties. A search of the ship",was carried out. Incident reported to Singapore port operations. Singapore Coast Guard called the vessel to ensure vessel was safe.,NA,NA,NA,2017-10-29,2017,251,8483,Malaysian Exclusive Economic Zone,200NM,2230,Malaysia,2230,Malaysia,MYS,0,NA,0,NA,NA,0,NA,0,NA,NA,108.435167801,4.85143661206,510822.838776,8483
2017-291,57,Suspicious Approach,Tanker,NA,"SAO TOME AND PRINCIPE:On 27 October, five skiffs approached an underway LPG Tanker near position 00-41N 006-03E, 35 nm northwest of Sao Tome & Principe. Each boat had two persons onboard, wearing green clothing. Alarm was raised, crew was mustered,","Master increased speed and commenced evasive maneuvers. Due to the bad weather and the evasive maneuvers, the skiffs aborted the attack and moved away.",NA,NA,NA,NA,2017-10-27,2017,168,8397,Sao Tome and Principe Exclusive Economic Zone,200NM,2238,Sao Tome and Principe,2238,Sao Tome and Principe,STP,0,NA,0,NA,NA,0,NA,0,NA,NA,6.35334522867,0.779096486722,130840.024661,8397
2017-293,72,Robbers,Tanker,NA,"INDONESIA:On 27 October, a duty crewman watch on board a tanker anchored near position07-51S 109-04E, Cilacap Anchorage, spotted a robber near the emergency generator room. Alarm was raised and crew was mustered. Hearing the alarm, the robber, along with","three other robbers, were seen escaping from the emergency generator room. On carrying out a search, nothing was reported stolen. Port control informed through local agents.",NA,NA,NA,NA,2017-10-27,2017,220,8492,Indonesian Exclusive Economic Zone,200NM,2127,Indonesia,2127,Indonesia,IDN,0,NA,0,NA,NA,0,NA,0,NA,NA,117.898147552,-3.30903479808,6025109.71458,8492
2017-294,71,Robbers,Tanker,NA,"INDONESIA:On 27 October, five robbers armed with knives boarded an anchored product tanker near position 01-27N 104-38E, around 13 nm north-northeast of Tanjung Berakit, Pulau Bintan. Duty crewman on routine rounds spotted the robbers and informed the","bridge. Alarm was raised and crew was mustered. Seeing the crew alertness, the robbers escaped empty handed. All crew safe.",NA,NA,NA,NA,2017-10-27,2017,220,8492,Indonesian Exclusive Economic Zone,200NM,2127,Indonesia,2127,Indonesia,IDN,0,NA,0,NA,NA,0,NA,0,NA,NA,117.898147552,-3.30903479808,6025109.71458,8492
2017-282,57,Pirates,Tanker,NA,"NIGERIA:On 25 October, pirates attacked a laden tanker underway near position 03-32N 006-47E, 54 nm south-southwest of Bonny. Two armed pirates boarded the vessel and crew mustered in the citadel. The authorities were notified. The vessel and crew are","safe, currently being escorted by a Nigerian navy ship.",NA,NA,NA,NA,2017-10-25,2017,166,8474,Nigerian Exclusive Economic Zone,200NM,2253,Nigeria,2253,Nigeria,NGA,0,NA,0,NA,NA,0,NA,0,NA,NA,4.82278332072,4.08512461991,179050.962041,8474
2017-279,57,Pirates,Vessel,NA,"NIGERIA:On 25 October, armed pirates from a speed boat boarded an underway crude oil tanker near 03-35N 006-49E, 51 nm south-southwest of Bonny Island. The 23 crew transferred control to, and retreated into the citadel and contacted the owners for help.",The IMB Piracy Reporting Centre received the message and immediately liaised with the Nigerian Naval Operations Centre who dispatched a warship which arrived at the location and went alongside the vessel. After the crew emerged from the citadel a search,was conducted. No pirates were found onboard the vessel. The owners asked the IMB PRC for an escort until the vessel was out of the High Risk Area (HRA). IMB PRC duty officer relayed the message to the Nigerian Navy and the warship escorted the vessel,until it was out of the HRA. The vessel continued her passage to the next port.,NA,NA,2017-10-25,2017,166,8474,Nigerian Exclusive Economic Zone,200NM,2253,Nigeria,2253,Nigeria,NGA,0,NA,0,NA,NA,0,NA,0,NA,NA,4.82278332072,4.08512461991,179050.962041,8474
2017-335,71,Suspicious Approach,Cargo Vessel,NA,"INDONESIA:On 25 October, an alert crewman onboard a general cargo ship underway near01-03N 103-41E, 1.8 nm northwest of Pulau Cula, noticed four persons onboard a small wooden craft closing in on the stern of the ship. Alarm raised and crew mustered.","Seeing the alerted crew, the boat moved away. Master reported the attempted boarding to Singapore VTIS via VHF.",NA,NA,NA,NA,2017-10-25,2017,220,8492,Indonesian Exclusive Economic Zone,200NM,2127,Indonesia,2127,Indonesia,IDN,0,NA,0,NA,NA,0,NA,0,NA,NA,117.898147552,-3.30903479808,6025109.71458,8492
2017-285,72,Robbers,Tanker,NA,"INDONESIA:On 25 October, four robbers armed with knives boarded an anchored LPG tanker near position 07-44S 109-04E, Cilacap Anchorage. The duty crewman on routine rounds spotted the robbers on the main deck. Alarm raised, SSAS activated and all crew","mustered. Seeing the crew's alertness, the robbers escaped with stolen ship's properties. Local authorities boarded the vessel for investigation.",NA,NA,NA,NA,2017-10-25,2017,220,8492,Indonesian Exclusive Economic Zone,200NM,2127,Indonesia,2127,Indonesia,IDN,0,NA,0,NA,NA,0,NA,0,NA,NA,117.898147552,-3.30903479808,6025109.71458,8492
2017-278,62,Pirates,Fishing Vessel,NA,SUQUTRA:On 24 October at 0800Z a vessel was attacked in 11-50N 054-30E. The vessel had 13 persons on board and four of them were injured by the pirates firing shots.,NA,NA,NA,NA,NA,2017-10-24,2017,160,8353,Yemeni Exclusive Economic Zone,200NM,2199,Yemen,2199,Yemen,YEM,0,NA,0,NA,NA,0,NA,0,NA,NA,52.0616096242,12.8890558088,527382.733788,8353
2017-277,62,Pirates,Vessel,NA,SUQUTRA:On 24 October at 0748Z a wooden vessel was attcked in 11-50N 054-35E.,NA,NA,NA,NA,NA,2017-10-24,2017,160,8353,Yemeni Exclusive Economic Zone,200NM,2199,Yemen,2199,Yemen,YEM,0,NA,0,NA,NA,0,NA,0,NA,NA,52.0616096242,12.8890558088,527382.733788,8353
2017-276,57,Pirates,Vessel,NA,NIGERIA:On 21 October a vessel was attacked by pirates in 03-52.3N 007-06.6E. Six crew members were reported missing. Vessel and remaining crew are safe.,NA,NA,NA,NA,NA,2017-10-21,2017,166,8474,Nigerian Exclusive Economic Zone,200NM,2253,Nigeria,2253,Nigeria,NGA,0,NA,0,NA,NA,0,NA,0,NA,NA,4.82278332072,4.08512461991,179050.962041,8474
2017-283,57,Pirates,Container Vessel,NA,"NIGERIA:On 21 October, container ship DEMETER was attacked by pirates near position03-47N 007-09E, south of Port Harcourt, while transiting from Malabo, Equatorial Guinea to Monrovia, Liberia. Pirates boarded the ship, kidnapped six crewmembers,","including master, chief officer, second officer, second engineer, bosun, and cook and then escaped.UPDATE:On 13 November, a press release stated that pirates have released six crew members of the container ship DEMETER kidnapped in late October this year","off the Nigerian coast. A spokesman for the shipping company, said that the men ""are in good condition and have returned to their families,"" but did not elaborate on when the men were released.",NA,NA,NA,2017-10-21,2017,166,8474,Nigerian Exclusive Economic Zone,200NM,2253,Nigeria,2253,Nigeria,NGA,0,NA,0,NA,NA,0,NA,0,NA,NA,4.82278332072,4.08512461991,179050.962041,8474
2017-275,57,Pirates,Vessel,NA,NIGERIA:On 20 October at 0900Z a vessel was attacked in 03-35N 007-00E.,NA,NA,NA,NA,NA,2017-10-20,2017,166,8474,Nigerian Exclusive Economic Zone,200NM,2253,Nigeria,2253,Nigeria,NGA,0,NA,0,NA,NA,0,NA,0,NA,NA,4.82278332072,4.08512461991,179050.962041,8474
2017-284,62,Pirates,Vessel,NA,"YEMEN:On 20 October, an Iranian vessel with 19 sailors onboard was seized near Socotra Island by local fishermen. There was no immediate official Iranian reaction to the comments made by Yemen's Prime Minister on his Twitter account in which he said the","ship was detained off the coast of Socotra, the largest island in an archipelago south of Yemen. Iran's semi-official Fars news agency said that the Yemeni government, which Tehran does not recognize, had ¿claimed¿ that an Iranian vessel with a crew of",19 had been seized. There were no further details on the ship or its cargo.,NA,NA,NA,2017-10-20,2017,160,8353,Yemeni Exclusive Economic Zone,200NM,2199,Yemen,2199,Yemen,YEM,0,NA,0,NA,NA,0,NA,0,NA,NA,52.0616096242,12.8890558088,527382.733788,8353
2017-274,57,Pirates,Vessel,NA,"NIGERIA:On 20 October, a vessel was attacked in position 03-55N 006-39E, 50 nm south of Port Harcourt. A black speedboat travelling at 25 to 27 knots approached the vessel and fired shots, Navy team on-board returned fire. The boat followed for 25",minutes before turning away.,NA,NA,NA,NA,2017-10-20,2017,166,8474,Nigerian Exclusive Economic Zone,200NM,2253,Nigeria,2253,Nigeria,NGA,0,NA,0,NA,NA,0,NA,0,NA,NA,4.82278332072,4.08512461991,179050.962041,8474
2017-270,63,Suspicious Approach,Vessel,NA,"INDIAN OCEAN:On 18 October, a merchant vessel near position 20-15N 066-50E, approximately 170 nm southwest of Porbandar, India, reported two unknown vessels had followed the merchant vessel at a range of 50 meters for approximately 1 hour. Nothing else",was sighted in boats due to darkness.,NA,NA,NA,NA,2017-10-18,2017,259,8480,Indian Exclusive Economic Zone,200NM,2128,India,2128,India,IND,0,NA,0,NA,NA,0,NA,0,NA,NA,76.0853171614,14.5979955792,1659486.57465,8480
2017-271,63,Robbers,Bulk Carrier,NA,"INDIA:On 17 October, two robbers boarded an anchored bulk carrier near position22-47N 070-01E, Kandla Anchorage. Duty officer spotted the robbers and raised the alarm. Seeing the alerted crew, the robbers escaped with stolen ship's properties.",NA,NA,NA,NA,NA,2017-10-17,2017,259,8480,Indian Exclusive Economic Zone,200NM,2128,India,2128,India,IND,0,NA,0,NA,NA,0,NA,0,NA,NA,76.0853171614,14.5979955792,1659486.57465,8480
2017-286,71,Robbers,Bulk Carrier,NA,"INDONESIA:On 17 October, a duty crewman onboard an underway bulk carrier near position01-16N 104-12E, 9 nm northwest of Todang, Bintan Island, noticed two unauthorized persons on the aft deck. Duty officer notified and alarm raised. Seeing the alerted","crew, the persons escaped in their waiting boat. On carrying out a search, engine spares were reported missing.",NA,NA,NA,NA,2017-10-17,2017,220,8492,Indonesian Exclusive Economic Zone,200NM,2127,Indonesia,2127,Indonesia,IDN,0,NA,0,NA,NA,0,NA,0,NA,NA,117.898147552,-3.30903479808,6025109.71458,8492
2017-269,62,Suspicious Approach,Vessel,NA,"GULF OF ADEN:On 15 October, an Iranian fishing boat captain reported that his boat had broken down and he had sighted two approaching fast boats. No further communication was received from the boat and its location is unknown. The boat had 20 crew",onboard whose situation is unknown.,NA,NA,NA,NA,2017-10-15,2017,160,8353,Yemeni Exclusive Economic Zone,200NM,2199,Yemen,2199,Yemen,YEM,0,NA,0,NA,NA,0,NA,0,NA,NA,52.0616096242,12.8890558088,527382.733788,8353
2017-273,72,Robbers,Bulk Carrier,NA,"INDONESIA:On 13 October, two robbers in a wooden boat boarded an anchored bulk carrier via the anchor chain near position 00-13S 117-35E, Muara Berau, Samarinda Inner Anchorage. They stole ship's properties and threatened duty AB with knives. As the","robbers were escaping, with stolen ship¿s properties, the duty AB raised the alarm and crew alerted. Local agent informed.",NA,NA,NA,NA,2017-10-13,2017,220,8492,Indonesian Exclusive Economic Zone,200NM,2127,Indonesia,2127,Indonesia,IDN,0,NA,0,NA,NA,0,NA,0,NA,NA,117.898147552,-3.30903479808,6025109.71458,8492
2017-257,71,Pirates,Vessel,NA,"MALAYSIA:On October 12 at 0020Z, five persons in two wooden boats boarded an unmanned rig that was being towed in vicinity 01-11.1N 103-33.6E. Tug master raised the alarm and notified local authorities. Vessel and crew reported safe.",NA,NA,NA,NA,NA,2017-10-12,2017,220,8492,Indonesian Exclusive Economic Zone,200NM,2127,Indonesia,2127,Indonesia,IDN,0,NA,0,NA,NA,0,NA,0,NA,NA,117.898147552,-3.30903479808,6025109.71458,8492
2017-266,62,Suspicious Approach,Vessel,NA,"GULF OF ADEN:On 07 October, a merchant vessel reported a suspicious approach by four dark-hulled skiffs with 4-5 persons in each skiff near position 11-56N 044-43E, approximately 54 nm southwest of Aden. They approached to 0.7 nm and turned away.",NA,NA,NA,NA,NA,2017-10-07,2017,160,8353,Yemeni Exclusive Economic Zone,200NM,2199,Yemen,2199,Yemen,YEM,0,NA,0,NA,NA,0,NA,0,NA,NA,52.0616096242,12.8890558088,527382.733788,8353
2017-267,62,Pirates,Vessel,NA,"GULF OF ADEN:On 06 October, one skiff carrying twelve suspected pirates were interdicted by Indian Naval forces aboard INS TRISHUL. They were responding to a distress call from the India-flagged bulk carrier M/V JAG AMAR. The event occurred in the Gulf","of Aden, in vicinity12-59N 047-54E. Indian Navy commandoes and an embarked helicopter responded to the call, reportedly capturing the suspected pirates, ammo, and a weapon.",NA,NA,NA,NA,2017-10-06,2017,160,8353,Yemeni Exclusive Economic Zone,200NM,2199,Yemen,2199,Yemen,YEM,0,NA,0,NA,NA,0,NA,0,NA,NA,52.0616096242,12.8890558088,527382.733788,8353
2017-258,62,Suspicious Approach,Vessel,NA,"SOMALIA:On 06 October at 0700Z, two white skiffs with ladders approached a vessel in13-13N 050-30E. They approached to within 1.2NM and turned away. Crew and vessel are safe.",NA,NA,NA,NA,NA,2017-10-06,2017,218,8350,Somali Exclusive Economic Zone,200NM,2187,Federal Republic of Somalia,2187,Federal Republic of Somalia,SOM,0,NA,0,NA,NA,0,NA,0,NA,NA,48.7178065692,5.38119709067,781835.626833,8350
2017-344,63,Robbers,Tanker,NA,"INDIA:On 05 October, robbers attempted to board an unmanned tanker under tow near20-43N 071-29E, 10 nm south of Pipavav. Alarm raised, crew mustered and evasive maneuvers initiated. Seeing the alerted crew, the robbers escaped, stealing the buoys",attached to the tow wire. Incident reported to local authorities.,NA,NA,NA,NA,2017-10-05,2017,259,8480,Indian Exclusive Economic Zone,200NM,2128,India,2128,India,IND,0,NA,0,NA,NA,0,NA,0,NA,NA,76.0853171614,14.5979955792,1659486.57465,8480
2017-263,57,Pirates,Vessel,NA,"NIGERIA:On 02 October, gunmen abducted three crew members and stole personal belongings after boarding a Panama-flagged tanker 34 nm southeast of Brass, in vicinity03-55N 006-36E.",NA,NA,NA,NA,NA,2017-10-02,2017,166,8474,Nigerian Exclusive Economic Zone,200NM,2253,Nigeria,2253,Nigeria,NGA,0,NA,0,NA,NA,0,NA,0,NA,NA,4.82278332072,4.08512461991,179050.962041,8474
2017-259,57,Pirates,Vessel,NA,"NIGERIA:On 02 October at 1815Z, a vessel was attacked in 04-17.4N 007-04.0E.",NA,NA,NA,NA,NA,2017-10-02,2017,166,8474,Nigerian Exclusive Economic Zone,200NM,2253,Nigeria,2253,Nigeria,NGA,0,NA,0,NA,NA,0,NA,0,NA,NA,4.82278332072,4.08512461991,179050.962041,8474
2017-333,51,Robbers,Sailing Vessel,NA,"CAPE VERDE:On 30 November, a Netherlands-flagged sailing yacht anchored in Ihla de Santiago, Porto da Praia Bay, in vicinity 14-54.3N 023-30.3E, was boarded by two men armed with knives and a metal pipe. They spent two hours on the yacht, thoroughly","ransacking it and assaulting the crew, injuring several with the metal pipe.",NA,NA,NA,NA,2017-11-30,2017,58,8362,Cape Verdean Exclusive Economic Zone,200NM,2168,Cape Verde,2168,Cape Verde,CPV,0,NA,0,NA,NA,0,NA,0,NA,NA,-24.1716379097,16.0919044675,801936.702842,8362
2017-313,57,Suspicious Approach,Vessel,NA,NIGERIA:On 28 November at 0445Z a vessel was approached in 06-02N 001-18E.,NA,NA,NA,NA,NA,2017-11-28,2017,147,8392,Togolese Exclusive Economic Zone,200NM,8632,Togo,8632,Togo,TGO,0,NA,0,NA,NA,0,NA,0,NA,NA,1.82134961928,4.6394919934,15439.2618032,8392
2017-314,71,Robbers,Tanker,NA,INDONESIA:On 26 November an anchored product tanker noticed two damaged padlocks during routine rounds. Crew mustered and search was carried out with nothing being found stolen.,NA,NA,NA,NA,NA,2017-11-26,2017,220,8492,Indonesian Exclusive Economic Zone,200NM,2127,Indonesia,2127,Indonesia,IDN,0,NA,0,NA,NA,0,NA,0,NA,NA,117.898147552,-3.30903479808,6025109.71458,8492
2017-310,57,Pirates,Vessel,NA,NIGERIA:On 22 November at 0340Z a vessel was attacked in 03-04N 006-59E.,NA,NA,NA,NA,NA,2017-11-22,2017,166,8474,Nigerian Exclusive Economic Zone,200NM,2253,Nigeria,2253,Nigeria,NGA,0,NA,0,NA,NA,0,NA,0,NA,NA,4.82278332072,4.08512461991,179050.962041,8474
2017-316,57,Suspicious Approach,Vessel,NA,"NIGERIA:On 22 November, a merchant vessel reported that one speed boat with three persons onboard, approached to within cable after following for about 30 minutes, near position03-17N 006-52E, 66 nm south-southwest of Bonny. Vessel took anti-piracy",preventive measures and the attempted boarding was aborted. Vessel and crew are safe.,NA,NA,NA,NA,2017-11-22,2017,166,8474,Nigerian Exclusive Economic Zone,200NM,2253,Nigeria,2253,Nigeria,NGA,0,NA,0,NA,NA,0,NA,0,NA,NA,4.82278332072,4.08512461991,179050.962041,8474
2017-328,72,Pirates,Tug,NA,"INDONESIA:On 22 November, pirates hijacked the tug EVER PROSPER in vicinity 07-11S 116-27E, tied up the crew and stole the barge EVER OMEGA, carrying 3,700 tons of Palm Oil. The barge was later found by authorities, but the cargo was gone.",NA,NA,NA,NA,NA,2017-11-22,2017,220,8492,Indonesian Exclusive Economic Zone,200NM,2127,Indonesia,2127,Indonesia,IDN,0,NA,0,NA,NA,0,NA,0,NA,NA,117.898147552,-3.30903479808,6025109.71458,8492
2017-309,57,Suspicous Approach,Vessel,NA,NIGERIA:On 22 November a vessel was approached in 03-17.5N 006-52.5E. One speed boat with three persons on board approached to within one cable after chasing the vessel for 30 minutes. Vessel performed maneuvers and the boarding was thwarted.,NA,NA,NA,NA,NA,2017-11-22,2017,166,8474,Nigerian Exclusive Economic Zone,200NM,2253,Nigeria,2253,Nigeria,NGA,0,NA,0,NA,NA,0,NA,0,NA,NA,4.82278332072,4.08512461991,179050.962041,8474
2017-317,57,Suspicious Approach,Vessel,NA,"NIGERIA:On 21 November, crew aboard a merchant vessel near position 06-18N 003-10E, Lagos Anchorage, observed two small boats approach to a close proximity. Persons on the boat attempted to board the ship using hooked ropes. Nigerian patrol boat informed",on VHF and responded causing the pirates to flee the area.,NA,NA,NA,NA,2017-11-21,2017,166,8474,Nigerian Exclusive Economic Zone,200NM,2253,Nigeria,2253,Nigeria,NGA,0,NA,0,NA,NA,0,NA,0,NA,NA,4.82278332072,4.08512461991,179050.962041,8474
2017-321,62,Pirates,Vessel,NA,"Gulf of Aden:On 21 November, a merchant ship reported being attacked skiff near position14-08N 048-57E, near the port of Al Mukalla, Yemen.",NA,NA,NA,NA,NA,2017-11-21,2017,160,8353,Yemeni Exclusive Economic Zone,200NM,2199,Yemen,2199,Yemen,YEM,0,NA,0,NA,NA,0,NA,0,NA,NA,52.0616096242,12.8890558088,527382.733788,8353
2017-311,57,Suspicious Approach,Vessel,NA,NIGERIA:On 21 November at 2140Z a vessel was approached by pirates in 05-13N 004-03E.,NA,NA,NA,NA,NA,2017-11-21,2017,166,8474,Nigerian Exclusive Economic Zone,200NM,2253,Nigeria,2253,Nigeria,NGA,0,NA,0,NA,NA,0,NA,0,NA,NA,4.82278332072,4.08512461991,179050.962041,8474
2017-329,71,Robbers,Bulk Carrier,NA,"INDONESIA:On 20 Nov, an unlit boat approached a bulk carrier underway near position01-02N 103-39E, 6 nm south of Pulau Nipah, and came alongside the starboard quarter. Crew on deck watch noticed the boat and informed the duty officer. Deck lights and","search lights switched on and directed towards the boat. Duty officer noticed eight robbers in the boat. A ladder was seen hooked onto the ships rail. Alarm raised and crewmustered. Seeing the alerted crew, the robbers unhooked the ladder and moved away.","VTIS informed. Once the vessel arrived at the anchorage, the Singapore Coast Guard boarded the vessel for investigation.",NA,NA,NA,2017-11-20,2017,220,8492,Indonesian Exclusive Economic Zone,200NM,2127,Indonesia,2127,Indonesia,IDN,0,NA,0,NA,NA,0,NA,0,NA,NA,117.898147552,-3.30903479808,6025109.71458,8492
2017-322,62,Suspicious Approach,Vessel,NA,"GULF OF ADEN:On 19 November, a merchant ship reported sighting a suspicious skiff near position14-04N 051-47 E, near IRTC Point B. The skiff was reportedly carrying a ladder.",NA,NA,NA,NA,NA,2017-11-19,2017,160,8353,Yemeni Exclusive Economic Zone,200NM,2199,Yemen,2199,Yemen,YEM,0,NA,0,NA,NA,0,NA,0,NA,NA,52.0616096242,12.8890558088,527382.733788,8353
2017-325,71,Robbers,Tanker,NA,"INDONESIA:On 17 November, three robbers armed with knives boarded an anchored product tanker near position 01-25N 104-35E, 12 nm north of Tanjung. Berakit, Pulau Bintan. Duty crewman on routine rounds noticed the robbers. Alarm raised and crew mustered.","Hearing the alarm and seeing the alerted crew, the robbers escaped with ship's properties. A search was carried out. Incident report to MPA Singapore.",NA,NA,NA,NA,2017-11-17,2017,220,8492,Indonesian Exclusive Economic Zone,200NM,2127,Indonesia,2127,Indonesia,IDN,0,NA,0,NA,NA,0,NA,0,NA,NA,117.898147552,-3.30903479808,6025109.71458,8492
2017-319,57,Pirates,Bulk Carrier,NA,"NIGERIA:On 16 November, pirates attacked a bulk carrier underway near position 04-07N 006-57E, 19 nm southwest of Bonny. The attack occurred about 15 minutes after its Nigerian Navy security escort boat departed the area. Upon hearing them mayday","transmission, the security vessel returned to the bulk carrier and fired upon the pirate boat resulting in the pirates fleeing the area. The Nigerian Navy security vessel then escorted the bulk carrier to Bonny Anchorage.",NA,NA,NA,NA,2017-11-16,2017,166,8474,Nigerian Exclusive Economic Zone,200NM,2253,Nigeria,2253,Nigeria,NGA,0,NA,0,NA,NA,0,NA,0,NA,NA,4.82278332072,4.08512461991,179050.962041,8474
2017-312,57,Suspicious Approach,Tanker,NA,"NIGERIA:On 16 November at 0945Z a tanker was approached by a speed boat with seven persons on board in 03-30.6N 006-45.9E. As the boat closed to 300 meters, the tanker performed evasive maneuvers to escape the vessel.",NA,NA,NA,NA,NA,2017-11-16,2017,166,8474,Nigerian Exclusive Economic Zone,200NM,2253,Nigeria,2253,Nigeria,NGA,0,NA,0,NA,NA,0,NA,0,NA,NA,4.82278332072,4.08512461991,179050.962041,8474
2017-320,57,Suspicious Approach,Tanker,NA,"NIGERIA:On 16 November, seven pirates in a speed boat chased a tanker underway near position 03-30N 006-45E, 56 nm south-southwest of Bonny Island. As the boat closed to 300 meters, the crew noticed a long ladder. The crew raised the alarm, commenced","evasive maneuvers, and mustered the crew in safe place while the pirates chased the vessel. Due to the anti-piracy measures employed by the crew, the suspected pirates aborted the chase and departed the area. Nigerian Navy HQ notified.",NA,NA,NA,NA,2017-11-16,2017,166,8474,Nigerian Exclusive Economic Zone,200NM,2253,Nigeria,2253,Nigeria,NGA,0,NA,0,NA,NA,0,NA,0,NA,NA,4.82278332072,4.08512461991,179050.962041,8474
2017-318,57,Pirates,Tanker,NA,"NIGERIA:On 16 November, a merchant tanker reported an attempted boarding by seven individuals in a white speedboat using ladders near position 03-30N 006-46E, 60 nm south of Bonny. Due to the vessel's high freeboard, pirates aborted the boarding after",five minutes.,NA,NA,NA,NA,2017-11-16,2017,166,8474,Nigerian Exclusive Economic Zone,200NM,2253,Nigeria,2253,Nigeria,NGA,0,NA,0,NA,NA,0,NA,0,NA,NA,4.82278332072,4.08512461991,179050.962041,8474
2017-296,57,Pirates,Vessel,NA,"NIGERIA:On 11 November, armed pirates boarded the drifting bulk carrier VENUS BAY near position 04-07N 006-59E, 17nm south-southwest of Bonny Island. They entered the bridge and fired their weapons damaging the bridge windows. The pirates stole ship's","properties, crew personal belongings, kidnapped 10 crewmen and escaped in their boat. Two Nigerian Navy vessels intercepted the pirates, rescued the crew and apprehended five pirates. The ship was escorted into the inner anchorage under naval escort and","armed guards were placed onboard during the vessels stay. On 12 November 2017, the ship resumed passage under naval escort to Port Harcourt and berthed.",NA,NA,NA,2017-11-11,2017,166,8474,Nigerian Exclusive Economic Zone,200NM,2253,Nigeria,2253,Nigeria,NGA,0,NA,0,NA,NA,0,NA,0,NA,NA,4.82278332072,4.08512461991,179050.962041,8474
2017-308,71,Robbers,Tanker,NA,"INDONESIA:On 10 November, crewman on routine rounds onboard an LPG Tanker anchored near position 01-28N 104-38E, 14 nm north-northeast of Tanjung Berakit, Pulau Bintan, noticed three unauthorized persons on the poop deck. Alarm raised and crew mustered.",A search was carried out throughout the tanker. The pad lock of a mooring hatch cover was found broken. Nothing reported stolen.,NA,NA,NA,NA,2017-11-10,2017,220,8492,Indonesian Exclusive Economic Zone,200NM,2127,Indonesia,2127,Indonesia,IDN,0,NA,0,NA,NA,0,NA,0,NA,NA,117.898147552,-3.30903479808,6025109.71458,8492
2017-307,57,Robbers,Vessel,NA,"NIGERIA:On 10 November, five to six armed personnel in a blue hulled boat, five to six meters in length, attempted to board a vessel in position 04-15N 005-36E, the vicinity of Pennington Terminal.",NA,NA,NA,NA,NA,2017-11-10,2017,166,8474,Nigerian Exclusive Economic Zone,200NM,2253,Nigeria,2253,Nigeria,NGA,0,NA,0,NA,NA,0,NA,0,NA,NA,4.82278332072,4.08512461991,179050.962041,8474
2017-299,62,Suspicous Approach,Vessel,NA,"YEMEN:On 08 November, a merchant vessel reported a suspicious approach by two skiffs near position 12-30N 043-37E, near Mayyun Island. Seven persons were sighted in each skiff, both of which closed to within 100 meters of the vessel.",NA,NA,NA,NA,NA,2017-11-08,2017,163,8352,Djiboutian Exclusive Economic Zone,200NM,2131,Djibouti,2131,Djibouti,DJI,0,NA,0,NA,NA,0,NA,0,NA,NA,43.432962888,11.9971041774,7223.43334664,8352
2017-300,71,Robbers,Bulk Carrier,NA,"INDONESIA:On 07 November, robbers armed with knives boarded a bulk carrier underway near position 02-53N 105-17E, 21 nm southwest of Pulau Mangkai, Kepulauan Anambas. They threatened the crew with the knives, stole ship's properties, cash and crew","personal belonging, damaged communication equipment and escaped in a boat.",NA,NA,NA,NA,2017-11-07,2017,220,8492,Indonesian Exclusive Economic Zone,200NM,2127,Indonesia,2127,Indonesia,IDN,0,NA,0,NA,NA,0,NA,0,NA,NA,117.898147552,-3.30903479808,6025109.71458,8492
2017-288,57,Pirates,Vessel,NA,GHANA:On 03 November at 0054Z a vessel was possibly hijacked in 05-59N 001-14E.,NA,NA,NA,NA,NA,2017-11-03,2017,226,8400,Ghanaian Exclusive Economic Zone,200NM,2100,Ghana,2100,Ghana,GHA,0,NA,0,NA,NA,0,NA,0,NA,NA,-0.847226823817,3.50286659343,227218.059083,8400
2017-302,71,Robbers,Vessel,NA,"INDONESIA:On 03 November, three robbers armed with knives in a small wooden boat boarded an anchored offshore supply ship near position 01-11N 103-59E, Batu Ampar Anchorage, Batam. Duty crewman on routine rounds noticed the robbers and shouted at them","resulting in the robbers threatening him with their knives. The crewman immediately informed the bridge and the alarm was raised. Hearing the alarm and seeing the crewalertness, the robbers escaped. A search was carried out and ship's properties reported",stolen.,NA,NA,NA,2017-11-03,2017,220,8492,Indonesian Exclusive Economic Zone,200NM,2127,Indonesia,2127,Indonesia,IDN,0,NA,0,NA,NA,0,NA,0,NA,NA,117.898147552,-3.30903479808,6025109.71458,8492
2017-303,63,Robbers,Barge,NA,"BANGLADESH:On 03 November, a robber armed with a knife boarded a barge under tow near position 22-02N 091-48E, Kutubdia Anchorage. The master switched on the search light and directed it towards the barge and notified port control and the Coast Guard.","Seeing the alerted crew, the robber escaped with stolen barge properties. Coast Guard come onboard for investigation.",NA,NA,NA,NA,2017-11-03,2017,164,8481,Bangladeshi Exclusive Economic Zone,200NM,2142,Bangladesh,2142,Bangladesh,BGD,0,NA,0,NA,NA,0,NA,0,NA,NA,90.5397686404,20.4111789845,112302.620749,8481
2017-290,57,Pirates,Vessel,NA,"NIGERIA:On 01 November, a merchant vessel was attacked near position 04-03N 007-03E, the vicinity of Port Harcourt. Two pirates boarded the merchant vessel, then left in two speedboats and headed off on a northerly course.",NA,NA,NA,NA,NA,2017-11-01,2017,166,8474,Nigerian Exclusive Economic Zone,200NM,2253,Nigeria,2253,Nigeria,NGA,0,NA,0,NA,NA,0,NA,0,NA,NA,4.82278332072,4.08512461991,179050.962041,8474
2017-280,57,Pirates,Tanker,NA,NIGERIA:On 01 November at 0925Z a vessel was attacked in 04-05N 007-04E.,NA,NA,NA,NA,NA,2017-11-01,2017,166,8474,Nigerian Exclusive Economic Zone,200NM,2253,Nigeria,2253,Nigeria,NGA,0,NA,0,NA,NA,0,NA,0,NA,NA,4.82278332072,4.08512461991,179050.962041,8474
2018-6,63,Robbers,Barge,NA,"BANGLADESH:On 31 December, robbers boarded a barge under tow in vicinity 21-49N 091-34E, and stole barge's properties. All crew safe.",NA,NA,NA,NA,NA,2017-12-31,2017,164,8481,Bangladeshi Exclusive Economic Zone,200NM,2142,Bangladesh,2142,Bangladesh,BGD,0,NA,0,NA,NA,0,NA,0,NA,NA,90.5397686404,20.4111789845,112302.620749,8481
2018-9,94,Robbers,Bulk Carrier,NA,"CHINA:On 29 December, duty crewman onboard a bulk carrier anchored in vicinity38-46N 118-30E, Caofeidian Anchorage, noticed suspicious movements on the main deck. Upon checking, he noticed two unauthorized persons standing near the emergency generator","room. The crewman informed the duty officer who immediately directed a large searchlight toward the area, and saw two persons pulling out a hose from the diesel oil tank sounding pipe. Alarm was raised and crew was mustered. Hearing the alarm and seeing","the crew alertness, the individuals pulled out the hose from the sounding pipe and escaped in a small boat. On sounding the tanks, it was reported that diesel oil had been stolen.",NA,NA,NA,2017-12-29,2017,192,8486,Chinese Exclusive Economic Zone,200NM,8603,China,8603,China,CHN,0,NA,0,NA,NA,0,NA,0,NA,NA,118.676418867,28.6766590494,963547.862843,8486
2018-7,71,Robbers,Bulk Carrier,NA,"SINGAPORE STRAIT:On 28 December, four robbers boarded a bulk carrier awaiting a Pilot boat in vicinity 01-16N 104-02E, 3 nm south of Changi. They entered the engine room and threatened the duty engineer with a knife. The engineer managed to escape and","raise the alarm. Seeing the alerted crew, the robbers escaped empty handed. Incident reported to VTIS East Singapore.",NA,NA,NA,NA,2017-12-28,2017,220,8492,Indonesian Exclusive Economic Zone,200NM,2127,Indonesia,2127,Indonesia,IDN,0,NA,0,NA,NA,0,NA,0,NA,NA,117.898147552,-3.30903479808,6025109.71458,8492
2018-8,72,Robbbers,Tanker,NA,"INDONESIA:ON 25 December, duty crewman onboard a tanker anchored in vicinity 07-46S 109-04E, Cilacap Anchorage, spotted four robbers near the poop deck. Alarm raised and crew mustered. Seeing the crew alertness, the robbers escaped with stolen ship's",engine spares.,NA,NA,NA,NA,2017-12-25,2017,220,8492,Indonesian Exclusive Economic Zone,200NM,2127,Indonesia,2127,Indonesia,IDN,0,NA,0,NA,NA,0,NA,0,NA,NA,117.898147552,-3.30903479808,6025109.71458,8492
2018-1,57,Pirates,Vessel,NA,"NIGERIA:On 24 December, a merchant vessel reported being attacked and boarded in 03-47N 006-50E, 42 nm south-southwest of Bonny Island.",NA,NA,NA,NA,NA,2017-12-24,2017,166,8474,Nigerian Exclusive Economic Zone,200NM,2253,Nigeria,2253,Nigeria,NGA,0,NA,0,NA,NA,0,NA,0,NA,NA,4.82278332072,4.08512461991,179050.962041,8474
2018-5,57,Robbers,Tanker,NA,"NIGERIA:On 24 December, duty crewmen onboard a product tanker anchored in vicinity 06-17N 003-13E, SSA Anchorage, Lagos, saw three robbers attempting to board the vessel and immediately notified the officer on watch. Alarm was raised and crew was","mustered. Seeing the alerted crew, the robbers escaped empty handed. The incident was reported to the Nigerian Navy and a patrol boat was dispatched to investigate.",NA,NA,NA,NA,2017-12-24,2017,166,8474,Nigerian Exclusive Economic Zone,200NM,2253,Nigeria,2253,Nigeria,NGA,0,NA,0,NA,NA,0,NA,0,NA,NA,4.82278332072,4.08512461991,179050.962041,8474
2018-2,57,Pirates,Fishing Vessel,NA,"NIGERIA:On 21 December, the Nigerian Navy in Lagos rescued four Chinese nationals from kidnappers around Igbokoda area of Ondo State in vicinity 06-09N 004-40E. The Flag Off Commanding, Western Naval Command, Rear Adm. Sylvanus Abbah, told journalists in","Lagos that the four victims were abducted on board a fishing trawler in Lagos waters on December 14. According to him, operatives of the Nigerian Navy Ship (NNS) BEECROFT rescued the abducted Chinese nationals from a militant camp in the riverine area of",Ondo State.,NA,NA,NA,2017-12-21,2017,166,8474,Nigerian Exclusive Economic Zone,200NM,2253,Nigeria,2253,Nigeria,NGA,0,NA,0,NA,NA,0,NA,0,NA,NA,4.82278332072,4.08512461991,179050.962041,8474
2017-336,57,Robbers,Vessel,NA,NIGERIA:On 17 December at 0106Z robbers attempted to board a vessel in 06-17N 003-21E.,NA,NA,NA,NA,NA,2017-12-17,2017,166,8474,Nigerian Exclusive Economic Zone,200NM,2253,Nigeria,2253,Nigeria,NGA,0,NA,0,NA,NA,0,NA,0,NA,NA,4.82278332072,4.08512461991,179050.962041,8474
2017-349,63,Robbers,Barge,NA,BANGLADESH:On 16 December robbers boarded a barge under tow in 21-14.7N 091-47.5E. Robbers escaped with stolen property.,NA,NA,NA,NA,NA,2017-12-16,2017,164,8481,Bangladeshi Exclusive Economic Zone,200NM,2142,Bangladesh,2142,Bangladesh,BGD,0,NA,0,NA,NA,0,NA,0,NA,NA,90.5397686404,20.4111789845,112302.620749,8481
2017-350,93,Robbers,Bulk Carrier,NA,VIETNAM:On 16 December at 1630Z ten to twelve robbers boarded an anchored bulk carrier in20-53.8N 107-16.6E. The robbers boarded using the mooring ropes. The AB noticed robbbers stealing paint drums and raised the alarm. The robbers escaped,NA,NA,NA,NA,NA,2017-12-16,2017,185,8484,Vietnamese Exclusive Economic Zone,200NM,2200,Vietnam,2200,Vietnam,VNM,0,NA,0,NA,NA,0,NA,0,NA,NA,107.865630238,11.5549947852,750997.838971,8484
2017-351,57,Pirates,Bulk Carrier,NA,"NIGERIA:On 14 December, at 0830 UTC pirates boarded the Greece-flagged bulk carrier SKYLIGHT near 03-46N 006-17E, 32 nm south of Brass. Ten crewmen were kidnapped.",NA,NA,NA,NA,NA,2017-12-14,2017,166,8474,Nigerian Exclusive Economic Zone,200NM,2253,Nigeria,2253,Nigeria,NGA,0,NA,0,NA,NA,0,NA,0,NA,NA,4.82278332072,4.08512461991,179050.962041,8474
2017-352,62,Suspicious Approach,Vessel,NA,"GULF OF ADEN:On 14 December, a merchant vessel reported a suspicious approach near13-56N 049-51E, 60 nm southeast of Mukalla. Three skiffs with three to four persons in each skiff made a close approach, and then turned away.",NA,NA,NA,NA,NA,2017-12-14,2017,160,8353,Yemeni Exclusive Economic Zone,200NM,2199,Yemen,2199,Yemen,YEM,0,NA,0,NA,NA,0,NA,0,NA,NA,52.0616096242,12.8890558088,527382.733788,8353
2017-347,57,Pirates,Vessel,NA,NIGERIA:On 14 December at 0110Z a vessel was chased in 03-58.3N 006-12.4E. A wooden speedboat with four persons on board attempted to board the vessel. The vessel increased speed and took preventative measures while managing to evade boat.,NA,NA,NA,NA,NA,2017-12-14,2017,166,8474,Nigerian Exclusive Economic Zone,200NM,2253,Nigeria,2253,Nigeria,NGA,0,NA,0,NA,NA,0,NA,0,NA,NA,4.82278332072,4.08512461991,179050.962041,8474
2017-346,71,Robbers,Tanker,NA,"INDONESIA:On 13 December at 1200Z, four armed robbers boarded an underway tanker in01-14.6N 104-02.3E. As they entered the engine room, they encountered an oiler and assaulted him. The alarm was raised and crew mustered. Robbers escaped with ship's",engine spare parts.,NA,NA,NA,NA,2017-12-13,2017,220,8492,Indonesian Exclusive Economic Zone,200NM,2127,Indonesia,2127,Indonesia,IDN,0,NA,0,NA,NA,0,NA,0,NA,NA,117.898147552,-3.30903479808,6025109.71458,8492
2017-348,62,Suspicious Approach,Tanker,NA,OMAN:On 12 December M/V Grand Ace 11 was approached by a skiff in 24-57N 057-42E.,NA,NA,NA,NA,NA,2017-12-12,2017,138,8469,Iranian Exclusive Economic Zone,200NM,2126,Iran,2126,Iran,IRN,0,NA,0,NA,NA,0,NA,0,NA,NA,53.8860317307,29.7820224927,215347.604482,8469
2017-337,57,Robbers,Tanker,NA,"NIGERIA:On 10 December, duty crewman onboard a tanker anchored near 06-19N 003-17E, 5 nm south of Lagos, noticed three robbers on the main deck and raised the alarm. Seeing the alerted crew, the robbers escaped empty-handed.",NA,NA,NA,NA,NA,2017-12-10,2017,166,8474,Nigerian Exclusive Economic Zone,200NM,2253,Nigeria,2253,Nigeria,NGA,0,NA,0,NA,NA,0,NA,0,NA,NA,4.82278332072,4.08512461991,179050.962041,8474
2017-353,91,Robbers,Container Vessel,NA,"PHILIPPINES:On 09 December, robbers boarded an anchored container ship via the anchor chain, near14-35N 120-55E, Manila South Harbor Anchorage. The thieves cut through the forecastle store room padlock, stole ship's properties and escaped. The incident",was noticed and reported by the bosun. Local authorities informed and the coast guard boarded the vessel to investigate.,NA,NA,NA,NA,2017-12-09,2017,179,8322,Philippines Exclusive Economic Zone,200NM,2245,Philippines,2245,Philippines,PHL,0,NA,0,NA,NA,0,NA,0,NA,NA,122.546805869,12.3401155141,1971039.86154,8322
2017-340,71,Robbers,Tanker,NA,"INDONESIA:On 08 December, four robbers armed with knives and swords boarded an anchored tanker near 01-27N 104-39E, 15 nm north-northeast of Pulau Bintan. The robbers tied up the second engineer in the engine room workshop, stole engine spare parts and",escaped. Ship searched.,NA,NA,NA,NA,2017-12-08,2017,220,8492,Indonesian Exclusive Economic Zone,200NM,2127,Indonesia,2127,Indonesia,IDN,0,NA,0,NA,NA,0,NA,0,NA,NA,117.898147552,-3.30903479808,6025109.71458,8492
2017-338,57,Pirates,Vessel,NA,"NIGERIA:On 08 December, a merchant vessel reported being boarded near 04-11N 007-00E, vicinity of Bonny River. Nigerian Navy vessel responded, but pirates had already gone. Ship and crew are safe.",NA,NA,NA,NA,NA,2017-12-08,2017,166,8474,Nigerian Exclusive Economic Zone,200NM,2253,Nigeria,2253,Nigeria,NGA,0,NA,0,NA,NA,0,NA,0,NA,NA,4.82278332072,4.08512461991,179050.962041,8474
2017-341,91,Robbers,Cargo Vessel,NA,"PHILIPPINES:On 07 December, duty watchmen onboard a container ship anchored near 14-35N 120-51E, Manila anchorage, noticed three robbers near the forecastle and immediately notified the officer on watch. Alarm raised and crew mustered. Seeing the alerted","crew, the robbers escaped with ship's properties. Coast Guard notified.",NA,NA,NA,NA,2017-12-07,2017,179,8322,Philippines Exclusive Economic Zone,200NM,2245,Philippines,2245,Philippines,PHL,0,NA,0,NA,NA,0,NA,0,NA,NA,122.546805869,12.3401155141,1971039.86154,8322
2017-339,62,Pirates,Vessel,NA,"RED SEA:On 07 December, a vessel reported being attacked near 14-32N 042-47E, vicinity ofHodeida, Yemen.",NA,NA,NA,NA,NA,2017-12-07,2017,160,8353,Yemeni Exclusive Economic Zone,200NM,2199,Yemen,2199,Yemen,YEM,0,NA,0,NA,NA,0,NA,0,NA,NA,52.0616096242,12.8890558088,527382.733788,8353
2017-330,57,Pirates,Vessel,NA,"NIGERIA:On 07 December, a merchant ship reported that eight robbers attempted to board their ship near 03-31N 007-07E, approximately 60 nm south of Bonny. The boarding attempt failed and the ship and crew are reportedly safe.",NA,NA,NA,NA,NA,2017-12-07,2017,166,8474,Nigerian Exclusive Economic Zone,200NM,2253,Nigeria,2253,Nigeria,NGA,0,NA,0,NA,NA,0,NA,0,NA,NA,4.82278332072,4.08512461991,179050.962041,8474
2017-342,71,Robbers,Offshore Supply Vessel,NA,"INDONESIA:On 07 December, four robbers, armed with knives, boarded an anchored offshore supply vessel near 00-43N 104-10E, Galang Anchorage. Duty watchman spotted the robbers and informed the duty officer. Alarm was raised and crew mustered. Seeing the","crew's alertness, the robbers escaped empty-handed.",NA,NA,NA,NA,2017-12-07,2017,220,8492,Indonesian Exclusive Economic Zone,200NM,2127,Indonesia,2127,Indonesia,IDN,0,NA,0,NA,NA,0,NA,0,NA,NA,117.898147552,-3.30903479808,6025109.71458,8492
2017-343,71,Robbers,Offshore Supply Vessel,NA,"INDONESIA:On 07 December, a crewmember onboard an offshore support vessel anchored near00-44N 104-08E, Galang Lay Up Anchorage, noticed several robbers armed with crow bars and raised the alarm. Seeing the alerted crew, the robbers escaped with stolen",ship's stores. Local authorities contacted. A security team boarded the vessel for investigations.,NA,NA,NA,NA,2017-12-07,2017,220,8492,Indonesian Exclusive Economic Zone,200NM,2127,Indonesia,2127,Indonesia,IDN,0,NA,0,NA,NA,0,NA,0,NA,NA,117.898147552,-3.30903479808,6025109.71458,8492
2017-345,63,Robbers,Barge,NA,"BANGLADESH:On 05 December, robbers boarded a barge under tow near 21-52N 091-45E, 4.47 nm west of Kutubdia Island. The robbers were able steal barge properties and escape. No injury to crews. Incident reported to the authorities.",NA,NA,NA,NA,NA,2017-12-05,2017,164,8481,Bangladeshi Exclusive Economic Zone,200NM,2142,Bangladesh,2142,Bangladesh,BGD,0,NA,0,NA,NA,0,NA,0,NA,NA,90.5397686404,20.4111789845,112302.620749,8481
2017-327,91,Robbers,Cargo Vessel,NA,PHILIPPINES:On 03 December at 1610Z robbers were discovered aboard a container vessel in14-33.72N 120-55.25E. Liferafts and immersion suits were reported missing. It was noticed the robbers had boarded the vessel via the anchor chain. Authorities carried,out a security search aboard the vessel after being notified.,NA,NA,NA,NA,2017-12-03,2017,179,8322,Philippines Exclusive Economic Zone,200NM,2245,Philippines,2245,Philippines,PHL,0,NA,0,NA,NA,0,NA,0,NA,NA,122.546805869,12.3401155141,1971039.86154,8322
2017-331,57,Robbers,Vessel,NA,"GHANA:On 02 December, a merchant vessel near position 04-54N 001-42W, Takoradi Anchorage, was boarded by one person with five others waiting in two nearby boats. A fire hose, computer and monitor reported missing. A navy patrol boat was dispatched to the",zone.,NA,NA,NA,NA,2017-12-02,2017,226,8400,Ghanaian Exclusive Economic Zone,200NM,2100,Ghana,2100,Ghana,GHA,0,NA,0,NA,NA,0,NA,0,NA,NA,-0.847226823817,3.50286659343,227218.059083,8400
2017-332,57,Pirates,Vessel,NA,"NIGERIA:On 01 December, pirates boarded a merchant vessel near 03-24N 006-50E, 57nmsouthwest of Bonny. Nigerian Navy responded.",NA,NA,NA,NA,NA,2017-12-01,2017,166,8474,Nigerian Exclusive Economic Zone,200NM,2253,Nigeria,2253,Nigeria,NGA,0,NA,0,NA,NA,0,NA,0,NA,NA,4.82278332072,4.08512461991,179050.962041,8474
2017-326,57,Pirates,Vessel,NA,NIGERIA:On 01 December at 0846Z a vessel was attacked in 03-28N 006-50E.,NA,NA,NA,NA,NA,2017-12-01,2017,166,8474,Nigerian Exclusive Economic Zone,200NM,2253,Nigeria,2253,Nigeria,NGA,0,NA,0,NA,NA,0,NA,0,NA,NA,4.82278332072,4.08512461991,179050.962041,8474
2018-46,57,Robbers,Tanker,NA,"NIGERIA:On 31 January, duty crewman on routine rounds onboard an anchored product tanker in Lagos Anchorage, in vicinity 06-19N 003-23E, saw two small boats tied up to the anchor chain and one robber on the forecastle deck. Duty officer on bridge was","notified and the alarm was raised and fog horn sounded. Seeing the alerted crew, the robber escaped. Nigerian Navy patrol boat notified. The patrol boat arrived and searched the waters around the tanker. Crew searched the tanker. Nothing reported stolen.",NA,NA,NA,NA,2018-01-31,2018,166,8474,Nigerian Exclusive Economic Zone,200NM,2253,Nigeria,2253,Nigeria,NGA,0,NA,0,NA,NA,0,NA,0,NA,NA,4.82278332072,4.08512461991,179050.962041,8474
2018-39,63,Robbers,Bulk Carrier,NA,"BANGLADESH:On 30 January, five robbers armed with knives boarded an anchored bulk carrier in vicinity 21-48N 091-48E, Kutubdia Anchorage. They threatened a duty crewman, who managed to escape and raise the alarm. Seeing the alerted crew, the robbers","escaped with stolen ship's stores. The incident was reported to Bangladesh Coast Guard who boarded the ship for investigation. Later, the Coast Guard managed to recover the stolen stores and delivered them to the ship.",NA,NA,NA,NA,2018-01-30,2018,164,8481,Bangladeshi Exclusive Economic Zone,200NM,2142,Bangladesh,2142,Bangladesh,BGD,0,NA,0,NA,NA,0,NA,0,NA,NA,90.5397686404,20.4111789845,112302.620749,8481
2018-24,57,Suspicious Approach,Vessel,NA,NIGERIA:On 27 January a vessel was approached by in 06-18N 003-20E.,NA,NA,NA,NA,NA,2018-01-27,2018,166,8474,Nigerian Exclusive Economic Zone,200NM,2253,Nigeria,2253,Nigeria,NGA,0,NA,0,NA,NA,0,NA,0,NA,NA,4.82278332072,4.08512461991,179050.962041,8474
2018-40,63,Robbers,Vessel,NA,"BANGLADESH:On 26 January, during routine rounds duty crewman onboard a merchant ship anchored in vicinity 22-10N 091-42E, Chittagong B Anchorage found three lube oil drums on deck and suspecting something amiss, informed the duty officer who alerted the",master and chief engineer. An investigation was carried out. The shore watchmen admitted to having drained the lube oil from the anchor windlass feed tank into the drums. Local agents informed.,NA,NA,NA,NA,2018-01-26,2018,164,8481,Bangladeshi Exclusive Economic Zone,200NM,2142,Bangladesh,2142,Bangladesh,BGD,0,NA,0,NA,NA,0,NA,0,NA,NA,90.5397686404,20.4111789845,112302.620749,8481
2018-41,71,Robbers,Tug,NA,"INDONESIA:On 26 January, two robbers boarded the tug DABO 105 in vicinity 00-44S 104-24E, Strait of Berhala. Bridge crew called for help over VHF and an Indonesian Navy patrol boat responded. It launched a small boat, boarded the tug and arrested the two",robbers.,NA,NA,NA,NA,2018-01-26,2018,220,8492,Indonesian Exclusive Economic Zone,200NM,2127,Indonesia,2127,Indonesia,IDN,0,NA,0,NA,NA,0,NA,0,NA,NA,117.898147552,-3.30903479808,6025109.71458,8492
2018-19,57,Pirates,Vessel,NA,NIGERIA:On 24 January at 0900Z a vessel was attacked in 03-30N 006-20E.,NA,NA,NA,NA,NA,2018-01-24,2018,166,8474,Nigerian Exclusive Economic Zone,200NM,2253,Nigeria,2253,Nigeria,NGA,0,NA,0,NA,NA,0,NA,0,NA,NA,4.82278332072,4.08512461991,179050.962041,8474
2018-26,57,Pirates,Bulk Carrier,NA,"NIGERIA:On 24 January, a bulk carrier was attacked by two speed boats with 2 to 3 armed men in each boat in vicinity 03-39N 006-37E, 40 nm south of Bonny Fairway Buoy. The speed boats approached the ship on the starboard beam and fired towards the","vessel, which increased speed and the speed boats turned away. Vessel and crew are safe.",NA,NA,NA,NA,2018-01-24,2018,166,8474,Nigerian Exclusive Economic Zone,200NM,2253,Nigeria,2253,Nigeria,NGA,0,NA,0,NA,NA,0,NA,0,NA,NA,4.82278332072,4.08512461991,179050.962041,8474
2018-27,51,Robbers,Cargo Vessel,NA,"GUINEA:On 23 January, two persons attempted to board a cargo vessel near position09-30N 013-43W, Conakry Port Terminal. They were spotted trying to climb up ship's line. The alarm was raised. Both jumped back in the water and swam away from the ship.",NA,NA,NA,NA,NA,2018-01-23,2018,118,8472,Guinean Exclusive Economic Zone,200NM,2122,Guinea,2122,Guinea,GIN,0,NA,0,NA,NA,0,NA,0,NA,NA,-15.6205073648,9.18113919475,102165.349909,8472
2018-28,57,Pirates,Tanker,NA,"NIGERIA:On 05 January, a duty crewman onboard a tanker carrying out STS operations in vicinity 06-17N 003-19E, around 6.24 nm south of Lagos, spotted two robbers near the forecastle. The alarm was raised and crew mustered. Seeing the crew's alertness,",the robbers escaped empty-handed. Incident reported to the Nigerian Navy.,NA,NA,NA,NA,2018-01-22,2018,166,8474,Nigerian Exclusive Economic Zone,200NM,2253,Nigeria,2253,Nigeria,NGA,0,NA,0,NA,NA,0,NA,0,NA,NA,4.82278332072,4.08512461991,179050.962041,8474
2018-38,57,Robbers,Vessel,NA,"CAMEROON:On 21 January, a suspected robber boarded a merchant vessel berthed at Douala port, in vicinity 04-02N 009-39W. The duty officer reportedly spotted the intruder, raised the alarm and sought assistance from local Navy personnel. The intruder then",jumped overboard and escaped in a boat. Nothing was reported stolen.,NA,NA,NA,NA,2018-01-21,2018,121,8391,Liberian Exclusive Economic Zone,200NM,2105,Liberia,2105,Liberia,LBR,0,NA,0,NA,NA,0,NA,0,NA,NA,-10.1776290674,3.80280296257,251776.275286,8391
2018-29,62,Mothership Activity,Bulk Carrier,NA,"GULF OF ADEN:On 21 January, the bulk carrier NACC VALBELLA was headed from the Suez Canal to Cebu, in the Philippines, when the ship was attacked. The incident occurred 90 miles southeast of the Yemeni port of Mukalla in the Gulf of Aden, in vicinity","13-33N 049-59E. The vessel's owner, said all crew were unharmed. A security company spokesman said that a mothership pulling two skiffs approached the vessel¿s bow. The vessel's armed guards initially fired a flare, but the mothership continued its","approach. The guards then fired an aerial warning shot, to which the assailants responded with shots. The perpetrators fled after the guards fired a second warning shot.",NA,NA,NA,2018-01-21,2018,160,8353,Yemeni Exclusive Economic Zone,200NM,2199,Yemen,2199,Yemen,YEM,0,NA,0,NA,NA,0,NA,0,NA,NA,52.0616096242,12.8890558088,527382.733788,8353
2018-30,62,Suspicious Approach,Vessel,NA,"GULF OF ADEN:On 20 January, a small boat made a suspicious approach against a Panama-flagged merchant vessel under escort by a Chinese Navy frigate. The naval vessel fired warning flares and positioned itself for further action against the small boat,",forcing it to turn away.,NA,NA,NA,NA,2018-01-20,2018,218,8350,Somali Exclusive Economic Zone,200NM,2187,Federal Republic of Somalia,2187,Federal Republic of Somalia,SOM,0,NA,0,NA,NA,0,NA,0,NA,NA,48.7178065692,5.38119709067,781835.626833,8350
2018-37,22,Suspicious Approach,Sailing Vessel,NA,"HONDURAS:On 18 January, a sailing yacht bound for Panama was approached suspiciously by a fishing boat. Near the Gordo Bank in 16-36N 082-17W, they observed a small fishing boat on an intersecting course. They altered course 90 degrees and noticed the","small boat continued to attempt to follow. Listening to VHF they heard a discussion in Spanish about stealing a dingy and no other vessels were in the vicinity. The crew hailed a merchant vessel located about 15 nautical miles away, and one of the small","fishing boats made a false response, attempting to impersonate the merchant vessel. A private VHF DSC call was made to the merchant ship. Radar indicated that the small boats were unable toclose the gap into difficult sea and wind conditions, and had",fallen further out of range as it became dark. The yacht continued without lights or AIS. The next day VHF traffic in Spanish was overheard discussing ¿keeping a lookout for a white sailboat that got away last night¿. The yacht continued to Providencia,without further incident.,NA,2018-01-18,2018,126,8427,Honduran Exclusive Economic Zone,200NM,2103,Honduras,2103,Honduras,HND,0,NA,0,NA,NA,0,NA,0,NA,NA,-83.84844835,16.9115353147,208534.450393,8427
2018-21,57,Robbers,Tanker,NA,"NIGERIA:On 15 January, ship's crew preparing for STS cargo operations onboard an anchored tanker in vicinity 06-18N 003-23E, Lagos Outer Anchorage, noticed robbers attempting to board the vessel and informed the duty officer who raised the alarm. All","crew mustered on the bridge, ship¿s whistle sounded continuously, additional lights switched on, search lights directed towards the robbers and all access to the accommodation secured. Seeing the crew alertness, the robbers aborted the boarding and move",away.,NA,NA,NA,2018-01-15,2018,166,8474,Nigerian Exclusive Economic Zone,200NM,2253,Nigeria,2253,Nigeria,NGA,0,NA,0,NA,NA,0,NA,0,NA,NA,4.82278332072,4.08512461991,179050.962041,8474
2018-23,63,Pirates,Vessel,NA,"MALDIVES:On 13 January, the Maldives Defense Minister announced security forces had seized two fishing boats, which authorities deemed to be suspected pirate vessels off the coast of the Maldives. The suspects had reportedly hoisted Somali flags on the",boats to falsify their identity and had crossed into Maldives' waters without proper authorization. 21 individuals were apprehended between 12-13 January. All those detained were later identified as Thai nationals.,NA,NA,NA,NA,2018-01-13,2018,216,8345,Maldives Exclusive Economic Zone,200NM,2229,Maldives,2229,Maldives,MDV,0,NA,0,NA,NA,0,NA,0,NA,NA,73.0880145593,2.45483622223,925222.836017,8345
2018-17,57,Pirates,Vessel,NA,Benin:M/V Barett was hijacked from the Cottonou anchrage in vicinity 06-16N 002-30E on 10 January. The vessel and crew were released on 16 January at Lagos anchorage.,NA,NA,NA,NA,NA,2018-01-10,2018,165,8393,Beninese Exclusive Economic Zone,200NM,2139,Benin,2139,Benin,BEN,0,NA,0,NA,NA,0,NA,0,NA,NA,2.42123297004,4.84154943849,35528.368644,8393
2018-20,26,Robbers,Tanker,NA,"HAITI:On 10 January, a robber boarded an anchored tanker in vicinity 18-34N 072-22W, Port Au Prince Anchorage, stole ship's properties and escaped unseen. The theft was discovered by duty crewman during routine rounds.",NA,NA,NA,NA,NA,2018-01-10,2018,100,8408,Haitian Exclusive Economic Zone,200NM,8639,Haiti,8639,Haiti,HTI,0,NA,0,NA,NA,0,NA,0,NA,NA,-73.5485596268,17.9121851763,103497.883331,8408
2018-12,62,Suspicious Approach,Vessel,NA,"RED SEA:On 09 January, a merchant vessel reported a suspicious approach near position12-31N 043-29E, southeast of the Bab el Mandeb Strait. Five persons were reported in each boat.",NA,NA,NA,NA,NA,2018-01-09,2018,163,8352,Djiboutian Exclusive Economic Zone,200NM,2131,Djibouti,2131,Djibouti,DJI,0,NA,0,NA,NA,0,NA,0,NA,NA,43.432962888,11.9971041774,7223.43334664,8352
2018-14,72,Robbers,Bulk Carrier,NA,"INDONESIA:On 08 January, ship's crewman onboard a bulk carrier anchored near position00-16S 117-43E, Muara Berau Anchorage, Samarinda, noticed robbers attempting to board the vessel via the anchor chain and informed the duty officer who sounded the fog","horn. Seeing the alerted crew, the robbers aborted the attempt and escaped in a small boat.",NA,NA,NA,NA,2018-01-08,2018,220,8492,Indonesian Exclusive Economic Zone,200NM,2127,Indonesia,2127,Indonesia,IDN,0,NA,0,NA,NA,0,NA,0,NA,NA,117.898147552,-3.30903479808,6025109.71458,8492
2018-13,62,Suspicous Approach,Vessel,NA,"RED SEA:On 06 January three different merchant ships reported being approached by three 7-10 meter rigid gray-hulled boats, each carrying up to 6 armed persons in each boat, in vicinity 14-46N 041-58E, west of Hodeida, Yemen.",NA,NA,NA,NA,NA,2018-01-06,2018,136,8351,Eritrean Exclusive Economic Zone,200NM,2111,Eritrea,2111,Eritrea,ERI,0,NA,0,NA,NA,0,NA,0,NA,NA,40.5925502681,15.8234585394,78108.5928819,8351
2018-15,72,Robbers,Bulk Carrier,NA,"INDONESIA:On 05 January, five robbers approached an anchored bulk carrier anchored in vicinity00-16S 117-36E, Muara Berau Anchorage, Samarinda. The robbers attempted to board via the anchor chain. Alert duty crewmembers noticed the robbers and shouted at",them resulting in the robbers retreating and moving away.,NA,NA,NA,NA,2018-01-05,2018,220,8492,Indonesian Exclusive Economic Zone,200NM,2127,Indonesia,2127,Indonesia,IDN,0,NA,0,NA,NA,0,NA,0,NA,NA,117.898147552,-3.30903479808,6025109.71458,8492
2018-47,71,Robbers,Vessel,NA,"INDONESIA:On 03 January, while at anchor in vicinity 01-33N 104-47E, 22 nm north-northeast of Tanjung Berakit, Pulau Bintan, a duty watch keeper spotted five robbers boarding the vessel from the stern. Alarm raised and crew proceeded to the citadel.","Later, a search was carried out and no robbers were found onboard. Nothing reported stolen.",NA,NA,NA,NA,2018-01-03,2018,220,8492,Indonesian Exclusive Economic Zone,200NM,2127,Indonesia,2127,Indonesia,IDN,0,NA,0,NA,NA,0,NA,0,NA,NA,117.898147552,-3.30903479808,6025109.71458,8492
2018-10,24,Robbers,Bulk Carrier,NA,"VENEZUELA:On 03 January, five robbers in a small boat boarded an anchored bulk carrier in vicinity10-11N 064-50W, Puerto Jose Anchorage. Duty crewman saw the robbers and reported to the duty officer, who raised the alarm. Seeing the alerted crew, the",robbers escaped. Master contacted port control but did not receive a reply.,NA,NA,NA,NA,2018-01-03,2018,125,8433,Venezuelan Exclusive Economic Zone,200NM,2201,Venezuela,2201,Venezuela,VEN,0,NA,0,NA,NA,0,NA,0,NA,NA,-65.914234022,12.7888675475,472616.003707,8433
2018-16,71,Suspicious Approach,Vessel,NA,"MALAYSIA:On 03 January, a duty officer onboard a cargo vessel near position 02-27N 101-39E, 9 nm west-southwest of Port Dickson, noticed a speed boat with five masked persons holding a long hook approaching the vessel. Alarm was raised and crew mustered","with firehoses. Seeing the crew's alertness, the speed boat moved away.",NA,NA,NA,NA,2018-01-03,2018,251,8483,Malaysian Exclusive Economic Zone,200NM,2230,Malaysia,2230,Malaysia,MYS,0,NA,0,NA,NA,0,NA,0,NA,NA,108.435167801,4.85143661206,510822.838776,8483
2018-31,93,Robbers,Vessel,NA,"VIETNAM:On 01 January, a robber boarded an anchored vessel during cargo operations in vicinity20-57N 107-19E, Cam Pha Loading Anchorage, and escape with stolen ship properties. The theft was noticed by crew on routine rounds.",NA,NA,NA,NA,NA,2018-01-01,2018,185,8484,Vietnamese Exclusive Economic Zone,200NM,2200,Vietnam,2200,Vietnam,VNM,0,NA,0,NA,NA,0,NA,0,NA,NA,107.865630238,11.5549947852,750997.838971,8484
2018-71,57,Pirates,Tanker,NA,"BENIN:On 27 February, five armed persons approached the product tanker ST MARSEILLE anchored near 06-21N 002-25E, Cotonou Harbor in a speed boat. As they boarded the vessel they commenced firing and injured one of the Benin Navy guards onboard the","tanker. All crew except the duty officer on the bridge retreated into the citadel. As the armed persons made their way to the bridge they fired upon and injured another Navy guard. They took hostage the duty officer and demanded the master, chief officer","and chief engineer come on the bridge. The armed persons demanded the master heave up anchor but when they were notified that the tanker was in ballast they stole crew properties, kidnapped the master and one engineer and left the vessel in the tanker¿","lifeboat. The Benin Navy was notified to medivac the injured guards. Once the armed persons were safely ashore, they released the master and engineer who were able to make contact with the local police and later joined the tanker.",NA,NA,2018-02-27,2018,165,8393,Beninese Exclusive Economic Zone,200NM,2139,Benin,2139,Benin,BEN,0,NA,0,NA,NA,0,NA,0,NA,NA,2.42123297004,4.84154943849,35528.368644,8393
2018-86,25,Robbers,Sailing Vessel,NA,"ST LUCIA:On 26 February, a cable locked dinghy was stolen from a sailing yacht anchored at Rodney Bay Gros Islet, in vicinity 14-05N 060-58W. At that same time, they saw the police motor past with the dinghy in tow. They signaled the police, who came","over, and after establishing ownership, the police took a report. The police indicated the dinghy had been found on the beach with some inflatable devices that had apparently been used to get to the yacht.",NA,NA,NA,NA,2018-02-26,2018,88,8416,Saint Lucia Exclusive Economic Zone,200NM,8647,Saint Lucia,8647,Saint Lucia,LCA,0,NA,0,NA,NA,0,NA,0,NA,NA,-61.1035883678,13.877703726,15412.9352272,8416
2018-69,22,Robbers,Container Vessel,NA,"ECUADOR:On 25 February, a duty crewman on routine rounds onboard a container ship anchored near 02-21S 079-59W, Guayaquil Inner Anchorage, saw five robbers on the aft deck. One robber, with a gun was seen near the entrance to the steering gear room. The",crewman retreated and informed the duty officer. Alarm raised and port control notified. A coast guard boat was sent to the vessel. All crew safe. Nothing reported stolen.,NA,NA,NA,NA,2018-02-25,2018,275,8431,Ecuadorian Exclusive Economic Zone,200NM,2166,Ecuador,2166,Ecuador,ECU,0,NA,0,NA,NA,0,NA,0,NA,NA,-82.2086338635,-0.965565682864,236289.144622,8431
2018-78,71,Pirates,Tug,NA,"SINGAPORE:On 24 February, tug MITRA SAMUDERA 28 with 11 crew, towing an empty barge, was boarded by four armed pirates in Karimun Regency waters, in vicinity 00-34N 103-57E, south of Singapore, while in route from Malaysia to south Sumatra after","offloading cargo of coal. Crew were robbed, one of the crew was seriously wounded during the assault.",NA,NA,NA,NA,2018-02-24,2018,220,8492,Indonesian Exclusive Economic Zone,200NM,2127,Indonesia,2127,Indonesia,IDN,0,NA,0,NA,NA,0,NA,0,NA,NA,117.898147552,-3.30903479808,6025109.71458,8492
2018-74,57,Pirates,Container Vessel,NA,"NIGERIA:On 24 February, eight armed pirates in a speed boat chased a container vessel underway near 03-33N 007-02E, 50 nm south-southwest of Bonny Island. Alarm was raised, SSAS activated, speed increased and all non-essential crew retreated to the","citadel. Nigerian Navy contacted, who informed the master to rendezvous with their naval vessel in the vicinity. As the pirate boat closed the master commenced evasive maneuvers. Due to the hardening, the pirates were unable to hook their ladder onto the",vessel and moved away. Nigerian Navy escorted the vessel to the pilot boarding point.,NA,NA,NA,2018-02-24,2018,166,8474,Nigerian Exclusive Economic Zone,200NM,2253,Nigeria,2253,Nigeria,NGA,0,NA,0,NA,NA,0,NA,0,NA,NA,4.82278332072,4.08512461991,179050.962041,8474
2018-72,57,Pirates,Bulk Carrier,NA,"NIGERIA:On 24 February, two skiffs with 2 armed pirates in each skiff chased and fired upon a bulk carrier underway near 03-38N 006-37E, 45 nm southeast of Brass. Ship increased speed, crew mustered in a safe place and the armed guards were on standby.","Due to the hardened measures, the pirates aborted the attempt.",NA,NA,NA,NA,2018-02-24,2018,166,8474,Nigerian Exclusive Economic Zone,200NM,2253,Nigeria,2253,Nigeria,NGA,0,NA,0,NA,NA,0,NA,0,NA,NA,4.82278332072,4.08512461991,179050.962041,8474
2018-73,57,Pirates,Cargo Vessel,NA,"NIGERIA:On 24 February, 10 pirates in a speed boat, armed with automatic weapons, chased and fired upon a reefer vessel underway near 03-38N 006-42E, 40 nm south-southwest off Bonny Fairway buoy. The armed guards onboard the vessel returned fire,",resulting in the pirates aborting the attack and moving away. All crew safe. Vessel sustained minor damage due to the gunfire.,NA,NA,NA,NA,2018-02-24,2018,166,8474,Nigerian Exclusive Economic Zone,200NM,2253,Nigeria,2253,Nigeria,NGA,0,NA,0,NA,NA,0,NA,0,NA,NA,4.82278332072,4.08512461991,179050.962041,8474
2018-77,61,Pirates,Tanker,NA,"INDIAN OCEAN:On 23 Feb, Singapore-flagged product tanker LEOPARD SUN was attacked by pirates, near 03-26N 050-27E, 159 nm off the central coast of Somalia. The tanker was approached by three skiffs and was fired upon by armed pirates. The armed security","team onboard the vessel returned fire, preventing the pirates from boarding the ship, United Kingdom Maritime Trade Operations (UKMTO) said. According to EUNAVFOR, the vessel and the crew are reported to be safe.",NA,NA,NA,NA,2018-02-23,2018,218,8350,Somali Exclusive Economic Zone,200NM,2187,Federal Republic of Somalia,2187,Federal Republic of Somalia,SOM,0,NA,0,NA,NA,0,NA,0,NA,NA,48.7178065692,5.38119709067,781835.626833,8350
2018-79,72,Pirates,Fishing Vessel,NA,"MALAYSIA:On 22 February, a band of armed men attacked a fishing boat in Segama, Kinabatangan, in vicinity 05-55N 118-42E. The State Deputy Police Commissioner said the armed men were believed to have attempted to kidnap or rob the five fishermen in the","boat but failed when they managed to escape. He said investigations revealed the armed men were from the Philippines based on the location of the incident near the national border with the Philippines, he told a news conference. The spokesman said police",were in the process of identifying the group.,NA,NA,NA,2018-02-22,2018,179,8322,Philippines Exclusive Economic Zone,200NM,2245,Philippines,2245,Philippines,PHL,0,NA,0,NA,NA,0,NA,0,NA,NA,122.546805869,12.3401155141,1971039.86154,8322
2018-75,57,Pirates,Vessel,NA,"NIGERIA:On 22 February, a merchant vessel reported being attacked near 03-30N 006-31E, 67 nm southwest of Bonny.",NA,NA,NA,NA,NA,2018-02-22,2018,166,8474,Nigerian Exclusive Economic Zone,200NM,2253,Nigeria,2253,Nigeria,NGA,0,NA,0,NA,NA,0,NA,0,NA,NA,4.82278332072,4.08512461991,179050.962041,8474
2018-62,57,Robbers,Vessel,NA,"NIGERIA:On 20 February, six robbers boarded an anchored merchant vessel in 06-17N 003-14E, southwest of Lagos. They jumped overboard once the vessel sounded alarms. Nothing was stolen.",NA,NA,NA,NA,NA,2018-02-20,2018,166,8474,Nigerian Exclusive Economic Zone,200NM,2253,Nigeria,2253,Nigeria,NGA,0,NA,0,NA,NA,0,NA,0,NA,NA,4.82278332072,4.08512461991,179050.962041,8474
2018-56,57,Pirates,Vessel,NA,NIGERIA:On 19 February at 0730Z a vessel was attacked in 04-02N 006-26E. Shots were fired and the vessel repelled the attack.,NA,NA,NA,NA,NA,2018-02-19,2018,166,8474,Nigerian Exclusive Economic Zone,200NM,2253,Nigeria,2253,Nigeria,NGA,0,NA,0,NA,NA,0,NA,0,NA,NA,4.82278332072,4.08512461991,179050.962041,8474
2018-57,57,Pirates,Tanker,NA,NIGERIA:On 19 February at 0824Z six pirates approached and attempted to board a tanker in 04-02.7N 006-34.3E. The pirates made seven attempts to hook a ladder onto the tankers railing but attempts were unsuccessful due to ship's actions. After failed,"attempts, the pirates fired upon the vessel and moved away.",NA,NA,NA,NA,2018-02-19,2018,166,8474,Nigerian Exclusive Economic Zone,200NM,2253,Nigeria,2253,Nigeria,NGA,0,NA,0,NA,NA,0,NA,0,NA,NA,4.82278332072,4.08512461991,179050.962041,8474
2018-63,57,Pirates,Tanker,NA,"NIGERIA:On 19 February, six pirates armed with AK-47 rifles in a black hull speed boat approached and attempted to board a crude oil tanker underway near 04-02N 006-34E, 25 nm southeast of Brass. Master raised the alarm, activated SSAS, transmitted","distress message, increased speed, took evasive maneuvers and crew secured all access doors. The pirates made seven attempts to hook an aluminum ladder on the tanker's railing but were unsuccessful due to the evasive maneuvers taken by the master. They",then fired upon at the tanker and moved away. A Nigerian Navy boat was in contact with the tanker and arrived at the location. The tanker and crew are safe.,NA,NA,NA,2018-02-19,2018,166,8474,Nigerian Exclusive Economic Zone,200NM,2253,Nigeria,2253,Nigeria,NGA,0,NA,0,NA,NA,0,NA,0,NA,NA,4.82278332072,4.08512461991,179050.962041,8474
2018-80,71,Robbers,Tug,NA,"INDONESIA:On 18 February, robbers boarded a tug anchored near 01-09N 103-56E, 3 nm west of Batu Ampar Port. During routine rounds, the bosun reported the lock to the engine room hatch was broken. Investigations revealed several footprints on the aft deck",and a large number of spare parts missing.,NA,NA,NA,NA,2018-02-18,2018,220,8492,Indonesian Exclusive Economic Zone,200NM,2127,Indonesia,2127,Indonesia,IDN,0,NA,0,NA,NA,0,NA,0,NA,NA,117.898147552,-3.30903479808,6025109.71458,8492
2018-67,62,Suspicious Approach,Vessel,NA,"GULF OF ADEN:On 18 February, a merchant vessel near 13-59N 051-14E, near Point B in the IRTC, reported a suspicious approach by a skiff.",NA,NA,NA,NA,NA,2018-02-18,2018,160,8353,Yemeni Exclusive Economic Zone,200NM,2199,Yemen,2199,Yemen,YEM,0,NA,0,NA,NA,0,NA,0,NA,NA,52.0616096242,12.8890558088,527382.733788,8353
2018-76,57,Pirates,Tanker,NA,"NIGERIA:On 18 February, a speed boat with six to seven armed pirates chased and fired upon a tanker underway near 03-41N 006-37E, 42 nm southeast off Brass. Alarm raised, crew mustered, evasive maneuvers commenced and Nigerian authorities contacted. Due","to the vessel hardening, the pirates were unable to board the vessel and moved away. The vessel was escorted to Bonny anchorage by two Navy vessels. All crew are safe. Vessel sustained minor damage due to being fired upon.",NA,NA,NA,NA,2018-02-18,2018,166,8474,Nigerian Exclusive Economic Zone,200NM,2253,Nigeria,2253,Nigeria,NGA,0,NA,0,NA,NA,0,NA,0,NA,NA,4.82278332072,4.08512461991,179050.962041,8474
2018-64,57,Pirates,Tanker,NA,"BENIN:On 17 February, the duty officer onboard a tanker anchored near 06-17N 002-30E, Cotonou Anchorage, noticed three armed persons on deck and immediately raised the alarm. SSAS activated and all crew retreated to the citadel. The IMB Piracy Reporting",Centre received the incident information from the CSO and immediately informed the Benin authorities. Three patrol boats were dispatched to the location. They searched the waters around the tanker. A Navy team boarded the tanker. On confirmation from the,"team that the tanker was clear of pirates, the master and crew emerged from the citadel. On investigating, the ship's port hole was damaged due to a gunshot and other ship's property found damaged.",NA,NA,NA,2018-02-17,2018,165,8393,Beninese Exclusive Economic Zone,200NM,2139,Benin,2139,Benin,BEN,0,NA,0,NA,NA,0,NA,0,NA,NA,2.42123297004,4.84154943849,35528.368644,8393
2018-55,57,Pirates,Vessel,NA,BENIN:On 17 February at 2300Z a vessel was attacked in 06-17N 002-21E.,NA,NA,NA,NA,NA,2018-02-17,2018,165,8393,Beninese Exclusive Economic Zone,200NM,2139,Benin,2139,Benin,BEN,0,NA,0,NA,NA,0,NA,0,NA,NA,2.42123297004,4.84154943849,35528.368644,8393
2018-65,57,Pirates,Container Vessel,NA,"NIGERIA:On 15 February, four pirates in a speed boat chased and fired upon a container ship underway near 03-42N 007-05E, 40 nm south-southwest of Bonny. The master increased speed and commenced evasive maneuvers. Due to the presence of a Nigerian naval",escort boat the pirates aborted and moved away. Crew and ship reported safe.,NA,NA,NA,NA,2018-02-15,2018,166,8474,Nigerian Exclusive Economic Zone,200NM,2253,Nigeria,2253,Nigeria,NGA,0,NA,0,NA,NA,0,NA,0,NA,NA,4.82278332072,4.08512461991,179050.962041,8474
2018-54,24,Robbers,Bulk Carrier,NA,"BRAZIL:On 15 February at 0525Z robbers were on the forward deck of an anchored bulk carrier in 00--02N 050-58W. Alarm was raised and crew mustered. Seeing the alerted crew, the robbers escaped.",NA,NA,NA,NA,NA,2018-02-15,2018,205,8464,Brazilian Exclusive Economic Zone,200NM,2143,Brazil,2143,Brazil,BRA,0,NA,0,NA,NA,0,NA,0,NA,NA,-39.4442325948,-11.0979857632,3205100.30771,8464
2018-52,57,Pirates,Vessel,NA,NIGERIA:On 15 February at 1905Z a vessel was attacked in 03-43N 007-06E.,NA,NA,NA,NA,NA,2018-02-15,2018,166,8474,Nigerian Exclusive Economic Zone,200NM,2253,Nigeria,2253,Nigeria,NGA,0,NA,0,NA,NA,0,NA,0,NA,NA,4.82278332072,4.08512461991,179050.962041,8474
2018-49,63,Robbers,Bulk Carrier,NA,"BANGLADESH:On 11 February, five robbers armed with knives in a small boat attempted to board a bulk carrier anchored near position 22-07N 091-43E, Chittagong Anchorage, using hooks attached with ropes. The crew noticed the robbers, informed the master","and prepared the fire hoses to stop the robbers. Seeing the alerted crew, the robbers escaped empty-handed.",NA,NA,NA,NA,2018-02-11,2018,164,8481,Bangladeshi Exclusive Economic Zone,200NM,2142,Bangladesh,2142,Bangladesh,BGD,0,NA,0,NA,NA,0,NA,0,NA,NA,90.5397686404,20.4111789845,112302.620749,8481
2018-59,26,Robbers,Sailing Vessel,NA,"PANAMA:On 10 February, a sailing yacht anchored in San Blas Nargana, in 09-27N 078-35W, was boarded and electronics were stolen.",NA,NA,NA,NA,NA,2018-02-10,2018,62,8423,Panamanian Exclusive Economic Zone,200NM,2249,Panama,2249,Panama,PAN,0,NA,0,NA,NA,0,NA,0,NA,NA,-80.3458256144,8.28880359641,331242.370352,8423
2018-48,57,Pirates,Fishing Vessel,NA,"CAMEROON:On 09 February, criminals armed with AK47 assault rifles boarded a fishing vessel near position 04-06N 008-51E, 10nm southwest of Idenao, kidnapped three crew members and escaped. The Cameroonian authorities were notified and are currently",investigating the incident.,NA,NA,NA,NA,2018-02-09,2018,167,8475,Cameroonian Exclusive Economic Zone,200NM,2170,Cameroon,2170,Cameroon,CMR,0,NA,0,NA,NA,0,NA,0,NA,NA,9.31100269891,3.46271367413,15140.979128,8475
2018-50,63,Robbers,Bulk Carrier,NA,"INDIA:On 09 February, duty crewman on routine rounds onboard a carrier anchored bulk carrier near position 22-11N 088-09E, Diamond Harbor Anchorage, heard an unusual sound coming from the anchor chain. Upon checking, he saw one robber climbing the anchor",chain and two more persons waiting in a small boat. The duty crewman shouted at the robber resulting in the robber aborting the climb and escaping.,NA,NA,NA,NA,2018-02-09,2018,259,8480,Indian Exclusive Economic Zone,200NM,2128,India,2128,India,IND,0,NA,0,NA,NA,0,NA,0,NA,NA,76.0853171614,14.5979955792,1659486.57465,8480
2018-43,57,Pirates,Vessel,NA,NIGERIA:On 09 February at 0600Z a vessel was attacked in 03-43N 006-45E.,NA,NA,NA,NA,NA,2018-02-09,2018,166,8474,Nigerian Exclusive Economic Zone,200NM,2253,Nigeria,2253,Nigeria,NGA,0,NA,0,NA,NA,0,NA,0,NA,NA,4.82278332072,4.08512461991,179050.962041,8474
2018-44,57,Suspicious Approach,Vessel,NA,"NIGERIA:On 07 February, a vessel underway to Lagos, was approached by one skiff in vicinity 03-28N 006-56E, 52 nm south of Bonny. Skiff appeared on the starboard side with eight persons onboard at 4.5 nm with a CPA less than one nm before it increased",its speed to 22kts. Armed security team onboard the vessel was alerted and ready to reply. The skiff then reduced speed and escaped. Vessel is safe.,NA,NA,NA,NA,2018-02-07,2018,166,8474,Nigerian Exclusive Economic Zone,200NM,2253,Nigeria,2253,Nigeria,NGA,0,NA,0,NA,NA,0,NA,0,NA,NA,4.82278332072,4.08512461991,179050.962041,8474
2018-51,63,Robbers,Cargo Vessel,NA,"BANGLADESH:On 06 February, four robbers armed with guns boarded a general cargo vessel anchored near position 22-08N 091-44E, Chittagong Anchorage C, and threatened the duty watch officer who managed to escape. Alarm was raised, PA announcement made and","crew was mustered. Seeing the crew¿s alertness, the robbers escaped with stolen ship's properties. The incident reported to the coast guard.",NA,NA,NA,NA,2018-02-06,2018,164,8481,Bangladeshi Exclusive Economic Zone,200NM,2142,Bangladesh,2142,Bangladesh,BGD,0,NA,0,NA,NA,0,NA,0,NA,NA,90.5397686404,20.4111789845,112302.620749,8481
2018-60,24,Robbers,Tanker,NA,"VENEZUELA:On 06 February, four robbers boarded an anchored tanker near 10-10N 064-47W, Puerto Jose Anchorage. Duty crewman on routine rounds noticed the robbers and immediately notified the duty officer, who raised the alarm and mustered the crew. Seeing","the alerted crew, the robbers escaped in a small boat with stolen ship's properties. Incident reported to Port Authorities.",NA,NA,NA,NA,2018-02-06,2018,125,8433,Venezuelan Exclusive Economic Zone,200NM,2201,Venezuela,2201,Venezuela,VEN,0,NA,0,NA,NA,0,NA,0,NA,NA,-65.914234022,12.7888675475,472616.003707,8433
2018-61,25,Robbers,Vessel,NA,"ST KITTS and NEVIS:On 05 February, a catamaran was boarded while anchored in Basseterre, St Kitts, in17-17N 062-43W. The thief took cash, computers and cellphones before departing in the yacht's dinghy. The dinghy was recovered ashore and a police report",made.,NA,NA,NA,NA,2018-02-05,2018,87,8413,Saint Kitts and Nevis Exclusive Economic Zone,200NM,8644,Saint Kitts and Nevis,8644,Saint Kitts and Nevis,KNA,0,NA,0,NA,NA,0,NA,0,NA,NA,-62.9057776097,16.9902197815,9501.83433544,8413
2018-89,62,Suspicious Approach,Vessel,NA,"EED SEA:On 08 March, a merchant vessel was approached by three skiffs, with 3-4 persons in each skiff near 12-32N 043-27E, Bab el Mandeb Strait. Vessel and crew are safe.",NA,NA,NA,NA,NA,2018-03-08,2018,163,8352,Djiboutian Exclusive Economic Zone,200NM,2131,Djibouti,2131,Djibouti,DJI,0,NA,0,NA,NA,0,NA,0,NA,NA,43.432962888,11.9971041774,7223.43334664,8352
2018-82,57,Vessel,Suspicious Approach,NA,GHANA:A vessel reported a suspicious approach in 03-56N 001-56W at on 08 March at 1700Z.,NA,NA,NA,NA,NA,2018-03-08,2018,226,8400,Ghanaian Exclusive Economic Zone,200NM,2100,Ghana,2100,Ghana,GHA,0,NA,0,NA,NA,0,NA,0,NA,NA,-0.847226823817,3.50286659343,227218.059083,8400
2018-87,57,Pirates,Tanker,NA,"NIGERIA:On 06 March, a chemical tanker was boarded by heavily armed pirates near04-05N 006-56E, 21 nm southwest of Bonny Island. All crew went into the citadel and the Nigerian Navy was notified. Pirates damaged communications equipment and fired shots.",The pirates escaped before the Nigerian Navy ship arrived. The crew emerged from the citadel and regained control of the vessel.,NA,NA,NA,NA,2018-03-06,2018,166,8474,Nigerian Exclusive Economic Zone,200NM,2253,Nigeria,2253,Nigeria,NGA,0,NA,0,NA,NA,0,NA,0,NA,NA,4.82278332072,4.08512461991,179050.962041,8474
2018-81,57,Pirates,Vessel,NA,NIGERIA:On 06 March at 0920Z a vessel was attacked in 04-04N 006-56E.,NA,NA,NA,NA,NA,2018-03-06,2018,166,8474,Nigerian Exclusive Economic Zone,200NM,2253,Nigeria,2253,Nigeria,NGA,0,NA,0,NA,NA,0,NA,0,NA,NA,4.82278332072,4.08512461991,179050.962041,8474
2018-90,71,Robbers,Bulk Carrier,NA,"INDONESIA:On 03 March, two robbers boarded a bulk carrier anchored near 06-02S 106-53E, Tanjung Priok Anchorage. Duty motorman saw the robbers on the aft deck and raised the alarm. Seeing the alerted crew, the robbers escaped in a waiting boat. On",searching the vessel nothing reported stolen.,NA,NA,NA,NA,2018-03-03,2018,220,8492,Indonesian Exclusive Economic Zone,200NM,2127,Indonesia,2127,Indonesia,IDN,0,NA,0,NA,NA,0,NA,0,NA,NA,117.898147552,-3.30903479808,6025109.71458,8492
2015-196,21,Robbers,Chemical Tanker,NA,"COLOMBIA:On 21 August a duty crewman on routine rounds onboard a chemical tanker noticed four robbers lowering paint drums into a waiting boat near position 03-49N 077-09W, Buenaventura Inner Anchorage. He immediately informed the duty officer who raised","the alarm. The crew mustered and made their way towards the robbers. Seeing the approaching crew, the robbers escaped with ship's stores. The Port control was informed.",NA,NA,NA,NA,2015-08-21,2015,128,8426,Colombian Exclusive Economic Zone,200NM,2175,Colombia,2175,Colombia,COL,0,NA,0,NA,NA,0,NA,0,NA,NA,-78.0622198147,8.60754392884,718163.16433,8426
2012-324,21,PIRATES,YACHT,NA,"PANAMA:Yacht boarded on 12 November at 08-39N 079-43W, in Punta Chame, approximately 20 nm southwest of the Balboa Anchorage. Four pirates in two skiffs pulled alongside the yacht and asked the occupants for drinking water. Once the occupants obliged and","entered the cabin to retrieve the water, the pirates boarded the vessel armed with pistols and held the family of four hostage, while they ransacked the yacht for valuables. The ordeal lasted approximately 15 minutes, and then the pirates departed,",leaving the occupants unharmed.,NA,NA,NA,2012-11-12,2012,62,8423,Panamanian Exclusive Economic Zone,200NM,2249,Panama,2249,Panama,PAN,0,NA,0,NA,NA,0,NA,0,NA,NA,-80.3458256144,8.28880359641,331242.370352,8423
2017-20,22,Robbers,Bulk Carrier,NA,"ECUADOR:On 19 January, unknown numbers of robbers boarded a bulk carrier anchored near position 02-43S 080-24W, Guayaquil Outer Anchorage. The robbers stole ship's properties and escaped unnoticed. The theft was noticed by the duty crew during routine",rounds. Incident was reported to the local agents.,NA,NA,NA,NA,2017-01-19,2017,275,8431,Ecuadorian Exclusive Economic Zone,200NM,2166,Ecuador,2166,Ecuador,ECU,0,NA,0,NA,NA,0,NA,0,NA,NA,-82.2086338635,-0.965565682864,236289.144622,8431
2016-279,22,Robbers,Bulk Carrier,NA,"PERU:On 16 November at 1940 LT in 12-02.5S 077-08.9W, two robbers armed with knives boarded a berthed bulk carrier. The robbers threatened the duty crew with the knives. the alarm was raised and crew alerted. The robbers escaped with stolen ship",property. Incident reported to the PFSO who boarded the vessel to investigate.,NA,NA,NA,NA,2016-11-16,2016,260,8432,Peruvian Exclusive Economic Zone,200NM,2257,Peru,2257,Peru,PER,0,NA,0,NA,NA,0,NA,0,NA,NA,-78.883056182,-11.9042309742,855322.284264,8432
2016-251,22,Robbers,Tanker,NA,"PERU:On 21 October, an unknown number of robbers boarded an anchored tanker near position 12-02S 077-31W, Callao Anchorage. The robbers stole ship's spare parts and escaped unnoticed. The theft was discovered by the duty crew during routine rounds.",Incident reported to local police through the agents.,NA,NA,NA,NA,2016-10-21,2016,260,8432,Peruvian Exclusive Economic Zone,200NM,2257,Peru,2257,Peru,PER,0,NA,0,NA,NA,0,NA,0,NA,NA,-78.883056182,-11.9042309742,855322.284264,8432
2016-242,22,Robbers,Cargo Vessel,NA,"PERU:On 14 October, four robbers approached a cargo ship anchored near position 12-01S 077-11W, Callao anchorage. The crew was alerted and activated the pressurized fire hoses resulting in the robbers aborting the attempted boarding.",NA,NA,NA,NA,NA,2016-10-14,2016,260,8432,Peruvian Exclusive Economic Zone,200NM,2257,Peru,2257,Peru,PER,0,NA,0,NA,NA,0,NA,0,NA,NA,-78.883056182,-11.9042309742,855322.284264,8432
2016-197,22,Robbers,Bulk Carrier,NA,"PERU:On 27 August at 0630Z in 12-01S 077-10.9W, at Callao anchorage, three robbers armed with guns boarded an anchored bulk carrier. Crew on routine rounds managed to notify the bridge before being taken hostage at gunpoint. The alarm was raised, SSAS","activated and crew mustered on the bridge. After hearing the alarm, the robbers escaped. The incident was reported to Callao port control and the Coast Guard sent a boarding part to investigate. All crew reported safe and nothing was stolen.",NA,NA,NA,NA,2016-08-27,2016,260,8432,Peruvian Exclusive Economic Zone,200NM,2257,Peru,2257,Peru,PER,0,NA,0,NA,NA,0,NA,0,NA,NA,-78.883056182,-11.9042309742,855322.284264,8432
2016-172,22,Robbers,Tanker,NA,"PERU:On 20 July at 0430 LT in 04-33.9S 081-18.6W, at Talaro Road, crew aboard an anchored tanker noticed a small motor boat near the starboard anchor chain. One robber was climbing up the chain while one remained in the boat. Duty crew notified the watch","officer who raised the alarm and directed a search light towards the robbers. Hearing the alarm and seeing the crew alertness, the robbers escaped in their boat. Incident reported to port control.",NA,NA,NA,NA,2016-07-20,2016,260,8432,Peruvian Exclusive Economic Zone,200NM,2257,Peru,2257,Peru,PER,0,NA,0,NA,NA,0,NA,0,NA,NA,-78.883056182,-11.9042309742,855322.284264,8432
2016-86,22,Robbers,Tanker,NA,"PERU:On 21 April, deck watchman on routine rounds onboard an anchored crude oil tanker, near position 12-01S 077-13W, Callao Anchorage No.12, noticed a robber attempting to break into the forecastle store room. Duty officer informed, alarm raised, fog","horn sounded and crew mustered. Seeing the alerted crew, the robber escaped. Nothing reported stolen.",NA,NA,NA,NA,2016-04-21,2016,260,8432,Peruvian Exclusive Economic Zone,200NM,2257,Peru,2257,Peru,PER,0,NA,0,NA,NA,0,NA,0,NA,NA,-78.883056182,-11.9042309742,855322.284264,8432
2016-75,22,Robbers,Bulk Carrier,NA,"COLOMBIA:On 12 April, three robbers armed with guns and a knife boarded an anchored bulk carrier near position 03-53N 077-04W, Buenaventura anchorage. Duty crewman on routine rounds noticed the robbers on the forecastle deck and reported to the duty","officer. Alarm raised and crew mustered. Seeing the alerted crew, the robbers escaped with forward life raft and three life buoys.",NA,NA,NA,NA,2016-04-12,2016,128,8426,Colombian Exclusive Economic Zone,200NM,2175,Colombia,2175,Colombia,COL,0,NA,0,NA,NA,0,NA,0,NA,NA,-78.0622198147,8.60754392884,718163.16433,8426
2016-23,22,Robbers,Product Tanker,NA,"PERU:On 3 February, seven robbers in two speedboats came alongside an anchored product tanker near position 12-00S 077-12W, Callao Port Anchorage. Two robbers boarded the vessel but were spotted by the alert crew resulting in the robbers escaping without",stealing anything.,NA,NA,NA,NA,2016-02-03,2016,260,8432,Peruvian Exclusive Economic Zone,200NM,2257,Peru,2257,Peru,PER,0,NA,0,NA,NA,0,NA,0,NA,NA,-78.883056182,-11.9042309742,855322.284264,8432
2013-159,22,ROBBERS,CONATAINER SHIP RIO EIDER,NA,"ECUADOR:On 27 May, the underway container ship RIO EIDER was boarded at 02-22S 081-00W, approximately 6.5 nm southwest of Anconcito. Approximately six armed persons with shotguns in a speed boat boarded the underway container ship, with pilot and unarmed","security guards on board. Upon investigation, it was discovered container seals had been broken, but nothing stolen.",NA,NA,NA,NA,2013-05-27,2013,275,8431,Ecuadorian Exclusive Economic Zone,200NM,2166,Ecuador,2166,Ecuador,ECU,0,NA,0,NA,NA,0,NA,0,NA,NA,-82.2086338635,-0.965565682864,236289.144622,8431
2013-134,22,ROBBERS,BULK CARRIER NORD MUMBAI,NA,"COLOMBIA:On 12 May, the bulk carrier NORD MUMBAI was boarded at 03-48N 077-11W, at the Buenaventura Inner Anchorage. While at anchor, the duty officer on board the bulk carrier noticed robber¿s from a small boat boarding the vessel at the forecastle. He",immediately alerted the deck watch keepers to retreat to the bridge. Port control was informed and the ship was advised that a coast guard patrol vessel would be sent immediately. Crew on the bridge noticed five robbers disembarking from the forecastle,deck into a small boat. A coast guard boat arrived later and investigated. All crew are safe and nothing was stolen.,NA,NA,NA,2013-05-12,2013,128,8426,Colombian Exclusive Economic Zone,200NM,2175,Colombia,2175,Colombia,COL,0,NA,0,NA,NA,0,NA,0,NA,NA,-78.0622198147,8.60754392884,718163.16433,8426
2013-135,22,ROBBERS,CONTAINER SHIP CAP PORTLAND,NA,"EQUADOR:On 5 May, the container ship CAP PORTLAND experienced an attempted boarding at 02-28S 080-04W, approximately 12.5nm north of Puna Island. Robbers attempted to board an underway container ship. Crew sounded the alarm, mustered, and subsequently","secured the vessel. Upon seeing crew actions, the robbers departed the area. Coastguard responded by sending a vessel to the area. All crew was safe.",NA,NA,NA,NA,2013-05-05,2013,275,8431,Ecuadorian Exclusive Economic Zone,200NM,2166,Ecuador,2166,Ecuador,ECU,0,NA,0,NA,NA,0,NA,0,NA,NA,-82.2086338635,-0.965565682864,236289.144622,8431
2013-54,22,ROBBERS,TANKER,NA,"PERU:On 27 February, a tanker experienced an attempted boarding at 04-34S 081-18W, at the Talara Anchorage. Two robbers in a small motorized boat attempted to board the anchored vessel via the anchor chain. Alert duty crew noticed the robbers and","informed the Duty Officer, who raised the alarm and sounded ship's whistle. Upon hearing the alarm, the robbers aborted the attempt and fled.",NA,NA,NA,NA,2013-02-27,2013,260,8432,Peruvian Exclusive Economic Zone,200NM,2257,Peru,2257,Peru,PER,0,NA,0,NA,NA,0,NA,0,NA,NA,-78.883056182,-11.9042309742,855322.284264,8432
2012-315,22,ROBBERS,CONTAINER SHIP,NA,"ECUADOR:Container ship boarded on 13 November at 02-31S 080-05W, at Guayaquil. A gang of 10 to 12 robbers armed with guns and knives in two boats boarded the container ship during a river passage. The aft duty crew noticed the boats and alerted the","Master, who raised the alarm, activated the SSAS, and mustered the crew. The robbers boarded the vessel, tied up a security guard and broke into four containers on deck. The robbers stole the shore security guard's personal property and cargo from the",containers before escaping. Pilot reported the incident to Guayaquil Port Control.,NA,NA,NA,2012-11-13,2012,275,8431,Ecuadorian Exclusive Economic Zone,200NM,2166,Ecuador,2166,Ecuador,ECU,0,NA,0,NA,NA,0,NA,0,NA,NA,-82.2086338635,-0.965565682864,236289.144622,8431
2012-207,22,PIRATES,CONTAINER SHIP,NA,"ECUADOR:Container ship boarded on 2 July at 02-33S 080-06W, 25 nm southwest of Guayaquil. Two speed boats with six pirates approached and boarded the vessel while underway using hooks attached to ropes and ladders. The Master raised alarm. The crew","mustered and armed themselves with crowbars and approached the pirates at the boarding area. The Thrid Officer reported that one of the pirates was armed with a gun, so the Master immediately ordered all crewmembers to retreat back to the accommodations","and lock the doors. The pirates commenced looting the vessel, throwing boxes into their boats. The Master was unable to increase speed or take evasive maneuvers due to the restricted waters. Once their boats were full of stolen items, the pirates escaped",into theiboats and departed. Darkness and distance made it difficult for the Master to determine if the pirates had stolen cargo from containers or from the ship's stores.,NA,NA,2012-07-02,2012,275,8431,Ecuadorian Exclusive Economic Zone,200NM,2166,Ecuador,2166,Ecuador,ECU,0,NA,0,NA,NA,0,NA,0,NA,NA,-82.2086338635,-0.965565682864,236289.144622,8431
2012-169,22,PIRATES,BULK CARRIER,NA,"COLOMBIA:Bulk carrier was boarded on 13 May while underway at 03:46 N - 077:27 W, around 9.4 nm from Isla La Palma, Buenaventura. Four pirates boarded the bulk carrier while it was waiting for berthing instructions. The alarm was raised and the crew",mustered and approached the pirates with steel pipes. The pirates jumped overboard and escaped with stolen ship's stores.,NA,NA,NA,NA,2012-05-13,2012,128,8426,Colombian Exclusive Economic Zone,200NM,2175,Colombia,2175,Colombia,COL,0,NA,0,NA,NA,0,NA,0,NA,NA,-78.0622198147,8.60754392884,718163.16433,8426
2012-46,22,PIRATES,CONTAINER SHIP,NA,"COLOMBIA: Container ship chased on 26 January by three suspected armed pirates while underway near position 02-26N 079-18W, approximately 45 miles from Tumaco, Colombia. The suspected pirates were described as wearing ""black military style uniforms"". The","container ship increased speed, made evasive maneuvers and the crew mustered in preparation for other action wehn required. After chasing the vessel for another 45 minutes, the pirate boat aborted the attempt and moved away. (IMB)",NA,NA,NA,NA,2012-01-26,2012,128,8426,Colombian Exclusive Economic Zone,200NM,2175,Colombia,2175,Colombia,COL,0,NA,0,NA,NA,0,NA,0,NA,NA,-78.0622198147,8.60754392884,718163.16433,8426
2012-27,22,PIRATES,BULK CARRIER,NA,"CALLAO ANCHORAGE, PERU: Six robbers armed with long knives attempted to board an anchored bulk carrier via the anchor chain. Alert crew noticed the robbers, raised alarm and crew mustered. Upon hearing the alarm, the robbers aborted the attempted",boarding and escaped. Port authorities informed and the coast guard came for investigation.,NA,NA,NA,NA,2012-01-13,2012,260,8432,Peruvian Exclusive Economic Zone,200NM,2257,Peru,2257,Peru,PER,0,NA,0,NA,NA,0,NA,0,NA,NA,-78.883056182,-11.9042309742,855322.284264,8432
2017-1,24,Robbers,LPG Tanker,NA,"VENEZUELA:On 15 January, two robbers boarded an LPG tanker anchored near position10-12N 064-47W, Jose Anchorage. The robbers took hostage a duty crewman on the forecastle, tied him up and threatened him with a knife. They then removed the hawse pipe","cover and four more robbers boarded the tanker. The robbers took the duty crewman¿s mobile phone, stole ship¿s properties and escaped. The crewman managed to free himself and informed bridge who raised the alarm and crew mustered. Port Control informed",NA,NA,NA,NA,2017-01-15,2017,125,8433,Venezuelan Exclusive Economic Zone,200NM,2201,Venezuela,2201,Venezuela,VEN,0,NA,0,NA,NA,0,NA,0,NA,NA,-65.914234022,12.7888675475,472616.003707,8433
2016-296,24,Robbers,Bulk Carrier,NA,"VENEZUELA:On 23 November at 0145 LT in 10-11.4N 064-45.4W, Puerto Jose anchorage, duty crew aboard an anchored bulk carrier noticed the bosun store door open. Two robbers armed with knives were seen stealing ship's stores. The crew tried to confront the",robbers but were threatened. The alarm was raised. Robbers escaped with ship's stores. Incident reported to port authority.,NA,NA,NA,NA,2016-11-23,2016,125,8433,Venezuelan Exclusive Economic Zone,200NM,2201,Venezuela,2201,Venezuela,VEN,0,NA,0,NA,NA,0,NA,0,NA,NA,-65.914234022,12.7888675475,472616.003707,8433
2016-186,24,Robbers,Sailing Vessel,NA,"TRINIDAD AND TOBAGO:On 02 August a vessel with three men onboard approached a sailing vessel vicinity10-49N 061-38W, 10 nm NE of Boca Monos. Robbers pulled alongside yacht and grabbed hold of the sailing yacht but the sea conditions were too rough. The",vessel pulled away at high speed.,NA,NA,NA,NA,2016-08-02,2016,93,8420,Trinidad and Tobago Exclusive Economic Zone,200NM,2186,Trinidad and Tobago,2186,Trinidad and Tobago,TTO,0,NA,0,NA,NA,0,NA,0,NA,NA,-59.9847752098,10.9578843863,76575.0360158,8420
2016-168,24,Robbers,Sailing Vessel,NA,"COLOMBIA:On 11 July vicinity 09-48N 075-50W, near Isla Grande, Rosario Islands area, two robbers armed with knives boarded an anchored sailing yacht. Crew got into an altercation with robbers and eventually repelled them. Nothing reported stolen. Crew",reported safe.,NA,NA,NA,NA,2016-07-11,2016,128,8426,Colombian Exclusive Economic Zone,200NM,2175,Colombia,2175,Colombia,COL,0,NA,0,NA,NA,0,NA,0,NA,NA,-78.0622198147,8.60754392884,718163.16433,8426
2016-140,24,Robbers,Product Tanker,NA,"COLOMBIA:On 25 June between 0300 and 0600 LT in 10-18.7N 075-32.8W, at Mamonal tanker anchorage, robbers boarded an anchored product tanker and escaped with ship's property. The theft was discovered by the deck crew while performing routine work near the",forepeak. The alarm was raised and crew mustered. Robbers gained access to vessel via hawspipe. Incident reported to port control.,NA,NA,NA,NA,2016-06-25,2016,128,8426,Colombian Exclusive Economic Zone,200NM,2175,Colombia,2175,Colombia,COL,0,NA,0,NA,NA,0,NA,0,NA,NA,-78.0622198147,8.60754392884,718163.16433,8426
2016-112,24,Robbers,LPG Tanker,NA,"VENEZUELA:On 12 May at 2150 LT in 10-11.3N 064-47.0W, Puerto Jose anchorage, four robbers armed with steel pipes boarded an anchored LPG tanker. Duty crew on routing rounds noticed the robbers and raised the alarm. Seeing the alerted crew the robbers",escaped. A search was carried out by the crew. Ship's stores were reported stolen.,NA,NA,NA,NA,2016-05-12,2016,125,8433,Venezuelan Exclusive Economic Zone,200NM,2201,Venezuela,2201,Venezuela,VEN,0,NA,0,NA,NA,0,NA,0,NA,NA,-65.914234022,12.7888675475,472616.003707,8433
2016-195,24,Robbers,Heavy Lift Carrier,NA,"COLOMBIA:On 03 May at 0700Z in 10-18.4N 075-33.4W, Cartagena anchorage, robbers boarded an anchored heavy lift carrier. They stole ship's stores and escaped unnoticed. The theft was noticed during routine rounds and incident reported to port control.",NA,NA,NA,NA,NA,2016-05-03,2016,128,8426,Colombian Exclusive Economic Zone,200NM,2175,Colombia,2175,Colombia,COL,0,NA,0,NA,NA,0,NA,0,NA,NA,-78.0622198147,8.60754392884,718163.16433,8426
2016-22,24,Robbers,Container Ship,NA,"GUYANA:On 5 February, robbers boarded an anchored container ship near position 06-49N 058-11W, Georgetown Port Anchorage. A duty crewman spotted the robbers near the paint locker and raised the alarm. The Ship Master notified the Coast Guard and a boat","was dispatched to investigate. Seeing the alerted crew and the approaching Coast Guard boat, the robbers escaped with stolen ship's stores.",NA,NA,NA,NA,2016-02-02,2016,109,8460,Guyanese Exclusive Economic Zone,200NM,2124,Guyana,2124,Guyana,GUY,0,NA,0,NA,NA,0,NA,0,NA,NA,-57.6411085408,8.61271338198,135053.148853,8460
2016-18,24,Robbers,Cargo Ship,NA,"VENEZUELA:On 25 January, an unknown number of robbers boarded an anchored general cargo ship near position 10-16N 064-34W, Guanta Anchorage. The robbers were able to steal ship's properties and escape unnoticed. The incident was noticed later by the duty",crew on safety rounds.,NA,NA,NA,NA,2016-01-25,2016,125,8433,Venezuelan Exclusive Economic Zone,200NM,2201,Venezuela,2201,Venezuela,VEN,0,NA,0,NA,NA,0,NA,0,NA,NA,-65.914234022,12.7888675475,472616.003707,8433
2015-235,24,Robbers,Commercial Tug,NA,"TRINIDAD AND TOBAGO:On 3 November, four robbers boarded an anchored commercial tug, MS. ANNE, in the western end of Chaguaramas Bay, near position 10-40N 061-40W. The robbers demanded cash, jewelry, and cell phones. When they were refused, the pirates","took the captain into another room where they beat him in order to get what they wanted, which they eventually got. They got approximately US $5,000, cell phones, and jewelry. They then tied up all six crew-members and left. The crew managed to free",themselves and contacted the Coast Guard. The captain was taken to the hospital where his injuries were treated and he was released. The Coast Guard and local police have begun an investigation.,NA,NA,NA,2015-11-03,2015,93,8420,Trinidad and Tobago Exclusive Economic Zone,200NM,2186,Trinidad and Tobago,2186,Trinidad and Tobago,TTO,0,NA,0,NA,NA,0,NA,0,NA,NA,-59.9847752098,10.9578843863,76575.0360158,8420
2015-207,24,Robbers,Fishing Vessel,NA,"TRINIDAD AND TOBAGO:On 28 September, robbers boarded the fishing vessel LULU near the Hibiscus oil platform approximately 30 nm from the country's northern coast at approximately 11-05N 061-40W. During the robbery, the robbers shot and killed one of the","fishermen, and wounded another. Trinidad authorities believe that the robbers came from Venezuela.",NA,NA,NA,NA,2015-09-28,2015,93,8420,Trinidad and Tobago Exclusive Economic Zone,200NM,2186,Trinidad and Tobago,2186,Trinidad and Tobago,TTO,0,NA,0,NA,NA,0,NA,0,NA,NA,-59.9847752098,10.9578843863,76575.0360158,8420
2015-201,24,Robbers,Sailing Kacht,NA,"COLOMBIA:On 19 September near position 10-10N 075-45W, six robbers boarded a sailing yacht anchored in the Rosario Islands area near Cartagena. During the robbery, the wife of the yacht owner was killed. Local authorities are investigating the case.",NA,NA,NA,NA,NA,2015-09-19,2015,128,8426,Colombian Exclusive Economic Zone,200NM,2175,Colombia,2175,Colombia,COL,0,NA,0,NA,NA,0,NA,0,NA,NA,-78.0622198147,8.60754392884,718163.16433,8426
2015-180,24,Robbers,Cargo Ship,NA,"On 16 August at 0800 local time in the Guanta Anchorage near position 10-16N 064-35W, a bosun on routine rounds onboard an anchored general cargo ship noticed 3 store rooms opened and their padlocks broken. He immediatly raised the alarm and the crew",mustered. It was noticed that the robbers had boarded the ship via the anchor chain. The robbers had stolen ship's properties and escaped.,NA,NA,NA,NA,2015-08-16,2015,125,8433,Venezuelan Exclusive Economic Zone,200NM,2201,Venezuela,2201,Venezuela,VEN,0,NA,0,NA,NA,0,NA,0,NA,NA,-65.914234022,12.7888675475,472616.003707,8433
2015-63,24,Robbers,Sailing Yachts,NA,"BRAZIL:During the last week of March, there were two boardings of sailing yachts near position 12-59S 038-42W, Ilha de Itaparica. One boarding occurred during night hours while the other occurred during the day. Four local individuals were reportedly","arrested after the daylight boarding. It is unknown if they are responsible for other incidents in the area, to include a landside assault on the crew of a third sailing yacht during this time frame.",NA,NA,NA,NA,2015-03-31,2015,205,8464,Brazilian Exclusive Economic Zone,200NM,2143,Brazil,2143,Brazil,BRA,0,NA,0,NA,NA,0,NA,0,NA,NA,-39.4442325948,-11.0979857632,3205100.30771,8464
2015-55,24,Robbers,Sailing Yacht,NA,"COLOMBIA:On 23 March, two robbers boarded a sailing yacht near position 10-24N 075-32W, Club Nautico, Cartagena. The owner of the yacht yelled a warning at the robbers, who jumped overboard to escape.",NA,NA,NA,NA,NA,2015-03-23,2015,128,8426,Colombian Exclusive Economic Zone,200NM,2175,Colombia,2175,Colombia,COL,0,NA,0,NA,NA,0,NA,0,NA,NA,-78.0622198147,8.60754392884,718163.16433,8426
2015-45,24,Robbers,Recreational boats,NA,"VENEZUELA:On 7 March, robbers boarded three weekend motor boats in the Morrocoy National Park. The robbers reportedly spent seven hours ransacking all three boats, stealing all the belongings and valuables of the three families. They departed the area by",then stealing one of the motor boats.,NA,NA,NA,NA,2015-03-07,2015,125,8433,Venezuelan Exclusive Economic Zone,200NM,2201,Venezuela,2201,Venezuela,VEN,0,NA,0,NA,NA,0,NA,0,NA,NA,-65.914234022,12.7888675475,472616.003707,8433
2014-166,24,Pirates,Fishing boat,NA,"SURINAME:On 11 July, armed men attacked and boarded a Guyanese fishing boat off Suriname. At least four crew members are still unaccounted for and the captain of the boat survived by clinging to floating debris after being thrown overboard by the","attackers. The boat's outboard motor, among other items, was reportedly stolen by the attackers.",NA,NA,NA,NA,2014-07-11,2014,253,8461,Surinamese Exclusive Economic Zone,200NM,2182,Suriname,2182,Suriname,SUR,0,NA,0,NA,NA,0,NA,0,NA,NA,-54.7761732224,7.58813141544,133316.418383,8461
2014-167,24,Pirates,Tanker,NA,"TRINIDAD AND TOBAGO:On 10 July, robbers boarded an underway tanker in the vicinity of Port of Spain. Eight to ten men reportedly boarded the ship from the stern using three small fishing boats. The men were armed with machetes, knives, one 9mm pistol,",and pieces of wood. They assaulted and robbed the Master and crew members holding them captive for approximately thirty minutes.,NA,NA,NA,NA,2014-07-10,2014,93,8420,Trinidad and Tobago Exclusive Economic Zone,200NM,2186,Trinidad and Tobago,2186,Trinidad and Tobago,TTO,0,NA,0,NA,NA,0,NA,0,NA,NA,-59.9847752098,10.9578843863,76575.0360158,8420
2014-86,24,Robber,Anchored Bulk Carrier,NA,"BRAZIL:On 12 April, a robber armed with a knife boarded an anchored bulk carrier near the position 01-04S 048-29W, Mosqueiro Pilot Station Anchorage. The robber was detected when the Duty Officer saw movement near the forecastle and directed the watchmen","to investigate. As the watchman approached the area, he detected the robber. The Duty Officer subsequently raised the alarm and mustered the crew. Upon seeing the crews response, the robber fled with some of the ship's properties.",NA,NA,NA,NA,2014-04-12,2014,205,8464,Brazilian Exclusive Economic Zone,200NM,2143,Brazil,2143,Brazil,BRA,0,NA,0,NA,NA,0,NA,0,NA,NA,-39.4442325948,-11.0979857632,3205100.30771,8464
2014-5,24,Robbers,Tanker,NA,"COLOMBIA:On 28 December, robbers boarded an anchored tanker via the hawse near position 10-18N 075-32W, Mamonal Anchorage, Cartagena. The robbers stole ship's properties and escaped unnoticed. The master reported the robbery to the local police",authorities and port agent.,NA,NA,NA,NA,2013-12-28,2013,128,8426,Colombian Exclusive Economic Zone,200NM,2175,Colombia,2175,Colombia,COL,0,NA,0,NA,NA,0,NA,0,NA,NA,-78.0622198147,8.60754392884,718163.16433,8426
2014-1,24,Robbers,Container vessel,NA,"BRAZIL:On 22 December, a duty crewman noticed three armed robbers opening cargo containers on an anchored container vessel near position 24-07S 046-19W, Santos Anchorage Area No. 4. The crewman was able to inform the bridge before being taken hostage by","the robbers. When the alarm was raised, the robbers released the crewman and escaped in a small fast boat with cargo stolen from the containers. The Harbor Master was informed and soon afterward a Federal Police patrol arrived to investigate.",NA,NA,NA,NA,2013-12-22,2013,205,8464,Brazilian Exclusive Economic Zone,200NM,2143,Brazil,2143,Brazil,BRA,0,NA,0,NA,NA,0,NA,0,NA,NA,-39.4442325948,-11.0979857632,3205100.30771,8464
2013-328,24,ROBBERS,YACHT,NA,"VENEZUELA:On 13 November, a yacht experienced a boarding near position 10-48N 061-59W, approximately 5 nm north of Cabo San Francisco, near the Paria Peninsula. Five armed robbers in a pirogue approached and boarded the boat, pistol-whipped the Skipper","and First Mate, damaged communications gear and stole a large amount of personal property before departing the vessel. Yacht and crew safely returned to Trinidad waters and alerted local Coast Guard personnel and were treated for injuries.",NA,NA,NA,NA,2013-11-13,2013,125,8433,Venezuelan Exclusive Economic Zone,200NM,2201,Venezuela,2201,Venezuela,VEN,0,NA,0,NA,NA,0,NA,0,NA,NA,-65.914234022,12.7888675475,472616.003707,8433
2013-285,24,Unknown,Sailing vessel,NA,"GRENADA:On 6 October between 0145 and 0430, perpetrator(s) boarded sailing vessel SOULMATIE in Prickly Bay by Calabash beach. The owners were not present when the incident occurred, but found the perpetrator(s) forced open the locked companionway and",stole cash and most of the loose electronics.,NA,NA,NA,NA,2013-10-06,2013,71,8419,Grenadian Exclusive Economic Zone,200NM,8650,Grenada,8650,Grenada,GRD,0,NA,0,NA,NA,0,NA,0,NA,NA,-62.05880506,12.2438817621,25576.6292954,8419
2013-286,24,Unknown,Sailing vessel,NA,"ST. VINCENT AND THE GRENADINES:On 3 October at 2040, a group of men with machetes boarded sailing vessel RAINBOW off Union Island at Frigate Island. They attacked the two people onboard; one of whom fought off the attackers. Local rescue, Coast Guard,",and police were able to respond and had an ambulance waiting for their medical care.,NA,NA,NA,NA,2013-10-03,2013,91,8421,Saint Vincent and the Grenadines Exclusive Economic Zone,200NM,8651,Saint Vincent and the Grenadines,8651,Saint Vincent and the Grenadines,VCT,0,NA,0,NA,NA,0,NA,0,NA,NA,-61.6944240413,13.1580517887,36243.1925939,8421
2013-298,24,ROBBERS,FISHING VESSELS TARA 1 AND OMI 5,NA,"SURINAME:On 1 October at 1100, fishing vessels TARA 1 and OMI 5 were attacked near Coronie in the Corentyne River. Five masked men armed with cutlasses attacked the TARA 1, threw two tied-up fishermen overboard, and kidnapped a third. They destroyed the","engine and emptied TARA 1 of about $180,000 of trout, snapper, and kingfish; $37,000 in groceries, $17,000 in vegetables, and $140,000 in cooking gas (currency could not be determined). The men then took the crewmember to OMI 5, and left him onboard. The","perpetrators beat five OMI 5 crewmembers and stole fish, fish glue, and fuel from their boat; then transferred the five crewmembers to the TARA 1.",NA,NA,NA,2013-10-01,2013,253,8461,Surinamese Exclusive Economic Zone,200NM,2182,Suriname,2182,Suriname,SUR,0,NA,0,NA,NA,0,NA,0,NA,NA,-54.7761732224,7.58813141544,133316.418383,8461
2013-104,24,ROBBERS,CARGO SHIP SHAMROCK,NA,"COLOMBIA:On 16 April, the anchored cargo ship SHAMROCK was boarded at 10-22N 075-33 W, at the Cartagena Inner Anchorage. The Officer of the Watch (OOW) observed a boat with several persons maneuvering in the vicinity of the vessel. Two watchmen were sent","to check and they observed the vessel for some time and then while returning heard noises from the aft part of the vessel. When watchmen went closer to investigate they saw a few robbers near the paint locker. They informed the OOW, who then raised the","alarm. In response, all of the robbers jumped overboard and escaped in their boat. Upon investigation, it was found that the paint locker, CO2 station, oxygen locker, and engine compartment doors were open and ship¿s stores stolen. Port control contacte",and agent contacted.,NA,NA,2013-04-16,2013,128,8426,Colombian Exclusive Economic Zone,200NM,2175,Colombia,2175,Colombia,COL,0,NA,0,NA,NA,0,NA,0,NA,NA,-78.0622198147,8.60754392884,718163.16433,8426
2013-71,24,ROBBERS,BULK CARRIER,NA,"COLOMBIA:On 16 March, an anchored bulk carrier was boarded at 11-08N 074-16W, at the Puerto Prodeco Anchorage. Duty officer onboard the vessel noticed an unidentified person on the forecastle and immediately advised the deck security guard and port","security guard to investigate. When they arrived at the forecastle, they noticed two robbers climbing down the anchor chain and trying to escape by swimming in heavy seas and swell. One of the robbers was rescued by throwing a lifebuoy while the other","disappeared out of sight. Later, the robber was taken ashore by the security. The boarding resulted in a failed robbery attempt.",NA,NA,NA,2013-03-16,2013,128,8426,Colombian Exclusive Economic Zone,200NM,2175,Colombia,2175,Colombia,COL,0,NA,0,NA,NA,0,NA,0,NA,NA,-78.0622198147,8.60754392884,718163.16433,8426
2013-55,24,ROBBERS,TANKER,NA,"COLUMBIA:On 24 February, an LPG tanker was boarded in the vicinity of 10-18N 075-31W, at the Cartagena ""A"" Anchorage. Four robbers boarded the anchored vessel via the anchor chain and hawse pipe. The robbers captured and tied up the duty A/B, who had",sighted and shouted at them. The robbers broke into the forecastle store and escaped with ship's property.,NA,NA,NA,NA,2013-02-24,2013,128,8426,Colombian Exclusive Economic Zone,200NM,2175,Colombia,2175,Colombia,COL,0,NA,0,NA,NA,0,NA,0,NA,NA,-78.0622198147,8.60754392884,718163.16433,8426
2013-9,24,ROBBERS,LPG TANKER CONISTON,NA,"GUYANA:On 09 January, LPG Tanker CONISTON boarded in the vicinity of Guyana. Two robbers armed with guns and long knives boarded the berthed vessel from the offshore side using a grappling hook. They took the First Officer and a shore security guard as","hostages, proceeded to the Master's cabin, stole ship's cash and escaped. No injury to crew.",NA,NA,NA,NA,2013-01-09,2013,109,8460,Guyanese Exclusive Economic Zone,200NM,2124,Guyana,2124,Guyana,GUY,0,NA,0,NA,NA,0,NA,0,NA,NA,-57.6411085408,8.61271338198,135053.148853,8460
2012-323,24,ROBBERS,TANKER,NA,"COLOMBIA:Tanker boarded on 25 November at 10-18N 075-33W, at the Cartagena Anchorage. Robbers boarded the anchored tanker, stole ship's stores from the forward store and escaped unnoticed. The crew on duty noticed the theft and reported the incident to",Port Control and Coast Guard.,NA,NA,NA,NA,2012-11-25,2012,128,8426,Colombian Exclusive Economic Zone,200NM,2175,Colombia,2175,Colombia,COL,0,NA,0,NA,NA,0,NA,0,NA,NA,-78.0622198147,8.60754392884,718163.16433,8426
2012-45,24,PIRATES,BULK CARRIER,NA,"BRAZIL: Bulk carrier experienced an attempted boarding on 27 January while at anchor at 00-02N 050-59W, Macapa Anchorage, Amazon River, Brazil. The deck watch crew noticed four robbers climbing up the anchor chain and trying to remove the hawse pipe",cover and informed the bridge. The duty watch officer raised the alarm and activated the fire pump to start anchor wash process. The robbers aborted the boarding and escaped in their boat. Port control and ships in vicinity were informed of the incident.,(IMB),NA,NA,NA,2012-01-27,2012,205,8464,Brazilian Exclusive Economic Zone,200NM,2143,Brazil,2143,Brazil,BRA,0,NA,0,NA,NA,0,NA,0,NA,NA,-39.4442325948,-11.0979857632,3205100.30771,8464
2017-44,25,Sailing Vessel,Robbers,NA,"ST LUCIA:On 13 February, robbers boarded an anchored sailing yacht at the Soufriere Bat Caves. The robbers were able to steal cash, computers, a camera, and electronics. Incident reported to local authorities.",NA,NA,NA,NA,NA,2017-02-13,2017,88,8416,Saint Lucia Exclusive Economic Zone,200NM,8647,Saint Lucia,8647,Saint Lucia,LCA,0,NA,0,NA,NA,0,NA,0,NA,NA,-61.1035883678,13.877703726,15412.9352272,8416
2016-150,25,Robbers,Sailing Vessel,NA,"SAINT VINCENT AND THE GRENADINES:On 09 June, robbers stole an outboard engine attached to the back of a sailing yacht anchored in Union Clifton harbor, vicinity 12-35N 061-25W. Local authorities were notified.",NA,NA,NA,NA,NA,2016-06-09,2016,91,8421,Saint Vincent and the Grenadines Exclusive Economic Zone,200NM,8651,Saint Vincent and the Grenadines,8651,Saint Vincent and the Grenadines,VCT,0,NA,0,NA,NA,0,NA,0,NA,NA,-61.6944240413,13.1580517887,36243.1925939,8421
2016-126,25,Pirates,Vessel,NA,"SAINT VINCENT AND THE GRENADINES:On 25 May, a UK-flagged yacht was boarded by two masked men, one with a gun, while anchored in Tobago Cays, vicinity 12-38N 061-21W. The intruders demanded money and hit the Captain several times on the head with the",yacht¿s heavy flash light; while his wife was held with an arm around her neck and a gun pointed to her head. The intruders took cash from the Captain¿s wallet along with several cell phones and escaped. The Captain suffered several head and facial,"injuries, two fractured ribs and some bruising, and was attended by a doctor in the anchorage immediately after the event. His wife was unhurt. The SVG Coast Guard, contacted by a neighboring yacht, arrived quickly. Three suspects are currently charged",with multiple offenses and are in police custody in Kingstown.,NA,NA,2016-05-25,2016,91,8421,Saint Vincent and the Grenadines Exclusive Economic Zone,200NM,8651,Saint Vincent and the Grenadines,8651,Saint Vincent and the Grenadines,VCT,0,NA,0,NA,NA,0,NA,0,NA,NA,-61.6944240413,13.1580517887,36243.1925939,8421
2016-30,25,Robbers,Yacht,NA,"U.S. VIRGIN ISLANDS:On 14 January, a French citizen, en route from South Carolina, USA, via the Bahamas to Guadeloupe in a sailing yacht anchored overnight on the southwest coast of St. Croix, near Limetree Bay near position 17-41N 64-45W. The following",morning he was approached by a large fishing boat and boarded by 3 young men. The men threatened him and punched him in the face and then slashed his lower left leg with a machete. They forced him to go below and open his safe and bring up money. When it,"""wasn¿t enough"" they shot him in the right thigh at close range, shattering his femur and severely wounding him. The victim was then left on the floor of his drifting boat when the men departed. The victim, although bleeding profusely and in severe pain","was able to maneuver his boat back into the industrial harbor alongside a tug. A tug crewmember summoned the police and ambulance. The victim was transported to the hospital where he underwent emergency surgery for his serious injuries, some 3 hours",after the initial attack.,NA,2016-01-14,2016,95,33180,Virgin Islander Exclusive Economic Zone,200NM,8642,United States Virgin Islands,2204,United States,VIR,0,NA,0,NA,NA,0,NA,0,NA,NA,-64.9243537727,17.2549629495,38290.0629235,33180
2015-274,25,Robbers,Sailing Yacht,NA,"TRINIDAD AND TOBAGO:On 20 December, an 80-foot sailing yacht sailing from Chaguaramas, Trinidad Island to Port Louis Grenada was boarded in the vicinity of the Hibiscus Gas Platform, approximately 30 miles north of Trinidad Island near position 11-08N","061-31W. A small fishing boat with 5 young men aboard pulled astern of the yacht. Once close to the yacht, one individual pulled out a military type assault rifle and three of the men boarded the yacht, holding the crew at gunpoint while the yacht was","ransacked. The robbers were able to steal cash, electronics, passports, food and cell phones.",NA,NA,NA,2015-12-20,2015,93,8420,Trinidad and Tobago Exclusive Economic Zone,200NM,2186,Trinidad and Tobago,2186,Trinidad and Tobago,TTO,0,NA,0,NA,NA,0,NA,0,NA,NA,-59.9847752098,10.9578843863,76575.0360158,8420
2015-85,25,Robbers,Sailing Yacht,NA,"DOMINICA:On 30 March, two armed robbers boarded a small sailing yacht anchored in the southern end of Prince Rupert Bay. The robbers threatened the boat's captain with a gun, stealing his wallet, cash, laptop computer, phone and VHF radio. The incident",was reported to the police the following day.,NA,NA,NA,NA,2015-03-30,2015,65,8417,Dominican Exclusive Economic Zone,200NM,8648,Dominica,8648,Dominica,DMA,0,NA,0,NA,NA,0,NA,0,NA,NA,-60.7211417111,15.4973889186,28589.5552507,8417
2015-42,25,Robbers,Sailing Vessel,NA,"ST VINCENT AND THE GRENADINES:On 6 March, robbers boarded an anchored sailing vessel through an open window. The robbers rummaged thru a money clip and purse and took $400 in cash while the crew slept unaware on a windy, noisy night. The incident was","reported to the local police. The incident occurred at the Tamarind Hotel, Canouan, Charlestown Bay.",NA,NA,NA,NA,2015-03-06,2015,91,8421,Saint Vincent and the Grenadines Exclusive Economic Zone,200NM,8651,Saint Vincent and the Grenadines,8651,Saint Vincent and the Grenadines,VCT,0,NA,0,NA,NA,0,NA,0,NA,NA,-61.6944240413,13.1580517887,36243.1925939,8421
2014-120,25,Robbers,Sailing Yacht,NA,"DOMINICA: On 3 May, two men boarded a 43 foot sailing yacht moored south of Roseau and assaulted the owner and passenger onboard. One of the robbers attacked the boat owner while the other attempted to assault the passenger, who used mace on her","attacker. At that point, the robbers fled the boat. The crew of the yacht untied from the mooring point in the harbor and departed the area after attempting to contact local authorities, who did not respond.",NA,NA,NA,NA,2014-05-03,2014,65,8417,Dominican Exclusive Economic Zone,200NM,8648,Dominica,8648,Dominica,DMA,0,NA,0,NA,NA,0,NA,0,NA,NA,-60.7211417111,15.4973889186,28589.5552507,8417
2014-53,25,Boarders,Yachts,NA,"ST MARTIN:Between late January and early February, a notable increase in boardings and thefts on yachts was noted by boat crews transiting the area. During this time period, there were at least two burglaries of unoccupied boats; four dinghy thefts;",three attempted thefts and one burglary with multiple electronic items stolen,NA,NA,NA,NA,2014-02-10,2014,89,8495,Saint-Martin Exclusive Economic Zone,200NM,8688,Collectivity of Saint Martin,17,France,MAF,0,NA,0,NA,NA,0,NA,0,NA,NA,-63.202822639,18.0346923308,1099.39449847,8495
2014-22,25,Robbers,Yacht,NA,"ST LUCIA:On 17 January, robbers boarded a yacht berthed in the port of Vieux Fort and attacked the boat owner and his wife. The 62 year old owner of the boat died from injuries sustained in the attack. Local press reports indicate that three persons were",arrested for the attack.,NA,NA,NA,NA,2014-01-17,2014,88,8416,Saint Lucia Exclusive Economic Zone,200NM,8647,Saint Lucia,8647,Saint Lucia,LCA,0,NA,0,NA,NA,0,NA,0,NA,NA,-61.1035883678,13.877703726,15412.9352272,8416
2013-329,25,ROBBERS,YACHT,NA,"GUADELOUPE:On 10 November, a yacht experienced a boarding while anchored near position 16-13N 061-22W, Saint Anne. Five robbers swam out to the anchored yacht and attempted to steal electronics and were surprised when the yacht Skipper returned aboard.",The robbers dropped their gear and jumped into the water and swam away.,NA,NA,NA,NA,2013-11-10,2013,72,33177,Guadeloupean Exclusive Economic Zone,200NM,8654,Guadeloupe,17,France,GLP,0,NA,0,NA,NA,0,NA,0,NA,NA,-59.8504431156,16.7988045773,90858.9144169,33177
2017-25,26,Robbers,Vessel,NA,"PANAMA:On 28 January, items were stolen an anchored unlocked catamaran in San Blas. The thieves took a wallet and cellphones from the salon chart table and left two sets of muddy footprints. A report was made to the local police and to a weather report",network.,NA,NA,NA,NA,2017-01-28,2017,62,8423,Panamanian Exclusive Economic Zone,200NM,2249,Panama,2249,Panama,PAN,0,NA,0,NA,NA,0,NA,0,NA,NA,-80.3458256144,8.28880359641,331242.370352,8423
2016-262,26,Robbers,Bulk Carrier,NA,"HAITI:On 01 November, an unknown number of robbers boarded an anchored bulk carrier near position 18-34N 072-21W, Port Au Prince Anchorage. The thieves boarded via the anchor chain, stole ship¿s stores and escaped unnoticed. Crew noticed the theft on",routine rounds and informed port control.,NA,NA,NA,NA,2016-11-01,2016,100,8408,Haitian Exclusive Economic Zone,200NM,8639,Haiti,8639,Haiti,HTI,0,NA,0,NA,NA,0,NA,0,NA,NA,-73.5485596268,17.9121851763,103497.883331,8408
2016-166,26,Robbers,Product Tanker,NA,"HAITI:On 07 July at 2115LT in 18-34N 072-023W, at Port Au Prince E anchorage, robbers boarded an anchored product tanker. Duty crew on routine rounds noticed the robbers. Alarm raised and crew mustered. Seeing the crew alertness, robbers jumped overboard",and escaped empty handed. Incident reported to port authority and coast guard.,NA,NA,NA,NA,2016-07-17,2016,100,8408,Haitian Exclusive Economic Zone,200NM,8639,Haiti,8639,Haiti,HTI,0,NA,0,NA,NA,0,NA,0,NA,NA,-73.5485596268,17.9121851763,103497.883331,8408
2015-246,26,Robbers,Cargo Ship,NA,"HAITI:On 18 November, two robbers boarded an anchored general cargo ship near position18-33N 072-23W, Port-au-Prince Anchorage. A duty crewman noticed the robbers hiding near the forward mooring station and informed the duty officer. As the crewman","approached the forward station, he saw the robbers armed with sharp knives cutting the mooring ropes. By the time the crew mustered, the robbers had escaped with the mooring ropes. The duty officer informed the pilot station and requested a police boat.",NA,NA,NA,NA,2015-11-18,2015,100,8408,Haitian Exclusive Economic Zone,200NM,8639,Haiti,8639,Haiti,HTI,0,NA,0,NA,NA,0,NA,0,NA,NA,-73.5485596268,17.9121851763,103497.883331,8408
2015-128,26,Pirates,Cargo vessel,NA,"PANAMA:On 8 June, local authorities received a report stating that robbers had boarded the Venezuelan-flagged cargo vessel VFM ALITA near the Atlantic entrance to the Panama Canal, about 50 miles north of Panama City. The two crewmembers onboard the ship","were held for approximately two hours while the thieves searched the vessel for valuables. Panama's National Air-Naval Service dispatched a coastal patrol boat to investigate the incident. They found and detained five assailants aboard the vessel, four",adults and one child.,NA,NA,NA,2015-06-08,2015,62,8423,Panamanian Exclusive Economic Zone,200NM,2249,Panama,2249,Panama,PAN,0,NA,0,NA,NA,0,NA,0,NA,NA,-80.3458256144,8.28880359641,331242.370352,8423
2015-109,26,Robbers,Sailing Yacht,NA,"BAHAMAS:On 1 May, two robbers boarded a berthed sailing yacht at the Stuart¿s Cove diving center in New Providence. The robbers shot the boat owner in the head, killing him. The boat owner¿s wife escaped the incident. The robbers escaped.",NA,NA,NA,NA,NA,2015-05-01,2015,52,8404,Bahamas Exclusive Economic Zone,200NM,2144,Bahamas,2144,Bahamas,BHS,0,NA,0,NA,NA,0,NA,0,NA,NA,-75.5706026891,25.1151384808,618667.242186,8404
2013-306,26,Robbers,LPG tanker,NA,"DOMINICAN REPUBLIC:On 20 October, a moored LPG tanker was boarded by two robbers at position 18-24N 070-01W, Rio Haina Refidomsa. Alert duty crew noticed the robbers lowering the rescue boat engine to a waiting escape boat. Alarm sounded and the robbers",immediately left the engine and escaped. The crew retrieved the engine using the line that was being used to lower it away from the ship. Further inspection revealed that several items from the rescue boat were missing. Local agent and mooring master,informed.,NA,NA,NA,2013-10-20,2013,66,8409,Dominican Republic Exclusive Economic Zone,200NM,8640,Dominican Republic,8640,Dominican Republic,DOM,0,NA,0,NA,NA,0,NA,0,NA,NA,-69.6722372535,19.1382628147,350697.677696,8409
2013-278,26,Unknown boarder,Catamaran,NA,"PANAMA:On 31 August, an anchored catamaran experienced an attempted boarding at position 09-38N 079-34E, Isla Grande Anchorage. Vessel¿s owner heard voices outside the boat while anchored late at night and investigated. He found one person attempting to","board the vessel by crawling over the forward spar. Vessel¿s owner managed to scare the person off the boat, who jumped into the water and escaped in a waiting speedboat carrying another person.",NA,NA,NA,NA,2013-08-31,2013,144,8346,Sri Lankan Exclusive Economic Zone,200NM,2195,Sri Lanka,2195,Sri Lanka,LKA,0,NA,0,NA,NA,0,NA,0,NA,NA,81.6360736851,6.5463774611,533545.991412,8346
2012-265,26,PIRATES,CARGO SHIP,NA,"HAITI:Cargo ship was boarded on 21 September at 18-09N 072-01W, Port-Au-Prince. The anchored vessel was boarded by three armed robbers carrying machetes. A watchman conducting routine rounds discovered the robbers on the forecastle. The robbers attacked","the watchman and injured him. The Deck Officer raised the alarm and mustered the crew. Upon hearing the alarm and seeing the crew's alertness, the robbers escaped with the stolen stores. Port authority personnel were informed and the Coast Guard arrived",at the location three hours later.,NA,NA,NA,2012-09-21,2012,100,8408,Haitian Exclusive Economic Zone,200NM,8639,Haiti,8639,Haiti,HTI,0,NA,0,NA,NA,0,NA,0,NA,NA,-73.5485596268,17.9121851763,103497.883331,8408
2013-341,27,ROBBERS,YACHT,NA,"GRAND CAYMAN:On 26 November, robbers boarded a moored yacht near position 19-20N 081-21W, West Bay, Grand Cayman and stole an outboard motor and navigation equipment. The incident was reported to local police.",NA,NA,NA,NA,NA,2013-11-26,2013,60,8407,Cayman Islands Exclusive Economic Zone,200NM,8638,Cayman Islands,2208,United Kingdom,CYM,0,NA,0,NA,NA,0,NA,0,NA,NA,-81.1391391941,19.153448028,118398.433806,8407
2017-18,28,Robbers,Vessel,NA,"HONDURAS:During the morning hours of 19 January, a France-flagged catamaran transiting from Isla Providencia, Colombia, to Rio Dulce, Guatemala, was boarded two different times during a three-hour period in an area approximately 35 nm east-southeast of","the Hobbies Islands. The robbers stole computers, smartphone, cash, electronics, binocular, VHF and handheld radios, alcohol, clothing.",NA,NA,NA,NA,2017-01-19,2017,126,8427,Honduran Exclusive Economic Zone,200NM,2103,Honduras,2103,Honduras,HND,0,NA,0,NA,NA,0,NA,0,NA,NA,-83.84844835,16.9115353147,208534.450393,8427
2017-19,28,Robbers,Sailing Vessel,NA,"HONDURAS:During the evening hours of 19 January, a sailing yacht was boarded in an area approximately 20 nm from Gordo Bank. The robbers stole computers, electronics, and alcohol. Incident reported to Honduran Navy and local police.",NA,NA,NA,NA,NA,2017-01-19,2017,126,8427,Honduran Exclusive Economic Zone,200NM,2103,Honduras,2103,Honduras,HND,0,NA,0,NA,NA,0,NA,0,NA,NA,-83.84844835,16.9115353147,208534.450393,8427
2017-21,28,Robbers,Sailing Vessel,NA,"HONDURAS:On 13 January, a US-flagged sailing yacht transiting from Puerto Cortez to Roatan was boarded approximately 5 miles off the coast after anchoring in rough weather. Eight armed men boarded the yacht and ransacked it, stealing electronics, a wall","mounted TV, dinghy and outboard motor, cash, alcohol, dive gear, and passports. Incident reported to Honduran Coast Guard and local authorities.",NA,NA,NA,NA,2017-01-13,2017,126,8427,Honduran Exclusive Economic Zone,200NM,2103,Honduras,2103,Honduras,HND,0,NA,0,NA,NA,0,NA,0,NA,NA,-83.84844835,16.9115353147,208534.450393,8427
2017-8,28,Pirates,Sailing Vessel,NA,"NICARAGUA:On 20 December, a sailing vessel was boarded while anchored in Media Luna Cay. The boarding occurred after 13 pangas carrying up to 60 men tried to push the sailing vessel onto a reef where two other wrecks were seen. The apparent leader of the","group demanded to search the vessel for cocaine. Finding none, the group ransacked the vessel when 25 men boarded the vessel and helped themselves to fuel, food, cash, cellphones, fishing gear, clothing, marine electronics and anything else they could","remove. The crew protested when the robbers took gear necessary to continue their journey and in a few cases it was reluctantly returned by the leader. The mob eventually left the vessel, which then continued to Belize and reported the incident to local",authorities.,NA,NA,2016-12-20,2016,108,8425,Nicaraguan Exclusive Economic Zone,200NM,2255,Nicaragua,2255,Nicaragua,NIC,0,NA,0,NA,NA,0,NA,0,NA,NA,-83.3105122043,12.7195681683,228251.857132,8425
2016-300,28,Robbers,Offshore Supply Vessel,NA,"MEXICO:On 26 November, robbers boarded the offshore supply ships GLOBAL EXPLORER and VIKRANT DOLPHIN while the vessels were anchored at Dos Bocas anchorage, Tabasco State. 11 armed men boarded the ships about 0200 LT and stole equipment, cargo and crews'","belongings. Crews hid in the citadels until a security team arrived. Pirates fled in their boats, and though authorities were informed in time, pirates weren¿t intercepted. No injuries reported.",NA,NA,NA,NA,2016-11-26,2016,54,8429,Mexican Exclusive Economic Zone,200NM,2224,Mexico,2224,Mexico,MEX,0,NA,0,NA,NA,0,NA,0,NA,NA,-105.333456024,21.3501812799,3186924.40663,8429
2016-29,28,Pirates,Yacht,NA,"NICARAGUA:On 27 January, a large motor yacht on passage between Colon, Panama and Roatan, Honduras was nearly rammed and boarded by a 60-foot steel fishing boat near position14-30N 081-55W, off the east coast of Nicaragua, north of Isla Providencia,","Colombia. The motor yacht was able to outrun the pirates. The fishing vessel was described as a 60-foot steel vessel, white and blue, very good condition and reportedly named MISTER HENSON. No fishing equipment noted except for a crab fence. A report was",made to the US Coast Guard.,NA,NA,NA,2016-01-27,2016,108,8425,Nicaraguan Exclusive Economic Zone,200NM,2255,Nicaragua,2255,Nicaragua,NIC,0,NA,0,NA,NA,0,NA,0,NA,NA,-83.3105122043,12.7195681683,228251.857132,8425
2016-7,28,Robbers,Sailing Yacht,NA,"BELIZE:On 13 January near position 17-15N 088-05W, four robbers armed with guns boarded an anchored sailing yacht near Middle Long Cay. The robbers sexually assaulted a female passenger and stole cash, electronics, passports and an outboard motor.",NA,NA,NA,NA,NA,2016-01-13,2016,98,8457,Belizean Exclusive Economic Zone,200NM,8681,Belize,8681,Belize,BLZ,0,NA,0,NA,NA,0,NA,0,NA,NA,-87.5931957881,17.1877404836,34310.002032,8457
2015-74,28,Pirates,Sailboat,NA,"HONDURAS:On 15 March, four armed pirates hijacked a rented sailboat enroute from Belize to the Honduran island of Roatan. The pirates threatened the married couple and the boat captain with violence, and grounded the sailboat in Escondido Bay, in","Jeanette Kawas National Park. The pirates ransacked the boat, damaging most of the equipment and abandoned the three people in the jungle, who lived on peanut butter, cheese and rainwater for four days until their SOS messages were discovered by people","camping nearby. After their rescue, they met Honduran President Juan Orlando Hernández, who happened to be staying in the nearby town of Tela, where they were taken after the attack. He offered them a presidential helicopter ride to the nearest airport.","The Honduran government also payed for the couple's flight to Mexico, where they are now recovering.",NA,NA,2015-03-15,2015,126,8427,Honduran Exclusive Economic Zone,200NM,2103,Honduras,2103,Honduras,HND,0,NA,0,NA,NA,0,NA,0,NA,NA,-83.84844835,16.9115353147,208534.450393,8427
2015-21,28,Robbers,Sail Boat,NA,"HONDURAS:On 1 February, three armed men boarded an underway sailing boat approximately 15 nm offshore of Puerto Cortez. The men initially approached the sailing boat and asked for gasoline, then quickly boarded the boat. They stole the boat's outboard","motor, a computer, several cell phones, along with cash and jewelry. The robbers were reportedly calm and unhurried while carrying out their operation. No reports of injuries to the occupants of the sailing boat or damage done to the boat while the",robbery took place.,NA,NA,NA,2015-02-01,2015,98,8457,Belizean Exclusive Economic Zone,200NM,8681,Belize,8681,Belize,BLZ,0,NA,0,NA,NA,0,NA,0,NA,NA,-87.5931957881,17.1877404836,34310.002032,8457
2014-286,28,Suspicious approach,Sailing yacht,NA,"HONDURAS:On 12 December, a sailing yacht experienced a suspicious approach near position14-11N 082-16W, approximately 29 nm southeast of Cayos Miskitos. The yacht master reported that an unlit fishing boat at first shadowed the yacht for some time and",then made a series of course changes to bring it within 200 yards of the sailing yacht. They yacht master made course and speed changes to open the distance with the ship and it finally fell back and then moved out of the area.,NA,NA,NA,NA,2014-12-12,2014,108,8425,Nicaraguan Exclusive Economic Zone,200NM,2255,Nicaragua,2255,Nicaragua,NIC,0,NA,0,NA,NA,0,NA,0,NA,NA,-83.3105122043,12.7195681683,228251.857132,8425
2012-178,28,PIRATES,CONTAINER SHIP,NA,"COSTA RICA:Container Ship attempted boarded on 17 May at 09:58 N ¿ 083:00 W, Puerto Limon Anchorage, Costa Rica. Five pirates in a boat were noticed by alert deck watchmen alongside their container ship with boat hooks in an attempt to board. The duty","officer raised the alarm and reported the incident to port authorities. Seeing the alerted crew, the pirates aborted the attempt and moved away.",NA,NA,NA,NA,2012-05-17,2012,63,8424,Costa Rican Exclusive Economic Zone,200NM,2162,Costa Rica,2162,Costa Rica,CRI,0,NA,0,NA,NA,0,NA,0,NA,NA,-86.6607193288,6.62124016996,567365.437993,8424
2017-29,51,Robbers,Container Vessel,NA,"SIERRA LEONE:On 30 January, two robbers boarded an anchored container ship near position08-27N 013-26W, Freetown Outer Anchorage. A duty crewman informed the duty officer that he saw them on the forecastle. Alarm was raised, PA announcement made and crew","was mustered. Hearing the alarm and seeing the crew alertness, the robbers escaped without stealing anything.",NA,NA,NA,NA,2017-01-30,2017,73,8390,Sierra Leonian Exclusive Economic Zone,200NM,2191,Sierra Leone,2191,Sierra Leone,SLE,0,NA,0,NA,NA,0,NA,0,NA,NA,-14.1446799886,6.6354075324,160578.277588,8390
2017-30,51,Robbers,Bulk Carrier,NA,"SIERRA LEONE:On 25 January, three men armed with knives boarded an anchored bulk carrier near position 08-27N 013-21W, Pepel Anchorage. Upon noticing the men, the crew raised the alarm but the assailants stole ship's stores and escaped.",NA,NA,NA,NA,NA,2017-01-25,2017,73,8390,Sierra Leonian Exclusive Economic Zone,200NM,2191,Sierra Leone,2191,Sierra Leone,SLE,0,NA,0,NA,NA,0,NA,0,NA,NA,-14.1446799886,6.6354075324,160578.277588,8390
2016-287,51,Suspicious Approach,Sailing Vessel,NA,"CAPE VERDE:On 15 November, a fishing boat approached S/V SHERPA in vicinity 27-07N 013-58W, 35 miles from shore of EL Aajum, Western Sahara. Three men in the fishing boat made a very close pass to the sailing vessel but the fishing boat propeller became",fouled and they fell back. The sailing vessel continued its voyage.,NA,NA,NA,NA,2016-11-15,2016,252,8368,Disputed area Western Saharan Exclusive Economic Zone,Disputed,8617,Western Sahara,8617,Western Sahara,ESH,2221,Morocco,2221,Morocco,MAR,0,NA,0,NA,NA,-17.6951303974,23.3411860745,284066.375395,8368
2016-217,51,Robbers,Container Ship,NA,"GUINEA:On 21 September, six robbers armed with guns fired upon and boarded the container ship WINDHOEK, anchored near position 09-18N 013-45W, Conakry Anchorage. Ship's Master activated the SSAS alert, raised the alarm and locked the accommodation area.","The robbers however, gained access into the ship by breaking the bridge wing windows. After taking the crew hostage, the robbers ransacked and looted every crew cabin, stole crew personal belongings and ship's cash, and escaped. The IMB Piracy Reporting",Centre liaised with the Guinea Navy who responded and boarded the ship. All crew reported safe.,NA,NA,NA,2016-09-21,2016,118,8472,Guinean Exclusive Economic Zone,200NM,2122,Guinea,2122,Guinea,GIN,0,NA,0,NA,NA,0,NA,0,NA,NA,-15.6205073648,9.18113919475,102165.349909,8472
2016-191,51,Robbers,Bulk Carrier,NA,"GUINEA:On 24 August, at 0110 LT, seven robbers armed with guns and knives boarded an anchored bulk carrier near position 09-24.5N 013-43.3W, 5.5 nm south of Conakry. Two crewmen were taken hostage and beaten. The robbers escaped with crew's cash and",properties. Incident reported to the local agent.,NA,NA,NA,NA,2016-08-24,2016,118,8472,Guinean Exclusive Economic Zone,200NM,2122,Guinea,2122,Guinea,GIN,0,NA,0,NA,NA,0,NA,0,NA,NA,-15.6205073648,9.18113919475,102165.349909,8472
2016-144,51,Robbers,Cargo Vessel,NA,"GUINEA:On 03 July at 0450 LT in 09-23.6N 013-41.9W, at Conakry anchorage, six robbers armed with guns and knives boarded an anchored heavy lift vessel. They attacked the duty O/S causing injuries and took the second officer hostage. They opened fire to","threaten the crew members and damaged the accommodation. They robbed the crew members of cash and personal belongings before escaping. Master tried to contact the port control, but received no response. The incident was reported to port authorities",through local agents.,NA,NA,NA,2016-07-03,2016,118,8472,Guinean Exclusive Economic Zone,200NM,2122,Guinea,2122,Guinea,GIN,0,NA,0,NA,NA,0,NA,0,NA,NA,-15.6205073648,9.18113919475,102165.349909,8472
2015-226,51,Robbers,Bulk Carrier,NA,"LIBERIA:On 24 October, 0830 LT, near position 06-20N 010-51W, Monrovia Anchorage. Unnoticed robbers boarded an anchored bulk carrier. They stole ship's properties and escaped. The theft was noticed when the crew noticed the padlock to the safetylocker",was broken. The incident was reported to local agents.,NA,NA,NA,NA,2015-10-24,2015,121,8391,Liberian Exclusive Economic Zone,200NM,2105,Liberia,2105,Liberia,LBR,0,NA,0,NA,NA,0,NA,0,NA,NA,-10.1776290674,3.80280296257,251776.275286,8391
2015-110,51,Robbers,Bulk Carrier,NA,"GUINEA:On 15 May, six robbers armed with AK-47 rifles boarded an anchored bulk carrier near position 09-25N 013-44W, Conakry Anchorage. The Second Officer saw two robbers on the poop deck and immediately raised the alarm and informed the Master. The","robbers aimed the AK-47 towards the Second Officer and a duty crewman who immediately retreated into the citadel. The robbers subsequently broke into the Master's cabin, fired several rounds and demanded money from the Master. Before escaping the robbers",stole crew belongings and ship's cash. Port control was informed of the incident.,NA,NA,NA,2015-05-15,2015,118,8472,Guinean Exclusive Economic Zone,200NM,2122,Guinea,2122,Guinea,GIN,0,NA,0,NA,NA,0,NA,0,NA,NA,-15.6205073648,9.18113919475,102165.349909,8472
2015-64,51,Robbers,Anchored Ship,NA,"GUINEA:On 1 April, six robbers boarded an anchored ship near position 09-30N 013-42W, 2.7 nm south of the fairway buoy at Conakry. An alert deck officer sounded the general alarm and informed the captain. The deck watch informed the watch officer that",the boat attached a bamboo stick with a hook to the deck of the vessel. The deck watch tried to remove the hook and one of the pirates pointed an AK-47 at him. Deck watchman departed the area for safety and the crew retreated to the safe room. Attempts,by the vessel to contact port control went unanswered. A patrol boat was eventually contacted by the vessel via VHF and reported to the area. The surrounding waters were checked and nothing was found. The vessel was checked thoroughly and nothing was,noted to be missing.,NA,NA,2015-04-01,2015,118,8472,Guinean Exclusive Economic Zone,200NM,2122,Guinea,2122,Guinea,GIN,0,NA,0,NA,NA,0,NA,0,NA,NA,-15.6205073648,9.18113919475,102165.349909,8472
2015-70,51,Robbers,Container Ship,NA,"On 1 April near position 09-15N 013-43W, Conakry Anchorage, Guinea, six robbers in a blue hulled fishing boat attempted to board an anchored container ship using a hook attached to a long pole. One of the robbers pointed a gun towards the Duty Watchman","who escaped and raised the alarm. All of the crew mustered in a safe room. The Master contacted the CSO, local agents ant the MTISC for assitance. Upon hearing the alarm, the robbers aborted the attempted boarding and escaped. The Port Control was",contacted but no response was received. The authorities sent a patrol boat to check the surrrounding waters.,NA,NA,NA,2015-04-01,2015,118,8472,Guinean Exclusive Economic Zone,200NM,2122,Guinea,2122,Guinea,GIN,0,NA,0,NA,NA,0,NA,0,NA,NA,-15.6205073648,9.18113919475,102165.349909,8472
2013-335,51,ROBBERS,CHEMICAL TANKER,NA,"SIERRA LEONE:On 19 November, an anchored chemical tanker experienced a boarding near position 08-30N 013-11W, Freetown Inner Anchorage. Five robbers armed with knives boarded the anchored chemical tanker and stole ship's properties. The deck watchman was","attacked and held hostage during the robbery. Incident reported to Port Authority, who sent a team for investigation.",NA,NA,NA,NA,2013-11-19,2013,73,8390,Sierra Leonian Exclusive Economic Zone,200NM,2191,Sierra Leone,2191,Sierra Leone,SLE,0,NA,0,NA,NA,0,NA,0,NA,NA,-14.1446799886,6.6354075324,160578.277588,8390
2013-185,51,PIRATES,CARGO SHIP LANGENES,NA,"GUINEA:On 19 June, the anchored Norway-flagged general cargo ship LANGENES was boarded at 09-14N 013-57W,approximately 2 nm southwest of Conakry. Five pirates, armed with machine guns, boarded a general cargo ship at anchor. They threatened the crew,","stole ship's cash, crew personal belongings, then escaped. All crew were reported safe.",NA,NA,NA,NA,2013-06-19,2013,118,8472,Guinean Exclusive Economic Zone,200NM,2122,Guinea,2122,Guinea,GIN,0,NA,0,NA,NA,0,NA,0,NA,NA,-15.6205073648,9.18113919475,102165.349909,8472
2013-127,51,PIRATES,CONTAINER SHIP,NA,"GULF OF GUINEA:On 26 April 2013 at 1830 UTC, a container ship was attacked by armed pirates around the vicinity of position 03-46N 005-08E, off Nigerian coast. The vessel increased speed and managed to evade the attack. Pirates may still be in the area",and if possible ships should keep clear of this area.,NA,NA,NA,NA,2013-04-26,2013,166,8474,Nigerian Exclusive Economic Zone,200NM,2253,Nigeria,2253,Nigeria,NGA,0,NA,0,NA,NA,0,NA,0,NA,NA,4.82278332072,4.08512461991,179050.962041,8474
2013-126,51,PIRATES,VESSEL,NA,GULF OF GUINEA:Possibly hijacked in 03-51.3N 005-40.5E at 242245Z APR. Vessels are advised to keep clear of this position and to exercise extreme caution.,NA,NA,NA,NA,NA,2013-04-24,2013,166,8474,Nigerian Exclusive Economic Zone,200NM,2253,Nigeria,2253,Nigeria,NGA,0,NA,0,NA,NA,0,NA,0,NA,NA,4.82278332072,4.08512461991,179050.962041,8474
2013-31,51,ROBBERS,CARGO SHIP,NA,"MAURITANIA:On 31 January, a refrigerated cargo ship was boarded at 20-53N 016-59W, at the Nouadhibou Port. Two robbers armed with knives boarded the anchored vessel, while six more robbers waited in their boat. Alert duty crewman spotted the robbers and","raised the alarm. On hearing the alarm, the robbers jumped overboard and escaped empty-handed. Port Control contacted, but no response received.",NA,NA,NA,NA,2013-01-31,2013,78,8369,Mauritanian Exclusive Economic Zone,200NM,2236,Mauritania,2236,Mauritania,MRT,0,NA,0,NA,NA,0,NA,0,NA,NA,-17.9181448954,18.2466224476,173189.736645,8369
2012-237,51,PIRATES,CARGO VESSEL,NA,"GUINEA:Cargo vessel boarded on 21 August at 8-50N 013-58W, approximately 23 nm southwest of Conakry Port. Seven armed robbers in a fast boat boarded the anchored vessel during heavy rain. Six of the robbers boarded the vessel and entered the bridge by","breaking the windows with gunfire. They took three Officers hostage, tied their hands and took them to the Master's cabin. They ransacked the Master's cabin and the cabins of several Officers, stealing cash and other valuables, and escaped. One of the","captured Officers received slight injuries when he was assaulted during the incident.The Master contacted Conakry Port Control, but received no response.",NA,NA,NA,2012-08-21,2012,118,8472,Guinean Exclusive Economic Zone,200NM,2122,Guinea,2122,Guinea,GIN,0,NA,0,NA,NA,0,NA,0,NA,NA,-15.6205073648,9.18113919475,102165.349909,8472
2012-241,51,PIRATES,CARGO VESSEL,NA,"GUINEA:Armed pirates attacked and boarded a cargo vessel. All crew members immediately took shelter in the citadel. The pirates damaged bridge windows, ransacked crew cabins, stole cash and personal effects, and escaped. Master contacted Conakry Port","Control, but no response was received.",NA,NA,NA,NA,2012-08-21,2012,118,8472,Guinean Exclusive Economic Zone,200NM,2122,Guinea,2122,Guinea,GIN,0,NA,0,NA,NA,0,NA,0,NA,NA,-15.6205073648,9.18113919475,102165.349909,8472
2012-234,51,PIRATES,BULK CARRIER,NA,"SIERRA LEONE:Bulk carrier boarded on 10 August at 08-30N 013-32W, Freetown Outer Anchorage. Three robbers armed with long knives boarded the anchored vessel. The Duty Officer spotted the robbers and raised the alarm. The crew mustered and the Master",notified the port authority and local agent. The robbers escaped with stolen stores. All crew was reported safe.,NA,NA,NA,NA,2012-08-10,2012,73,8390,Sierra Leonian Exclusive Economic Zone,200NM,2191,Sierra Leone,2191,Sierra Leone,SLE,0,NA,0,NA,NA,0,NA,0,NA,NA,-14.1446799886,6.6354075324,160578.277588,8390
2012-216,51,PIRATES,CONTAINER SHIP OLIVIA,NA,"GUINEA:German-flagged container ship OLIVIA boarded on 15 July at 09-13N 013-47W, approximately 22 nm southwest of Conakry. Seven pirates armed with guns and knives boarded the vessel while awaiting berthing instructions. The pirates entered the bridge","and took two Officers hostage, tying their hands behind their backs. Two of the pirates took the 2/O and knocked on the Master's cabin. When the Master opened the door, the pirates slammed it into his face. They stole ship's cash and crewmembers'",belongings. The pirates reassembled on the bridge and took the crew hostage until they disembarked into their waiting boat. Port control and ships in the vicinity of the ship were informed.,NA,NA,NA,2012-07-15,2012,118,8472,Guinean Exclusive Economic Zone,200NM,2122,Guinea,2122,Guinea,GIN,0,NA,0,NA,NA,0,NA,0,NA,NA,-15.6205073648,9.18113919475,102165.349909,8472
2012-185,52,PIRATES,BULK CARRIER,NA,"ALGERIA:Bulk carrier was boarded while on 29 May at berth at Port of Alger, Algeria.The duty crew at the aft mooring deck onboard a berthed bulk carrier noticed two robbers trying to open the port life raft. He reported to the Duty Officer who raised the","alarm and had the crew mustered. Upon seeing the alert crew, the robbers dropped the life raft into the water, jumped overboard and escaped empty handed. The crew managed to recover the life raft and brought it back onboard the ship. Port control was",later informed.,NA,NA,NA,2012-05-29,2012,225,8378,Algerian Exclusive Economic Zone,200NM,2152,Algeria,2152,Algeria,DZA,0,NA,0,NA,NA,0,NA,0,NA,NA,3.53979379733,37.2034369817,131184.423485,8378
2013-106,53,SUSPICIOUS CRAFT,BULK CARRIER CONDOR,NA,"LIBYA:On 01 April, the underway bulk carrier CONDOR experienced a suspicious approach at 34-50N 014-40E, approximately 133nm North-northeast of Tripoli. A group of boats were discovered off the ship's port side. Security team took ""shooting"" position.",Crew retreated to the citadel. Ship increased its speed to maximum and took evasive maneuvers. There were no aggressive actions taken toward the vessel.,NA,NA,NA,NA,2013-04-01,2013,141,5685,Maltese Exclusive Economic Zone,200NM,2217,Malta,2217,Malta,MLT,0,NA,0,NA,NA,0,NA,0,NA,NA,15.1112067205,35.3135543136,52913.4248289,5685
2017-64,56,Pirates,Tanker,NA,"LIBYA:On 24 February, HACI TELLI, a Turkey-flagged oil tanker, was seized by an armed group in Libya, with 11 crew members on board held captive, according to Turkish media reports. According to the Deniz Haber Ajansi news agency, the armed group","detained the ship when it was sailing off the coast of Zuwarah city in northwestern Libya, vicinity32-56N 012-05E. The armed people claimed the owner of the vessel owed them more than 430,000 U.S. dollars for purchasing oil.",NA,NA,NA,NA,2017-02-24,2017,140,8372,Libyan Exclusive Economic Zone,200NM,2194,Libya,2194,Libya,LBY,0,NA,0,NA,NA,0,NA,0,NA,NA,18.4993444533,33.1430015882,364446.950274,8372
2016-188,56,Pirates,Vessel,NA,"LIBYA:On 17 August, vessel fired upon vicinity 33-09.8N 012-25.7E.",NA,NA,NA,NA,NA,2016-08-17,2016,140,8372,Libyan Exclusive Economic Zone,200NM,2194,Libya,2194,Libya,LBY,0,NA,0,NA,NA,0,NA,0,NA,NA,18.4993444533,33.1430015882,364446.950274,8372
2016-199,56,Pirates,Supply Vessel,NA,"LIBYA:On 17 August, Médecins Sans Frontières (MSF) reported that Luxemburg-flagged tug supply vessel BOURBON ARGOS was taking part in migrant rescue operations 24 nm north of Libyan coast, vicinity 32-46N 15-11E, when they were ""approached and attacked","by a group of armed men onboard an unidentified speedboat.¿ Subsequently, a Libyan Navy spokesman claimed that Libyan forces had approached the BOURBON ARGOS after its crew refused to identify themselves. The navy spokesman denied that Libyan forces had",fired directly at the MSF boat or boarded the vessel.,NA,NA,NA,2016-08-17,2016,140,8372,Libyan Exclusive Economic Zone,200NM,2194,Libya,2194,Libya,LBY,0,NA,0,NA,NA,0,NA,0,NA,NA,18.4993444533,33.1430015882,364446.950274,8372
2015-236,56,Robbers,Container Ship,NA,"EGYPT:On 7 November, two robbers armed with knives boarded an anchored container ship near position 31-12N 029-44E, 9.4 nm west of Alexandria. A duty crew man on routine rounds noticed the robbers on the quarter deck. Before he could report the boarding","the robbers attacked him and hit him on his neck, causing him to black out. After coming to the duty crew man reported the incident and a search was carried out. Nothing was reported stolen. An Incident Report was submitted to the port control and local",agent.,NA,NA,NA,2015-11-07,2015,135,8490,Egyptian Exclusive Economic Zone,200NM,3868,Egypt,3868,Egypt,EGY,0,NA,0,NA,NA,0,NA,0,NA,NA,31.149135591,30.4508234116,243230.486587,8490
2014-27,56,Gunmen,Tankers,NA,LIBYA:Gunmen are threatening tankers near Hariga as part of a blockade to prevent crude oil exports from the Hariga oil terminal in eastern Libya. Ships attempting to dock at the Harigas terminal could be attacked.,NA,NA,NA,NA,NA,2014-01-24,2014,140,8372,Libyan Exclusive Economic Zone,200NM,2194,Libya,2194,Libya,LBY,0,NA,0,NA,NA,0,NA,0,NA,NA,18.4993444533,33.1430015882,364446.950274,8372
2013-243,56,robber,container ship MARY SCHULTE,NA,"EGYPT:On 31 July, the Liberia-flagged berthed container ship MARY SCHULTE was boarded in the vicinity of 31-10N 029-51E, at Berth No. 49, Alexandria Port. An AB on duty noticed a robber inside the Bosun forward store. He immediately informed the Duty","Officer. No robber was found upon checking the store, but a life raft in the store had been opened and damaged.",NA,NA,NA,NA,2013-07-31,2013,135,8490,Egyptian Exclusive Economic Zone,200NM,3868,Egypt,3868,Egypt,EGY,0,NA,0,NA,NA,0,NA,0,NA,NA,31.149135591,30.4508234116,243230.486587,8490
2013-224,56,PIRATES,RO-RO VESSEL,NA,"LIBYA:On 19 July, approximately twelve armed Libyan men boarded and hijacked a berthed Ro-ro vessel was hijacked at the Bengazi Port. The hijackers are holding the 19 Ukranian crew members as hostages, with demands that a ransom of $9.5 million be paid",by the ship's owner.,NA,NA,NA,NA,2013-07-19,2013,140,8372,Libyan Exclusive Economic Zone,200NM,2194,Libya,2194,Libya,LBY,0,NA,0,NA,NA,0,NA,0,NA,NA,18.4993444533,33.1430015882,364446.950274,8372
2013-171,56,ROBBERS,BULK CARRIER GLOBAL F,NA,"EGYPT:On 27 May, the Liberia-flagged anchored bulk carrier GLOBAL F was boarded at 31-12N 029-46E, at the El Dekheila Anchorage, Alexandria Port. Alert duty crew on board the anchored bulk carrier noticed three robbers near the forecastle and raised the",alarm; resulting in the robbers escaping with stolen ship stores.,NA,NA,NA,NA,2013-05-27,2013,135,8490,Egyptian Exclusive Economic Zone,200NM,3868,Egypt,3868,Egypt,EGY,0,NA,0,NA,NA,0,NA,0,NA,NA,31.149135591,30.4508234116,243230.486587,8490
2013-161,56,ROBBERS,TANKER B ELEPHANT,NA,"EGYPT:On 23 May, the anchored tanker B ELEPHANT was boarded at 31-12N 029-42E, at the Alexandria Waiting Area Anchorage. When the crew noticed the forecastle door and rope hatch opened, they discovered some of the ship's equipment and stores had been",stolen. The theft likely occurred sometime during the night. The thieves likely boarded via anchor chain.,NA,NA,NA,NA,2013-05-23,2013,135,8490,Egyptian Exclusive Economic Zone,200NM,3868,Egypt,3868,Egypt,EGY,0,NA,0,NA,NA,0,NA,0,NA,NA,31.149135591,30.4508234116,243230.486587,8490
2013-153,56,ROBBERS,CHEMICAL TANKER GANDHI,NA,"EGYPT:On 18 May, the anchored chemical tanker GANDHI was boarded in the vicinity of 31-13N 029-45E, at the Alexandria Waiting Anchorage. Duty officer on board noticed a robber lowering ship's stores into a waiting boat. The alarm was raised and crew","mustered. Upon seeing crew alertness, the robber escaped with his accomplices. Port control informed.",NA,NA,NA,NA,2013-05-18,2013,135,8490,Egyptian Exclusive Economic Zone,200NM,3868,Egypt,3868,Egypt,EGY,0,NA,0,NA,NA,0,NA,0,NA,NA,31.149135591,30.4508234116,243230.486587,8490
2013-24,56,SUSPICIOUS CRAFT,PASSENGER VESSEL,NA,"EGYPT:On 28 January, a passenger vessel being reported as ISLAND OF RHODES was fired upon at 31-15N 032-18E, at Port Said. The Greek-owned vessel came under fire from unknown persons during a regular inspection by the Consular Harbor Master. It should be","noted that there is tension in Port Said following the court decision on the soccer tragedy that resulted in over 70 deaths. As soon as the ship came under fire, it left the port. All passengers and crew are safe, as is the Consular Harbor Master who was",carrying out the inspection.,NA,NA,NA,2013-01-28,2013,135,8490,Egyptian Exclusive Economic Zone,200NM,3868,Egypt,3868,Egypt,EGY,0,NA,0,NA,NA,0,NA,0,NA,NA,31.149135591,30.4508234116,243230.486587,8490
2012-279,56,PIRATES,BULK CARRIER,NA,"EGYPT:Bulk carrier boarded on 15 September near 31-11N 29-46E, Alexandria. An unknown number of robbers boarded the vessel while at anchor. Crewmember discovered and confronted the robbers and sounded the alarm. Upon seeing the crewmembers approaching,",the robbers fled the vessel but were able to steal a life raft. Alexandria port officials were notified of the incident.,NA,NA,NA,NA,2012-09-15,2012,135,8490,Egyptian Exclusive Economic Zone,200NM,3868,Egypt,3868,Egypt,EGY,0,NA,0,NA,NA,0,NA,0,NA,NA,31.149135591,30.4508234116,243230.486587,8490
2012-227,56,PIRATES,BULK CARRIER,NA,"EGYPT:Bulk carrier was robbed on 21 July at 31-09N 029-48E, El Dekheila Port. Six robbers in two boats approached the berthed vesel during cargo operations. Without boarding, the robbers cut and escaped with four mooring line eyes. The vessel remained",alongside and the crewmembers were able to re-moor the vessel. Port authorities were informed.,NA,NA,NA,NA,2012-07-21,2012,135,8490,Egyptian Exclusive Economic Zone,200NM,3868,Egypt,3868,Egypt,EGY,0,NA,0,NA,NA,0,NA,0,NA,NA,31.149135591,30.4508234116,243230.486587,8490
2012-195,56,PIRATES,BULK CARRIER,NA,"EGYPT:Bulk carrier boarded on 10 June at 31:13 N - 029:42 E, El Dekheila Anchorage, Egypt. An anchored bulk carrier was boarded by robbers via the hawse pipe by forcibly removing the secured anchor chain cover. The portside watertight door padlock was","broken and the contents from the port life raft were stolen. The alarm was raised when D/O noticed that the portside watertight door was partly opened and duty A/B and boatswain investigated. After hearing the alarm, the robbers escaped in a small boat",with the stolen stores.,NA,NA,NA,2012-06-10,2012,135,8490,Egyptian Exclusive Economic Zone,200NM,3868,Egypt,3868,Egypt,EGY,0,NA,0,NA,NA,0,NA,0,NA,NA,31.149135591,30.4508234116,243230.486587,8490
2012-184,56,PIRATES,BULK CARRIER,NA,EGYPT:Bulk Carrier was boarded on 25 May while at anchor at El Dekheila Outer Anchorage. A fishing boat was seen dropping anchor stern of a bulk carrier at anchor. The duty deckhand remained near the stern during his watch. Later the C/O noticed two,"robbers armed with knives near the forecastle lowering ship stores. Seeing the robbers with the knives, the crew waited until the pirates had departed before going forward to investigate. It was noticed that the hawse pipe cover was removed and the paint",store padlock was cut using a hacksaw blade.,NA,NA,NA,2012-05-25,2012,135,8490,Egyptian Exclusive Economic Zone,200NM,3868,Egypt,3868,Egypt,EGY,0,NA,0,NA,NA,0,NA,0,NA,NA,31.149135591,30.4508234116,243230.486587,8490
2017-43,57,Pirates,Tanker,NA,"NIGERIA:On 19 February, armed pirates in a speedboat boarded an underway asphalt tanker near position 05-12N 004-48E, 33 nm west-southwest of Forcados. Alarm was raised, SSAS activated and all crew retreated to the citadel. Incident reported to the IMB","Piracy Reporting Centre which contacted the Nigerian Navy and requested assistance. Two naval vessels were dispatched to assist the vessel. The pirates damaged ship¿s equipment, stole ship's properties, and escaped before the naval teams boarded the",vessel to rescue the crew. All crew are safe.,NA,NA,NA,2017-02-19,2017,166,8474,Nigerian Exclusive Economic Zone,200NM,2253,Nigeria,2253,Nigeria,NGA,0,NA,0,NA,NA,0,NA,0,NA,NA,4.82278332072,4.08512461991,179050.962041,8474
2017-53,57,Robbers,Offshore Supply Vessel,NA,"CONGO:On 09 February, duty crewman onboard a supply vessel anchored near position04-45S 011-49E, Pointe Noire Anchorage noticed a small boat alongside near the bow and informed the duty officer. Alarm was raised and crew was mustered. Seeing the crew","alertness, the robbers escaped with stolen ship's properties.",NA,NA,NA,NA,2017-02-09,2017,38,8394,Congolese Exclusive Economic Zone,200NM,8633,Republic of the Congo,8633,Republic of the Congo,COG,0,NA,0,NA,NA,0,NA,0,NA,NA,10.5957743479,-5.33647579774,33806.6828524,8394
2017-33,57,Pirates,Vessel,NA,"NIGERIA:On 07 February at 1936Z, a vessel was attacked in 03-31N 007-04E.",NA,NA,NA,NA,NA,2017-02-07,2017,166,8474,Nigerian Exclusive Economic Zone,200NM,2253,Nigeria,2253,Nigeria,NGA,0,NA,0,NA,NA,0,NA,0,NA,NA,4.82278332072,4.08512461991,179050.962041,8474
2017-34,57,Pirates,LPG Tanker,NA,"NIGERIA:On 07 February at 1904Z, a LPG tanker was boarded by pirates in 04-03.2N 007-13.5E. 21 members went into the citadel and the remaining four crew members are missing. The Nigerian Navy has been notified.Update:NIGERIA:On 08 February, the Nigerian","Navy intercepted the oil tanker GAZ PROVIDENCE that had been seized earlier by pirates near Bonny Island, and its crew kidnapped. The navy intercepted the vessel in the Atlantic and freed its crew of 21.",NA,NA,NA,NA,2017-02-07,2017,166,8474,Nigerian Exclusive Economic Zone,200NM,2253,Nigeria,2253,Nigeria,NGA,0,NA,0,NA,NA,0,NA,0,NA,NA,4.82278332072,4.08512461991,179050.962041,8474
2017-32,57,Pirates,Vessel,NA,"NIGERIA:On 05 February at 1024Z, a vessel was attacked in 03-58.6N 005-28.6E. The general cargo ship BBC CARIBBEAN was attacked by pirates at position at the Pennington Oil Terminal, off of Bayelsa. Eight crewmen, seven Russians and one Ukrainian, were","kidnapped off the vessel by pirates armed with automatic weapons.UPDATE: On 06 March, seven Russian sailors and one Ukrainian national, who were kidnapped last month off the coast of Nigeria, have been freed, a spokesman for the Nigerian Navy said during",a press conference.,NA,NA,NA,2017-02-05,2017,166,8474,Nigerian Exclusive Economic Zone,200NM,2253,Nigeria,2253,Nigeria,NGA,0,NA,0,NA,NA,0,NA,0,NA,NA,4.82278332072,4.08512461991,179050.962041,8474
2017-10,57,Robbers,Tanker,NA,"NIGERIA:On 15 December, eight robbers in a skiff approach and attempted to board an anchored tanker using a long ladder, near position 04-21N 008-26E, Qua Iboe Anchorage. Duty officer on the bridge noticed the attempt and informed the Master. Alarm was","raised and crew mustered in the accommodation area. Master requested immediate assistance from the local Naval Security patrol boat. Upon seeing the approaching patrol boat, the robbers aborted the attempted boarding and moved away.",NA,NA,NA,NA,2016-12-15,2016,167,8475,Cameroonian Exclusive Economic Zone,200NM,2170,Cameroon,2170,Cameroon,CMR,0,NA,0,NA,NA,0,NA,0,NA,NA,9.31100269891,3.46271367413,15140.979128,8475
2016-312,57,Robbers,Offshore Supply Vessel,NA,"NIGERIA:On 13 December, bandits attacked the offshore supply vessel CHILOSCO near position 03-45N 006-10E, 29 nm south of Brass.",NA,NA,NA,NA,NA,2016-12-13,2016,166,8474,Nigerian Exclusive Economic Zone,200NM,2253,Nigeria,2253,Nigeria,NGA,0,NA,0,NA,NA,0,NA,0,NA,NA,4.82278332072,4.08512461991,179050.962041,8474
2017-11,57,Robbers,Product Tanker,NA,"NIGERIA:On 12 December, three robbers in a small speed boat attempted to board an anchored product tanker using ropes, near position 06-18N 003-21E, Lagos Anchorage. Alarm was raised and crew was mustered in the accommodation. The armed security team",onboard fired warning shots resulting in the robbers aborting the attempted attack and moved away. Local authorities informed.,NA,NA,NA,NA,2016-12-12,2016,166,8474,Nigerian Exclusive Economic Zone,200NM,2253,Nigeria,2253,Nigeria,NGA,0,NA,0,NA,NA,0,NA,0,NA,NA,4.82278332072,4.08512461991,179050.962041,8474
2016-313,57,Pirates,Tanker,NA,"NIGERIA:On 10 December, the product tanker SOCHIMA was attacked by pirates in Gulf of Guinea, 40 nautical miles south of Brass, Nigeria. The vessel was approached by speedboat with armed men, who tried to board the vessel and take control. The Nigeria","Navy security team aboard of the product tanker thwarted the pirate attack. The speedboat fled away and abandoned the attack, while the crew of the cargo vessel SOCHIMA reported the incident to the local authorities.",NA,NA,NA,NA,2016-12-10,2016,166,8474,Nigerian Exclusive Economic Zone,200NM,2253,Nigeria,2253,Nigeria,NGA,0,NA,0,NA,NA,0,NA,0,NA,NA,4.82278332072,4.08512461991,179050.962041,8474
2016-305,57,Robbers,Product Tanker,NA,"ANGOLA:On 01 December, two robbers boarded an anchored product tanker near position08-44S 013-17E, Luanda anchorage. Alarm was raised and crew was mustered. Seeing the crew alertness, the robbers escaped with stolen ship's properties.",NA,NA,NA,NA,NA,2016-12-01,2016,39,8478,Angolan Exclusive Economic Zone,200NM,2150,Angola,2150,Angola,AGO,0,NA,0,NA,NA,0,NA,0,NA,NA,11.0353708514,-11.701097795,495861.858053,8478
2016-286,57,Suspicious Approach,Cargo Vessel,NA,"NIGERIA:On 19 November, Singapore flagged MAERSK COTONOU was approached by a speedboat with eight armed men in vicinity 04-01N 007-03E, 25 NM South of Bonny. The alarm was raised and the ship managed to evade the boat using speed and maneuvering.",NA,NA,NA,NA,NA,2016-11-29,2016,166,8474,Nigerian Exclusive Economic Zone,200NM,2253,Nigeria,2253,Nigeria,NGA,0,NA,0,NA,NA,0,NA,0,NA,NA,4.82278332072,4.08512461991,179050.962041,8474
2016-304,57,Pirates,Vessel,NA,NIGERIA:A M/V was hijacked on 29 November at 0900Z in 04-37N 003-40E.,NA,NA,NA,NA,NA,2016-11-29,2016,166,8474,Nigerian Exclusive Economic Zone,200NM,2253,Nigeria,2253,Nigeria,NGA,0,NA,0,NA,NA,0,NA,0,NA,NA,4.82278332072,4.08512461991,179050.962041,8474
2016-301,57,Pirates,Cargo Vessel,NA,"BENIN:On 27 November, pirates boarded the refrigerated cargo ship SARONIC BREEZE near position 05-04N 002-37E, 70 nm south of Cotonou. The pirates maintained control of the ship until 29 November when they left the ship, taking 3 crewmen as hostages.",NA,NA,NA,NA,NA,2016-11-27,2016,165,8393,Beninese Exclusive Economic Zone,200NM,2139,Benin,2139,Benin,BEN,0,NA,0,NA,NA,0,NA,0,NA,NA,2.42123297004,4.84154943849,35528.368644,8393
2016-303,57,Pirates,Vessel,NA,CONGO:A M/V was attacked in 04-44.4S 011-47.2E on 24 November at 2156Z.,NA,NA,NA,NA,NA,2016-11-24,2016,38,8394,Congolese Exclusive Economic Zone,200NM,8633,Republic of the Congo,8633,Republic of the Congo,COG,0,NA,0,NA,NA,0,NA,0,NA,NA,10.5957743479,-5.33647579774,33806.6828524,8394
2016-292,57,Pirates,Tanker,NA,"NIGERIA:On 23 November at 0530 LT in 03-35.4N 005-13.6E, pirates with automatic weapons approached and fired upon an underway tanker. The alarm was raised, SSAS activated, crew alerted and the on board security team opened fire. Pirates boarded the","tanker using a ladder and all crew retreated to the citadel. After two hours, the pirates left the tanker. Vessel sustained damage to the superstructure due to the firing. All crew are safe with no injuries. One pirate reported killed.",NA,NA,NA,NA,2016-11-23,2016,166,8474,Nigerian Exclusive Economic Zone,200NM,2253,Nigeria,2253,Nigeria,NGA,0,NA,0,NA,NA,0,NA,0,NA,NA,4.82278332072,4.08512461991,179050.962041,8474
2016-302,57,Pirates,Vessel,NA,"NIGERIA:On 20 November at 0420Z in 06-19N 003-18E, pirates attempted to board an underway vessel.",NA,NA,NA,NA,NA,2016-11-20,2016,166,8474,Nigerian Exclusive Economic Zone,200NM,2253,Nigeria,2253,Nigeria,NGA,0,NA,0,NA,NA,0,NA,0,NA,NA,4.82278332072,4.08512461991,179050.962041,8474
2016-264,57,Pirates,Bulk Carrier,NA,"NIGERIA:On 05 November, Nigerian authorities were alerted to a possible pirate attack against bulk carrier COLUMBIA RIVER, in the Lagos Outer Anchorage, vicinity 06-20N 003-23E. The Nigerian Navy sent a ship, NNS KARADUWA, to investigate. They found 16","men, 15 Nigerians, and one Liberian who had stowed away aboard the ship, bound for the US. The stowaways are in custody and will be handed over to the Nigerian Immigration Service for further action.",NA,NA,NA,NA,2016-11-05,2016,166,8474,Nigerian Exclusive Economic Zone,200NM,2253,Nigeria,2253,Nigeria,NGA,0,NA,0,NA,NA,0,NA,0,NA,NA,4.82278332072,4.08512461991,179050.962041,8474
2016-263,57,Robbres,LPG Tanker,NA,"GHANA:On 03 November, an unknown number of robbers boarded an anchored LPG tanker near position 04-52N 001-39W, Takoradi Anchorage. The duty watchmen noticed one robber on the poop deck and raised the alarm. Seeing the alerted crew, the robbers escaped",in a small boat with stolen ship's stores. Port control informed.,NA,NA,NA,NA,2016-11-03,2016,226,8400,Ghanaian Exclusive Economic Zone,200NM,2100,Ghana,2100,Ghana,GHA,0,NA,0,NA,NA,0,NA,0,NA,NA,-0.847226823817,3.50286659343,227218.059083,8400
2016-259,57,Suspicious Approach,Product Tanker,NA,"NIGERIA:On 25 October, a product tanker underway near position 06-15N 003-21E, 15.7 nm south of Lagos was approached by two suspicious speed boats. The vessel raised an alarm, and the crew mustered in the safe area. A Nigerian Navy patrol boat responded",to the call and chased the suspicious boats away.,NA,NA,NA,NA,2016-10-25,2016,166,8474,Nigerian Exclusive Economic Zone,200NM,2253,Nigeria,2253,Nigeria,NGA,0,NA,0,NA,NA,0,NA,0,NA,NA,4.82278332072,4.08512461991,179050.962041,8474
2016-257,57,Pirates,Tanker,NA,"NIGERIA:Early during the week of 17 - 21 October, pirates attempted to board the tanker VAJARA in the Ramos River area of Delta State, vicinity 05-21.2N 005-12.4E. Fire was exchanged between Nigerian authorities and the pirates. The attempt to board was",unsuccessful.,NA,NA,NA,NA,2016-10-17,2016,166,8474,Nigerian Exclusive Economic Zone,200NM,2253,Nigeria,2253,Nigeria,NGA,0,NA,0,NA,NA,0,NA,0,NA,NA,4.82278332072,4.08512461991,179050.962041,8474
2016-236,57,Robbers,Vessel,NA,"NIGERIA:On 7 October, three sea robbers were arrested for robbing four women in a boat in the creeks around Ataba, vicinity 04-25.6N 007-20.6E. The robbers stole money and handsets from the victims.",NA,NA,NA,NA,NA,2016-10-07,2016,166,8474,Nigerian Exclusive Economic Zone,200NM,2253,Nigeria,2253,Nigeria,NGA,0,NA,0,NA,NA,0,NA,0,NA,NA,4.82278332072,4.08512461991,179050.962041,8474
2016-244,57,Pirates,Chemical Tanker,NA,"NIGERIA:On 16 September, while en route from Port Harcourt to Lagos, 12 pirates armed with guns approached a chemical tanker near position 03-52N 005-20E, 44 nm southwest of Bayelsa. One pirate boarded the vessel and heaved up two aluminum ladders to","assist the others to board. Seeing movement on the deck the duty officer raised the alarm, made an announcement on the PA and all non-essential crew members mustered in a safe room. Master activated the SSAS, sent distress message and informed the armed","naval guard force onboard the ship. As the pirate boat tried to come alongside and make fast to the tanker, the master and the naval commander onboard decided to fire warning shots. The pirates returned fire. After an exchange of fire for 30 minutes the",pirates aborted and moved away. At daybreak a search was carried out and no pirates were found onboard. The superstructure and deck of the vessel sustained some damage due to the firing. No injuries to the crew or the naval guards reported.,NA,NA,2016-09-16,2016,166,8474,Nigerian Exclusive Economic Zone,200NM,2253,Nigeria,2253,Nigeria,NGA,0,NA,0,NA,NA,0,NA,0,NA,NA,4.82278332072,4.08512461991,179050.962041,8474
2016-218,57,Robbers,Tanker,NA,"NIGERIA:On 16 September at approximately 2:50am, suspected sea robbers attempted to board tanker HANZE KOCHI vicinity 03-28N 005-59W, 50 nm off Bayelsa State, Nigeria. Due to naval personnel engagement, the sea robbers were not able to board the ship.",NA,NA,NA,NA,NA,2016-09-16,2016,119,8473,Ivory Coast Exclusive Economic Zone,200NM,2161,Ivory Coast,2161,Ivory Coast,CIV,0,NA,0,NA,NA,0,NA,0,NA,NA,-5.4494860846,3.30806149919,172015.188351,8473
2016-245,57,Robbers,Offshore Supply Vessel,NA,"CONGO:On 12 September, an unknown number of robbers boarded an anchored offshore supply ship near position 04-45S 011-50E, Pointe Noire Inner Anchorage. The robbers stole the rescue boat outboard motor. The theft was discovered by the duty bosun during",routine rounds and reported to the bridge. Alarm raised and a search was carried out. It was reported that footprints were found around the rescue boat area and the forecastle deck.,NA,NA,NA,NA,2016-09-12,2016,38,8394,Congolese Exclusive Economic Zone,200NM,8633,Republic of the Congo,8633,Republic of the Congo,COG,0,NA,0,NA,NA,0,NA,0,NA,NA,10.5957743479,-5.33647579774,33806.6828524,8394
2016-189,57,Pirates,Cargo Vessel,NA,"NIGERIA:On 17 August at 1327 LT, nine pirates in a wooden speedboat approached and boarded an underway cargo vessel. Alarm raised and all crew retreated to the citadel. Pirates departed by the time the Nigerian Navy boarded the vessel. All crew safe.",NA,NA,NA,NA,NA,2016-08-17,2016,166,8474,Nigerian Exclusive Economic Zone,200NM,2253,Nigeria,2253,Nigeria,NGA,0,NA,0,NA,NA,0,NA,0,NA,NA,4.82278332072,4.08512461991,179050.962041,8474
2016-187,57,Robbers,Product Tanker,NA,"NIGERIA:On 13 August vicinity 06-26N 003-22E, two robbers boarded a berthed product tanker in Apapa, Lagos. Duty crew noticed the robbers and informed the bridge who raised the alarm and sounded the fog horn. Hearing the alarm, the robbers escaped in",their boat. Thorough search of the ship was carried out. Nothing reported stolen.,NA,NA,NA,NA,2016-08-13,2016,166,8474,Nigerian Exclusive Economic Zone,200NM,2253,Nigeria,2253,Nigeria,NGA,0,NA,0,NA,NA,0,NA,0,NA,NA,4.82278332072,4.08512461991,179050.962041,8474
2016-181,57,Robbers,Bulk Carrier,NA,"CONGO:On 7 August, two robbers boarded an anchored bulk carrier near position 04-44S 011-46E, Pointe Noire Outer Anchorage. The robbers broke into the bosun store room, which triggered an alarm on the bridge. Duty officer raised the alarm and alerted the","piracy watch crew members who started making their way towards the bow of the ship. Seeing the alerted crew, the two robbers escaped with two accomplices waiting in the boat. Upon investigation, nothing reported stolen.",NA,NA,NA,NA,2016-08-07,2016,38,8394,Congolese Exclusive Economic Zone,200NM,8633,Republic of the Congo,8633,Republic of the Congo,COG,0,NA,0,NA,NA,0,NA,0,NA,NA,10.5957743479,-5.33647579774,33806.6828524,8394
2016-176,57,Pirates,Vessel,NA,"GHANA:On 28 July at 0350Z, vessel attacked in 04-54N 001-41E.",NA,NA,NA,NA,NA,2016-07-28,2016,147,8392,Togolese Exclusive Economic Zone,200NM,8632,Togo,8632,Togo,TGO,0,NA,0,NA,NA,0,NA,0,NA,NA,1.82134961928,4.6394919934,15439.2618032,8392
2016-178,57,Robbers,Tug,NA,"GHANA:On 26 July at 0338 LT vicinity 04-57N 001-42W, at Sekondi naval berth in Takoradi, a robber armed with a knife in a small boat boarded a berthed tug. The deck crew noticed the robber and raised the alarm. Seeing the approaching crew, the robber",escaped. Search was conducted and ship's property reported stolen. Port control informed.,NA,NA,NA,NA,2016-07-26,2016,226,8400,Ghanaian Exclusive Economic Zone,200NM,2100,Ghana,2100,Ghana,GHA,0,NA,0,NA,NA,0,NA,0,NA,NA,-0.847226823817,3.50286659343,227218.059083,8400
2016-162,57,Pirates,Barge,NA,"CONGO:On 17 July at 0245LT in 04-47.0S 011-47.9E, at pointe noire anchorage, a robber boarded an anchored pipe laying barge. Duty crew on routine rounds noticed the robber and informed the bridge. Alarm raised and crew mustered. Seeing the crew","alertness, the robber jumped overboard and escaped. Incident reported to port control.",NA,NA,NA,NA,2016-07-17,2016,38,8394,Congolese Exclusive Economic Zone,200NM,8633,Republic of the Congo,8633,Republic of the Congo,COG,0,NA,0,NA,NA,0,NA,0,NA,NA,10.5957743479,-5.33647579774,33806.6828524,8394
2016-160,57,Pirates,Vessel,NA,NIGERIA:On 16 July at 0230Z vessel attacked in 01-00N 006-00E.,NA,NA,NA,NA,NA,2016-07-16,2016,168,8397,Sao Tome and Principe Exclusive Economic Zone,200NM,2238,Sao Tome and Principe,2238,Sao Tome and Principe,STP,0,NA,0,NA,NA,0,NA,0,NA,NA,6.35334522867,0.779096486722,130840.024661,8397
2016-155,57,Robbers,Product Tanker,NA,"NIGERIA:On 08 July at 2220 LT in 06-25N 003-22E, at Folawiyo Nispan jetty in Lagos, a robber armed with a knife boarded a berthed product tanker. Duty office raised the alarm, sounded the whistle and crew mustered. Upon hearing alarm and seeing crew","alertness, robbers escaped empty handed. Port authority informed through local agents.",NA,NA,NA,NA,2016-07-08,2016,166,8474,Nigerian Exclusive Economic Zone,200NM,2253,Nigeria,2253,Nigeria,NGA,0,NA,0,NA,NA,0,NA,0,NA,NA,4.82278332072,4.08512461991,179050.962041,8474
2016-153,57,Pirates,Supply Ship,NA,"NIGERIA:On 07 July at 1400Z, supply ship attacked in 03-15N 005-10E.",NA,NA,NA,NA,NA,2016-07-07,2016,166,8474,Nigerian Exclusive Economic Zone,200NM,2253,Nigeria,2253,Nigeria,NGA,0,NA,0,NA,NA,0,NA,0,NA,NA,4.82278332072,4.08512461991,179050.962041,8474
2016-146,57,Pirates,Tanker,NA,"NIGERIA:On 07 July at 0650Z in 03-16N 005-09E, about 89 NM SW of Brass, armed pirates boarded an underway tanker. Alarm raised and all crew retreated to citadel. Crew regained control of the vessel. All crew members reported safe. Vessel continued onto",destination.,NA,NA,NA,NA,2016-07-07,2016,166,8474,Nigerian Exclusive Economic Zone,200NM,2253,Nigeria,2253,Nigeria,NGA,0,NA,0,NA,NA,0,NA,0,NA,NA,4.82278332072,4.08512461991,179050.962041,8474
2016-173,57,Pirates,Offshore Supply Vessel,NA,"NIGERIA:On 07 July at 1430Z in 03-05N 004-53E, around 98 NM SW of Baylesa, three pirates armed with guns fired upon and boarded an underway offshore supply vessel. Alarm raised, distress alert activated and crew retreated to the citadel. Pirates",kidnapped five crew members and escaped with crew personal belongings. One crew member injured during the incident. Authorities notified.,NA,NA,NA,NA,2016-07-07,2016,166,8474,Nigerian Exclusive Economic Zone,200NM,2253,Nigeria,2253,Nigeria,NGA,0,NA,0,NA,NA,0,NA,0,NA,NA,4.82278332072,4.08512461991,179050.962041,8474
2016-152,57,Pirates,Vessel,NA,"NIGERIA:On 07 July at 0727Z, pirates attacked vessel in 03-18N 005-11E.",NA,NA,NA,NA,NA,2016-07-07,2016,166,8474,Nigerian Exclusive Economic Zone,200NM,2253,Nigeria,2253,Nigeria,NGA,0,NA,0,NA,NA,0,NA,0,NA,NA,4.82278332072,4.08512461991,179050.962041,8474
2016-135,57,Robbers,Tanker,NA,"ANGOLA:On 13 June at 2145 LT in 08-44.7S 013-17.9E, at Luanda anchorage, a robber boarded an anchored tanker and transferred ship's stores into his boat. Alarm sounded and the crew were able to detain the robber. Port officials and local police were",informed and the robber arrested.,NA,NA,NA,NA,2016-06-13,2016,39,8478,Angolan Exclusive Economic Zone,200NM,2150,Angola,2150,Angola,AGO,0,NA,0,NA,NA,0,NA,0,NA,NA,11.0353708514,-11.701097795,495861.858053,8478
2016-128,57,Suspicious Approach,Tanker,NA,"BENIN: On 06 June, an oil tanker underway near position 05-22N 002-24E, approximately 60 nm south of Cotonou, reported that a mother ship and a skiff chased them. The mothership, with an additional skiff on deck, was reportedly 60 meters long with a grey","hull. The tanker used extensive maneuvering, water cannon and foghorn blasts; the skiff reportedly quit the chase after 20 minutes.",NA,NA,NA,NA,2016-06-06,2016,165,8393,Beninese Exclusive Economic Zone,200NM,2139,Benin,2139,Benin,BEN,0,NA,0,NA,NA,0,NA,0,NA,NA,2.42123297004,4.84154943849,35528.368644,8393
2016-115,57,Robbers,Product Tanker,NA,"TOGO:On 11 May, seven robbers in a wooden boat approached an anchored product tanker, with one robber getting aboard the tanker near position 06-05N 001-15E, Lome Anchorage. Alert crew noticed the robbers and informed the duty officer who in turn raised","the alarm and mustered the crew. Upon hearing the alarm and seeing the crew¿s alertness, the robber escaped empty-handed with his accomplices. Togo Navy informed.",NA,NA,NA,NA,2016-05-11,2016,147,8392,Togolese Exclusive Economic Zone,200NM,8632,Togo,8632,Togo,TGO,0,NA,0,NA,NA,0,NA,0,NA,NA,1.82134961928,4.6394919934,15439.2618032,8392
2016-114,57,Robbers,Product Tanker,NA,"TOGO:On 11 May at 0131Z in 06-05.7N 001-15.0E, at Lome anchorage, seven robbers in a wooden boat approached an anchored product tanker. One robber managed to board the tanker using a manrope. Alert crew noticed the robbers and notified the duty officer","who raised the alarm and crew mustered. Upon hearing the alarm, the robbers escaped empty handed in their boat. Togo navy informed.",NA,NA,NA,NA,2016-05-11,2016,147,8392,Togolese Exclusive Economic Zone,200NM,8632,Togo,8632,Togo,TGO,0,NA,0,NA,NA,0,NA,0,NA,NA,1.82134961928,4.6394919934,15439.2618032,8392
2016-97,57,Pirates,Tanker,NA,"NIGERIA:On 07 May at 1500Z in 03-42N 005-10E, around 58nm SW of Baylesa, pirates with automatic weapons approached, fired upon and attempted to board an underway tanker. Master raised the alarm and took evasive maneuvers. The crew mustered in the",citadel. The armed guard onboard exchanged fire resulting in the pirates aborting the attack. All crew reported safe.,NA,NA,NA,NA,2016-05-07,2016,166,8474,Nigerian Exclusive Economic Zone,200NM,2253,Nigeria,2253,Nigeria,NGA,0,NA,0,NA,NA,0,NA,0,NA,NA,4.82278332072,4.08512461991,179050.962041,8474
2016-104,57,Pirates,Tanker,NA,"NIGERIA:On 5 May, armed pirates in a speed boat chased and fired upon a tanker underway near position 03-53N 005-36E, 34 nm SW of the Bayelsa coast. Ship's Master made loudspeaker announcement and all crew was mustered on the bridge. Attack was aborted",due to presence of navy personnel onboard and anti-piracy measures used by the ship.,NA,NA,NA,NA,2016-05-05,2016,166,8474,Nigerian Exclusive Economic Zone,200NM,2253,Nigeria,2253,Nigeria,NGA,0,NA,0,NA,NA,0,NA,0,NA,NA,4.82278332072,4.08512461991,179050.962041,8474
2016-96,57,Pirates,Tanker,NA,"NIGERIA:On 05 May at 1552Z in 03-50.9N 005-24.9E, around 43 nm SW of Baylesa, pirates in two speed boats chased and fired upon an underway tanker. Attack was aborted due to presence of Naval personnel and anti-piracy measures.",NA,NA,NA,NA,NA,2016-05-05,2016,166,8474,Nigerian Exclusive Economic Zone,200NM,2253,Nigeria,2253,Nigeria,NGA,0,NA,0,NA,NA,0,NA,0,NA,NA,4.82278332072,4.08512461991,179050.962041,8474
2016-94,57,Pirates,Tanker,NA,"On 05 May at 0226Z in 03-54N 005-32E, around 36 nm SW of Baylesa, armed pirates chased and fired upon an underway tanker. Pirates aborted attempt after anti piracy measures were performed.",NA,NA,NA,NA,NA,2016-05-05,2016,166,8474,Nigerian Exclusive Economic Zone,200NM,2253,Nigeria,2253,Nigeria,NGA,0,NA,0,NA,NA,0,NA,0,NA,NA,4.82278332072,4.08512461991,179050.962041,8474
2016-107,57,Militants,Offshore Oil Facility,NA,"NIGERIA:On 5 May, militants attacked the Okan offshore oil facility, vicinity 05-30N 005-00E, located in the Escravos Bay in the Niger Delta region. A group known as the Niger Delta Avengers has claimed responsibility for the attack. The facility has",been temporarily shut down as damage is being assessed.,NA,NA,NA,NA,2016-05-05,2016,166,8474,Nigerian Exclusive Economic Zone,200NM,2253,Nigeria,2253,Nigeria,NGA,0,NA,0,NA,NA,0,NA,0,NA,NA,4.82278332072,4.08512461991,179050.962041,8474
2016-93,57,Pirates,Tanker,NA,"On 04 May at 0020 LT in 03-54.1N 005-17.6E, around 44 nm SW of Baylesa, armed pirates approached, fired upon and attempted to board an underway tanker. Armed guards aboard the tanker exchanged fire resulting in the pirates aborting the attack. All crew",reported safe.,NA,NA,NA,NA,2016-05-04,2016,166,8474,Nigerian Exclusive Economic Zone,200NM,2253,Nigeria,2253,Nigeria,NGA,0,NA,0,NA,NA,0,NA,0,NA,NA,4.82278332072,4.08512461991,179050.962041,8474
2016-89,57,Pirates,Tanker,NA,"NIGERIA:On 28 April at 1112 LT in 03-56N 004-43E, around 67 nm SW of Baylesa, pirates in a speed boat approached and opened fire on an underwent tanker. Alarm was raised, crew mustered and SSAS was activated. Master performed evasive maneuvers while",onboard security team returned fire. Pirates aborted the attack. All crew safe.,NA,NA,NA,NA,2016-04-28,2016,166,8474,Nigerian Exclusive Economic Zone,200NM,2253,Nigeria,2253,Nigeria,NGA,0,NA,0,NA,NA,0,NA,0,NA,NA,4.82278332072,4.08512461991,179050.962041,8474
2016-85,57,Suspicious Approach,Tanker,NA,"NIGERIAOn 28 April, a speedboat made a suspicious pass against an anchored tanker near position 04-19N 004-26E, vicinity of Bonga Oil Platform. Armed guards on the vessel fired warning shots and the speedboat moved away.",NA,NA,NA,NA,NA,2016-04-28,2016,166,8474,Nigerian Exclusive Economic Zone,200NM,2253,Nigeria,2253,Nigeria,NGA,0,NA,0,NA,NA,0,NA,0,NA,NA,4.82278332072,4.08512461991,179050.962041,8474
2016-92,57,Pirates,Offshore Supply Vessel,NA,"NIGERIA:On 20 April at 0430Z in 03-39N 006-50E, around 39 nm SSW of Brass, pirates attacked and boarded an underway offshore supply vessel. Crew retreated to the citadel. Pirates escaped before Nigerian Navy boarded vessel. All crew reported safe.",NA,NA,NA,NA,NA,2016-04-20,2016,166,8474,Nigerian Exclusive Economic Zone,200NM,2253,Nigeria,2253,Nigeria,NGA,0,NA,0,NA,NA,0,NA,0,NA,NA,4.82278332072,4.08512461991,179050.962041,8474
2016-76,57,Pirates,Offshore Supply Vessel,NA,"NIGERIA:On 20 April at 0530 LT, an offshore supply vessel reported being attacked and boarded near position; 03-39N 006-08E, 39 nm SW of Brass. Alarm was raised and all but two crew members on board went to citadel. The Nigerian Navy boarded the ship for",a search of the vessel. All crew reported safe.,NA,NA,NA,NA,2016-04-20,2016,166,8474,Nigerian Exclusive Economic Zone,200NM,2253,Nigeria,2253,Nigeria,NGA,0,NA,0,NA,NA,0,NA,0,NA,NA,4.82278332072,4.08512461991,179050.962041,8474
2016-77,57,Pirates,Tanker,NA,"NIGERIA:On 19 April at 1815 LT, a tanker reported that it was approached by a small boat near position 03-53N 005-22E, while transiting from Calabar, Nigeria, to Lome, Togo. The small craft approached from the starboard quarter and later came alongside",the port side in an attempt to board. Seven persons were observed in the boat with automatic rifles. The vessel was in ballast condition with high freeboard and razor wire fixed all around. The alarm was raised and fire hoses pressurized. Ship's Master,conducted evasive maneuvers which caused the pirates to abort their mission. All crew members are safe.,NA,NA,NA,2016-04-19,2016,166,8474,Nigerian Exclusive Economic Zone,200NM,2253,Nigeria,2253,Nigeria,NGA,0,NA,0,NA,NA,0,NA,0,NA,NA,4.82278332072,4.08512461991,179050.962041,8474
2016-79,57,Pirates,Vessel,NA,NIGERIA:On 19 April a vessel reported being attacked near 03-37N 004-45E.,NA,NA,NA,NA,NA,2016-04-19,2016,166,8474,Nigerian Exclusive Economic Zone,200NM,2253,Nigeria,2253,Nigeria,NGA,0,NA,0,NA,NA,0,NA,0,NA,NA,4.82278332072,4.08512461991,179050.962041,8474
2016-83,57,Pirates,Offshore Supply Vessel,NA,"NIGERIA:On 19 April, in 03-30N 004-50E about 97 nm SW of Brass, pirates attacked and boarded an underway offshore supply vessel. The alarm was raised and crew mustered. Pirates robbed and kidnapped two crew members. All remaining crew retreated to the",citadel and ship is proceeding to port.,NA,NA,NA,NA,2016-04-19,2016,166,8474,Nigerian Exclusive Economic Zone,200NM,2253,Nigeria,2253,Nigeria,NGA,0,NA,0,NA,NA,0,NA,0,NA,NA,4.82278332072,4.08512461991,179050.962041,8474
2016-78,57,Pirates,Vessel,NA,NIGERIA:On 19 April a vessel reported being attacked near 03-03N 004-50E.,NA,NA,NA,NA,NA,2016-04-19,2016,166,8474,Nigerian Exclusive Economic Zone,200NM,2253,Nigeria,2253,Nigeria,NGA,0,NA,0,NA,NA,0,NA,0,NA,NA,4.82278332072,4.08512461991,179050.962041,8474
2016-80,57,Pirates,Tanker,NA,"NIGERIA:On 18 April, pirates attempted to board an underway tanker near position03-54N 005-38E, 31 nm southwest of Bayelsa. The armed guard onboard the tanker opened fire while the Master carried out evasive maneuvers resulting in the pirates aborting",the attack. All crew reported safe.,NA,NA,NA,NA,2016-04-18,2016,166,8474,Nigerian Exclusive Economic Zone,200NM,2253,Nigeria,2253,Nigeria,NGA,0,NA,0,NA,NA,0,NA,0,NA,NA,4.82278332072,4.08512461991,179050.962041,8474
2016-71,57,Pirates,Vessel,NA,"NIGERIA:On 11 April at 2156Z in 04-07.33N 005-24.12E, vessel attacked by pirates. Master raised the alarm and raised the SSAS alarm. Crew members assembled in the citadel. Two crew members kidnapped. Nigerian Navy boarded the vessel for the",investigation.,NA,NA,NA,NA,2016-04-11,2016,166,8474,Nigerian Exclusive Economic Zone,200NM,2253,Nigeria,2253,Nigeria,NGA,0,NA,0,NA,NA,0,NA,0,NA,NA,4.82278332072,4.08512461991,179050.962041,8474
2016-69,57,Pirates,Chemical Tanker,NA,"NIGERIA:On 11 April at 0130 LT, in 02-48.4N 006-40.9E, 118 nm SW of Port Harcout, eight pirates in a speed boat armed with rifles boarded a chemical tanker while enroute from Douala to Abidjan. The pirates stole cash, ship's property and cew belongings.",Six crew members were kidnapped but they were able to escape. No injuries were reported.,NA,NA,NA,NA,2016-04-11,2016,169,21797,Joint regime area Nigeria / Sao Tome and Principe,Joint regime,2238,Sao Tome and Principe,2238,Sao Tome and Principe,STP,2253,Nigeria,2253,Nigeria,NGA,0,NA,0,NA,NA,5.58698920142,2.06760424839,34536.3549382,21797
2016-70,57,Pirates,Tanker,NA,"NIGERIA:On 10 April at 1000 LT, in position 03-17.8N 005-31.0E, about 74 nm SW of Brass, seven pirates in a skiff approached a drifting tanker awaiting berthing instructions. The pirates attempted to board the tanker using an expandable ladder but failed","due to the high freeboard. The alarm was raised, crew mustered and all doors locked. Master notified the terminal and started towards the terminal. The pirates aborted the attack and moved away.",NA,NA,NA,NA,2016-04-10,2016,166,8474,Nigerian Exclusive Economic Zone,200NM,2253,Nigeria,2253,Nigeria,NGA,0,NA,0,NA,NA,0,NA,0,NA,NA,4.82278332072,4.08512461991,179050.962041,8474
2016-68,57,Pirates,Tanker,NA,"Nigeria:On 07 April at 0920Z in position 03-18.6N 005-23.9E, 75nm SW of Brass, seven pirates in a wooden speed boat armed with automatic weapons approached a drifing taker waiting for cargo loading instructions. The pirates attempted to board the tanker","using an aluminium ladder but failed. The general alarm was raised, SSAS alert was issued and the crew mustered. The tanker proceeded towards the terminal while being escorted by the terminal security boat.",NA,NA,NA,NA,2016-04-07,2016,166,8474,Nigerian Exclusive Economic Zone,200NM,2253,Nigeria,2253,Nigeria,NGA,0,NA,0,NA,NA,0,NA,0,NA,NA,4.82278332072,4.08512461991,179050.962041,8474
2016-66,57,Pirates,Chemical Tanker,NA,"NIGERIA:On 1 April, duty officers onboard a chemical tanker underway near position03-54N 005-41E, 41 nm southwest of Brass noticed a black speed boat approaching. Master raised the alarm, sent distress messages, took anti-piracy preventive measures and","crew members locked all entrance doors. As the boat closed, nine pirates armed with AK-47s opened fire at the tanker and attempted to board the tanker several times using ladders and grappling hook attached with a rope. All non-essential crew members",mustered in a safe room. The navy was contacted but received no response. The IMB Piracy Reporting Centre received information from the ship¿s owners and immediately informed the Nigerian Navy for assistance. Due to the hardening measures taken by the,"tanker, the pirates aborted the attempted boarding and moved away. No injuries to crew members.",NA,NA,2016-04-01,2016,166,8474,Nigerian Exclusive Economic Zone,200NM,2253,Nigeria,2253,Nigeria,NGA,0,NA,0,NA,NA,0,NA,0,NA,NA,4.82278332072,4.08512461991,179050.962041,8474
2016-60,57,Pirates,Chemical Tanker,NA,"NIGERIA:On 26 March, pirates attacked the chemical tanker SAMPATIKI near position 04-20N005-10E, approximately 30 nm from the Bayelsa coastline. The pirates ransacked the ship and kidnapped five crewmembers. On 09 May, the five hostages were reportedly",released.,NA,NA,NA,NA,2016-03-26,2016,166,8474,Nigerian Exclusive Economic Zone,200NM,2253,Nigeria,2253,Nigeria,NGA,0,NA,0,NA,NA,0,NA,0,NA,NA,4.82278332072,4.08512461991,179050.962041,8474
2016-53,57,Pirates,Tanker,NA,"NIGERIA:On 11 March, eight pirates in a boat approached an underway tanker near position 02-52N004-52E, 108 nm southwest of the Bayelsa coast. Ship's Master raised the alarm increased speed, commenced evasive maneuvers, activated SSAS, sent distress","messages and informed the shipping company. All non-essential crew members mustered in the citadel. The pirates chased the tanker and told the Master to slow down claiming to be the navy. At a distance of 50 meters, the lookout identified guns and","ladders in the boat. The Master continued with the evasive maneuvers, fired two parachute rockets and continued with the Mayday calls via VHF. Due to the hardening measures of the tanker, the pirates aborted the attempted attack and moved away. The",Nigerian Navy responded on VHF to the distress call.,NA,NA,2016-03-11,2016,166,8474,Nigerian Exclusive Economic Zone,200NM,2253,Nigeria,2253,Nigeria,NGA,0,NA,0,NA,NA,0,NA,0,NA,NA,4.82278332072,4.08512461991,179050.962041,8474
2016-54,57,Pirates,Vessel,NA,"NIGERIA:On 11 March, a vessel reported being fired upon near position 03-30N 005-02E.",NA,NA,NA,NA,NA,2016-03-11,2016,166,8474,Nigerian Exclusive Economic Zone,200NM,2253,Nigeria,2253,Nigeria,NGA,0,NA,0,NA,NA,0,NA,0,NA,NA,4.82278332072,4.08512461991,179050.962041,8474
2016-44,57,Pirates,Tanker,NA,"NIGERIA:On 5 March, ten armed pirates in a black speed boat approached and opened fire on the tanker MADONNA I near position 04-05N 006-41E, 32 nm southwest of Bonny Island. They boarded the tanker using a grappling hook and ladder. The alarm was raised","and non-essential crew members retreated to the citadel. After an hour, the pirates left the tanker with four kidnapped crewmen. The remaining crew members sailed the tanker to a safe port.",NA,NA,NA,NA,2016-03-05,2016,166,8474,Nigerian Exclusive Economic Zone,200NM,2253,Nigeria,2253,Nigeria,NGA,0,NA,0,NA,NA,0,NA,0,NA,NA,4.82278332072,4.08512461991,179050.962041,8474
2016-45,57,Pirates,Tug,NA,"NIGERIA:On 26 February, an offshore tug underway noticed a speed boat being launched from a mother vessel near position 03-51N 004-39E, 74 nm southwest of the Bayelsa coast. Five armed pirates boarded the tug. The ship's alarm and SSAS were activated.",All crew members retreated into the citadel. The pirates damaged the securing doors and entered the accommodation area. They ransacked the tug and stole the crew's personal belongings. Before leaving the vessel they destroyed all navigation and,communication equipment. The crew emerged from the citadel after 10 hours and managed to sail the vessel to a safe port.,NA,NA,NA,2016-02-26,2016,166,8474,Nigerian Exclusive Economic Zone,200NM,2253,Nigeria,2253,Nigeria,NGA,0,NA,0,NA,NA,0,NA,0,NA,NA,4.82278332072,4.08512461991,179050.962041,8474
2016-37,57,Pirates,Service Vessel,NA,"NIGERIA: On 23 February near position 02-40N 007-30E, the BOURBON LIBERTY 251 a service vessel from the French oil services company Bourbon was attacked off the coast of Nigeria. Two crew members from Nigeria and Russia were reportedly abducted.",NA,NA,NA,NA,NA,2016-02-23,2016,169,21797,Joint regime area Nigeria / Sao Tome and Principe,Joint regime,2238,Sao Tome and Principe,2238,Sao Tome and Principe,STP,2253,Nigeria,2253,Nigeria,NGA,0,NA,0,NA,NA,5.58698920142,2.06760424839,34536.3549382,21797
2016-31,57,Robbers,Merchant Vessel,NA,"NIGERIA:On 14 February, 3 small speed boats made a close-aboard approach to a merchant vessel at anchor in Lagos Port near position 06-23N 003-22E. Several persons were in each boat and they were reportedly carrying siphon hoses. The ship raised the",alarm and mustered the crew. The robbers turned away and departed the area when the ship raised the alarm.,NA,NA,NA,NA,2016-02-14,2016,166,8474,Nigerian Exclusive Economic Zone,200NM,2253,Nigeria,2253,Nigeria,NGA,0,NA,0,NA,NA,0,NA,0,NA,NA,4.82278332072,4.08512461991,179050.962041,8474
2016-32,57,Pirates,Merchant Vessel,NA,"NIGERIA:On 11 February, a merchant vessel was boarded by up to 10 pirates near position 03-36N 005-37E, 112 nm southwest of the Bonny River. The crew was able to retreat into the citadel and was reportedly safe during the incident.",NA,NA,NA,NA,NA,2016-02-11,2016,166,8474,Nigerian Exclusive Economic Zone,200NM,2253,Nigeria,2253,Nigeria,NGA,0,NA,0,NA,NA,0,NA,0,NA,NA,4.82278332072,4.08512461991,179050.962041,8474
2016-38,57,Pirates,Chemical Tanker,NA,"NIGERIA:The chemical tanker MAXIMUS was hijacked 11 February off Abijan, Ivory Coast near position 04-10N 003-55W. There were 18 crew members from India, Pakistan, China, South Korea, Sudan and Ghana when the ship was boarded. The pirates intended to","sell the ship's 4,700 tons of diesel fuel on the black market. They renamed the ship ELVIS 5. On 21 February, the Nigerian Navy boarded the ship and rescued the crew, however; two crew members are still missing, one Pakistani and one Indian.",NA,NA,NA,NA,2016-02-11,2016,119,8473,Ivory Coast Exclusive Economic Zone,200NM,2161,Ivory Coast,2161,Ivory Coast,CIV,0,NA,0,NA,NA,0,NA,0,NA,NA,-5.4494860846,3.30806149919,172015.188351,8473
2016-26,57,Pirates,Tanker,NA,"IVORY COAST:On 11 February at 2100 UTC near position 04-00N 004-00W, around 70 NM south of Abidjan, reports were received that approximately 6 pirates attacked an underway tanker. The tanker is missing and the fate of the crew is unknown.",NA,NA,NA,NA,NA,2016-02-11,2016,119,8473,Ivory Coast Exclusive Economic Zone,200NM,2161,Ivory Coast,2161,Ivory Coast,CIV,0,NA,0,NA,NA,0,NA,0,NA,NA,-5.4494860846,3.30806149919,172015.188351,8473
2016-27,57,Pirates,Tanker,NA,"NIGERIA:On 11 February at approximately 1500 UTC near position 03-36N 005-35E, around 56 NM SW of Bayelsa, reports were received that an unknown number of pirates attacked an underway tanker. Nigerian authorities were notified. The tanker is missing and",the fate of the crew is unknown.,NA,NA,NA,NA,2016-02-11,2016,166,8474,Nigerian Exclusive Economic Zone,200NM,2253,Nigeria,2253,Nigeria,NGA,0,NA,0,NA,NA,0,NA,0,NA,NA,4.82278332072,4.08512461991,179050.962041,8474
2016-21,57,Pirates,LNG Tanker,NA,"NIGERIA:On 5 February near position 04-10N 006-58E around 0720 LT, about 16 nm sw of Bonny Island, approximately seven people wearing dark boiler suits with red caps in a speed boat chased and attempted to board an underway LNG tanker. The alarm was","raised and the fire hoses activated. The Master increased speed to maximum and took evasive maneuvers. When the speedboat closed in to about 10 meters, it was observed that the men were armed with machine gus and they were carrying a ladder. Due to the","agrresive measures taken by the Master, the attempted boarding was aborted.",NA,NA,NA,2016-02-05,2016,166,8474,Nigerian Exclusive Economic Zone,200NM,2253,Nigeria,2253,Nigeria,NGA,0,NA,0,NA,NA,0,NA,0,NA,NA,4.82278332072,4.08512461991,179050.962041,8474
2016-24,57,Robbers,Container Ship,NA,"NIGERIA:On 5 February, 6 robbers boarded the Singapore-flagged container ship SAFMARINE KURAMO near position 04-02N 006-54E, 60 nm south west of Bonny River. A Nigerian Navy ship responded to the boarding causing the robbers to flee the ship.",NA,NA,NA,NA,NA,2016-02-05,2016,166,8474,Nigerian Exclusive Economic Zone,200NM,2253,Nigeria,2253,Nigeria,NGA,0,NA,0,NA,NA,0,NA,0,NA,NA,4.82278332072,4.08512461991,179050.962041,8474
2016-19,57,Pirates,Tanker,NA,"NIGERIA:On 29 January, the tanker LEON DIAS was reportedly hijacked near Brass near position 04-16N 006-14E. Subsequent media reports indicate that the ship has been released, after five crewmen including the ship's Captain, were kidnapped. Two","Filipinos, two Russians and one Georgian were taken. The ship is currently located near Continuo, Benin.",NA,NA,NA,NA,2016-01-29,2016,166,8474,Nigerian Exclusive Economic Zone,200NM,2253,Nigeria,2253,Nigeria,NGA,0,NA,0,NA,NA,0,NA,0,NA,NA,4.82278332072,4.08512461991,179050.962041,8474
2016-16,57,Suspicious Approach,Bulk Carrier,NA,"NIGERIA:On 22 January, a bulk carrier reported being followed near position 05-15N 003-13E, approximately 70 nm south of Lagos. The ship was reportedly followed at a distance of 7 miles and lost the suspicious vessel after a speed increase and course",change.,NA,NA,NA,NA,2016-01-28,2016,166,8474,Nigerian Exclusive Economic Zone,200NM,2253,Nigeria,2253,Nigeria,NGA,0,NA,0,NA,NA,0,NA,0,NA,NA,4.82278332072,4.08512461991,179050.962041,8474
2016-8,57,Robbers,Unknown Vessel,NA,"COTE D'IVOIRE:On 20 January, two robbers armed with knives boarded an anchored vessel near position 05-13N 004-02W, Abidjan Anchorage. The robbers were spotted on the aft deck by duty crewmen, who then raised the alarm. The robbers escaped with mooring",lines.,NA,NA,NA,NA,2016-01-20,2016,119,8473,Ivory Coast Exclusive Economic Zone,200NM,2161,Ivory Coast,2161,Ivory Coast,CIV,0,NA,0,NA,NA,0,NA,0,NA,NA,-5.4494860846,3.30806149919,172015.188351,8473
2016-6,57,Pirates,Vehicle Carrier,NA,"NIGERIA:On 19 January near position 03-52N 005-33E, 1000 - 1300 LT, around 37 NM SW of Bayelsa, pirates in two speed boats chased and fired on an underway vehicle carrier. The master raised the alarm and the SSAS. The crew mustered and activated the",water hoses. After three hours the pirates abandoned the chase. One crew member reported a minor injury. The remaining crew are safe.,NA,NA,NA,NA,2016-01-19,2016,166,8474,Nigerian Exclusive Economic Zone,200NM,2253,Nigeria,2253,Nigeria,NGA,0,NA,0,NA,NA,0,NA,0,NA,NA,4.82278332072,4.08512461991,179050.962041,8474
2016-20,57,Pirates,Tug Boat,NA,"NIGERIA:On 15 January, ten pirates in a speedboat chased and fired upon an underway tug near position 04-05N 005-25E, 30 nm southwest of Bayelsa. The crew locked themselves in the safe area of the ship. The pirates then boarded the tug, damaged its","navigation equipment, stole the crew's personal effects and cash and then escaped.",NA,NA,NA,NA,2016-01-15,2016,166,8474,Nigerian Exclusive Economic Zone,200NM,2253,Nigeria,2253,Nigeria,NGA,0,NA,0,NA,NA,0,NA,0,NA,NA,4.82278332072,4.08512461991,179050.962041,8474
2016-5,57,Robbers,Merchant Ship,NA,"NIGERIA:On 12 January near position 06-17N 003-12E, a merchant ship in the Lagos Secure Anchorage Area reported to local authorities of being followed by five men in a speedboat. The merchant ship soon after reported that they had seen two men in the",rudder trunk. The unknown men reportedly left the ship soon after their sighting. The ship was instructed to drop anchor and await further inspection.,NA,NA,NA,NA,2016-01-12,2016,166,8474,Nigerian Exclusive Economic Zone,200NM,2253,Nigeria,2253,Nigeria,NGA,0,NA,0,NA,NA,0,NA,0,NA,NA,4.82278332072,4.08512461991,179050.962041,8474
2016-10,57,Robbers,Oil Platform,NA,"NIGERIA:On 9 January, a speedboat with five armed men approached the AUNTU JULIE oil platform in the Coinoil Oil Field, near position 04-25N 005-35E. The MV SUNSHINE, the security vessel for the area approached the speed boat. Both boats briefly",exchanged gun fire and the speed boat left the area.,NA,NA,NA,NA,2016-01-09,2016,166,8474,Nigerian Exclusive Economic Zone,200NM,2253,Nigeria,2253,Nigeria,NGA,0,NA,0,NA,NA,0,NA,0,NA,NA,4.82278332072,4.08512461991,179050.962041,8474
2016-4,57,Robbers,Tanker,NA,"NIGERIA:On 27 December an unknown number of pirates attacked an anchored tanker near position 05-35N 005-00E, approximately 10 nm west of Warri. The attack was reportedly repelled by an onboard detachment of Nigerian Navy personnel.",NA,NA,NA,NA,NA,2015-12-27,2015,166,8474,Nigerian Exclusive Economic Zone,200NM,2253,Nigeria,2253,Nigeria,NGA,0,NA,0,NA,NA,0,NA,0,NA,NA,4.82278332072,4.08512461991,179050.962041,8474
2015-268,57,Robbers,Bulk Carrier,NA,"DR CONGO:On 5 December, three robbers boarded an anchored bulk carrier via the anchor chain near position 04-45S 011-47E, Pointe Noire Anchorage. The duty crewman on routine rounds noticed the robbers, raised the alarm and the crew was mustered. Upon",seeing the alerted crew the robbers escaped. A search was carried out and nothing was found stolen. The incident was reported to the port authorities.,NA,NA,NA,NA,2015-12-05,2015,38,8394,Congolese Exclusive Economic Zone,200NM,8633,Republic of the Congo,8633,Republic of the Congo,COG,0,NA,0,NA,NA,0,NA,0,NA,NA,10.5957743479,-5.33647579774,33806.6828524,8394
2015-251,57,Pirates,Cargo Ship,NA,"NIGERIA:On 26 November, pirates in two speedboats boarded the Cyprus-flagged cargo ship SZAFIR near position 04-00N 006-00E, 70 nm southwest of Port Harcourt. Eleven crewmen managed to retreat and secure themselves in the engine room. The pirates",kidnapped the Ship's Master and four other crewmen.,NA,NA,NA,NA,2015-11-26,2015,166,8474,Nigerian Exclusive Economic Zone,200NM,2253,Nigeria,2253,Nigeria,NGA,0,NA,0,NA,NA,0,NA,0,NA,NA,4.82278332072,4.08512461991,179050.962041,8474
2015-242,57,Pirates,Trawlers,NA,"NIGERIA:On 15 November near position 04-17N 007-13E, the local press reported that pirates attacked two trawlers along the Bonny Anchorage in the Rivers State. A spokesman said the recent attacks left two crew members dead, three abducted and two","seriously injured, whom are currently in the hospital.",NA,NA,NA,NA,2015-11-15,2015,166,8474,Nigerian Exclusive Economic Zone,200NM,2253,Nigeria,2253,Nigeria,NGA,0,NA,0,NA,NA,0,NA,0,NA,NA,4.82278332072,4.08512461991,179050.962041,8474
2015-227,57,Suspicious Approach,Oil Platform,NA,"CAMEROON:On 25 October, a large canoe made a suspicious approach against an oil platform near position 04-19N 008-28E, approximately 11 nm offshore from the Bakassi area. A security vessel responded and the canoe turned around and headed into Nigerian","territorial waters, only to return a short while later with an additional speedboat. Persons in both boats reportedly fired at the security vessel, which returned fire. Subsequently, both boats retreated back into Nigerian territorial waters.",NA,NA,NA,NA,2015-10-25,2015,167,8475,Cameroonian Exclusive Economic Zone,200NM,2170,Cameroon,2170,Cameroon,CMR,0,NA,0,NA,NA,0,NA,0,NA,NA,9.31100269891,3.46271367413,15140.979128,8475
2015-222,57,Pirates,Refrigerated Cargo Ship,NA,"On 19 October near position 03-50N 005-35E, armed pirates attacked and boarded a refrigerated cargo ship underway off the Niger Delta. They stole ship's cash, destroyed equipment and kidnapped 4 crew members before escaping. Authorities have been",notified.,NA,NA,NA,NA,2015-10-19,2015,166,8474,Nigerian Exclusive Economic Zone,200NM,2253,Nigeria,2253,Nigeria,NGA,0,NA,0,NA,NA,0,NA,0,NA,NA,4.82278332072,4.08512461991,179050.962041,8474
2015-220,57,Suspicious Approach,LPG Tanker,NA,"CAMEROON:On 18 October near position 02-43N 009-11E, around 45 nm WSW of Kribi, Caneroon; 2 suspicious high speed skiffs appoached an underway LPG tanker. The 2nd officer informed the Master who in turn raised the alarm and made announcements. As the","skiffs approached the tanker, the Master increased speed and took evavsive maneuvers resulting in the skiffs aborting and moving away.",NA,NA,NA,NA,2015-10-18,2015,167,8475,Cameroonian Exclusive Economic Zone,200NM,2170,Cameroon,2170,Cameroon,CMR,0,NA,0,NA,NA,0,NA,0,NA,NA,9.31100269891,3.46271367413,15140.979128,8475
2015-208,57,Robbers,Product Tanker,NA,"NIGERIA:On 22 September, a small boat came alongside an anchored product tanker near position 006-16N 003-13E, 14.8 nm south-southwest of Lagos. The persons onboard pretended to be cargo inspectors and produced a fake letter of authorization purportedly","signed by the Master of the vessel. Seeing the fraudulent document, and suspecting an attempt to board the vessel illegally, the Master contacted a nearby naval security boat, which responded and detained the suspects.",NA,NA,NA,NA,2015-09-22,2015,166,8474,Nigerian Exclusive Economic Zone,200NM,2253,Nigeria,2253,Nigeria,NGA,0,NA,0,NA,NA,0,NA,0,NA,NA,4.82278332072,4.08512461991,179050.962041,8474
2015-157,57,Suspicious Approach,Container Ship,NA,"TOGO:On 14 July, near position at 06-07N 001-16E, Lome Anchorage, the deck watch of an anchored container ship noticed a wooden boat with 5 individuals and no lights circling the vessel with the intention of climbing on board. The alarm was raised, the",crew mustered and all exterior lights were turned on. Seeing the crews alertness the occupants of the boat aborted their approach and moved away. No weapons were sighted. The Togo Navy was informed.,NA,NA,NA,NA,2015-07-14,2015,147,8392,Togolese Exclusive Economic Zone,200NM,8632,Togo,8632,Togo,TGO,0,NA,0,NA,NA,0,NA,0,NA,NA,1.82134961928,4.6394919934,15439.2618032,8392
2015-145,57,Robbers,Container Ship,NA,"TOGO:On 26 June, at the Lome Anchorage near position 06-01N 001-17E, approximately 7 suspected robbers in 2 boats approached and came alongside an anchored container ship. Upon seeing the robbers attempting to board the ship, the duty officer raised the","alarm and sounded the ship's fog horn. After hearing the alarm and seeing the crew's alertness, the robbers escaped. The Togo Navy and Port Control were informed.",NA,NA,NA,NA,2015-06-26,2015,147,8392,Togolese Exclusive Economic Zone,200NM,8632,Togo,8632,Togo,TGO,0,NA,0,NA,NA,0,NA,0,NA,NA,1.82134961928,4.6394919934,15439.2618032,8392
2015-130,57,Robbers,Cargo ship,NA,"DR CONGO:On 8 June, six robbers armed with bolos in a wooden boat boarded an anchored general cargo ship near position 04-44S 011-45E, Pointe Noire Anchorage. A duty crewman saw two of the robbers. One of the robbers chased the duty crewman who managed","to retreat into the accommodation area and raise the alarm. Seeing the crew response, the robbers fled empty handed. Port control was informed of the incident.",NA,NA,NA,NA,2015-06-08,2015,38,8394,Congolese Exclusive Economic Zone,200NM,8633,Republic of the Congo,8633,Republic of the Congo,COG,0,NA,0,NA,NA,0,NA,0,NA,NA,10.5957743479,-5.33647579774,33806.6828524,8394
2015-126,57,Suspicious Approach,Unidentified Vessel,NA,"TOGO:On 2 June, a vessel at anchor near position 06-08N 001-17E, Lome Anchorage, reported several small boats posing as fishing boats making repeated approaches to vessels at anchor, taking advantage of the heavy rain which impaired visibility. The",vessels in the area are maintaining patrols on deck at all times to prevent any boardings.,NA,NA,NA,NA,2015-06-02,2015,147,8392,Togolese Exclusive Economic Zone,200NM,8632,Togo,8632,Togo,TGO,0,NA,0,NA,NA,0,NA,0,NA,NA,1.82134961928,4.6394919934,15439.2618032,8392
2015-111,57,Pirates,Supply Vessel,NA,"NIGERIA:On 14 May, pirates boarded two vessels near position 04-01N 007-05E, approximately 23 nm south of Port Harcourt. A platform supply vessel was boarded and then used to attack a self-propelled barge. Pirates kidnapped six crewmembers from one",vessel and three from the other. There are no further details and MTISC-GOG will provide updates as they become available.,NA,NA,NA,NA,2015-05-14,2015,166,8474,Nigerian Exclusive Economic Zone,200NM,2253,Nigeria,2253,Nigeria,NGA,0,NA,0,NA,NA,0,NA,0,NA,NA,4.82278332072,4.08512461991,179050.962041,8474
2015-100,57,Robbers,General Cargo Ship,NA,"DEMOCRATIC REPUBLIC OF CONGO:On 7 May, a duty crewman during routine rounds on a general cargo ship anchored near position 05-52S 013-25E, Ikungulu Anchorage, Matadi, noticed two boats approaching the ship. He immediately informed the duty officer. The","robbers armed with bolos and knives boarded the ship. The alarm was raised, the ship's whistle sounded and all crew mustered on the bridge. The Port control was contacted but no response received. The Master immediately reported the incident to the","agents. A short while later, the robbers escaped with ship's stores and a number of boxes. Upon investigation, it was found that one shipping container was opened and its contents stolen.",NA,NA,NA,2015-05-07,2015,39,8478,Angolan Exclusive Economic Zone,200NM,2150,Angola,2150,Angola,AGO,0,NA,0,NA,NA,0,NA,0,NA,NA,11.0353708514,-11.701097795,495861.858053,8478
2015-101,57,Robbers,FSO Ship,NA,"NIGERIA:On 24 April, ten robbers armed with guns and a ladder in a fast wooden boat approached a moored Floating, Storage and Offloading (FSO) ship near position 04-13N 007-23E, 13 nm from Bonny. Four robbers managed to gain access onto the vessel. Duty",crewmen noticed the robbers and informed the ship's Master who raised the alarm and mustered all the crew in a safe room. The onboard armed naval personnel fired a warning shot resulting in the robbers moving away. A security message was sent to all,ships in the vicinity.,NA,NA,NA,2015-04-24,2015,166,8474,Nigerian Exclusive Economic Zone,200NM,2253,Nigeria,2253,Nigeria,NGA,0,NA,0,NA,NA,0,NA,0,NA,NA,4.82278332072,4.08512461991,179050.962041,8474
2015-77,57,Robbers,Product Tanker,NA,"NIGERIA:On 9 April, two robbers boarded an anchored product tanker near position 06-17N 003-23E, Lagos Anchorage. The onboard Nigerian Naval personal spotted the robbers and fired warning shots resulting in the robbers jumping overboard to escape. A",Nigerian patrol boat captured one of the robbers.,NA,NA,NA,NA,2015-04-09,2015,166,8474,Nigerian Exclusive Economic Zone,200NM,2253,Nigeria,2253,Nigeria,NGA,0,NA,0,NA,NA,0,NA,0,NA,NA,4.82278332072,4.08512461991,179050.962041,8474
2015-56,57,Robbers,Refrigerated Cargo Ship,NA,"IVORY COAST:On 25 March, four robbers boarded a berthed refrigerated cargo ship near position 05-15N 004-00 W, Fishing Port Berth DNP 23, Abidjan. The Second Officer on routine rounds noticed the padlock to the central store room missing. As he opened","the door to investigate four robbers pushed him and escaped. One robber jumped overboard while the other three left the vessel by the gangway. The Local Security Watch observed the situation, but did not take any action. Alarm was raised, crew was","mustered, and a search was carried out. A number of cartons had been removed from the cargo holds and lay ready to lower into a wooden boat. However, no cargo was stolen.",NA,NA,NA,2015-03-25,2015,119,8473,Ivory Coast Exclusive Economic Zone,200NM,2161,Ivory Coast,2161,Ivory Coast,CIV,0,NA,0,NA,NA,0,NA,0,NA,NA,-5.4494860846,3.30806149919,172015.188351,8473
2015-65,57,Pirates,FPSO,NA,"NIGERIA:On 21 March, six armed pirates boarded an anchored Floating, Production, Storage and Offloading ship near YOHO position 04-02N 007-31E, 36 nm southeast of the Bonny Islands. The pirates entered the accommodation area, but were deterred by the",sounding of the alarm. The pirates managed to kidnap three crewmen as they fled.,NA,NA,NA,NA,2015-03-21,2015,166,8474,Nigerian Exclusive Economic Zone,200NM,2253,Nigeria,2253,Nigeria,NGA,0,NA,0,NA,NA,0,NA,0,NA,NA,4.82278332072,4.08512461991,179050.962041,8474
2015-53,57,Pirates,Supply Vessel,NA,"NIGERIA:On 19 March near position 04-14N 008-02E, around 19 nm south of Kwa Ibo, six pirates armed with rifles boarded a supply vessel. The master raised the alarm and sent an SSAS alert. The crew mustered. Two crew members were kidnapped and ship's",properties were stolen. The Nigerian Navy dispatched a patrol boat to the location 15 minutes after the call. The remaining crew reported safe.,NA,NA,NA,NA,2015-03-19,2015,166,8474,Nigerian Exclusive Economic Zone,200NM,2253,Nigeria,2253,Nigeria,NGA,0,NA,0,NA,NA,0,NA,0,NA,NA,4.82278332072,4.08512461991,179050.962041,8474
2015-46,57,Robbers,Barge,NA,"CONGO:On 14 March, robbers boarded an anchored barge vessel near position 04-45S 011-48 E, Pointe Noire Outer Anchorage. They broke open a store room, stole ship properties and escaped unnoticed. The incident was discovered the next morning.",NA,NA,NA,NA,NA,2015-03-14,2015,38,8394,Congolese Exclusive Economic Zone,200NM,8633,Republic of the Congo,8633,Republic of the Congo,COG,0,NA,0,NA,NA,0,NA,0,NA,NA,10.5957743479,-5.33647579774,33806.6828524,8394
2015-48,57,Suspicious approach,Unspecified vessel,NA,"GHANA:On 10 March, a suspicious approach was reported near position 04-04N 001-22W, 54 nm south-southeast of Takoradi. The suspicious vessel was described as a 50 meter long gray or white-hulled fishing boat.",NA,NA,NA,NA,NA,2015-03-10,2015,226,8400,Ghanaian Exclusive Economic Zone,200NM,2100,Ghana,2100,Ghana,GHA,0,NA,0,NA,NA,0,NA,0,NA,NA,-0.847226823817,3.50286659343,227218.059083,8400
2015-15,57,Pirates,Super Tanker,NA,"NIGERIA:On 3 February, up to a dozen pirates boarded the super tanker MT KALAMOS, killing one crewman and reportedly kidnapping three others. The attack occurred near the Qua Iboe Terminal.UPDATE:According to 25 February reporting, the three kidnapped","crewmen, one Pakistani and two Greeks, had been released and are safe.",NA,NA,NA,NA,2015-02-03,2015,166,8474,Nigerian Exclusive Economic Zone,200NM,2253,Nigeria,2253,Nigeria,NGA,0,NA,0,NA,NA,0,NA,0,NA,NA,4.82278332072,4.08512461991,179050.962041,8474
2015-16,57,Suspicious Approach,Tanker,NA,"NIGERIA:On 1 February, two crewmen on the forecastle of an anchored tanker noticed a boat approaching at high speed near position 05-28N 005-05E, 10 nm southwest of Escravos. As the boat closed, the crew noticed something being thrown towards the vessel.","The boat moved away and waited. After a while the two crewmen noticed the boat slowly approach the vessel again. They saw the persons in the boat light an object and throw it towards the vessel, which hit the ship's rail and fell into the water. A loud",explosion was heard. The boat moved away. The Nigerian Navy and port authority were informed. A gun boat was deployed and the vessel was moved to a secure anchorage.,NA,NA,NA,2015-02-01,2015,166,8474,Nigerian Exclusive Economic Zone,200NM,2253,Nigeria,2253,Nigeria,NGA,0,NA,0,NA,NA,0,NA,0,NA,NA,4.82278332072,4.08512461991,179050.962041,8474
2015-17,57,Pirates,Fishing Vessel,NA,"GHANA:On 30 January, armed pirates hijacked the Ghana-flagged fishing vessel LU RONG YUAN YU 917 near position 04-26N 001-43W, 27 nm south of Takoradi. The Togo Navy responded and engaged the pirates. Twenty crewmen jumped overboard in an attempt to","escape, and were rescued by the patrol boat. The remaining seven crew were taken hostage as the pirates headed out to sea. The pirates later left the vessel and the crew sailed towards a safe port. One crewman was reported killed during the incident.",NA,NA,NA,NA,2015-01-30,2015,226,8400,Ghanaian Exclusive Economic Zone,200NM,2100,Ghana,2100,Ghana,GHA,0,NA,0,NA,NA,0,NA,0,NA,NA,-0.847226823817,3.50286659343,227218.059083,8400
2015-11,57,Pirates,Supply Vessel,NA,"NIGERIA:On 23 January, the Nigeria-flagged offshore supply vessel JASCON 24 was attacked near position 03-29N 005-27E, approximately 70 nm from the Nigerian coastline, at the Agbami Oil Field. One Nigerian naval officer was reportedly killed during the",attack.,NA,NA,NA,NA,2015-01-23,2015,166,8474,Nigerian Exclusive Economic Zone,200NM,2253,Nigeria,2253,Nigeria,NGA,0,NA,0,NA,NA,0,NA,0,NA,NA,4.82278332072,4.08512461991,179050.962041,8474
2015-12,57,Suspicious Approach,Bunkering Vessels,NA,"IVORY COAST:On 20 January, a skiff with eight persons aboard made a suspicious high speed approach toward two ships conducting bunkering operations near position 04-05N 003-50W, 70 nm south-southeast of Abidjan, Ivory Coast. The bunkering vessels raised","the alarm, carried out an emergency disconnection and moved away at full speed. Seeing the vessel's actions the skiff aborted the approach. All crew safe.",NA,NA,NA,NA,2015-01-20,2015,119,8473,Ivory Coast Exclusive Economic Zone,200NM,2161,Ivory Coast,2161,Ivory Coast,CIV,0,NA,0,NA,NA,0,NA,0,NA,NA,-5.4494860846,3.30806149919,172015.188351,8473
2015-6,57,Pirates,Tanker,NA,"GHANA:On 18 January, Ghana's navy freed a tanker ship hijacked off the coast of Nigeria and arrested eight pirates believed to be responsible for seizing it. The small tanker's owners, using an onboard tracking device, informed Ghanaian authorities of","its position in Ghanaian waters on 17 January. The Ghana Navy responded swiftly with a patrol team to the area and they were able to overpower the pirates and free the ship. However, when they got there, the cargo had already been transferred to another",vessel.,NA,NA,NA,2015-01-18,2015,166,8474,Nigerian Exclusive Economic Zone,200NM,2253,Nigeria,2253,Nigeria,NGA,0,NA,0,NA,NA,0,NA,0,NA,NA,4.82278332072,4.08512461991,179050.962041,8474
2015-7,57,Pirates,Bulk Carrier,NA,"GHANA: On 14 January, eight heavily armed pirates boarded a drifting bulk carrier near position03-24N 001-21E, 157 nm south-southeast of Accra. They opened fire to intimidate the crew. The pirates destroyed the communication equipment, manhandled some","crew members, and stole crew and ship properties. Before leaving the ship on 15 January at 0215 UTC, pirates warned the crew not to sail until sunrise.",NA,NA,NA,NA,2015-01-14,2015,226,8400,Ghanaian Exclusive Economic Zone,200NM,2100,Ghana,2100,Ghana,GHA,0,NA,0,NA,NA,0,NA,0,NA,NA,-0.847226823817,3.50286659343,227218.059083,8400
2015-1,57,Gunmen,Houseboat,NA,"NIGERIA:On 5 January, unidentified gunmen attacked a house boat belonging to Nigeria¿s Joint Task Force near Kula community in Akuku Toru local government area of Rivers state. The attackers kidnapped a Sergeant and stole weapons and ammunition.",NA,NA,NA,NA,NA,2015-01-05,2015,166,8474,Nigerian Exclusive Economic Zone,200NM,2253,Nigeria,2253,Nigeria,NGA,0,NA,0,NA,NA,0,NA,0,NA,NA,4.82278332072,4.08512461991,179050.962041,8474
2014-285,57,Robbers,Research Vessel,NA,"POINTE NOIRE ANCHORAGE, THE CONGO:On 13 December near 4-46S 011-50E, 4 robbers in a small rowing boat approached an anchored research vessel. Two robbers boarded the vessel entered the engine room and stole ship's properties. The duty AB on routine",rounds noticed the robbers and raised the alarm. Seeing the alerted crew the robbers escaped with stolen properties. All crew mustered and carried out a search on the vessel. SSO made several attempts to contact the Pointe Noire Port Control but received,no response.,NA,NA,NA,2014-12-13,2014,38,8394,Congolese Exclusive Economic Zone,200NM,8633,Republic of the Congo,8633,Republic of the Congo,COG,0,NA,0,NA,NA,0,NA,0,NA,NA,10.5957743479,-5.33647579774,33806.6828524,8394
2014-290,57,Pirates,Chemical tanker,NA,"NIGERIA:On 9 December, pirates attacked an underway chemical tanker approximately 18 nm southwest of Akwa Ibon State. The crew spotted the pirates as they were inbound and raised the alarm. The pirates reportedly attacked the ship for approximately 30","minutes, but did not board the ship.",NA,NA,NA,NA,2014-12-09,2014,166,8474,Nigerian Exclusive Economic Zone,200NM,2253,Nigeria,2253,Nigeria,NGA,0,NA,0,NA,NA,0,NA,0,NA,NA,4.82278332072,4.08512461991,179050.962041,8474
2014-274,57,Pirates,Tanker,NA,"SAO TOME AND PRINCIPE:On 30 November, an underway tanker experienced an attempted boarding near position00-45S 006-15E, 47 nm south-southwest of Sao Tome and Principe Island. The Ship's Master observed a black hull tug boat lowering a speed boat with","eight men armed with machine guns and a ladder. The speed boat approached the tanker and started firing at the accommodation area. Ship's Master raised the alarm, activated the fire pumps and took evasive maneuvers to prevent the boarding. Most","crewmembers mustered in the citadel. After several unsuccessful attempts to board the tanker, the pirates aborted the attack and returned to their mother vessel. All crewmembers safe, but the tanker sustained some damage during the incident.",NA,NA,NA,2014-11-30,2014,168,8397,Sao Tome and Principe Exclusive Economic Zone,200NM,2238,Sao Tome and Principe,2238,Sao Tome and Principe,STP,0,NA,0,NA,NA,0,NA,0,NA,NA,6.35334522867,0.779096486722,130840.024661,8397
2014-266,57,Robbers,Tanker,NA,"NIGERIA:On 21 November, an unknown number of robbers boarded a tanker near position 06-19N 003-24E, Lagos Anchorage. All ship's crew retreated into the citadel. After waiting an hour, the crew conducted a search of the vessel; it was reported to have",been clear of intruders.,NA,NA,NA,NA,2014-11-21,2014,166,8474,Nigerian Exclusive Economic Zone,200NM,2253,Nigeria,2253,Nigeria,NGA,0,NA,0,NA,NA,0,NA,0,NA,NA,4.82278332072,4.08512461991,179050.962041,8474
2014-257,57,Robbers,Bitumen Tanker,NA,"IVORY COAST: On 16 November, eight robbers armed with Kalashnikov machine guns and knives boarded an anchored bitumen tanker near position 05-12N 004-02W, Abidjan Outer Anchorage. They tried to hijack the vessel, but the Second Engineer managed to","immobilize the main engine and jump overboard to escape. After several failed attempts to start the main engine, the robbers stole ship's properties, crew personal belongings, and damaged the ship's equipment before disembarking. The robbers were violent",towards all the crew who suffered minor injuries. Master reported the incident to local authorities and port administration. The Second Engineer was rescued by local fishermen and returned to the vessel. The vessel was shifted to the inner anchorage to,provide support and medical assistance to crew members.,NA,NA,2014-11-16,2014,119,8473,Ivory Coast Exclusive Economic Zone,200NM,2161,Ivory Coast,2161,Ivory Coast,CIV,0,NA,0,NA,NA,0,NA,0,NA,NA,-5.4494860846,3.30806149919,172015.188351,8473
2014-251,57,Pirates,Unidentified Vessel,NA,"NIGERIA:On 12 November, two suspicious motor boats approached a vessel near position 04-32N 005-15E near TULIA Terminal. When the vessel altered course in order to avoid close contact with the motor boats, pirates fired at the accommodation area of the",vessel. The ship's crew followed the company's security procedures and mustered in the ship's citadel and remained there until deemed safe. The pirates did not attempt to board the ship.,NA,NA,NA,NA,2014-11-12,2014,166,8474,Nigerian Exclusive Economic Zone,200NM,2253,Nigeria,2253,Nigeria,NGA,0,NA,0,NA,NA,0,NA,0,NA,NA,4.82278332072,4.08512461991,179050.962041,8474
2014-275,57,Pirates,Tanker,NA,"NIGERIA:On 8 November, eight pirates armed with machine guns and explosives in a speed boat approached and opened fire on an underway tanker near position 04-24N 005-03E, Pennington Oil Terminal. Ship's Master raised the alarm, commenced evasive",maneuvers and activated the SSAS alert broadcast. Armed guards onboard the tanker fired back at the pirate boat resulting in the pirates moving away. The tanker sustained minor damage.,NA,NA,NA,NA,2014-11-08,2014,166,8474,Nigerian Exclusive Economic Zone,200NM,2253,Nigeria,2253,Nigeria,NGA,0,NA,0,NA,NA,0,NA,0,NA,NA,4.82278332072,4.08512461991,179050.962041,8474
2014-246,57,Robbers,Anchored Vessel,NA,"TOGO:On 6 November, nine robbers twice attempted to board an anchored vessel near position 06-02N 001-15E, Lome Anchorage using ropes with hooks. The crew raised the alarm and used fire pumps to prevent the robbers from boarding.",NA,NA,NA,NA,NA,2014-11-06,2014,147,8392,Togolese Exclusive Economic Zone,200NM,8632,Togo,8632,Togo,TGO,0,NA,0,NA,NA,0,NA,0,NA,NA,1.82134961928,4.6394919934,15439.2618032,8392
2014-252,57,Pirates,Chemical Tanker,NA,"NIGERIA:On 5 November, the Malta-flagged chemical tanker BASAT and its 14 Turkish crew members were attacked by Nigerian pirates in Nigerian waters while en route from Douala, Cameroon to Abidjan, Ivory Coast. Few details are known, but the pirates",boarded the vessel and kidnapped two crewmembers who were not secured in the citadel. Pirates are reportedly demanding $5 million ransom for the two crewmembers. Authorities are working to resolve this issue.,NA,NA,NA,NA,2014-11-05,2014,166,8474,Nigerian Exclusive Economic Zone,200NM,2253,Nigeria,2253,Nigeria,NGA,0,NA,0,NA,NA,0,NA,0,NA,NA,4.82278332072,4.08512461991,179050.962041,8474
2014-247,57,Pirates,Container Vessel,NA,"NIGERIA:On 4 November, six pirates in a boat approached and fired upon an underway container vessel near position 04-03N 005-28E, 30 nm from the Bayelsa Coast. The pirates managed to come alongside the vessel, destroy part of the razor wire, and","attempted to hook on their boarding ladder. Master increased speed, took evasive maneuvers, and managed to avoid a pirate boarding. Vessel and crew are safe.",NA,NA,NA,NA,2014-11-04,2014,166,8474,Nigerian Exclusive Economic Zone,200NM,2253,Nigeria,2253,Nigeria,NGA,0,NA,0,NA,NA,0,NA,0,NA,NA,4.82278332072,4.08512461991,179050.962041,8474
2014-248,57,Pirates,Tanker,NA,"NIGERIA: On 4 November, pirates boarded an underway tanker near position 03-00N 006-45E, approximately 77 nm south-southeast of Brass.",NA,NA,NA,NA,NA,2014-11-04,2014,166,8474,Nigerian Exclusive Economic Zone,200NM,2253,Nigeria,2253,Nigeria,NGA,0,NA,0,NA,NA,0,NA,0,NA,NA,4.82278332072,4.08512461991,179050.962041,8474
2014-193,57,Pirates,Product Tanker,NA,"IVORY COAST:On 27 August, 12 armed pirates boarded a drifting product tanker near position 04-43N 003-30W, 45 nm southeast of Abidjan. They stole money, personal belongings and equipment from the ship while holding the crew hostage. Before departing the","vessel, the pirates destroyed the vessel's navigation system. The crew was not injured during the incident.",NA,NA,NA,NA,2014-08-27,2014,119,8473,Ivory Coast Exclusive Economic Zone,200NM,2161,Ivory Coast,2161,Ivory Coast,CIV,0,NA,0,NA,NA,0,NA,0,NA,NA,-5.4494860846,3.30806149919,172015.188351,8473
2014-194,57,Pirates,Product Tanker,NA,"NIGERIA:On 26 August, seven pirates armed with guns in a five meter long skiff fired upon an underway product tanker near position 04-08N 005-33E, 24 nm southwest of the Bayelsa State coastal area. The tanker increased speed and commenced evasive","maneuvering.The pirates tried to board the tanker, but their rope ladder fell into the sea. The pirates subsequently aborted their attack and departed the area.",NA,NA,NA,NA,2014-08-26,2014,166,8474,Nigerian Exclusive Economic Zone,200NM,2253,Nigeria,2253,Nigeria,NGA,0,NA,0,NA,NA,0,NA,0,NA,NA,4.82278332072,4.08512461991,179050.962041,8474
2014-195,57,Pirates,Product Tanker,NA,"NIGERIA:On 26 August, a speed boat with six armed pirates approached an underway product tanker near position 04-14N 005-13E, 33 nm southwest of Bayelsa State coast. Onboard Nigerian naval armed security opened fire at the pirates, who returned fire. Two","pirates managed to board the vessel but remained on deck and did not enter the accommodation. The Master sent a distress signal, raised SSAS alert, informed vessels in the vicinity via VHF and contacted a nearby Nigerian Naval vessel, which responded.","The next morning, Nigerian Naval personnel boarded the vessel to investigate and search the vessel for the pirates who had boarded. The exchange of fire resulted in damage to the lifeboats, accommodation superstructure and navigation equipment.",NA,NA,NA,2014-08-26,2014,166,8474,Nigerian Exclusive Economic Zone,200NM,2253,Nigeria,2253,Nigeria,NGA,0,NA,0,NA,NA,0,NA,0,NA,NA,4.82278332072,4.08512461991,179050.962041,8474
2014-196,57,Robbers,Tug,NA,"GHANA:On 20 August, three robbers in a canoe boarded an anchored offshore tug near position 04-54N 001-43W, Takoradi Anchorage. Duty crewman on routine rounds noticed the robbers attempting to steal the outboard engine of the vessel's rescue boat. He","informed the duty officer who raised the alarm and mustered the crew. Upon hearing the alarm and seeing the crew response, the robbers fled empty handed. The incident was reported to Port Control and a Marine Police patrol boat came to investigate.",NA,NA,NA,NA,2014-08-20,2014,226,8400,Ghanaian Exclusive Economic Zone,200NM,2100,Ghana,2100,Ghana,GHA,0,NA,0,NA,NA,0,NA,0,NA,NA,-0.847226823817,3.50286659343,227218.059083,8400
2014-190,57,Robbers,Research vessel,NA,"CONGO:On 14 August, three robbers armed with knives boarded an anchored research vessel 5 nm north of Pointe-Noire. The vessel's crew raised the alarm and mustered. Upon seeing the crew response, the robbers fled empty handed.",NA,NA,NA,NA,NA,2014-08-14,2014,38,8394,Congolese Exclusive Economic Zone,200NM,8633,Republic of the Congo,8633,Republic of the Congo,COG,0,NA,0,NA,NA,0,NA,0,NA,NA,10.5957743479,-5.33647579774,33806.6828524,8394
2014-185,57,Pirates,Underway vessel,NA,"GULF OF GUINEA:On 9 August, up to three small boats approached, and fired upon the underway vessel transiting 200 nautical miles south of the Nigerian shoreline. The ship's crew reported hearing multiple gun shots, including automatic gunfire coming from",the attacking small boats. The crew initiated piracy counter measures and took cover within the ship's interior. No injuries were reported.,NA,NA,NA,NA,2014-08-09,2014,168,8397,Sao Tome and Principe Exclusive Economic Zone,200NM,2238,Sao Tome and Principe,2238,Sao Tome and Principe,STP,0,NA,0,NA,NA,0,NA,0,NA,NA,6.35334522867,0.779096486722,130840.024661,8397
2014-183,57,Robbers,Bulk Carrier,NA,"DEMOCRATIC REPUBLIC OF CONGO:On 4 August, two robbers in a small boat attempted to board an anchored bulk carrier using grappling hooks and ropes near position 05-52S 013-24E, Matadi Inner Anchorage. Duty crew noticed the robbers and raised the alarm.","Seeing the crew response, the robbers aborted the attempted boarding and escaped in their boat.",NA,NA,NA,NA,2014-08-04,2014,39,8478,Angolan Exclusive Economic Zone,200NM,2150,Angola,2150,Angola,AGO,0,NA,0,NA,NA,0,NA,0,NA,NA,11.0353708514,-11.701097795,495861.858053,8478
2014-175,57,Pirates,Product tanker,NA,"GHANA:On 25 July, the 3,232 gross ton Kiribati-flagged product tanker MT HAI SOON 6 was boarded and hijacked by a group of 10 heavily armed pirates about 46 nautical miles south of Anloga, Ghana.",NA,NA,NA,NA,NA,2014-07-25,2014,226,8400,Ghanaian Exclusive Economic Zone,200NM,2100,Ghana,2100,Ghana,GHA,0,NA,0,NA,NA,0,NA,0,NA,NA,-0.847226823817,3.50286659343,227218.059083,8400
2014-176,57,Suspicious boat,General cargo vessel,NA,"TOGO:On 25 July, a boat with eight persons aboard was seen to suspiciously approach an anchored general cargo vessel near position 06-05N 001-16E, Lome Anchorage. Master raised the alarm, alerted crew and authorities and sounded the ship's horn. Seeing","the alert crew the boat moved away. Later, a naval boat arrived for investigation.",NA,NA,NA,NA,2014-07-25,2014,147,8392,Togolese Exclusive Economic Zone,200NM,8632,Togo,8632,Togo,TGO,0,NA,0,NA,NA,0,NA,0,NA,NA,1.82134961928,4.6394919934,15439.2618032,8392
2014-172,57,Pirates,Oil Rig and Gunboat,NA,"NIGERIA:On 23 July, armed criminals attacked an oil rig in Gbarain, in Southern Ijaw Local Government Area of the state. The gunmen approached the facility and opened fire on the policemen, who had taken strategic positions and repelled the attempt,",killing five of the attackers. Two policemen were said to have sustained minor injuries. A spokesman stated that the pirates had attacked the rig at Gbarain with the intention of severing the chain used to secure the gunboat in order to remove the,weapons in it.,NA,NA,NA,2014-07-23,2014,166,8474,Nigerian Exclusive Economic Zone,200NM,2253,Nigeria,2253,Nigeria,NGA,0,NA,0,NA,NA,0,NA,0,NA,NA,4.82278332072,4.08512461991,179050.962041,8474
2014-152,57,Robbers,General Cargo Ship,NA,"IVORY COAST:On 30 June, two robbers, armed with long knives, in a speedboat boarded an anchored general cargo ship near position 05-13N 004-04W, Abidjan Anchorage. The duty crewman on routine rounds spotted the robbers at stern of the ship and informed","the duty officer who raised the alarm. Upon hearing the alarm, the robbers escaped with stolen ship's stores in their boat. All crew mustered and a search was carried out throughout the ship. Port Control and ships in the vicinity were informed via VHF",radio.,NA,NA,NA,2014-06-30,2014,119,8473,Ivory Coast Exclusive Economic Zone,200NM,2161,Ivory Coast,2161,Ivory Coast,CIV,0,NA,0,NA,NA,0,NA,0,NA,NA,-5.4494860846,3.30806149919,172015.188351,8473
2014-138,57,Robbers,Container ship,NA,"TOGO:On 10 June, seven robbers in a small boat attempted to board an anchored container ship using a long stick with a hook near position 06-0N 001-18E, Lome Anchorage. An alert duty crewman saw the activity and raised the alarm; duty officer notified","Togo Navy and mustered the crew. Seeing the crew response, the robbers aborted the attempted boarding and moved away.",NA,NA,NA,NA,2014-06-10,2014,147,8392,Togolese Exclusive Economic Zone,200NM,8632,Togo,8632,Togo,TGO,0,NA,0,NA,NA,0,NA,0,NA,NA,1.82134961928,4.6394919934,15439.2618032,8392
2014-139,57,Pirates,Fishing vessel,NA,"GHANA:On 5 June, pirates hijacked fishing vessel MARINE 711 in the coastal area of the border between Ghana and Togo. The pirates took the 41 crewmembers hostage and cut power to the communications equipment. They then forced the captain to sail the","vessel toward Nigeria in an attempt to hijack other vessels. However, fearing that the Nigerian Navy was in pursuit, the pirates disembarked and escaped within 24 hours.",NA,NA,NA,NA,2014-06-05,2014,226,8400,Ghanaian Exclusive Economic Zone,200NM,2100,Ghana,2100,Ghana,GHA,0,NA,0,NA,NA,0,NA,0,NA,NA,-0.847226823817,3.50286659343,227218.059083,8400
2014-140,57,Pirates,Oil product tanker,NA,"GHANA:On approximately 4 June, pirates hijacked the Liberia-flagged oil product tanker FAIR ARTEMIS and its 24 crewmembers off Ghana. Pirates stole the vessels cargo of gas oil and other items before releasing the vessel. The owner reported that the crew",was safe.,NA,NA,NA,NA,2014-06-04,2014,226,8400,Ghanaian Exclusive Economic Zone,200NM,2100,Ghana,2100,Ghana,GHA,0,NA,0,NA,NA,0,NA,0,NA,NA,-0.847226823817,3.50286659343,227218.059083,8400
2014-122,57,Robbers,Chemical Tanker,NA,"TOGO:On 21 May, a boat with eight robbers armed with long knives attempted to board an anchored chemical tanker near position 06-03N 001-14E, approximately 4 nm south of Lome Port. When the deck watch saw the boat with the suspected robbers, they raised","the alarm. Upon seeing the crew response, the robbers moved away from the vessel.",NA,NA,NA,NA,2014-05-21,2014,147,8392,Togolese Exclusive Economic Zone,200NM,8632,Togo,8632,Togo,TGO,0,NA,0,NA,NA,0,NA,0,NA,NA,1.82134961928,4.6394919934,15439.2618032,8392
2014-102,57,Pirates,Product Tanker,NA,"NIGERIA:On 29 April, pirates approached the product tanker SP BRUSSELS while underway near position 04-56N 004-49E, 35 nm west off coast of Bayelsa State. The armed guards on board fired at the pirates who had boarded. Then most crewmembers and the armed","guards secured themselves in the citadel. Later the armed guards made a sweep of the vessel to check for presence of pirates. The armed guards found one crewmember dead, another injured, and two dead pirates.",NA,NA,NA,NA,2014-04-29,2014,166,8474,Nigerian Exclusive Economic Zone,200NM,2253,Nigeria,2253,Nigeria,NGA,0,NA,0,NA,NA,0,NA,0,NA,NA,4.82278332072,4.08512461991,179050.962041,8474
2014-92,57,Suspicious Approach,LNG tanker,NA,"NIGERIA:On 21 April, an unlit small boat made a sudden course change, increased speed, and made a close pass by an LNG tanker near position 03-41N 006-18E, approximately 37 nm south of Brass. The master raised the alarm, increased speed, altered course,","activated fire hoses, and had crew direct search lights toward the small boat. After 10 minutes the small boat departed the area. MRCC Lagos, Nigeria informed.",NA,NA,NA,NA,2014-04-21,2014,166,8474,Nigerian Exclusive Economic Zone,200NM,2253,Nigeria,2253,Nigeria,NGA,0,NA,0,NA,NA,0,NA,0,NA,NA,4.82278332072,4.08512461991,179050.962041,8474
2014-74,57,Pirates,Crude oil tanker,NA,"NIGERIA:On 20 March at approximately 0130 local time, four pirates in a speedboat attacked the Liberian-flagged crude oil tanker CRETE near position 04-14N 005-00E, approximately 40 nm offshore of Bayelsa State, Nigeria. The oil tanker issued a distress","call, increased speed, and conducted evasive maneuvers. Reports state that the pirates aborted the attack after approximately two hours, and the tanker confirmed at 0345 local time that the attackers had failed to board the vessel. All crew are safe.",NA,NA,NA,NA,2014-03-20,2014,166,8474,Nigerian Exclusive Economic Zone,200NM,2253,Nigeria,2253,Nigeria,NGA,0,NA,0,NA,NA,0,NA,0,NA,NA,4.82278332072,4.08512461991,179050.962041,8474
2014-109,57,Robbers,General Cargo Ship,NA,"CONGO:On 6 March, position 4-44.4S 11-44.9E, Pointe Noire Anchorage. Two armed robbers boarded an anchored general cargo ship using a rope. They stole ships properties and escaped when the duty crew spotted them.",NA,NA,NA,NA,NA,2014-03-06,2014,38,8394,Congolese Exclusive Economic Zone,200NM,8633,Republic of the Congo,8633,Republic of the Congo,COG,0,NA,0,NA,NA,0,NA,0,NA,NA,10.5957743479,-5.33647579774,33806.6828524,8394
2014-65,57,Pirates,Supply vessel,NA,"NIGERIA:On 6 March, pirates boarded the Nigerian-flagged supply vessel PRIME LADY while in transit from Onne to the Utpotiki oil field near position 04-11N 005-44E, approximately 15 nm offshore. The Captain and one other crew member were reportedly",kidnapped.,NA,NA,NA,NA,2014-03-06,2014,166,8474,Nigerian Exclusive Economic Zone,200NM,2253,Nigeria,2253,Nigeria,NGA,0,NA,0,NA,NA,0,NA,0,NA,NA,4.82278332072,4.08512461991,179050.962041,8474
2014-66,57,Pirates,Offshore tug,NA,"NIGERIA:On 5 March, pirates boarded the underway Nigerian-flagged offshore tug ASHA DEEP southwest of Brass. Three crewmembers were reportedly taken hostage. On 7 March, Nigerian Naval forces rescued three Indian nationals kidnapped from this ship.",NA,NA,NA,NA,NA,2014-03-05,2014,166,8474,Nigerian Exclusive Economic Zone,200NM,2253,Nigeria,2253,Nigeria,NGA,0,NA,0,NA,NA,0,NA,0,NA,NA,4.82278332072,4.08512461991,179050.962041,8474
2014-57,57,Pirates,Offshore supply vessel,NA,"NIGERIA:On 4 March at approximately 0130 local time, pirates boarded the Nigerian- flagged offshore supply vessel PRINCE JOSEPH 1 and kidnapping three crewmembers near position 04-17N 007-53E, Bight of Bonny, off Akwa Ibom State. After the pirates","departed the vessel, the remaining crewmembers sailed to the port of Onne.",NA,NA,NA,NA,2014-03-04,2014,166,8474,Nigerian Exclusive Economic Zone,200NM,2253,Nigeria,2253,Nigeria,NGA,0,NA,0,NA,NA,0,NA,0,NA,NA,4.82278332072,4.08512461991,179050.962041,8474
2014-56,57,Pirates,Underway bulk carrier,NA,"NIGERIA:On 4 March, armed pirates attempted to board an underway bulk carrier near position 04-00N 005-16E, approximately 60 nm west-southwest of Brass. The pirates in two skiffs chased and fired upon the vessel during the attempted boarding. The vessel","raised the alarm and non-essential crew mustered in the citadel. Master increased speed, took evasive maneuvers and sent SSAS alert. Due to the hardening measures taken by the Ship's Master the pirates aborted the attempted attack and moved away. The",vessel sustained damage due to bullets striking the accommodation area.,NA,NA,NA,2014-03-04,2014,166,8474,Nigerian Exclusive Economic Zone,200NM,2253,Nigeria,2253,Nigeria,NGA,0,NA,0,NA,NA,0,NA,0,NA,NA,4.82278332072,4.08512461991,179050.962041,8474
2014-51,57,ROBBERS,SUPPLY SHIP,NA,"REPUBLIC OF THE CONGO:On 20 February at 0050Z in the Pointe Noire Anchorage, 04-54S 11-49E. Robbers boarded an anchored supply ship using a piece of rope. They stole ship's properties and escaped when the duty crew spotted them.",NA,NA,NA,NA,NA,2014-02-20,2014,38,8394,Congolese Exclusive Economic Zone,200NM,8633,Republic of the Congo,8633,Republic of the Congo,COG,0,NA,0,NA,NA,0,NA,0,NA,NA,10.5957743479,-5.33647579774,33806.6828524,8394
2014-45,57,Pirates,Tanker,NA,"NIGERIA:On 19 February, six pirates in a small boat attempted to board an underway tanker near position 03-57N 005-18E, 26 nm southwest of Pennington Oil Terminal. The pirates approached the tanker and tried to hook onto a boarding ladder. Upon detecting","the pirates, the crew raised the alarm and immediately started taking evasive maneuvers. The pirates tried to hook on the ladder several times at different positions along the port and starboard quarters. The pirates departed the area after the armed",embarked security team fired warning shots.,NA,NA,NA,2014-02-19,2014,166,8474,Nigerian Exclusive Economic Zone,200NM,2253,Nigeria,2253,Nigeria,NGA,0,NA,0,NA,NA,0,NA,0,NA,NA,4.82278332072,4.08512461991,179050.962041,8474
2014-77,57,Pirates,Chemical tanker,NA,"NIGERIA:On 6 February at 10:55 local time, position 04-01N 005-01E, around 60 nm east of Brass, Nigeria eight armed pirates in a speedboat chased a chemical tanker underway. The vessel raised alarm, made evasive maneuvers, sent a distress message and","activated the SSAS alert. The pirates maneuvered alongside the vessel, and boarded using a long ladder. The crew cut off power and retreated into the citadel. Around five hours later the crew emerged and noticed the pirates had used sledgehammers to","break into stores and cabins. The ship's communications was destroyed. The crew managed to start the emergency generators and other necessary machinery, informed the owners and sailed the vessel to Lagos.",NA,NA,NA,2014-02-06,2014,166,8474,Nigerian Exclusive Economic Zone,200NM,2253,Nigeria,2253,Nigeria,NGA,0,NA,0,NA,NA,0,NA,0,NA,NA,4.82278332072,4.08512461991,179050.962041,8474
2014-37,57,Pirates,Offshore supply vessel,NA,"NIGERIA:On 6 February, pirates attacked and boarded the Barbados-flagged offshore supply vessel PSV MARINER SEA off the Bayelsa State coast. Pirates directed the vessel to a particular spot on the coast, near 03-49N 005-43E and then departed the ship,",taking with them the ship's Captain and Chief Engineer.,NA,NA,NA,NA,2014-02-06,2014,166,8474,Nigerian Exclusive Economic Zone,200NM,2253,Nigeria,2253,Nigeria,NGA,0,NA,0,NA,NA,0,NA,0,NA,NA,4.82278332072,4.08512461991,179050.962041,8474
2014-38,57,Pirates,Tanker,NA,"NIGERIA:On 6 February, pirates attacked the Panamanian flagged tanker CHER approximately 75 nm west-southwest of Brass approximately 1000 local time.",NA,NA,NA,NA,NA,2014-02-06,2014,166,8474,Nigerian Exclusive Economic Zone,200NM,2253,Nigeria,2253,Nigeria,NGA,0,NA,0,NA,NA,0,NA,0,NA,NA,4.82278332072,4.08512461991,179050.962041,8474
2014-39,57,Pirates,Tanker,NA,"NIGERIA:On 5 February, a drifting tanker experienced a suspicious approach near position 03-46N 006-24E: approximately 30 nm southeast of Brass Terminal. Watchmen on the ship sighted a skiff with six persons armed with rifles approaching the vessel and",looking for a way to board the vessel using a rope and hook. Alarm raised and SSAS alert activated. Seeing crew alertness the pirates aborted the attempt and moved away.,NA,NA,NA,NA,2014-02-05,2014,166,8474,Nigerian Exclusive Economic Zone,200NM,2253,Nigeria,2253,Nigeria,NGA,0,NA,0,NA,NA,0,NA,0,NA,NA,4.82278332072,4.08512461991,179050.962041,8474
2014-33,57,Pirates,Tug,NA,"NIGERIA:On 30 January, at approximately 0430 local time, three pirates attacked and boarded the tug LAMNALCO HAWK near position 04-15N 005-35E, in vicinity of Pennington Terminal, Bayelsa State. Crew locked themselves in the citadel. Pirates departed the",vessel soon after boarding.,NA,NA,NA,NA,2014-01-30,2014,166,8474,Nigerian Exclusive Economic Zone,200NM,2253,Nigeria,2253,Nigeria,NGA,0,NA,0,NA,NA,0,NA,0,NA,NA,4.82278332072,4.08512461991,179050.962041,8474
2014-34,57,Pirates,Offshore supply vessel,NA,"NIGERIA:On 29 January at approximately 2215 local time, pirates attacked and boarded the offshore supply vessel CEE JAY near position 04-20N 005-17E, near off Bayelsa State coast. Pirates kidnapped the ships Master and Chief Engineer and robbed the crew.",NA,NA,NA,NA,NA,2014-01-29,2014,166,8474,Nigerian Exclusive Economic Zone,200NM,2253,Nigeria,2253,Nigeria,NGA,0,NA,0,NA,NA,0,NA,0,NA,NA,4.82278332072,4.08512461991,179050.962041,8474
2014-28,57,Pirates,Tugboat,NA,"NIGERIA:On 26 January, pirates attacked a tugboat near the Brass River crude oil export terminal in the Niger Delta, kidnapping the ship's captain and an engineer. Sources said that the tugboat was coming from Port Harcourt in Rivers State and transiting","to Brass to load petroleum at the terminal. A spokesman for Italian oil company ENI, which operates the terminal said that the boat belonged to a contractor and that no ENI workers were involved.",NA,NA,NA,NA,2014-01-26,2014,166,8474,Nigerian Exclusive Economic Zone,200NM,2253,Nigeria,2253,Nigeria,NGA,0,NA,0,NA,NA,0,NA,0,NA,NA,4.82278332072,4.08512461991,179050.962041,8474
2014-29,57,Gunmen,Patrol boat,NA,"NIGERIA:On 25 January, gunmen attacked a Joint Task Force patrol boat near the Nembe-Bassanbiri Community in Nembe, Bayelsa. The attack left a soldier badly injured.",NA,NA,NA,NA,NA,2014-01-25,2014,166,8474,Nigerian Exclusive Economic Zone,200NM,2253,Nigeria,2253,Nigeria,NGA,0,NA,0,NA,NA,0,NA,0,NA,NA,4.82278332072,4.08512461991,179050.962041,8474
2014-23,57,Pirates,Petroleum tanker,NA,"ANGOLA:On approximately 18 January, pirates possibly hijacked the Liberian-flagged petroleum tanker KERALA seven nautical miles from Luanda, Angola. The tanker was fully laden with gas oil. The owners of the vessel lost contact with the ship on 18",January.,NA,NA,NA,NA,2014-01-18,2014,39,8478,Angolan Exclusive Economic Zone,200NM,2150,Angola,2150,Angola,AGO,0,NA,0,NA,NA,0,NA,0,NA,NA,11.0353708514,-11.701097795,495861.858053,8478
2014-12,57,Pirates,General cargo vessel,NA,"EQUITORIAL GUINEA:On 3 January, pirates boarded the general cargo vessel SAN MIGUEL near Bata, Equatorial Guinea and kidnapped three crew members. The ship was reportedly boarded approximately 20 miles northwest of Bata.",NA,NA,NA,NA,NA,2014-01-03,2014,215,8398,Equatorial Guinean Exclusive Economic Zone,200NM,2112,Equatorial Guinea,2112,Equatorial Guinea,GNQ,0,NA,0,NA,NA,0,NA,0,NA,NA,5.43745069906,-1.37183355987,304131.929643,8398
2014-13,57,Pirates,Gas carrier,NA,"GABON:On 2 January, five pirates boarded a drifting gas carrier near position 00-59N 008-23E approximately 55 nm west of Corisco Island. When crewmembers notice them, the alarm was raised and the pirates fled. The master reported that there were a few",tugboats and unlit fishing vessels without AIS in the vicinity.,NA,NA,NA,NA,2014-01-02,2014,215,8398,Equatorial Guinean Exclusive Economic Zone,200NM,2112,Equatorial Guinea,2112,Equatorial Guinea,GNQ,0,NA,0,NA,NA,0,NA,0,NA,NA,5.43745069906,-1.37183355987,304131.929643,8398
2014-6,57,Robbers,General cargo vessel,NA,"GHANA:On 31 December, three robbers boarded an anchored general cargo vessel at position 04-53N 001-41W, Takoradi Roads. When spotted by the security watch, the robbers fled without stealing anything.",NA,NA,NA,NA,NA,2013-12-31,2013,226,8400,Ghanaian Exclusive Economic Zone,200NM,2100,Ghana,2100,Ghana,GHA,0,NA,0,NA,NA,0,NA,0,NA,NA,-0.847226823817,3.50286659343,227218.059083,8400
2013-355,57,PIRATES,PRODUCTS TANKER MT. ALTHEA,NA,"NIGERIA:On 16 December, ten pirates attacked the Marshall Islands-flagged oil products tanker MT ALTHEA and its 18 crewmembers approximately 35 nm off the Niger Delta. After boarding the vessel, the pirates kidnapped the Ukrainian captain and a Greek","engineer.Update:On 4-5 January, the Ukrainian captain and Greek engineer who were kidnapped by Nigerian pirates from the Marshall Islands flagged oil tanker ALTHEA on 16 December were released. According to authorities, the captain and engineer were in",good health and planning to fly out of Nigeria to join their families.,NA,NA,NA,2013-12-16,2013,166,8474,Nigerian Exclusive Economic Zone,200NM,2253,Nigeria,2253,Nigeria,NGA,0,NA,0,NA,NA,0,NA,0,NA,NA,4.82278332072,4.08512461991,179050.962041,8474
2013-356,57,PIRATES,CARGO VESSEL,NA,"CAMEROON:On 3 December, pirates boarded a coastal cargo vessel near position 04-20N 08-45E, approximately 10 nm off the Cameroon coast. Two speedboats with eight pirates in each boat attacked the vessel and briefly board the vessel before a security team",of Cameroon soldiers engaged the robbers in a firefight which forced the pirates to flee the ship. Several pirates were killed during the firefight.,NA,NA,NA,NA,2013-12-03,2013,167,8475,Cameroonian Exclusive Economic Zone,200NM,2170,Cameroon,2170,Cameroon,CMR,0,NA,0,NA,NA,0,NA,0,NA,NA,9.31100269891,3.46271367413,15140.979128,8475
2013-364,57,ROBBERS,TANKER,NA,"NIGERIA:04-12N 006-56E, Bonny Outer Anchorage.While at anchor, an on duty able bodied seaman on board a tanker informed the bridge that one skiff with six robbers was approaching the vessel. As the skiff approached the alarm was raised, and all crew","entered the citadel. The robbers boarded the vessel as their accomplices fire upon the vessel. The Bonny Signal Station was notified. After awhile when no noise was heard the crew came out of the citadel, inspected the vessel and found the robbers had",left the vessel. The vessel sustained damage due to gunfire from the robbers. Nothing was stolen and no injuries to the crew. Later a navy patrol boat arrived at location.,NA,NA,NA,2013-10-03,2013,166,8474,Nigerian Exclusive Economic Zone,200NM,2253,Nigeria,2253,Nigeria,NGA,0,NA,0,NA,NA,0,NA,0,NA,NA,4.82278332072,4.08512461991,179050.962041,8474
2013-268,57,PIRATES,CHEMICAL TANKER,NA,"NIGERIA:On 4 September, an underway chemical tanker was fired upon at position 04-11N 005-34E, 20 nm south of Pennington Oil Terminal. A speed boat approached the chemical tanker with intent to board. The duty officer raised the alarm, alerted the crew","and made evasive maneuvers to prevent the boarding. The pirates tried to board the vessel using hooks attached to a rope. The on board security team fired warning shots at the boat and the pirates retaliated by returning fire. Facing resistance, the",pirates aborted the attempt and moved away from the scene.,NA,NA,NA,2013-09-04,2013,166,8474,Nigerian Exclusive Economic Zone,200NM,2253,Nigeria,2253,Nigeria,NGA,0,NA,0,NA,NA,0,NA,0,NA,NA,4.82278332072,4.08512461991,179050.962041,8474
2013-256,57,Pirates,Product tanker,NA,"NIGERIA:On 15 August, the Nigeria-flagged product tanker NORTE was boarded in the Gulf of Guinea. On 17 August, the vessel was reportedly chased by vessels from the Nigerian Navy; to include two Navy ships of destroyer-size, 6 gun boats, and patrol plane","from the Nigerian Air Force. The Nigerian forces surrounded the tanker in the Niger Delta region. The pirates attempted to flee the tanker when night fell, but were intercepted. During the ensuing gun battle 12 pirates were killed and 4 were captured. No",details on the fate of the crew were given. The tanker is presently anchored in Lagos.,NA,NA,NA,2013-08-15,2013,166,8474,Nigerian Exclusive Economic Zone,200NM,2253,Nigeria,2253,Nigeria,NGA,0,NA,0,NA,NA,0,NA,0,NA,NA,4.82278332072,4.08512461991,179050.962041,8474
2013-257,57,Robbers,Tanker,NA,"NIGERIA:On 15 August, the anchored Marshal Islands-flagged tanker BLUEGREEN TIGRE experienced an attempted boarding in the vicinity of 06-21N 003-28E, at the Lagos Anchorage. Approximately 8-10 robbers, in a speed boat, attempted to place a hook on the","tanker's railing. They were spotted by the crew and the alarm was raised. Upon hearing the alarm and seeing crew alertness, the pirate's boat moved away. Other ships were informed on VHF radio. Local authorities were informed and a naval patrol arrived",at the location and conducted a search.,NA,NA,NA,2013-08-15,2013,166,8474,Nigerian Exclusive Economic Zone,200NM,2253,Nigeria,2253,Nigeria,NGA,0,NA,0,NA,NA,0,NA,0,NA,NA,4.82278332072,4.08512461991,179050.962041,8474
2013-258,57,Gunboats,Offshore support vessel,NA,"NIGERIA:On 12 August, a Nigeria-flagged offshore support vessel was fired upon approximately 35nm off the Nigerian coast. Two gunboats with approximately 7 - 8 pirates on board fired upon the vessel. A near-by patrol boat responded to the emergency","calls. The patrol boat exchanged fire with the pirates, resulting in the pirate boats retreating north at high speed.",NA,NA,NA,NA,2013-08-12,2013,166,8474,Nigerian Exclusive Economic Zone,200NM,2253,Nigeria,2253,Nigeria,NGA,0,NA,0,NA,NA,0,NA,0,NA,NA,4.82278332072,4.08512461991,179050.962041,8474
2013-259,57,Pirates,Chemical tanker,NA,"NIGERIA:On 12 August, the anchored Marshall Islands-flagged chemical tanker SP ATLANTA was hijacked at 06-19N 003-27E, at the Lagos Anchorage. Approximately 11 pirates, armed with guns, boarded and hijacked the chemical tanker at anchor. They stole crew","personal belongings and caused minor injuries to the crew members. On the 13 August, the vessel was released and safely arrived at the Lagos Anchorage.",NA,NA,NA,NA,2013-08-12,2013,166,8474,Nigerian Exclusive Economic Zone,200NM,2253,Nigeria,2253,Nigeria,NGA,0,NA,0,NA,NA,0,NA,0,NA,NA,4.82278332072,4.08512461991,179050.962041,8474
2013-251,57,Robbers,Product tanker,NA,"NIGERIA:On 11 August, robbers in a small skiff attempted to board the anchored Liberia-flagged product tanker FPMC 25 at 06-18N 003-26E, at the Lagos Anchorage. Master raised the alarm and mustered the crew, while embarked armed guards fired warning","shots, resulting in the skiff moving away.",NA,NA,NA,NA,2013-08-11,2013,166,8474,Nigerian Exclusive Economic Zone,200NM,2253,Nigeria,2253,Nigeria,NGA,0,NA,0,NA,NA,0,NA,0,NA,NA,4.82278332072,4.08512461991,179050.962041,8474
2013-244,57,robbers,bulk carrier ATHOS,NA,"IVORY COAST:On 31 July, the Cayman Islands-flagged anchored bulk carrier ATHOS was boarded at 05-13N 004-03W, at the Abidjan Anchorage. Robbers boarded the ship at anchor using a long pole with a hook. The crew spotted them and raised the alarm. On","hearing the alarm, the robbers escaped in a wooden boat. All crew are safe and nothing was stolen.",NA,NA,NA,NA,2013-07-31,2013,119,8473,Ivory Coast Exclusive Economic Zone,200NM,2161,Ivory Coast,2161,Ivory Coast,CIV,0,NA,0,NA,NA,0,NA,0,NA,NA,-5.4494860846,3.30806149919,172015.188351,8473
2013-245,57,gunboat,chemical tanker HIGH JUPITER,NA,"NIGERIA:On 30 July, the Hong Kong-flagged underway chemical tanker HIGH JUPITER was fired upon at 03-31N 006-05E, approximately 45 nm south of Brass. A gunboat claiming to be a Nigerian navy boat called a chemical tanker on VHF and asked details of","vessel, cargo, last and next ports. This information was passed to the gun boat. After approximately 15 minutes, the gun boat approached the vessel at high speed and demanded that the vessel be stopped and boarding permitted. The Master informed them",that he would not be stopping due to the areas high risk for piracy attacks. The gun boat threatened them and followed the vessel for 20 minutes and then fired two shots in the air. The Master immediately raised the alarm over VHF and requested ships in,"the vicinity relay its message to port control, which was not responding to its calls. Upon hearing the VHF alarm, the gun boat moved away.",NA,NA,2013-07-30,2013,166,8474,Nigerian Exclusive Economic Zone,200NM,2253,Nigeria,2253,Nigeria,NGA,0,NA,0,NA,NA,0,NA,0,NA,NA,4.82278332072,4.08512461991,179050.962041,8474
2013-225,57,PIRATES,SUPPLY VESSEL C VIKING,NA,"NIGERIA:On 19 July, the Vanuatu-flagged anchored offshore supply vessel C VIKING was boarded at 04-18N 007-46E, at the Usari Field, offshore Akwa lbom state. Crew managed to lock themselves in a citadel, no injuries reported. Pirates looted the vessel,","including bridge, and destroyed some equipment on the bridge before leaving.",NA,NA,NA,NA,2013-07-19,2013,166,8474,Nigerian Exclusive Economic Zone,200NM,2253,Nigeria,2253,Nigeria,NGA,0,NA,0,NA,NA,0,NA,0,NA,NA,4.82278332072,4.08512461991,179050.962041,8474
2013-234,57,PIRATES,PRODUCT TANKER LOULOU,NA,"NIGERIA:On 24 July, the anchored Nigeria-flagged product tanker LOULOU was boarded at 04-16N 007-56E, at the Eked Offshore Anchorage, approximately 40 nm southeast of Port Harcourt. Pirates reportedly boarded the vessel, destroyed the bridge laptop, and","inflicted damage to the bridge via gun shots. Two suspected pirate's remained in hiding aboard the ship, until their later discovery, when they jumped overboard. Exxon Terminal security staffs responded to the incident, but were unable to locate any of",the suspects.,NA,NA,NA,2013-07-19,2013,166,8474,Nigerian Exclusive Economic Zone,200NM,2253,Nigeria,2253,Nigeria,NGA,0,NA,0,NA,NA,0,NA,0,NA,NA,4.82278332072,4.08512461991,179050.962041,8474
2013-226,57,ROBBERS,BULK CARRIER LIBERTY GRACE,NA,"TOGO:On 18 July, the United States-flagged anchored bulk carrier LIBERTY GRACE experienced an attempted boarding at 06-05N 001-17E, at the Lome Anchorage. Duty Officer on board the anchored bulk carrier spotted an unlit skiff with 5-6 persons","approaching. The Duty Officer directed the ship search light towards the skiff, raised the alarm, activated the fire hoses, and called the Togo navy. It was observed that the robbers, with hoods pulled over their heads, were attempting to board the",vessel using a pole and hook. Three flares were fired in the direction of the skiff. Seeing the crew alertness the robbers aborted the attempt and moved away. During the incident another two skiffs were observed close to the vessel. A navy boat arrived,later at the location.,NA,NA,2013-07-18,2013,147,8392,Togolese Exclusive Economic Zone,200NM,8632,Togo,8632,Togo,TGO,0,NA,0,NA,NA,0,NA,0,NA,NA,1.82134961928,4.6394919934,15439.2618032,8392
2013-214,57,PIRATES,TANKER OCEAN CENTURION,NA,"TOGO:On 16 July, the Marshall Islands-flagged underway product tanker OCEAN CENTURION was hijacked at 05-29N 001-38E, approximately 46nm southeast of Lome. Armed pirates in two speed boats approached, boarded, and hijacked the product tanker. They took","hostage all the crew members, stole their personal belongings, ordered the Master to sail south, and then north towards the Togo/Benin border. The pirates then disembarked and escaped via a speedboat, 12nm from the coastline. The Togo Navy was informed","about the hijacking and a patrol boat was dispatched, which escorted the tanker to Lome anchorage for investigation. Two crew members were injured during the incident and were transferred to a clinic for medical attention.",NA,NA,NA,2013-07-16,2013,147,8392,Togolese Exclusive Economic Zone,200NM,8632,Togo,8632,Togo,TGO,0,NA,0,NA,NA,0,NA,0,NA,NA,1.82134961928,4.6394919934,15439.2618032,8392
2013-223,57,PIRATES,MERCHANT VESSEL,NA,GULF OF GUINEA:M/V attacked in 01-6.8N 004-41.0E on 16 July 2013 at 0410Z. Vessels are advised to keep clear of this position and to exercise extreme caution.,NA,NA,NA,NA,NA,2013-07-16,2013,168,8397,Sao Tome and Principe Exclusive Economic Zone,200NM,2238,Sao Tome and Principe,2238,Sao Tome and Principe,STP,0,NA,0,NA,NA,0,NA,0,NA,NA,6.35334522867,0.779096486722,130840.024661,8397
2013-215,57,PIRATES,CHEMICAL TANKER COTTON,NA,"GABON:On 15 July, the Malta-flagged underway chemical tanker COTTON was hijacked at 00-26S 008-51E, approximately 13 nm off Port Gentil. 12 to 15 gunmen armed with AK-47 assault rifles hijacked the tanker and its 23 crewmembers. The tanker was later",released on 22 July.,NA,NA,NA,NA,2013-07-15,2013,258,8476,Gabonese Exclusive Economic Zone,200NM,2104,Gabon,2104,Gabon,GAB,0,NA,0,NA,NA,0,NA,0,NA,NA,8.73897075276,-3.06254123261,201753.746636,8476
2013-222,57,PIRATES,MERCHANT VESSEL,NA,"GABON:On 15 July 2013 at 0552 LT, a merchant ship at anchored was suspected to be hijacked by pirates at position 00-26.49S 008-51.45E, around 17.4 nm north of Port Gentil, Gabon. The owner reported that they had lost communication with the vessel.",Further detail awaits.,NA,NA,NA,NA,2013-07-15,2013,258,8476,Gabonese Exclusive Economic Zone,200NM,2104,Gabon,2104,Gabon,GAB,0,NA,0,NA,NA,0,NA,0,NA,NA,8.73897075276,-3.06254123261,201753.746636,8476
2013-227,57,ROBBERS,LANDING CRAFT RENOVATION,NA,"GABON:On 14 July, the Gabon-flagged underway landing craft RENOVATION was boarded at 00-29S 008-51E, at Port Gentil. Approximately 20 armed robbers in a speed boat approached and boarded the landing craft underway. They stole crew personal belongings and",escaped. Port maritime authority notified. No injury to crew or any damage to vessel.,NA,NA,NA,NA,2013-07-15,2013,258,8476,Gabonese Exclusive Economic Zone,200NM,2104,Gabon,2104,Gabon,GAB,0,NA,0,NA,NA,0,NA,0,NA,NA,8.73897075276,-3.06254123261,201753.746636,8476
2013-217,57,PIRATES,SUPPLY VESSEL,NA,"GULF OF GUINEA:On 7 July, gunmen boarded and kidnapped the crew of an underway supply vessel at 04-24N 007-03E, in the vicinity of the New Calabar River. The incident took place as the vessel was transiting from Port Harcourt to Nembe. Initial reports","state that the captain, chief engineer and a deckhand were taken hostage.",NA,NA,NA,NA,2013-07-07,2013,166,8474,Nigerian Exclusive Economic Zone,200NM,2253,Nigeria,2253,Nigeria,NGA,0,NA,0,NA,NA,0,NA,0,NA,NA,4.82278332072,4.08512461991,179050.962041,8474
2013-218,57,ROBBERS,BULK CARRIER,NA,"NIGERIA:On 5 July, an anchored bulk carrier was boarded at 06-26N 003-23E, on Lagos Port Road. Three armed men were reported to have separated part of the razor wire and gained access via a rope. The bosun spotted them and alerted the duty officer by",radio. The bosun was subsequently wounded by the gunmen before other crew came to assist. The robbers escaped via speedboat. The injured crew member was hospitalized.,NA,NA,NA,NA,2013-07-05,2013,166,8474,Nigerian Exclusive Economic Zone,200NM,2253,Nigeria,2253,Nigeria,NGA,0,NA,0,NA,NA,0,NA,0,NA,NA,4.82278332072,4.08512461991,179050.962041,8474
2013-221,57,PIRATES,FISHING VESSEL,NA,"NIGERIA:On 27 June 2013, a fishing vessel was attacked at approximately 9 nm north of Brass Terminal. Several crew members were assaulted and the vessel had some damage. Two crew members may have been kidnapped. No more information.",NA,NA,NA,NA,NA,2013-06-27,2013,166,8474,Nigerian Exclusive Economic Zone,200NM,2253,Nigeria,2253,Nigeria,NGA,0,NA,0,NA,NA,0,NA,0,NA,NA,4.82278332072,4.08512461991,179050.962041,8474
2013-186,57,ROBBERS,CHEMICAL TANKER ADOUR,NA,"TOGO:On 13 June, the anchored France-flagged chemical tanker ADOUR was hijacked at 05-41N 001-18E, approximately 30 nm south of Lome. Armed robbers boarded an anchored chemical tanker and took the duty officer hostage to the Masters cabin. When the",Master opened the cabin door the robbers hit the Master on the face and ordered him to muster the crew on the bridge. Once the crew was mustered on the bridge one of the younger robbers was very violent and beat the crew as well as broke a glass on one,"of the crews head. The robbers asked the Master and the C/O about the cargo in the tanks and when the Master replied that the vessel was in ballast the robbers again beat the Master and asked him to weigh anchor and proceed south. At around 0315 LT, the","robbers speed boat returned with more people. At around 0500 LT, the tanker sailed towards Lagos and the robbers appeared to be negotiating on the satellite phone. They then ordered the Master to use the tanker to approach other vessels in the area and","they asked the crew to fabricate a ladder in facilitate the boarding. On 16 Jun, the robbers took two crew members and disembarked from the tanker with the rescue boat taking along ship's cash, crew cash and personal belongings. The crews were released",once later. Three crew members were injured during the incident. Incident reported to Togo and French Authorities.,2013-06-13,2013,226,8400,Ghanaian Exclusive Economic Zone,200NM,2100,Ghana,2100,Ghana,GHA,0,NA,0,NA,NA,0,NA,0,NA,NA,-0.847226823817,3.50286659343,227218.059083,8400
2013-187,57,PIRATES,SUPPLY VESSEL MDPL CONTINENTAL ONE,NA,"NIGERIA:On 13 June, the Singapore-flagged underway offshore supply vessel MDPL CONTINENTAL ONE was boarded and personnel kidnapped at 04-02N 008-02E, approximately 7 nm southwest of the OFON Oil Field. Two fiberglass speed- boats, each with 2 outboards","engines, each carrying 14 gunmen in wearing casual t-shirts and no masks, launched an attack. The pirates were armed with AK47's. After stealing personal items and belongings, four expat crew were kidnapped (Polish (Chief Engineer) and three Indians","(Captain, Chief Officer, and Bosun).",NA,NA,NA,2013-06-13,2013,166,8474,Nigerian Exclusive Economic Zone,200NM,2253,Nigeria,2253,Nigeria,NGA,0,NA,0,NA,NA,0,NA,0,NA,NA,4.82278332072,4.08512461991,179050.962041,8474
2013-179,57,PIRATES,SUPPLY SHIP C VIKING,NA,"NIGERIA:On 04 June, the underway offshore supply ship C VIKING was attacked in the vicinity of 04-14N 007-45E, at the Usari Field. No further reporting at this time.",NA,NA,NA,NA,NA,2013-06-04,2013,166,8474,Nigerian Exclusive Economic Zone,200NM,2253,Nigeria,2253,Nigeria,NGA,0,NA,0,NA,NA,0,NA,0,NA,NA,4.82278332072,4.08512461991,179050.962041,8474
2013-177,57,PIRATES,SUPPLY SHIP,NA,"NIGERIA:04 June 2013, 2300 UTC, Position: 04-14.9N 007-45.7E, USARI Field, Nigeria. Pirates boarded an offshore supply ship underway, on standby duties. Seeing the pirates the crew raised the alarm, retreated into the citadel, alerted other vessels and",shore based office by VHF and waited until the pirates had left. On investigation it was found that ship's and crew belongings were stolen. All crew safe.,NA,NA,NA,NA,2013-06-04,2013,166,8474,Nigerian Exclusive Economic Zone,200NM,2253,Nigeria,2253,Nigeria,NGA,0,NA,0,NA,NA,0,NA,0,NA,NA,4.82278332072,4.08512461991,179050.962041,8474
2013-180,57,ROBBERS,CHEMICAL TANKER RHINO,NA,"NIGERIA:On 03 June, the Singapore-flagged chemical tanker RHINO was fired upon at 06-16N 003-20E, at the Lagos Anchorage. While at anchor, an unknown number of robbers attempted to board the vessel through the hawse pipe via chain locker and exchanged",gunshots with the Nigerian naval personnel onboard. The general alarm was activated and the crew mustered at the designated muster station. The robber's boat eventually left after 20 minutes. There was no injury to the crew or items stolen.,NA,NA,NA,NA,2013-06-03,2013,166,8474,Nigerian Exclusive Economic Zone,200NM,2253,Nigeria,2253,Nigeria,NGA,0,NA,0,NA,NA,0,NA,0,NA,NA,4.82278332072,4.08512461991,179050.962041,8474
2013-145,57,ROBBERS,CHEMICAL TANKER MARIELLA BOTTIGLIERI,NA,"TOGO:On 17 May, the anchored chemical tanker MARIELLA BOTTIGLIERI experienced an attempted boarding at 06-03N 001-17 E, at the Lome Anchorage. Eleven robbers in an unlit boat approached the anchored chemical tanker. The duty A/B noticed the boat and","informed the OOW who raised the alarm, contacted Togo Navy, and activated the fire pumps. Two persons jumped into the water and attempted to board the tanker via the anchor chain, but failed and returned to their boat. Later, the boat returned and",approached again from the port quarter with additional persons who were seen holding hooks attached with ropes. The duty crew directed search lights towards the boat and noticed that the boat was flooding due to the fire hose water. The boat remained,"alongside the ship and made several attempts to board the tanker. After several failed attempts at boarding, the persons aborted and moved away. Shortly after, a Togo Navy boat arrived at the location and patrolled the area.",NA,NA,2013-05-17,2013,147,8392,Togolese Exclusive Economic Zone,200NM,8632,Togo,8632,Togo,TGO,0,NA,0,NA,NA,0,NA,0,NA,NA,1.82134961928,4.6394919934,15439.2618032,8392
2013-147,57,PIRATES,TANKER BARGE LADY SWATHIN,NA,"NIGERIA:On 14 May, the self-propelled tanker barge LADY SWATHIN was hijacked at 04-20N 007-40E, approximately 8.5 nm south of the Opobo River Estuary. The self-propelled tanker barge was reported as being hijacked by nine armed pirates in a white-hulled","speedboat at approximately 08:00 LT. Both the LADY SWATHIN and SAINT PATRICK were attacked in the same area off Idoho field, approximately six hours apart.",NA,NA,NA,NA,2013-05-14,2013,166,8474,Nigerian Exclusive Economic Zone,200NM,2253,Nigeria,2253,Nigeria,NGA,0,NA,0,NA,NA,0,NA,0,NA,NA,4.82278332072,4.08512461991,179050.962041,8474
2013-146,57,PIRATES,SUPPORT VESSEL SAINT PATRICK,NA,"NIGERIA:On 14 May, the offshore diving support vessel SAINT PATRICK was boarded at 04-25N 007-28E, approximately 7.5 nm south-southwest of the Opobo river estuary. The offshore diving support vessel was reported as being boarded and attacked by pirates","at approximately 02:00 LT. Both the SAINT PATRICK and LADY SWATHIN were attacked in the same area off Idoho field, approximately six hours apart.",NA,NA,NA,NA,2013-05-14,2013,166,8474,Nigerian Exclusive Economic Zone,200NM,2253,Nigeria,2253,Nigeria,NGA,0,NA,0,NA,NA,0,NA,0,NA,NA,4.82278332072,4.08512461991,179050.962041,8474
2013-148,57,SUSPICIOUS CRAFT,OIL TANKER,NA,"NIGERIA:On 13 May, an anchored oil tanker was boarded at 06-20N 003-19E, approximately 8 nm south-southwest of Lagos. Vessel reported to authorities via VHF Channel 16 that two persons had boarded the ship and were seen on the deck. During the","communication, vessel stated that the two people had jumped overboard.",NA,NA,NA,NA,2013-05-13,2013,166,8474,Nigerian Exclusive Economic Zone,200NM,2253,Nigeria,2253,Nigeria,NGA,0,NA,0,NA,NA,0,NA,0,NA,NA,4.82278332072,4.08512461991,179050.962041,8474
2013-149,57,PIRATES,FISHING VESSEL,NA,"NIGERIA:On 12 May, a fishing vessel was attacked approximately 15 nm south of Akwa Ibom state. The fishing trawler reported being attacked by armed pirates in a white-hulled speedboat at 0820 LT. Later, the same speedboat was reported to have approached","another fishing vessel at 0900 LT, off Calabar River.",NA,NA,NA,NA,2013-05-12,2013,166,8474,Nigerian Exclusive Economic Zone,200NM,2253,Nigeria,2253,Nigeria,NGA,0,NA,0,NA,NA,0,NA,0,NA,NA,4.82278332072,4.08512461991,179050.962041,8474
2013-136,57,PIRATES,TANKER CAP LARA,NA,"TOGO:On 9 May, the tanker CAP LARA experienced an attempted boarding at 06-04N 001-15E, at the Lome Anchorage. Eight persons in a boat came alongside the anchored tanker and attempted to board the vessel. Alert duty crew spotted the approaching boat,","sounded the alarm, charged fire hoses, and informed Togo Navy. As the boat attempted to come along side from various directions, the crew used fire hoses to prevent a boarding. The suspected pirates eventually abandoned their boarding attempts when their",boat began to fill up with water from the fire hoses. All crew were safe on the vessel.,NA,NA,NA,2013-05-09,2013,147,8392,Togolese Exclusive Economic Zone,200NM,8632,Togo,8632,Togo,TGO,0,NA,0,NA,NA,0,NA,0,NA,NA,1.82134961928,4.6394919934,15439.2618032,8392
2013-137,57,PIRATES,BULK CARRIER CENTENARIO BLU,NA,"NIGERIA:On 7 May, the bulk carrier CENTENARIO BLU was fired upon at 04-43N 008-20E, approximately 4 nm north-northeast of James Town. Seven heavily armed pirates in a speed boat approached and fired upon the underway bulk carrier, channeling at Calabar","River with Calabar Pilot onboard. Master raised alarm, increased speed, sent distress message, activated SSAS, and had non-essential crew members mustered in the citadel. The pirates aborted the attack and moved away when they heard the ship¿s alarm. No",injuries endured by the crew.,NA,NA,NA,2013-05-07,2013,166,8474,Nigerian Exclusive Economic Zone,200NM,2253,Nigeria,2253,Nigeria,NGA,0,NA,0,NA,NA,0,NA,0,NA,NA,4.82278332072,4.08512461991,179050.962041,8474
2013-131,57,PIRATES,MERCHANT VESSEL,NA,"GULF OF GUINEA:On 06 May 2013, at 0010 UTC, a merchant vessel was attacked by pirates around the vicinity of position 05-41.0N 001-26.2E. All crew are in the citadel and TOGO Navy armed personnel onboard still monitoring the situation. Pirates may still",be in the area and if possible ships should keep clear of this areaa. Ships are advised to maintain strict anti piracy measures. Vessels are advised to monitor the IMB PRC satellite broadcast warnings via INMARSAT C EGC safety net and report all attacks,and suspicious sightings to the IMB piracy reporting center.,NA,NA,NA,2013-05-06,2013,147,8392,Togolese Exclusive Economic Zone,200NM,8632,Togo,8632,Togo,TGO,0,NA,0,NA,NA,0,NA,0,NA,NA,1.82134961928,4.6394919934,15439.2618032,8392
2013-139,57,PIRATES,TANKER MADONNA I,NA,"TOGO:On 5 May, the tanker MADONNA I was boarded at 05-41N 001-26E, approximately 27nm south-southeast of Lome. Nine armed pirates in a speed boat approached the tanker during STS operations. Three pirates boarded the tanker and opened fire. The Togo navy",guards on board another tanker alongside exchanged fire with the pirates resulting in the pirates aborting the attempted attack and moving away.,NA,NA,NA,NA,2013-05-05,2013,147,8392,Togolese Exclusive Economic Zone,200NM,8632,Togo,8632,Togo,TGO,0,NA,0,NA,NA,0,NA,0,NA,NA,1.82134961928,4.6394919934,15439.2618032,8392
2013-132,57,PIRATES,CARGO SHIP FRIO ATHENS,NA,"NIGERIA:On 4 May, the underway cargo ship FRIO ATHENS was fired upon at 03-49N 006-41E, approximately 33 nm southwest of Bonny. Six to eight pirates in a speed boat chased and fired upon an underway refrigerated cargo ship. The vessel enforced","anti-piracy measures and managed to move away. All crew was safe, but the ship sustained minor damage due to the firing.",NA,NA,NA,NA,2013-05-04,2013,166,8474,Nigerian Exclusive Economic Zone,200NM,2253,Nigeria,2253,Nigeria,NGA,0,NA,0,NA,NA,0,NA,0,NA,NA,4.82278332072,4.08512461991,179050.962041,8474
2013-120,57,PIRATES,CONTAINER SHIP CITY OF GUANGZHOU,NA,"NIGERIA:On 26 April, the underway container ship CITY OF GUANGZHOU experienced an attempted boarding at 03-48N 004-57E, approximately 83 nm west-southwest of Brass. Pirates in a boat attempted to attack a container ship underway. Master raised alarm,","switched off all ship¿s lights, altered course and increased speed. The boat chased the ship for one hour and aborted the attempted attack.",NA,NA,NA,NA,2013-04-26,2013,166,8474,Nigerian Exclusive Economic Zone,200NM,2253,Nigeria,2253,Nigeria,NGA,0,NA,0,NA,NA,0,NA,0,NA,NA,4.82278332072,4.08512461991,179050.962041,8474
2013-121,57,PIRATES,CONTAINER SHIP CITY OF XIAMEN,NA,"NIGERIA:On 25 April, the underway container ship CITY OF XIAMEN was boarded at 04-10N 005-30E, approximately 45 nm west-southwest of Brass. Heavily armed pirates boarded underway ship. The ship raised the alarm and the crew took shelter in the citadel.",The pirates were able to breach the citadel and kidnapped five crewmembers before departing the vessel. The remaining crews were reported safe.,NA,NA,NA,NA,2013-04-25,2013,166,8474,Nigerian Exclusive Economic Zone,200NM,2253,Nigeria,2253,Nigeria,NGA,0,NA,0,NA,NA,0,NA,0,NA,NA,4.82278332072,4.08512461991,179050.962041,8474
2013-107,57,PIRATES,CARGO SHIP BOSUN,NA,"NIGERIA:On 24 April, the underway cargo ship BOSUN was fired upon at 03-51N 005-40E, approximately 32 nm off the Niger Delta. The 3rd Officer observed one skiff approaching the vessel. The pirate's skiff approached from the starboard abeam, increased","speed (26 knots), and was very close to the vessel when the pirates started shooting. The crew raised the alarm, SSAS was activated, announced by VHF CH-16 that the vessel was under attack, and initiated evasive maneuvers. Pirate's skiff came upon the","starboard quarter and attempted to board the vessel. After approximately 30 minutes, the skiff aborted the attack. No crew injuries, but the vessel sustained damage from where the bullets struck the vessel.",NA,NA,NA,2013-04-24,2013,166,8474,Nigerian Exclusive Economic Zone,200NM,2253,Nigeria,2253,Nigeria,NGA,0,NA,0,NA,NA,0,NA,0,NA,NA,4.82278332072,4.08512461991,179050.962041,8474
2013-108,57,PIRATES,CONTAINER SHIP HANSA MARBURG,NA,"NIGERIA:On 22 April, the container ship HANSA MARBURG was boarded at 02-31N 006-50E, approximately 133nm South of Port Harcourt. Armed pirates boarded a container ship underway. They kidnapped four crew members and escaped. No injuries were reported to",the remaining crew members who sailed the ship to Senegal.,NA,NA,NA,NA,2013-04-22,2013,169,21797,Joint regime area Nigeria / Sao Tome and Principe,Joint regime,2238,Sao Tome and Principe,2238,Sao Tome and Principe,STP,2253,Nigeria,2253,Nigeria,NGA,0,NA,0,NA,NA,5.58698920142,2.06760424839,34536.3549382,21797
2013-109,57,SUSPICIOUS CRAFT,OIL TANKER CAP THEODORA,NA,"GULF OF GUINEA:On 22 April, the crude oil tanker CAP THEODORA was attacked near position 03-06N 007-08E, approximately 77 nm south of Bonny, Nigeria. During this attack, the vessel was approached by a speedboat with five or six men on board while","underway. The men attempted to board the tanker several times. The attack was reportedly thwarted by protective measures enacted by the crew and by defensive maneuvering. A fishing trawler with a red hull and white superstructure was spotted nearby,","possibly acting as a mothership. Of note, this ship was previously attacked on the same voyage, on 16 April. In that event, which took place near Principe Island, in the Gulf of Guinea, armed pirates in a skiff approached and fired upon the ship.","According to a report from the International Maritime Bureau, the alarm was raised and distress signals were activated; the fire pump was started; the crew went to their emergency stations and to the citadel; the ship's speed was increased and evasive","maneuvers were made. After about 20 minutes the skiff aborted the attack and moved away, leaving the crew and vessel unharmed.",NA,2013-04-22,2013,166,8474,Nigerian Exclusive Economic Zone,200NM,2253,Nigeria,2253,Nigeria,NGA,0,NA,0,NA,NA,0,NA,0,NA,NA,4.82278332072,4.08512461991,179050.962041,8474
2013-110,57,ROBBERS,CARGO SHIP CORINTH,NA,"CONGO:On 18 April, the anchored cargo ship CORINTH experienced an attempted boarding at 04-44S 011-48E, at the Pointe Noire Anchorage. Three robbers in a small boat approached and attempted to board an anchored ship. Alert duty crew spotted the robbers","climbing the anchor chain and raised the alarm. On hearing the alarm, the robbers jumped into the water and escaped empty handed. Incident reported to port control.",NA,NA,NA,NA,2013-04-18,2013,38,8394,Congolese Exclusive Economic Zone,200NM,8633,Republic of the Congo,8633,Republic of the Congo,COG,0,NA,0,NA,NA,0,NA,0,NA,NA,10.5957743479,-5.33647579774,33806.6828524,8394
2013-101,57,SUSPICIOUS CRAFT,TANKER CAP THEODORA,NA,"GULF OF GUINEA:On 16 April, the underway tanker CAP THEODORA was fired upon at 01-48N 006-46E approximately 36 nm west-northwest of Principe Island. The crew raised the alarm, activated the SSAS, initiated distress signals, and started the fire pump.","Crew then proceeded to their emergency stations and citadel, while the master increased the vessel's speed and initiated evasive maneuvers. After approximately 20 minutes, the skiff aborted the attack and moved away.",NA,NA,NA,NA,2013-04-16,2013,168,8397,Sao Tome and Principe Exclusive Economic Zone,200NM,2238,Sao Tome and Principe,2238,Sao Tome and Principe,STP,0,NA,0,NA,NA,0,NA,0,NA,NA,6.35334522867,0.779096486722,130840.024661,8397
2013-111,57,PIRATES,TANKER LEON DIAS,NA,"NIGERIA:On 13 April, the tanker LEON DIAS was boarded at 03-48N 006-25E, approximately 30nm Southeast of Brass. Vessel issued a distress signal, reported being under attack, and boarded by pirates. Although no further details are available; it is","presumed the crew and vessel were robbed. Pirates departed the tanker and with the crew safe, the vessel proceeded to Douala.",NA,NA,NA,NA,2013-04-13,2013,166,8474,Nigerian Exclusive Economic Zone,200NM,2253,Nigeria,2253,Nigeria,NGA,0,NA,0,NA,NA,0,NA,0,NA,NA,4.82278332072,4.08512461991,179050.962041,8474
2013-85,57,PIRATES,TANKER SEA HERMES,NA,"NIGERIA:On 30 March, the tanker SEA HERMES was fired upon at 03-57N 006-41E, approximately 22 nm ssw of Bonny. A small skiff containing 8 to 10 pirates was sighted fast approaching the tankers starboard bow. Master and Duty Officer flashed a light and","shouted at the suspicious craft. Upon seeing the crew's alertness, the suspicious craft immediately moved away while firing upon the ship. No crew injuries sustained. Bullet marks were left on the starboard bridge wing, accommodations house, and one",floodlight.,NA,NA,NA,2013-03-30,2013,166,8474,Nigerian Exclusive Economic Zone,200NM,2253,Nigeria,2253,Nigeria,NGA,0,NA,0,NA,NA,0,NA,0,NA,NA,4.82278332072,4.08512461991,179050.962041,8474
2013-74,57,ROBBERS,CARGO SHIP OCEAN CHARGER,NA,"IVORY COAST:On 24 March, the berthed cargo ship OCEAN CHARGER was boarded in the vicinity of 05-17N 004-01W, at the Abidjan Port. Shore security guard onboard the vessel noticed two robbers at the aft mooring station. He immediately informed the Duty","Officer, who alerted the Master and other crew members. Upon seeing the alerted crew, the robbers jumped overboard and escaped in their small boat. Port control was informed, who later informed the Master that the robbers were detained and the stolen",items were recovered.,NA,NA,NA,2013-03-24,2013,119,8473,Ivory Coast Exclusive Economic Zone,200NM,2161,Ivory Coast,2161,Ivory Coast,CIV,0,NA,0,NA,NA,0,NA,0,NA,NA,-5.4494860846,3.30806149919,172015.188351,8473
2013-64,57,PIRATES,VESSEL ARMADA TUAH 22,NA,"NIGERIA:On 04 March, the vessel ARMADA TUAH 22 was hijacked at 03-42N 005-39E, approximately 50 nm southwest of Brass. Contact with the vessel's owner was lost and the vessel did not respond to radio calls, and the vessel's AIS was turned off.","Unconfirmed reports state that the Captain, Chief Engineer and Second Engineer were kidnapped. A cook was also reported to have been injured in the attack.",NA,NA,NA,NA,2013-03-04,2013,166,8474,Nigerian Exclusive Economic Zone,200NM,2253,Nigeria,2253,Nigeria,NGA,0,NA,0,NA,NA,0,NA,0,NA,NA,4.82278332072,4.08512461991,179050.962041,8474
2013-98,57,PIRATES,SUPPLY SHIP,NA,"NIGERIA:Armed pirates attacked and boarded a supply ship underway. at 3-57.3N 5-21.0E, about 57 nm WSW of Brass.",NA,NA,NA,NA,NA,2013-03-04,2013,166,8474,Nigerian Exclusive Economic Zone,200NM,2253,Nigeria,2253,Nigeria,NGA,0,NA,0,NA,NA,0,NA,0,NA,NA,4.82278332072,4.08512461991,179050.962041,8474
2013-65,57,PIRATES,FISHING TRAWLER,NA,"NIGERIA:On 02 March, a fishing trawler was attacked at 04-07N 005-36E, approximately 25 nm from the Bayelsa Coast. Unconfirmed reports state that the Captain was killed during the attack. The pirates managed to escape, prior to the arrival of the",Nigerian Naval Patrol.,NA,NA,NA,NA,2013-03-02,2013,166,8474,Nigerian Exclusive Economic Zone,200NM,2253,Nigeria,2253,Nigeria,NGA,0,NA,0,NA,NA,0,NA,0,NA,NA,4.82278332072,4.08512461991,179050.962041,8474
2013-56,57,PIRATES,PASSENGER VESSEL,NA,"NIGERIA:On 25 February, a passenger boat was boarded and personnel kidnapped at 04-37N 008-22E, in the Ibaka Channel, Calabar River. The vessel was attacked and boarded by approximately 20 armed pirates in two speedboats. The pirates were reported to",have kidnapped one person. The vessel continued to port.,NA,NA,NA,NA,2013-02-25,2013,166,8474,Nigerian Exclusive Economic Zone,200NM,2253,Nigeria,2253,Nigeria,NGA,0,NA,0,NA,NA,0,NA,0,NA,NA,4.82278332072,4.08512461991,179050.962041,8474
2013-57,57,PIRATES,CARGO SHIP KOTA BAHAGIA,NA,"NIGERIA:On 22 February, the cargo ship KOTA BAHAGIA was fired upon and endured multiple attempted boardings at 03-51N 005-57E, approximately 30 nm SSW of Brass. A gand of approximately six pirates armed with automatic rifles in a skiff launched from a","mother vessel, chased and fired upon the vessel while underway. Master raised alarm, activated anti-piracy preventive measures, increased speed, took evasive maneuvers, and directed non-essential crew to shelter in the citadel. The pirates attempted to","board the ship several times, and finally aborted the attempt due to the hardening measures taken by the ship. Incident reported to MRCC Nigeria. No Injuries to crew, but the ship sustained some damage due to the firing.",NA,NA,NA,2013-02-22,2013,166,8474,Nigerian Exclusive Economic Zone,200NM,2253,Nigeria,2253,Nigeria,NGA,0,NA,0,NA,NA,0,NA,0,NA,NA,4.82278332072,4.08512461991,179050.962041,8474
2013-42,57,PIRATES,TUG ARMADA TUGAS 1,NA,"NIGERIA:On 17 February, the tug ARMADA TUGAS 1 was boarded and personnel kidnapped at 03-57N 005-20E, approximately 40 nm WSW of Brass. Pirates boarded the vessel and kidnapped 6 officers. The remaining 12 crew members were unharmed and there was no",damage to the vessel. The vessel and remaining crew were escorted back to Port Harcourt.,NA,NA,NA,NA,2013-02-17,2013,166,8474,Nigerian Exclusive Economic Zone,200NM,2253,Nigeria,2253,Nigeria,NGA,0,NA,0,NA,NA,0,NA,0,NA,NA,4.82278332072,4.08512461991,179050.962041,8474
2013-34,57,PIRATES,CARGO SHIP,NA,"NIGERIA:On 11 February, the general cargo ship SAFMARINE SAHEL was fired upon at 04-06N 006-52E, approximately 10.5 nm southwest from Bonny River fairway buoy. While the cargo ship was underway, it noticed a speedboat approaching from portside containing","four pirates. The skiff came alongside and the pirates attempted to board the vessel. Evasive maneuvers were utilized such as increasing speed, raising the alarm, and all crew mustering on the bridge. Pirates launched gun fire on the vessel's","superstructure. The vessel was able to evade the pirates, but was pursued for approximately 20 minutes, before the pirates aborted the attempts at boarding the vessel.",NA,NA,NA,2013-02-11,2013,166,8474,Nigerian Exclusive Economic Zone,200NM,2253,Nigeria,2253,Nigeria,NGA,0,NA,0,NA,NA,0,NA,0,NA,NA,4.82278332072,4.08512461991,179050.962041,8474
2013-52,57,PIRATES,CARGO SHIP WALVIS 7,NA,"NIGERIA:On 10 February, the cargo ship WALVIS 7 was boarded and personnel kidnapped at 03-33N 006-35E, approximately 45nm off Bonny River. Twelve heavily armed pirates approached, fired upon, and boarded the vessel while underway. Alarm raised and most","of the crew retreated into the citadel. Pirates stole cash and personal belongings. Prior to escaping, the pirates captured and kidnapped the Chief Engineer and Master. The remaining 18 crewmembers arrived safely at port.",NA,NA,NA,NA,2013-02-10,2013,166,8474,Nigerian Exclusive Economic Zone,200NM,2253,Nigeria,2253,Nigeria,NGA,0,NA,0,NA,NA,0,NA,0,NA,NA,4.82278332072,4.08512461991,179050.962041,8474
2013-53,57,PIRATES,CARGO SHIP ESTHER C,NA,"NIGERIA:On 07 February, the general cargo ship ESTHER C was boarded and personnel kidnapped at 03-40N 005-53E, approximately 40nm SSE of Brass. A gang of approximately 17 pirates armed with AK47 assault rifles attacked, boarded and hijacked the vessel","while underway and attempted to use it as a mother vessel. Prior to the vessel's release on 11 February, pirates stole ship's stores and equipment, damaged communication equipment, and kidnapped 3 crew members before escaping.",NA,NA,NA,NA,2013-02-07,2013,166,8474,Nigerian Exclusive Economic Zone,200NM,2253,Nigeria,2253,Nigeria,NGA,0,NA,0,NA,NA,0,NA,0,NA,NA,4.82278332072,4.08512461991,179050.962041,8474
2013-29,57,PIRATES,OIL TANKER GASCOGNE,NA,"IVORY COAST:On 03 February, the oil tanker GASCOGNE was hijacked in the vicinity of 04-07N 003-54W, approximately 70 nm south of Abidjan port. Owners reported that they had lost contact with their vessel and its 17 crew members while underway and","suspected the vessel had been hijacked. Vessel was released by the hijackers on 06 February, after stealing an unknown quantity of its fuel cargo. Two of the crewmembers were slightly injured during the incident.",NA,NA,NA,NA,2013-02-03,2013,119,8473,Ivory Coast Exclusive Economic Zone,200NM,2161,Ivory Coast,2161,Ivory Coast,CIV,0,NA,0,NA,NA,0,NA,0,NA,NA,-5.4494860846,3.30806149919,172015.188351,8473
2013-30,57,SUSPICIOUS CRAFT,TANKER OLIVIA II,NA,"NIGERIA:On 31 January, the tanker OLIVIA II was fired upon at 03-46N 005-19E, approximately 45 nm SSW of Brass. While underway, the vessel noticed three skiffs approaching at high speed. A suspected mother vessel was observed on radar at a distance of","about 1.2 nm. As the skiffs closed, The Duty Officer raised the alarm and directed non-essential crew to muster in the citadel. Vessel commenced evasive maneuvers and headed towards a nearby oil terminal to seek assistance from naval guard vessels. Two","additional skiffs were noticed approaching the vessel and all skiffs fired towards the bridge and accommodations. An RPG was also fired, but missed the vessel. The attack lasted for nearly one hour before the skiffs broke off. Crew was unharmed, but",vessel sustained damage from the firing.,NA,NA,2013-01-31,2013,166,8474,Nigerian Exclusive Economic Zone,200NM,2253,Nigeria,2253,Nigeria,NGA,0,NA,0,NA,NA,0,NA,0,NA,NA,4.82278332072,4.08512461991,179050.962041,8474
2013-21,57,PIRATES,TANKER ITRI,NA,"IVORY COAST:On 16 January, the tanker ITRI was hijacked at 03-27N 001-06W, at the Abidjan anchorage. Pirates boarded and hijacked the vessel while it was preparing to offload jet fuel at the port. The crew of 16 were held hostage and locked in a dining","room while the hijackers siphoned off 5,000 tons of cargo. All crew members and the tanker were released unharmed on 22 January. After release, the vessel proceeded to Lagos port.",NA,NA,NA,NA,2013-01-16,2013,226,8400,Ghanaian Exclusive Economic Zone,200NM,2100,Ghana,2100,Ghana,GHA,0,NA,0,NA,NA,0,NA,0,NA,NA,-0.847226823817,3.50286659343,227218.059083,8400
2013-14,57,ROBBERS,CONTAINER SHIP,NA,"CONGO:On 15 January, a container ship was boarded at 04-43S 011-46E, at the Pointe Noire Anchorage. Three robbers armed with knives disguised as fishermen in a small boat approached and boarded the anchored vessel. Duty crew spotted the robbers and","raised the alarm. On hearing the alarm, the robbers jumped overboard and escaped empty-handed in their boat. Port Control was contacted, but received no response.",NA,NA,NA,NA,2013-01-15,2013,38,8394,Congolese Exclusive Economic Zone,200NM,8633,Republic of the Congo,8633,Republic of the Congo,COG,0,NA,0,NA,NA,0,NA,0,NA,NA,10.5957743479,-5.33647579774,33806.6828524,8394
2012-353,57,PIRATES,SUPPLY VESSEL,NA,"NIGERIA:Supply vessel ASSO VENTUNO boarded and crew kidnapped on 23 December at 04-01N 005-14E, approximately 40 nm off the coastline of Bayelsa. Pirates armed with guns attacked and boarded the offshore supply vessel while underway, and kidnapped four",crew members. No injuries to the remaining crew members. The vessel continued on its passage to a safe port.,NA,NA,NA,NA,2012-12-23,2012,166,8474,Nigerian Exclusive Economic Zone,200NM,2253,Nigeria,2253,Nigeria,NGA,0,NA,0,NA,NA,0,NA,0,NA,NA,4.82278332072,4.08512461991,179050.962041,8474
2013-6,57,PIRATES,TANKER SP BRUSSELS,NA,"NIGERIA:On 17 December 2012, tanker SP BRUSSELS boarded and crew kidnapped in the vicinity of 03-44N 05-37E, approximately 40 nm off the Niger Delta. Three pirates armed with machine guns attacked and boarded the vessel while underway. They stole","personal belongings and kidnapped the Master, First Officer, Second Officer, Chief Engineer and a crew member, and then escaped. The vessel sent SSAS and requested assistance. The vessel and the rest of crew members were unharmed.",NA,NA,NA,NA,2012-12-17,2012,166,8474,Nigerian Exclusive Economic Zone,200NM,2253,Nigeria,2253,Nigeria,NGA,0,NA,0,NA,NA,0,NA,0,NA,NA,4.82278332072,4.08512461991,179050.962041,8474
2012-346,57,PIRATES,TANKER,NA,"NIGERIA:Tanker boarded and crew kidnapped on 17 December in the vicinity of 03-41N 07-12E, approximately 40 nm off the Niger Delta. An unknown number of pirates boarded the tanker. During the ordeal, pirates stole personal items, vandalized the vessel,",and kidnapped five crew members.,NA,NA,NA,NA,2012-12-17,2012,166,8474,Nigerian Exclusive Economic Zone,200NM,2253,Nigeria,2253,Nigeria,NGA,0,NA,0,NA,NA,0,NA,0,NA,NA,4.82278332072,4.08512461991,179050.962041,8474
2013-2,57,PIRATES,SUPPLY VESSEL,NA,"NIGERIA:On 17 December, offshore supply vessel boarded and crew kidnapped at 04-15N 004-44E, while enroute to the Mobil Erah Oilfield. Armed pirates boarded the vessel, kidnapped three crew members and escaped. The bosun later navigated the vessel to",Onne port.,NA,NA,NA,NA,2012-12-17,2012,166,8474,Nigerian Exclusive Economic Zone,200NM,2253,Nigeria,2253,Nigeria,NGA,0,NA,0,NA,NA,0,NA,0,NA,NA,4.82278332072,4.08512461991,179050.962041,8474
2012-344,57,PIRATES,OFFSHORE SUPPORT VESSEL,NA,NIGERIA:A offshore support vessel near 04-01.5N 005-29.1E was fired upon by heavily armed pirates in a small boat. The security team onboard responded by returning fire. Two security personnel were injured in the exchange.,NA,NA,NA,NA,NA,2012-12-13,2012,166,8474,Nigerian Exclusive Economic Zone,200NM,2253,Nigeria,2253,Nigeria,NGA,0,NA,0,NA,NA,0,NA,0,NA,NA,4.82278332072,4.08512461991,179050.962041,8474
2012-347,57,PIRATES,CARGO SHIP,NA,"NIGERIA:RO-RO vessel fired upon on 13 December at 04-16N 05-19E, approximately 25 nm southwest of Bayelsa. Piratesin a boat armed with machine guns chased and fired upon the ship while underway. Master raised the alarm, increased speed, sent distress","message and mustered crew in the safe room. The onboard security team returned fire, and after around 20 minutes the firing ceased and the pirates moved away. One security personnel was killed and two sustained injuries from the exchange.",NA,NA,NA,NA,2012-12-13,2012,166,8474,Nigerian Exclusive Economic Zone,200NM,2253,Nigeria,2253,Nigeria,NGA,0,NA,0,NA,NA,0,NA,0,NA,NA,4.82278332072,4.08512461991,179050.962041,8474
2012-348,57,ROBBERS,TANKER,NA,"TOGO:Tanker under suspicious approach on 11 December at 06-04N 001-16E, at the Lome anchorage. Eight robbers in a wooden boat approached the anchored tanker at high speed. Seeing the armed Togo navy guards and security team on board the vessel, the","robbers aborted the attack and moved away. At 0330 local time, another boat with nine robbers approached the anchored tanker; however, they too aborted and moved away upon seeing the armed navy personnel.",NA,NA,NA,NA,2012-12-11,2012,147,8392,Togolese Exclusive Economic Zone,200NM,8632,Togo,8632,Togo,TGO,0,NA,0,NA,NA,0,NA,0,NA,NA,1.82134961928,4.6394919934,15439.2618032,8392
2012-320,57,ROBBERS,CARGO SHIP,NA,"TOGO:Cargo ship experienced a suspicious approach on 21 November at 06-03N 001-16E, at the Lome Anchorage. Six robbers in three unlit boats approached the anchored cargo ship twice in 30 minutes. The boats hid behind the bunker barge before approaching","the vessel from the port and starboard sides. On both occasions, the boats were unsuccessful due to vigilance of the crew and the presence of security personnel. On reporting to Port Control, a Navy vessel was dispatched to investigate.",NA,NA,NA,NA,2012-11-21,2012,147,8392,Togolese Exclusive Economic Zone,200NM,8632,Togo,8632,Togo,TGO,0,NA,0,NA,NA,0,NA,0,NA,NA,1.82134961928,4.6394919934,15439.2618032,8392
2012-305,57,ROBBERS,BARGE CARRIER,NA,"NIGERIA:Barge carrier experienced attempted boarding on 24 October at 03-54N 005-27E, near Port Harcourt. Seven robbers in a speedboat attempted to board the vessel while underway by throwing a hook to the upper deck of the vessel. The vessel made","evasive maneuvers, increased speed and avoided the boarding.",NA,NA,NA,NA,2012-10-24,2012,166,8474,Nigerian Exclusive Economic Zone,200NM,2253,Nigeria,2253,Nigeria,NGA,0,NA,0,NA,NA,0,NA,0,NA,NA,4.82278332072,4.08512461991,179050.962041,8474
2012-290,57,PIRATES,TUGBOAT,NA,"NIGERIA:Tug boarded on 15 October near 03-39N 006-14E, approximately 40 nm South of Brass. Seven armed pirates boarded the tug while underway via speedboat launched from a mother vessel. They stole crew personal effects, kidnapped seven crewmembers and",escaped. The remaining nine crewmembers were reported to be safe and in transit to Onne.,NA,NA,NA,NA,2012-10-15,2012,166,8474,Nigerian Exclusive Economic Zone,200NM,2253,Nigeria,2253,Nigeria,NGA,0,NA,0,NA,NA,0,NA,0,NA,NA,4.82278332072,4.08512461991,179050.962041,8474
2012-277,57,PIRATES,MERCHANT VESSEL,NA,GULF OF GUINEA:Vessel ORFEAS possibly hijacked on 6 October at 05-12.56N 004-03.68W.,NA,NA,NA,NA,NA,2012-10-06,2012,119,8473,Ivory Coast Exclusive Economic Zone,200NM,2161,Ivory Coast,2161,Ivory Coast,CIV,0,NA,0,NA,NA,0,NA,0,NA,NA,-5.4494860846,3.30806149919,172015.188351,8473
2012-287,57,PIRATES,TANKER,NA,"IVORY COAST:Tanker hijacked on 5 October at 05-12.56N 004-03.68E, 3 nm south of Abidjan Anchorage, Ivory Coast. A gang of approximately 14 pirates armed with AK47 assault rifles and knives boarded and hijacked the tanker while at anchor. They damaged the","ship's communication equipment and sailed the tanker to an unknown location, where part of the cargo was transferred to another vessel. Prior to releasing the vessel on 9 October, the pirates stole crew personal belongings and cash.",NA,NA,NA,NA,2012-10-05,2012,166,8474,Nigerian Exclusive Economic Zone,200NM,2253,Nigeria,2253,Nigeria,NGA,0,NA,0,NA,NA,0,NA,0,NA,NA,4.82278332072,4.08512461991,179050.962041,8474
2012-281,57,PIRATES,TANKER,NA,"TOGO:Tanker hijacked on 4 October near 04-48N 001-25E. Twelve armed robbers boarded the vessel while at anchor. The 14 crewmembers were held captive under threats of harm, while the attackers transferred the ship's fuel to a waiting bunker barge.","Afterwards, the robbers raided the rest of the vessel, locking the crew in the master's cabin and stealing their personal belongings. There were only a few minor injuries among the crew. The vessel was released on 5 October.",NA,NA,NA,NA,2012-10-04,2012,226,8400,Ghanaian Exclusive Economic Zone,200NM,2100,Ghana,2100,Ghana,GHA,0,NA,0,NA,NA,0,NA,0,NA,NA,-0.847226823817,3.50286659343,227218.059083,8400
2012-255,57,PIRATES,OIL TANKER,NA,"NIGERIA:Oil tanker fired upon while underway on 9 September at 06-09N 002-53E, approximately 34 nm southwest of Lagos during voyage from Lome to Lagos. An unknown number of pirates fired several shots at the vessel in an attempt to board. Non-essential","crew mustered in citadel and the vessel utilized evasive action to evade the attacking vessel. Pirates attempted to board the vessel several times, but abandoned the pursuit after a 20-minute chase. No damage to vessel or injuries to the crew reported,",but several bullets did strike the vessel's superstructure. Nigerian Navy deployed an escort while the tanker anchored off Lagos.,NA,NA,NA,2012-09-09,2012,166,8474,Nigerian Exclusive Economic Zone,200NM,2253,Nigeria,2253,Nigeria,NGA,0,NA,0,NA,NA,0,NA,0,NA,NA,4.82278332072,4.08512461991,179050.962041,8474
2012-260,57,PIRATES,CHEMICAL TANKER,NA,"NIGERIA:A large group of heavily armed pirates boarded a drifting chemical tanker. The crew shut down and disabled all machinery, retreated into the citadel, and contacted their owners for assistance. Upon receipt of this distress message, the IMB Piracy","Reporting Center contacted the Nigerian authorities and foreign naval forces requesting assistance for the crew and vessel. The Nigerian authorities despatched a helicopter, which located the vessel, and directed a warship to the location. The vessel was",rescued and escorted by the warship to a safe anchorage.,NA,NA,NA,2012-09-05,2012,166,8474,Nigerian Exclusive Economic Zone,200NM,2253,Nigeria,2253,Nigeria,NGA,0,NA,0,NA,NA,0,NA,0,NA,NA,4.82278332072,4.08512461991,179050.962041,8474
2012-250,57,PIRATES,TANKER ABU DHABI STAR,NA,"NIGERIA:Tanker Abu Dhabi Star was boarded and hijacked by pirates on the evening of 4 September at 06-11N 002-55E, Lagos Anchorage. All crew members locked themselves in the citadel safe room.",NA,NA,NA,NA,NA,2012-09-04,2012,166,8474,Nigerian Exclusive Economic Zone,200NM,2253,Nigeria,2253,Nigeria,NGA,0,NA,0,NA,NA,0,NA,0,NA,NA,4.82278332072,4.08512461991,179050.962041,8474
2012-243,57,PIRATES,TANKER ENERGY CENTURION,NA,"TOGO:Tanker Energy Centurion hijacked on 28 August at 05-52N 001-24E, Lome Anchorage. An unknown number of pirates boarded and hijacked the vessel. Togo Navy dispatched a patrol boat, which intercepted the tanker and ordered her to stop. The hijacked","tanker ignored the warning and an exchange of gunfire took place between the pirates and the naval patrol boat. On 30 August, the ship was released.",NA,NA,NA,NA,2012-08-28,2012,147,8392,Togolese Exclusive Economic Zone,200NM,8632,Togo,8632,Togo,TGO,0,NA,0,NA,NA,0,NA,0,NA,NA,1.82134961928,4.6394919934,15439.2618032,8392
2012-248,57,PIRATES,TANKER,NA,"TOGO:Armed pirates boarded and hijacked an anchored tanker. The TOGO Navy received the vessel's distress call and dispatched a patrol boat, which intercepted the tanker while underway. Orders to stop the vessel were ignored and the pirates opened fire at",the patrol boat. The patrol boat returned fire. The tanker proceeded to a neighboring country's waters and escaped. The IMB Piracy Reporting Center informed all authorities in the region and issued a broadcast warning to look out for the vessel and,report any sightings. A search by air and sea was carried out. The vessel was released on 30 August The crew and vessel are safe and proceeding to a safe port.,NA,NA,NA,2012-08-28,2012,147,8392,Togolese Exclusive Economic Zone,200NM,8632,Togo,8632,Togo,TGO,0,NA,0,NA,NA,0,NA,0,NA,NA,1.82134961928,4.6394919934,15439.2618032,8392
2012-249,57,PIRATES,TANKER,NA,"TOGO:A gang of approximately 16 pirates armed with machine guns boarded a tanker drifting within an anchorage area. The pirates hijacked the vessel and sailed her to an unknown location, while sabotaging the ship's communication equipment, speed boats,","rescue boat, engines, and the cargo loading computer. The ship's funnel was repainted, name changed and IMO number removed. During transfer of the vessel's cargo to another vessel, the hull was damaged. Prior to escaping, the pirates stole cash, personal","belongings, handheld radios, printers, scanners, and safety equipment. No injuries to crew reported. The vessel was released on 23 August.",NA,NA,NA,2012-08-18,2012,226,8400,Ghanaian Exclusive Economic Zone,200NM,2100,Ghana,2100,Ghana,GHA,0,NA,0,NA,NA,0,NA,0,NA,NA,-0.847226823817,3.50286659343,227218.059083,8400
2012-242,57,PIRATES,CHEMICAL TANKER,NA,"TOGO:Eight robbers in a wooden craft approached and attempted to board an anchored chemical tanker using a hook attached to a long pole. Alert watchstanders spotted the robbers and raised the alarm. All crew was mustered. Upon seeing crew alertness, the","robbers aborted the boarding attempt and moved away. Master reported the incident to TOGO Navy, who dispatched a patrol boat to search the area.",NA,NA,NA,NA,2012-08-06,2012,147,8392,Togolese Exclusive Economic Zone,200NM,8632,Togo,8632,Togo,TGO,0,NA,0,NA,NA,0,NA,0,NA,NA,1.82134961928,4.6394919934,15439.2618032,8392
2012-240,57,PIRATES,BARGE,NA,"NIGERIA:Pirates armed with AK-47 assault rifles approached and boarded an anchored barge. They opened fire, killing two naval security officers and injuring two crew members. The pirates stole vessels property and cash and escaped. Incident was reported",to Nigerian Navy and Bonny Station. Naval personnel were deployed to secure the barge.,NA,NA,NA,NA,2012-08-03,2012,166,8474,Nigerian Exclusive Economic Zone,200NM,2253,Nigeria,2253,Nigeria,NGA,0,NA,0,NA,NA,0,NA,0,NA,NA,4.82278332072,4.08512461991,179050.962041,8474
2012-226,57,PIRATES,CHEMICAL TANKER,NA,"TOGO:Five robbers in a wooden boat approached an anchored chemical tanker. Alarm raised, crew mustered in the citadel and TOGO Navy notified. The robbers aborted the attempt and moved away upon seeing the Navy patrol boat approaching. Later, two boats",with 16 robbers approached and came alongside the vessel from both sides and were observed investigating the fendering arrangement around the vessel. TOGO Navy failed to respond to calls made by the vessel. Alarm raised and ship's whistle continously,"sounded, resulting in the robbers moving away.",NA,NA,NA,2012-07-30,2012,147,8392,Togolese Exclusive Economic Zone,200NM,8632,Togo,8632,Togo,TGO,0,NA,0,NA,NA,0,NA,0,NA,NA,1.82134961928,4.6394919934,15439.2618032,8392
2012-229,57,PIRATES,TANKER,NA,"TOGO:Tanker approached on 27 July at 06-00N 001-17E, approximately 8 nm from Lome, Togo. Robbers in three boats approached and attempted to board the anchored vessel. The Master raised the alarm and the crew activated fire hoses to repel the boats. The",robbers sheilded themselves with rain coats and continued their attempt to board. The Master heaved up anchor and proceeded away from the attempted boarding. The Togo Navy was informed.,NA,NA,NA,NA,2012-07-27,2012,147,8392,Togolese Exclusive Economic Zone,200NM,8632,Togo,8632,Togo,TGO,0,NA,0,NA,NA,0,NA,0,NA,NA,1.82134961928,4.6394919934,15439.2618032,8392
2012-225,57,PIRATES,CHEMICAL TANKER,NA,TOGO:Duty Office aboard an anchored chemical tanker noticed on radar a contact approaching at a speed of five knots. Lookouts directed the search light towards the approaching boat and 12 armed robbers were identified. Alarm raised and ship's horn,"sounded, but the boat continued the approach. All crew entered the citadel except Duty Officer, who tried to call Togo Navy without success. After alerting other vessels in the vicinity, the Duty Officer retreated into the citadel as the robbers boarded","the vessel using ropes and hooks. After several attempts to contact them directly, and later with the assistance from other ships in the vicinity, the Duty Officer finally established communication with the Togo Navy and informed them of the boarding.","After approximately 30 minutes, a Togo Navy boat arrived, confirmed presence of no other boats in the vicinity, and advise the Duty Officer to search the vessel. Once it was established that no robbers were on board, the Navy personnel boarded the","vessel, completed a search of the entire vessel, and took statements from the crew. Nothing was found stolen and no damages were found to the tanker.",NA,2012-07-27,2012,147,8392,Togolese Exclusive Economic Zone,200NM,8632,Togo,8632,Togo,TGO,0,NA,0,NA,NA,0,NA,0,NA,NA,1.82134961928,4.6394919934,15439.2618032,8392
2012-215,57,PIRATES,BULK CARRIER,NA,"BENIN:Bulk carrier boarded on 17 July at 06-17N 002-28E, Cotonou Anchorage. Two robbers armed with guns boarded the anchored vessel, entered the Master's cabin and stole ship's cash. The robbers escaped in a small wooden boat. No injuries to the crew","were reported. Local authorities where notified, who arrived later to investigate.",NA,NA,NA,NA,2012-07-17,2012,165,8393,Beninese Exclusive Economic Zone,200NM,2139,Benin,2139,Benin,BEN,0,NA,0,NA,NA,0,NA,0,NA,NA,2.42123297004,4.84154943849,35528.368644,8393
2012-224,57,PIRATES,CONTAINER SHIP,NA,"NIGERIA:A container ship awaiting berthing instructions was approached by five armed pirates in a wooden speed boat with two outboard engines. As the pirates approached, they fired upon the vessel damaging some bridge windows and equipment. The vessel","raised alarm, activated SSAS, started main engines and maneuvered away from the approaching boat. Non-essential crew retreated into the citadel. No injuries resulted from the incident.",NA,NA,NA,NA,2012-06-30,2012,169,21797,Joint regime area Nigeria / Sao Tome and Principe,Joint regime,2238,Sao Tome and Principe,2238,Sao Tome and Principe,STP,2253,Nigeria,2253,Nigeria,NGA,0,NA,0,NA,NA,5.58698920142,2.06760424839,34536.3549382,21797
2012-208,57,PIRATES,TANKER,NA,"NIGERIA:Tanker fired upon on 30 June at 04-01N 006-06E, 70 nm southwest of Port Harcourt. Armed pirates in a boat chased and fired upon the vessel while underway from Bonny River.Nigerian Navy personnel onboard returned fire, resulting in the pirates",aborting the attempted attack after 15 minutes of firing exchange. Both the crew and vessel were reported unharmed.,NA,NA,NA,NA,2012-06-30,2012,166,8474,Nigerian Exclusive Economic Zone,200NM,2253,Nigeria,2253,Nigeria,NGA,0,NA,0,NA,NA,0,NA,0,NA,NA,4.82278332072,4.08512461991,179050.962041,8474
2012-209,57,PIRATES,CONTAINER SHIP,NA,"NIGERIA:Container ship awaiting berthing instructions was approached on 30 June at 02-38N 006-09E by five armed pirates in a wooden speed boat with two outboard engines. The fired upon the vessel, damaging some bridge windows and equipment. The vessel","raised the alarm, activated SSAS, started the main engines and maneuvered away from the approaching boat. Non-essential crew retreated into the citadel. All crew was reported unharmed.",NA,NA,NA,NA,2012-06-30,2012,169,21797,Joint regime area Nigeria / Sao Tome and Principe,Joint regime,2238,Sao Tome and Principe,2238,Sao Tome and Principe,STP,2253,Nigeria,2253,Nigeria,NGA,0,NA,0,NA,NA,5.58698920142,2.06760424839,34536.3549382,21797
2012-214,57,PIRATES,MERCHANT VESSEL,NA,"NIGERIA:On 30 June at 0615 local time, a vessel was fired upon by pirates in 02-40.0N 006-08.3E, but managed to evade the attack.",NA,NA,NA,NA,NA,2012-06-30,2012,169,21797,Joint regime area Nigeria / Sao Tome and Principe,Joint regime,2238,Sao Tome and Principe,2238,Sao Tome and Principe,STP,2253,Nigeria,2253,Nigeria,NGA,0,NA,0,NA,NA,5.58698920142,2.06760424839,34536.3549382,21797
2012-213,57,PIRATES,CHEMICAL TANKER,NA,"NIGERIA:Chemical tanker boarded on 25 June at 05-32N 003-32E. Twelve pirates armed with guns approached the vessel in a speed boat and boarded. The crew was forced to muster in the mess room, but the Master and Chief Engineer were allowed to remain on","the bridge and in the engine room, respectively. The pirates made the vessel steer towards Togo, raided crew cabins, and stole personal effects and ship's cash. After 45 hours, the pirates disembarked the vessel near Escravos Terminal, Nigeria. All crew",was reported safe.,NA,NA,NA,2012-06-25,2012,166,8474,Nigerian Exclusive Economic Zone,200NM,2253,Nigeria,2253,Nigeria,NGA,0,NA,0,NA,NA,0,NA,0,NA,NA,4.82278332072,4.08512461991,179050.962041,8474
2012-189,57,PIRATES,TANKER,NA,"NIGERIA:Tanker boarded on 01 June at 06:19 N - 003:29 E, Lagos Anchorage. Three armed robbers boarded the tanker from a wooden boat. The alarm was raised and the crewretreated into the citadel. After four hours the crew emerged from the citadel and found",that the pirates had left. No damage was reported and the crew was reported safe.,NA,NA,NA,NA,2012-06-01,2012,166,8474,Nigerian Exclusive Economic Zone,200NM,2253,Nigeria,2253,Nigeria,NGA,0,NA,0,NA,NA,0,NA,0,NA,NA,4.82278332072,4.08512461991,179050.962041,8474
2012-220,57,PIRATES,VESSEL,NA,"NIGERIA:Vessel boarded on 17 May at 04-39N 004-45E, 45. Pirates armed with guns approached a landing craft at a speed of 7 knots. Master raised the alarm, stopped the main engines, and instructed the crew to muster in the citadel. By the time the pirates","boarded, only four of the eight crewmembers had entered the citadel. The pirates attempted to gain access to the citadel using hammers and firing automatic weapons. After ten hours in the citadel, the crew emerged and found the remaining crew beaten and","the cabins looted. As the vessel continued underway, they noticed armed pirates approaching in a speed boat. The crew again mustered in the citadel. After six hours, they exited the citadel and all bridge equipment was destroyed. The master contacted",Escravos Terminal and sailed towards it.,NA,NA,2012-05-17,2012,166,8474,Nigerian Exclusive Economic Zone,200NM,2253,Nigeria,2253,Nigeria,NGA,0,NA,0,NA,NA,0,NA,0,NA,NA,4.82278332072,4.08512461991,179050.962041,8474
2012-164,57,PIRATES,SUPPLY VESSEL,NA,"NIGERIA:Supply vessel towing a barge was boarded on 08 May underway at 03:53 N ¿ 005:35 E, near the Pennington Oil Terminal. Six pirates armed with assault rifles in a speed boat launched from a nearby fishing trawler. The alarm was raised and the crew",mustered in the citadel. The crew exited citadel 90 minutes later and found the pirates had left. They inspected the vessel and noticed that the bridge windows were damaged and ship¿s property and supplies were stolen.,NA,NA,NA,NA,2012-05-08,2012,166,8474,Nigerian Exclusive Economic Zone,200NM,2253,Nigeria,2253,Nigeria,NGA,0,NA,0,NA,NA,0,NA,0,NA,NA,4.82278332072,4.08512461991,179050.962041,8474
2012-165,57,PIRATES,SUPPLY VESSEL,NA,"NIGERIA:Supply vessel was hijacked on 07 May at 04:26 N - 004:58 E, approximately 38 nm offshore from the Nigerian coastline. The pirates hijacked the vessel and took 17 crew members as hostages. The pirates released the crew and the vessel later that",same day.,NA,NA,NA,NA,2012-05-07,2012,166,8474,Nigerian Exclusive Economic Zone,200NM,2253,Nigeria,2253,Nigeria,NGA,0,NA,0,NA,NA,0,NA,0,NA,NA,4.82278332072,4.08512461991,179050.962041,8474
2012-155,57,PIRATES,PRODUCT TANKER,NA,TOGO:The missing/hijacked tanker BW Rhine was last reported in posn lat 05:27N - long 002:36E on 03.05.2012 at 0840 UTC.,NA,NA,NA,NA,NA,2012-05-04,2012,165,8393,Beninese Exclusive Economic Zone,200NM,2139,Benin,2139,Benin,BEN,0,NA,0,NA,NA,0,NA,0,NA,NA,2.42123297004,4.84154943849,35528.368644,8393
2012-148,57,PIRATES,PRODUCT TANKER,NA,"TOGO: Product Tanker was hijacked while anchored on 30 April at 06:01 N - 001:20 E, Lome Anchorage, Togo. The owners of a product tanker anchored off Lome received a phone call from the Master who appeared to be under duress. The owners believe the",vessel may have been hijacked. There are 24 crew members onboard the vessel. The IMB Piracy Reporting Centre has contacted the local authorities and requested assistance in locating the missing vessel.,NA,NA,NA,NA,2012-04-30,2012,147,8392,Togolese Exclusive Economic Zone,200NM,8632,Togo,8632,Togo,TGO,0,NA,0,NA,NA,0,NA,0,NA,NA,1.82134961928,4.6394919934,15439.2618032,8392
2012-146,57,PIRATES,CONTAINER VESSEL,NA,"DEM. REP. CONGO:Container Vessel was boarded while anchored on 27 April at 05:51 S - 013:24 E, around 4.5nm from Port of Matadi, Democratic Republic of Congo. Four boats with seven pirates armed with knives approached and boarded the vessel. The crew",noticed the pirates and raised the alarm. They also contacted the local port authorities. The pirates later escaped with stolen ship cargo. The crew is safe.,NA,NA,NA,NA,2012-04-27,2012,257,8477,Democratic Republic of the Congo Exclusive Economic Zone,Disputed,2198,Democratic Republic of the Congo,2198,Democratic Republic of the Congo,COD,0,NA,0,NA,NA,0,NA,0,NA,NA,10.7325554821,-6.40152598619,13360.665776,8477
2012-139,57,PIRATES,TANKER,NA,"TOGO:Tanker boarded at anchor on 4 April at 05:58 N ¿ 001:16 E, 9.6 nm South of Lome Breakwater, Lome, Togo. Two pirates armed with machine guns boarded the anchored tanker and entered the engine room and berthing. The crew raised the alarm andretreated",into the citadel. Attempts to contact the authorities failed but the sister ship of the vessel in the vicinity relayed the area message to the Togo navy. A Navy team subsequently boarded vessel for investigation. No injuries to crew.,NA,NA,NA,NA,2012-04-04,2012,147,8392,Togolese Exclusive Economic Zone,200NM,8632,Togo,8632,Togo,TGO,0,NA,0,NA,NA,0,NA,0,NA,NA,1.82134961928,4.6394919934,15439.2618032,8392
2012-121,57,PIRATES,Chemical Tanker,NA,"NIGERIA:Chemical Tanker was chased on 22 March 100nm SW off Bonny Island, Nigeria at position 02:57 N - 006:12 E. Armed pirates in two boats chased a chemical tanker. The Master raised the alarm and sent a SSAS alert and instructed the crew to proceed to",the safe room. A US warship responded to the alert and offered assistance. The pirates later aborted and left.,NA,NA,NA,NA,2012-03-22,2012,166,8474,Nigerian Exclusive Economic Zone,200NM,2253,Nigeria,2253,Nigeria,NGA,0,NA,0,NA,NA,0,NA,0,NA,NA,4.82278332072,4.08512461991,179050.962041,8474
2012-87,57,Pirates,Chemical Tanker,NA,"Nigeria:Chemical tanker underway approached on 7 March while underway near position 04:12 N - 006:54 E, approximateely 5.8nm off Port Harcourt Fairway Buoy. Seven Heavily armed robbers in a speed boat approached the tanker, bridge crew raised the alarm,","increased speed and set course away from land. The armed naval guards onboard the vessel made their presence known. Seeing vessel readiness and armed guards, the robbers aborted the attempted attack and moved away.",NA,NA,NA,NA,2012-03-07,2012,166,8474,Nigerian Exclusive Economic Zone,200NM,2253,Nigeria,2253,Nigeria,NGA,0,NA,0,NA,NA,0,NA,0,NA,NA,4.82278332072,4.08512461991,179050.962041,8474
2012-79,57,PIRATES,CHEMICAL TANKER,NA,"80 MILES OFF PORT HARCOURT, NIGERIA: Heavily armed pirates fired upon a chemical tanker underway. The vessel enforced anti-piracy measures, increased speed and managed to evade the boarding. The pirate group may still be in the area.",NA,NA,NA,NA,NA,2012-02-29,2012,166,8474,Nigerian Exclusive Economic Zone,200NM,2253,Nigeria,2253,Nigeria,NGA,0,NA,0,NA,NA,0,NA,0,NA,NA,4.82278332072,4.08512461991,179050.962041,8474
2012-81,57,PIRATES,CHEMICAL TANKER,NA,"GULF OF GUINEA, 5 MILES OFF BAYLESA, NIGERIA: Seven to eight armed robbers in a boat chased and fired upon a chemical tanker underway. Alarm raised, crew mustered on bridge and all access to accommodation secured from inside. The robbers chased the",tanker for around an hour before aborting and moving away. All crew safe. Ship sustained gun shot damages.,NA,NA,NA,NA,2012-02-29,2012,166,8474,Nigerian Exclusive Economic Zone,200NM,2253,Nigeria,2253,Nigeria,NGA,0,NA,0,NA,NA,0,NA,0,NA,NA,4.82278332072,4.08512461991,179050.962041,8474
2012-75,57,PIRATES,SUPPLY SHIP,NA,"IVORY COAST: Offshore supply ship boarded on 26 February while anchored at 05-16N 004-01W, Abidjan Inner Anchorage 9. Three robbers in a canoe, armed with knives, boarded from the port side main deck. One robber threatened the watch man with a knife",while the other two took a pressure washer and they left the ship. The alarm was raised and Port Control was informed. After a short while a harbor police patrol boat came and returned the stolen item.No injuries and no damage to the vessel were,reported. (IMB),NA,NA,NA,2012-02-26,2012,119,8473,Ivory Coast Exclusive Economic Zone,200NM,2161,Ivory Coast,2161,Ivory Coast,CIV,0,NA,0,NA,NA,0,NA,0,NA,NA,-5.4494860846,3.30806149919,172015.188351,8473
2012-62,57,PIRATES,BULK CARRIER,NA,"NIGERIA: Bulk carrier boarded on 13 February while adrift while awaiting berthinginstructions near position 04-43 N 003-44 E, approximately 110 nm south of Lagos. The pirates took the chief cook hostage and forced him to take them to Master's cabin. They","fired 20shots to force open master's cabin door. Pirates fired two shots at Master, killing him, thenremoved ship's safe from the cabin. The pirates then tried to enter Chief Engineer's cabin.During this the Chief Engineer attempted to escape through","cabin porthole window by using two bed sheets tied together to climb down from the porthole. During this attempt, he fell and, as a result of serious injuries, he died. The pirates managed to escape in a waiting boat. A French warship that was in the","area heard the broadcast for assistance and went to the aid of the vessel. A boarding team boarded the vessel and the warship escorted the cargo ship to Lagos port. On arrival at the inner anchorage, Lagos port the authorities boarded the vessel and",provided medical assistance to the crew. Later all 18 crewmembers and the bodies of the Master and Chief Engineer were taken ashore. The authorities are investigating the case. (IMB),NA,2012-02-13,2012,166,8474,Nigerian Exclusive Economic Zone,200NM,2253,Nigeria,2253,Nigeria,NGA,0,NA,0,NA,NA,0,NA,0,NA,NA,4.82278332072,4.08512461991,179050.962041,8474
2012-61,57,PIRATES,CARGO SHIP,NA,"NIGERIA: General cargo ship fired upon 11 February while underway near position05-11 N 003-27 E, approximately 74 nm south of Lagos fairway buoy. Bridge crew noticed two boats approaching from astern. As the boats closed the cargo ship, they fired upon",the vessel. Master raised alarm and crew mustered in a safe area. The boats chased the vessel for 25 minutes before aborting and moving away. All crew are safe. The ship sustained minor damage from gunshots. (IMB),NA,NA,NA,NA,2012-02-11,2012,166,8474,Nigerian Exclusive Economic Zone,200NM,2253,Nigeria,2253,Nigeria,NGA,0,NA,0,NA,NA,0,NA,0,NA,NA,4.82278332072,4.08512461991,179050.962041,8474
2012-58,57,PIRATES,PRODUCT TANKER,NA,"BENIN: Product tanker boarded on 9 February while adrift, awaiting orders, near position 04-57 N 002-16 E, approximately 83 nm South of Cotonou. Pirates boarded and hijacked the ship and sailed to an unknown location. Awaiting further reporting. (IMB)",NA,NA,NA,NA,NA,2012-02-09,2012,165,8393,Beninese Exclusive Economic Zone,200NM,2139,Benin,2139,Benin,BEN,0,NA,0,NA,NA,0,NA,0,NA,NA,2.42123297004,4.84154943849,35528.368644,8393
2012-54,57,PIRATES,TUG,NA,"GHANA: Offshore tug boarded by four robbers on 9 February while berthed at position 04-53N 001-45W, Takoradi Port. The robbers, armed with long knives, threatened duty watchman and stole ship's stores, and escaped in a waiting canoe. No crew injuries and",incident reported to port authorities. (IMB),NA,NA,NA,NA,2012-02-09,2012,226,8400,Ghanaian Exclusive Economic Zone,200NM,2100,Ghana,2100,Ghana,GHA,0,NA,0,NA,NA,0,NA,0,NA,NA,-0.847226823817,3.50286659343,227218.059083,8400
2012-47,57,PIRATES,CONTAINER SHIP,NA,"POINT NOIRE ANCHORAGE, THE CONGO:Duty watch onboard an anchored container ship noticed wet foot prints on the deck and the padlock to the bowthruster room broken. He informed the OOW who noticed a small boat alongside the vessel near the starboard",midship. OOW raised the alarm and crew mustered. Upon inspection a number of stores were found broken into and ship's stores and equipment stolen. Master contacted port control but did not receive any response.,NA,NA,NA,NA,2012-02-04,2012,38,8394,Congolese Exclusive Economic Zone,200NM,8633,Republic of the Congo,8633,Republic of the Congo,COG,0,NA,0,NA,NA,0,NA,0,NA,NA,10.5957743479,-5.33647579774,33806.6828524,8394
2012-17,57,PIRATES,CONTAINER SHIP,NA,"IVORY COAST: Two robbers armed with long knives boarded an anchored container ship. They took hostage the duty watchman, stole his radio, ship's stores and escaped. The watchman informed the bridge who raised the alarm. Port control informed.",NA,NA,NA,NA,NA,2012-01-11,2012,119,8473,Ivory Coast Exclusive Economic Zone,200NM,2161,Ivory Coast,2161,Ivory Coast,CIV,0,NA,0,NA,NA,0,NA,0,NA,NA,-5.4494860846,3.30806149919,172015.188351,8473
2012-16,57,PIRATES,CONTAINER SHIP,NA,"85 MILES SOUTH OF BONNY ISLAND, NIGERIA: About eight pirates armed with AK-47s in a skiff launched from a fishing trawler chased, fired upon and attempted to board a container ship underway. The Master increased speed, took evasive maneuvers and crew",mustered in the citadel. Later the pirates aborted the attack and moved away.,NA,NA,NA,NA,2012-01-09,2012,215,8398,Equatorial Guinean Exclusive Economic Zone,200NM,2112,Equatorial Guinea,2112,Equatorial Guinea,GNQ,0,NA,0,NA,NA,0,NA,0,NA,NA,5.43745069906,-1.37183355987,304131.929643,8398
2012-25,57,PIRATES,BULK CARRIER,NA,GULF OF GUINEA: A suspicious boat approached a drifting bulk carrier. Duty crew spotted the boat and raised alarm. The boat closed onto and fired upon the vessel. All crew retreated into the citadel. After nearly 12 hours the crew emerged from the,"citadel and found no pirates onboard. HOwever, before leaving the pirates had ransacked crew cabins and stole cash and ship's stores. All crew safe.",NA,NA,NA,NA,2012-01-09,2012,166,8474,Nigerian Exclusive Economic Zone,200NM,2253,Nigeria,2253,Nigeria,NGA,0,NA,0,NA,NA,0,NA,0,NA,NA,4.82278332072,4.08512461991,179050.962041,8474
2012-18,57,PIRATES,CHEMICAL TANKER,NA,"LAGOS, NIGERIA: Around ten pirates armed with guns boarded a drifting chemical tanker. The pirates destroyed the communication equipment, stole ship's cash and properties, crew's cash and belongings and escaped. One crew member was injured during the",incident. Attack was reported to Nigerian Navy.,NA,NA,NA,NA,2012-01-03,2012,166,8474,Nigerian Exclusive Economic Zone,200NM,2253,Nigeria,2253,Nigeria,NGA,0,NA,0,NA,NA,0,NA,0,NA,NA,4.82278332072,4.08512461991,179050.962041,8474
2017-22,61,Robbers,Sailing Vessel,NA,"REUNION ISLAND:On 12 January, a Canada-flagged sailing yacht was boarded while berthed in Le Port. Two folding bicycles were stolen.",NA,NA,NA,NA,NA,2017-01-12,2017,34,8338,Réunion Exclusive Economic Zone,200NM,8609,Réunion,17,France,REU,0,NA,0,NA,NA,0,NA,0,NA,NA,54.713277658,-21.7819697451,315408.212326,8338
2016-288,61,Robbers,Sailing Vessel,NA,"MOZAMBIQUE:On 05 November, an unknown number of robbers stolean outboard motor from a dinghy tied to S/V EUTIKIA, anchored near position 21-39S 035-25E, at Bazaruto anchorage.",NA,NA,NA,NA,NA,2016-11-05,2016,40,8347,Mozambican Exclusive Economic Zone,200NM,2220,Mozambique,2220,Mozambique,MOZ,0,NA,0,NA,NA,0,NA,0,NA,NA,37.9562060878,-20.3732121341,566107.319809,8347
2016-209,61,Pirates,Fishing Vessel,NA,"SOMALIA:On 7 September, persons on a foreign fishing ship, reportedly fishing illegally in Somali waters, fired on a small group of Somali fishermen near Jawasa-hasani Island, in the lower Jubba region of southern Somalia. Two fishermen were killed and",nine others were seriously injured.,NA,NA,NA,NA,2016-09-07,2016,218,8350,Somali Exclusive Economic Zone,200NM,2187,Federal Republic of Somalia,2187,Federal Republic of Somalia,SOM,0,NA,0,NA,NA,0,NA,0,NA,NA,48.7178065692,5.38119709067,781835.626833,8350
2016-205,61,Robbers,Tanker,NA,"MOZAMBIQUE:On 06 September at 0350 LT at jetty number 10 in Beira, crew onboard a berthed tanker noticed robbers stealing ship's property. The alarm was raised. Seeing the alerted crew, the robbers escaped.",NA,NA,NA,NA,NA,2016-09-06,2016,40,8347,Mozambican Exclusive Economic Zone,200NM,2220,Mozambique,2220,Mozambique,MOZ,0,NA,0,NA,NA,0,NA,0,NA,NA,37.9562060878,-20.3732121341,566107.319809,8347
2015-57,61,Pirates,Fishing Boat,NA,"SOMALIA:On 23 March, an Iranian-flagged fishing boat was reportedly hijacked while illegally fishing near Ceel Huur, in the Mudug region of the country. Initial reports suggested that local maritime police had arrested the illegal fishermen and impounded","their vessel, but a senior official in the Himan and Heeb administration has denied their forces were involved.",NA,NA,NA,NA,2015-03-23,2015,218,8350,Somali Exclusive Economic Zone,200NM,2187,Federal Republic of Somalia,2187,Federal Republic of Somalia,SOM,0,NA,0,NA,NA,0,NA,0,NA,NA,48.7178065692,5.38119709067,781835.626833,8350
2014-291,61,Robbers,Chemical tanker,NA,"MOZAMBIQUE:On 16 December, an unknown number of robbers boarded a berthed chemical tanker near position 19-48S 34-49E, Biera Port. A port security watchman noticed one of the robbers armed with a long knife lowering mooring ropes from a berthed chemical","tanker. He alerted the ship's duty officer who raised the alarm. Seeing the crew response, the robber fled with his accomplice after threatening the port security watchman. Incident reported to the Port Facility Security Officer who boarded the vessel",for investigation.,NA,NA,NA,2014-12-16,2014,40,8347,Mozambican Exclusive Economic Zone,200NM,2220,Mozambique,2220,Mozambique,MOZ,0,NA,0,NA,NA,0,NA,0,NA,NA,37.9562060878,-20.3732121341,566107.319809,8347
2014-207,61,Robber,Sailing Vessel,NA,"MADAGASCAR:On 20 August, one robber armed with a knife boarded the sailing vessel SOLACE while anchored in the port of Diego Suarez. The boarding occurred at 0200 local time and the thief attempted to steal the portable generator, which was on deck, just","behind the aft cabin hatch where the owners were sleeping and was secured with two ropes, but no lock. The owners did not hear the intruders approach, or board, but noises on the back deck woke the skipper up. It is likely that the thief didn't realize","the weight of the generator as he dragged it on the deck in order to lift over the side. The yacht's owner then confronted the robber, who dove into the water and escaped in a waiting dugout canoe.",NA,NA,NA,2014-08-20,2014,29,8348,Madagascan Exclusive Economic Zone,200NM,7963,Madagascar,7963,Madagascar,MDG,0,NA,0,NA,NA,0,NA,0,NA,NA,47.2538894845,-20.9128765386,1196333.81237,8348
2014-46,61,Pirates,RO-RO Vessel,NA,"SOMALIA: On 13 February, five armed individuals in a skiff chased and fired on the Sierra Leone flagged RO-RO vessel ANDREA near position 01-07N 044-34E, 3 nm north of Barawe, Somalia. The armed embarked security team returned fire and after 20 minutes","the pirates departed the area. A few hours later, the pirates made another unsuccessful attack against the ship. Several containers on the vessel were damaged during the attack. No crew members were injured during the attacks.",NA,NA,NA,NA,2014-02-13,2014,218,8350,Somali Exclusive Economic Zone,200NM,2187,Federal Republic of Somalia,2187,Federal Republic of Somalia,SOM,0,NA,0,NA,NA,0,NA,0,NA,NA,48.7178065692,5.38119709067,781835.626833,8350
2014-50,61,PIRATES,MERCHANT VESSEL,NA,"SOMALIA:On 13 February at 1400Z, a merchant vessel was fired on by pirates at 01-07N 044-07E.No injuries or damages were reported.",NA,NA,NA,NA,NA,2014-02-13,2014,218,8350,Somali Exclusive Economic Zone,200NM,2187,Federal Republic of Somalia,2187,Federal Republic of Somalia,SOM,0,NA,0,NA,NA,0,NA,0,NA,NA,48.7178065692,5.38119709067,781835.626833,8350
2014-31,61,Robbers,Bulk carrier,NA,"TANZANIA:On 28 January, robbers boarded the bulk carrier SAM JAGUAR berthed at a port in Tanzania and stole several lengths of 115 meter ropes. The robbers managed to depart the vessel without being detected.",NA,NA,NA,NA,NA,2014-01-28,2014,46,8479,Tanzanian Exclusive Economic Zone,200NM,2205,Tanzania,2205,Tanzania,TZA,0,NA,0,NA,NA,0,NA,0,NA,NA,41.1678741176,-7.20984671049,241452.798387,8479
2013-324,61,PIRATES,Chemical tanker Torm Kansas,NA,"INDIAN OCEAN:On 11 November, the Denmark-flagged chemical tanker TORM KANSAS was attacked near position 07-19S 048-36E, approximately 180 nm northwest of Providence Island, Seychelles. Up to six armed pirates approached the tanker in a skiff. Officer on","watch raised the alarm and the armed security team on board fired flares followed by warning shots. The skiff closed to a distance of 200 meters and fired upon the tanker. Master increased speed, activated SSAS, sent distress message, fire hoses",activated and the non-essential crew mustered in the citadel. The onboard security team exchanged fire with the pirates resulting in the skiff aborting the attack.,NA,NA,NA,2013-11-11,2013,214,8337,Seychellois Exclusive Economic Zone,200NM,2192,Seychelles,2192,Seychelles,SYC,0,NA,0,NA,NA,0,NA,0,NA,NA,52.4687739034,-6.54782117364,1341497.0288,8337
2013-360,61,PIRATES,CHEMICAL TANKER,NA,"INDIAN OCEAN:07-20S 048-37E, Around 180nm NW of Providence Island, off Somalia. About 5 to 6 pirates armed with rifles in a skiff approached a chemical tanker underway. OOW raised the alarm and the armed security team on board fired rocket flares","followed by warning shots. The skiff closed to a distance of 200 meters and fired upon the tanker. Master increased speed, activated SSAS, sent distress message, fire hoses activated and non-essential crew mustered in the citadel.The on board security",team exchanged fire with the pirates resulting in the skiff aborting the attack.,NA,NA,NA,2013-11-09,2013,214,8337,Seychellois Exclusive Economic Zone,200NM,2192,Seychelles,2192,Seychelles,SYC,0,NA,0,NA,NA,0,NA,0,NA,NA,52.4687739034,-6.54782117364,1341497.0288,8337
2013-86,61,PIRATES,CARGO SHIP ALPHA KIRAWIRA,NA,"SOMALIA:On 02 April, the cargo ship ALPHA KIRAWIRA was fired upon at 00-52N 044-01E, approximately 13nm South of Baraawe. Around seven to eight armed pirates in a skiff approached and fired upon a general cargo ship underway. The on board armed security",team fired warning shots resulting in the pirates moving away.,NA,NA,NA,NA,2013-04-02,2013,218,8350,Somali Exclusive Economic Zone,200NM,2187,Federal Republic of Somalia,2187,Federal Republic of Somalia,SOM,0,NA,0,NA,NA,0,NA,0,NA,NA,48.7178065692,5.38119709067,781835.626833,8350
2013-44,61,SUSPICIOUS CRAFT,CARGO SHIP,NA,"SOMALIA:On 18 February, a cargo ship was fired upon at 07-14N 052-17E, approximately 150 nm ESE of Eyl. Two white speed boats approached and fired upon the vessel while underway. Onboard armed security team returned fire, resulting in the skiffs moving",away.,NA,NA,NA,NA,2013-02-18,2013,218,8350,Somali Exclusive Economic Zone,200NM,2187,Federal Republic of Somalia,2187,Federal Republic of Somalia,SOM,0,NA,0,NA,NA,0,NA,0,NA,NA,48.7178065692,5.38119709067,781835.626833,8350
2013-3,61,SUSPICIOUS CRAFT,MERCHANT VESSEL,NA,"INDIAN OCEAN:On 1 January, a merchant vessel experienced suspicious approach near 02-18N 046-02E, approximately 42 nm northeast of Mogadishu and approximately 7 nm off the Somali coast. The activity consisted of four skiffs. Few other details have been",released and the incident is being investigated further.,NA,NA,NA,NA,2013-01-01,2013,218,8350,Somali Exclusive Economic Zone,200NM,2187,Federal Republic of Somalia,2187,Federal Republic of Somalia,SOM,0,NA,0,NA,NA,0,NA,0,NA,NA,48.7178065692,5.38119709067,781835.626833,8350
2012-298,61,PIRATES,MILITARY VESSEL,NA,"INDIAN OCEAN:HNMLS Rotterdam fired upon on 24 October off Somali coast. While conducting routine surveillance off the Somali coast, HNMLS Rotterdam, the flagship for NATO's OCEAN SHIELD counter-piracy mission, came under fire from groups of suspected",pirates. A boarding team from the Rotterdam was making an approach on a suspected dhow near the coast when they came under fire from ashore and from the dhow itself.,NA,NA,NA,NA,2012-10-24,2012,218,8350,Somali Exclusive Economic Zone,200NM,2187,Federal Republic of Somalia,2187,Federal Republic of Somalia,SOM,0,NA,0,NA,NA,0,NA,0,NA,NA,48.7178065692,5.38119709067,781835.626833,8350
2012-297,61,PIRATES,FISHING VESSEL,NA,"SOMALIA:On 19 October at 1250Z, a fishing vessel was hijacked by pirates at 08-52N 050-28E, east of Eyl, Somalia.",NA,NA,NA,NA,NA,2012-10-19,2012,218,8350,Somali Exclusive Economic Zone,200NM,2187,Federal Republic of Somalia,2187,Federal Republic of Somalia,SOM,0,NA,0,NA,NA,0,NA,0,NA,NA,48.7178065692,5.38119709067,781835.626833,8350
2012-140,61,PIRATES,BULK CARRIER,NA,"MOZAMBIQUE:Bulk carrier attacked while underway on 13 April at 11:18 S - 041:00 E 40 nm east of Mocimboa da Praia, Mozambique. Seven pirates armed with automatic weapons in a skiff chased and fired upon the bulk carrier. Ship¿s Master raised the alarm,","took evasive maneuvers, informed UKMTO and mustered the crew. After chasing the skiff for 20 minutes the pirates aborted the attack because of measures taken by the vessel and the adverse sea conditions.",NA,NA,NA,NA,2012-04-13,2012,40,8347,Mozambican Exclusive Economic Zone,200NM,2220,Mozambique,2220,Mozambique,MOZ,0,NA,0,NA,NA,0,NA,0,NA,NA,37.9562060878,-20.3732121341,566107.319809,8347
2012-115,61,Pirates,Fishing Vessel,NA,"ARABIAN SEA:A fishing vessel 'Naham 3' was reported hijacked in position 06:18.5N - 050:13.04 at 280730Z MAR, course 295, speed 10 kts and may be used as a pirates mothership. Vessels are advised to exercise extreme caution when navigating within 100",nautical miles of the position given in this report and maintain maximum CPA with any ship acting suspiciously. Early assessment/detection will allow ships to take evasive measures to prevent boarding and request for assistance. All attacks and,"suspicious sightings including possible pirate mother vessel towing skiffs should be reported.Update:On 22 October 2016, Somali pirates freed 26 Asian sailors held captive for 1,671 days in a small fishing village for more than four years since their","ship was hijacked in the Indian Ocean. The sailors from China, the Philippines, Cambodia, Indonesia, Vietnam and Taiwan were seized when the Oman-flagged fishing vessel NAHAM 3 was hijacked close to the Seychelles in March 2012.",NA,NA,2012-03-28,2012,218,8350,Somali Exclusive Economic Zone,200NM,2187,Federal Republic of Somalia,2187,Federal Republic of Somalia,SOM,0,NA,0,NA,NA,0,NA,0,NA,NA,48.7178065692,5.38119709067,781835.626833,8350
2012-116,61,Suspicious Craft,N/A,NA,INDIAN OCEAN:Suspicious blue coloured skiff with 7 POB reported in vicinity 08 30N - 53 00E at 280917UTC MAR 12. Vessels are advised to keep well clear and to exercise extreme caution.,NA,NA,NA,NA,NA,2012-03-28,2012,218,8350,Somali Exclusive Economic Zone,200NM,2187,Federal Republic of Somalia,2187,Federal Republic of Somalia,SOM,0,NA,0,NA,NA,0,NA,0,NA,NA,48.7178065692,5.38119709067,781835.626833,8350
2012-122,61,PIRATES,FISHING VESSEL,NA,"INDIAN OCEAN:Fishing vessel reportedly hijacked on 26 March while underway near position 10:00 S - 050:00 E, approximately 115 nm north of Madagascar. It has been reported that maritime officials have lost contact with the vessel, and that there are 15",crewmembers of unknown nationalities aboard.,NA,NA,NA,NA,2012-03-26,2012,214,8337,Seychellois Exclusive Economic Zone,200NM,2192,Seychelles,2192,Seychelles,SYC,0,NA,0,NA,NA,0,NA,0,NA,NA,52.4687739034,-6.54782117364,1341497.0288,8337
2012-36,61,PIRATES,CHEMICAL TANKER,NA,"DAR ES SALAAM, TANZANIA: Two skiffs with five pirates in each skiff approached a chemical tanker underway. Vessel enforced anti-piracy measures, increased speed, deployed security team. When skiff approached closer to the vessel, the security team fired",warning flares resulting in the skiffs moving away.,NA,NA,NA,NA,2012-01-23,2012,46,8479,Tanzanian Exclusive Economic Zone,200NM,2205,Tanzania,2205,Tanzania,TZA,0,NA,0,NA,NA,0,NA,0,NA,NA,41.1678741176,-7.20984671049,241452.798387,8479
2017-40,62,Suspicous Approach,Vessel,NA,"YEMEN:On 12 February, a skiff with six armed persons on board approached a merchant vessel 37 nm south of the town of Haswayn, off Yemen's east coast. The captain of the vessel reported automatic weapons and rocket-propelled grenades on board the skiff.","The merchant vessel sounded the alarm, increased speed, activated hoses and armed guards on board displayed weapons, leading to the retreat of the skiff.",NA,NA,NA,NA,2017-02-12,2017,160,8353,Yemeni Exclusive Economic Zone,200NM,2199,Yemen,2199,Yemen,YEM,0,NA,0,NA,NA,0,NA,0,NA,NA,52.0616096242,12.8890558088,527382.733788,8353
2017-15,62,Pirates,Warship,NA,"YEMEN:On 30 January at 1220Z, in the Southern Red Sea a warship was attacked in14-49.1N 042-21.8E. The attack resulted in an explosion. The Houthis used three suicide boats, one of which was successful in striking the rear of the Saudi warship and blew",up. The resulting explosion caused the death of two Saudi sailors and injuries to three others.,NA,NA,NA,NA,2017-01-30,2017,160,8353,Yemeni Exclusive Economic Zone,200NM,2199,Yemen,2199,Yemen,YEM,0,NA,0,NA,NA,0,NA,0,NA,NA,52.0616096242,12.8890558088,527382.733788,8353
2017-36,62,Suspicious Approach,Vessel,NA,"RED SEA:On 23 December at 1905Z, a vessel reported being approached by three skiffs in15-45.7N 041-18.1E. The closest the skiff got was 100 meters. The vessel security team fired warning shots. Crew mustered in the citadel while the vessel took evasive",action.,NA,NA,NA,NA,2016-12-23,2016,136,8351,Eritrean Exclusive Economic Zone,200NM,2111,Eritrea,2111,Eritrea,ERI,0,NA,0,NA,NA,0,NA,0,NA,NA,40.5925502681,15.8234585394,78108.5928819,8351
2017-37,62,Suspicious Approach,Vessel,NA,"RED SEA:On 22 December at 1025Z, a vessel reported being approached by two high speed boats with five people in each boat. The vessel sounded the alarm, increased speed and activated hoses. The security team showed their weapons to the boats who then",altered their course and moved away.,NA,NA,NA,NA,2016-12-22,2016,160,8353,Yemeni Exclusive Economic Zone,200NM,2199,Yemen,2199,Yemen,YEM,0,NA,0,NA,NA,0,NA,0,NA,NA,52.0616096242,12.8890558088,527382.733788,8353
2016-252,62,Pirates,Product Tanker,NA,"YEMEN:On 26 October, the product tanker MELATI SATU was attacked in the Bab el Mandeb Strait area. Reportedly, the ship was attacked with a rocket propelled grenade and automatic rifle fire, but damage is reported to be slight. Crew is reportedly safe",and unhurt. The Saudi Arabian Naval Ship MAJESTY RIYADH escorted the tanker through the strait to resume its voyage to India.,NA,NA,NA,NA,2016-10-26,2016,163,8352,Djiboutian Exclusive Economic Zone,200NM,2131,Djibouti,2131,Djibouti,DJI,0,NA,0,NA,NA,0,NA,0,NA,NA,43.432962888,11.9971041774,7223.43334664,8352
2016-253,62,Pirates,Tanker,NA,"YEMEN:On 25 October, a merchant tanker was approached by a small boat near Perim Island, vicinity 12-39.8N 043-24.9E. The occupants fired an RPG at the vessel, the damage is unknown at this time. All crew are safe and the vessel has continued with her",passage.,NA,NA,NA,NA,2016-10-25,2016,160,8353,Yemeni Exclusive Economic Zone,200NM,2199,Yemen,2199,Yemen,YEM,0,NA,0,NA,NA,0,NA,0,NA,NA,52.0616096242,12.8890558088,527382.733788,8353
2016-246,62,Pirates,Naval Vessel,NA,"YEMEN:On 15 October, initial reports on the latest incident said the crew detected multiple missiles fired toward the USS MASON, which responded with onboard countermeasures to defend itself. No damage was reported to the vessel or other ships","accompanying it. The missile attack, if confirmed, would mark the third time the USS MASON was fired upon in international waters in the past week from territory in Yemen controlled by Iranian-aligned Huthi rebels.",NA,NA,NA,NA,2016-10-15,2016,136,8351,Eritrean Exclusive Economic Zone,200NM,2111,Eritrea,2111,Eritrea,ERI,0,NA,0,NA,NA,0,NA,0,NA,NA,40.5925502681,15.8234585394,78108.5928819,8351
2016-237,62,Pirates,Naval Vessel,NA,"YEMEN:On 9 October, USS MASON, a U.S. Navy guided missile destroyer was targeted in a failed missile attack from territory in Yemen controlled by Iran-aligned Houthi rebels, neither of the two missiles hit the ship. There were no injuries to the sailors",and no damage to the ship.,NA,NA,NA,NA,2016-10-09,2016,136,8351,Eritrean Exclusive Economic Zone,200NM,2111,Eritrea,2111,Eritrea,ERI,0,NA,0,NA,NA,0,NA,0,NA,NA,40.5925502681,15.8234585394,78108.5928819,8351
2016-229,62,Suspicious Approach,Chemical Tanker,NA,"YEMEN:On 3 October, at 0650 UTC, an underway chemical tanker near position 14-01.4N042-49.6E, southern Red Sea, reported a skiff closing to within two tenths of a mile. The skiff had a black hull with six persons on board wearing black and white","clothing, with 3-4 weapons sighted. The vessel's security team showed their presence and the skiff moved away. Vessel is safe.",NA,NA,NA,NA,2016-10-03,2016,160,8353,Yemeni Exclusive Economic Zone,200NM,2199,Yemen,2199,Yemen,YEM,0,NA,0,NA,NA,0,NA,0,NA,NA,52.0616096242,12.8890558088,527382.733788,8353
2016-230,62,Pirates,Vessel,NA,"YEMEN:On 1 October at approximately 0100Z, Houthi fighters fired a possible missile at a civilian logistics ship, an Australian-built HSV-2 SWIFT logistics catamaran, near the Bab el Mandab Strait off Yemen's southern coast, vicinity 12-33.9N 043-32.9E.",The vessel is being leased to the United Arab Emirates military from the UAE Marine Dredging Company. The civilian passengers were rescued. No crewmembers were hurt. Extensive damage to the vessel has been reported.,NA,NA,NA,NA,2016-10-01,2016,160,8353,Yemeni Exclusive Economic Zone,200NM,2199,Yemen,2199,Yemen,YEM,0,NA,0,NA,NA,0,NA,0,NA,NA,52.0616096242,12.8890558088,527382.733788,8353
2016-174,62,Pirates,Cable Laying Vessel,NA,"RED SEA:On 22 July at 0447Z in 13-37.5N 042-35.9E, 16 pirates in two skiffs armed with an AK47 and a RPG approached and fired upon an underway cable laying vessel. Alarm was raised, SSAS activated and crew retreated to the citadel. UKMTO and a warship",acknowledged the urgency calls made by the master. Armed security team onboard returned fire resulting in the pirates aborting the attacked and moving away. All crew reported safe.,NA,NA,NA,NA,2016-07-22,2016,136,8351,Eritrean Exclusive Economic Zone,200NM,2111,Eritrea,2111,Eritrea,ERI,0,NA,0,NA,NA,0,NA,0,NA,NA,40.5925502681,15.8234585394,78108.5928819,8351
2016-111,62,Suspicious Approach,Vessel,NA,"YEMEN: On 16 May at 0512Z, five skiffs made a suspicious approach on an underway container ship near position 14-45N 050-58E, near Al Mukalla. Ship¿s Master raised the alarm, increased speed and mustered the crew. As the skiffs closed to 0.5 nm, a ladde","was noticed in one approaching skiff. Armed security team onboard the vessel fired warning shots. Master contacted the authorities and a nearby Japanese warship dispatched its helicopter, which resulted in the skiffs aborting and moving away.",NA,NA,NA,NA,2016-05-16,2016,160,8353,Yemeni Exclusive Economic Zone,200NM,2199,Yemen,2199,Yemen,YEM,0,NA,0,NA,NA,0,NA,0,NA,NA,52.0616096242,12.8890558088,527382.733788,8353
2016-84,62,Pirates,Tanker,NA,"YEMEN:On 24 April at 2115Z , vessel was attacked in 14-25.8N 049-08.0E near port of Al Mukalla.Persons in two small skiffs fired shots at vessel. Armed security aboard vessel fired warning shots in return. Vessel reported safe.",NA,NA,NA,NA,NA,2016-04-24,2016,160,8353,Yemeni Exclusive Economic Zone,200NM,2199,Yemen,2199,Yemen,YEM,0,NA,0,NA,NA,0,NA,0,NA,NA,52.0616096242,12.8890558088,527382.733788,8353
2016-39,62,Pirates,Fishing Boat,NA,"KUWAIT:On 3 February, a Kuwaiti-flagged fishing boat was attacked in international waters at approximately 29-10N 049-15E, near Kuwait. The four attackers were believed to be Iranians. The Egyptian fishermen were able to overpower their attackers,","reportedly throwing three of them into the sea and tying up the fourth. Upon returning to port the fishermen turned the forth pirate over to local authorities. One of the fishermen lost a finger during the attack, as the attackers used long knives.",NA,NA,NA,NA,2016-02-03,2016,156,8357,Kuwaiti Exclusive Economic Zone,200NM,2115,Kuwait,2115,Kuwait,KWT,0,NA,0,NA,NA,0,NA,0,NA,NA,48.6290824971,29.1845911752,11182.5360034,8357
2015-248,62,Suspicious Approach,Cargo Ship,NA,"GULF OF ADEN:On 20 November, a bridge lookout onboard an underway general cargo ship saw three skiffs approaching the ship near position 13-12N 049-00 E, approximately 113 NM north of Bosasso, Somalia. The alarm was raised, the crew mustered and a",security message was transmitted via VHF. The embarked security team took their positions. An Indian Navy ship acknowledged the VHF call. A boarding ladder and armed persons were observed in the skiffs. The UKMTO was in contact with the vessel. The,"skiffs approached to a distance of 0.4 NM, and then altered their courses to the stern of the vessel and moved away.",NA,NA,NA,2015-11-20,2015,160,8353,Yemeni Exclusive Economic Zone,200NM,2199,Yemen,2199,Yemen,YEM,0,NA,0,NA,NA,0,NA,0,NA,NA,52.0616096242,12.8890558088,527382.733788,8353
2015-154,62,Robbers,Product Tanker,NA,"INDIA:On 5 July, five persons in a boat approached an anchored product tanker and attempted to board using the anchor chain near position 17-40N 083-24E: Vishakhapatnam Anchorage. The duty watchman raised the alarm and informed the bridge. Seeing the","alerted crew, the boat moved away. As most of the crew was gathered on the forecastle another boat approached the vessel from the stern. Two robbers boarded via the poop deck and stole ship's properties. The aft duty watchman saw the robbers and raised",the alarm resulting in the robbers escaping.,NA,NA,NA,2015-07-05,2015,259,8480,Indian Exclusive Economic Zone,200NM,2128,India,2128,India,IND,0,NA,0,NA,NA,0,NA,0,NA,NA,76.0853171614,14.5979955792,1659486.57465,8480
2015-23,62,Robbers,Chemical Tanker,NA,"GULF OF ADEN:On 8 February, gunmen in four skiffs reportedly made a suspicious approach against the Kuwait-flagged MT BURGAN while the vessel was transiting the Gulf of Aden. The ship was carrying 40,303 tons of aviation fuel and was transiting from the","Ahmadi Port in Kuwait to the Horizon Terminal port in Djibouti. The tanker was reportedly approached by armed men in four skiffs. The tanker's onboard armed security team fired warning shots, forcing the skiffs to abort their attack.",NA,NA,NA,NA,2015-02-08,2015,218,8350,Somali Exclusive Economic Zone,200NM,2187,Federal Republic of Somalia,2187,Federal Republic of Somalia,SOM,0,NA,0,NA,NA,0,NA,0,NA,NA,48.7178065692,5.38119709067,781835.626833,8350
2015-3,62,Pirates,Tanker,NA,"RED SEA:On 30 December, two skiffs, one with six possible pirates and the other with three possible pirates approached an underway tanker near position 15-06N 042-00E, approximately 6.5 nm west of the Zubair Island Group. Bridge crew raised the alarm and",the crew proceeded to the citadel. The armed guards on board the tanker fired flares as a warning. The skiffs continued their approach and as they closed weapons and a long ladder were sighted. The armed guards fired warning shots which were initially,"ignored by the skiffs. As the guards fired their second round of warning shots, the skiffs departed the area. The vessel continued passage.",NA,NA,NA,2014-12-30,2014,160,8353,Yemeni Exclusive Economic Zone,200NM,2199,Yemen,2199,Yemen,YEM,0,NA,0,NA,NA,0,NA,0,NA,NA,52.0616096242,12.8890558088,527382.733788,8353
2014-253,62,Pirates,Cargo Ship,NA,"RED SEA:On 12 November, an Israeli-flagged cargo ship was reportedly attacked by pirates in the Strait of Bab-el-Mandeb. Security guards stationed aboard the transport ship repelled the attack. The incident occurred as the ship made its way from East",Asia back to Israel. The ship sailed into an ambush when two pirate ships snuck up alongside the ZIM vessel and the pirates attempted to get on board and take control of the ship.,NA,NA,NA,NA,2014-11-12,2014,163,8352,Djiboutian Exclusive Economic Zone,200NM,2131,Djibouti,2131,Djibouti,DJI,0,NA,0,NA,NA,0,NA,0,NA,NA,43.432962888,11.9971041774,7223.43334664,8352
2014-224,62,Pirates,Merchant vessel,NA,"GULF OF ADEN:On 15 October, at 10:50 UTC, a merchant vessel was approached by a suspicious dark blue hull colored skiff with four person onboard, near position 12-41N 048-40E, approximately 90 nm northwest of Bosaso, Somalia. The closest point of","approach being 0.9 nm. A ladder with hook was sighted, but no weapons sighted. Vessel took preventive measures and the skiff moved away.",NA,NA,NA,NA,2014-10-15,2014,160,8353,Yemeni Exclusive Economic Zone,200NM,2199,Yemen,2199,Yemen,YEM,0,NA,0,NA,NA,0,NA,0,NA,NA,52.0616096242,12.8890558088,527382.733788,8353
2014-223,62,Pirates,Yacht,NA,"GULF OF ADEN:On 15 October, at 1510 UTC, a motor yacht reported a suspicious approach by one skiff near position 13-33N 050-27E, approximately 90 nm southwest of Al Mukalla, Yemen. The skiff approached the yacht to within 500 meters. Weapons and ladders","were reportedly sighted. Armed embarked security team fired warning shots. Skiff dropped back to 2 nm, but continued to follow the vessel before departing the area.",NA,NA,NA,NA,2014-10-15,2014,160,8353,Yemeni Exclusive Economic Zone,200NM,2199,Yemen,2199,Yemen,YEM,0,NA,0,NA,NA,0,NA,0,NA,NA,52.0616096242,12.8890558088,527382.733788,8353
2014-199,62,Suspicious Approach,Tanker,NA,"RED SEA:On 20 August, six persons in a skiff approached an underway tanker near position 12-48N 043-14E, approximately 19 nm north of the Bab al Mandeb. As the skiff closed to a distance of 0.2 nm, the Master raised the alarm, increased speed, activated","fire hoses, and mustered non-essential crew in a safe room, while onboard armed security team took positions on bridge wings. When the alarm was raised, the skiff altered course and moved away. No weapons, ladders, or fishing equipment were observed.",NA,NA,NA,NA,2014-08-20,2014,134,48956,Disputed area Doumeira Islands: Djibouti / Eritrea,Disputed,2111,Eritrea,2111,Eritrea,ERI,2131,Djibouti,2131,Djibouti,DJI,0,NA,0,NA,NA,43.2222066003,12.7588941374,244.983278024,48956
2014-191,62,Pirates,Bulk carrier,NA,"RED SEA:On 18 August, four skiffs approached an underway bulk carrier approximately 19 nm north of the Bab El Mandeb. As the skiffs approached the vessel, the Master raised the alarm, increased speed, commenced evasive manoeuvres while non-essential crew","mustered near the citadel. At a distance of approximately 0.5 nm the armed embarked security team noticed a ladder in one of the skiffs that had six individuals onboard. When the armed security team displayed their weapons, the skiffs moved away.",NA,NA,NA,NA,2014-08-18,2014,160,8353,Yemeni Exclusive Economic Zone,200NM,2199,Yemen,2199,Yemen,YEM,0,NA,0,NA,NA,0,NA,0,NA,NA,52.0616096242,12.8890558088,527382.733788,8353
2014-177,62,Pirates,Tanker,NA,"RED SEA:On 23 July, A tanker underway in a narrow part of the Bab el Mandeb observed a suspicious vessel on a converging course near position 12-33N 043-27E, 5 nm southeast of Perim Island. As this vessel closed to a distance of 1 nm, a skiff appeared","from behind the suspicious vessel and approached the tanker at high speed. As the skiff closed to a distance of 0.5 nm from the tanker, the Master raised alarm, increased speed, activated fire hoses, non-essential crew mustered in a safe room and the on",board armed security team showed their weapons. The skiff then altered its course parallel to the tanker and then slowly fell back. No weapons or ladders were sighted.,NA,NA,NA,2014-07-23,2014,163,8352,Djiboutian Exclusive Economic Zone,200NM,2131,Djibouti,2131,Djibouti,DJI,0,NA,0,NA,NA,0,NA,0,NA,NA,43.432962888,11.9971041774,7223.43334664,8352
2014-153,62,Suspicious Approach,Tanker,NA,"GULF OF ADEN:On 28 June, a skiff made a suspicious approach on an underway tanker, TORM SOFIA, near position 13:15N 049:11E, approximately 76 nm south of Al Mukalla, Yemen. The vessel was en route from Sikka, India to New York when it was approached.","According to a press release by Torm Company, owner of the vessel, the incident was thwarted by the armed guards on board the tanker. There were no reports of any injuries.",NA,NA,NA,NA,2014-06-28,2014,160,8353,Yemeni Exclusive Economic Zone,200NM,2199,Yemen,2199,Yemen,YEM,0,NA,0,NA,NA,0,NA,0,NA,NA,52.0616096242,12.8890558088,527382.733788,8353
2014-113,62,Suspicious Approach,Bulk Carrier,NA,"RED SEA:On 2 May, two skiffs made a 15 knot approach on an underway bulk carrier near position 15-45N 041-26E, approximately 68 nm northwest of Al Hudaydah, Yemen. Ships Master raised the alarm, increased speed, altered course, activated fire hoses, and","mustered crew members in the citadel while the onboard security team fired warning flares. When the skiffs closed to a distance of two tenths of a mile from the ship, the onboard armed security team fired warning shots at the skiffs, resulting in the",skiffs moving away.,NA,NA,NA,2014-05-02,2014,136,8351,Eritrean Exclusive Economic Zone,200NM,2111,Eritrea,2111,Eritrea,ERI,0,NA,0,NA,NA,0,NA,0,NA,NA,40.5925502681,15.8234585394,78108.5928819,8351
2014-93,62,Suspicious Approach,Underway bulk carrier,NA,"GULF OF ADEN:On 17 April, five armed persons in a skiff approached an underway bulk carrier near position 12-24N 043-42E, approximately 21 nm southeast of Perim Island, Yemen. The ship's master raised alarm, mustered the crew, increased speed and charged","fire hoses. The onboard security team fired flares, but the skiff continued its approach. At a distance of 0.15nm a ladder was sighted in the skiff and the security team showed their weapons, resulting in the skiff aborting the attempt and moving away.",NA,NA,NA,NA,2014-04-17,2014,163,8352,Djiboutian Exclusive Economic Zone,200NM,2131,Djibouti,2131,Djibouti,DJI,0,NA,0,NA,NA,0,NA,0,NA,NA,43.432962888,11.9971041774,7223.43334664,8352
2014-87,62,Pirates,Oil Tanker,NA,"GULF OF ADEN:On 14 April, seven persons armed with an RPG in a white-and blue skiff approached an oil tanker near position 12-25N 043-43E, south of the Bab El Mandeb Strait in the Gulf of Aden. The ship's master raised the alarm, sounded the ship's","whistle, activated fire hoses, and fired two warning flares. When the armed embarked security team displayed their weapons, the skiff departed the area. The security team reported observing a ladder on the skiff during the incident.",NA,NA,NA,NA,2014-04-14,2014,163,8352,Djiboutian Exclusive Economic Zone,200NM,2131,Djibouti,2131,Djibouti,DJI,0,NA,0,NA,NA,0,NA,0,NA,NA,43.432962888,11.9971041774,7223.43334664,8352
2014-88,62,Pirates,Chemical Tanker,NA,"YEMEN:On 13 April, four persons in a skiff approached an underway chemical tanker near position 13-58N 055-32E, approximately 106 nm northeast of Socotra Island, Yemen. The master raised alarm, increased speed, and mustered the non-essential crew members","in the citadel. As the skiff closed to four cables, the armed embarked security team fired a arning shot, which resulted in the skiff departing the area. The security team reported observing a ladder on the skiff during the incident.",NA,NA,NA,NA,2014-04-13,2014,160,8353,Yemeni Exclusive Economic Zone,200NM,2199,Yemen,2199,Yemen,YEM,0,NA,0,NA,NA,0,NA,0,NA,NA,52.0616096242,12.8890558088,527382.733788,8353
2014-89,62,Suspicious Approach,Chemical Tanker,NA,"RED SEA:On 5 April, five persons in a skiff approached an underway chemical tanker near position 12-35N 043-26E, Bab El Mandeb Strait, Red Sea. The master raised alarm, altered course, and directed non-essential crew members to muster in a safe room.","When the skiff got to within a third of a nautical mile of the tanker, the armed embarked security team fired a warning shot, which resulted in the skiff departing the area.",NA,NA,NA,NA,2014-04-05,2014,160,8353,Yemeni Exclusive Economic Zone,200NM,2199,Yemen,2199,Yemen,YEM,0,NA,0,NA,NA,0,NA,0,NA,NA,52.0616096242,12.8890558088,527382.733788,8353
2014-84,62,Two skiffs and a dhow,Merchant vessel,NA,"OMAN:On 5 April, two skiffs and a dhow approached a merchant vessel to within 300 meters by near position 20-15N 059-02E, approximately 15 nm from Masirah Island, Oman. When an armed embarked security team fired warning shots, the skiffs turned away.",NA,NA,NA,NA,NA,2014-04-05,2014,142,8354,Omani Exclusive Economic Zone,200NM,2251,Oman,2251,Oman,OMN,0,NA,0,NA,NA,0,NA,0,NA,NA,58.6699806823,18.9491464112,556485.906171,8354
2014-75,62,Suspicious Approach,Chemical tanker,NA,"RED SEA:On 23 March, five skiffs with three persons in each skiff, approached an underway chemical tanker at high speed near position 13-18N 042-52 E, approximately 50 nmnorthwest of Perim Island, Yemen. The ship's Master raised the alarm, mustered the","crew, and activated the fire pumps, while the embarked armed security team took their positions. Ladders were observed in two skiffs as they closed to a distance of 1 nm from the tanker. The security team fired one rocket flare towards the skiffs and",showed their weapons resulting in the skiffs aborting their approach.,NA,NA,NA,2014-03-23,2014,136,8351,Eritrean Exclusive Economic Zone,200NM,2111,Eritrea,2111,Eritrea,ERI,0,NA,0,NA,NA,0,NA,0,NA,NA,40.5925502681,15.8234585394,78108.5928819,8351
2014-58,62,Suspicious Approach,Merchant vessel,NA,"OMAN:On 6 March, three suspicious white skiffs approached a merchant vessel near position 22-27N 060-29E, approximately 122 nm southeast of Muscat, Oman. The skiffs with two persons onboard each skiff approached the ship to within a half mile. After self","protection measures were initiated by the crew, the skiffs moved away.",NA,NA,NA,NA,2014-03-06,2014,142,8354,Omani Exclusive Economic Zone,200NM,2251,Oman,2251,Oman,OMN,0,NA,0,NA,NA,0,NA,0,NA,NA,58.6699806823,18.9491464112,556485.906171,8354
2014-40,62,Pirates,General cargo ship,NA,"GULF OF ADEN:On 8 February, twelve suspected pirates in three skiffs approached an underway general cargo ship near position 12-24N 043-32E, approximately 15 nm southeast of Perim Island, Yemen. The skiffs approached at high speed from the port and","starboard side and closed to around 500 meters of the ship. A possible ladder was identified in a skiff. The crew raised the alarm, informed authorities, mustered crew in the citadel, and fired flares in the direction of the skiffs. As the skiffs",continued to approach the private armed embarked security fired warning shots causing the skiffs to withdraw.,NA,NA,NA,2014-02-08,2014,163,8352,Djiboutian Exclusive Economic Zone,200NM,2131,Djibouti,2131,Djibouti,DJI,0,NA,0,NA,NA,0,NA,0,NA,NA,43.432962888,11.9971041774,7223.43334664,8352
2014-21,62,Hijackers,Merchant vessel,NA,"A merchant vessel reported being hijacked at 1539Z on 18 JAN in position 15-31N 39-57E, approximately 40NM east of Massawa, Eritrea. This area will remain high risk for at least the next 24-48 hours.",NA,NA,NA,NA,NA,2014-01-18,2014,136,8351,Eritrean Exclusive Economic Zone,200NM,2111,Eritrea,2111,Eritrea,ERI,0,NA,0,NA,NA,0,NA,0,NA,NA,40.5925502681,15.8234585394,78108.5928819,8351
2014-24,62,Pirates,Product tanker,NA,"OMAN:On 17 January, pirates fired upon the Marshall Islands-flagged product tanker NAVE ATROPOS near position 15-06N 054-23E, approximately 115 nm south of Salalah, Oman. Pirates were operating from a skiff that was launched from a nearby mother ship.","The Master of the NAVE ATROPOS raised alarm, increased speed, altered course, activated SSAS, contacted UKMTO, and had non-essential crew members muster in the citadel. When the armed embarked security team returned fire, the pirates departed the area.","The following day, EU naval forces and aircraft supporting counter-piracy operations located the suspected mother ship and subsequently conducted a boarding. EU naval forces freed the Indian crewmen and took five suspected Somali pirates into custody.",NA,NA,NA,2014-01-17,2014,142,8354,Omani Exclusive Economic Zone,200NM,2251,Oman,2251,Oman,OMN,0,NA,0,NA,NA,0,NA,0,NA,NA,58.6699806823,18.9491464112,556485.906171,8354
2013-349,62,PIRATES,BULK CARGO SHIP,NA,"GULF OF ADEN:On 9 December at 0348 UTC, five suspected armed pirates in a skiff approached a bulk cargo ship near position 12-52N 047-52E, approximately 122 nm northwest of Bosaso, Somalia. The master raised alarm, activated fire hoses, sounded ship's","horn, and took evasive maneuvers while non-essential crew members mustered in the citadel. The armed security team took their positions and showed their weapons, but the skiff continued to approach the ship even after the armed security team fired a",warning flare towards the skiff. The security team then proceeded to fire warning shots as the skiff closed to the ship. The pirates responded by engaging the ship with small fire arms and the security team returned fire resulting in the pirates aborting,the attempted boarding. A military helicopter came to the location to provide assistance and locate the pirates.,NA,NA,2013-12-09,2013,160,8353,Yemeni Exclusive Economic Zone,200NM,2199,Yemen,2199,Yemen,YEM,0,NA,0,NA,NA,0,NA,0,NA,NA,52.0616096242,12.8890558088,527382.733788,8353
2013-350,62,PIRATES,TANKER,NA,"GULF OF ADEN:On 9 December at 0330 UTC, five suspected pirates in a skiff attacked a tanker near position 12-50N 047-49E, approximately 122 nm northwest of Bosaso, Somalia. The Master raised alarm, activated fire hoses, increased speed, took evasive","maneuvers, and contacted UKMTO for assistance. The armed embarked security team took their positions and showed their weapons resulting in the pirates aborting the attempted boarding. A military helicopter came to the location to assist and locate the",pirates.,NA,NA,NA,2013-12-09,2013,160,8353,Yemeni Exclusive Economic Zone,200NM,2199,Yemen,2199,Yemen,YEM,0,NA,0,NA,NA,0,NA,0,NA,NA,52.0616096242,12.8890558088,527382.733788,8353
2013-252,62,Three skiffs,Crude oil tanker,NA,"ARABIAN SEA:On 4 August, a Liberian-flagged crude oil tanker experienced a suspicious approach approximately 110 nm southeast of Muscat, Oman. Three skiffs containing 3 individuals each, approached at 20 knots. The tanker crew mustered in the citadel and","the embarked security team on the bridge fired a warning flare. The skiffs continued their approach and a second flare was fired, resulting in the skiffs ceasing the approach and moving away.",NA,NA,NA,NA,2013-08-04,2013,142,8354,Omani Exclusive Economic Zone,200NM,2251,Oman,2251,Oman,OMN,0,NA,0,NA,NA,0,NA,0,NA,NA,58.6699806823,18.9491464112,556485.906171,8354
2013-246,62,two skiffs,LPG tanker,NA,"YEMEN:On 01 August, an underway LPG tanker experienced a suspicious approach by two skiffs in vicinity of 13-40N 042-39E, near the Jazirat Hanisha Al Kabir Island when a Yemeni-style skiff shadowed the vessel at a distance of 1 nm while another","approached the vessel at 15 knots. When the armed embarked security team displayed their weapons, the skiffs changed course and stopped their pursuit.",NA,NA,NA,NA,2013-08-01,2013,160,8353,Yemeni Exclusive Economic Zone,200NM,2199,Yemen,2199,Yemen,YEM,0,NA,0,NA,NA,0,NA,0,NA,NA,52.0616096242,12.8890558088,527382.733788,8353
2013-237,62,ROBBERS,CONTAINER SHIP,NA,"EGYPT:On 27 July, the Singapore-flagged anchored container ship HONG KONG BRIDGE was boarded at 29-50N 032-34E, at the Suez Anchorage. Upon boarding the vessel, the robbers were spotted by the crew, who then raised the alarm. After hearing the alarm, the",robbers escaped empty handed.,NA,NA,NA,NA,2013-07-27,2013,135,8490,Egyptian Exclusive Economic Zone,200NM,3868,Egypt,3868,Egypt,EGY,0,NA,0,NA,NA,0,NA,0,NA,NA,31.149135591,30.4508234116,243230.486587,8490
2013-219,62,SUSPICIOUS CRAFT,CHEMICAL TANKER CONCORD,NA,"YEMEN:On 16 July, the Marshall Islands-flagged underway chemical tanker CONCORD experienced a suspicious approach by three skiffs at 13-28N 043-01E, approximately 16 nm northwest of Mocha. The onboard security team took their position while non essential",crew mustered in the citadel. The individuals in the skiff had weapons to include an RPG. The skiffs departed the area when the security team fired warning flares.,NA,NA,NA,NA,2013-07-16,2013,160,8353,Yemeni Exclusive Economic Zone,200NM,2199,Yemen,2199,Yemen,YEM,0,NA,0,NA,NA,0,NA,0,NA,NA,52.0616096242,12.8890558088,527382.733788,8353
2013-208,62,SUSPICIOUS CRAFT,BULK CARRIER,NA,"RED SEA:On 8 July, an underway bulk carrier experienced a suspicious approach at 13-10N 043-06E, approximately 11 nm southwest of Mocha, Yemen. Armed security team on board the underway bulk carrier noticed two skiffs near the stern of the vessel, at a","distance of 5-10 meters. Alarm sounded and the armed team fired warning shots, resulting in the skiffs moving away.",NA,NA,NA,NA,2013-07-08,2013,160,8353,Yemeni Exclusive Economic Zone,200NM,2199,Yemen,2199,Yemen,YEM,0,NA,0,NA,NA,0,NA,0,NA,NA,52.0616096242,12.8890558088,527382.733788,8353
2013-207,62,PIRATES,MERCHANT VESSEL,NA,"SOMALIA:On 04 July, 2013 at 0950 UTC, a merchant vessel was closed to four cables by eight suspected pirates in two skiffs. The position of the incident was 12-59.6N 043-06.7E. Pirates were armed with machine guns. Ship's security team made warning shots",and the skiffs moved awa. Pirates action group may be still in the area. Vessels are advised to exercise extreme caution when navigating within the position given in this report and maintain maximum CPA with any vessel acting suspiciousy.,NA,NA,NA,NA,2013-07-04,2013,136,8351,Eritrean Exclusive Economic Zone,200NM,2111,Eritrea,2111,Eritrea,ERI,0,NA,0,NA,NA,0,NA,0,NA,NA,40.5925502681,15.8234585394,78108.5928819,8351
2013-196,62,SUSPICIOUS CRAFT,MERCHANT VESSEL,NA,"RED SEA:On 21 June, an underway merchant vessel experienced a suspicious approach at 15-02N 041-42E, approximately 73 nm northwest of Al Hudaydah. Weapons and ladders were sighted, as multiple skiffs approached at high speed. The embarked AST fired","several warning shots. The skiffs aborted their approach and moved towards another merchant vessel, approximately 2 nm to their starboard. AST observed the other vessel take evasive action. When last seen, the skiffs were paralleling the course of the",second merchant ship.,NA,NA,NA,2013-06-21,2013,136,8351,Eritrean Exclusive Economic Zone,200NM,2111,Eritrea,2111,Eritrea,ERI,0,NA,0,NA,NA,0,NA,0,NA,NA,40.5925502681,15.8234585394,78108.5928819,8351
2013-203,62,PIRATES,MERCHANT VESSEL,NA,"YEMEN:On 20 June, an underway merchant vessel experienced an aggressive approach by two skiffs at 12-42N 043-19E, approximately 5 nm northwest of Birim Island. The first skiff with two pirates on board approached from the starboard side, while the second","skiff with eight pirates on board approached from the port. Once the skiffs had closed in on the vessel, the armed security team fired two warning flares and a tracer round. The skiffs subsequently departed the area. No pirate weapons or ladders were",seen on board the skiffs.,NA,NA,NA,2013-06-20,2013,160,8353,Yemeni Exclusive Economic Zone,200NM,2199,Yemen,2199,Yemen,YEM,0,NA,0,NA,NA,0,NA,0,NA,NA,52.0616096242,12.8890558088,527382.733788,8353
2013-204,62,SUSPICIOUS CRAFT,VESSEL,NA,"IRAN:On 17 June, an underway vessel experienced a suspicious approach at 25-33N 057-23E, approximately 21 nm southwest of Bandar-e-Jask. Vessel reported being approached by two skiffs, coming within 20-30 meters of the vessels stern. No pirate","paraphernalia was sighted, but the skiffs followed the vessel for 15-20 minutes.",NA,NA,NA,NA,2013-06-17,2013,138,8469,Iranian Exclusive Economic Zone,200NM,2126,Iran,2126,Iran,IRN,0,NA,0,NA,NA,0,NA,0,NA,NA,53.8860317307,29.7820224927,215347.604482,8469
2013-197,62,SUSPISIOUC CRAFT,TANKER,NA,"YEMEN:On 14 June, the underway Malta-flagged tanker experienced a suspicious approach at 12-36N 043-25E, approximately 2 nm southwest of Birim Island. A single skiff paralleled the tanker's course, and then moved toward the vessel at high speed,","approaching within 500 meters. The AST displayed their weapons, resulting in the skiff moving away.",NA,NA,NA,NA,2013-06-14,2013,160,8353,Yemeni Exclusive Economic Zone,200NM,2199,Yemen,2199,Yemen,YEM,0,NA,0,NA,NA,0,NA,0,NA,NA,52.0616096242,12.8890558088,527382.733788,8353
2013-198,62,SUSPICIOUS CRAFT,MERCHANT VESSEL,NA,"RED SEA:On 13 June, a merchant vessel experienced suspicious activity at 13-05N 043-09E, approximately 15 nm southwest of Mocha. Approximately 20 skiffs surrounded the vessel. The Master ordered the crew into the citadel and the embarked AST fired","warning shots. The incident's duration lasted 20-30 minutes, before the skiffs moved away. Crew andvessel are safe.",NA,NA,NA,NA,2013-06-13,2013,160,8353,Yemeni Exclusive Economic Zone,200NM,2199,Yemen,2199,Yemen,YEM,0,NA,0,NA,NA,0,NA,0,NA,NA,52.0616096242,12.8890558088,527382.733788,8353
2013-173,62,Pirates,DHOW SHAHE FAIZE NOORI,NA,"SOMALIA:On 05 June, the India-flagged dhow SHAHE FAIZE NOORI was hijacked at 11-36N 049-15E, approximately 20 nm north of Bosasso. The dhow was reported hijacked and 14 crew members taken hostage. Later the pirates left the dhow for unknown reasons and",released the hostages. The crew and dhow are reported to be safe and proceeding to a safe port.,NA,NA,NA,NA,2013-06-05,2013,218,8350,Somali Exclusive Economic Zone,200NM,2187,Federal Republic of Somalia,2187,Federal Republic of Somalia,SOM,0,NA,0,NA,NA,0,NA,0,NA,NA,48.7178065692,5.38119709067,781835.626833,8350
2013-176,62,PIRATES,MERCHANT VESSELS,NA,"RED SEA:On 4 June 2013, two merchant vessels reported being attacked in vicinity of 15-20N 041-50E in the Red Sea, approximately 185 nm northwest of Bab el Mandeb. Mariners should remain vigilant for the potential presence of pirate attack group in the",southern Red Sea. The area will remain at high risk for at least the next 48-72 hours.,NA,NA,NA,NA,2013-06-04,2013,160,8353,Yemeni Exclusive Economic Zone,200NM,2199,Yemen,2199,Yemen,YEM,0,NA,0,NA,NA,0,NA,0,NA,NA,52.0616096242,12.8890558088,527382.733788,8353
2013-163,62,ROBBERS,CONTAINER SHIP APL LE HAVRE,NA,"EGYPT:On 21 May, the anchored container ship APL LE HAVRE was boarded at 29-50N 032-33E, at the Suez E16 Anchorage. Duty officer on board the anchored container ship noticed on CCTV three robbers in boiler suits near the forecastle. The duty officer",raised the alarm and sounded the fog horn. Upon being detected the robbers escaped. On inspection it was noticed that five container seals had been broken and contents of one container pilfered. Port control informed.,NA,NA,NA,NA,2013-05-21,2013,135,8490,Egyptian Exclusive Economic Zone,200NM,3868,Egypt,3868,Egypt,EGY,0,NA,0,NA,NA,0,NA,0,NA,NA,31.149135591,30.4508234116,243230.486587,8490
2013-165,62,SUSPICIOUS CRAFTS,TANKER ENJOY,NA,"YEMEN:On 20 May, the underway tanker ENJOY was attacked at 13-12N 049-56E, approximately 100nm south-southeast of Al Mukalla. Via VHF Chan 16, the tanker requested warship assistance due to being attacked by 7 skiffs. The warship dispatched a helicopter,","which identified the skiffs. Upon the arrival of the helicopter, the skiffs subsequently pulled back.",NA,NA,NA,NA,2013-05-20,2013,218,8350,Somali Exclusive Economic Zone,200NM,2187,Federal Republic of Somalia,2187,Federal Republic of Somalia,SOM,0,NA,0,NA,NA,0,NA,0,NA,NA,48.7178065692,5.38119709067,781835.626833,8350
2013-164,62,SUSPICIOUS CRAFT,BULK CARRIER YONGXING,NA,"YEMEN:On 20 May, the underway bulk carrier YONGXING experienced a suspicious approach by two skiffs at 13-11N 048-54E, approximately 65 nm south of Al Mukalla. The two yellow and blue skiffs with 12 individuals on board approached from the port side.","When the skiffs closed to 500 meters, the embarked AST fired 3 warning shots towards the skiffs. The skiffs immediately departed the area.",NA,NA,NA,NA,2013-05-20,2013,160,8353,Yemeni Exclusive Economic Zone,200NM,2199,Yemen,2199,Yemen,YEM,0,NA,0,NA,NA,0,NA,0,NA,NA,52.0616096242,12.8890558088,527382.733788,8353
2013-152,62,PIRATES,CARGO SHIP SE PELAGICA,NA,"GULF OF ADEN:On 19 May, the underway cargo ship SE PELAGICA experienced a suspicious approach at 12-12N 044-20E, approximately 52 nm south-southwest of Aden, Yemen. Five pirates armed with AK47 rifles and a RPG approached a general cargo ship underway.",The vessel enforced anti piracy measures and the embarked armed guards fired warning shots at the skiff once it had closed to 400 meters from the vessel; resulting in the skiff aborting the attempt and moving away. The crew and vessel are safe.,NA,NA,NA,NA,2013-05-19,2013,160,8353,Yemeni Exclusive Economic Zone,200NM,2199,Yemen,2199,Yemen,YEM,0,NA,0,NA,NA,0,NA,0,NA,NA,52.0616096242,12.8890558088,527382.733788,8353
2013-166,62,SUSPICIOUS CRAFTS,TANKER FIDELITY 2,NA,"YEMEN:On 19 May, the underway tanker FIDELITY 2 was fired upon at 12-19N 043-58E, approximately 17nm south of the Al Maqatirah District coast. The tanker reported via VHF channel 16, being fired upon by 1 red and 1 white skiff. An embarked armed security",team fired warning shots at 800 meters; coalition warship dispatched a helicopter to assist.,NA,NA,NA,NA,2013-05-19,2013,160,8353,Yemeni Exclusive Economic Zone,200NM,2199,Yemen,2199,Yemen,YEM,0,NA,0,NA,NA,0,NA,0,NA,NA,52.0616096242,12.8890558088,527382.733788,8353
2013-151,62,SUSPICIOUS CRAFT,LPG TANKER,NA,"IRAN:On 19 May, an underway LPG tanker experienced an suspicious approach at 25-32 N 057-27E, approximately 18 nm west-southwest of Bandar-e-Jask. Four suspicious boats with three armed persons in each boat chased an LPG tanker while underway. Master","raised alarm, activated SSAS, increased speed, took evasive maneuvers, contacted an Iran warship by VHF for assistance, and the crew mustered in the citadel. The boats followed the tanker for 30 minutes and then moved away.",NA,NA,NA,NA,2013-05-19,2013,138,8469,Iranian Exclusive Economic Zone,200NM,2126,Iran,2126,Iran,IRN,0,NA,0,NA,NA,0,NA,0,NA,NA,53.8860317307,29.7820224927,215347.604482,8469
2013-154,62,PIRATES,MERCHANT VESSEL,NA,"GULF OF ADEN:On 16 May, a merchant vessel experienced a suspicious approach at 12-03N 045-42E, approximately 58 nm south-southeast of Aden, Yemen. A suspected pirate mothership towing two skiffs was spotted by the security team onboard the merchant ship.","The suspect vessel increased its speed and moved closer to the M/V. At a distance of 3 nm from the M/V, the mothership deployed the two skiffs with suspected pirates onboard, heading toward the M/V. The alarm was sounded and all non-essential crew moved","into the citadel. The M/V commenced evasive maneuvering; the Master contacted a nearby warship, and sent a mayday message via VHF Channel 16. As the suspected pirate vessels approached within 2 nm, the embarked security team demonstrated their presence","onboard, resulting in the skiffs changing course and moving away. Due to poor visibility, there was difficulty detecting the number of people or any piracy-related equipment. MV continued transit to her destination.",NA,NA,2013-05-16,2013,160,8353,Yemeni Exclusive Economic Zone,200NM,2199,Yemen,2199,Yemen,YEM,0,NA,0,NA,NA,0,NA,0,NA,NA,52.0616096242,12.8890558088,527382.733788,8353
2013-140,62,SUSPICIOUS CRAFT,MERCHANT SHIP,NA,"GULF OF ADEN:On 11 May, a merchant ship experienced a suspicious approach by seven skiffs at 13-30N 050-01E, approximately 78 nm southeast of Al Mukalla, Yemen. Each skiff had approximately 5-6 individuals onboard. In addition there was a possible","mothership nearby. When the group of skiffs saw the armed embarked security team, they stopped pursuing the merchant ship. The AEST reportedly observed ladders in four of the skiffs.",NA,NA,NA,NA,2013-05-11,2013,160,8353,Yemeni Exclusive Economic Zone,200NM,2199,Yemen,2199,Yemen,YEM,0,NA,0,NA,NA,0,NA,0,NA,NA,52.0616096242,12.8890558088,527382.733788,8353
2013-130,62,SUSPICIOUS CRAFT,TANKER,NA,"GULF OF ADEN:On 5 May, an underway tanker experienced an attempted boarding at 13-40N 048-30E, approximately 63 nm south-southwest of Al Mukalla, Yemen. Four high speed skiffs, with three persons in each skiff, approached the tanker in groups of two,","from its starboard side. Two skiffs closed within a distance of 200 meters from the tanker and the armed security team fired warning shots, resulting in the skiffs aborting their attempt.",NA,NA,NA,NA,2013-05-05,2013,160,8353,Yemeni Exclusive Economic Zone,200NM,2199,Yemen,2199,Yemen,YEM,0,NA,0,NA,NA,0,NA,0,NA,NA,52.0616096242,12.8890558088,527382.733788,8353
2013-91,62,PIRATES,FISHING VESSEL,NA,"SOMALIA:On 28 March, a fishing vessel was hijacked at 11-52N 051-18E, off Raas Caseyr. Pirates boarded and hijacked the vessel and took her 20 crew members hostage. Vessel was rescued later that day. The vessel and crew members were unharmed and",proceeded to a safe port.,NA,NA,NA,NA,2013-03-28,2013,218,8350,Somali Exclusive Economic Zone,200NM,2187,Federal Republic of Somalia,2187,Federal Republic of Somalia,SOM,0,NA,0,NA,NA,0,NA,0,NA,NA,48.7178065692,5.38119709067,781835.626833,8350
2013-76,62,SUSPICIOUS CRAFT,TANKER,NA,"YEMEN:On 25 March, an underway tanker experienced a suspicious approach at 14-01N 051-33E, approximately 141 nm south-southwest of Al Mukalla, Yemen. A group of boats closed to within 0.8 nm of the vessel, who displayed weapons resulting in the approach",being aborted and the boats moving away on a near-reciprocal course and speed to their original approach. The group was comprised of a dhow with a light-colored hull and skiffs with dark-colored hulls. No weapons were sighted.,NA,NA,NA,NA,2013-03-25,2013,160,8353,Yemeni Exclusive Economic Zone,200NM,2199,Yemen,2199,Yemen,YEM,0,NA,0,NA,NA,0,NA,0,NA,NA,52.0616096242,12.8890558088,527382.733788,8353
2013-72,62,SUSPICIOUS CRAFT,TANKER ORANGE STARS,NA,"GULF OF ADEN:On 14 March, the underway tanker ORANGE STARS experienced a suspicious approach at 13-39N 050-48E, approximately 107 nm south-southeast of Al Mukalla, Yemen. Four suspicious dhows along with skiffs were noticed nearby the vessel. From this","group, one skiff approached the tanker at high speed. Alarm sounded and non-essential crew retreated to the citadel. As the skiff approached, weapons and a ladder were sighted onboard. The armed security team fired one warning shot resulting in the skiff",retreating back to the group..,NA,NA,NA,2013-03-14,2013,160,8353,Yemeni Exclusive Economic Zone,200NM,2199,Yemen,2199,Yemen,YEM,0,NA,0,NA,NA,0,NA,0,NA,NA,52.0616096242,12.8890558088,527382.733788,8353
2013-66,62,SUSPICIOUS CRAFT,TANKER AL BUHAIRA,NA,"YEMEN:On 4 March, the tanker AL BUHAIRA experienced a suspicious approach at 14-17N 049-51E, at approximately 40 nm southeast of Mukalla City. Four skiffs with approximately six persons in each skiff approached the underway vessel from the port bow,","amidship and the stern. Master raised alarm, took anti-piracy measures, informed UKMTO, and directed all non-essential crew to the citadel. Onboard armed security team fired warning shots resulting in the skiffs stopping the approach at a distance of",around 0.4 nm from the vessel. Ladder and RPG sighted in the approaching skiffs. A warship was deployed to the location for assistance.,NA,NA,NA,2013-03-04,2013,160,8353,Yemeni Exclusive Economic Zone,200NM,2199,Yemen,2199,Yemen,YEM,0,NA,0,NA,NA,0,NA,0,NA,NA,52.0616096242,12.8890558088,527382.733788,8353
2013-67,62,ROBBERS,DHOW,NA,"BAHRAIN:On 04 March, a dhow was fired upon and a crewman was kidnapped approximately 60 nm north of Al Dair. The Bahraini-registered vessel was attacked by four armed men in two boats. The dhow was forced to stop and was dragged from the location of the","attack into Iranian waters. The sailors were kidnapped but later released, with one sailor suffering from two gunshot wounds to the shoulder. He was taken to the hospital and listed in stable condition.",NA,NA,NA,NA,2013-03-04,2013,143,8356,Saudi Arabian Exclusive Economic Zone,200NM,2215,Saudi Arabia,2215,Saudi Arabia,SAU,0,NA,0,NA,NA,0,NA,0,NA,NA,40.4817099566,22.453897246,224137.855448,8356
2013-58,62,SUSPICIOUS CRAFT,MERCHANT SHIP,NA,"OMAN:On 25 February, a merchant ship reported a suspicious approach by one skiff in an area approximately 15 nautical miles north of Masirah Island, Oman. No shots were fired but the merchant ship reported sighting weapons aboard the skiff.",NA,NA,NA,NA,NA,2013-02-25,2013,142,8354,Omani Exclusive Economic Zone,200NM,2251,Oman,2251,Oman,OMN,0,NA,0,NA,NA,0,NA,0,NA,NA,58.6699806823,18.9491464112,556485.906171,8354
2013-59,62,SUSPECIOUS CRAFT,CARGO SHIP,NA,"GULF OF OMAN:On 22 February, a cargo ship was fired upon at 23-08N 060-49E, approximately 130 nm southeast of Muscat, Oman.",NA,NA,NA,NA,NA,2013-02-22,2013,142,8354,Omani Exclusive Economic Zone,200NM,2251,Oman,2251,Oman,OMN,0,NA,0,NA,NA,0,NA,0,NA,NA,58.6699806823,18.9491464112,556485.906171,8354
2013-60,62,SUSPICIOUS CRAFT,TANKER MEGACORE PANTHEA,NA,"OMAN:On 31 January, the tanker MEGACORE PANTHEA experienced a suspicious approach in the vicinity of 21-23N 059-59E, approximately 33 nm East of Ash Sharqiyah. Vessel sighted a white skiff 3 miles off the starboard quarter. Skiff was proceeding in the","same direction of the vessel with speed up to 25 knots. Ship security guards and crew put on high alert. Speed increased to maximum and evasive maneuvers taken. The skiff maintained this position for 30 minutes, until suddenly altering course towards the",vessel and crossed behind at a distance of 1.7 nm. Skiff maintained position on port quarter until altering to a westerly course and proceeded at high speed. A second skiff was later sighted 7 miles off the starboard quarter. No close approach was made.,Photographs taken by a high-resolution camera show two men aboard the skiff wearing head gear.,NA,NA,2013-01-31,2013,142,8354,Omani Exclusive Economic Zone,200NM,2251,Oman,2251,Oman,OMN,0,NA,0,NA,NA,0,NA,0,NA,NA,58.6699806823,18.9491464112,556485.906171,8354
2012-354,62,PIRATES,MERCHANT VESSEL,NA,"OMAN:Merchant vessel experienced suspicious approach at 0535 UTC on 27 December near position 26-17N 056-43E in the Gulf of Oman, approximately 22 nm east of Al Kasab, Oman. The activity consisted of two skiffs, one of which approached the vessel to","within 500 meters, with possible weapons sighted. Vessel's armed embarked security team fired flares and the skiff moved away. The second skiff approached to within 200 meters. Embarked security team again fired a warning flare but there was no response",from the second skiff. Vessel security team then fired two warning shots to the side of the second skiff. Both skiffs then broke off the approach and departed the area.,NA,NA,NA,2012-12-27,2012,142,8354,Omani Exclusive Economic Zone,200NM,2251,Oman,2251,Oman,OMN,0,NA,0,NA,NA,0,NA,0,NA,NA,58.6699806823,18.9491464112,556485.906171,8354
2013-15,62,SUSPICIOUS CRAFT,TANKER TSURUMI,NA,"IRAN:On 20 December, the tanker TSURUMI was boarded at 24-46N 57-54E, approximately 25 nm South of Bandar-e-Jask. The tanker underway en route to Fujairah sighted a speed boat approaching at a speed of around 25 knots. The Master raised alarm, activated","SSAS, sent a distress alert, took evasive maneuvers, mustered the crew and closed all accommodation doors. The distress alert was acknowledged by UKMTO and a helicopter was seen approaching the location. When the boat was around 0.5nm from the tanker","five masked persons with weapons and a RPG were identified. Seeing the helicopter, the boat altered and moved away from the tanker.",NA,NA,NA,2012-12-20,2012,138,8469,Iranian Exclusive Economic Zone,200NM,2126,Iran,2126,Iran,IRN,0,NA,0,NA,NA,0,NA,0,NA,NA,53.8860317307,29.7820224927,215347.604482,8469
2013-8,62,PIRATES,CARGO SHIP,NA,"SOMALIA:On 11 November 2012, a general cargo ship was detained by Somali authorities and ordered to anchor off Bossaso. Eight Puntland Maritime Police Force (PMPF) personnel (four policemen and four soldiers) were detailed to guard the ship. The four","soldiers took over the ship and forced the Master to sail to another port. It is suspected that the soldiers were paid by pirates to hijack the ship. While enroute, one of the soldiers rejoined the four policemen, gained control of the vessel and sailed","back to Bossaso. The vessel arrived and berthed at Bossaso Port on 20 December, where the PMPF personnel were replaced.",NA,NA,NA,2012-12-20,2012,218,8350,Somali Exclusive Economic Zone,200NM,2187,Federal Republic of Somalia,2187,Federal Republic of Somalia,SOM,0,NA,0,NA,NA,0,NA,0,NA,NA,48.7178065692,5.38119709067,781835.626833,8350
2013-7,62,SUSPICIOUS CRAFT,TANKER,NA,"SOMALIA:A tanker underway en route to Fujairah sighted a speed boat approaching at about 25 knots. The Master raised the alarm, activated SSAS, sent a distress alert, took evasive maneuvers, mustered the crew, and closed all accommodation doors. The","distress alert was acknowledged by UKMTO and a helicopter was seen approaching the location. When the boat was about 0.5 nm from the vessel, five masked persons with weapons, including an RPG, were identified. Seeing the helicopter, the boat altered",course and moved away from the vessel.,NA,NA,NA,2012-12-20,2012,138,8469,Iranian Exclusive Economic Zone,200NM,2126,Iran,2126,Iran,IRN,0,NA,0,NA,NA,0,NA,0,NA,NA,53.8860317307,29.7820224927,215347.604482,8469
2012-345,62,PIRATES,MERCHANT VESSEL,NA,"SOMALIA:Vessel reported activity in 24-35N 57-34E on 16 December at 0100Z suspected to be a mothership engaged in piracy, but was able to evade any approach by the suspicious vessel.",NA,NA,NA,NA,NA,2012-12-16,2012,142,8354,Omani Exclusive Economic Zone,200NM,2251,Oman,2251,Oman,OMN,0,NA,0,NA,NA,0,NA,0,NA,NA,58.6699806823,18.9491464112,556485.906171,8354
2012-350,62,PIRATES,TANKER,NA,"OMAN:Tanker under suspicious approach on 15 December at 24-10N 059-08E, approximately 45 nm northeast of Muscat. A dhow was seen launching a skiff which approached the tanker while underway. Master raised the alarm, increased speed, altered course. Crew","wasmustered and contacted authorities for assistance. At a distance of 0.2 nm, weapons and ladders were identified on the skiff and the onboard armed security team fired warning shots resulting in the skiff moving away.",NA,NA,NA,NA,2012-12-15,2012,142,8354,Omani Exclusive Economic Zone,200NM,2251,Oman,2251,Oman,OMN,0,NA,0,NA,NA,0,NA,0,NA,NA,58.6699806823,18.9491464112,556485.906171,8354
2012-351,62,PIRATES,TANKER,NA,"IRAN:Tanker boarded on 15 December in the vicinity of 24-33N 058-05E, approximately 67 nm south of Jask. A pirate gang utilizing three suspicious skiffs approached the vessel. Alarm was raised and crewmembers mustered in the citadel and awaited the",arrival of a warship. Pirates are thought to have left the vessel after seeing the approach of the HDMS Iver Huitfeldt. Evidence showed damaged barbed wire at the stern and an unsuccessful attempt at breaching the citadel.,NA,NA,NA,NA,2012-12-15,2012,142,8354,Omani Exclusive Economic Zone,200NM,2251,Oman,2251,Oman,OMN,0,NA,0,NA,NA,0,NA,0,NA,NA,58.6699806823,18.9491464112,556485.906171,8354
2012-349,62,PIRATES,TANKER,NA,"OMAN:Tanker fired upon on 15 December at 24-36N 057-32E, approximately 80 nm northwest of Muscat. Armed pirates in a skiff approached and opened fire on a tanker while underway. The Master raised alarm, commenced evasive maneuvers, called UKMTO, sent","distress alerts via VHF and SSAS and all crew retreated into the citadel. Navies in the vicinity responded to the distress and a naval boarding team was sent to rescue the crews. On boarding the vessel, no pirates were found and the crew regained control",of the tanker and continued their passage.,NA,NA,NA,2012-12-15,2012,142,8354,Omani Exclusive Economic Zone,200NM,2251,Oman,2251,Oman,OMN,0,NA,0,NA,NA,0,NA,0,NA,NA,58.6699806823,18.9491464112,556485.906171,8354
2012-312,62,PIRATES,MERCHANT VESSEL,NA,"GULF OF ADEN:On 1 November at 0650Z, a merchant vessel was fired upon by a skiff in position 16-26N 041-23E, in the southern Red Sea.",NA,NA,NA,NA,NA,2012-11-01,2012,143,8356,Saudi Arabian Exclusive Economic Zone,200NM,2215,Saudi Arabia,2215,Saudi Arabia,SAU,0,NA,0,NA,NA,0,NA,0,NA,NA,40.4817099566,22.453897246,224137.855448,8356
2012-317,62,ROBBERS,TANKER,NA,"SAUDI ARABIA:Tanker fired upon on 1 November at 16-35N 41-28E, near Jizan. While sailing, the tanker was pursued by a suspected boat with three armed robbers onboard. The high speed boat closed in on the tanker and discharged their weapons. The Master","increased speed and carried out evasive maneuvers, successfully evading the pursuit.",NA,NA,NA,NA,2012-11-01,2012,143,8356,Saudi Arabian Exclusive Economic Zone,200NM,2215,Saudi Arabia,2215,Saudi Arabia,SAU,0,NA,0,NA,NA,0,NA,0,NA,NA,40.4817099566,22.453897246,224137.855448,8356
2012-299,62,PIRATES,FISHING VESSEL,NA,"INDIAN OCEAN:Fishing vessel hijacked on 19 October approximately 250 nm off the coast of Somalia. On 20 October, the EU Naval Force (EUNAVFOR) German frigate FGS SACHSEN located a dhow after receiving the fishing vessel's distress signal, rescuing 20",Iranian fishermen and detaining seven suspected pirates. Several AK47 assault rifles and a rocket-propelled grenade launcher (RPG) were confiscated.,NA,NA,NA,NA,2012-10-19,2012,160,8353,Yemeni Exclusive Economic Zone,200NM,2199,Yemen,2199,Yemen,YEM,0,NA,0,NA,NA,0,NA,0,NA,NA,52.0616096242,12.8890558088,527382.733788,8353
2012-278,62,ROBBERS,CONTAINER VESSEL,NA,"EGYPT:Container vessel boarded on 10 October near 29-27N 14-32E, at Suez Anchorage. Four robbers boarded the anchored vessel via a hawse pipe. They broke into a container and stole contents while the duty crew were tending to the Suez Canal mooring boat.","When a duty crew member returned to the forecastle, he noticed two robbers escaping to a small unlit boat near the anchor chain. Port authorities informed. All crew safe.",NA,NA,NA,NA,2012-10-05,2012,135,8490,Egyptian Exclusive Economic Zone,200NM,3868,Egypt,3868,Egypt,EGY,0,NA,0,NA,NA,0,NA,0,NA,NA,31.149135591,30.4508234116,243230.486587,8490
2012-266,62,PIRATES,DHOW,NA,OMAN:Dhow attacked on 24 September near 15-45 N 055-26E. An unknown number of pirates attempted a failed hijacking on the dhow.,NA,NA,NA,NA,NA,2012-09-24,2012,142,8354,Omani Exclusive Economic Zone,200NM,2251,Oman,2251,Oman,OMN,0,NA,0,NA,NA,0,NA,0,NA,NA,58.6699806823,18.9491464112,556485.906171,8354
2012-233,62,PIRATES,BULK CARRIER,NA,"SOUTHERN RED SEA:Two white skiffs with seven armed pirates in each approached a bulk carrier from both sides while underway in the Traffic Separation Scheme south of Hanish Al Kubra Island. When the skiffs closed to within 0.2 nm of the vessel, ladders",were sighted. The onboard armed security team fired warning shots resulting in the skiffs moving away.,NA,NA,NA,NA,2012-07-27,2012,136,8351,Eritrean Exclusive Economic Zone,200NM,2111,Eritrea,2111,Eritrea,ERI,0,NA,0,NA,NA,0,NA,0,NA,NA,40.5925502681,15.8234585394,78108.5928819,8351
2012-204,62,PIRATES,Bulk Carrier,NA,"YEMEN:Bulk carrier fired upon on 27 June at 14-22N 054-38E, 110 nm North of Socotra Island. Pirates in a dhow approached the vessel while underway. The Master raised the alarm and took evasive maneuvers. As the dhow approached, the onboard security team",fired warning shots. The dhow continued its approach and ignored the warning shots. Two armed pirates hiding under a blanket fired upon the ship. There was an exchange of fire between the onboard security team and the pirates until the attack was,aborted. No injuries to crew were reported. The ship's Master reported the wind direction to be SSW and wind force to be 7 knots.,NA,NA,NA,2012-06-27,2012,160,8353,Yemeni Exclusive Economic Zone,200NM,2199,Yemen,2199,Yemen,YEM,0,NA,0,NA,NA,0,NA,0,NA,NA,52.0616096242,12.8890558088,527382.733788,8353
2012-205,62,PIRATES,LPG TANKER,NA,"OMAN:LPG Tanker approached on 25 June at 25-15N 057-16E, 48 nm East of Fujairah, Oman. Pirates armed with guns in two skiffs approached the vessel while underway and closed to within 0.6 nm. The Master fired warning flares and pyrotechnics, increased","speed, and maneuvered the vessel to keep the skiffs right astern. UKMTO and local authorities were informed. An Iran Navy warship responded and escorted the tanker until the skiffs were clear. The vessel's crew was reported unharmed.",NA,NA,NA,NA,2012-06-25,2012,138,8469,Iranian Exclusive Economic Zone,200NM,2126,Iran,2126,Iran,IRN,0,NA,0,NA,NA,0,NA,0,NA,NA,53.8860317307,29.7820224927,215347.604482,8469
2012-203,62,PIRATES,DHOW,NA,ARABIAN SEA:Dhow attacked in vicinity 20 29N - 059 03E at 201200 UTC Jun 12. Vessels are advised to keep well clear of this position and to exercise extreme caution if in vicinity.,NA,NA,NA,NA,NA,2012-06-20,2012,142,8354,Omani Exclusive Economic Zone,200NM,2251,Oman,2251,Oman,OMN,0,NA,0,NA,NA,0,NA,0,NA,NA,58.6699806823,18.9491464112,556485.906171,8354
2012-199,62,PIRATES,MERCHANT VESSEL,NA,"OMAN:Marshall Island Flagged, US owned, M/V LNG ARIES was attacked by a skiff with 5-6 pirates onboard on 20 June at 20:50 N - 059:30 E, 35 nm northeast of Masirah Island, Oman. The skiff had no visible ladders onboard but opened fire with machine guns","at approximately 400-600 yards. The vessel also reported sighting an RPG. No casualties were reported. The vessel had no EST aboard but had a citadel onboard, razor wire and fire hoses were rigged. The vessel increased speed and separated 4 nm from the","skiff before the skiff ended pursuit. The USS VICKSBURG was approximately 200 nm northeast of Masirah, Oman. M/V LNG ARIES was later confirmed safe.",NA,NA,NA,2012-06-20,2012,142,8354,Omani Exclusive Economic Zone,200NM,2251,Oman,2251,Oman,OMN,0,NA,0,NA,NA,0,NA,0,NA,NA,58.6699806823,18.9491464112,556485.906171,8354
2012-202,62,PIRATES,MERCHANT VESSEL,NA,"GULF OF ADEN:A merchant vessel reported coming under fire at 0928Z on 18 June in position 14:28N - 050:45E, approximately 230 NM Northwest of Socotra Island in the Gulf of Aden. This area will remain high risk for at least the next 24-48 hours.",NA,NA,NA,NA,NA,2012-06-18,2012,160,8353,Yemeni Exclusive Economic Zone,200NM,2199,Yemen,2199,Yemen,YEM,0,NA,0,NA,NA,0,NA,0,NA,NA,52.0616096242,12.8890558088,527382.733788,8353
2012-198,62,PIRATES,BULK CARRIER,NA,"GULF OF ADEN:Bulk Carrier approached on 18 June at 12:19 N - 043:57 E, Gulf of Aden. Six skiffs with 4-6 pirates in each skiff approached a bulk carrier underway at 25 knots from the starboard bow. The Master raised alarm, increased speed, altered course",and sent a distress message. The skiffs attempted to approach the vessel from the starboard beam and starboard quarter and have one skiff approach from the port bow. The onboard armed security team fired eight warning flares but the pirates continued,their approach. Weapons and ladders were seen in the skiff. After 40 minutes the security team fired six warning shots and the pirates aborted the approach. A naval ship arrived for assistance.,NA,NA,NA,2012-06-18,2012,160,8353,Yemeni Exclusive Economic Zone,200NM,2199,Yemen,2199,Yemen,YEM,0,NA,0,NA,NA,0,NA,0,NA,NA,52.0616096242,12.8890558088,527382.733788,8353
2012-196,62,PIRATES,TANKER,NA,"RED SEA:Tanker was approached on 12 June at 13:20 N ¿ 042:56 E, Red Sea. A tanker underway noticed a white skiff with two outboard motors approach her at more than 25 knots. Initially two pirates were observed in the skiff and as the skiff closed five","more were observed to surface from the skiff floor. As the skiff continued to approach aggressively at a distance of 200 meters from the tanker, the Master authorized the armed team to fire warning shots. After 1 hour 25 minutes, another two white skiffs",with twin outboard motors doing more than 25 knots were observed approaching the tanker. The armed security team showed their weapons again and fired warning shots with rocket flares at a distance of 200 meters. In both incidents the non essential crew,retreated into the citadel and a distress signal was sent requesting assistance. Surveillance aircraft were dispatched which arrived at the location.,NA,NA,2012-06-12,2012,160,8353,Yemeni Exclusive Economic Zone,200NM,2199,Yemen,2199,Yemen,YEM,0,NA,0,NA,NA,0,NA,0,NA,NA,52.0616096242,12.8890558088,527382.733788,8353
2012-197,62,PIRATES,CHEMICAL TANKER,NA,"OMAN:Chemical Tanker was chased on 09 June at 24:52 N - 056:38 E 12 nm east of Al Bulaydah, Oman. Pirates in four boats chased a chemical tanker underway. Two boats approached from stern and positioned itself not more than five meters from the tanker's","poop deck. The master raised alarm, took evasive maneuvers and non-essential crew mustered in the citadel. The ship's whistle was sounded continuously and the search light was directed towards the third boat. The boat altered course and moved away. The","remaining three boats passed very close to the tanker's side without stopping. After 20 mins, two other boats approached the tanker from stern, one from port and the other from stbd. The master took counter-piracy preventive measures, directed the search","light and noticed four persons in one boat and five on another boat. After 15 mins, the boats increased speed and moved away.",NA,NA,2012-06-09,2012,142,8354,Omani Exclusive Economic Zone,200NM,2251,Oman,2251,Oman,OMN,0,NA,0,NA,NA,0,NA,0,NA,NA,58.6699806823,18.9491464112,556485.906171,8354
2012-192,62,PIRATES,VESSEL,NA,"GULF OF OMAN:Possible pirate activity observed in the vicinity of 25:32N 056:59E, 43 nm SW of Bandar-e-jask, Iran, involving two small craft with reported weapons. Forecasted weather conditions are currently marginal for small boat activity in this area",for the next two days. This area will remain at high risk for at least the next 24-48 hours.,NA,NA,NA,NA,2012-06-07,2012,138,8469,Iranian Exclusive Economic Zone,200NM,2126,Iran,2126,Iran,IRN,0,NA,0,NA,NA,0,NA,0,NA,NA,53.8860317307,29.7820224927,215347.604482,8469
2012-193,62,PIRATES,MERCHANT VESSEL,NA,"GULF OF ADEN:The previously hijacked vessel ""Mt Royal Grace"" is seen moving and her last position was reported as Lat 11:59N - 050:37E on 07.06.2012 at 0550 UTC. It appears that the Somali pirates are still onboard. All vessels are advised to keep well",clear of this vessel as the pirates may use the vessel as a mothership to attack other vessels.,NA,NA,NA,NA,2012-06-07,2012,218,8350,Somali Exclusive Economic Zone,200NM,2187,Federal Republic of Somalia,2187,Federal Republic of Somalia,SOM,0,NA,0,NA,NA,0,NA,0,NA,NA,48.7178065692,5.38119709067,781835.626833,8350
2012-194,62,PIRATES,MERCHANT VESSEL,NA,"GULF OF ADEN:The previously hijacked vessel ""Mt Smyrni"" was last reported in position at Lat 12:02.8N - 50;41.1E on 07.06.2012 at 0534 UTC. It appears that the pirates are still onboard. All vessels are advised to keep well clear of this vessel as the",pirates may use the vessel as a mothership to attack other vessels.,NA,NA,NA,NA,2012-06-07,2012,218,8350,Somali Exclusive Economic Zone,200NM,2187,Federal Republic of Somalia,2187,Federal Republic of Somalia,SOM,0,NA,0,NA,NA,0,NA,0,NA,NA,48.7178065692,5.38119709067,781835.626833,8350
2012-179,62,SUSPICIOUS CRAFT,MERCHANT VESSEL,NA,"IRAN:A merchant vessel reported being fired upon from multiple skiffs at approximately 0900Z on 23 May in position 2528N 05720E approximately 26NM south west of Bander-e-Jask, Iran.",NA,NA,NA,NA,NA,2012-05-23,2012,138,8469,Iranian Exclusive Economic Zone,200NM,2126,Iran,2126,Iran,IRN,0,NA,0,NA,NA,0,NA,0,NA,NA,53.8860317307,29.7820224927,215347.604482,8469
2012-180,62,PIRATES,CARGO VESSEL,NA,"IRAN:Cargo vessel MAERSK TEXAS fired upon while underway on 23 May in position 25-29N 057-16E, approximately 28 nm west-southwest of Bandar-e-Jask, Iran. Duty Officer onboard noticed a group of 10 skiffs at a distance of 2 nm from the ship on the","starboard side. The forward skiff broke off from the group and approached the ship at a speed of 20-25 knots. The Master and security team were informed. The alarm was raised, fire hoses and SSAS activated. UKMTO and the Iranian Navy were informed. The","ship increased its speed and began maneuvering away from the skiffs. As the skiffs closed to 500 meters, the embarked armed security team fired warning shots. The skiffs ignored the warning shots and continued to approach aggressively and weapons were",sighted on the skiffs. As the skiffs closed to 300 meters the security team once again fired at the skiffs and noticed that the skiffs returned fire towards the ship. Eleven additional skiffs were sighted on the port side advancing towards the ship. As,"the security team fired warning shots the skiffs stopped and moved away. The skiffs on the starboard side continued to chase the ship. After 12 minutes from the initial approach, the skiffs moved away towards a dhow in the vicinity. No damage or injuries","to crew were reported. While the large number of skiffs involved resembles fishermen firing upon a merchant vessel transiting through their fishing area, vessel's master reported to authorities that assailants' physical features resembled Somali pirates.",2012-05-23,2012,138,8469,Iranian Exclusive Economic Zone,200NM,2126,Iran,2126,Iran,IRN,0,NA,0,NA,NA,0,NA,0,NA,NA,53.8860317307,29.7820224927,215347.604482,8469
2012-171,62,PIRATES,PRODUCT TANKER,NA,"EGYPT:Product tanker was boarded on 14 May while anchored at 29:50 N - 032:31 E, Port Suez Anchorage, Egypt. Pirates boarded an anchored product tanker unnoticed, stole ship stores and escaped unnoticed. The theft occurred during a sandstorm when the",duty crewman was called into the accommodation. Port control was informed.,NA,NA,NA,NA,2012-05-14,2012,135,8490,Egyptian Exclusive Economic Zone,200NM,3868,Egypt,3868,Egypt,EGY,0,NA,0,NA,NA,0,NA,0,NA,NA,31.149135591,30.4508234116,243230.486587,8490
2012-151,62,PIRATES,MERCHANT VESSEL,NA,GULF OF OMAN:M/V has been pirated in vicinity 25 39N 057 45E at 1515 UTC 04 May 2012. Vessels are advised to keep well clear and to exercise extreme caution if in vicinity.,NA,NA,NA,NA,NA,2012-05-04,2012,138,8469,Iranian Exclusive Economic Zone,200NM,2126,Iran,2126,Iran,IRN,0,NA,0,NA,NA,0,NA,0,NA,NA,53.8860317307,29.7820224927,215347.604482,8469
2012-152,62,PIRATES,MERCHANT VESSEL,NA,"GULF OF OMAN:A merchant vessel reported being hijacked at 1924Z on 04 May near 25 11N 056 37E, approximately 75NM Southwest of Jask in the Gulf of Oman. This area will remain at high risk for the next 24 - 48 hours.",NA,NA,NA,NA,NA,2012-05-04,2012,131,8360,United Arab Emirates Exclusive Economic Zone,200NM,2206,United Arab Emirates,2206,United Arab Emirates,ARE,0,NA,0,NA,NA,0,NA,0,NA,NA,53.864742889,24.9443383341,52580.3217567,8360
2012-149,62,PIRATES,BULK CARRIER,NA,"RED SEA:Bulk Carrier was approached while underway on 29 April at 13:16 N - 042:55 E, Bab El Mandeb Straits, Red Sea. Four skiffs approached the bulk carrier underway at 20 knots. The ship raised alarm and sounded the ship¿s horn; all non-essential",crewmembers mustered in the citadel. All four skiffs stopped their approach at 1.5nm away. Two of the four skiffs made another attempt to approach the ship two minutes later. They stopped their approach at 1nm when they saw the armed security team,onboard. Six of the eight pirates were armed and carrying guns.,NA,NA,NA,2012-04-29,2012,136,8351,Eritrean Exclusive Economic Zone,200NM,2111,Eritrea,2111,Eritrea,ERI,0,NA,0,NA,NA,0,NA,0,NA,NA,40.5925502681,15.8234585394,78108.5928819,8351
2012-150,62,PIRATES,TANKER,NA,"GULF OF ADEN:Tanker was approached while underway on 26 April at 11:56 N - 044:39 E, 19nm from ""A"" IRTC, Gulf of Aden. Four skiffs manned with four pirates armed with AK 47 rifles chased the tanker. All non essential crew mustered in the citadel. The",onboard armed security team fired warning shots resulting in the pirate attack being aborted.,NA,NA,NA,NA,2012-04-26,2012,160,8353,Yemeni Exclusive Economic Zone,200NM,2199,Yemen,2199,Yemen,YEM,0,NA,0,NA,NA,0,NA,0,NA,NA,52.0616096242,12.8890558088,527382.733788,8353
2012-156,62,Pirates,Merchant Vessel,NA,"GULF OF ADEN:A merchant vessel reported a prevented pirate attack on 26 APR 12 at 0740 UTC in position 11 56.9N 044 039.3E approximately 19 NM before the entrance in to the Transit Corridor (19 NM from ""Point ALFA.""). This area will remain high risk for",at least 24-48 hrs.,NA,NA,NA,NA,2012-04-26,2012,160,8353,Yemeni Exclusive Economic Zone,200NM,2199,Yemen,2199,Yemen,YEM,0,NA,0,NA,NA,0,NA,0,NA,NA,52.0616096242,12.8890558088,527382.733788,8353
2012-142,62,PIRATES,FISHING VESSEL,NA,"YEMEN:Fishing vessel hijacked on 21 April underway at 15:20 N - 052:12 E 17nm South of Ras Fartak, Yemen. Somalia pirates hijacked a fishing vessel and two of her skiffs underway.",NA,NA,NA,NA,NA,2012-04-21,2012,160,8353,Yemeni Exclusive Economic Zone,200NM,2199,Yemen,2199,Yemen,YEM,0,NA,0,NA,NA,0,NA,0,NA,NA,52.0616096242,12.8890558088,527382.733788,8353
2012-132,62,PIRATES,CARGO VESSEL,NA,"GULF OF OMAN:General Cargo Vessel was attacked and boarded on 6 April 16 nm southwest of Bandar-e-Jask, Iran at position 25:28N ¿ 057:32E. Armed pirates attacked and boarded the underway vessel. The vessels Master alerted the crew by raising the alarm",and the crew mustered in citadel. The pirates took crewmembers hostage and hijacked the ship. An Iranian warship responded and proceeded towards the vessel in response to the incident. The vessels Master requested that the warship not approach via VHF,because it received death threats from the pirates. The Iranian ship proceeded to move closer and fire was exchanged between the pirates and the warship. The Iranian navy boarded the vessel and managed to detain nine pirates and saved the 28 crewmembers.,NA,NA,NA,2012-04-06,2012,138,8469,Iranian Exclusive Economic Zone,200NM,2126,Iran,2126,Iran,IRN,0,NA,0,NA,NA,0,NA,0,NA,NA,53.8860317307,29.7820224927,215347.604482,8469
2012-133,62,PIRATES,BULK CARRIER,NA,"GULF OF OMAN:Bulk Carrier was attacked on 4 April while underway 50 nm southeast of Ras Al Haad, Oman at position 21:37N - 059:59E was fired upon and chased by 4-6 pirates armed with automatic rifles. Ship¿s Master raised the alarm, mustered the crew in",the citadel and began evasive maneuvers and activated the ships distress signal as well. The security team onboard returned fire and the pirates aborted the mission and escaped.,NA,NA,NA,NA,2012-04-04,2012,142,8354,Omani Exclusive Economic Zone,200NM,2251,Oman,2251,Oman,OMN,0,NA,0,NA,NA,0,NA,0,NA,NA,58.6699806823,18.9491464112,556485.906171,8354
2012-128,62,PIRATES,BULK CARRIER,NA,"ARABIAN SEA:Bulk carrier attacked on 4 April while underway at position 21:38 N - 059:59 E, approximately 130 nm southeast of Muscat, Oman. Pirates in one skiff fired upon thevessel and security team aboard the merchant vessel returned fire, forcing the",pirates to move away.,NA,NA,NA,NA,2012-04-04,2012,142,8354,Omani Exclusive Economic Zone,200NM,2251,Oman,2251,Oman,OMN,0,NA,0,NA,NA,0,NA,0,NA,NA,58.6699806823,18.9491464112,556485.906171,8354
2012-114,62,Pirates,Bulk Carrier,NA,"ARABIAN SEA:25-MAR12: 1335 UTC: Posn 14:18.5N - 056:49.2E, around 170 nm NE of Socotra Island, Yemen. Two skiffs approached a bulk carrier underwa. As the skiffs closed the onboard security team fired warning shots. At a distance of around 0.8 nm one",skiff fired a RPG towards the vessel. The security team returned fire resulting in the skiffs aborting and moving away.,NA,NA,NA,NA,2012-03-25,2012,142,8354,Omani Exclusive Economic Zone,200NM,2251,Oman,2251,Oman,OMN,0,NA,0,NA,NA,0,NA,0,NA,NA,58.6699806823,18.9491464112,556485.906171,8354
2012-125,62,PIRATES,MERCHANT VESSEL,NA,"INDIAN OCEAN:Merchant vessel attacked on 25 March while underway near position 14:17 N - 056:51 E, approximately 215 nm northeast of Socotra Island, Yemen.",NA,NA,NA,NA,NA,2012-03-25,2012,142,8354,Omani Exclusive Economic Zone,200NM,2251,Oman,2251,Oman,OMN,0,NA,0,NA,NA,0,NA,0,NA,NA,58.6699806823,18.9491464112,556485.906171,8354
2012-106,62,Pirates,Merchant Vessel,NA,ARABIAN SEA:M/V Andinet reported a suspicious approach by three small crafts in position 22-37N - 063-31E. Armed security team onboard vessel repelled the crafts from the distance of two cables. Vessel remained safe.,NA,NA,NA,NA,NA,2012-03-24,2012,242,8359,Pakistani Exclusive Economic Zone,200NM,2250,Pakistan,2250,Pakistan,PAK,0,NA,0,NA,NA,0,NA,0,NA,NA,64.7122448427,23.5394045623,224387.832462,8359
2012-119,62,PIRATES,TANKER,NA,"OMAN:A Tanker was approached by a skiff on 24 March 190nm east-northeast of Sur, Oman, Somalia at positions 20:49N - 062:27E. A Pirate mother ship was at a distance of 6 nm. The Takers Master observed a skiff launch 4nm away. The Master alerted the","onboard security team. The skiff approached the vessel at a speed of around 25-30 knots. Master raised alarm, sent a distress signal and altered course. As the skiff closed to around 1000 meters, the onboard security team launched a rocket flare and",fired two warning shots resulting in the skiffs stopping and moving towards the tanker¿s stern. The skiff with 6-7 pirates onboard maintained a distance of 1nm and continued to chase the Tanker. The armed security team fired several warning shots causin,the skiff to stop the attack and return to the mother vessel. A warship responded to the distress message and sent a surveillance aircraft to the location.,NA,NA,2012-03-24,2012,142,8354,Omani Exclusive Economic Zone,200NM,2251,Oman,2251,Oman,OMN,0,NA,0,NA,NA,0,NA,0,NA,NA,58.6699806823,18.9491464112,556485.906171,8354
2012-108,62,Pirates,Merchant Vessel,NA,ARABIAN SEA:M/V Cosmic Jewel reported at 241131 UTC Mar that one skiff approached at high speed up to one nm. Armed security team onboard vessel fired four warning shots. The skiff returned to mother vessel in position 20-48N - 062-27E. M/V cosmic Jewel,remained safe.,NA,NA,NA,NA,2012-03-24,2012,142,8354,Omani Exclusive Economic Zone,200NM,2251,Oman,2251,Oman,OMN,0,NA,0,NA,NA,0,NA,0,NA,NA,58.6699806823,18.9491464112,556485.906171,8354
2012-102,62,Pirates,Petroleum Tanker,NA,"GULF OF ADEN:Petroleum products tanker attacked on 17 March while underway at position 13:09 N - 048:52 E, approximately 70 nm southeast of al Mukalla, Yemen. A skiff with six pirates aboard was noticed by bridge crew as it made a high speed approach","toward the ship. Bridge duty officer raised alarm, informed the Ship¿s Master and the embarked security team. Master increased speed, altered course and contacted a nearby warship for assistance. The pirate skiff closed to within a half mile and fired","upon the ship. The embarked armed security team returned fire resulting in the pirates aborting the attack and moving away. The nearby warship dispatched a helicopter to the location to search for the skiff, without success. No crew injuries or damage to",the ship was reported.,NA,NA,2012-03-17,2012,160,8353,Yemeni Exclusive Economic Zone,200NM,2199,Yemen,2199,Yemen,YEM,0,NA,0,NA,NA,0,NA,0,NA,NA,52.0616096242,12.8890558088,527382.733788,8353
2012-177,62,SUSPICIOUS CRAFT,MERCHANT VESSEL,NA,ARABIAN SEA:A merchant vessel attacked in vicinity 13 13N 057 50E at 110737 UTC Mar 12.,NA,NA,NA,NA,NA,2012-03-11,2012,160,8353,Yemeni Exclusive Economic Zone,200NM,2199,Yemen,2199,Yemen,YEM,0,NA,0,NA,NA,0,NA,0,NA,NA,52.0616096242,12.8890558088,527382.733788,8353
2012-92,62,PIRATES,TANKER,NA,"GULF OF ADEN, RED SEA: One skiff approached and chased a tanker underway. Master raised alarm, activated anti-piracy measures and contacted an Iranian warship for assistance. Seeing the warship the pirates aborted the attempted attack.",NA,NA,NA,NA,NA,2012-03-10,2012,163,8352,Djiboutian Exclusive Economic Zone,200NM,2131,Djibouti,2131,Djibouti,DJI,0,NA,0,NA,NA,0,NA,0,NA,NA,43.432962888,11.9971041774,7223.43334664,8352
2012-89,62,Suspicious Craft,Tanker,NA,"ARABIAN SEA:Tanker ADVANCE VICTORIA attacked on 6 March while underwaynear position 14 20 N - 052 45 E, approximately 113 nm northwest of Socotra Island, Yemen. Ship approached by one skiff described as dark in color. Shots fired by suspected pirates","aboard the skiff. Embarked security team returned fire, causing the skiff to pull away and withdraw.",NA,NA,NA,NA,2012-03-06,2012,160,8353,Yemeni Exclusive Economic Zone,200NM,2199,Yemen,2199,Yemen,YEM,0,NA,0,NA,NA,0,NA,0,NA,NA,52.0616096242,12.8890558088,527382.733788,8353
2012-176,62,SUSPICIOUS CRAFT,MERCHANT VESSEL,NA,"OMAN:A merchant vessel reported being fired upon at 0505Z on 06 Mar 2012 in position 1421N 05236E, approximately 212NM Southwest of Salala, Oman.",NA,NA,NA,NA,NA,2012-03-06,2012,160,8353,Yemeni Exclusive Economic Zone,200NM,2199,Yemen,2199,Yemen,YEM,0,NA,0,NA,NA,0,NA,0,NA,NA,52.0616096242,12.8890558088,527382.733788,8353
2012-84,62,PIRATES,MERCHANT VESSEL,NA,ARABIAN SEA: Merchant vessel attacked in 21-2N 062-37E at 1219Z on 02 March. Vessels are advised to keep clear of this position and to exercise extreme caution.,NA,NA,NA,NA,NA,2012-03-02,2012,142,8354,Omani Exclusive Economic Zone,200NM,2251,Oman,2251,Oman,OMN,0,NA,0,NA,NA,0,NA,0,NA,NA,58.6699806823,18.9491464112,556485.906171,8354
2012-82,62,PIRATES,CHEMICAL TANKER,NA,"ARABIAN SEA: While underway, a chemical tanker spotted 3-4 pirates in a skiff heading towards her at a speed more than 20 knots. Alarms raised, evasive maneuvers made, fire pumps activated, armed security team made their pressence. The skiff later",stopped their approach and the chemical tanker continued her passage. A mother vessel was seen in the vicinity.,NA,NA,NA,NA,2012-02-28,2012,142,8354,Omani Exclusive Economic Zone,200NM,2251,Oman,2251,Oman,OMN,0,NA,0,NA,NA,0,NA,0,NA,NA,58.6699806823,18.9491464112,556485.906171,8354
2012-77,62,PIRATES,MERCHANT VESSEL,NA,WESTERN ARABIAN SEA: Merchant vessel attacked in 15-01N 054-56E at 1206Z on 28 February. Vessels are advised to keep clear of this position and to exercise extreme caution.,NA,NA,NA,NA,NA,2012-02-28,2012,142,8354,Omani Exclusive Economic Zone,200NM,2251,Oman,2251,Oman,OMN,0,NA,0,NA,NA,0,NA,0,NA,NA,58.6699806823,18.9491464112,556485.906171,8354
2012-72,62,PIRATES,BULK CARRIER,NA,"RED SEA/ GULF OF ADEN: A bulk carrier underway noticed nine skiffs approaching aggressively at stbd side and one skiff at ort side. Master raised alarm, increased speed and began evasive maneuvers. One of the skiffs with 10-15 pirates onboard close in to","a distance of less than one mile and the security team fired warning shots. The skiff stopped its approach for a moment and began to chased the shipe again. Then, the security team fired more warning shots resulting in the pirates aborting the attempted",attack and rejoin with the other skiffs and continued to drift.,NA,NA,NA,2012-02-27,2012,160,8353,Yemeni Exclusive Economic Zone,200NM,2199,Yemen,2199,Yemen,YEM,0,NA,0,NA,NA,0,NA,0,NA,NA,52.0616096242,12.8890558088,527382.733788,8353
2012-73,62,PIRATES,CONTAINER SHIP,NA,"STRAIT OF HORMUZ: A container ship underway noticed three skiffs at a distance of 2 miles approaching her at high speed. Master raised alarm, activated SSAS, altered course, non-essential crew mustered in the citadel and the onboard armed guards took","their position. The armed guards fired warning shots when the skiffs closed to a distance of 1 mile, resulting in the pirates aborting the attack and moving away.",NA,NA,NA,NA,2012-02-25,2012,142,8354,Omani Exclusive Economic Zone,200NM,2251,Oman,2251,Oman,OMN,0,NA,0,NA,NA,0,NA,0,NA,NA,58.6699806823,18.9491464112,556485.906171,8354
2012-74,62,PIRATES,CONTAINER SHIP,NA,ARABIAN SEA: Pirates in three skiffs with ladders doing arouns 20 knots chased a container ship underway. Non essential crew took shelter in the citadel and security team deployed. Master informed UKMTO who advised ship to alter course towards a,"coalition ship. After chasing for around 30 minutes, the skiffs aborted the attempt and moved away.",NA,NA,NA,NA,2012-02-25,2012,142,8354,Omani Exclusive Economic Zone,200NM,2251,Oman,2251,Oman,OMN,0,NA,0,NA,NA,0,NA,0,NA,NA,58.6699806823,18.9491464112,556485.906171,8354
2012-69,62,PIRATES,TANKER,NA,GULF OF ADEN: A tanker underway sighted a skiff at 1.6 miles approaching at around 20 knots. A suspicious dhow was sighted in the vicinity. Master sent distress to navies and informed UKMTO. As the skiff approached weapons were sighted and the onboard,armed security team fired warning shots. Following this the pirates immediately fired upon the tanker with ak47s. There was an exchange of fire between the armed team and the pirates with around 50-60 rounds being fired by the pirates before aborting and,moving away. A naval helicopter was dispatched.,NA,NA,NA,2012-02-22,2012,160,8353,Yemeni Exclusive Economic Zone,200NM,2199,Yemen,2199,Yemen,YEM,0,NA,0,NA,NA,0,NA,0,NA,NA,52.0616096242,12.8890558088,527382.733788,8353
2012-68,62,PIRATES,MERCHANT VESSEL,NA,ARABAIN SEA: Merchant vessel attacked in 18-10N 057-21E at 171937Z Feb. Vessels are advised to keep 100 miles clear of this position and to exercise extreme caution.,NA,NA,NA,NA,NA,2012-02-17,2012,142,8354,Omani Exclusive Economic Zone,200NM,2251,Oman,2251,Oman,OMN,0,NA,0,NA,NA,0,NA,0,NA,NA,58.6699806823,18.9491464112,556485.906171,8354
2012-71,62,PIRATES,CHEMICAL TANKER,NA,"RED SEA: Seven pirates in two skiffs chased a chemical tanker underway. Master raised alarm, altered course and the onboard security team fired hand flares followed by a warning shot resulting in the pirates aborting the attack and moved away.",NA,NA,NA,NA,NA,2012-02-15,2012,160,8353,Yemeni Exclusive Economic Zone,200NM,2199,Yemen,2199,Yemen,YEM,0,NA,0,NA,NA,0,NA,0,NA,NA,52.0616096242,12.8890558088,527382.733788,8353
2012-60,62,PIRATES,CONTAINER SHIP,NA,"ARABIAN SEA, SOUTHEAST OF MASIRAH ISLAND: C/O onboard a container ship underway noticed two suspicious boats in the vicinity. He informed the Master and started tracking the boats. It was observed that a red hull fishing vessel and a white skiff were",chasing the ship. The skiff was observed to be doing around 19 knots. Alarm raised and anti-piracy measures taken by Master and crew. As ship's speed was greater than the skiff the distance between them increased and the skiff slowed down and stopped,after 45 minutes.,NA,NA,NA,2012-02-09,2012,142,8354,Omani Exclusive Economic Zone,200NM,2251,Oman,2251,Oman,OMN,0,NA,0,NA,NA,0,NA,0,NA,NA,58.6699806823,18.9491464112,556485.906171,8354
2012-56,62,PIRATES,CARGO SHIP,NA,RED SEA: About 6-7 pirates in each skiff chased a general cargo ship and approached within 200 meters with intnet to board. The vessel enforced anti-piracy measures and contacted warship on VHF. The skiffs aborted the attack.,NA,NA,NA,NA,NA,2012-02-06,2012,160,8353,Yemeni Exclusive Economic Zone,200NM,2199,Yemen,2199,Yemen,YEM,0,NA,0,NA,NA,0,NA,0,NA,NA,52.0616096242,12.8890558088,527382.733788,8353
2012-57,62,PIRATES,TANKER,NA,"RED SEA: Pirates in two skiffs chased a LPG tanker underway and approached within .2 miles. The tanker enforced anti-piracy measures, altered course and managed to evade the attack.",NA,NA,NA,NA,NA,2012-02-06,2012,160,8353,Yemeni Exclusive Economic Zone,200NM,2199,Yemen,2199,Yemen,YEM,0,NA,0,NA,NA,0,NA,0,NA,NA,52.0616096242,12.8890558088,527382.733788,8353
2012-37,62,PIRATES,BULK CARRIER,NA,RED SEA: Security team onboard a bulk carrier underway reported two skiffs were approaching the vessel. There were a total of seven skiffs in the vicinity. The 1st skiff had six pirates armed with AK47s. No weapons were seen in the 2nd skiff which had,"four pirates. The vessel enforced anti-piracy measures, made evasive maneuvers and two armed guards were placed on the stbd and port bridge wings. Upon seeing the armed guards the skiffs aborted the attack and moved away.",NA,NA,NA,NA,2012-01-24,2012,160,8353,Yemeni Exclusive Economic Zone,200NM,2199,Yemen,2199,Yemen,YEM,0,NA,0,NA,NA,0,NA,0,NA,NA,52.0616096242,12.8890558088,527382.733788,8353
2012-22,62,PIRATES,PIPE LAYER,NA,"93 MILES OFF SOCOTRA ISLAND, YEMEN: Armed pirates in a skiff approached a pip layer vessel underway. The armed security team onboard showed their weapons and made their presence known. The pirates aborted the approach and moved away.",NA,NA,NA,NA,NA,2012-01-17,2012,160,8353,Yemeni Exclusive Economic Zone,200NM,2199,Yemen,2199,Yemen,YEM,0,NA,0,NA,NA,0,NA,0,NA,NA,52.0616096242,12.8890558088,527382.733788,8353
2012-24,62,PIRATES,TANKER,NA,ARABIAN SEA: Lookouts onboard a tanker underway noticed six pirates in a skiff approaching their vessel at a distance of 3.5 miles. At a distance of around 300 meters the onboard unarmed security team engaged the skiff with the LRAD and the non-essential,crew members mustered in the citadel. The skiff fired at the vessel and continued to approach. The security team fired warning flares which landed close to the skiff. The pirates continued to approach and fire upon the vessel. However after the security,team fired two more flares close to the skiff the pirates aborted but tailed the vessel for 15 minutes before heading towards a mother vessel in the vicinity.,NA,NA,NA,2012-01-16,2012,142,8354,Omani Exclusive Economic Zone,200NM,2251,Oman,2251,Oman,OMN,0,NA,0,NA,NA,0,NA,0,NA,NA,58.6699806823,18.9491464112,556485.906171,8354
2012-29,62,PIRATES,MERCHANT VESSEL,NA,ARABIAN SEA: Merchant vessel attacked in 15-02N 058-14E at 0814Z on 16 January. Vessels are advised to keep clear of this position and to exercise extreme caution.,NA,NA,NA,NA,NA,2012-01-16,2012,142,8354,Omani Exclusive Economic Zone,200NM,2251,Oman,2251,Oman,OMN,0,NA,0,NA,NA,0,NA,0,NA,NA,58.6699806823,18.9491464112,556485.906171,8354
2012-40,62,PIRATES,DHOW,NA,GULF OF ADEN: Five armed pirates boarded and hijacked a Dhow and took her eight crew members as hostage. The pirates released fire crew members at Ras Hafoon and maintained control over the remaining three crew and the Dhow.,NA,NA,NA,NA,NA,2012-01-14,2012,160,8353,Yemeni Exclusive Economic Zone,200NM,2199,Yemen,2199,Yemen,YEM,0,NA,0,NA,NA,0,NA,0,NA,NA,52.0616096242,12.8890558088,527382.733788,8353
2012-31,62,PIRATES,TANKER,NA,"GULF OF OMAN: Petroleum Tanker HAPPY BIRD fired upon by pirates in two skiffs on 12 January near position 14-51N 056-03E, approximately 170 nm southeast of Salalah, Oman. Onboard security team returned fire, prompting skiffs to break off attack and",depart the area. (Operator),NA,NA,NA,NA,2012-01-12,2012,142,8354,Omani Exclusive Economic Zone,200NM,2251,Oman,2251,Oman,OMN,0,NA,0,NA,NA,0,NA,0,NA,NA,58.6699806823,18.9491464112,556485.906171,8354
2012-38,62,PIRATES,TANKER,NA,"ARABIAN SEA: Pirates in skiffs approached a LPG tanker underway. The tanker enforced anti-piracy measures, sent distress message and ordered armed guards to standby. When skiffs approached closer than 1000 meters, warning shots were fired and the skiffs",returned fire. Warning shots were fired again and as a result the skiffs moved away.,NA,NA,NA,NA,2012-01-12,2012,142,8354,Omani Exclusive Economic Zone,200NM,2251,Oman,2251,Oman,OMN,0,NA,0,NA,NA,0,NA,0,NA,NA,58.6699806823,18.9491464112,556485.906171,8354
2012-13,62,PIRATES,BULK CARRIER,NA,"ARABIAN SEA: Six pirates in a skiff approached a bulk carrier underway. Master contacted a warship in the vicinity when the skiff came to a distance of 2.5 miles and the warship advised that a helicopter will be proceeding to the location. Alarm raised,",non-essential crew mustered in the citadel and the Master took anti-preventive measures as per BMP 4 requirements. Machine guns and a rpg were sighted on teh skiff when it came close to a distance of five calbes from the ship. The helicopter arrived on,scene resulting in the pirates aborting the attempted attack and moved away.,NA,NA,NA,2012-01-05,2012,142,8354,Omani Exclusive Economic Zone,200NM,2251,Oman,2251,Oman,OMN,0,NA,0,NA,NA,0,NA,0,NA,NA,58.6699806823,18.9491464112,556485.906171,8354
2012-10,62,PIRATES,BULK CARRIER,NA,"GULF OF ADEN: Pirates in a skiff chased and attempted to board a bulk carrier underway. The vessel enforced anti-piracy measures, increased speed and made evasive maneuvers resulting in the pirates moving away.",NA,NA,NA,NA,NA,2012-01-04,2012,160,8353,Yemeni Exclusive Economic Zone,200NM,2199,Yemen,2199,Yemen,YEM,0,NA,0,NA,NA,0,NA,0,NA,NA,52.0616096242,12.8890558088,527382.733788,8353
2012-12,62,PIRATES,MERCHANT VESSEL,NA,GULF OF ADEN: Merchant vessel attacked in 12-17N 044-10E at 0822Z on 04 Jan. Vessels requested to keep a sharp lookout and exercise extreme caution.,NA,NA,NA,NA,NA,2012-01-04,2012,160,8353,Yemeni Exclusive Economic Zone,200NM,2199,Yemen,2199,Yemen,YEM,0,NA,0,NA,NA,0,NA,0,NA,NA,52.0616096242,12.8890558088,527382.733788,8353
2012-9,62,PIRATES,BULK CARRIER,NA,GULF OF ADEN: Pirates in a skiff chased and fire upon a bulk carrier underway. Onboard security team fired flares to warn the pirates which were ignored and later only when the security team returned fire the skiff aborted the attack.,NA,NA,NA,NA,NA,2012-01-04,2012,160,8353,Yemeni Exclusive Economic Zone,200NM,2199,Yemen,2199,Yemen,YEM,0,NA,0,NA,NA,0,NA,0,NA,NA,52.0616096242,12.8890558088,527382.733788,8353
2012-11,62,PIRATES,TANKER,NA,"GULF OF ADEN: Four pirates in a skiff maintained a parallel course with a crude tanker before suddenly increasing speed to 25 knots and coming alongside in an attempt to board. No ladders were seen on the skiff. Master raised the alarm, commenced evasive","maneuvers and non-essential crew retreated into the citadel. Five minutes later, the pirates aborted their attempt and targeted another vessel in the convoy.",NA,NA,NA,NA,2012-01-04,2012,160,8353,Yemeni Exclusive Economic Zone,200NM,2199,Yemen,2199,Yemen,YEM,0,NA,0,NA,NA,0,NA,0,NA,NA,52.0616096242,12.8890558088,527382.733788,8353
2017-54,63,Pirates,Fishing Vessel,NA,"SRI LANKA:On 24 February, four Tamil Nadu fishermen suffered serious injuries after they were attacked, allegedly by Sri Lankan fishermen, near Kodiyakarai, in vicinity 10-16N 079-49E. The Sri Lankan fishermen first threatened them with hand guns and","attacked them with knives, a spokesman for the Pamban Country Boat Association stated.",NA,NA,NA,NA,2017-02-24,2017,259,8480,Indian Exclusive Economic Zone,200NM,2128,India,2128,India,IND,0,NA,0,NA,NA,0,NA,0,NA,NA,76.0853171614,14.5979955792,1659486.57465,8480
2017-67,63,Robbers,Offshore Supply Vessel,NA,"INDIA:On 17 February, two robbers boarded an offshore support vessel anchored near position 18:54.23N 072:52.25E, 6.3nm West of JNPT Port, Mumbai. The robbers stole ship's equipment and escaped. Incident reported to Coast Guard who boarded the vessel to",investigate and collect evidence.,NA,NA,NA,NA,2017-02-17,2017,259,8480,Indian Exclusive Economic Zone,200NM,2128,India,2128,India,IND,0,NA,0,NA,NA,0,NA,0,NA,NA,76.0853171614,14.5979955792,1659486.57465,8480
2017-39,63,Robbers,Offshore Supply Vessel,NA,"BANGLADESH:On 06 February, an anchored offshore supply vessel at position 21-51N 091-48E, 1nm west of Kutibidja Island, was boarded by unknown assailants. The paint locker was broken into and a large amount of paint was stolen. The crew noticed the theft",in the morning and the authorities were informed.,NA,NA,NA,NA,2017-02-06,2017,164,8481,Bangladeshi Exclusive Economic Zone,200NM,2142,Bangladesh,2142,Bangladesh,BGD,0,NA,0,NA,NA,0,NA,0,NA,NA,90.5397686404,20.4111789845,112302.620749,8481
2017-3,63,Robbers,Container Vessel,NA,"BANGLADESH:On 16 January, robbers, armed with knives boarded an anchored container ship near position 22-06N 091-44E, Chittagong Anchorage. The duty crewman on security watch noticed the robbers and notified the duty officer who raised the alarm, made a","PA announcement and mustered the crew. Seeing the crew's alertness, the robbers escaped with ship's stores. The incident was reported to the local authorities who boarded the ship to investigate.",NA,NA,NA,NA,2017-01-16,2017,164,8481,Bangladeshi Exclusive Economic Zone,200NM,2142,Bangladesh,2142,Bangladesh,BGD,0,NA,0,NA,NA,0,NA,0,NA,NA,90.5397686404,20.4111789845,112302.620749,8481
2016-231,63,Pirates,Fishing Vessel,NA,"BANGLADESH:On 4 October, Pirates kidnapped 32 fishermen from two fishing trawlers-FV MA BABAR DOA and FV NASIMA located on the Meghna River in Noakhali, vicinity 22-21.9N091-11.04. The pirates also looted fishing nets and the catch from both vessels.","Later, 20 of the fishermen were freed, leaving 12 still in custody.",NA,NA,NA,NA,2016-10-04,2016,164,8481,Bangladeshi Exclusive Economic Zone,200NM,2142,Bangladesh,2142,Bangladesh,BGD,0,NA,0,NA,NA,0,NA,0,NA,NA,90.5397686404,20.4111789845,112302.620749,8481
2016-219,63,Robbers,Fishing Trawler,NA,"BANGLADESH:On 20 September, 47 fishermen were abducted and 25 trawlers were looted by forest robbers in the Sundarbans in Bangladesh, vicinity 21-33N 088-47E. The robbers beat the fisherman and then demanded ransom. It is notable that in the past 12","days, 102 fishermen were abducted from Sundarbans by gangs of forest robbers.",NA,NA,NA,NA,2016-09-20,2016,259,8480,Indian Exclusive Economic Zone,200NM,2128,India,2128,India,IND,0,NA,0,NA,NA,0,NA,0,NA,NA,76.0853171614,14.5979955792,1659486.57465,8480
2016-220,63,Pirates,Fishing Trawler,NA,"BANGLADESH:On 18 September, 15 fishermen from 15 different trawlers were kidnapped by pirate gangsin a river near Bhola, Bangladesh, vicinity 22-15N 090-52E. The kidnappers took three mobile phones, cash and also demanded a large ransom for each of the",abducted fisherman.,NA,NA,NA,NA,2016-09-18,2016,164,8481,Bangladeshi Exclusive Economic Zone,200NM,2142,Bangladesh,2142,Bangladesh,BGD,0,NA,0,NA,NA,0,NA,0,NA,NA,90.5397686404,20.4111789845,112302.620749,8481
2016-215,63,Robbers,Bulk Carrier,NA,"BANGLADESH:On 14 September at 1500 LT in 22-13.5N 091-41.2E, at Chittagong, duty crew on an anchored bulk carrier noticed the store room broken into. Upon alerting the crew and carrying out a search, it was noticed that mooring gang employed onboard the",vessel had the stolen ship's property. The robbers were apprehended. All stolen property recovered. Agent was informed.,NA,NA,NA,NA,2016-09-14,2016,164,8481,Bangladeshi Exclusive Economic Zone,200NM,2142,Bangladesh,2142,Bangladesh,BGD,0,NA,0,NA,NA,0,NA,0,NA,NA,90.5397686404,20.4111789845,112302.620749,8481
2016-213,63,Robbers,Cargo Vessel,NA,"BANGLADESH:On 09 September, vicinity 21-58N 090-19E, nine robbers boarded the cargo ship BANDHU SARDAR then attacked and robbed the crew. The ship, loaded with clinker was enroute Meghnaghat from Payra sea port when the robbers attacked the crew with",long knives and got away with a large amount of cash and personal property.,NA,NA,NA,NA,2016-09-09,2016,164,8481,Bangladeshi Exclusive Economic Zone,200NM,2142,Bangladesh,2142,Bangladesh,BGD,0,NA,0,NA,NA,0,NA,0,NA,NA,90.5397686404,20.4111789845,112302.620749,8481
2016-200,63,Pirates,Fishing Vessel,NA,"BANGLADESH:On 25 August, suspected pirates abducted a fisherman in the Meghna River at Manpura Upazila in Bhola district, vicinity 22-21N 091-12E. Initially, the pirates opened fire at the fishermen who tried to resist them. Frightened, five fishermen",jumped into the Meghna River. The gang then looted fishing nets and fish along with the trawler and abducted the fisherman.,NA,NA,NA,NA,2016-08-25,2016,164,8481,Bangladeshi Exclusive Economic Zone,200NM,2142,Bangladesh,2142,Bangladesh,BGD,0,NA,0,NA,NA,0,NA,0,NA,NA,90.5397686404,20.4111789845,112302.620749,8481
2016-201,63,Pirates,Fishing Vessel,NA,"BANGLADESH:On 25 August, a gang of pirates kidnapped four fishermen for not paying a toll in the Meghna river adjacent to Char Abdullahpur in Ramgati upazila of Lakshmipur, vicinity22-34N 090--59E. When the fishermen refused to pay, the bandits attacked","them, injuring several of the fishermen. They then picked up four fishermen and fled the scene. The kidnappers demanded a huge amount of money as ransom from the family members of the four fishermen.",NA,NA,NA,NA,2016-08-25,2016,164,8481,Bangladeshi Exclusive Economic Zone,200NM,2142,Bangladesh,2142,Bangladesh,BGD,0,NA,0,NA,NA,0,NA,0,NA,NA,90.5397686404,20.4111789845,112302.620749,8481
2016-154,63,Robbers,Bulk Carrier,NA,"INDIA:On 03 July at Haldia port, berth No. 4B, vicinity 22-01N 088-04W, robbers boarded a berthed bulk carrier. They entered into the engine room, stole spare parts and escaped unnoticed. The theft was noticed on 06 July after the vessel left port. Local",agents were informed.,NA,NA,NA,NA,2016-07-03,2016,54,8429,Mexican Exclusive Economic Zone,200NM,2224,Mexico,2224,Mexico,MEX,0,NA,0,NA,NA,0,NA,0,NA,NA,-105.333456024,21.3501812799,3186924.40663,8429
2016-113,63,Robbers,Container Ship,NA,"BANGLADESH:On 15 May at 0242 LT in 22-06N 091-45E, at Chittagong ""C"" anchorage, seven robbers in a small boat came alongside and attempted to board an anchored container ship. Alert crew noticed the robbers and informed the duty officer who raised the","alarm and the crew mustered . Upon hearing the alarm, the robbers aborted the attempt and escaped.",NA,NA,NA,NA,2016-05-15,2016,164,8481,Bangladeshi Exclusive Economic Zone,200NM,2142,Bangladesh,2142,Bangladesh,BGD,0,NA,0,NA,NA,0,NA,0,NA,NA,90.5397686404,20.4111789845,112302.620749,8481
2016-91,63,Robbers,Tanker,NA,"INDIA:On 30 April at 0650 LT in 17-35.4N 083-24.9E, in Visakhapatnam anchorage, robbers approached and boarded an anchored tanker. Crew noticed two robbers on the poop deck trying to open deck locker. Officer was informed and sounded the alarm. Crew",mustered and approached the location. Robbers escaped after seeing crew alertness. Robbers broker into the paint locker and stole ships property.,NA,NA,NA,NA,2016-04-30,2016,259,8480,Indian Exclusive Economic Zone,200NM,2128,India,2128,India,IND,0,NA,0,NA,NA,0,NA,0,NA,NA,76.0853171614,14.5979955792,1659486.57465,8480
2016-40,63,Pirates,Fishing Boat,NA,"BANGLADESH:On 19 February, pirates killed a fisherman, wounded four others and kidnapped one from the Kachikhali Balesshar area near position 21-50N 090-51E. The pirates also looted the fish cargo, fishing nets, cash, mobile phone sets and other",valuables from the fishermen.,NA,NA,NA,NA,2016-02-19,2016,164,8481,Bangladeshi Exclusive Economic Zone,200NM,2142,Bangladesh,2142,Bangladesh,BGD,0,NA,0,NA,NA,0,NA,0,NA,NA,90.5397686404,20.4111789845,112302.620749,8481
2016-41,63,Robbers,Bulk Carrier,NA,"INDIA:On 14 February, four robbers boarded an anchored bulk carrier using a grappling hook and rope near position 22-46N 070-00E, in the vicinity of the Tuna Buoy Anchorage Kandla. A duty crewmember on routine rounds noticed the robbers trying to break","open a store room padlock. He immediately informed the bridge. The alarm was raised and a PA announcement made. The crew mustered. Upon hearing the alarm and seeing the alerted crew, the robbers escaped empty-handed. Kandla Tower was informed. (IMB)",NA,NA,NA,NA,2016-02-14,2016,259,8480,Indian Exclusive Economic Zone,200NM,2128,India,2128,India,IND,0,NA,0,NA,NA,0,NA,0,NA,NA,76.0853171614,14.5979955792,1659486.57465,8480
2016-50,63,Robbers,Tanker,NA,"INDIA:On 8 February, five robbers in a boat approached an anchored tanker near position 22-47N 070-00E, Kandla Outer Anchorage. Two robbers boarded the tanker using a grappling hook attached to a rope. The duty officer on the bridge noticed the robbers","and raised the alarm. The crew was mustered. Upon hearing the alarm and seeing the alerted crew, the robbers escaped in their boat with their accomplices. A thorough search was made throughout the tanker. Cargo sampling equipment was reported stolen. The",port control authorities were informed.,NA,NA,NA,2016-02-08,2016,259,8480,Indian Exclusive Economic Zone,200NM,2128,India,2128,India,IND,0,NA,0,NA,NA,0,NA,0,NA,NA,76.0853171614,14.5979955792,1659486.57465,8480
2016-55,63,Robbers,Product Tanker,NA,"INDIA:On 28 January, six robbers in a small boat boarded an anchored product tanker near position 22-49N 070-07E, Kandla Outer Anchorage. Alert duty crewman noticed the robbers and raised the alarm. Hearing the alarm and seeing the crew¿s alertness, the",robbers escaped in their boat without stealing anything. Incident reported to port control.,NA,NA,NA,NA,2016-01-28,2016,259,8480,Indian Exclusive Economic Zone,200NM,2128,India,2128,India,IND,0,NA,0,NA,NA,0,NA,0,NA,NA,76.0853171614,14.5979955792,1659486.57465,8480
2016-51,63,Robbers,Tanker,NA,"INDIA:On 25 January, five robbers armed with knives boarded an anchored tanker near position 22-47N 070-02E, 12 nm southwest of Kandla. The duty crewman on routine rounds noticed the robbers near the forecastle and informed the duty officer who raised",the alarm. All of the crew was mustered and proceeded towards the forecastle. Upon seeing the alerted crew the robbers escaped with stolen ship stores. The Kandla Port Control was informed.,NA,NA,NA,NA,2016-01-25,2016,259,8480,Indian Exclusive Economic Zone,200NM,2128,India,2128,India,IND,0,NA,0,NA,NA,0,NA,0,NA,NA,76.0853171614,14.5979955792,1659486.57465,8480
2016-17,63,Robbers,LPG Tanker,NA,"INDIA:On 23 January, a duty crewman onboard an LPG tanker anchored near position 17-39N 083-24E, Visakhapatnam Anchorage on routine rounds, noticed foot marks on the upper deck aft area. Alarm raised and a thorough search was made. It was reported that",ship's properties were stolen from several store rooms. Port control was informed.,NA,NA,NA,NA,2016-01-23,2016,259,8480,Indian Exclusive Economic Zone,200NM,2128,India,2128,India,IND,0,NA,0,NA,NA,0,NA,0,NA,NA,76.0853171614,14.5979955792,1659486.57465,8480
2016-13,63,Robbers,Chemical Tanker,NA,"INDIA:On 11 January, eight robbers boarded an anchored chemical tanker near position 22-46N 070-02E, Kandla Anchorage. They were noticed near the forecastle store room armed with knives. The duty crewman raised the alarm and crew mustered on the bridge.",The local Coast Guard/port authorities were informed. Upon seeing the alerted crew the robbers escaped without stealing anything.,NA,NA,NA,NA,2016-01-11,2016,259,8480,Indian Exclusive Economic Zone,200NM,2128,India,2128,India,IND,0,NA,0,NA,NA,0,NA,0,NA,NA,76.0853171614,14.5979955792,1659486.57465,8480
2016-12,63,Robbers,Bulk Carrier,NA,"INDIA:On 11 January, an unknown number of robbers boarded an anchored bulk carrier near position 22-46N 069-59E, Kandla OTB Anchorage, Kandla Port. The robbers were able to steal ship' stores and escape unnoticed. The theft was noticed by the crew while",securing the deck after cargo operations. The incident was reported to the local authorities.,NA,NA,NA,NA,2016-01-11,2016,259,8480,Indian Exclusive Economic Zone,200NM,2128,India,2128,India,IND,0,NA,0,NA,NA,0,NA,0,NA,NA,76.0853171614,14.5979955792,1659486.57465,8480
2016-2,63,Robbers,Tanker,NA,"INDIA:On 30 December at 0015 LT near position 22-37N 069-55E in Sikka Anchorage, two robbers in a small fast craft boat boarded an anchored tanker. The duty crew noticed the robbers, raised the alarm which mustered the crew. Upon seeing the alerted crew",the robbers escaped with stolen ship's properties. The incident was reported to the Port Authority.,NA,NA,NA,NA,2015-12-30,2015,259,8480,Indian Exclusive Economic Zone,200NM,2128,India,2128,India,IND,0,NA,0,NA,NA,0,NA,0,NA,NA,76.0853171614,14.5979955792,1659486.57465,8480
2015-275,63,Robbers,Fishermen,NA,"BANGLADESH:On 24 December, robbers kidnapped three fishermen from a group fishing approximately 50 nm south-west of Kuakata near position 20-50N 88-46E. The robbers later attacked another group of fishermen, stealing their outboard motor and leaving them",adrift. Authorities responded to the incidents and are investigating.,NA,NA,NA,NA,2015-12-24,2015,259,8480,Indian Exclusive Economic Zone,200NM,2128,India,2128,India,IND,0,NA,0,NA,NA,0,NA,0,NA,NA,76.0853171614,14.5979955792,1659486.57465,8480
2015-266,63,Pirates,Fishing Boats,NA,"BANGLADESH:On 9 December two pirate gangs attacked several groups of fishermen in the Sundarbans near position 21-25N 089-11E and kidnapped approximately 100 fishermen. There were 22 boats carrying the attackers, reportedly from the Jahangir Bahini",pirate gang.,NA,NA,NA,NA,2015-12-09,2015,259,8480,Indian Exclusive Economic Zone,200NM,2128,India,2128,India,IND,0,NA,0,NA,NA,0,NA,0,NA,NA,76.0853171614,14.5979955792,1659486.57465,8480
2015-256,63,Robbers,Product Tanker,NA,"INDIA:On 2 December at 0615 LT in the Sikka Crude Tanker Anchorage, near position 22-40N 069-58E, 5 robbers armed with iron rods boarded an anchored product tanker. They entered the tank cleaning store by breaking the padlock. The duty AB on routine",rounds noticed the robbers as they were lowering stolen ship's items into a boat. He immediately notified the Duty Officer on the bridge and retreated to a secure area. The alarm was raised and the crew mustered. Upon hearing the alarm and seeing the,"crew's alertness, the robbers fled. Port Authorities were informed.",NA,NA,NA,2015-12-02,2015,259,8480,Indian Exclusive Economic Zone,200NM,2128,India,2128,India,IND,0,NA,0,NA,NA,0,NA,0,NA,NA,76.0853171614,14.5979955792,1659486.57465,8480
2015-254,63,Robbers,Bulk Carrier,NA,"INDIA:On 25 November, three robbers armed with knives in a small boat approached an anchored bulk carrier near position 17-03N 082-24E, Kakinada Anchorage. Two robbers boarded the ship and began to collecting ship's stores. A deck crewman on routine","rounds noticed the robbers and notified the duty officer on the bridge, who then raised the alarm, and made a PA announcement which mustered the crew. Upon hearing the alarm and seeing the mustered crew, the robbers escaped in their boat without stealing",anything. The incident was reported to port authorities.,NA,NA,NA,2015-11-25,2015,259,8480,Indian Exclusive Economic Zone,200NM,2128,India,2128,India,IND,0,NA,0,NA,NA,0,NA,0,NA,NA,76.0853171614,14.5979955792,1659486.57465,8480
2015-249,63,Pirates,Fishing Boats,NA,"BANGLADESH:On 19 November near position 21-50N 89-58E, up to 42 fishermen and 22 fishing boats were captured by a group of pirates in the Bay of Bengal about 50 KM off Patharghata in the Barguna district. Bangladesh Coast Guard officials are",investigating the incident.,NA,NA,NA,NA,2015-11-19,2015,164,8481,Bangladeshi Exclusive Economic Zone,200NM,2142,Bangladesh,2142,Bangladesh,BGD,0,NA,0,NA,NA,0,NA,0,NA,NA,90.5397686404,20.4111789845,112302.620749,8481
2015-233,63,Robbers,Tanker,NA,"INDIA:On 29 October, an unknown number of robbers boarded an anchored tanker via the anchor chain near position 22-40N 069-56E, Reliance Crude Anchorage. The robbers stole ship's properties from the forecastle store room and escaped. The theft was",noticed by the duty crew on routine rounds.,NA,NA,NA,NA,2015-10-29,2015,259,8480,Indian Exclusive Economic Zone,200NM,2128,India,2128,India,IND,0,NA,0,NA,NA,0,NA,0,NA,NA,76.0853171614,14.5979955792,1659486.57465,8480
2015-228,63,Pirates,Fishing Boats,NA,"BANGLADESH:On 26 October, near position 21-40N 089-35E, pirates abducted at least 50 fishermen from the Bay of Bengal, attacking a fleet of more than a hundred fishing boats. They captured 25 of the fishing boats. Eleven fishermen from Patharghata of","Barguna district were injured as approximately 30 armed pirates attacked them at Fairway Point, 43 nm southwest of Patharghata. The pirates also took fish and navigation equipment.",NA,NA,NA,NA,2015-10-26,2015,164,8481,Bangladeshi Exclusive Economic Zone,200NM,2142,Bangladesh,2142,Bangladesh,BGD,0,NA,0,NA,NA,0,NA,0,NA,NA,90.5397686404,20.4111789845,112302.620749,8481
2015-216,63,Robbers,Tanker,NA,"MALAYSIA:On 15 October, six robbers boarded the Panama-flagged tanker ALMI SPIRIT in the Kukup Anchorage area of Johor Province, near position 01-20N 103-26E. Forces from the Malaysian Maritime Enforcement Agency responded to the boarding and are",investigating.,NA,NA,NA,NA,2015-10-15,2015,251,8483,Malaysian Exclusive Economic Zone,200NM,2230,Malaysia,2230,Malaysia,MYS,0,NA,0,NA,NA,0,NA,0,NA,NA,108.435167801,4.85143661206,510822.838776,8483
2015-217,63,Pirates,Fishing Boats,NA,"BANGLADESH:On 12 October, a group of fishermen came under attack from pirates it the Kuakata Bay region of Patuakhali, near position 21-45N 090-19E. According to the Alipur Trawler Owners' Association, three fishing boats came under attack from the",pirates. They shot and injured six of the fishermen and kidnapped two of them.,NA,NA,NA,NA,2015-10-12,2015,164,8481,Bangladeshi Exclusive Economic Zone,200NM,2142,Bangladesh,2142,Bangladesh,BGD,0,NA,0,NA,NA,0,NA,0,NA,NA,90.5397686404,20.4111789845,112302.620749,8481
2015-168,63,Pirates,Fishing Trawlers,NA,"BANGLADESH:On 3 August near position 21-35N 89-11E, 12 pirates belonging to the Akash Bahini group attacked a group of small fishing trawlers in the Dhansiddhirchar area of the Sundarbans. The pirates ransacked several of the trawlers and kidnapped 12",local fishermen. The pirate group has reportedly demanded a ransom for each fishermen within a seven-day period.,NA,NA,NA,NA,2015-08-03,2015,164,8481,Bangladeshi Exclusive Economic Zone,200NM,2142,Bangladesh,2142,Bangladesh,BGD,0,NA,0,NA,NA,0,NA,0,NA,NA,90.5397686404,20.4111789845,112302.620749,8481
2015-165,63,Pirates,Fishing Boat,NA,"ANDAMAN SEA:On 26 July, two pirates boarded the Indonesia-flagged fishing boat MAJU JAYA near position 04-53N 098-37E, approximately 60 nm north of Balewan. The pirates ransacked the fishing boat, stole the vessel's documents, electronics, personal","mobile phones and fuel, and then departed. The crew was unharmed.",NA,NA,NA,NA,2015-07-26,2015,220,8492,Indonesian Exclusive Economic Zone,200NM,2127,Indonesia,2127,Indonesia,IDN,0,NA,0,NA,NA,0,NA,0,NA,NA,117.898147552,-3.30903479808,6025109.71458,8492
2015-144,63,Robbers,Container Vessel,NA,"BANGLADESH:On 22 June, during heavy rain robbers boarded an anchored container vessel near position 22-09N 091-44E, Chittagong Anchorage. A duty crewman saw the robbers attempting to enter the accommodation area. He informed the Duty Officer who raised",the alarm and alerted the crew. The robbers chased the duty crewman before escaping with stolen ship stores. The crewman slipped during the chase and was slightly injured. The local Coast Guard was informed.,NA,NA,NA,NA,2015-06-22,2015,164,8481,Bangladeshi Exclusive Economic Zone,200NM,2142,Bangladesh,2142,Bangladesh,BGD,0,NA,0,NA,NA,0,NA,0,NA,NA,90.5397686404,20.4111789845,112302.620749,8481
2015-140,63,Robbers,Chemical Tanker,NA,"BANGLADESH:On 11 June four robbers boarded an anchored chemical tanker near position 22-12N 091-47E, CUFL Jetty, Chittagong. The Chief Officer saw the robbers on deck and raised the alarm. Seeing an alerted crew, the robbers escaped empty-handed.",NA,NA,NA,NA,NA,2015-06-11,2015,164,8481,Bangladeshi Exclusive Economic Zone,200NM,2142,Bangladesh,2142,Bangladesh,BGD,0,NA,0,NA,NA,0,NA,0,NA,NA,90.5397686404,20.4111789845,112302.620749,8481
2015-125,63,Robbers,Bulk Carrier,NA,"BANGLADESH:On 01 June near position 22-16N 091-43E about 3.7 nm west of Patenga, Bangladesh, 5 robbers with knives boarded an anchored bulk carrier with a rope ladder. The robbers tried to attack the crew watchman. The alarm was raised and the crew","mustered. Upon hearing the alarm, the robbers escaped with stolen ship's properties.",NA,NA,NA,NA,2015-06-01,2015,164,8481,Bangladeshi Exclusive Economic Zone,200NM,2142,Bangladesh,2142,Bangladesh,BGD,0,NA,0,NA,NA,0,NA,0,NA,NA,90.5397686404,20.4111789845,112302.620749,8481
2015-115,63,Robbers,General Cargo Ship,NA,"BANGLADESH:On 17 May, three robbers armed with long knives boarded an anchored general cargo ship near position 22-12N 091-43E, Chittagong Outer Anchorage. The duty crewman saw the robbers and raised the alarm, sounded the ship's whistle and directed the","search lights towards forecastle and then had the crew mustered. Seeing the crews response, the robbers fled empty handed in their boat. The Port Control and Coast Guard authorities were informed. A coast guard boat came for assistance and investigation.",NA,NA,NA,NA,2015-05-17,2015,164,8481,Bangladeshi Exclusive Economic Zone,200NM,2142,Bangladesh,2142,Bangladesh,BGD,0,NA,0,NA,NA,0,NA,0,NA,NA,90.5397686404,20.4111789845,112302.620749,8481
2015-114,63,Robbers,Bulk Carrier,NA,"BANGLADESH:On 16 May, an unknown number of robbers boarded an anchored bulk carrier near position 21-46N 091-42E, 7 nm west of Kutubdia Island. The robbers stole ship's property and escaped. The duty crew on routine rounds noticed the theft and raised",the alarm. The incident was reported to Port Control and Coast Guard authorities.,NA,NA,NA,NA,2015-05-16,2015,164,8481,Bangladeshi Exclusive Economic Zone,200NM,2142,Bangladesh,2142,Bangladesh,BGD,0,NA,0,NA,NA,0,NA,0,NA,NA,90.5397686404,20.4111789845,112302.620749,8481
2015-98,63,Robbers,Tanker,NA,"BANGLADESH:On 5 May, armed robbers boarded an anchored tanker near position 21-48N 091-42E, Chittagong Outer Anchorage. The robbers began arguing with the two shore watchmen. A duty crewman heard the raised voices and noticed the robbers attacking the","watchmen. He informed the bridge. A gun shot was heard and the crew immediately ran into the accommodation area. The alarm was raised, the ship's whistle sounded and the crew was mustered. Seeing the alerted crew the robbers jumped overboard and escaped.","Attempts to contact the port control were unsuccessful. Upon investigation, it was found that the robbers took both the watchmen as hostage, tied them up and escaped with ship's stores.",NA,NA,NA,2015-05-05,2015,164,8481,Bangladeshi Exclusive Economic Zone,200NM,2142,Bangladesh,2142,Bangladesh,BGD,0,NA,0,NA,NA,0,NA,0,NA,NA,90.5397686404,20.4111789845,112302.620749,8481
2015-95,63,Robbers,Bulk Carrier,NA,"BANGLADESH:On 25 April, six armed robbers boarded a bulk carrier at anchor near position 22-06N 091-45E, Chittagong OPL. The alarm was raised, the crew mustered and Port Control informed. The robbers stole ship's properties and escaped. Later the Coast",Guard boarded the vessel for an investigation.,NA,NA,NA,NA,2015-04-25,2015,164,8481,Bangladeshi Exclusive Economic Zone,200NM,2142,Bangladesh,2142,Bangladesh,BGD,0,NA,0,NA,NA,0,NA,0,NA,NA,90.5397686404,20.4111789845,112302.620749,8481
2015-86,63,Pirates,Fishing Boat,NA,"INDIA:On 17 April, seven Tamil Nadu fishermen were injured during an attack allegedly by pirates suspected to be from Sri Lanka, according to local police. The fishermen were fishing off Kodiakarai when they were attacked by assailants who came in a fast","craft; police said quoting a complaint lodged by the victims. Five persons, were onboard the boat which appeared to be from Sri Lanka, jumped onto the fishermen's boat and attacked them with clubs. They then snatched all valuables, including their catch,","fishing nets and GPS equipment, and fled the scene, the police added. The injured fishermen returned to land the next day, two of them sustained serious head injuries and were undergoing treatment at a local hospital.",NA,NA,NA,2015-04-17,2015,259,8480,Indian Exclusive Economic Zone,200NM,2128,India,2128,India,IND,0,NA,0,NA,NA,0,NA,0,NA,NA,76.0853171614,14.5979955792,1659486.57465,8480
2015-79,63,Pirates,Small Fishing Boats,NA,"BANGLADESH:On 8 April, pirates boarded and looted three small fishing boats, and kidnapped three fishermen, near the Sunderbans. Initially, 25 other fishermen were taken hostage, and then all but three were released. A ransom has been demanded and local",police have been notified.,NA,NA,NA,NA,2015-04-08,2015,259,8480,Indian Exclusive Economic Zone,200NM,2128,India,2128,India,IND,0,NA,0,NA,NA,0,NA,0,NA,NA,76.0853171614,14.5979955792,1659486.57465,8480
2015-66,63,Robbers,Dredger,NA,"INDIA:On 30 March, four robbers in a fishing boat approached an anchored dredger near position 16-59N 082-18E, Kakinada Inner Anchorage. Two robbers boarded the ship. They were noticed by the 2nd Officer on routine rounds, who informed the bridge and","raised the alarm. Seeing the crews response, the robbers fled empty handed.",NA,NA,NA,NA,2015-03-30,2015,259,8480,Indian Exclusive Economic Zone,200NM,2128,India,2128,India,IND,0,NA,0,NA,NA,0,NA,0,NA,NA,76.0853171614,14.5979955792,1659486.57465,8480
2015-61,63,Robbers,Product Tanker,NA,"INDIA:On 16 March, an unknown number of robbers boarded an anchored product tanker near position 17-38N 083-25E, Visakhapatnam anchorage. The robbers stole ship's stores and escaped unnoticed. The theft was detected the next morning.",NA,NA,NA,NA,NA,2015-03-16,2015,259,8480,Indian Exclusive Economic Zone,200NM,2128,India,2128,India,IND,0,NA,0,NA,NA,0,NA,0,NA,NA,76.0853171614,14.5979955792,1659486.57465,8480
2015-36,63,Pirates,Fishing Boats,NA,"BANGLADESH:On 15 February, pirates attacked up to seven fishing boats while they were operating about 50 km south from Sonar Char area. The pirates attacked three fishing boats, initially, when four other boats came to the aid of the other fishing boats","and they were also attacked. It is believed that at least 8 fishermen suffered gunshot-related injuries during the attack. The pirates were able to steal fish, fuel, money and mobile phones from the fishermen. The injured have been taken to a regional",medical facility for treatment.,NA,NA,NA,2015-02-15,2015,164,8481,Bangladeshi Exclusive Economic Zone,200NM,2142,Bangladesh,2142,Bangladesh,BGD,0,NA,0,NA,NA,0,NA,0,NA,NA,90.5397686404,20.4111789845,112302.620749,8481
2014-293,63,Robbers,Product Tanker,NA,"BANGLADESH:On 17 December, three robbers armed with long knives boarded a product tanker during anchoring operations near position 22-18N 091-46E, Chittagong Anchorage. A duty crew member on routine rounds noticed the robbers stealing ship's stores from","the stern area. He immediately informed the bridge and the alarm was raised. Upon hearing the alarm and seeing the crew response, the robbers fled with stolen ship's stores in their boat. The crew informed Port Control. The Bangladeshi Coast Guard",subsequently contacted the vessel and informed the Master that they had sent a patrol boat to the location.,NA,NA,NA,2014-12-17,2014,164,8481,Bangladeshi Exclusive Economic Zone,200NM,2142,Bangladesh,2142,Bangladesh,BGD,0,NA,0,NA,NA,0,NA,0,NA,NA,90.5397686404,20.4111789845,112302.620749,8481
2014-276,63,Pirates,Bulk Cargo Carrier,NA,"INDIA:On 27 November, one person boarded an anchored bulk cargo carrier waiting to discharge cargo near position 20-55N 088-07E, 40 nm south of the Sagar Islands. The robber boarded the ship from a small boat carrying six other persons. The robber was","spotted by the crew, and the alarm was raised onboard the ship. The robber escaped.",NA,NA,NA,NA,2014-11-27,2014,259,8480,Indian Exclusive Economic Zone,200NM,2128,India,2128,India,IND,0,NA,0,NA,NA,0,NA,0,NA,NA,76.0853171614,14.5979955792,1659486.57465,8480
2014-267,63,Robbers,Product Tanker,NA,"INDIA:On 25 November, five robbers boarded an anchored product tanker near position 09-58N 076-14E, Kochi Anchorage. They broke into the paint store room and stole items from it. Duty crew noticed the robbers and informed the duty officer who raised the","alarm and mustered the crew. Upon hearing the alarm, the robbers escaped in their boats with the stolen stores. Port Control relayed incident report to the Coast Guard and coastal police.",NA,NA,NA,NA,2014-11-25,2014,259,8480,Indian Exclusive Economic Zone,200NM,2128,India,2128,India,IND,0,NA,0,NA,NA,0,NA,0,NA,NA,76.0853171614,14.5979955792,1659486.57465,8480
2014-268,63,Robbers,Container Ship,NA,"BANGLADESH:On 23 November, two robbers armed with long knives boarded an anchored container ship near position 22-07N 091-48E, Chittagong Anchorage. Duty crewman on rounds saw the robbers and raised the alarm. Upon hearing the alarm and seeing the crew","response, the robbers jumped overboard and escaped empty handed in their boat. Master made several attempts to call Chittagong Port Control and Coast Guard, but received no response.",NA,NA,NA,NA,2014-11-23,2014,164,8481,Bangladeshi Exclusive Economic Zone,200NM,2142,Bangladesh,2142,Bangladesh,BGD,0,NA,0,NA,NA,0,NA,0,NA,NA,90.5397686404,20.4111789845,112302.620749,8481
2014-244,63,Robbers,Bulk Carrier,NA,"BANGLADESH:On 24 October, twelve robbers in two boats approached an anchored bulk carrier near position 22-15N 091-43E, Chittagong Anchorage. Three robbers armed with long knives boarded the ship using hooks attached with ropes. They took hostage three","shore watchmen, tied them up and threatened them with long knives. The duty crewman on routine rounds noticed the robbers trying to break into the forecastle store room and raised the alarm. Crew mustered, Port Control, Coast Guard and vessels in the","vicinity informed. Upon hearing the alarm and seeing the crew response, the robbers jumped overboard and escaped with stolen ship's properties. A Coast Guard patrol boat was dispatched to the location and apprehended one boat and its occupants.",NA,NA,NA,2014-10-24,2014,164,8481,Bangladeshi Exclusive Economic Zone,200NM,2142,Bangladesh,2142,Bangladesh,BGD,0,NA,0,NA,NA,0,NA,0,NA,NA,90.5397686404,20.4111789845,112302.620749,8481
2014-237,63,Robbers,Bulk carrier,NA,"BANGLADESH:On 15 October, two robbers boarded an anchored bulk carrier near position 21-46N091-47E, Chittagong Lightering Anchorage. Duty crewman on routine rounds saw the robbers, who threatened then attacked him. Duty crewman notified Duty Officer who",raised the alarm. The robbers escaped with some of the ship's provisions. The duty crewman suffered minor head wounds from the attack. Local Coast Guard force and other vessel at anchor notified of the boarding.,NA,NA,NA,NA,2014-10-15,2014,164,8481,Bangladeshi Exclusive Economic Zone,200NM,2142,Bangladesh,2142,Bangladesh,BGD,0,NA,0,NA,NA,0,NA,0,NA,NA,90.5397686404,20.4111789845,112302.620749,8481
2014-227,63,Robbers,Bulk carrier,NA,"BANGLADESH:On 8 October, twelve robbers armed with knives boarded an anchored bulk carrier near position 21-47N 091-46E, 3 nm west of Kutubdia Island. The crew raised the alarm raised, mustered, and notified Port Control. Seeing the crew response, the",robbers fled with ship's properties.,NA,NA,NA,NA,2014-10-08,2014,164,8481,Bangladeshi Exclusive Economic Zone,200NM,2142,Bangladesh,2142,Bangladesh,BGD,0,NA,0,NA,NA,0,NA,0,NA,NA,90.5397686404,20.4111789845,112302.620749,8481
2014-219,63,Robbers,Chemical Tanker,NA,"INDIA:On 30 September, three robbers in a fishing boat boarded an anchored chemical tanker near position 22-47N 070-03E, Kandla Anchorage. Duty crew on the bridge, noticed the robbers, raised the alarm, sounded ship's horn and mustered the crew. Upon","hearing the alarm and seeing the crew alertness, the robbers escaped empty handed in their boat. Ships in the vicinity were informed.",NA,NA,NA,NA,2014-09-30,2014,259,8480,Indian Exclusive Economic Zone,200NM,2128,India,2128,India,IND,0,NA,0,NA,NA,0,NA,0,NA,NA,76.0853171614,14.5979955792,1659486.57465,8480
2014-209,63,Robbers,Chemical Tanker,NA,"INDIA:On 14 September, seven robbers in a boat approached an anchored chemical tanker near position 17-40N 083-23E, Visakhapatnam Anchorage. Four of the robbers boarded the tanker via the stern and stole fire hose nozzles and couplings. Master noticed","the robbers, raised the alarm and mustered the crew. Upon hearing the alarm and seeing the crew alertness, the robbers jumped overboard and escaped with the stolen items. Port control informed.",NA,NA,NA,NA,2014-09-14,2014,259,8480,Indian Exclusive Economic Zone,200NM,2128,India,2128,India,IND,0,NA,0,NA,NA,0,NA,0,NA,NA,76.0853171614,14.5979955792,1659486.57465,8480
2014-208,63,Robbers,Product Tanker,NA,"INDIA:On 3 September, three robbers armed with knives boarded an anchored product tanker near position 22-44N 070-01E, Kandla Outer Anchorage. They threatened the duty crewman who managed to escape and inform the bridge. Alarm raised and crew mustered.","Seeing the crew response, the robbers fled with stolen ships properties.",NA,NA,NA,NA,2014-09-03,2014,259,8480,Indian Exclusive Economic Zone,200NM,2128,India,2128,India,IND,0,NA,0,NA,NA,0,NA,0,NA,NA,76.0853171614,14.5979955792,1659486.57465,8480
2014-198,63,Suspicious Approach,Bulk Carrier,NA,"INDIA:On 25 August, an underway bulk carrier was twice approached by armed persons in skiffs near position 08-21N 076-36E, 22 nm west of Kovalam. On the first approach a skiff with five armed persons approached to within 100 meters of the vessel. Four","hours later, the duty crew noticed another skiff with six armed persons approach and close to between 300-400 meters. On both occasions the onboard armed security showed their weapons and the skiffs stopped. Both skiffs had speeds of 15-20 knots during",their approach. Indian Coast Guard informed.,NA,NA,NA,2014-08-25,2014,259,8480,Indian Exclusive Economic Zone,200NM,2128,India,2128,India,IND,0,NA,0,NA,NA,0,NA,0,NA,NA,76.0853171614,14.5979955792,1659486.57465,8480
2014-201,63,Pirates,Fishing Trawlers,NA,"BANGLADESH:On 25 August, a group of 36 fishermen aboard three trawlers were attacked by a group of pirates near Hatiya Upazila. At least ten of the fishmen were injured, most by gunfire, while ten others were reportedly thrown into the sea. Pirates",departed after looting the ships. Local Coarst Guard is investigating the incident.,NA,NA,NA,NA,2014-08-25,2014,164,8481,Bangladeshi Exclusive Economic Zone,200NM,2142,Bangladesh,2142,Bangladesh,BGD,0,NA,0,NA,NA,0,NA,0,NA,NA,90.5397686404,20.4111789845,112302.620749,8481
2014-184,63,Robbers,Container Ship,NA,"BANGLADESH:On 31 July, seven robbers armed with knives boarded an anchored container ship via the stern deck near position 22-10N 091-46E, Chittagong Anchorage. Duty crew spotted the robbers stealing ship's stores and raised the alarm. As the crew","mustered and approached the robbers, they jumped into their boat and escaped with the stolen items. The incident was reported to the Coast Guard who advised the Master to be vigilant and report any other suspicious activity. A patrol boat came and",searched the area.,NA,NA,NA,2014-07-31,2014,164,8481,Bangladeshi Exclusive Economic Zone,200NM,2142,Bangladesh,2142,Bangladesh,BGD,0,NA,0,NA,NA,0,NA,0,NA,NA,90.5397686404,20.4111789845,112302.620749,8481
2014-163,63,Robbers,Product tanker,NA,"INDIA:On 6 July, two robbers in a fishing boat boarded an anchored product tanker near position 22-48N 070-01E, Kandla Anchorage. Duty crew on routine rounds noticed the robbers and raised the alarm resulting in the robbers jumping overboard and escaping","in their boat. Upon investigation, it was found that three padlocks were broken and ship's properties were stolen.",NA,NA,NA,NA,2014-07-06,2014,259,8480,Indian Exclusive Economic Zone,200NM,2128,India,2128,India,IND,0,NA,0,NA,NA,0,NA,0,NA,NA,76.0853171614,14.5979955792,1659486.57465,8480
2014-141,63,Robbers,Tanker,NA,"INDIA:On 10 June, two robbers boarded an anchored tanker near position 17-37N 083-24E, Visakhapatnam. When the duty officer spotted the robbers and raised the alarm, the robbers disembarked the tanker and escaped in their fishing boat.",NA,NA,NA,NA,NA,2014-06-10,2014,259,8480,Indian Exclusive Economic Zone,200NM,2128,India,2128,India,IND,0,NA,0,NA,NA,0,NA,0,NA,NA,76.0853171614,14.5979955792,1659486.57465,8480
2014-142,63,Robbers,Tanker,NA,"BANGLADESH:On 8 June, six armed robbers in a small boat boarded an anchored tanker using a hooked ladder near position 22-29N 091-41E, Chittagong anchorage. When a duty crewman informed the duty officer on the bridge, who raised the alarm, sounded ships","whistle and mustered the crew on the bridge. SSAS activated and two rocket parachute flares fired. The robbers went to the forecastle, forced open the bosun store room, stole ship properties, and escaped.",NA,NA,NA,NA,2014-06-08,2014,164,8481,Bangladeshi Exclusive Economic Zone,200NM,2142,Bangladesh,2142,Bangladesh,BGD,0,NA,0,NA,NA,0,NA,0,NA,NA,90.5397686404,20.4111789845,112302.620749,8481
2014-134,63,Robbers,Product tanker,NA,"BANGLADESH:On 29 May, two robbers attempted to board an anchored product tanker near position21-43N 091-47E, Kutubdia Anchorage. Duty crewman saw the robbers on the stern of the ship and notified the duty officer, who raised the alarm. Seeing the crew","response, the robbers jumped overboard and escaped without stealing anything.",NA,NA,NA,NA,2014-05-29,2014,164,8481,Bangladeshi Exclusive Economic Zone,200NM,2142,Bangladesh,2142,Bangladesh,BGD,0,NA,0,NA,NA,0,NA,0,NA,NA,90.5397686404,20.4111789845,112302.620749,8481
2014-116,63,Robbers,Chemical Tanker,NA,"BANGLADESH:On 5 May, four robbers armed with long knives boarded an anchored chemical tanker near position 22-08N 091-46E, Chittagong Roads. The robbers cut the aft mooring rope. Duty officer raised the alarm, mustered the crew in the accommodation area","and informed the local Coast Guard office. Upon hearing the alarm, the robbers stole a lifebuoy and escaped. A patrol boat came to the location and made a search.",NA,NA,NA,NA,2014-05-05,2014,164,8481,Bangladeshi Exclusive Economic Zone,200NM,2142,Bangladesh,2142,Bangladesh,BGD,0,NA,0,NA,NA,0,NA,0,NA,NA,90.5397686404,20.4111789845,112302.620749,8481
2014-106,63,Robbers,Tanker,NA,"BANGLADESH:On 30 April, two robbers boarded an anchored tanker near position 22-08N 091-41E, Chittagong Anchorage. Crew noticed robbers on stern and raised alarm. Crew mustered and Port Control notified. Seeing the crew alertness, the robbers escaped",with stolen ship's properties.,NA,NA,NA,NA,2014-04-30,2014,164,8481,Bangladeshi Exclusive Economic Zone,200NM,2142,Bangladesh,2142,Bangladesh,BGD,0,NA,0,NA,NA,0,NA,0,NA,NA,90.5397686404,20.4111789845,112302.620749,8481
2014-107,63,Robbers,Bulk Carrier,NA,"BANGLADESH:On 24 April, 20 robbers boarded an anchored bulk carrier at position 21-51N 091-40E, Chittagong OPL, and broke into the forward store room,stole ship's property and escaped. The ship's attempt to contact the local coast guard office failed but",message was relayed by another ship in the vicinity.,NA,NA,NA,NA,2014-04-24,2014,164,8481,Bangladeshi Exclusive Economic Zone,200NM,2142,Bangladesh,2142,Bangladesh,BGD,0,NA,0,NA,NA,0,NA,0,NA,NA,90.5397686404,20.4111789845,112302.620749,8481
2014-98,63,Robbers,Anchored product tanker,NA,"INDIA:On 18 April, three robbers in a small boat attempted to board an anchored product tanker near position 09-56N 076-09E, Kochi Anchorage. Duty crew on routine rounds noticed the robbers and informed duty officer on the bridge who raised the alarm and","mustered the crew. Upon hearing the alarm, the robbers aborted the attempted boarding and escaped in their boat. Port Control was informed.",NA,NA,NA,NA,2014-04-18,2014,259,8480,Indian Exclusive Economic Zone,200NM,2128,India,2128,India,IND,0,NA,0,NA,NA,0,NA,0,NA,NA,76.0853171614,14.5979955792,1659486.57465,8480
2014-59,63,Pirates,Underway bulk carrier,NA,"PAKISTAN:On 28 February, suspected pirates in a skiff chased an underway Bangladeshi-flagged bulk carrier, MV CRYSTAL GOLD near position 24-33N 062-44E, approximately 40 nm southeast of Gwadar, Pakistan. The pirates reportedly chased for up to four","hours. The vessel took evasive measures as outlined in BMP 4, reported the incident to UKMTO, and headed towards the Pakistani coast. The Pakistani Navy deployed a naval asset which located the skiff and detained the suspected pirates. The vessel's",owners said there were 23 Bangladeshi crewmen on their vessel.,NA,NA,NA,2014-02-28,2014,242,8359,Pakistani Exclusive Economic Zone,200NM,2250,Pakistan,2250,Pakistan,PAK,0,NA,0,NA,NA,0,NA,0,NA,NA,64.7122448427,23.5394045623,224387.832462,8359
2014-55,63,Pirates,Tug and cargo vessel,NA,"BANGLADESH:On 20 February, the crew on a tug towing a general cargo vessel to scrap observed five fishing boats approach the cargo vessel under tow near position 21-00N 091-37E, approximately 75 nm south of Chittagong. Two of the fishing boats came",alongside and pirates boarded the vessel and were seen lowering the ship's property.,NA,NA,NA,NA,2014-02-20,2014,164,8481,Bangladeshi Exclusive Economic Zone,200NM,2142,Bangladesh,2142,Bangladesh,BGD,0,NA,0,NA,NA,0,NA,0,NA,NA,90.5397686404,20.4111789845,112302.620749,8481
2014-44,63,Robbers,Bulk carrier,NA,"BANGLADESH:On 5 February, robbers boarded an anchored bulk carrier near position 22-15N 091-45E, Chittagong Anchorage. During routine rounds, duty crewman noticed the four robbers near the stern lowering ships stores into two wooden boats with three","robbers in each boat. Upon being detected, the robbers threatened the crewman with knives. The crewman managed to escape and informed the duty officer on the bridge who raised the alarm, alerted the crew, and informed the coast guard. The coast guard",arrived and boarded the vessel and interviewed the crew.,NA,NA,NA,2014-02-05,2014,164,8481,Bangladeshi Exclusive Economic Zone,200NM,2142,Bangladesh,2142,Bangladesh,BGD,0,NA,0,NA,NA,0,NA,0,NA,NA,90.5397686404,20.4111789845,112302.620749,8481
2013-354,63,ROBBERS,BULK CARRIER,NA,"INDIA:On 4 December, three robbers boarded an anchored bulk carrier near position 22-47N 070-05E, Kandla Anchorage. The Officer on Watch spotted the robbers and raised the alarm. Seeing crew response, the robbers escaped with stolen ship property.",NA,NA,NA,NA,NA,2013-12-04,2013,259,8480,Indian Exclusive Economic Zone,200NM,2128,India,2128,India,IND,0,NA,0,NA,NA,0,NA,0,NA,NA,76.0853171614,14.5979955792,1659486.57465,8480
2013-336,63,ROBBERS,OIL TANKER,NA,"INDIA:On 21 November at approximately 0300 local time, an anchored crude oil tanker experienced a boarding near position 22-38N 069-53E, Sikka Crude Oil Anchorage. Robbers boarded the ship through the hawse pipe, stole ship's stores, equipment and",escaped unnoticed. Port Control was informed.,NA,NA,NA,NA,2013-11-21,2013,259,8480,Indian Exclusive Economic Zone,200NM,2128,India,2128,India,IND,0,NA,0,NA,NA,0,NA,0,NA,NA,76.0853171614,14.5979955792,1659486.57465,8480
2013-337,63,ROBBERS,OIL TANKER,NA,"INDIA:On 21 November at approximately 0240 local time, an anchored crude oil tanker experienced a boarding near position 22-39N 069-55E, Sikka Crude Oil Anchorage. Eight robbers armed with knives boarded the ship. The duty officer immediately raised the","alarm and alerted the crew. The robbers were observed throwing ship's property into their boat even after the alarm was raised. Seeing this, the Master made an announcement that the coast guard was on their way. Upon hearing the announcement, the robbers",jumped overboard and escaped with the stolen ship's property. Port Authorities informed.,NA,NA,NA,2013-11-21,2013,259,8480,Indian Exclusive Economic Zone,200NM,2128,India,2128,India,IND,0,NA,0,NA,NA,0,NA,0,NA,NA,76.0853171614,14.5979955792,1659486.57465,8480
2013-322,63,ROBBERS,CONTAINER SHIP,NA,"INDIA:On 2 November, an anchored container ship experienced a boarding near position 21-40N 088-01E, Sagar Anchorage. 15 armed robbers boarded the ship and were spotted by ship's duty officer, who raised the alarm. The robbers were stealing ship's stores",and jumped overboard when the alarm was raised.,NA,NA,NA,NA,2013-11-02,2013,259,8480,Indian Exclusive Economic Zone,200NM,2128,India,2128,India,IND,0,NA,0,NA,NA,0,NA,0,NA,NA,76.0853171614,14.5979955792,1659486.57465,8480
2013-315,63,Robbers,Chemical tanker,NA,"INDIA:On 30 October, an underway chemical tanker experienced a boarding near position 22-49N 70-05E, approximately 2.5 nm SW of Outer Tuna Buoy, Kandla Anchorage. During routine rounds, duty crewman noticed two robbers boarding the vessel near the","amidships storeroom. He immediately informed the Duty Officer who raised the alarm and mustered the crew. Upon seeing the crew response, the robbers fled the scene with stolen ship stores. A total of five robbers were seen escaping on the boat. Kandla",Port Authority relayed incident information to local Coast Guard office.,NA,NA,NA,2013-10-30,2013,259,8480,Indian Exclusive Economic Zone,200NM,2128,India,2128,India,IND,0,NA,0,NA,NA,0,NA,0,NA,NA,76.0853171614,14.5979955792,1659486.57465,8480
2013-316,63,Robbers,Container ship,NA,"BANGLADESH:On 28 October, an anchored container ship experienced a boarding at position 21-50N 091-38E, Chittagong Anchorage. Duty crewman noticed five to six robbers at the poop deck while conducting routine rounds. He immediately informed bridge and","the alarm was raised. Upon hearing the alarm, the robbers jumped overboard and escaped with ship's stores in their unlit boat.",NA,NA,NA,NA,2013-10-28,2013,164,8481,Bangladeshi Exclusive Economic Zone,200NM,2142,Bangladesh,2142,Bangladesh,BGD,0,NA,0,NA,NA,0,NA,0,NA,NA,90.5397686404,20.4111789845,112302.620749,8481
2013-311,63,Robbers,LPG tanker,NA,"INDIA:On 22 October, an anchored LPG tanker was boarded by seven armed robbers at position 22-49N 070-06E, Kandla Anchorage. They forced open the forward storeroom and stole ship's property. Duty crewman on watch noticed the robbers and raised the alarm.",The robbers subsequently threatened the crew with knives and then jumped overboard and escaped. Port authorities were informed.,NA,NA,NA,NA,2013-10-22,2013,259,8480,Indian Exclusive Economic Zone,200NM,2128,India,2128,India,IND,0,NA,0,NA,NA,0,NA,0,NA,NA,76.0853171614,14.5979955792,1659486.57465,8480
2013-309,63,Robbers,Tanker,NA,"INDIA:On 20 October, an anchored tanker was boarded by three robbers at position 17-36N 083-26E, Visakhapatnam Anchorage. The robbers were able to steal ship's stores and escape when spotted by crewmembers on duty.",NA,NA,NA,NA,NA,2013-10-20,2013,259,8480,Indian Exclusive Economic Zone,200NM,2128,India,2128,India,IND,0,NA,0,NA,NA,0,NA,0,NA,NA,76.0853171614,14.5979955792,1659486.57465,8480
2013-301,63,PIRATES,FISHING TRAWLERS,NA,"BANGLADESH:On 9 October, unidentified individuals fired at two fishing trawlers in the Bay of Bengal near Charfashion Upazila. They hijacked a fishing trawler and kidnapped 21 fishermen onboard. Twenty-two fishermen jumped into the sea and were later",rescued by different fishing trawlers.,NA,NA,NA,NA,2013-10-09,2013,164,8481,Bangladeshi Exclusive Economic Zone,200NM,2142,Bangladesh,2142,Bangladesh,BGD,0,NA,0,NA,NA,0,NA,0,NA,NA,90.5397686404,20.4111789845,112302.620749,8481
2013-302,63,ROBBERS,TRAWLER,NA,"BANGLADESH:On 9 October, unidentified individuals boarded a trawler in the bay near the Tin Char area and stole goods, including fish fries (small fish) worth between $8,992 to $10,277.",NA,NA,NA,NA,NA,2013-10-09,2013,164,8481,Bangladeshi Exclusive Economic Zone,200NM,2142,Bangladesh,2142,Bangladesh,BGD,0,NA,0,NA,NA,0,NA,0,NA,NA,90.5397686404,20.4111789845,112302.620749,8481
2013-289,63,Robbers,Fishing vessels,NA,"BANGLADESH:Between 14 and 15 September, robbers kidnapped 65 fishermen from their vessels from the sea and in the Sundarbans, near Dublar Char. The robbers looted fish and nets worth about $12,846, and demanded a ransom of approximately $1,285 for each","fisherman, threatening to kill them if they did not receive the ransom. The Bangladeshi Coast Guard conducted a search of coastal areas of the Sundarbans, but was unable to locate the missing fishermen.",NA,NA,NA,NA,2013-09-14,2013,164,8481,Bangladeshi Exclusive Economic Zone,200NM,2142,Bangladesh,2142,Bangladesh,BGD,0,NA,0,NA,NA,0,NA,0,NA,NA,90.5397686404,20.4111789845,112302.620749,8481
2013-269,63,ROBBERS,CONTAINER SHIP NADIR,NA,"BANGLADESH:On 27 August, the anchored Marshall Islands-flagged container ship NADIR was boarded while at position 22-11N 091-42E, Chittagong Anchorage. Approximately 16 robbers in two boats approached the ship. Five robbers armed with long knives boarded","the ship and began to lower ship's stores into their boats. Duty officer noticed the robbers, raised the alarm and crew mustered. Seeing crew alertness the robbers escaped with stolen ship stores. Incident reported to the coast guard.",NA,NA,NA,NA,2013-08-27,2013,164,8481,Bangladeshi Exclusive Economic Zone,200NM,2142,Bangladesh,2142,Bangladesh,BGD,0,NA,0,NA,NA,0,NA,0,NA,NA,90.5397686404,20.4111789845,112302.620749,8481
2013-261,63,Pirates,Trawler,NA,"BANGLADESH:On 15 August, a fishing trawler was hijacked, along with the kidnapping of 15 fishermen along the Meghna River. A gang of pirates attacked three trawlers in the Talia Char area. When the fishermen tried to resist the bandits, they opened fire,",injuring one man. The pirates looted valuables from the trawlers and kidnapped the 15 fishermen onboard.,NA,NA,NA,NA,2013-08-15,2013,164,8481,Bangladeshi Exclusive Economic Zone,200NM,2142,Bangladesh,2142,Bangladesh,BGD,0,NA,0,NA,NA,0,NA,0,NA,NA,90.5397686404,20.4111789845,112302.620749,8481
2013-263,63,Robbers,Container ship,NA,"BANGLADESH:On 10 August, the anchored Singapore-flagged container ship KOTA HARTA was boarded at 22-09N 091-47E, at the Chittagong Anchorage. Three robbers boarded the ship from the poop deck, using a hook and rope. Upon discovering the robbers, the duty",watchman immediately raised the alarm. Two of the robbers jumped overboard while the third robber grabbed the life-ring from the ship and threw it overboard before escaping in a small wooden boat.,NA,NA,NA,NA,2013-08-10,2013,164,8481,Bangladeshi Exclusive Economic Zone,200NM,2142,Bangladesh,2142,Bangladesh,BGD,0,NA,0,NA,NA,0,NA,0,NA,NA,90.5397686404,20.4111789845,112302.620749,8481
2013-270,63,ROBBERS,PRODUCT TANKER ST. MICHAELIS,NA,"BANGLADESH:On 4 August, the anchored Hong Kong-flagged product tanker ST. MICHAELIS was boarded at 22-11N 091-41E, at the Chittagong Anchorage. While at anchor, robbers boarded the vessel from astern. When the alarm was raised, the crew locked itself in",the superstructure.,NA,NA,NA,NA,2013-08-04,2013,164,8481,Bangladeshi Exclusive Economic Zone,200NM,2142,Bangladesh,2142,Bangladesh,BGD,0,NA,0,NA,NA,0,NA,0,NA,NA,90.5397686404,20.4111789845,112302.620749,8481
2013-236,63,ROBBERS,Chemical tanker,NA,"BANGLADESH:On 27 July, the Denmark-flagged anchored chemical tanker TORM LOIRE was boarded in the vicinity of 22-13N 091-46 E, at the Chittagong Anchorage. While awaiting berthing instructions, the duty crew on routine patrol noticed a robber lowering","ropes into a waiting boat. The duty officer was informed, who then raised the alarm and mustered the crew. Upon the crews approach to the stern, the robbers cut off the loose rope and escaped in the boat. Local authorities were notified.",NA,NA,NA,NA,2013-07-27,2013,164,8481,Bangladeshi Exclusive Economic Zone,200NM,2142,Bangladesh,2142,Bangladesh,BGD,0,NA,0,NA,NA,0,NA,0,NA,NA,90.5397686404,20.4111789845,112302.620749,8481
2013-228,63,ROBBERS,CHEMICAL TANKER,NA,"INDIA:On 24 July, the anchored Singapore-flagged chemical tanker BUNGA LUCERNE was boarded at 22-48N 070-03E, at the Kandla Anchorage. An able bodied seaman and a deck cadet, who were carrying out routine work on the forecastle of the anchored chemical","tanker, noticed three small boats approaching. The able bodied seaman immediately informed the duty officer. The boats started distracting the ship's crew by asking them to buy their fish. The able bodied seaman and the cadet checked on the other side of","the vessel and observed that two robbers from another boat were in the process of getting on board while another was already on board. The duty officer raised the alarm and sounded the ship's whistle, resulting in the robbers jumping overboard and",escaping in their boat. Port Authorities and vessels in the vicinity were informed.,NA,NA,2013-07-24,2013,259,8480,Indian Exclusive Economic Zone,200NM,2128,India,2128,India,IND,0,NA,0,NA,NA,0,NA,0,NA,NA,76.0853171614,14.5979955792,1659486.57465,8480
2013-209,63,ROBBERS,BULK CARRIER,NA,"INDIA:On 30 June, an anchored bulk carrier was boarded at 22-58N 070-14E, at the Kandla Inner Anchorage. Three to four robbers, in a boat, boarded the anchored bulk carrier. The Duty Officer noticed the boarding and immediately raised the alarm. Upon","hearing the alarm, the robbers escaped in their waiting boat. During investigation, it was discovered that ship's stores were stolen. Port control was informed.",NA,NA,NA,NA,2013-06-30,2013,259,8480,Indian Exclusive Economic Zone,200NM,2128,India,2128,India,IND,0,NA,0,NA,NA,0,NA,0,NA,NA,76.0853171614,14.5979955792,1659486.57465,8480
2013-118,63,ROBBERS,BULK CARRIER CRANE,NA,"BANGLADESH:On 01 April, the bulk carrier CRANE was boarded at 22-15N 091-44E, at the Chittagong Anchorage `A'. The vessel was attacked while discharging. During a routine patrol of vessel by ship staff, approx. 6 robbers armed with long knives were found",on forecastle. They were gone by the time crew arrived.,NA,NA,NA,NA,2013-04-01,2013,164,8481,Bangladeshi Exclusive Economic Zone,200NM,2142,Bangladesh,2142,Bangladesh,BGD,0,NA,0,NA,NA,0,NA,0,NA,NA,90.5397686404,20.4111789845,112302.620749,8481
2013-90,63,SUSPICIOUS CRAFT,VESSEL SEA PIONEER,NA,MALDIVES:Vessel SEA PIONEER reported possible mothership activity in 07-40.1N 074-14.5E.,NA,NA,NA,NA,NA,2013-03-27,2013,216,8345,Maldives Exclusive Economic Zone,200NM,2229,Maldives,2229,Maldives,MDV,0,NA,0,NA,NA,0,NA,0,NA,NA,73.0880145593,2.45483622223,925222.836017,8345
2013-89,63,PIRATES,FISHING TRAWLERS,NA,"BANGLADESH:On 25 March, three fishing trawlers were hijacked in the vicinity of 21-26N 091-35E, approximately 20 nm off the coast of Cox's Bazaar. A gang of 20 to 25 pirates attacked the 34 fishermen onboard the three trawlers. The crews were beaten,","shot with rubber bullets, had their arms and legs bound, and then thrown overboard. Three of the crew managed to get away, later saved by other fishermen. Currently 21 bodies have been recovered, while 10 are still missing.",NA,NA,NA,NA,2013-03-25,2013,164,8481,Bangladeshi Exclusive Economic Zone,200NM,2142,Bangladesh,2142,Bangladesh,BGD,0,NA,0,NA,NA,0,NA,0,NA,NA,90.5397686404,20.4111789845,112302.620749,8481
2013-62,63,SUSPICIOUS CRAFT,TANKER,NA,"BANGLADESH:On 18 February, the tanker JASMINE EXPRESS was boarded at 22-11N 091-46E, at the Chittagong ""C"" Anchorage. After STS discharge operations, the crew on an anchored tanker while waiting for further instructions discovered that two STS mooring",ropes were stolen. Coast Guard informed.,NA,NA,NA,NA,2013-02-18,2013,164,8481,Bangladeshi Exclusive Economic Zone,200NM,2142,Bangladesh,2142,Bangladesh,BGD,0,NA,0,NA,NA,0,NA,0,NA,NA,90.5397686404,20.4111789845,112302.620749,8481
2013-50,63,ROBBERS,BULK CARRIER,NA,"BANGLADESH:On 15 February, a bulk carrier was boarded at 22-15N 091-42E, at the Chittagong Anchorage. Robbers armed with long knives boarded the anchored vessel via the anchor chain. Alert duty A/B noticed the robbers and raised the alarm. The robbers",threatened the A/B with the knives and then escaped without stealing anything. It is suspected that shore security officers onboard may have opened the anchor chain cover to help the robbers board.,NA,NA,NA,NA,2013-02-15,2013,164,8481,Bangladeshi Exclusive Economic Zone,200NM,2142,Bangladesh,2142,Bangladesh,BGD,0,NA,0,NA,NA,0,NA,0,NA,NA,90.5397686404,20.4111789845,112302.620749,8481
2013-45,63,ROBBERS,CHEMICAL TANKER,NA,"INDIA:On 14 February, a tanker was boarded at 09-54N 076-08E at the Cochin Anchorage. Three robbers boarded the anchored vessel. Alert Duty Officer noticed movement on the forecastle deck and raised the alarm. Upon hearing the alarm and seeing crew's","alertness, the robbers were seen jumping overboard. Investigation revealed that ship's stores were stolen.",NA,NA,NA,NA,2013-02-14,2013,259,8480,Indian Exclusive Economic Zone,200NM,2128,India,2128,India,IND,0,NA,0,NA,NA,0,NA,0,NA,NA,76.0853171614,14.5979955792,1659486.57465,8480
2013-25,63,ROBBERS,TANKER BW YANGTZE,NA,"INDIA:On 29 January, the product tanker BW YANGTZE was boarded in the vicinity of 22-01N 088-06E, at the Haldia Anchorage. Robbers armed with knives and a gun, boarded the anchored vessel and started lowering mooring ropes. Duty Officer spotted the","robbers, raised the alarm, and informed Master. The robbers escaped with the stolen ship's stores. VTIS and Coast Guard informed.",NA,NA,NA,NA,2013-01-29,2013,259,8480,Indian Exclusive Economic Zone,200NM,2128,India,2128,India,IND,0,NA,0,NA,NA,0,NA,0,NA,NA,76.0853171614,14.5979955792,1659486.57465,8480
2013-26,63,ROBBERS,CHEMICAL TANKER CHAMPION TRUST,NA,"INDIA:On 27 January, the chemical tanker CHAMPION TRUST was boarded at 17-01N 082-24E, at the Kakinada Anchorage. Eight robbers in two boats armed with long knives approached the anchored vessel. Two of the robbers boarded and stole ship's stores from","the forecastle. Duty crew noticed the robbers and informed the Duty Officer, who raised the alarm and notified the Master. Upon hearing the alarm, the robbers escaped with the stolen stores. Port Control was informed",NA,NA,NA,NA,2013-01-27,2013,259,8480,Indian Exclusive Economic Zone,200NM,2128,India,2128,India,IND,0,NA,0,NA,NA,0,NA,0,NA,NA,76.0853171614,14.5979955792,1659486.57465,8480
2013-16,63,ROBBERS,BULK CARRIER,NA,"BANGLADESH:On 16 January, a bulk carrier was boarded at 22-17N 091-43E, at the Chittagong Anchorage. Five robbers armed with long knives boarded the anchored vessel via the anchor chain during cargo operations. The Second Officer noticed the robbers and","directed a crewman to investigate. While approaching the forecastle, the crewman was threatened by three robbers. The Master ordered the crew to enter the accommodation and lock the access. The Second Officer directed the spot light towards the robbers,","who then escaped down the anchor chain. Upon inspection, it was found that ship's properties were stolen. Port control and Coast Guard were informed. A Coast Guard boat later arrived and searched for the robbers.",NA,NA,NA,2013-01-16,2013,164,8481,Bangladeshi Exclusive Economic Zone,200NM,2142,Bangladesh,2142,Bangladesh,BGD,0,NA,0,NA,NA,0,NA,0,NA,NA,90.5397686404,20.4111789845,112302.620749,8481
2013-12,63,ROBBERS,CARGO VESSEL JADE SKY,NA,"INDIA:On 3 January, bulk cargo vessel JADE SKY boarded at 22-49N 070-03E, at the Kandla port anchorage. Robbers boarded the vessel, broke into the forecastle store room, stole ship's stores and escaped unnoticed.",NA,NA,NA,NA,NA,2013-01-03,2013,259,8480,Indian Exclusive Economic Zone,200NM,2128,India,2128,India,IND,0,NA,0,NA,NA,0,NA,0,NA,NA,76.0853171614,14.5979955792,1659486.57465,8480
2012-336,63,ROBBERS,TANKER,NA,"INDIA:Three robbers in a wooden boat approached and boarded an anchored tanker in 9-57N 76-13E, at Cochin Outer Anchorage. They broke into the forecastle store and stole ship's stores. Duty crew heard some noises in the fore peak store, checked and found","the door's lock broken and infomed D/O who raised the alarm. On hearing the alarm, the robbers escaped with the stolen ship stores. Coast Guard and port control informed.",NA,NA,NA,NA,2012-11-30,2012,259,8480,Indian Exclusive Economic Zone,200NM,2128,India,2128,India,IND,0,NA,0,NA,NA,0,NA,0,NA,NA,76.0853171614,14.5979955792,1659486.57465,8480
2012-328,63,ROBBERS,BULK CARRIER,NA,"INDIA:Bulk Carrier boarded on 24 November at 17-02N 082-25E, at the Kakinada Anchorage. Four robbers armed with knives and iron rods boarded an anchored bulk carrier via the poop deck. Duty A/B on rounds noticed the robbers stealing ship stores and","informed the OOW, who raised the alarm. As the A/B approached the robbers, they jumped overboard and escaped with their accomplices into boats. Port control informed.",NA,NA,NA,NA,2012-11-24,2012,259,8480,Indian Exclusive Economic Zone,200NM,2128,India,2128,India,IND,0,NA,0,NA,NA,0,NA,0,NA,NA,76.0853171614,14.5979955792,1659486.57465,8480
2012-294,63,PIRATES,FISHING VESSEL,NA,"SRI LANKA:Fishing vessel hijacked on 15 October at Kudawella, approximately 50 nm off the Hambantota Coast. Ten armed pirates in a fiberglass dinghy boarded THEJAN PUTHA reportedly with permission from the captain. The pirates, armed with swords, then",tied the hands of four crewmembers behind their backs and threw them overboard. Another crewmember jumped off the vessel before he could be subdued. Three of the crewmembers reportedly have died and the remaining two were rescued by merchant vessels in,the area. The location of the hijacked vessel is unknown at this time but is believed to be headed to Australia.,NA,NA,NA,2012-10-15,2012,144,8346,Sri Lankan Exclusive Economic Zone,200NM,2195,Sri Lanka,2195,Sri Lanka,LKA,0,NA,0,NA,NA,0,NA,0,NA,NA,81.6360736851,6.5463774611,533545.991412,8346
2012-238,63,PIRATES,BULK CARRIER,NA,"BANGLADESH:Bulk carrier boarded on 17 August at 21-52N 091-41E, Kutubdia Anchorage. An unknown number of robbers boarded the anchored vessel,stole ship's stores and escape unnoticed. The theft was later discovered by a duty crewman while making rounds.",Port Control office and local Coast Guard office notified.,NA,NA,NA,NA,2012-08-17,2012,164,8481,Bangladeshi Exclusive Economic Zone,200NM,2142,Bangladesh,2142,Bangladesh,BGD,0,NA,0,NA,NA,0,NA,0,NA,NA,90.5397686404,20.4111789845,112302.620749,8481
2012-211,63,PIRATES,LPG CARRIER,NA,"INDIA:LPG carrier boarded on 4 July at 17-39N 083-23E, at Visakhapatnam anchorage. Six robbers in a long wooden boat with sail and oars came alongside the anchored vessel. Two robbers boarded the vessel and stole ship's properties. The Duty Officer",noticed the boat and informed the duty A/B to investigate. The duty A/B discovered the robbers on the poop deck and pursued them.The robbers jumped overboard and escaped with the stolen items in the waiting boat. The alarm was raised and port control was,informed. The crew searched the area for any other robbers.,NA,NA,NA,2012-07-04,2012,259,8480,Indian Exclusive Economic Zone,200NM,2128,India,2128,India,IND,0,NA,0,NA,NA,0,NA,0,NA,NA,76.0853171614,14.5979955792,1659486.57465,8480
2012-200,63,PIRATES,BULK CARRIER,NA,"INDIA:Bulk Carrier was boarded on 17 June at 17:00 N - 082:18 E, Kakinada Anchorage, India. Robbers boarded the anchored bulk carrier. The duty A/B on rounds heard two robbers talking to each other on the forecastle. He immediately informed the 2/O on","the bridge who raised the alarm and sounded the ship's whistle continuously. The duty A/B heard a motor boat moving away from the vicinity of the forecastle. On inspection, a new mooring rope was found partially hacked into small pieces on the deck.",Kakinada port control was called on VHF but no response was received. The ship's agent was informed and a security message was transmitted via VHF to warn other ships at the anchorage area.,NA,NA,NA,2012-06-17,2012,259,8480,Indian Exclusive Economic Zone,200NM,2128,India,2128,India,IND,0,NA,0,NA,NA,0,NA,0,NA,NA,76.0853171614,14.5979955792,1659486.57465,8480
2012-111,63,Pirates,Merchant Vessel,NA,"ARABIAN SEA:A merchant vessel reported being hijacked at 0330Z on 26MAR12 in position 07-00N - 069-49E, approximately 467 nm SW fro Cape Comorin, India. This area will remain high risk for at least the next 24-48 hours.",NA,NA,NA,NA,NA,2012-03-26,2012,216,8345,Maldives Exclusive Economic Zone,200NM,2229,Maldives,2229,Maldives,MDV,0,NA,0,NA,NA,0,NA,0,NA,NA,73.0880145593,2.45483622223,925222.836017,8345
2012-123,63,PIRATES,BULK CARRIER,NA,"INDIAN OCEAN:Bulk carrier reportedly hijacked on 26 March while underway near position 07:00 N - 069:45 E: approximately 200 nm southwest of Minicoy Island, India. Pirates took hostage 23 crew members and are sailing the vessel towards the coast of",Somalia. Further reporting awaited.,NA,NA,NA,NA,2012-03-26,2012,216,8345,Maldives Exclusive Economic Zone,200NM,2229,Maldives,2229,Maldives,MDV,0,NA,0,NA,NA,0,NA,0,NA,NA,73.0880145593,2.45483622223,925222.836017,8345
2012-105,63,Pirates,Merchant Vessel,NA,ARABIAN SEA:M/V Jag Prakash reported being chased by an un-identified craft in position 22-58N - 065-58E. Attempted piracy attack (6 miles fromvessel) at 221900 UTC Mar 2012. Vessels are advised to keep clear of this position and to exercise extreme,caution.,NA,NA,NA,NA,2012-03-22,2012,242,8359,Pakistani Exclusive Economic Zone,200NM,2250,Pakistan,2250,Pakistan,PAK,0,NA,0,NA,NA,0,NA,0,NA,NA,64.7122448427,23.5394045623,224387.832462,8359
2012-80,63,PIRATES,CONTAINER SHIP,NA,"BANGLADESH: Container ship boarded on 29 February while anchored at position 21-44 N 091-37 E, 12 nm west of Kutubdia Island. Robbers were able to board the ship and steal ship's stores and escape unnoticed. Master informed port authority and local",agent.,NA,NA,NA,NA,2012-02-29,2012,164,8481,Bangladeshi Exclusive Economic Zone,200NM,2142,Bangladesh,2142,Bangladesh,BGD,0,NA,0,NA,NA,0,NA,0,NA,NA,90.5397686404,20.4111789845,112302.620749,8481
2012-65,63,PIRATES,TANKER,NA,"INDIA: Tanker experienced an attempted boarding on 15 February while anchored at position 09-57 N 076-02 E, 2.5 nm south of SPM Cochin Anchorage. Approximately 20 robbers in two boats approached the tanker and attempted to board. The lookout crew noticed","the robbers, raised the alarm, and mustered the crew. The robbers aborted the attack upon seeing the crew alertness and moved away. (IMB)",NA,NA,NA,NA,2012-02-15,2012,259,8480,Indian Exclusive Economic Zone,200NM,2128,India,2128,India,IND,0,NA,0,NA,NA,0,NA,0,NA,NA,76.0853171614,14.5979955792,1659486.57465,8480
2012-35,63,PIRATES,BULK CARRIER,NA,"CHITTAGONG OUTER ANCHORAGE, BANGLADESH: Duty watchman onboard an anchored bulk carrier heard a small boat apprach the vessel. He then noticed movement on the forecastle deck and informed the duty officer. On reaching the forcastle the duty watchman and",duty officer noticed a robber stealing ship stores. On confronting the robber they were attacked and the duty officer was injured. The duty watchman returned to the accommodation and raised the alarm. The incident was reported to the authorities who sent,out the coast guard and medical assistance for the injured duty officer.,NA,NA,NA,2012-01-21,2012,164,8481,Bangladeshi Exclusive Economic Zone,200NM,2142,Bangladesh,2142,Bangladesh,BGD,0,NA,0,NA,NA,0,NA,0,NA,NA,90.5397686404,20.4111789845,112302.620749,8481
2012-94,63,PIRATES,RO-RO SHIP,NA,BAY OF BENGAL: Robbers boarded a RO-RO ship while awaiting pilot. Duty watchman sighted the robbers and informed Master. Master raised alarm and reported to coast guard. Robbers noticed crew alertness and escaped with stolen stores. No casualties to,crew.,NA,NA,NA,NA,2012-01-21,2012,164,8481,Bangladeshi Exclusive Economic Zone,200NM,2142,Bangladesh,2142,Bangladesh,BGD,0,NA,0,NA,NA,0,NA,0,NA,NA,90.5397686404,20.4111789845,112302.620749,8481
2012-30,63,PIRATES,MERCHANT VESSEL/LIFERAFTS,NA,"CHITTAGONG, BANGLADESH: While waiting at anchorage for STS operations, the duty crew onboard noticed two liferafts on Portside missing. The incident was reported to local authorities through local agents.",NA,NA,NA,NA,NA,2012-01-19,2012,164,8481,Bangladeshi Exclusive Economic Zone,200NM,2142,Bangladesh,2142,Bangladesh,BGD,0,NA,0,NA,NA,0,NA,0,NA,NA,90.5397686404,20.4111789845,112302.620749,8481
2017-35,71,Robbers,Tanker,NA,"INDONESIA:On 29 December at 0001Z, two robbers boarded an anchored tanker. Duty crew on routine rounds spotted the robbers and informed the bridge. The alarm was raised and crew mustered. Seeing the alert crew, the robbers escaped empty handed.",NA,NA,NA,NA,NA,2016-12-29,2016,220,8492,Indonesian Exclusive Economic Zone,200NM,2127,Indonesia,2127,Indonesia,IDN,0,NA,0,NA,NA,0,NA,0,NA,NA,117.898147552,-3.30903479808,6025109.71458,8492
2016-306,71,Robbers,Cargo Vessel,NA,"INDONESIA:On 02 December, crewmen onboard a heavy lift vessel anchored near position01-05N 104-10E, Kabil Anchorage, Palau Batam, discovered robbers boarding the ship. Duty officer raised the alarm, made the PA announcement and crew was mustered. Seeing","the crew¿s alertness, the robbers escaped without stealing anything. Incident reported to local authorities and port control. Authorities boarded the ship for investigation.",NA,NA,NA,NA,2016-12-02,2016,220,8492,Indonesian Exclusive Economic Zone,200NM,2127,Indonesia,2127,Indonesia,IDN,0,NA,0,NA,NA,0,NA,0,NA,NA,117.898147552,-3.30903479808,6025109.71458,8492
2016-308,71,Robbers,Tug,NA,"SINGAPORE STRAITS:On 26 November, duty crewmen onboard a tug anchored near position 01-11N 103-39E, 4.1 nm southwest of Pulau Jurong, discovered a store room had been broken into and ship's stores stolen.",NA,NA,NA,NA,NA,2016-11-26,2016,181,8485,Singaporean Exclusive Economic Zone,200NM,2190,Singapore,2190,Singapore,SGP,0,NA,0,NA,NA,0,NA,0,NA,NA,103.816427663,1.27428184632,721.555202966,8485
2016-277,71,Robbers,Tanker,NA,"INDONESIA:On 09 November, ten robbers armed with knives boarded an anchored tanker near position 01-41N 101-30E, Dumai Anchorage, and entered the engine room. They took hostage the duty oiler, punched him, tied him up, and threatened him with a knife.","They then stole engine spares and escaped. The oiler managed to untie himself and notified the master. Alarm raised, crew mustered and onboard investigation was conducted. Incident reported to Dumai Port Authority.",NA,NA,NA,NA,2016-11-09,2016,220,8492,Indonesian Exclusive Economic Zone,200NM,2127,Indonesia,2127,Indonesia,IDN,0,NA,0,NA,NA,0,NA,0,NA,NA,117.898147552,-3.30903479808,6025109.71458,8492
2016-254,71,Pirates,Tug,NA,"MALAYSIA:On 25 October, pirates attacked the tug EVER OCEAN SILK towing the oil barge EVER GIANT approximately 60 nm north of the port of Bintulu, Sarawak, vicinity 04-09.1N113-03.9E. The pirates robbed the crew of all valuables and fled. Crew is safe.",NA,NA,NA,NA,NA,2016-10-25,2016,251,8483,Malaysian Exclusive Economic Zone,200NM,2230,Malaysia,2230,Malaysia,MYS,0,NA,0,NA,NA,0,NA,0,NA,NA,108.435167801,4.85143661206,510822.838776,8483
2016-271,71,Pirates,Tug and Barge,NA,"MALAYSIA:On 25 October at 2030 LT in 04-08.8N 112-30.0E, Bintulu Sarawak, armed pirates in a wooden boat approached, boarded and hijacked a tug and barge. The ten member crew was taken hostage. The pirates stole navigational equipment, personal",belongings and part of the crude palm kernel oil cargo before escaping on 26 October. The incident was reported to MMEA who dispatched their patrol boat to escort the tug and barge to a safe port.,NA,NA,NA,NA,2016-10-25,2016,251,8483,Malaysian Exclusive Economic Zone,200NM,2230,Malaysia,2230,Malaysia,MYS,0,NA,0,NA,NA,0,NA,0,NA,NA,108.435167801,4.85143661206,510822.838776,8483
2016-260,71,Pirates,Fishing Trawler,NA,"MALAYSIA:On 24 October, six armed pirates boarded a fishing trawler in the open sea, vicinity06-46.0N 117-30.8E, near Jambongan, Malaysia. They took one ton of fish, 500 liters of fuel and GPS units from the crew.",NA,NA,NA,NA,NA,2016-10-24,2016,251,8483,Malaysian Exclusive Economic Zone,200NM,2230,Malaysia,2230,Malaysia,MYS,0,NA,0,NA,NA,0,NA,0,NA,NA,108.435167801,4.85143661206,510822.838776,8483
2016-256,71,Robbers,Tanker,NA,"INDONESIA:On 20 October, an unknown number of robbers boarded an anchored tanker near position 01-42.5N 101-27.0E, Dumai Tanker Anchorage. They stole engine spare parts and escaped unnoticed. The incident was discovered during routine rounds and was",reported to the port control. No response received.,NA,NA,NA,NA,2016-10-20,2016,220,8492,Indonesian Exclusive Economic Zone,200NM,2127,Indonesia,2127,Indonesia,IDN,0,NA,0,NA,NA,0,NA,0,NA,NA,117.898147552,-3.30903479808,6025109.71458,8492
2016-249,71,Pirates,Fishing Vessel,NA,"MALAYSIA:On 12 October, two fishermen on a boat off Tigabu Island, vicinity 06-55N 117-28E, were attacked by four armed men, injuring one.",NA,NA,NA,NA,NA,2016-10-12,2016,251,8483,Malaysian Exclusive Economic Zone,200NM,2230,Malaysia,2230,Malaysia,MYS,0,NA,0,NA,NA,0,NA,0,NA,NA,108.435167801,4.85143661206,510822.838776,8483
2016-239,71,Pirates,Vessel,NA,"INDONESIA:On 7 October at approximately 4:45 am, a Customs and Excise Office patrol vessel was attacked by a mob in Tanjung Jumpul waters off Asahan regency, North Sumatra, vicinity 02-52.6N 100-07.6E. The four officials reported injuries after the mob",threw Molotov cocktails and firecrackers at the patrol vessel when they attempted to inspect a boat suspected of smuggling.,NA,NA,NA,NA,2016-10-07,2016,220,8492,Indonesian Exclusive Economic Zone,200NM,2127,Indonesia,2127,Indonesia,IDN,0,NA,0,NA,NA,0,NA,0,NA,NA,117.898147552,-3.30903479808,6025109.71458,8492
2016-232,71,Robbers,Bulk Carrier,NA,"INDONESIA:On 2 October, three robbers in a wooden boat boarded an anchored bulk carrier near position 05-29.7S 105-17.3E, Panjang Anchorage. Duty crewman on rounds spotted the robbers and notified the bridge. Hearing the crewman reporting via radio, the",robbers escaped in their boat empty-handed. Crew mustered and a search was carried out. Nothing reported stolen. Port control informed.,NA,NA,NA,NA,2016-10-02,2016,220,8492,Indonesian Exclusive Economic Zone,200NM,2127,Indonesia,2127,Indonesia,IDN,0,NA,0,NA,NA,0,NA,0,NA,NA,117.898147552,-3.30903479808,6025109.71458,8492
2016-210,71,Robbers,Bulk Carrier,NA,"INDONESIA:On 14 September, five robbers wearing masks and armed with long knives boarded a berthed bulk carrier during cargo operations near position 01-44N 101-23E, Dumai Anchorage. Two crewmen who entered the engine store room were taken hostage,","robbed and tied up by the robbers, who later escaped with stolen spare parts. The crewmen untied themselves and raised the alarm. A search was carried out. Local agents and port security informed.",NA,NA,NA,NA,2016-09-14,2016,220,8492,Indonesian Exclusive Economic Zone,200NM,2127,Indonesia,2127,Indonesia,IDN,0,NA,0,NA,NA,0,NA,0,NA,NA,117.898147552,-3.30903479808,6025109.71458,8492
2016-206,71,Robbers,Bulk Carrier,NA,"INDONESIA:On 06 September at 2335 LT at the Dumai inner anchorage, four robbers boarded an anchored bulk carrier and entered engine room. They threatened the duty oiler with knives and tied him up. Robbers proceeded to steal engine spares and then",escaped. Oiler managed to free himself and notified the duty officer who raised the alarm. Incident reported to port authorities.,NA,NA,NA,NA,2016-09-06,2016,220,8492,Indonesian Exclusive Economic Zone,200NM,2127,Indonesia,2127,Indonesia,IDN,0,NA,0,NA,NA,0,NA,0,NA,NA,117.898147552,-3.30903479808,6025109.71458,8492
2016-204,71,Robbers,Tug,NA,"SINGAPORE STRAIT:On 19 August at 0130 LT in 01-11N 103-52E, four armed robbers attempted to board an underway tug. The alarm was raised and the crew mustered. Seeing the crew alertness, the robbers aborted the attempt and moved away.",NA,NA,NA,NA,NA,2016-08-19,2016,220,8492,Indonesian Exclusive Economic Zone,200NM,2127,Indonesia,2127,Indonesia,IDN,0,NA,0,NA,NA,0,NA,0,NA,NA,117.898147552,-3.30903479808,6025109.71458,8492
2016-196,71,Robbers,Vessel,NA,"MALAYSIA:On 18 August in 02-20.9N 104-56.1E, a vessel reported a robbery attempt.",NA,NA,NA,NA,NA,2016-08-18,2016,251,8483,Malaysian Exclusive Economic Zone,200NM,2230,Malaysia,2230,Malaysia,MYS,0,NA,0,NA,NA,0,NA,0,NA,NA,108.435167801,4.85143661206,510822.838776,8483
2016-194,71,Pirates,Tanker,NA,"MALAYSIA: On 7 August at 2130 LT, while en route from Singapore to Haiphong, the asphalt tanker AD MATSU was boarded by five pirates armed with guns and knives near position 02-00N 104-52E, 32 nm southeast of Pulau Aur, Johor. The Master and chief",officer were taken hostage and taken to the bridge. The remaining crew was forced to muster in the crew mess room and was threatened at gun point. Master was forced to switch off the Bridge Navigational Watch Alarm System (BNWAS) and was ordered to slow,down the tanker. The pirates then took the Master to his cabin and stole ship's cash and locked him in the mess room with other crew. The pirates ransacked the crew cabins and escaped with crew cash and personal belongings. The Master and crew later,"emerged from the mess room and activated the SSAS, informed their head office and made an announcement on VHF channel 16 to alert other ships in the vicinity. Incident reported to local authorities.",NA,NA,2016-08-07,2016,251,8483,Malaysian Exclusive Economic Zone,200NM,2230,Malaysia,2230,Malaysia,MYS,0,NA,0,NA,NA,0,NA,0,NA,NA,108.435167801,4.85143661206,510822.838776,8483
2016-179,71,Robbers,Product Tanker,NA,"INDONESIA:On 28 July at 0520 LT vicinity 01-44.8N 101-22.6E, at SDS terminal, Lubuk Gaung, six robbers armed with knives boarded a berthed product tanker and entered the engine room. They took the oiler and third engineer hostage, stole ship's spare",parts and personal effects. They escaped and incident reported to port control.,NA,NA,NA,NA,2016-07-28,2016,220,8492,Indonesian Exclusive Economic Zone,200NM,2127,Indonesia,2127,Indonesia,IDN,0,NA,0,NA,NA,0,NA,0,NA,NA,117.898147552,-3.30903479808,6025109.71458,8492
2016-161,71,Pirates,Bulk Carrier,NA,"tINDONESIA:On 16 July at 1520Z in 02-55N 105-19E, seven robbers armed with knives boarded the bulk carrier Baltimore. They tied up the master and escaped with cash and ship's property.",NA,NA,NA,NA,NA,2016-07-16,2016,220,8492,Indonesian Exclusive Economic Zone,200NM,2127,Indonesia,2127,Indonesia,IDN,0,NA,0,NA,NA,0,NA,0,NA,NA,117.898147552,-3.30903479808,6025109.71458,8492
2016-142,71,Pirates,Tanker,NA,"INDONESIA:On 28 June at 1945 UTC in 03-00N 105-10E, about 26 NM WSW of Mangkai island, ten pirates boarded a tanker and entered the bridge as the vessel was altering course. The officer and AB on watch where held hostage at gun point and beat them. They","took the officer to the Master's cabin and took the master and other crew hostages as well. Pirates stole GPS, navtex equipment and removed cabling for remaining satellite communication equipment. They stole cash and other personal effects before",escaping.,NA,NA,NA,2016-06-28,2016,220,8492,Indonesian Exclusive Economic Zone,200NM,2127,Indonesia,2127,Indonesia,IDN,0,NA,0,NA,NA,0,NA,0,NA,NA,117.898147552,-3.30903479808,6025109.71458,8492
2016-134,71,Robbers,Product Tanker,NA,"INDONESIA:On 18 June at 0110 LT in 01-41.9N 101-29.2E, at Dumai anchorage, three robbers boarded an anchored product tanker. Duty ab noticed the robbers and informed the watch officer who raised the alarm and the crew mustered. One of the robbers rushed","towards the duty AB and threatened him with a knife. Hearing the alarm and seeing the crew alertness, the robbers jumped overboard and escaped in their boat. The padlock to the steering gear room entrance was found broken, but nothing was reported",stolen.,NA,NA,NA,2016-06-18,2016,220,8492,Indonesian Exclusive Economic Zone,200NM,2127,Indonesia,2127,Indonesia,IDN,0,NA,0,NA,NA,0,NA,0,NA,NA,117.898147552,-3.30903479808,6025109.71458,8492
2016-133,71,Robbers,Cargo Vessel,NA,"INDONESIA:On 16 June at 0300 LT in 01-10N 103-57E, around 2.5 NM W of Batu Ampar, four robbers armed with guns boarded an anchored heavy lift carrier. They held the duty ab hostage at gun point and stoles ship's engine spares and escaped. Theft reported",to the authorities.,NA,NA,NA,NA,2016-06-16,2016,220,8492,Indonesian Exclusive Economic Zone,200NM,2127,Indonesia,2127,Indonesia,IDN,0,NA,0,NA,NA,0,NA,0,NA,NA,117.898147552,-3.30903479808,6025109.71458,8492
2016-131,71,Robbers,Tug and Barge,NA,"MALAYSIA:On 02 June at 2300 LT in 03-07.24N 112-35.14E, around 11nm NNE of Balingian, Sarawak, armed persons in two speed boats approached and boarded a tug towing a barge loaded with crude palm kernel oil. They took all crew members hostage, damaged",ship communication equipment and hijacked the vessel. Crew valuables along with cargo was stolen. One crew member was reported injured during the incident.,NA,NA,NA,NA,2016-06-02,2016,251,8483,Malaysian Exclusive Economic Zone,200NM,2230,Malaysia,2230,Malaysia,MYS,0,NA,0,NA,NA,0,NA,0,NA,NA,108.435167801,4.85143661206,510822.838776,8483
2016-118,71,Robbers,Tug,NA,"INDONESIA:On 21 May at 0330 LT in 01-10N 103-58E, Batam anchorage, six robbers in a skiff approached an anchored tug. Four robbers wearing ski masks managed to board the vessel. Duty officer raised the alarm and crew mustered. Upon hearing the alarm and","seeing the crew alertness, the robbers escaped. Nothing was reported stolen.",NA,NA,NA,NA,2016-05-21,2016,220,8492,Indonesian Exclusive Economic Zone,200NM,2127,Indonesia,2127,Indonesia,IDN,0,NA,0,NA,NA,0,NA,0,NA,NA,117.898147552,-3.30903479808,6025109.71458,8492
2016-132,71,Robbers,Tanker,NA,"INDONESIA:On 21 May at 0130 LT in 06-02.5S 106-54.0E, at Jakarta tanker anchorage, robbers boarded an anchored tanker and stole ship's property and escaped. The incident was noticed by third officer during routine rounds. Additional checks revealed that",robbery took place during 0100 to 0330 LT during heavy rain storm.,NA,NA,NA,NA,2016-05-21,2016,220,8492,Indonesian Exclusive Economic Zone,200NM,2127,Indonesia,2127,Indonesia,IDN,0,NA,0,NA,NA,0,NA,0,NA,NA,117.898147552,-3.30903479808,6025109.71458,8492
2016-122,71,Robbers,Research Veseel,NA,"INDONESIA:On 19 May at 0430 LT in 01-11N 103-57E, at Batam anchorage, four robbers in a small vessel boarded an anchored research vessel. They stole ship's properties and escaped.",NA,NA,NA,NA,NA,2016-05-19,2016,220,8492,Indonesian Exclusive Economic Zone,200NM,2127,Indonesia,2127,Indonesia,IDN,0,NA,0,NA,NA,0,NA,0,NA,NA,117.898147552,-3.30903479808,6025109.71458,8492
2016-101,71,Robbers,Chemical Tanker,NA,"INDONESIA:On 08 May at 2050 LT in 03-20N 109-36E, while enroute from Labuan to Kuantan the engineer noticed some unauthorized persons trying to enter the accommodation space. The alarm was sounded and all deck lights were turned on. Crew mustered and a",search was carried out. Nothing reported stolen.,NA,NA,NA,NA,2016-05-08,2016,220,8492,Indonesian Exclusive Economic Zone,200NM,2127,Indonesia,2127,Indonesia,IDN,0,NA,0,NA,NA,0,NA,0,NA,NA,117.898147552,-3.30903479808,6025109.71458,8492
2016-100,71,Robbers,LPG Tanker,NA,"INDIA:On 08 May at 0730 LT in 17-37.1N 083-22.0E, three persons in a fishing boat approached an anchored LPG tanker. They boarded the tanker using a heaving line and a hook. Watch noticed the persons and ordered them to leave.",NA,NA,NA,NA,NA,2016-05-08,2016,259,8480,Indian Exclusive Economic Zone,200NM,2128,India,2128,India,IND,0,NA,0,NA,NA,0,NA,0,NA,NA,76.0853171614,14.5979955792,1659486.57465,8480
2016-98,71,Pirates,LNG Tanker,NA,"INDONESIA: On 7 May, merchant tanker HAI SOON 12, underway from Singapore to Sunda Straits was boarded by armed pirates near position 02-04.48S 108:39.27E, around 21 nm S of Pulau Serutu. They took hostage all crew members and hijacked the tanker. As the","ship¿s owners failed to receive the updates from the ship¿s master, they reported the incident to the IMB Piracy Reporting Center who then reported the event and liaised with the Indonesian Authorities. The IMB PRC sent a broadcast to all ships to look","out for the hijacked tanker. The Indonesian Navy dispatched their patrol boats, located and intercepted the tanker and rescued the crew. Nine pirates detained. All crew reported safe.",NA,NA,NA,2016-05-07,2016,220,8492,Indonesian Exclusive Economic Zone,200NM,2127,Indonesia,2127,Indonesia,IDN,0,NA,0,NA,NA,0,NA,0,NA,NA,117.898147552,-3.30903479808,6025109.71458,8492
2016-81,71,Robbers,Vessel,NA,"INDONESIA:On 18 April, one robber boarded an anchored vessel near position 03-56N 098-45E, Belawan Anchorage. Duty crewman on routine rounds noticed a robber on the forecastle deck and informed the duty officer who raised the alarm. Upon hearing the","alarm, the robber escaped. All crew mustered and thorough search was made. Incident was reported to the port control. No response received.",NA,NA,NA,NA,2016-04-18,2016,220,8492,Indonesian Exclusive Economic Zone,200NM,2127,Indonesia,2127,Indonesia,IDN,0,NA,0,NA,NA,0,NA,0,NA,NA,117.898147552,-3.30903479808,6025109.71458,8492
2016-74,71,Robbers,Cargo Ship,NA,"INDONESIA:On 17 April at 2345 LT in 01-30N 104-52E, approximately 24nm NE of Bintan Island, four robbers in a wooden boat approached and attempted to board an anchored ship. The robbers aborted the attempt after the crew mustered after hearing the ship",alarm. Robbers escaped.,NA,NA,NA,NA,2016-04-17,2016,220,8492,Indonesian Exclusive Economic Zone,200NM,2127,Indonesia,2127,Indonesia,IDN,0,NA,0,NA,NA,0,NA,0,NA,NA,117.898147552,-3.30903479808,6025109.71458,8492
2016-116,71,Robbers,Barge,NA,"MALAYSIA:On 16 April at 0345 LT in 01-23N 104-28E, five unauthorized persons were noticed by the duty crew onboard a pipe laying barge. They tried to communicate with the duty crew in their local dialect. The duty crew did not respond and the persons","walked towards the stern. The duty officer raised the alarm, made the PA announcement and the crew mustered. A search was carried out and nothing was found to be stolen. Incident reported to the authorities.",NA,NA,NA,NA,2016-04-16,2016,251,8483,Malaysian Exclusive Economic Zone,200NM,2230,Malaysia,2230,Malaysia,MYS,0,NA,0,NA,NA,0,NA,0,NA,NA,108.435167801,4.85143661206,510822.838776,8483
2016-63,71,Robbers,Container Ship,NA,"INDONESIA:On 3 April at 2345 LT in Jakarta anchorage in position 05-59S 106-54E, five robbers boarded an anchored container ship using a hook attached to a rope. Crewmembers raised the alarm after noticing the robbers. The robbers jumped overboard and",escaped. Nothing was reported stolen and the incident was reported to the port police.,NA,NA,NA,NA,2016-04-03,2016,220,8492,Indonesian Exclusive Economic Zone,200NM,2127,Indonesia,2127,Indonesia,IDN,0,NA,0,NA,NA,0,NA,0,NA,NA,117.898147552,-3.30903479808,6025109.71458,8492
2016-59,71,Robbers,Bulk Carrier,NA,"INDONESIA:On March 30 at 0130 LT, near position 06-00S 106-54E, Jakarta anchorage, robbers in three skiffs approached and attempted to board an anchored bulk carrier. The alarm was sounded and the crew mustered. The crew repelled the robbers with water",cannon.,NA,NA,NA,NA,2016-03-30,2016,220,8492,Indonesian Exclusive Economic Zone,200NM,2127,Indonesia,2127,Indonesia,IDN,0,NA,0,NA,NA,0,NA,0,NA,NA,117.898147552,-3.30903479808,6025109.71458,8492
2016-56,71,Robbers,Bulk Carrier,NA,"JAKARTA ANCHORAGE, INDONESIA:On 22 March at 0120 LT near position 06-04S 106-49E, five robbers boarded an anchored bulk carrier. The duty AB on routine rounds was attacked and hit on the head. One robber stood guard near the AB. The remaining robbers",entered the Accommodation unit. The AB managed to call the bridge on the walkie-talkie. The alarm was raised and the crew mustered. Upon seeing the alerted crew the robbers escaped with items stolen from the engine room.,NA,NA,NA,NA,2016-03-22,2016,220,8492,Indonesian Exclusive Economic Zone,200NM,2127,Indonesia,2127,Indonesia,IDN,0,NA,0,NA,NA,0,NA,0,NA,NA,117.898147552,-3.30903479808,6025109.71458,8492
2016-121,71,Robbers,Bulk Carrier,NA,"INDONESIA:Between 27 April and 03 March vicinity 06-06S 106-48E, at Tanjung Prick port berth 202, unauthorized persons boarded a bulk carrier while at berth and escaped with ship's properties. The ship departed from berth to Jakarta anchorage where the",theft was discovered. Alarm was raised and crew mustered.,NA,NA,NA,NA,2016-02-27,2016,220,8492,Indonesian Exclusive Economic Zone,200NM,2127,Indonesia,2127,Indonesia,IDN,0,NA,0,NA,NA,0,NA,0,NA,NA,117.898147552,-3.30903479808,6025109.71458,8492
2016-11,71,Robbers,Offshore Support Vessel,NA,"INDONESIA:On 15 January, four robbers boarded an anchored offshore support vessel near position00-44N 104-09E, Galang Anchorage, Batam. The duty oiler noticed the robbers via the security camera and informed the duty officer. The alarm was raised and the","crew mustered. Upon seeing the crew's alertness, the robbers escaped with stolen ship's properties.",NA,NA,NA,NA,2016-01-15,2016,220,8492,Indonesian Exclusive Economic Zone,200NM,2127,Indonesia,2127,Indonesia,IDN,0,NA,0,NA,NA,0,NA,0,NA,NA,117.898147552,-3.30903479808,6025109.71458,8492
2015-259,71,Robbers,Chemical Tanker,NA,"INDONESIA:On 8 December at 1355 LT in the Belawan Anchorage near position 03-57N 098-47E, the duty watchman on routine rounds onboard an anchored chemical tanker noticed a person on the main deck. The watchman notified the watch officer who in turn",raised the alarm and mustered the crew. The person escaped empty handed in a wooden motor boat along with his 3 accomplices. The incident was reported to the Port Authorities.,NA,NA,NA,NA,2015-12-08,2015,220,8492,Indonesian Exclusive Economic Zone,200NM,2127,Indonesia,2127,Indonesia,IDN,0,NA,0,NA,NA,0,NA,0,NA,NA,117.898147552,-3.30903479808,6025109.71458,8492
2015-260,71,Pirates,Fishing Boat,NA,"THAILAND:On 3 December near position 07-04N 098-22E, two pirates armed with guns hijacked a Thailand-flagged fishing vessel south of Phuket. The pirates abandoned the six crew members on a nearby island. The crew was subsequently rescued by a patrol boat",from the Royal Thai Navy. The pirates were later caught by the Malaysian Police.,NA,NA,NA,NA,2015-12-02,2015,183,8332,Thailand Exclusive Economic Zone,200NM,2207,Thailand,2207,Thailand,THA,0,NA,0,NA,NA,0,NA,0,NA,NA,99.6286756622,9.16617314888,298685.971043,8332
2015-255,71,Robbers,Barge,NA,"INDONESIA:On 20 November, three persons in a wooden boat attempted to board a barge being towed by a tug near position 01-10N 103-40E, 2.1 nm north-northeast of Nipah Island. The Master raised the general alarm and made a PA announcement. All crew",gathered on the forecastle deck. Nothing was reported stolen. Singapore authorities were informed.,NA,NA,NA,NA,2015-11-20,2015,181,8485,Singaporean Exclusive Economic Zone,200NM,2190,Singapore,2190,Singapore,SGP,0,NA,0,NA,NA,0,NA,0,NA,NA,103.816427663,1.27428184632,721.555202966,8485
2015-264,71,Robbers,Bulk Carrier,NA,"INDONESIA:On 13 November 5 robbers armed with knives boarded a berthed bulk carrier during cargo operations near position 06-04S 106-51E, Berth 115, Jakarta Port. They were noticed by the crew who raised the alarm. Upon seeing the alerted crew, the",robbers escaped with stolen ship's properties.`,NA,NA,NA,NA,2015-11-13,2015,220,8492,Indonesian Exclusive Economic Zone,200NM,2127,Indonesia,2127,Indonesia,IDN,0,NA,0,NA,NA,0,NA,0,NA,NA,117.898147552,-3.30903479808,6025109.71458,8492
2015-241,71,Robbers,Container Ship,NA,INDONESIA:On 06 November at 1505 hours LT in the Belawan Anchorage near postion 03-47N 098-45E two robbers boarded an anchored container ship. The duty crew on routine rounds noticed the robbers and raised the alarm. Upon hearing the alarm the robbers,escaped. Nothing was reported stolen.,NA,NA,NA,NA,2015-11-06,2015,220,8492,Indonesian Exclusive Economic Zone,200NM,2127,Indonesia,2127,Indonesia,IDN,0,NA,0,NA,NA,0,NA,0,NA,NA,117.898147552,-3.30903479808,6025109.71458,8492
2015-230,71,Robbers,Bulk Carrier,NA,"INDONESIA:On 22 October, three robbers armed with long knives boarded an underway bulk carrier near position 01-06N 103-32E, 7.5 nm east-northeast of Pulau Karimun Besar. The duty oiler sighted the robbers in the engine room's storeroom and immediately","informed the bridge. The ship's master raised the alarm followed by the ship's PA speaker. Upon hearing the alarm and seeing the alerted crew, the robbers escaped with stolen ship's stores. An Indonesian naval vessel approached the bulk carrier to","provide assistance. Upon arrival in Singapore, a Coast Guard crew boarded the vessel for an investigation.",NA,NA,NA,2015-10-22,2015,220,8492,Indonesian Exclusive Economic Zone,200NM,2127,Indonesia,2127,Indonesia,IDN,0,NA,0,NA,NA,0,NA,0,NA,NA,117.898147552,-3.30903479808,6025109.71458,8492
2015-221,71,Robbers,Tanker,NA,"SINGAPORE STRAIT:On 14 October near position 01-11N 103-26E, six robbers boarded an underway tanker using hooks attached with ropes. Two of the robbers entered the engine room and were spotted by the 2nd Engineer. One of the robbers threatened the 2nd","Engineer with a long knife and signaled him to be quiet or he would the 2nd Engineer's throat. However, the 2nd Engineer escaped and raised the alarm. The crew mustered. Upon seeing the alerted crew the robbers fled. Nothing was reported stolen. VTIS",Singapore was informed. Authorities boarded the tanker for an investigation.,NA,NA,NA,2015-10-14,2015,220,8492,Indonesian Exclusive Economic Zone,200NM,2127,Indonesia,2127,Indonesia,IDN,0,NA,0,NA,NA,0,NA,0,NA,NA,117.898147552,-3.30903479808,6025109.71458,8492
2015-213,71,Robbers,Bulk Carrier,NA,"SINGAPORE STRAIT:On 14 October near position 01-07N 103-30E, the duty crew onboard an underway bulk carrier noticed a speed boat approaching the ship. The alarm was raised, the crew mustered and the search light was directed at the speedboat. Upon seeing","the alerted crew, the robbers aborted and moved away.",NA,NA,NA,NA,2015-10-14,2015,220,8492,Indonesian Exclusive Economic Zone,200NM,2127,Indonesia,2127,Indonesia,IDN,0,NA,0,NA,NA,0,NA,0,NA,NA,117.898147552,-3.30903479808,6025109.71458,8492
2015-218,71,Robbers,Product Tanker,NA,"MALAYSIA:On 6 October, an unknown number of robbers boarded an anchored product tanker during hours of darkness near position 05-49N 118-09E, Sandakan Anchorage, Sabah. The robbers forced their way into the bosun store room, stole spare parts and",escaped. The theft was noticed by the duty crew during routine rounds. The incident was reported to Port Authorities.,NA,NA,NA,NA,2015-10-06,2015,251,8483,Malaysian Exclusive Economic Zone,200NM,2230,Malaysia,2230,Malaysia,MYS,0,NA,0,NA,NA,0,NA,0,NA,NA,108.435167801,4.85143661206,510822.838776,8483
2015-219,71,Robbers,General Cargo Ship,NA,"INDONESIA:On 5 October, an unknown number of robbers boarded an anchored general cargo ship near position 06-01S 106-53E, Tanjung Priok Anchorage. They entered into the engine room workshop, stole ship's properties and escaped. The theft was noticed by",the duty crew during routine rounds.,NA,NA,NA,NA,2015-10-05,2015,220,8492,Indonesian Exclusive Economic Zone,200NM,2127,Indonesia,2127,Indonesia,IDN,0,NA,0,NA,NA,0,NA,0,NA,NA,117.898147552,-3.30903479808,6025109.71458,8492
2015-209,71,Robbers,Product Tanker,NA,"INDONESIA:On 5 October, a fishing boat saw five robbers boarding an anchored product tanker near position 03-56N 098-49E, Belawan Anchorage, and notified the tanker. The alarm was raised, the fog horn sounded and the crew mustered. The robbers threatened",the approaching crewmen with long knives but escaped empty handed.,NA,NA,NA,NA,2015-10-05,2015,220,8492,Indonesian Exclusive Economic Zone,200NM,2127,Indonesia,2127,Indonesia,IDN,0,NA,0,NA,NA,0,NA,0,NA,NA,117.898147552,-3.30903479808,6025109.71458,8492
2015-199,71,Robbers,Bulk Carrier,NA,"SINGAPORE STRAIT:On 19 September near position 01-11N 103-25E, three robbers armed with a bolo boarded an underway bulk carrier. They entered the engine room stole ship properties and escaped.The duty crew spotted the robbers raised the alarm and the",crew mustered. VTIS Singapore was notified. A naval vessel was observed in the vicinity.,NA,NA,NA,NA,2015-09-19,2015,220,8492,Indonesian Exclusive Economic Zone,200NM,2127,Indonesia,2127,Indonesia,IDN,0,NA,0,NA,NA,0,NA,0,NA,NA,117.898147552,-3.30903479808,6025109.71458,8492
2015-198,71,Robbers,Bulk Carrier,NA,"SINGAPORE STRAIT:On 15 September near position 01-06N 103-31E, a duty lookout onboard an underway bulk carrier noticed a speed boat alongside the ship. The alarm was raised, the crew mustered and the SSAS was activated. The robbers entered the engine","room, tied up the duty oiler and escaped with the ship's engine spares.",NA,NA,NA,NA,2015-09-15,2015,220,8492,Indonesian Exclusive Economic Zone,200NM,2127,Indonesia,2127,Indonesia,IDN,0,NA,0,NA,NA,0,NA,0,NA,NA,117.898147552,-3.30903479808,6025109.71458,8492
2015-193,71,Robbers,Container Ship,NA,"SINGAPORE STRAIT:On 8 September near position 01-07N 103-31E, the chief officer onboard a container ship under way noticed the duty engineer laying on the floor bound and gagged with his mouth bleeding. The alarm was raised. Upon searching the vessel it","was noticed that the robbers had boarded unnoticed, stole ship's spares and escaped.",NA,NA,NA,NA,2015-09-08,2015,220,8492,Indonesian Exclusive Economic Zone,200NM,2127,Indonesia,2127,Indonesia,IDN,0,NA,0,NA,NA,0,NA,0,NA,NA,117.898147552,-3.30903479808,6025109.71458,8492
2015-197,71,Robbers,Tanker,NA,"SINGAPORE:On 6 September, four robbers boarded an anchored tanker near position 01-16N 103-59E, 3 nm south of Singapore. The thieves broke into the engine room, stole engine spares and escaped unnoticed. Ship's Master informed local authorities of the",boarding.,NA,NA,NA,NA,2015-09-06,2015,181,8485,Singaporean Exclusive Economic Zone,200NM,2190,Singapore,2190,Singapore,SGP,0,NA,0,NA,NA,0,NA,0,NA,NA,103.816427663,1.27428184632,721.555202966,8485
2015-192,71,Robbers,Tug Boat,NA,"SINGAPORE STRAIT:On 01 September near position 01-13N 103-55E, robbers boarded the tug MV Permata1 in the Singapore Strait. The bridge crew sent out a distress call, which was answered by the Republic of Singapore Navy (RSN) ship RSS Resilience.The",robbers fled towards Indonesian waters at the sight of the Singapore warship. Th RSN's Information Fusion Center (IFC) shared the information of the incident and perpetrators with the Indonesian Navy's Western Fleet Sea Security Group and the Malaysian,"Maritime Enforcement Agency, which then deployed their naval assets to assist in the search of the robbers. Three robbers were apprehended and the stolen cargo was recovered.",NA,NA,NA,2015-09-01,2015,220,8492,Indonesian Exclusive Economic Zone,200NM,2127,Indonesia,2127,Indonesia,IDN,0,NA,0,NA,NA,0,NA,0,NA,NA,117.898147552,-3.30903479808,6025109.71458,8492
2015-189,71,Robbers,Oil Tanker,NA,"INDONESIA:On 22 August at 0535 local time, four robbers armed with knives boarded the underway oil tanker MT ELBTANK DENMARK near position 01-10N 103-49E, approximately 6.3 nm northwest of Pulau Batam. The perpetrators stole the crew's personal effects",and escaped in a small boat. The crew is safe.,NA,NA,NA,NA,2015-08-22,2015,220,8492,Indonesian Exclusive Economic Zone,200NM,2127,Indonesia,2127,Indonesia,IDN,0,NA,0,NA,NA,0,NA,0,NA,NA,117.898147552,-3.30903479808,6025109.71458,8492
2015-183,71,Robbers,Product Tanker,NA,"On 21 August near position 01-06N 103-44E, three robbers boarded an underway product tanker and entered the steering room. The duty crew noticed the robbers and raised the alarm. The crew mustered. Upon hearing the alarm and seeing the alerted crew, the",robbers fled. A search was carried out and nothing was reported stolen. The authorities were informed via the ship's agents.,NA,NA,NA,NA,2015-08-21,2015,220,8492,Indonesian Exclusive Economic Zone,200NM,2127,Indonesia,2127,Indonesia,IDN,0,NA,0,NA,NA,0,NA,0,NA,NA,117.898147552,-3.30903479808,6025109.71458,8492
2015-185,71,Robbers,Tanker,NA,"INDONESIA:On 21 August at 0340 local time, four robbers armed with knives boarded the underway tanker MT NAVIG8 STEALTH SV near position 01-07N 103-29E, approximately 6.3 nm east of Pulau Karimun Besar. The robbers were sighted in the engine room. The",master raised the alarm and the perpetrators fled. There was no loss of property and the crew was safe.,NA,NA,NA,NA,2015-08-21,2015,220,8492,Indonesian Exclusive Economic Zone,200NM,2127,Indonesia,2127,Indonesia,IDN,0,NA,0,NA,NA,0,NA,0,NA,NA,117.898147552,-3.30903479808,6025109.71458,8492
2015-184,71,Robbers,Tanker,NA,"On 21 August near position 01-11N 103-27E, five robbers in a speed boat approached an underway tanker and attempted to board the vessel using a grappling hook. The duty crew noticed the robbers and raised the alarm. Upon hearing the alarm and seeing the","alerted crew, the robbers aborted the attempted attack and moved away. VTS Singapore was informed.",NA,NA,NA,NA,2015-08-21,2015,220,8492,Indonesian Exclusive Economic Zone,200NM,2127,Indonesia,2127,Indonesia,IDN,0,NA,0,NA,NA,0,NA,0,NA,NA,117.898147552,-3.30903479808,6025109.71458,8492
2015-186,71,Robbers,Container Ship,NA,"INDONESIA:On 21 August at 0430 local time, four robbers boarded the underway container ship MV MAERSK LEBU near position 01-10N 103-30E, approximately 5.9 nm east of Pulau Karimun Kecil. The robbers were sighted in the engine room. The master raised the",alarm and the perpetrators escaped in a waiting small boat. There was no loss of property and the crew was safe.,NA,NA,NA,NA,2015-08-21,2015,220,8492,Indonesian Exclusive Economic Zone,200NM,2127,Indonesia,2127,Indonesia,IDN,0,NA,0,NA,NA,0,NA,0,NA,NA,117.898147552,-3.30903479808,6025109.71458,8492
2015-182,71,Robbers,Bulk Carrier,NA,"INDONESIA:On 20 August, seven robbers boarded an underway bulk carrier near position 01-04N 103-36E, 4.1 nm south-southwest of Pulau Nipah. The crew spotted the robbers and immediately retreated to the bridge. Two crewmen remained in the engine room. The",vessel transmitted an SSAS alert and informed VTIS Singapore which responded that a patrol boat was dispatched to provide assistance. Later the crew notified VTIS Singapore that the robbers had left the vessel. All of the crew were safe.,NA,NA,NA,NA,2015-08-20,2015,220,8492,Indonesian Exclusive Economic Zone,200NM,2127,Indonesia,2127,Indonesia,IDN,0,NA,0,NA,NA,0,NA,0,NA,NA,117.898147552,-3.30903479808,6025109.71458,8492
2015-179,71,Robbers,Container Ship,NA,"SINGAPORE STRAIT:on 15 August near position 01-16N 104-08E, while enroute to Tianjin, China a duty crewman onboard a container ship noticed padlocks on 3 store rooms damaged. He immediatly raised the alarm and the crew mustered. Upon hearing the alarm, a",robber was observed fleeing from the CO2 room. A search was carried out and nothing was reported stolen.,NA,NA,NA,NA,2015-08-15,2015,220,8492,Indonesian Exclusive Economic Zone,200NM,2127,Indonesia,2127,Indonesia,IDN,0,NA,0,NA,NA,0,NA,0,NA,NA,117.898147552,-3.30903479808,6025109.71458,8492
2015-191,71,Pirates,Fishing Boat,NA,"MALACCA STRAIT:On 15 August, the Thailand-flagged coastal fishing boat KHF 1989 was hijacked in the Malacca Strait near position 06-14N 098-59E, approximately 40 nm west of Langkawi Island, Malaysia. Pirates forced the crew to move to another boat and","ordered them to sail off, threatening revenge if the crew called authorities. The fishing boat was reportedly held for ransom. Two days later, the boat was found abandoned at Ta Ru Tao Island, north of Langkawi. Malaysian and Thai enforcement agencies",are working on the case.,NA,NA,NA,2015-08-15,2015,251,8483,Malaysian Exclusive Economic Zone,200NM,2230,Malaysia,2230,Malaysia,MYS,0,NA,0,NA,NA,0,NA,0,NA,NA,108.435167801,4.85143661206,510822.838776,8483
2015-177,71,Robbers,Product Tanker,NA,"INDONESIA:On 12 August near position 04-00N 098-45E, around 13 nm NNE of Belawan, robbers boarded an anchored product tanker via the anchor chain and hawse pipe. The robbers stole ship's properties and fled before being spotted. When the crew returned to",work after their morning break they noticed the forward store room door was broken into. They also noticed wet foot prints on the deck. The ship's agent was notified.,NA,NA,NA,NA,2015-08-12,2015,220,8492,Indonesian Exclusive Economic Zone,200NM,2127,Indonesia,2127,Indonesia,IDN,0,NA,0,NA,NA,0,NA,0,NA,NA,117.898147552,-3.30903479808,6025109.71458,8492
2015-175,71,Robbers,Tanker,NA,"SINGAPORE STRAIT:On 9 August near position 01-05N 103-35E, five robbers armed with knives boarded an underway tanker.They entered the engine room, seized and tied up the chief engineer and stole his personal effects. The chief engineer managed to free",himself and raised the alarm. Upon seeing the alerted crew the robbers fled. VTS Singapore was informed.,NA,NA,NA,NA,2015-08-09,2015,220,8492,Indonesian Exclusive Economic Zone,200NM,2127,Indonesia,2127,Indonesia,IDN,0,NA,0,NA,NA,0,NA,0,NA,NA,117.898147552,-3.30903479808,6025109.71458,8492
2015-174,71,Robbers,Bulk Carrier,NA,"SINGAPORE STRAIT:On 9 August near position 01-06N 103-34E, six robbers with long knives in a small fast boat boarded the stern of a bulk carrier underway. They entered the engine room and stole ship's spares. The duty crew sighted the robbers as the","robbers were exiting the ship. The alarm was raised and the crew mustered. A search was carried out. Engine spares were reported stolen. MPA Singapore was notified. When the ship entered Singapore Anchorage, the CoastGuard boarded the ship for an",investigation.,NA,NA,NA,2015-08-09,2015,220,8492,Indonesian Exclusive Economic Zone,200NM,2127,Indonesia,2127,Indonesia,IDN,0,NA,0,NA,NA,0,NA,0,NA,NA,117.898147552,-3.30903479808,6025109.71458,8492
2015-173,71,Pirates,Tanker,NA,MALAYSIA:Malaysian authorities have located the tanker MT Joaquim on 9 August near position 02-03N 101-59E in the Malacca Straits. The tanker was hijacked on 08 August and the oil cargo was stolen. Two crew members were injured during the incident and,are being evacuated from the tanker. The Malaysian authorities are assisting with the return of the remaining crew members and the tanker.,NA,NA,NA,NA,2015-08-08,2015,220,8492,Indonesian Exclusive Economic Zone,200NM,2127,Indonesia,2127,Indonesia,IDN,0,NA,0,NA,NA,0,NA,0,NA,NA,117.898147552,-3.30903479808,6025109.71458,8492
2015-169,71,Robbers,Chemical Tanker,NA,"INDONESIA:On 3 August, two robbers armed with knives boarded an anchored chemical tanker near position 03-56N 098-44E, Belawan Anchorage. The duty crewman on routine rounds sighted the robbers at the forecastle and informed the bridge. The alarm was","raised and the crew was mustered. Hearing the alarm and seeing the crew's alertness, the robbers escaped in their boat. A search was carried out. Ship's properties were reported stolen from the forecastle store.",NA,NA,NA,NA,2015-08-03,2015,220,8492,Indonesian Exclusive Economic Zone,200NM,2127,Indonesia,2127,Indonesia,IDN,0,NA,0,NA,NA,0,NA,0,NA,NA,117.898147552,-3.30903479808,6025109.71458,8492
2015-167,71,Robbers,Bulk Carrier,NA,"SINGAPORE STRAIT:On 30 July near position 01-05N 103-42E, 5 robbers armed with long knives in a small unlit speed boat approached an underway bulk carrier.One of the robbers attempted to board the ship using a hook attached to a rope. The alerted crew","noticed the robber and raised the alarm. The crew then rushed to the location. Upon hearing the alarm and seeing the alerted crew, the robbers aborted the attempted attack and moved away. The incident was reported to the VTIS Singapore.Upon arrival in",Singapore waters the Coast Guard boarded the ship for an investigation.,NA,NA,NA,2015-07-30,2015,220,8492,Indonesian Exclusive Economic Zone,200NM,2127,Indonesia,2127,Indonesia,IDN,0,NA,0,NA,NA,0,NA,0,NA,NA,117.898147552,-3.30903479808,6025109.71458,8492
2015-161,71,Robbers,Product Tanker,NA,"SINGAPORE STRAIT:On 26 July near position 01-04N 103-37E, the duty engineer onboard an underway product tanker discovered 3 robbers in the engine room near the incinerator space. The robbers fled to the poop deck. The engineer immediatly closed and","locked the engine door from inside and raised the alarm. The crew mustered and all of the deck lights were switched on. Upon hearing the alarm and seeing the crews alertness, the robbers escaped in their boat. A search was carried and, no robbers were",found onboard. Nothing was reported stolen. The VTIS in Singapore was informed.,NA,NA,NA,2015-07-26,2015,220,8492,Indonesian Exclusive Economic Zone,200NM,2127,Indonesia,2127,Indonesia,IDN,0,NA,0,NA,NA,0,NA,0,NA,NA,117.898147552,-3.30903479808,6025109.71458,8492
2015-159,71,Robbers,Bulk Carrier,NA,"SINGAPORE STRAIT:On 24 July near position 01-03N 103-39E a duty oiler and chief engineer on board an underway bulk carrier sighted 2 robbers armed with knives in the engine room stealing engine spares. The emergency alarm was raised, the crew mustered","and all the deck lights were switched on. Upon hearing the alarm and seeing the crews alertness, the robbers fled in their unlit boat with the stolen spares.",NA,NA,NA,NA,2015-07-24,2015,220,8492,Indonesian Exclusive Economic Zone,200NM,2127,Indonesia,2127,Indonesia,IDN,0,NA,0,NA,NA,0,NA,0,NA,NA,117.898147552,-3.30903479808,6025109.71458,8492
2015-136,71,Robbers,LNG Tanker,NA,"MALACCA STRAIT:On 17 June, at approximately 0503 Local Time, five robbers boarded the Norway-registered LNG tanker CLIPPER POSH near position 01:08 N - 103:46 E, approximately 3.9 nm northeast of Pulau Takong Kecil. The robbers were sighted in the engine",room. The alarm was raised immediately and the master conducted a search for the perpetrators but none were found. Nothing was missing.,NA,NA,NA,NA,2015-06-17,2015,220,8492,Indonesian Exclusive Economic Zone,200NM,2127,Indonesia,2127,Indonesia,IDN,0,NA,0,NA,NA,0,NA,0,NA,NA,117.898147552,-3.30903479808,6025109.71458,8492
2015-137,71,Robbers,Oil Tanker,NA,"MALACCA STRAIT:On 17 June, at approximately 0525 Local Time, five robbers boarded the Panama registered oil tanker PRO TRIUMPH near position 01-03N 103-36E, approximately 6.9 nm southwest of Pulau Takong Kecil. The five perpetrators were sighted in the","engine room. The Chief engineer and First engineer were taken hostage and tied up, and some generator spare parts were stolen. The alarm was raised and the perpetrators fled.",NA,NA,NA,NA,2015-06-17,2015,220,8492,Indonesian Exclusive Economic Zone,200NM,2127,Indonesia,2127,Indonesia,IDN,0,NA,0,NA,NA,0,NA,0,NA,NA,117.898147552,-3.30903479808,6025109.71458,8492
2015-142,71,Robbers,Tanker,NA,"SINGAPORE STRAIT:On 16 June near position 01-04N 103-34E, five robbers armed with knives boarded a tanker approaching the Eastern Anchorage Area. They took one crew member hostage and stole ship's properties and escaped. The alarm was sounded. The crew",mustered and a search of the accommodation and engine room was carried out. Local authorities boarded the vessel after she had anchored.,NA,NA,NA,NA,2015-06-16,2015,220,8492,Indonesian Exclusive Economic Zone,200NM,2127,Indonesia,2127,Indonesia,IDN,0,NA,0,NA,NA,0,NA,0,NA,NA,117.898147552,-3.30903479808,6025109.71458,8492
2015-138,71,Robbers,Tug,NA,"INDONESIA: On 13 June, five pirates armed with guns and knives boarded a tug and barge near position 01-35N 105-00E, 35 nm northeast of Pulau Bintan. They stole the crew's and ship's properties and damaged the ship's communication equipment before",escaping. The Master was able to send a distress message to a nearby vessel. All crew is safe.,NA,NA,NA,NA,2015-06-13,2015,220,8492,Indonesian Exclusive Economic Zone,200NM,2127,Indonesia,2127,Indonesia,IDN,0,NA,0,NA,NA,0,NA,0,NA,NA,117.898147552,-3.30903479808,6025109.71458,8492
2015-139,71,Robbers,Wood Chip Carrier,NA,"INDONESIA:On 12 June, a Duty Officer onboard an anchored wood chip carrier saw an unlit boat in close proximity to the ship near position 04-00N 098-54E, Belawan anchorage. He informed the duty crewman on deck, who reported that 7 robbers had just",boarded the vessel. The robbers threatened the crewman with long knives. Duty Officer raised the alarm and mustered the crew. The robbers escaped with stolen ship's properties.,NA,NA,NA,NA,2015-06-12,2015,220,8492,Indonesian Exclusive Economic Zone,200NM,2127,Indonesia,2127,Indonesia,IDN,0,NA,0,NA,NA,0,NA,0,NA,NA,117.898147552,-3.30903479808,6025109.71458,8492
2015-127,71,Pirates,Product Tanker,NA,"MALAYSIA:On 4 June, pirates hijacked an underway product tanker near position 02-21N 104-22E,8 nm southwest off Pu Aur. They took hostage all crew members, altered course and sailed the vessel until it rendezvoused with another vessel into which part of",the oil cargo was transferred. Before departing the pirates stole crew and ship properties and damaged the communication equipment. All of the crew were reported safe. The vessel sailed to a safe port.,NA,NA,NA,NA,2015-06-04,2015,251,8483,Malaysian Exclusive Economic Zone,200NM,2230,Malaysia,2230,Malaysia,MYS,0,NA,0,NA,NA,0,NA,0,NA,NA,108.435167801,4.85143661206,510822.838776,8483
2015-132,71,Pirates,Timber carrier,NA,"MALAYSIA:On 3 June, pirates in speed boats hijacked the Indonesian-flagged timber carrierKM MUTIARA off Palau Bangka. The crew of the KM MUTIARA were thrown or forced to jump overboard. Local fishermen later rescued most of the crewmembers.",NA,NA,NA,NA,NA,2015-06-03,2015,220,8492,Indonesian Exclusive Economic Zone,200NM,2127,Indonesia,2127,Indonesia,IDN,0,NA,0,NA,NA,0,NA,0,NA,NA,117.898147552,-3.30903479808,6025109.71458,8492
2015-107,71,Robbers,Tanker,NA,"SINGAPORE STRAIT:On 17 May near position 01-05N 103-36E, the Duty Oiler on routine rounds on an underway tanker noticed four robbers in the steering room. He immediately informed the First Enginner who raised the alarm. The Master notified the VTIS","Singapore. The Bridge look out saw the four robbers escaping in their boat. After an investigation, it was found the robbers gained access to the engine room via the hatch cover of the CO2 bottle room and later escaped through the steering room.The",robbers escaped with ship's property and generator spares.,NA,NA,NA,2015-05-17,2015,220,8492,Indonesian Exclusive Economic Zone,200NM,2127,Indonesia,2127,Indonesia,IDN,0,NA,0,NA,NA,0,NA,0,NA,NA,117.898147552,-3.30903479808,6025109.71458,8492
2015-113,71,Pirates,Tanker,NA,"MALAYSIA:On 15 May, up to 30 pirates in six fishing boats hijacked the Malaysia-flagged tanker MT ORIENTAL GLORY off Bruit Island in Malaysia. The armed men forced the crew to take the vessel to another location further south where they transferred","approximately 2,500 tons of bunker fuel from the tanker to another vessel. After robbing the crew of personal effects, the pirates left the vessel. The crew is safe and has arrived at a nearby Malaysian port.",NA,NA,NA,NA,2015-05-15,2015,251,8483,Malaysian Exclusive Economic Zone,200NM,2230,Malaysia,2230,Malaysia,MYS,0,NA,0,NA,NA,0,NA,0,NA,NA,108.435167801,4.85143661206,510822.838776,8483
2015-99,71,Robbers,Bulk Carrier,NA,SINGAPORE STRAIT:Two robbers armed with long knives boarded a bulk carrier underway. The duty crew noticed the robbers and raised the alarm. All crew members mustered in the citadel except the bridge team. The Singapore VTIS was informed. The VTIS,"advised the ship to continue sailing at a slow speed.While waiting for the Singapore Navy to arrive, the crew thoroughly searched the ship and found no robbers onboard. Nothing was reported stolen. The VTIS and the Singapore Navy were informed of the",search results.,NA,NA,NA,2015-05-08,2015,220,8492,Indonesian Exclusive Economic Zone,200NM,2127,Indonesia,2127,Indonesia,IDN,0,NA,0,NA,NA,0,NA,0,NA,NA,117.898147552,-3.30903479808,6025109.71458,8492
2015-103,71,Robbers,General Cargo Ship,NA,"MALAYSIA:On 6 May, an unknown number of robbers boarded an anchored general cargo ship engaged in bunkering and stores replenishment near position 01-24N 103-08E, 16 nm west-southwest of Pontian District, Johor, The robbers were able to steal ship's","property and escape unnoticed. A search of the ship found no robbers, but that ship's engine spares were stolen.",NA,NA,NA,NA,2015-05-06,2015,251,8483,Malaysian Exclusive Economic Zone,200NM,2230,Malaysia,2230,Malaysia,MYS,0,NA,0,NA,NA,0,NA,0,NA,NA,108.435167801,4.85143661206,510822.838776,8483
2015-106,71,Robbers,Bulk Carrier,NA,"INDONESIA:On 5 May, two robbers attempted to board an underway bulk carrier near position 01-03N 103-37E, 4.9 nm south of Nipah Island. The bridge crew raised the alarm and mustered the crew when they spotted the robber's small boat approaching. Two","robbers using a rope and hook managed to climb up to the ship's rails, but retreated when they saw the crew's alertness. Singapore Maritime authorities were informed.",NA,NA,NA,NA,2015-05-05,2015,220,8492,Indonesian Exclusive Economic Zone,200NM,2127,Indonesia,2127,Indonesia,IDN,0,NA,0,NA,NA,0,NA,0,NA,NA,117.898147552,-3.30903479808,6025109.71458,8492
2015-118,71,Robbers,Bulk Carrier,NA,"INDONESIA:On 4 May, four robbers boarded an underway bulk carrier near position 01-05N 103-46E, 1 nm south-southwest of Pulau Takong Besar. Duty crew spotted the robbers and informed the Bridge. The alarm was raised and the crew mustered. Seeing the","crews response, the robbers fled empty handed.",NA,NA,NA,NA,2015-05-04,2015,220,8492,Indonesian Exclusive Economic Zone,200NM,2127,Indonesia,2127,Indonesia,IDN,0,NA,0,NA,NA,0,NA,0,NA,NA,117.898147552,-3.30903479808,6025109.71458,8492
2015-90,71,Pirates,Tanker,NA,"MALACCA STRAIT:On 2 May eight armed pirates boarded a tanker which was bound from Singapore to Myanmar. They hijacked the tanker and took the Master and crew as hostages. They ordered the tanker to anchor at position 02-19N 101-40E, around 13 nm SSW of","Port Dickson, Malaysia. The pirates transferred the gas/oil cargo into another vessel. They damaged the ship's communications equipment and stole the crew's cash and phones before leaving the tanker at around 0430 hrs on 3 May. All crew members are safe.",The Master managed to inform the owners. The tanker is proceeding back to Singapore.,NA,NA,NA,2015-05-02,2015,220,8492,Indonesian Exclusive Economic Zone,200NM,2127,Indonesia,2127,Indonesia,IDN,0,NA,0,NA,NA,0,NA,0,NA,NA,117.898147552,-3.30903479808,6025109.71458,8492
2015-97,71,Robbers,Product Tanker,NA,"INDONESIA:On 1 May, a duty motorman onboard an anchored product tanker noticed a small boat with five persons circling around the vessel near position 01-43N 101-24E, Dumai Anchorage. The persons attempted to board the vessel from the poop deck. The","alarm was raised and the crew mustered. Seeing the crews alertness, the persons jumped into the water and escaped. Nothing was stolen.",NA,NA,NA,NA,2015-05-01,2015,220,8492,Indonesian Exclusive Economic Zone,200NM,2127,Indonesia,2127,Indonesia,IDN,0,NA,0,NA,NA,0,NA,0,NA,NA,117.898147552,-3.30903479808,6025109.71458,8492
2015-88,71,Robbers,Container Ship,NA,SINGAPORE STRAIT:Six persons armed with guns and long knives in an unlit fast boat approached a container ship underway. As the fast boat drew closer the Master raised the alarm and the entire crew mustered.The duty AB directed the Aldis lamp towards the,"fast boat, forcing the boat to move away. Singapore VTIS was informed.",NA,NA,NA,NA,2015-04-26,2015,220,8492,Indonesian Exclusive Economic Zone,200NM,2127,Indonesia,2127,Indonesia,IDN,0,NA,0,NA,NA,0,NA,0,NA,NA,117.898147552,-3.30903479808,6025109.71458,8492
2015-102,71,Robbers,Bulk Carrier,NA,"MALAYSIA:On 25 April, an unknown number of robbers boarded an underway bulk carrier near position 01-20N 104-24E, 7 nm east-southeast of Tanjung Penyusop, Johor. They forced their way into the engine room, stole engine spares and escaped. The theft was",noticed by the Second Engineer while trying to get some spares from the engine room.,NA,NA,NA,NA,2015-04-25,2015,251,8483,Malaysian Exclusive Economic Zone,200NM,2230,Malaysia,2230,Malaysia,MYS,0,NA,0,NA,NA,0,NA,0,NA,NA,108.435167801,4.85143661206,510822.838776,8483
2015-89,71,Robbers,Merchant Ship,NA,"MALAYSIA:On 25 April, two robbers boarded an underway merchant ship approximately 7 nm south of Pengerang. The robbers were spotted by a duty crewman who raised the alarm. The robbers escaped empty-handed.",NA,NA,NA,NA,NA,2015-04-25,2015,251,8483,Malaysian Exclusive Economic Zone,200NM,2230,Malaysia,2230,Malaysia,MYS,0,NA,0,NA,NA,0,NA,0,NA,NA,108.435167801,4.85143661206,510822.838776,8483
2015-83,71,Robbers,Tanker,NA,"SOUTH CHINA SEA, SOUTHERN PART:On 21 April near position 02-28N 104-26E, a nine meter long, light green fishing boat with two outboard engines approached a tanker underway from the stern. The Master raised the alarm, sounded the fog horn and increased","speed. The crew mustered and took anti-piracy preventive measures as the fishing boat closed to seven meters and tried to get alongside the tanker. There were seven persons armed with knives onboard the fishing boat. Due to the tanker's increased speed,",the fishing boat was unable to keep up and moved away. The crew and vessel are safe.,NA,NA,NA,2015-04-21,2015,251,8483,Malaysian Exclusive Economic Zone,200NM,2230,Malaysia,2230,Malaysia,MYS,0,NA,0,NA,NA,0,NA,0,NA,NA,108.435167801,4.85143661206,510822.838776,8483
2015-81,71,Robbers,Tanker,NA,"SINGAPORE STRAIT:Four robbers armed with long knives boarded an underway tanker. The duty crew noticed the robbers in the engine room and raised the alarm. Upon hearing the alarm and seeing the alerted crew, the robbers escaped empty handed.VTIS was",informed.,NA,NA,NA,NA,2015-04-19,2015,220,8492,Indonesian Exclusive Economic Zone,200NM,2127,Indonesia,2127,Indonesia,IDN,0,NA,0,NA,NA,0,NA,0,NA,NA,117.898147552,-3.30903479808,6025109.71458,8492
2015-87,71,Robbers,Bulk Carrier,NA,"INDONESIA:On 16 April, five robbers armed with knives boarded an underway bulk carrier near position 01-03N 103-40E, 4.6 nm south-southeast of Nipah Island. The robbers were able to enter the engine room store unnoticed. The duty oiler on routine rounds",was threatened with a knife and tied up. The third engineer noticed the robbers and raised the alarm resulting in the robbers escaping with stolen ship stores. The Singapore Coast Guard later boarded the vessel for an investigation.,NA,NA,NA,NA,2015-04-16,2015,220,8492,Indonesian Exclusive Economic Zone,200NM,2127,Indonesia,2127,Indonesia,IDN,0,NA,0,NA,NA,0,NA,0,NA,NA,117.898147552,-3.30903479808,6025109.71458,8492
2015-78,71,Robbers,Bulk Carrier,NA,"INDONESIA:On 11 April, duty crewman onboard a bulk carrier anchored near position 01-25N 104-37E, 12 nm north-northeast of Bintan Island, noticed robbers on the poop deck. He immediately informed the duty officer. The alarm was raised and crew alerted.","Seeing the crews response, the robbers fled empty handed.",NA,NA,NA,NA,2015-04-11,2015,220,8492,Indonesian Exclusive Economic Zone,200NM,2127,Indonesia,2127,Indonesia,IDN,0,NA,0,NA,NA,0,NA,0,NA,NA,117.898147552,-3.30903479808,6025109.71458,8492
2015-73,71,Pirates,Petroleum Product Tanker,NA,"INDONESIA:On 1 April, up to 25 pirates armed hijacked the underway petroleum product tanker MT DONGFANG GLORY near position 02-09N 107-32E, 62 nm north of Pulau Uwi. They took the crew hostage, damaged all the bridge equipment, and stole crew personal",belongings. The pirates also transferred the ship's fuel cargo into another vessel and escaped. All crew are safe.,NA,NA,NA,NA,2015-04-01,2015,220,8492,Indonesian Exclusive Economic Zone,200NM,2127,Indonesia,2127,Indonesia,IDN,0,NA,0,NA,NA,0,NA,0,NA,NA,117.898147552,-3.30903479808,6025109.71458,8492
2015-40,71,Robbers,Cargo Ship,NA,"INDONESIA:On 3 March, six robbers attempted to board an anchored cargo ship near position 01-08N 103-55 E, vicinity of Cape Uncang, Batam Island. The robbers were spotted by an Indonesian Navy patrol boat and quickly apprehended. They were carrying two",long knives and tools.,NA,NA,NA,NA,2015-03-30,2015,220,8492,Indonesian Exclusive Economic Zone,200NM,2127,Indonesia,2127,Indonesia,IDN,0,NA,0,NA,NA,0,NA,0,NA,NA,117.898147552,-3.30903479808,6025109.71458,8492
2015-52,71,Robbers,Bulk Carrier,NA,"SINGAPORE STRAIT:On 20 March near position 01-14N 103-58E, four robbers boarded a bulk carrier underway. The duty engineer spotted the robbers and informed the bridge. Alarm was raised, the crew mustered and the master informed the Vessel Traffic",Information System. Upon seeing the alerted crew the robbers escaped empty handed. Singapore Coast Guard boarded the vessel for investigation. All crew were safe.,NA,NA,NA,NA,2015-03-20,2015,220,8492,Indonesian Exclusive Economic Zone,200NM,2127,Indonesia,2127,Indonesia,IDN,0,NA,0,NA,NA,0,NA,0,NA,NA,117.898147552,-3.30903479808,6025109.71458,8492
2015-54,71,Robbers,Container Ship,NA,"SINGAPORE STRAIT:On 20 March near position 01-07N 103-34E, seven robbers with knives boarded an underway container ship. They robbed the 2nd engineer of his personal belongings, tied him up and escaped. The duty wiper on routine rounds noticed the 2nd",engineer and released him. The master informed the VTIS. The Singapore Coast Guard boarded the vessel for investigation. All crew safe.,NA,NA,NA,NA,2015-03-20,2015,220,8492,Indonesian Exclusive Economic Zone,200NM,2127,Indonesia,2127,Indonesia,IDN,0,NA,0,NA,NA,0,NA,0,NA,NA,117.898147552,-3.30903479808,6025109.71458,8492
2015-72,71,Robbers,Bulk Carrier,NA,"INDONESIA:On 19 March, three robbers boarded an underway bulk carrier near position 01-16N 104-16E, 5.5 nm north of Batam Island. Duty crewman noticed the robbers and informed the bridge. The alarm was raised and the entire crew mustered at the bridge.",The Master informed VTIS who then dispatched a patrol boat to investigate. The robbers escaped when the patrol boat approached the vessel. All crew safe.,NA,NA,NA,NA,2015-03-19,2015,220,8492,Indonesian Exclusive Economic Zone,200NM,2127,Indonesia,2127,Indonesia,IDN,0,NA,0,NA,NA,0,NA,0,NA,NA,117.898147552,-3.30903479808,6025109.71458,8492
2015-49,71,Pirates,Product tanker,NA,"INDONESIA:On 9 March, seven pirates in a speed boat, wearing masks and armed with guns and long knives hijacked product tanker MT SINGA BERLIAN near position 01-43N 105-50 E, 37 nm south of Pulau Repong. They took hostage the crew members, damaged all","the communication and navigational equipment, transferred the Marine Fuel Oil cargo into another vessel and escaped. One crew suffered minor injury during the incident. The owners informed the Malaysian Maritime Enforcement Agency, who dispatched a",vessel for investigation.,NA,NA,NA,2015-03-09,2015,220,8492,Indonesian Exclusive Economic Zone,200NM,2127,Indonesia,2127,Indonesia,IDN,0,NA,0,NA,NA,0,NA,0,NA,NA,117.898147552,-3.30903479808,6025109.71458,8492
2015-34,71,Robbers,Bulk Carrier,NA,"INDONESIA:On 25 February, three robbers boarded an underway bulk carrier near position 01-08N 103-28 E, 3 nm east of Pulau Karimun Kecil. The alarm was raised and the crew mustered. Seeing the crew response, the robbers escaped empty handed.",NA,NA,NA,NA,NA,2015-02-25,2015,220,8492,Indonesian Exclusive Economic Zone,200NM,2127,Indonesia,2127,Indonesia,IDN,0,NA,0,NA,NA,0,NA,0,NA,NA,117.898147552,-3.30903479808,6025109.71458,8492
2015-35,71,Pirates,Product Tanker,NA,"MALAYSIA: On 20 February, seven pirates armed with guns and knives hijacked the product tanker MT PHUBAI PATTRA 1 near position 02-08N 104-39 E, 18 nm southeast of Pulau Aur. The crew was taken hostage. The pirates transferred part of the cargo of","gasoline into another vessel. The pirates then stole crew property and valuables, along with ship's cash and escaped early on the morning of 21 February. All crew is safe.",NA,NA,NA,NA,2015-02-20,2015,251,8483,Malaysian Exclusive Economic Zone,200NM,2230,Malaysia,2230,Malaysia,MYS,0,NA,0,NA,NA,0,NA,0,NA,NA,108.435167801,4.85143661206,510822.838776,8483
2015-30,71,Pirates,Tanker,NA,"MALACCA STRAIT:On 13 February, six to eight pirates, armed with pistols and knives hijacked MT LAPIN from a small boat near position 03-11N 100-43E, approximately 40 nm west-southwest of Port Klang, Malaysia. The pirates gathered the crew and took","control of the tanker. Later an unknown vessel came alongside the LAPIN and siphoned a total of five tons of diesel and 2,000 tons of bunker oil from the ship. After the pirates had siphoned the fuel and oil, they destroyed the communication devices","onboard the ship and stole the ship's property and the crew's belongings. The perpetrators also tied the crew, and informed them that an improvised explosive package was left onboard and threatened the crew not to move, before the pirates escaped. The","crew managed to free themselves and obtained assistance from a passing ship, where they informed authorities of the incident. Further investigation by Thai authorities found that the alleged bomb onboard the ship was a fake.",NA,NA,2015-02-13,2015,251,8483,Malaysian Exclusive Economic Zone,200NM,2230,Malaysia,2230,Malaysia,MYS,0,NA,0,NA,NA,0,NA,0,NA,NA,108.435167801,4.85143661206,510822.838776,8483
2015-13,71,Robbers,Bulk Carrier,NA,"INDONESIA: On 29 January, two robbers boarded an anchored bulk carrier near position 06-01S 106-55E, Tanjung Priok Outer Roads, Jakarta. Two deck watchmen on routine rounds saw the robbers on the forecastle deck. They immediately informed the duty","officer who raised the alarm and mustered the crew. Seeing the crew's alertness, the robbers escaped with their accomplices in their boat. The crew members carried out a thorough search with nothing noted missing. The incident was reported to Port",Control via VHF channel 12.,NA,NA,NA,2015-01-29,2015,220,8492,Indonesian Exclusive Economic Zone,200NM,2127,Indonesia,2127,Indonesia,IDN,0,NA,0,NA,NA,0,NA,0,NA,NA,117.898147552,-3.30903479808,6025109.71458,8492
2015-33,71,Robbers,Anchored Ship,NA,"INDONESIA:On 22 January, four robbers boarded an anchored ship near position 05-51S 106:56E, Jakarta Anchorage. The Duty Oiler saw the robbers in the engine room. The robbers subdued the crewman, threatening him with a knife. The remaining robbers stole",engine spares and escaped. The alarm was raised and all crew alerted. The Port Authority was informed.,NA,NA,NA,NA,2015-01-22,2015,220,8492,Indonesian Exclusive Economic Zone,200NM,2127,Indonesia,2127,Indonesia,IDN,0,NA,0,NA,NA,0,NA,0,NA,NA,117.898147552,-3.30903479808,6025109.71458,8492
2015-19,71,Robbers,Tug Boat,NA,"INDONESIA:On 14 January, a duty crewman on board a berthed tug spotted several robbers armed with long knives near position 01-02N 103-54E, PT Idros Private Jetty, Tanjung Uncang, Batam. The duty crewman raised the alarm, armed himself with a long knife","and started shouting at the robbers. One of the robbers tried to attack the crewman. However, seeing the alerted crew members, the robbers escaped. A search was carried out throughout the tug and barge. Ship's property from the barge was noted to have",been stolen. The incident was reported to the terminal's security department.,NA,NA,NA,2015-01-14,2015,220,8492,Indonesian Exclusive Economic Zone,200NM,2127,Indonesia,2127,Indonesia,IDN,0,NA,0,NA,NA,0,NA,0,NA,NA,117.898147552,-3.30903479808,6025109.71458,8492
2015-9,71,Robbers,LPG Tanker,NA,"INDONESIA: On 10 January, three armed robbers boarded an anchored LPG tanker near position 01-04N 104-10E, Tanjung Uban Anchorage. The robbers then took hostage and secured the duty crewman and entered the engine room storeroom with intention to steal","spares. Before leaving the vessel, the robbers freed the crewman who reported the incident to the duty officer. Alarm raised and crew mustered. On searching the vessel no ship's stores were found missing. Duty crewman sustained slight bruises on his",wrists and a mild swelling on the forehead. Remainder of crew is safe. The Port Authority was informed immediately via VHF channel.,NA,NA,NA,2015-01-10,2015,220,8492,Indonesian Exclusive Economic Zone,200NM,2127,Indonesia,2127,Indonesia,IDN,0,NA,0,NA,NA,0,NA,0,NA,NA,117.898147552,-3.30903479808,6025109.71458,8492
2015-10,71,Robber,Tanker,NA,"INDONESIA:On 8 January, one robber attempted to board an anchored tanker near position 01-11N 104-00E, Kabil Port, Batam. Duty watchman heard the sound of a boat engine. Upon checking he found a person attempting to board the ship. Alarm raised and crew",mustered. A boat was seen departing from near the bow as the crew carried out a search of the tanker. The Port Control was informed.,NA,NA,NA,NA,2015-01-08,2015,220,8492,Indonesian Exclusive Economic Zone,200NM,2127,Indonesia,2127,Indonesia,IDN,0,NA,0,NA,NA,0,NA,0,NA,NA,117.898147552,-3.30903479808,6025109.71458,8492
2015-14,71,Pirates,Barge,NA,"INDONESIA:On 8 January, robbers in three small boats boarded a barge under tow near position 01-11N 103-37 E, 2.7 nm northwest of Pulau Nipah. They stole some of the cargo and escaped. The tug reported the incident to the local authorities.",NA,NA,NA,NA,NA,2015-01-08,2015,181,8485,Singaporean Exclusive Economic Zone,200NM,2190,Singapore,2190,Singapore,SGP,0,NA,0,NA,NA,0,NA,0,NA,NA,103.816427663,1.27428184632,721.555202966,8485
2014-298,71,Robbers,Product Tanker,NA,"INDONESIA:On 25 December, eight persons armed with long knives boarded an underway product tanker near position 01-02N 103-38E: 13 nm east of Pulau Karimun Besar. The robbers entered the engine room, tied up the duty oiler, stole engine spares and","escaped. The oiler managed to free himself and inform the bridge. Alarm raised, crew mustered and a search of the ship was conducted.",NA,NA,NA,NA,2014-12-25,2014,220,8492,Indonesian Exclusive Economic Zone,200NM,2127,Indonesia,2127,Indonesia,IDN,0,NA,0,NA,NA,0,NA,0,NA,NA,117.898147552,-3.30903479808,6025109.71458,8492
2014-295,71,Robbers,Product Tanker,NA,"MALAYSIA:On 20 December, robbers boarded an anchored product tanker near position 01-19N 104-08E, 1.5 nm south of Tanjung Setapa, Johor. The robbers entered the engine room and broke open the engine store room¿s padlock, stole engine spares and ship¿s",properties and escaped unnoticed. The theft was noticed by the duty crew during routine rounds.,NA,NA,NA,NA,2014-12-20,2014,251,8483,Malaysian Exclusive Economic Zone,200NM,2230,Malaysia,2230,Malaysia,MYS,0,NA,0,NA,NA,0,NA,0,NA,NA,108.435167801,4.85143661206,510822.838776,8483
2014-294,71,Robbers,Container Ship,NA,"INDONESIA:On 20 December, four robbers wearing face masks and armed with knives boarded an anchored container ship near position 01-23N 104-40E, 11 nm north-northeast of Tg. Berakit, Bintan Island. They took hostage the duty oiler, tied his hands and","took him to the engine room workshop. One of the robbers guarded the oiler, while the other robbers stole engine spares. After a few minutes, the robbers left the oiler in the workshop and escaped. The oiler managed to call the bridge and informed the","duty officer about the incident. Alarm raised, crew mustered and a search was carried out.",NA,NA,NA,2014-12-20,2014,220,8492,Indonesian Exclusive Economic Zone,200NM,2127,Indonesia,2127,Indonesia,IDN,0,NA,0,NA,NA,0,NA,0,NA,NA,117.898147552,-3.30903479808,6025109.71458,8492
2014-278,71,Robbers,Bitumen Tanker,NA,"MALAYSIA:On 7 December, approximately 0430 Local Time, as many as seven robbers boarded the bitumen tanker VP ASPHALT 2, loaded with 2,300 tons of bitumen near position 02-15N 104-49E, 20 nm southeast of Pulau Aur, Johor, Malaysia. The robbers checked","what the cargo was, then robbed the 15 crew members and vessel of all valuables, and left the tanker at 0530. The robbers shot one of the crewmen in the head, he was airlifted to a Singapore hospital where he subsequently died.",NA,NA,NA,NA,2014-12-07,2014,251,8483,Malaysian Exclusive Economic Zone,200NM,2230,Malaysia,2230,Malaysia,MYS,0,NA,0,NA,NA,0,NA,0,NA,NA,108.435167801,4.85143661206,510822.838776,8483
2014-279,71,Robbers,Product Tanker,NA,"MALAYSIA:On 7 December, 20 armed robbers in a boat approached an underway product tanker, with five robbers boarding the vessel near position 01-31N 104-35E, 17 nm west-southwest of Tanjung Punggai, Johor, using ladders and cutting through the razor","wire. The duty officer raised the alarm, activated the SSAS and broadcast an alert message to all ships in the vicinity. Crew members locked the access doors to the bridge and accommodation area and then mustered in the citadel. Upon hearing the alarm","and seeing the crew's alertness, the robbers escaped empty-handed in their boat.",NA,NA,NA,2014-12-07,2014,251,8483,Malaysian Exclusive Economic Zone,200NM,2230,Malaysia,2230,Malaysia,MYS,0,NA,0,NA,NA,0,NA,0,NA,NA,108.435167801,4.85143661206,510822.838776,8483
2014-271,71,Robbers,LPG Tanker,NA,"INDONESIA:On 22 November, three robbers boarded an anchored LPG tanker near position 01-24N 104-41E, 12 nm north-northeast of Tg. Berakit, Bintan Island. Second mate on routine rounds saw the robbers with bags on their back on the poop deck. He","immediately ran to the bridge, raised the alarm, and made an announcement on the PA system. A small boat was seen leaving the tanker. On searching the vessel all store rooms and ships properties found intact.",NA,NA,NA,NA,2014-11-22,2014,220,8492,Indonesian Exclusive Economic Zone,200NM,2127,Indonesia,2127,Indonesia,IDN,0,NA,0,NA,NA,0,NA,0,NA,NA,117.898147552,-3.30903479808,6025109.71458,8492
2014-260,71,Robbers,Tanker,NA,"INDONESIA:On 19 November, five persons armed with knives boarded an anchored tanker near position 01-29N 104-51E, 22 nm northeast of Tanjung Berakit, Bintan Island. The alarm was raised and crew mustered. Seeing the crew response, they confronted the","deck watch keeper, stole his portable radio and escaped.",NA,NA,NA,NA,2014-11-19,2014,220,8492,Indonesian Exclusive Economic Zone,200NM,2127,Indonesia,2127,Indonesia,IDN,0,NA,0,NA,NA,0,NA,0,NA,NA,117.898147552,-3.30903479808,6025109.71458,8492
2014-261,71,Robbers,Chemical Tanker,NA,"INDONESIA: On 16 November, four robbers boarded an underway chemical tanker near position 01-08N 103-30E, 5 nm east of Pulau Karimun Kecil. Duty crew noticed the robbers and raised the alarm. Upon seeing the crew response, the robbers fled. A search of","the vessel was conducted, but no robbers were found. POCC Singapore was informed and upon anchoring, Singapore Coast Guard personnel boarded the vessel for inspection.",NA,NA,NA,NA,2014-11-16,2014,220,8492,Indonesian Exclusive Economic Zone,200NM,2127,Indonesia,2127,Indonesia,IDN,0,NA,0,NA,NA,0,NA,0,NA,NA,117.898147552,-3.30903479808,6025109.71458,8492
2014-263,71,Robbers,Bulk Carrier,NA,"INDONESIA:On 16 November, five robbers boarded an anchored bulk carrier near position 01-38N 104-55E, 30 nm northeast of Tg. Berakit, Bintan Island. When the duty engineer saw the robbers, he immediately informed bridge. The bridge raised the alarm and","mustered the crew. A search of the vessel was conducted, but no unauthorized persons were found and nothing was missing.",NA,NA,NA,NA,2014-11-16,2014,220,8492,Indonesian Exclusive Economic Zone,200NM,2127,Indonesia,2127,Indonesia,IDN,0,NA,0,NA,NA,0,NA,0,NA,NA,117.898147552,-3.30903479808,6025109.71458,8492
2014-264,71,Robbers,Tanker,NA,"MALAYSIA:On 13 November, two robbers boarded an anchored tanker near position 01-14N 103-28E, 2 nm SW of Tanjung Piai. When the engine room crew discovered the robbers in the steering gear room, they informed the duty officer who raised the alarm and","mustered the crew. A search of the vessel was conducted, but no unauthorized persons were found. Port facility security officer was notified.",NA,NA,NA,NA,2014-11-13,2014,251,8483,Malaysian Exclusive Economic Zone,200NM,2230,Malaysia,2230,Malaysia,MYS,0,NA,0,NA,NA,0,NA,0,NA,NA,108.435167801,4.85143661206,510822.838776,8483
2014-265,71,Robbers,LPG Tanker,NA,"INDONESIA:On 11 November, three robbers boarded a berthed LPG tanker near position 01-04N 104-12E, Tanjung Uban Jetty No.1. The robbers fled when the second engineer raised the alarm after discovering them in the engine room and steering gear room.",Terminal security and agents were notified.,NA,NA,NA,NA,2014-11-11,2014,220,8492,Indonesian Exclusive Economic Zone,200NM,2127,Indonesia,2127,Indonesia,IDN,0,NA,0,NA,NA,0,NA,0,NA,NA,117.898147552,-3.30903479808,6025109.71458,8492
2014-280,71,Robbers,LPG Tanker,NA,"INDONESIA:On 4 November, four robbers in small boat boarded an anchored LPG tanker near position 01:29N - 104:40E, 16 nm north-northeast of Tg Berakit, Bintan Island. Duty crewman spotted the robbers and informed the duty officer who raised the alarm and","mustered the crew. Seeing the crew's alertness, the robbers escaped empty-handed.",NA,NA,NA,NA,2014-11-04,2014,220,8492,Indonesian Exclusive Economic Zone,200NM,2127,Indonesia,2127,Indonesia,IDN,0,NA,0,NA,NA,0,NA,0,NA,NA,117.898147552,-3.30903479808,6025109.71458,8492
2014-249,71,Robbers,Tug,NA,"MALAYSIA:On 4 November, the duty crewman on an anchored offshore tug near position 01-13N 103-34E, 4 nm southeast of Tanjung Piai, Johor, saw a robber on the main deck and immediately notified the bridge. The crew raised the alarm raised and mustered.","Seeing crew response, the robber fled. On searching the tug, the padlocks on the store room doors were found damaged with a few items missing.",NA,NA,NA,NA,2014-11-04,2014,181,8485,Singaporean Exclusive Economic Zone,200NM,2190,Singapore,2190,Singapore,SGP,0,NA,0,NA,NA,0,NA,0,NA,NA,103.816427663,1.27428184632,721.555202966,8485
2014-281,71,Robbers,Bulk Carrier,NA,"INDONESIA:On 4 November, three robbers in a small wooden boat boarded an anchored bulk carrier near position 01-26N 104-39E, 13 nm north-northeast of Tg Berakit, Bintan Island. Duty crewman spotted one robber onboard the vessel. He informed the duty","officer who raised the alarm and mustered the crew. Seeing the crew's alertness, the robber escaped empty-handed.",NA,NA,NA,NA,2014-11-04,2014,220,8492,Indonesian Exclusive Economic Zone,200NM,2127,Indonesia,2127,Indonesia,IDN,0,NA,0,NA,NA,0,NA,0,NA,NA,117.898147552,-3.30903479808,6025109.71458,8492
2014-243,71,Robbers,Container Ship,NA,"INDONESIA:On 26 October, four robbers in a small boat with a green canopy, armed with knives and bolos boarded an anchored container ship near position 01-24N 104-35E, 10 nm north of Tg. Berakit, Bintan Island. Duty crewman noticed the robbers attempting","to break into the engine room and informed the duty officer who raised the alarm and mustered the crew. Upon hearing the alarm and seeing the crew response, the robbers fled empty handed in their boat.",NA,NA,NA,NA,2014-10-26,2014,220,8492,Indonesian Exclusive Economic Zone,200NM,2127,Indonesia,2127,Indonesia,IDN,0,NA,0,NA,NA,0,NA,0,NA,NA,117.898147552,-3.30903479808,6025109.71458,8492
2014-232,71,Pirates,Product tanker,NA,"MALAYSIA:On 21 October, pirates armed with knives and guns hijacked an underway product tanker near position 01-48N 104-31E, 24 nm east-southeast of Tg Sedili Besar. The pirates took hostage the crew and had the Master anchor the vessel. The pirates","damaged deck machinery and asked what the ship's cargo consisted of. Realizing the cargo was not what the expected, the pirates stole ship's cash and crew valuables and departed the tanker. Crew managed to repair deck equipment to raise the anchor and",get underway. A local Naval patrol boat dispatched to search the area. No injuries to crew reported.,NA,NA,NA,2014-10-21,2014,251,8483,Malaysian Exclusive Economic Zone,200NM,2230,Malaysia,2230,Malaysia,MYS,0,NA,0,NA,NA,0,NA,0,NA,NA,108.435167801,4.85143661206,510822.838776,8483
2014-233,71,Pirates,Bulk carrier,NA,"INDONESIA:On 20 October, two robbers boarded an underway bulk carrier near position01-08N 103-29E, 4 nm east of Palau Karimun. The junior engineer raised the alarm when he spotted the robbers near the engine room. The crew mustered and searched the","vessel, but the robbers had managed to escape with engine spare parts.",NA,NA,NA,NA,2014-10-20,2014,220,8492,Indonesian Exclusive Economic Zone,200NM,2127,Indonesia,2127,Indonesia,IDN,0,NA,0,NA,NA,0,NA,0,NA,NA,117.898147552,-3.30903479808,6025109.71458,8492
2014-234,71,Pirates,LPG tanker,NA,"INDONESIA:On 19 October, two robbers boarded an underway LPG tanker near position 01-10N103-32E, 7 nm east-northeast of Palau Karimun Kecil. Duty crewman saw robbers escaping from steering flat and informed the bridge. Duty officer raised the alarm and",mustered the crew and searched the ship. The robbers escaped with engine spare parts. Singapore port authorities were informed.,NA,NA,NA,NA,2014-10-19,2014,220,8492,Indonesian Exclusive Economic Zone,200NM,2127,Indonesia,2127,Indonesia,IDN,0,NA,0,NA,NA,0,NA,0,NA,NA,117.898147552,-3.30903479808,6025109.71458,8492
2014-236,71,Robbers,Bulk carrier,NA,"INDONESIA:On 17 October, six robbers boarded an anchored bulk carrier near position 05-30S105-18E, Tarahan Anchorage. Duty crewman spotted robbers and raised alarm. The robbers escaped with engine spare parts.",NA,NA,NA,NA,NA,2014-10-17,2014,220,8492,Indonesian Exclusive Economic Zone,200NM,2127,Indonesia,2127,Indonesia,IDN,0,NA,0,NA,NA,0,NA,0,NA,NA,117.898147552,-3.30903479808,6025109.71458,8492
2014-239,71,Robbers,LPG tanker,NA,"INDONESIA:On 14 October, five robbers boarded an anchored LPG tanker near position05-56S 106-46E, Bay of Jakarta. Duty Officer on bridge saw the robbers breaking into store room via CCTV on the bridge and raised the alarm. Robbers escaped empty handed in",their waiting boat.,NA,NA,NA,NA,2014-10-14,2014,220,8492,Indonesian Exclusive Economic Zone,200NM,2127,Indonesia,2127,Indonesia,IDN,0,NA,0,NA,NA,0,NA,0,NA,NA,117.898147552,-3.30903479808,6025109.71458,8492
2014-238,71,Robbers,Bulk carrier,NA,"INDONESIA:On 14 October, five robbers boarded an anchored bulk carrier near position01-28N 104-37E, 14 nm north-northeast of Bintan Island. Duty Engineer on security rounds saw the robbers and raised the alarm. Robbers escaped empty handed.",NA,NA,NA,NA,NA,2014-10-14,2014,220,8492,Indonesian Exclusive Economic Zone,200NM,2127,Indonesia,2127,Indonesia,IDN,0,NA,0,NA,NA,0,NA,0,NA,NA,117.898147552,-3.30903479808,6025109.71458,8492
2014-228,71,Robbers,LPG tanker,NA,"INDONESIA:On 5 October, four robbers armed with knives boarded an anchored LPG tanker near position 05-35S 104-34E, Teluk Semangka Anchorage. Duty crewman noticed the robbers and raised the alarm. Upon hearing the alarm and seeing the crew alertness, the",robbers escaped with the stolen ship's properties.,NA,NA,NA,NA,2014-10-05,2014,220,8492,Indonesian Exclusive Economic Zone,200NM,2127,Indonesia,2127,Indonesia,IDN,0,NA,0,NA,NA,0,NA,0,NA,NA,117.898147552,-3.30903479808,6025109.71458,8492
2014-218,71,Pirates,Oil Tanker,NA,"INDONESIA:On 2 October, the Vietnam-flagged oil tanker SUNRISE 689 went missing and is presumed to have been hijacked soon after leaving Singapore. The SUNRISE 689 was carrying a cargo of 5,226 tons of oil products and a crew of 18.UPDATE: The ship was",released on 9 October and was safely escorted into Vietnamese waters where authorities began an investigation into the incident.,NA,NA,NA,NA,2014-10-02,2014,220,8492,Indonesian Exclusive Economic Zone,200NM,2127,Indonesia,2127,Indonesia,IDN,0,NA,0,NA,NA,0,NA,0,NA,NA,117.898147552,-3.30903479808,6025109.71458,8492
2014-215,71,Robbers,Tanker,NA,"INDONESIA:On 25 September, at 0545 LT, position 01-28N 104-41E around 16 nm NE of TG Berakit, Bintan Island; three robbers boarded an anchored tanker using a boarding hook. Duty A/B on routine rounds noticed the robbers near the poop deck and raised the","alarm. Seeing the crew alertness, the robbers escaped empty handed in their boat.",NA,NA,NA,NA,2014-09-25,2014,220,8492,Indonesian Exclusive Economic Zone,200NM,2127,Indonesia,2127,Indonesia,IDN,0,NA,0,NA,NA,0,NA,0,NA,NA,117.898147552,-3.30903479808,6025109.71458,8492
2014-213,71,Pirates,Tanker,NA,"THAILAND:On 22 September, six armed pirates boarded an underway tanker near position 07-10N 098-12E, 34 nm south-southwest of Phuket Island. They tied up the second officer and duty crewman on the bridge and mustered the rest of the crew in the Mess. The",second officer managed to activate the SSAS alert without being noticed by the pirates. The pirates fled after stealing crew personal effects and money.,NA,NA,NA,NA,2014-09-22,2014,183,8332,Thailand Exclusive Economic Zone,200NM,2207,Thailand,2207,Thailand,THA,0,NA,0,NA,NA,0,NA,0,NA,NA,99.6286756622,9.16617314888,298685.971043,8332
2014-214,71,Pirates,Product Tanker,NA,"THAILAND:On September 22, at 2130 LT, position 07-12N 098-00E, around 38 nm SW of Phuket, Thailand; seven armed pirates from a speed boat boarded a product tanker enroute to Penang and hijacked it. They transferred ship bunker to a mother vessel (white",color fishing boat). Later they released the tanker and escaped. The crew navigated the tanker back to a safe port.,NA,NA,NA,NA,2014-09-22,2014,183,8332,Thailand Exclusive Economic Zone,200NM,2207,Thailand,2207,Thailand,THA,0,NA,0,NA,NA,0,NA,0,NA,NA,99.6286756622,9.16617314888,298685.971043,8332
2014-210,71,Pirates,Product Tanker,NA,"INDONESIA:On 17 September, eight armed pirates hijacked a product tanker, ORAPIN 2, enroute to Timor Leste, near position 01-26N 104-50E, 20 nm northeast of Tg Berakit, Bintan Island. The ORAPIN 2 rendezvoused with two smaller tankers and the cargo of",gasoil was transferred. Later the pirates released the tanker and escaped. Crew and vessel are safe.,NA,NA,NA,NA,2014-09-17,2014,220,8492,Indonesian Exclusive Economic Zone,200NM,2127,Indonesia,2127,Indonesia,IDN,0,NA,0,NA,NA,0,NA,0,NA,NA,117.898147552,-3.30903479808,6025109.71458,8492
2014-197,71,Pirates,Oil Product Tanker,NA,"MALAYSIA:On 28 August, six armed pirates hijacked the Thailand-flagged oil product tanker, V.L. 14 approximately 30 nm north of Pulau Tioman. The vessel was en route from Singapore to Bangkok carrying 1,296 tons of lube oil. The pirates boarded from","stern. They broke the bridge glass, gained access to the crew cabins, and gathered the crew in the engine room. The pirates took control of the vessel, sailed about 10 nm away from the location of boarding and then ordered the crew to open all cargo","valves, activate the cargo pump and transfer the lube oil to two tankers which came alongside. The pirates also stole the crew's personal belongings, damaged the navigational and communication systems before departing the vessel on 29 August. The crew",was able to temporarily repair the windlass and sailed towards a safe port to report the incident. The crew was not injured.,NA,NA,2014-08-28,2014,251,8483,Malaysian Exclusive Economic Zone,200NM,2230,Malaysia,2230,Malaysia,MYS,0,NA,0,NA,NA,0,NA,0,NA,NA,108.435167801,4.85143661206,510822.838776,8483
2014-203,71,Pirates,Container Ship,NA,"INDONESIA:On 22 August, twelve pirates armed with knives boarded an underway container ship near position 01-10N 103-34E, 5 nm west-northwest of Nipah Island. They entered the engine room and took hostage the Electical Officer who managed to alert the","crew. The crew raised the alarm and mustered. Seeing the crew response, the pirates fled with engine spares. Singapore Vessel Traffic Information System (VTIS) was informed.",NA,NA,NA,NA,2014-08-22,2014,220,8492,Indonesian Exclusive Economic Zone,200NM,2127,Indonesia,2127,Indonesia,IDN,0,NA,0,NA,NA,0,NA,0,NA,NA,117.898147552,-3.30903479808,6025109.71458,8492
2014-204,71,Robbers,Bulk Carrier,NA,"INDONESIA:On 22 August, three robbers boarded an anchored bulk carrier near position 01-26N 104-37E, approximately 13 nm north-northeast of Bintan Island. Alert duty crewmen noticed the robbers using a bamboo pole to board the ship and alerted the duty",officer who raised the alarm. The robbers fled after seeing the crew response.,NA,NA,NA,NA,2014-08-22,2014,220,8492,Indonesian Exclusive Economic Zone,200NM,2127,Indonesia,2127,Indonesia,IDN,0,NA,0,NA,NA,0,NA,0,NA,NA,117.898147552,-3.30903479808,6025109.71458,8492
2014-206,71,Pirates,Product Tanker,NA,"INDONESIA:On 20 August, four pirates armed with knives boarded an underway product tanker near position 01-33N 104-46E, approximately 23 nm east of Tg. Berakit. The crewman raised the alarm and the crew mustered. Seeing the crew response, the pirates",fled empty handed.,NA,NA,NA,NA,2014-08-20,2014,220,8492,Indonesian Exclusive Economic Zone,200NM,2127,Indonesia,2127,Indonesia,IDN,0,NA,0,NA,NA,0,NA,0,NA,NA,117.898147552,-3.30903479808,6025109.71458,8492
2014-186,71,Robbers,Chemical tanker,NA,"INDONESIA:On 11 August, four robbers in a wooden boat boarded an anchored chemical tanker near position 03-54N 098-46E, Belawan Outer Anchorage. One of the robbers boarded the vessel and attempted to steal ship's stores from the forecastle store. Duty","crew noticed the robber and informed duty officer who raised the alarm, sounded ship's whistle and mustered the crew. Seeing the crew alertness, the robber escaped with his accomplices empty handed. Incident reported to Port Control and Coast Guard",through the local agents. Local Marine Police officials boarded the vessel for investigation.,NA,NA,NA,2014-08-11,2014,220,8492,Indonesian Exclusive Economic Zone,200NM,2127,Indonesia,2127,Indonesia,IDN,0,NA,0,NA,NA,0,NA,0,NA,NA,117.898147552,-3.30903479808,6025109.71458,8492
2014-188,71,Robbers,LPG tanker,NA,"INDONESIA:On 4 August, three robbers boarded an anchored LPG tanker near position05-34S 104-38E, Teluk Semangka Anchorage. Deck patrol noticed the robbers, raised the alarm and the crew mustered. Hearing the alarm and seeing the crew alertness, the",robbers escaped empty handed in their boat. Local authorities informed.,NA,NA,NA,NA,2014-08-04,2014,220,8492,Indonesian Exclusive Economic Zone,200NM,2127,Indonesia,2127,Indonesia,IDN,0,NA,0,NA,NA,0,NA,0,NA,NA,117.898147552,-3.30903479808,6025109.71458,8492
2014-189,71,Pirates,Product tanker,NA,"MALAYSIA:On 2 August, six robbers armed with guns in a skiff attempted to board an underway product tanker near position 05-24N 100-05E, 6 nm west of Penang Island. Duty crew noticed the robbers and informed the duty officer who raised the alarm and",switched on the deck lights. All crew was mustered and fire hoses were charged. Seeing the crew's alertness the robbers aborted the attempted boarding. Port Authorities and MMEA informed.,NA,NA,NA,NA,2014-08-02,2014,251,8483,Malaysian Exclusive Economic Zone,200NM,2230,Malaysia,2230,Malaysia,MYS,0,NA,0,NA,NA,0,NA,0,NA,NA,108.435167801,4.85143661206,510822.838776,8483
2014-178,71,Robbers,Product tanker,NA,"MALAYSIA:On 25 July, Ten robbers armed with guns and knives boarded the anchored product tanker JI XIANG near position 01-19N 104*15E, 2 nm south of Teluk Ramunia, Johor. They stole crew personal belongings and cash and escaped. During the robbery, one",crew member received minor injuries at his neck due to gun fire.,NA,NA,NA,NA,2014-07-25,2014,251,8483,Malaysian Exclusive Economic Zone,200NM,2230,Malaysia,2230,Malaysia,MYS,0,NA,0,NA,NA,0,NA,0,NA,NA,108.435167801,4.85143661206,510822.838776,8483
2014-179,71,Robbers,Product tanker,NA,"INDONESIA:On 25 July, four robbers in a speed boat approached an anchored product tanker near position 03-55N 098-45E, Belawan Anchorage. One of the robbers made an attempt to board the tanker but aborted it and moved away upon seeing the duty Bosun.","Soon afterward, the duty officer noticed one robber had boarded the tanker and was heading towards the paint store room. Alarm raised and crew mustered. Seeing the crew alertness, the robber escaped with his accomplices in their boat. Upon investigation,",it was found that the paint store room had been broken into but nothing stolen.,NA,NA,NA,2014-07-25,2014,220,8492,Indonesian Exclusive Economic Zone,200NM,2127,Indonesia,2127,Indonesia,IDN,0,NA,0,NA,NA,0,NA,0,NA,NA,117.898147552,-3.30903479808,6025109.71458,8492
2014-169,71,Pirates,LPG tanker,NA,"INDONESIA:On 15 July, robbers boarded an anchored LPG tanker near position 01-29N 104-43E, 17 nm north-northeast of Pulau Bintan. The robbers were able to board the ship unnoticed and escape with ship's property and spare parts. Duty motorman noticed","footprints near the engine room workshop and raised the alarm. Upon investigation, it was found that the robbers had broken the lock on the steering gear room watertight door and entered the engine room workshop. Ship's property and spare parts were",stolen from the workshop and safety lockers. The incident was reported to the Singapore Information Fusion Centre.,NA,NA,NA,2014-07-15,2014,220,8492,Indonesian Exclusive Economic Zone,200NM,2127,Indonesia,2127,Indonesia,IDN,0,NA,0,NA,NA,0,NA,0,NA,NA,117.898147552,-3.30903479808,6025109.71458,8492
2014-168,71,Pirates,Product tanker,NA,"INDONESIA:On 15 July, product tanker ORIENTAL GLORY, enroute from Singapore to Sandakan, Malaysia was hijacked near position 01-44N 105-07E, 44 nm north-northeast of Pulau Bintan. Pirates stole part of the cargo, nearly 2,500 metric tons of gas oil, and",also stole crew personal property and damaged the vessel's communication equipment and main engines before leaving. Three crew members were injured during the incident.,NA,NA,NA,NA,2014-07-15,2014,220,8492,Indonesian Exclusive Economic Zone,200NM,2127,Indonesia,2127,Indonesia,IDN,0,NA,0,NA,NA,0,NA,0,NA,NA,117.898147552,-3.30903479808,6025109.71458,8492
2014-174,71,Pirates,Product Tanker,NA,"MALAYSIA:On 13 July, pirates boarded unnoticed on an underway product tanker near position 02-01N 104-29E, 24 nm south of Pulau Aur. Duty Officer saw a small boat maneuvering near the vessel and raised the alarm. Seeing alerted crew, the pirates escaped",empty-handed.,NA,NA,NA,NA,2014-07-13,2014,251,8483,Malaysian Exclusive Economic Zone,200NM,2230,Malaysia,2230,Malaysia,MYS,0,NA,0,NA,NA,0,NA,0,NA,NA,108.435167801,4.85143661206,510822.838776,8483
2014-170,71,Pirates,General cargo ship,NA,"INDONESIA:On 9 July, robbers boarded an underway general cargo ship near position 01-59N 108-28E, approximately 37 nm west-southwest of Pulau Merundung. The robbers briefly took the Master hostage, stole his personal properties, and escaped. During the",incident the Master sustained serious injuries on the head. The incident is still under investigation.,NA,NA,NA,NA,2014-07-09,2014,220,8492,Indonesian Exclusive Economic Zone,200NM,2127,Indonesia,2127,Indonesia,IDN,0,NA,0,NA,NA,0,NA,0,NA,NA,117.898147552,-3.30903479808,6025109.71458,8492
2014-165,71,Pirates,Product tanker,NA,"INDONESIA:On 4 July, pirates hijacked the product tanker MORESBY 9 while underway near position 03-23N 105-08E, approximately 34 nm west-northwest of Anambas Island. The pirates took hostage the crew and damaged the communications equipment. Owners","reported the incident to the authorities and a search was carried out. On 5 July, the owners informed the authorities that they had established communication with the tanker. It was reported that the pirates stole approximately 2200 metric tons of their",cargo of Marine Gas Oil (MGO) before escaping. Malaysian Maritime Enforcement Agency (MMEA) is investigating the incident.,NA,NA,NA,2014-07-04,2014,220,8492,Indonesian Exclusive Economic Zone,200NM,2127,Indonesia,2127,Indonesia,IDN,0,NA,0,NA,NA,0,NA,0,NA,NA,117.898147552,-3.30903479808,6025109.71458,8492
2014-162,71,Robbers,Tanker,NA,"INDONESIA:On 2 July, two armed robbers in a wooden fishing boat boarded an anchored tanker from the stern near position 01-28N 104-40E, 13 nm northeast of Pulau Bintan. Alert crew spotted the robbers and raised the alarm. Seeing the alerted crew, the",robbers escaped empty-handed.,NA,NA,NA,NA,2014-07-02,2014,220,8492,Indonesian Exclusive Economic Zone,200NM,2127,Indonesia,2127,Indonesia,IDN,0,NA,0,NA,NA,0,NA,0,NA,NA,117.898147552,-3.30903479808,6025109.71458,8492
2014-159,71,Robbers,Cargo Ship,NA,"INDONESIA:On 30 June, robbers boarded an anchored cargo ship near position 01-25N 104:44E, around 15 nm NE of Pulau Bintan. Alert crewman onboard the vessel spotted unauthorized persons, resulting in their escape with stolen ship's stores.",NA,NA,NA,NA,NA,2014-06-30,2014,220,8492,Indonesian Exclusive Economic Zone,200NM,2127,Indonesia,2127,Indonesia,IDN,0,NA,0,NA,NA,0,NA,0,NA,NA,117.898147552,-3.30903479808,6025109.71458,8492
2014-156,71,Robbers,Container Ship,NA,"INDONESIA:On 26 June, robbers approached an anchored container ship near position 01-24N 104-40E, 11 nm north-northeast of Pulau Bintan. Alert crewman noticed a small boat with ropes and hooks approaching from the stern and raised the alarm. Seeing","crew's alertness, the boat aborted the approach.",NA,NA,NA,NA,2014-06-26,2014,220,8492,Indonesian Exclusive Economic Zone,200NM,2127,Indonesia,2127,Indonesia,IDN,0,NA,0,NA,NA,0,NA,0,NA,NA,117.898147552,-3.30903479808,6025109.71458,8492
2014-155,71,Robbers,Tanker,NA,"INDONESIA:On 25 June, robbers boarded an anchored tanker near position 01-25N 104:34E, 11 nm north of Pulau Bintan. The robbers entered the engine room, stole engine spares and escaped unnoticed. The robbery was later noticed by duty crewman on routine","rounds. Alarm raised, crew mustered and a search was carried out.",NA,NA,NA,NA,2014-06-25,2014,220,8492,Indonesian Exclusive Economic Zone,200NM,2127,Indonesia,2127,Indonesia,IDN,0,NA,0,NA,NA,0,NA,0,NA,NA,117.898147552,-3.30903479808,6025109.71458,8492
2014-149,71,Pirates,Product Tanker,NA,"MALAYSIA:On 17 June, the product tanker ARSENAL and accompanying tug PAWAI reportedly went missing. The two vessels last known position was near 01-31N 104-29E, approximately 12 nm east of Bandar Penawar, Malaysia.UPDATE:Product tanker ARSENAL is","unlikely to have been a victim of hijack but lost contact due to the failure of communication equipment onboard, the Singapore-based anti-piracy body ReCAAP has reported. The 1,832 dwt products tanker was carrying motor gasoline when it went missing in","the South China Sea. The vessel has since made contact with the ship owner. While searching for ARSENAL, the petroleum products tanker GALUH PUSAKA was found in the South China Sea near the Natuna Islands on 18 June. The Indonesia-flagged tanker was","found with its engine off, in ballast and without a crew on board. The vessel was previously manned by 12 crew members, the vessel's communication and navigation equipment was also missing.",NA,NA,2014-06-17,2014,251,8483,Malaysian Exclusive Economic Zone,200NM,2230,Malaysia,2230,Malaysia,MYS,0,NA,0,NA,NA,0,NA,0,NA,NA,108.435167801,4.85143661206,510822.838776,8483
2014-150,71,Robbers,Anchored Ship,NA,"INDONESIA:On 17 June, four robbers armed with knives boarded an anchored ship near position 03-57N 098-46E, Belawan Anchorage. Duty crewman on security rounds saw the robbers and raised the alarm. Upon hearing the alarm the robbers escaped. During an","inspection, ship's stores and properties were noticed to be stolen.",NA,NA,NA,NA,2014-06-17,2014,220,8492,Indonesian Exclusive Economic Zone,200NM,2127,Indonesia,2127,Indonesia,IDN,0,NA,0,NA,NA,0,NA,0,NA,NA,117.898147552,-3.30903479808,6025109.71458,8492
2014-147,71,Pirates,Product tanker,NA,"MALAYSIA:On 14 June, pirates hijacked the Honduras-flagged tanker AL MARU near position 02-06N 104-39E, approximately 31 nm off Tanjung Sedili, Johor. Initial investigations revealed that seven pirates armed with pistols and knives boarded the product","tanker, tied the crew up and locked them in a room. They damaged the ship's communication equipment, reportedly siphoned 620 tons of the cargo, stole the crew's personal belongings including laptops, cash and mobile phones, and fled after seeing naval",vessels approaching. The crew was unhurt.,NA,NA,NA,2014-06-14,2014,251,8483,Malaysian Exclusive Economic Zone,200NM,2230,Malaysia,2230,Malaysia,MYS,0,NA,0,NA,NA,0,NA,0,NA,NA,108.435167801,4.85143661206,510822.838776,8483
2014-143,71,Robbers,Cargo ship,NA,"MALAYSIA:On 7 June, four robbers in a small boat boarded an anchored cargo ship near position 01-40N 104-25E, approximately 10 nm east-northeast of Tanjung Balau, Johor. The robbers boarded the ship from the stern area with a hook and rope, but were","spotted by a duty crewman on security rounds. Duty crewman informed the duty officer who raised the alarm. Upon hearing the alarm and seeing the crew response, the robbers escaped empty handed in their boat. A security alert message was sent to ships in",the vicinity.,NA,NA,NA,2014-06-07,2014,251,8483,Malaysian Exclusive Economic Zone,200NM,2230,Malaysia,2230,Malaysia,MYS,0,NA,0,NA,NA,0,NA,0,NA,NA,108.435167801,4.85143661206,510822.838776,8483
2014-144,71,Pirates,Tanker,NA,"MALAYSIA:On 7 June, ten machete-wielding pirates hijacked the Malaysia-registered tanker MT BUDI MESRA DUA off Bintulu in the oil-rich Sarawak state as the ship sailed from neighboring Singapore. The tanker was carrying about a million liters of diesel","fuel. They took control of the tanker for about 10 hours and siphoned off the diesel fuel to another ship, then robbed the crew of their valuables and destroyed communication equipment before escaping.",NA,NA,NA,NA,2014-06-07,2014,251,8483,Malaysian Exclusive Economic Zone,200NM,2230,Malaysia,2230,Malaysia,MYS,0,NA,0,NA,NA,0,NA,0,NA,NA,108.435167801,4.85143661206,510822.838776,8483
2014-130,71,Robbers,General cargo ship,NA,"INDONESIA:On 3 June, three robbers attempted to board an anchored general cargo ship near position 06-01S 106-54E, Tanjung Priok. An alert deck watchman saw the robbers and raised the alarm. Seeing the alerted crew, the robbers retreated into their boat",and moved away.,NA,NA,NA,NA,2014-06-03,2014,220,8492,Indonesian Exclusive Economic Zone,200NM,2127,Indonesia,2127,Indonesia,IDN,0,NA,0,NA,NA,0,NA,0,NA,NA,117.898147552,-3.30903479808,6025109.71458,8492
2014-131,71,Pirates,Tanker,NA,"MALAYSIA:On 31 May, ten pirates boarded an underway tanker near position 04-03N 112-26E, approximately 60 nm northwest of Bintulu. The robbers tied up the duty officer and lookout and asked them the details of the vessel destination, type of cargo,",nationality and number of crew on board. Before leaving the vessel the pirates destroyed the vessels communication equipment and stole ship and crew property. Crew and vessel are now safe.,NA,NA,NA,NA,2014-05-31,2014,251,8483,Malaysian Exclusive Economic Zone,200NM,2230,Malaysia,2230,Malaysia,MYS,0,NA,0,NA,NA,0,NA,0,NA,NA,108.435167801,4.85143661206,510822.838776,8483
2014-136,71,Intruders,Tugboat,NA,"INDONESIA:On 29 May, at 0042 hours local time, Kien San 1, a Malaysia-registered tugboat loaded with scrap metal, was boarded by four men as the ship was under way northwest of Nipa Anchorage. However, the four men soon made their escape after the",Singapore Police Coast Guard deployed a patrol craft near the vicinity.,NA,NA,NA,NA,2014-05-29,2014,220,8492,Indonesian Exclusive Economic Zone,200NM,2127,Indonesia,2127,Indonesia,IDN,0,NA,0,NA,NA,0,NA,0,NA,NA,117.898147552,-3.30903479808,6025109.71458,8492
2014-132,71,Robbers,Tanker,NA,"MALAYSIA:On 29 May, three suspected robbers approached an anchored tanker near position01-34N 104-27E, approximately 22 nm north of Pulau Bintan. Duty crewman spotted the skiff and reported to the duty officer on the bridge, who raised the alarm and","mustered the crew. Seeing the crew alertness, the robbers moved away.",NA,NA,NA,NA,2014-05-29,2014,251,8483,Malaysian Exclusive Economic Zone,200NM,2230,Malaysia,2230,Malaysia,MYS,0,NA,0,NA,NA,0,NA,0,NA,NA,108.435167801,4.85143661206,510822.838776,8483
2014-137,71,Robbers,Bulk carrier,NA,"INDONESIA:On 29 May, Eastern Star, a Vietnam-registered bulk carrier was targeted next by the sea robbers at 0353 hours local time on 29 May as it was under way southwest of Nipa Anchorage. Four men were spotted on board the stern of the vessel. The",robbers escaped when the master searched the vessel.,NA,NA,NA,NA,2014-05-29,2014,181,8485,Singaporean Exclusive Economic Zone,200NM,2190,Singapore,2190,Singapore,SGP,0,NA,0,NA,NA,0,NA,0,NA,NA,103.816427663,1.27428184632,721.555202966,8485
2014-126,71,Robbers,Bulk Carrier,NA,INDONESIA:On 28 May four robbers boarded the Liberia-registered bulk carrier Ore Vitoria at 0625 local time while underway southwest of Nipa Anchorage. No further information was provided.,NA,NA,NA,NA,NA,2014-05-28,2014,220,8492,Indonesian Exclusive Economic Zone,200NM,2127,Indonesia,2127,Indonesia,IDN,0,NA,0,NA,NA,0,NA,0,NA,NA,117.898147552,-3.30903479808,6025109.71458,8492
2014-124,71,Pirates,Tanker,NA,"MALAYSIA:On 25 May, armed pirates boarded an underway tanker near position 01-51N 104-31E, 30 nm south of Pulau Aur. They stole cash, crew personal effects, and provisions and damaged equipment before disembarking the vessel. Following the incident, the",vessel proceeded to her next port of call.,NA,NA,NA,NA,2014-05-25,2014,251,8483,Malaysian Exclusive Economic Zone,200NM,2230,Malaysia,2230,Malaysia,MYS,0,NA,0,NA,NA,0,NA,0,NA,NA,108.435167801,4.85143661206,510822.838776,8483
2014-118,71,Robbers,Tanker,NA,"INDONESIA:On 12 May, four robbers boarded an anchored tanker near position 01-35N 104-32E, approximately 21 nm north of Pulau Bintan. The Third Engineer subsequently saw the robbers in the steering gear room and informed the bridge. Bridge crew raised","the alarm. Upon hearing the alarm, the robbers escaped empty-handed.",NA,NA,NA,NA,2014-05-12,2014,251,8483,Malaysian Exclusive Economic Zone,200NM,2230,Malaysia,2230,Malaysia,MYS,0,NA,0,NA,NA,0,NA,0,NA,NA,108.435167801,4.85143661206,510822.838776,8483
2014-115,71,Robber,Chemical Tanker,NA,"INDONESIA:On 4 May, a duty crewman making routine rounds aboard an anchored chemical tanker at position 01-27N 104-35E, approximately 13 nm north of Pulau Bintan, noticed the steering gear rooms door open. Upon approaching, he saw a robber escaping over",the railing and informed the bridge. Alarm raised and all crew mustered. Upon searching the vessel the crew discovered that ships engine spares were stolen. A security message was broadcast to ships in the vicinity.,NA,NA,NA,NA,2014-05-04,2014,220,8492,Indonesian Exclusive Economic Zone,200NM,2127,Indonesia,2127,Indonesia,IDN,0,NA,0,NA,NA,0,NA,0,NA,NA,117.898147552,-3.30903479808,6025109.71458,8492
2014-103,71,Robbers,Product Tanker,NA,"INDONESIA:On 1 May at 0530 local time, three robbers armed with knives boarded a drifting product tanker near position 01-29N 104-47E, 20 nm northeast of Pulau Bintan. Duty crew on bridge raised alarm, seeing the alerted crew the robbers retreated empty",handed.,NA,NA,NA,NA,2014-05-01,2014,220,8492,Indonesian Exclusive Economic Zone,200NM,2127,Indonesia,2127,Indonesia,IDN,0,NA,0,NA,NA,0,NA,0,NA,NA,117.898147552,-3.30903479808,6025109.71458,8492
2014-94,71,Pirates,Product tanker,NA,"MALAYSIA:On 22 April, up to ten heavily armed pirates boarded and hijacked the product tanker, MT NANIWA MARU No 1, near position 02-59N 100-54E, 3 nm west-northwest of One Fathom Bank, near Port Klang. The pirates pumped out 3 million liters of the 4.5","million liters of diesel carried by the tanker into two waiting vessels and then made off with three Indonesian crew members, including the captain and chief engineer.",NA,NA,NA,NA,2014-04-22,2014,251,8483,Malaysian Exclusive Economic Zone,200NM,2230,Malaysia,2230,Malaysia,MYS,0,NA,0,NA,NA,0,NA,0,NA,NA,108.435167801,4.85143661206,510822.838776,8483
2014-95,71,Robbers,Anchored product tanker,NA,"INDONESIA:On 21 April, an unknown number of robbers boarded an anchored product tanker near position 01-24N 104-34E, 11 nm north of Palau Bintan. The robbers stole spare parts and property before escaping undetected. The thefts were subsequently noticed",by the duty crewman on routine rounds.,NA,NA,NA,NA,2014-04-21,2014,220,8492,Indonesian Exclusive Economic Zone,200NM,2127,Indonesia,2127,Indonesia,IDN,0,NA,0,NA,NA,0,NA,0,NA,NA,117.898147552,-3.30903479808,6025109.71458,8492
2014-96,71,Robbers,Anchored product tanker,NA,"INDONESIA:On 20 April, two robbers in a small boat boarded an anchored product tanker near position 01-26N 104-38E, approximately 12 nm north-northeast of Pulau Bintan. Duty crewman on routine rounds noticed the robbers and informed the duty officer who",raised the alarm. All crew mustered and a search was carried out throughout the tanker and found that ship's engine spares were missing. Incident reported to MPA Singapore.,NA,NA,NA,NA,2014-04-20,2014,220,8492,Indonesian Exclusive Economic Zone,200NM,2127,Indonesia,2127,Indonesia,IDN,0,NA,0,NA,NA,0,NA,0,NA,NA,117.898147552,-3.30903479808,6025109.71458,8492
2014-97,71,Robbers,Anchored general cargo ship,NA,"INDONESIA:On 19 April, five robbers armed with knives attempted to board an anchored general cargo ship near position 03-55N 098-46E, Belawan Anchorage. They took hostage a duty crewman on the forecastle and stole his personal belongings. The incident","was noticed by the crew near the stern who informed the bridge. Duty officer raised and mustered the crew. Upon hearing the alarm, the robbers escaped with the stolen items in their wooden boat. The duty crewman received minor injuries.",NA,NA,NA,NA,2014-04-19,2014,220,8492,Indonesian Exclusive Economic Zone,200NM,2127,Indonesia,2127,Indonesia,IDN,0,NA,0,NA,NA,0,NA,0,NA,NA,117.898147552,-3.30903479808,6025109.71458,8492
2014-100,71,Pirates,Underway product tanker,NA,"MALAYSIA:On 17 April, 16 armed pirates boarded and hijacked an underway product tanker near position 01-59N 104-25 E, 26 nm south-southwest of Pulau Aur. The pirates then transferred part of the fuel cargo into smaller unknown tankers. Crew and ship",properties were stolen and ship communication equipment damaged. Master and crew managed to repair the damage and proceed to a safe port.,NA,NA,NA,NA,2014-04-17,2014,251,8483,Malaysian Exclusive Economic Zone,200NM,2230,Malaysia,2230,Malaysia,MYS,0,NA,0,NA,NA,0,NA,0,NA,NA,108.435167801,4.85143661206,510822.838776,8483
2014-79,71,Robbers,Tanker,NA,"INDONESIA:On 2 April, four robbers boarded an anchored tanker from the stern near position 01-24N 104-43E, approximately 12 nm northeast of Palau Bintan. When the duty crewman noticed the robbers, he informed the bridge. The alarm was raised and the crew",mustered. The robbers subsequently fled without stealing anything.,NA,NA,NA,NA,2014-04-02,2014,220,8492,Indonesian Exclusive Economic Zone,200NM,2127,Indonesia,2127,Indonesia,IDN,0,NA,0,NA,NA,0,NA,0,NA,NA,117.898147552,-3.30903479808,6025109.71458,8492
2014-76,71,Robbers,Tanker,NA,"INDONESIA:On 20 March, three robbers boarded an anchored tanker using a rope near position 05-59S 105-55E, at Cigading Anchorage. The duty crewman spotted the robbers and reported the activity to the duty officer on the bridge. The duty officer raised",the alarm and the crew mustered. The robbers then jumped overboard and escaped. The master reported incident to Port Authority.,NA,NA,NA,NA,2014-03-20,2014,220,8492,Indonesian Exclusive Economic Zone,200NM,2127,Indonesia,2127,Indonesia,IDN,0,NA,0,NA,NA,0,NA,0,NA,NA,117.898147552,-3.30903479808,6025109.71458,8492
2014-101,71,Pirates,Anchor handling tug,NA,"INDONESIA: On 11 March, two skiffs reportedly chased M/V LEWEK EBONY, an anchor handling tug, in an area 250 nm west of Jakarta. The chase prompted the master of the vessel to report a pirate attack in progress and to light off the firefighting monitors","on board the vessel. Further circumstances involving the chase are unknown, but the reported actions of the skiffs and location of the event are considered very unusual.",NA,NA,NA,NA,2014-03-11,2014,220,8492,Indonesian Exclusive Economic Zone,200NM,2127,Indonesia,2127,Indonesia,IDN,0,NA,0,NA,NA,0,NA,0,NA,NA,117.898147552,-3.30903479808,6025109.71458,8492
2014-70,71,Robbers,Bulk carrier,NA,"INDONESIA:On 10 March, at approximately 0150 hours local time, four robbers boarded the underway Cyprus-flagged bulk carrier CAPE VENI southwest of Pulau Nipa in the traffic separation schemes eastbound lane. The robbers who arrived on a small boat were","armed with knives. On hearing the general alarm raised by the crew, the robbers fled without stealing anything. No injuries were reported.",NA,NA,NA,NA,2014-03-10,2014,220,8492,Indonesian Exclusive Economic Zone,200NM,2127,Indonesia,2127,Indonesia,IDN,0,NA,0,NA,NA,0,NA,0,NA,NA,117.898147552,-3.30903479808,6025109.71458,8492
2014-68,71,Robbers,Crude oil tanker,NA,"INDONESIA:On 6 March, at approximately 0515 hours local time, four robbers boarded the underway Marshall Islands-flagged crude oil tanker SEA VOYAGER off Pulau Karimun Kecil. The robbers arrived on a fishing vessel and where armed with knives. Upon","detecting the robbers, the crew sounded the alarm and proceeded to the protected area of the ship. The robbers fled in their boat on hearing the alarm. Nothing was stolen from the tanker and no one was injured.",NA,NA,NA,NA,2014-03-06,2014,220,8492,Indonesian Exclusive Economic Zone,200NM,2127,Indonesia,2127,Indonesia,IDN,0,NA,0,NA,NA,0,NA,0,NA,NA,117.898147552,-3.30903479808,6025109.71458,8492
2014-63,71,Robbers,Underway tanker,NA,"SINGAPORE STRAIT:On 3 March near 01-11N 103-26E, four robbers armed with knives in a speed boat boarded a tanker underway. Alarm raised and crew alerted. Seeing the allerted crew the robbers escaped immediatly. Nothing was stolen.",NA,NA,NA,NA,NA,2014-03-03,2014,220,8492,Indonesian Exclusive Economic Zone,200NM,2127,Indonesia,2127,Indonesia,IDN,0,NA,0,NA,NA,0,NA,0,NA,NA,117.898147552,-3.30903479808,6025109.71458,8492
2014-47,71,Robber(s),Anchored container ship,NA,"INDONESIA:On 14 February, a robber(s) boarded an anchored container ship near position 05-59S 106-55E, Jakarta Roads. When the duty crewman on routine rounds noticed an unlit small wooden boat quickly leaving the stern of the ship, the crew raised the",alarm and searched the vessel. During the search the crew discovered that engine room stores had been stolen.,NA,NA,NA,NA,2014-02-14,2014,220,8492,Indonesian Exclusive Economic Zone,200NM,2127,Indonesia,2127,Indonesia,IDN,0,NA,0,NA,NA,0,NA,0,NA,NA,117.898147552,-3.30903479808,6025109.71458,8492
2014-41,71,Robbers,Bulk carrier,NA,"INDONESIA:On 10 February, six robbers armed with guns and long knives boarded an anchored bulk carrier near position 01-21N 104-41E, approximately 10 nm northeast of Tg. Berakit, Pulau Bintan. When the duty oiler spotted the robbers in the engine room,","he informed the duty officer on the bridge. The crew raised the alarm, sounded the ships whistle, activated the SSAS, and mustered the crew on the bridge. Upon hearing the alarm, the robbers escaped in their boat. The crew searched the vessel and found",nothing stolen.,NA,NA,NA,2014-02-10,2014,220,8492,Indonesian Exclusive Economic Zone,200NM,2127,Indonesia,2127,Indonesia,IDN,0,NA,0,NA,NA,0,NA,0,NA,NA,117.898147552,-3.30903479808,6025109.71458,8492
2014-49,71,Robbers,Underway container ship,NA,"INDONESIA:On 6 February at approximately 0630 local time, seven robbers armed with knives boarded an underway container ship near position 01:05 N 103:33 E, southern Singapore Strait. The robbers entered the engine room and tied up the electrical",officer. They then stole the engine spares as well as the electrical officer's mobile phone. The electrician managed to untie himself and informed the bridge. The crew raised the alarm and sent out a distress message. The robbers escaped with stolen,ship's spare parts.,NA,NA,NA,2014-02-06,2014,220,8492,Indonesian Exclusive Economic Zone,200NM,2127,Indonesia,2127,Indonesia,IDN,0,NA,0,NA,NA,0,NA,0,NA,NA,117.898147552,-3.30903479808,6025109.71458,8492
2014-35,71,Robbers,Chemical tanker,NA,"INDONESIA:On 1 February, five robbers armed with knives boarded an anchored chemical tanker near position 01-42N 101-25E, Dumai Inner Anchorage. The robbers entered into the engine room and took hostage the duty oiler and second engineer. As the robbers",were leaving the engine room the third engineer noticed the robbers and raised the alarm and released the second engineer and oiler. The robbers escaped with engine room spare parts. Incident reported to the local authorities.,NA,NA,NA,NA,2014-02-01,2014,220,8492,Indonesian Exclusive Economic Zone,200NM,2127,Indonesia,2127,Indonesia,IDN,0,NA,0,NA,NA,0,NA,0,NA,NA,117.898147552,-3.30903479808,6025109.71458,8492
2014-36,71,Robbers,Bulk carrier,NA,"INDONESIA:On 18 January, robbers fired upon and boarded an anchored bulk carrier ORIENTAL SAPPHIRE while at Kabil Anchorage in Batam. After boarding the vessel, the robbers went to the engine room. The crew locked themselves in the bridge and reported","the incident to Singapore Port Operation Control Centre. The robbers stole personal belongings and ships property before escaping. There was no injury to the crew, but dents were found on the ship.",NA,NA,NA,NA,2014-01-18,2014,220,8492,Indonesian Exclusive Economic Zone,200NM,2127,Indonesia,2127,Indonesia,IDN,0,NA,0,NA,NA,0,NA,0,NA,NA,117.898147552,-3.30903479808,6025109.71458,8492
2014-19,71,Robbers,Container ship,NA,"INDONESIA:On 10 January, robbers boarded a berthed container ship at position 06-06S 106-53E, Jakarta Container Terminal. The robbers were able to steal engine spare parts before departing the vessel undetected. The theft was noticed by duty engineer",after the ship departed from the port.,NA,NA,NA,NA,2014-01-10,2014,220,8492,Indonesian Exclusive Economic Zone,200NM,2127,Indonesia,2127,Indonesia,IDN,0,NA,0,NA,NA,0,NA,0,NA,NA,117.898147552,-3.30903479808,6025109.71458,8492
2014-3,71,Robbers,Chemical tanker,NA,"INDONESIA:On 20 December, robbers boarded an anchored chemical tanker near position 03-54N 098-47E, approximately 7 nm from Belawan Port. The robbers broke into the ship forecastle store room, stole parts and equipment and escaped when spotted by duty",crewmen.,NA,NA,NA,NA,2013-12-20,2013,220,8492,Indonesian Exclusive Economic Zone,200NM,2127,Indonesia,2127,Indonesia,IDN,0,NA,0,NA,NA,0,NA,0,NA,NA,117.898147552,-3.30903479808,6025109.71458,8492
2013-366,71,SUSPICIOUS APPROACH,CHEMICAL TANKER,NA,"MALAYSIA:On 19 December, a speed boat approached at high speed an anchored chemical tanker near position 01-19N 104-16E, approximately 3 nm south of Kampung Tanjun Che Lahom. Crew raised the alarm and the ship search light was directed towards the boat","which had come alongside. Seeing the crew response, the speed boat moved away.",NA,NA,NA,NA,2013-12-19,2013,251,8483,Malaysian Exclusive Economic Zone,200NM,2230,Malaysia,2230,Malaysia,MYS,0,NA,0,NA,NA,0,NA,0,NA,NA,108.435167801,4.85143661206,510822.838776,8483
2013-365,71,ROBBERS,CHEMICAL TANKER,NA,INDONESIA:03-55N 098-48E. On 19 December 9nm off Belawan Port robbers boarded an anchored chemical tanker unnoticed. They broke into the ship's forward stores and escaped with the ship's property. All crew safe.,NA,NA,NA,NA,NA,2013-12-19,2013,220,8492,Indonesian Exclusive Economic Zone,200NM,2127,Indonesia,2127,Indonesia,IDN,0,NA,0,NA,NA,0,NA,0,NA,NA,117.898147552,-3.30903479808,6025109.71458,8492
2014-8,71,Robbers,Barge,NA,"SINGAPORE STRAITS:On 18 December, robbers boarded a barge under tow near position 01-15N 104-07E, in the Singapore Straits and stole cargo. The master contacted authorities who dispatched a patrol craft to assist.",NA,NA,NA,NA,NA,2013-12-18,2013,220,8492,Indonesian Exclusive Economic Zone,200NM,2127,Indonesia,2127,Indonesia,IDN,0,NA,0,NA,NA,0,NA,0,NA,NA,117.898147552,-3.30903479808,6025109.71458,8492
2014-9,71,Robbers,Barge,NA,"SINGAPORE STRAITS:On 13 December, robbers boarded a barge under tow near position 01-14N 104-03E, in the Singapore Straits. The robbers were armed with knives and stole cargo before departing.",NA,NA,NA,NA,NA,2013-12-13,2013,220,8492,Indonesian Exclusive Economic Zone,200NM,2127,Indonesia,2127,Indonesia,IDN,0,NA,0,NA,NA,0,NA,0,NA,NA,117.898147552,-3.30903479808,6025109.71458,8492
2013-352,71,ROBBERS,TANKER,NA,"INDONESIA:On 7 December, four robbers armed with knives boarded anchored tanker conducting STS operations near position 01-07N 103-35 E, Nipah Anchorage. Upon discovering the robbers, the duty engineer raised the alarm. Seeing the crew response, the",robbers escaped empty handed.,NA,NA,NA,NA,2013-12-07,2013,220,8492,Indonesian Exclusive Economic Zone,200NM,2127,Indonesia,2127,Indonesia,IDN,0,NA,0,NA,NA,0,NA,0,NA,NA,117.898147552,-3.30903479808,6025109.71458,8492
2013-344,71,ROBBER,TANKER,NA,"INDONESIA:On 1 December, a robber armed with a knife boarded an anchored tanker conducting STS operations near position 01-06N 103-38E, Nipah Anchorage. When the duty crewman saw the robber during routine rounds, he notified the duty officer who raised","the alarm and mustered the crew. Upon seeing the crew response, the robber escaped empty handed in a wooden boat.",NA,NA,NA,NA,2013-12-01,2013,220,8492,Indonesian Exclusive Economic Zone,200NM,2127,Indonesia,2127,Indonesia,IDN,0,NA,0,NA,NA,0,NA,0,NA,NA,117.898147552,-3.30903479808,6025109.71458,8492
2013-345,71,SUSPICIOUS CRAFT,TANKER,NA,"INDONESIA:On 29 November, the crew of an anchored tanker near position 01-06N 103-36E, Nipah Anchorage, noticed a speedboat approaching their vessel. The crew raised the alarm resulting in the speedboat departing the area.",NA,NA,NA,NA,NA,2013-11-29,2013,220,8492,Indonesian Exclusive Economic Zone,200NM,2127,Indonesia,2127,Indonesia,IDN,0,NA,0,NA,NA,0,NA,0,NA,NA,117.898147552,-3.30903479808,6025109.71458,8492
2013-340,71,ROBBERS,PRODUCT TANKER,NA,"INDONESIA:On 22 November, an anchored product tanker experienced a boarding near position 01-41N 101-27E, Dumai Port. The robbers boarded the ship unnoticed during cargo operations. They stole engine spare parts and escaped. The theft was noticed during",routine rounds by the duty crew.,NA,NA,NA,NA,2013-11-22,2013,220,8492,Indonesian Exclusive Economic Zone,200NM,2127,Indonesia,2127,Indonesia,IDN,0,NA,0,NA,NA,0,NA,0,NA,NA,117.898147552,-3.30903479808,6025109.71458,8492
2013-330,71,ROBBERS,TANKER,NA,"INDONESIA:On 14 November, seven robbers boarded the ship unnoticed and entered the engine room of an anchored tanker near position 01-23N 104-42E approximately 12 nm northeast of Bintan Island. Duty oiler noticed the robbers during his routine rounds and",informed the duty engineer who raised the alarm. Seeing the alerted crew the robbers escaped with ship's stores. All crew safe.,NA,NA,NA,NA,2013-11-14,2013,220,8492,Indonesian Exclusive Economic Zone,200NM,2127,Indonesia,2127,Indonesia,IDN,0,NA,0,NA,NA,0,NA,0,NA,NA,117.898147552,-3.30903479808,6025109.71458,8492
2013-327,71,PIRATES,Petroleum product tanker,NA,"MALAYSIA:On 7 November, an underway petroleum product tanker was boarded and hijacked near position 01-20N 103-18E, around 7.3nm west of Pulau Kukup. Five pirates armed with knives and guns boarded the ship and tied up all the crew members and held them",hostage in one cabin. Later they ordered the Ship's Master to steer the ship to a pre designated position. Another unknown orange hulled tanker came alongside and the pirates forced the Ship's Master and the Ship's Bosun to operate the cargo pumps and,"valves and the mooring winches to transfer the oil into the unknown tanker. At around 1600 local time the pirates disembarked after transferring and stealing all the gas-oil. Before leaving, the pirates also stole crew personal belongings.",NA,NA,NA,2013-11-07,2013,251,8483,Malaysian Exclusive Economic Zone,200NM,2230,Malaysia,2230,Malaysia,MYS,0,NA,0,NA,NA,0,NA,0,NA,NA,108.435167801,4.85143661206,510822.838776,8483
2013-333,71,ROBBERS,BARGE/TUG,NA,"MALAYSIA:On 6 November, approximately 20 robbers boarded a barge being towed by a Singapore-registered tug near position 01-25N 104-23E, approximately 1.6 nm north-northeast of Horsburgh Lighthouse. A Singapore Navy vessel was dispatched to the area.","Upon seeing the approaching Naval vessel, the robbers disembarked the barge and departed the area.",NA,NA,NA,NA,2013-11-06,2013,251,8483,Malaysian Exclusive Economic Zone,200NM,2230,Malaysia,2230,Malaysia,MYS,0,NA,0,NA,NA,0,NA,0,NA,NA,108.435167801,4.85143661206,510822.838776,8483
2013-317,71,Robbers,Asphalt tanker,NA,"SINGAPORE STRAIT:On 30 October, an underway asphalt tanker experienced a boarding near position 01-21N 104-24E, near the Horsburgh Lighthouse. Five robbers armed with guns and long knives boarded the ship unnoticed. They took hostage the Watch Officer",and duty crewman and tied their hands. The robbers took the Watch Officer to his cabin and stole personal belongings and cash and then stole belongings from four other crew cabins before escaping.,NA,NA,NA,NA,2013-10-30,2013,251,8483,Malaysian Exclusive Economic Zone,200NM,2230,Malaysia,2230,Malaysia,MYS,0,NA,0,NA,NA,0,NA,0,NA,NA,108.435167801,4.85143661206,510822.838776,8483
2013-318,71,SUSPICIOUS CRAFT,Chemical tanker,NA,"MALAYSIA:On 26 October, an underway chemical tanker experienced an attempted boarding near position 03-40N 103-55E, approximately 35 nm ESE of Kuantan Port. Two speed boats approached and tried to come alongside the ship while underway. Duty Officer","raised alarm and the crew mustered. Master activated the SSAS, switched on all the deck lights and altered course away from land. Seeing the crew response, the boats aborted the boarding and moved away.",NA,NA,NA,NA,2013-10-26,2013,251,8483,Malaysian Exclusive Economic Zone,200NM,2230,Malaysia,2230,Malaysia,MYS,0,NA,0,NA,NA,0,NA,0,NA,NA,108.435167801,4.85143661206,510822.838776,8483
2013-312,71,Robbers,Chemical tanker,NA,"INDONESIA:On 22 October, an anchored chemical tanker was boarded at position 03-47N 098-46E, Belawan Anchorage. Duty crew on routine rounds notice the mid-ship storeroom lock broken and ship stores stolen. Port authorities were informed. Robbers escaped",unnoticed.,NA,NA,NA,NA,2013-10-22,2013,220,8492,Indonesian Exclusive Economic Zone,200NM,2127,Indonesia,2127,Indonesia,IDN,0,NA,0,NA,NA,0,NA,0,NA,NA,117.898147552,-3.30903479808,6025109.71458,8492
2013-304,71,PIRATES,OIL PRODUCT TANKER DANAI 4,NA,"MALAYSIA:On 10 October at 0530 local time, nine hijackers wearing masks and carrying guns boarded underway oil product tanker DANAI 4 with a speedboat 20 nm southeast of Pulau Aur. They hijacked the tanker, took the crew hostage, and destroyed all the","communications equipment. The hijackers disembarked on 15 October; stealing ship's cargo, cash, crew personal belongings and cash, and portable communications equipment. The master contacted the owners and informed them of the incident. There were no",injuries to the crew. The tanker had marine gas oil and 15 crewmembers onboard.,NA,NA,NA,2013-10-10,2013,251,8483,Malaysian Exclusive Economic Zone,200NM,2230,Malaysia,2230,Malaysia,MYS,0,NA,0,NA,NA,0,NA,0,NA,NA,108.435167801,4.85143661206,510822.838776,8483
2013-291,71,Robbers,Tanker,NA,"INDONESIA:On 7 October at 0345 local time, five robbers boarded anchored tanker PIONEER EXPRESS during STS operations near position 01-08N 103-25E, Karimun Transhipment Anchorage. Robbers boarded via the poop deck and attempted to enter the accommodation","area. The alarm was raised and the crew mustered. Upon hearing the alarm, the robbers made threatening gestures to the crew, jumped overboard, and escaped in their unlit boat that had an orange superstructure. The mooring master and the other STS vessel",were informed as well. A detailed search on both vessels indicated that the robbers had boarded both vessels. Port control was informed.,NA,NA,NA,2013-10-07,2013,220,8492,Indonesian Exclusive Economic Zone,200NM,2127,Indonesia,2127,Indonesia,IDN,0,NA,0,NA,NA,0,NA,0,NA,NA,117.898147552,-3.30903479808,6025109.71458,8492
2013-292,71,Robbers,Tanker,NA,"INDONESIA:On 6 October at 0410 local time, six robbers dressed in black boarded anchored tanker ARMADA ALI near position 01-09N 103-35E Nipah anchorage and tried to enter the accommodation area. The alert duty officer raised the alarm and sounded the","ship's whistle. The robbers heard the alarm, jumped overboard, and escaped in their wooden boat, that had an orange canopy. Vessels in the vicinity were alerted via VHF. The crew mustered and a search was carried out.",NA,NA,NA,NA,2013-10-06,2013,220,8492,Indonesian Exclusive Economic Zone,200NM,2127,Indonesia,2127,Indonesia,IDN,0,NA,0,NA,NA,0,NA,0,NA,NA,117.898147552,-3.30903479808,6025109.71458,8492
2013-283,71,Robbers,Tanker,NA,"INDONESIA:On 27 September at 1440 local time, five robbers in a wooden boat approached an anchored tanker at position 3-58N 98-45E, Belawan Anchorage. One robber managed to board via the hawse pipe. When the duty seaman noticed the robber, he raised",alarm and alerted the crew. The robber subsequently escaped in the waiting boat with his accomplices. Nothing was stolen during the incident.,NA,NA,NA,NA,2013-09-27,2013,220,8492,Indonesian Exclusive Economic Zone,200NM,2127,Indonesia,2127,Indonesia,IDN,0,NA,0,NA,NA,0,NA,0,NA,NA,117.898147552,-3.30903479808,6025109.71458,8492
2013-295,71,Robbers,Bulk carrier,NA,"INDONESIA:On 26 September at 0200 local time, eight robbers armed with knives boarded anchored bulk carrier ROSALIA D'AMATO at position 01-02S 117-15E, the the Samarinda Anchorage. They stole ship's stores and departed.",NA,NA,NA,NA,NA,2013-09-26,2013,220,8492,Indonesian Exclusive Economic Zone,200NM,2127,Indonesia,2127,Indonesia,IDN,0,NA,0,NA,NA,0,NA,0,NA,NA,117.898147552,-3.30903479808,6025109.71458,8492
2013-280,71,Pirates,Offshore supply tug,NA,"MALAYSIA:On 23 September, underway offshore supply tug JM DAMAI experienced a boarding at position 04-52N 104-05 E, approximately 22 nm east-northeast of Pulau Tenggul. Eight pirates wearing masks armed with a hand gun and long knives in a high speed","craft approached and boarded the ship. They took hostage all crew members, tied them up and stole their personal belongings. After about three hours, the pirates left the vessel. Crew managed to free themselves and the Master reported the incident to the",owners. Vessel returned to the port of departure where the authorities boarded the vessel for an investigation. Master reports a possibility of a mother vessel in the vicinity.,NA,NA,NA,2013-09-23,2013,251,8483,Malaysian Exclusive Economic Zone,200NM,2230,Malaysia,2230,Malaysia,MYS,0,NA,0,NA,NA,0,NA,0,NA,NA,108.435167801,4.85143661206,510822.838776,8483
2013-279,71,Robbers,Tanker,NA,"INDONESIA:On 23 September, robbers boarded the Marshall Islands-flagged tanker Armada Ali at position 01-07N 103-37E, Nipah Anchorage. Three robbers armed with knives boarded an anchored tanker during transfer operations. Duty crewmen challenged the","robbers, who threw bolts and nuts and a knife at the crewmen. The duty officer raised the alarm and mustered the crew. A search of the ship was carried out. No robbers were found on board. The ship's Master requested the mooring Master to inform the",local navy to do a search around the vessel.,NA,NA,NA,2013-09-23,2013,220,8492,Indonesian Exclusive Economic Zone,200NM,2127,Indonesia,2127,Indonesia,IDN,0,NA,0,NA,NA,0,NA,0,NA,NA,117.898147552,-3.30903479808,6025109.71458,8492
2013-296,71,Robbers,Tugboat,NA,"SINGAPORE:On 22 September at 0735, crew onboard underway tug BUDGET 17 in the Malacca Strait TSS Westbound Lane notice multiple people onboard the barge in tow BUDGET 27 that were stealing iron scrap metal pieces. There were three small boats in the",vicinity. The incident was reported to the Singapore Police Coast Guard and Singapore Navy.,NA,NA,NA,NA,2013-09-22,2013,220,8492,Indonesian Exclusive Economic Zone,200NM,2127,Indonesia,2127,Indonesia,IDN,0,NA,0,NA,NA,0,NA,0,NA,NA,117.898147552,-3.30903479808,6025109.71458,8492
2013-284,71,Robbers,Tanker,NA,"INDONESIA:On 21 September, at 2230 local time, duty crew on board an anchored tanker in the Jakarta Anchorage noticed five robbers disembarking the vessel and escaping in a small unlit boat near the stern. The alarm was raised and all crew mustered. Upon",searching the vessel it was observed that the robbers had probably gained access during the watch change and had entered the engine room and stolen ship stores.,NA,NA,NA,NA,2013-09-21,2013,220,8492,Indonesian Exclusive Economic Zone,200NM,2127,Indonesia,2127,Indonesia,IDN,0,NA,0,NA,NA,0,NA,0,NA,NA,117.898147552,-3.30903479808,6025109.71458,8492
2013-281,71,Robbers,Bulk freighter,NA,"INDONESIA:On 21 September, anchored bulk freighter USOLIE was boarded at position 00-16S 117-41E, Samarinda Anchorage. Ten robbers armed with knives and steel bars boarded the ship during cargo operations. They took hostage a duty crewman conducting","routine rounds, assaulted him, robbed him of personal belongings, tied him up and then broke into the bosun locker. The duty officer noticed the robbers, raised the alarm and crew mustered. Upon hearing the alarm the robbers escaped in their wooden boat",with stolen ship stores. Port Authorities informed by VHF radio.,NA,NA,NA,2013-09-21,2013,220,8492,Indonesian Exclusive Economic Zone,200NM,2127,Indonesia,2127,Indonesia,IDN,0,NA,0,NA,NA,0,NA,0,NA,NA,117.898147552,-3.30903479808,6025109.71458,8492
2013-277,71,ROBBERS,CHEMICAL TANKER,NA,"INDONESIA:On 15 September, anchored chemical tanker CARTOLA was boarded by four robbers at position 01-04N 103-38E Nipah Anchorage. Duty crew noticed four robbers on the poop deck. Duty officer was informed, alarm raised and crew mustered. Seeing alerted",crew the robbers escaped.,NA,NA,NA,NA,2013-09-15,2013,220,8492,Indonesian Exclusive Economic Zone,200NM,2127,Indonesia,2127,Indonesia,IDN,0,NA,0,NA,NA,0,NA,0,NA,NA,117.898147552,-3.30903479808,6025109.71458,8492
2013-297,71,Robbers,Tanker,NA,"INDONESIA:On 11 September, four robbers boarded a tanker engaged in STS operations at Nipah anchorage via the poop deck. The alert crewmembers deterred the robbers; the robbers then retreated. The port authorities were notified of the incident by radio",but did not respond.,NA,NA,NA,NA,2013-09-11,2013,220,8492,Indonesian Exclusive Economic Zone,200NM,2127,Indonesia,2127,Indonesia,IDN,0,NA,0,NA,NA,0,NA,0,NA,NA,117.898147552,-3.30903479808,6025109.71458,8492
2013-274,71,ROBBERS,PRODUCT TANKER MORESBY 9,NA,"INDONESIA:On 17 August, the anchored Honduras-flagged product tanker MORESBY 9 was boarded at 01-20N 104-16E, approximately 1.83 nm southeast of Teluk Ramunia. While at anchor, 10 robbers armed with machetes, wearing face masks, approached the vessel, in","two speed boats colored white and grey. They boarded the vessel and tied the crew up in the mess room. The robbers then ordered the Master to get underway and, while sailing, the robbers escaped at the port side of the vessel when they saw an Malaysian",Maritime Enforcement Agency (MMEA) vessel approaching.,NA,NA,NA,2013-08-17,2013,251,8483,Malaysian Exclusive Economic Zone,200NM,2230,Malaysia,2230,Malaysia,MYS,0,NA,0,NA,NA,0,NA,0,NA,NA,108.435167801,4.85143661206,510822.838776,8483
2013-254,71,Robbers,Chemical/gas tanker,NA,"INDONESIA:On 4 August, the Marshall Islands-flagged anchored chemical/gas tanker GARNET EXPRESS was boarded and robbed at an undisclosed port/anchorage.",NA,NA,NA,NA,NA,2013-08-04,2013,21,8309,Christmas Island Exclusive Economic Zone,200NM,8590,Christmas Island,2147,Australia,CXR,0,NA,0,NA,NA,0,NA,0,NA,NA,105.365226493,-11.2435805623,327994.30766,8309
2013-264,71,Pirates,Product tanker,NA,"INDONESIA:On 2 August, the underway Thailand-flagged product tanker DANAI 6 was boarded at 01-23N 104-30E, approximately 9nm north of Bintan Island. Six pirates, armed with knives and guns, boarded the vessel. The pirates fired at the glass panel of the","door of the bridge, where they entered and took control of the ship and all 14 Thai crew. They tied up the crew in the mess room and stole navigational equipment and crew's cash and personal belongings. The pirates left the ship after approximately 45",minutes.,NA,NA,NA,2013-08-02,2013,220,8492,Indonesian Exclusive Economic Zone,200NM,2127,Indonesia,2127,Indonesia,IDN,0,NA,0,NA,NA,0,NA,0,NA,NA,117.898147552,-3.30903479808,6025109.71458,8492
2013-238,71,ROBBERS,LPG TANKER,NA,"INDONESIA:On 29 July, the Panama-flagged anchored LPG tanker REEFERENCE POINT was boarded at 01-06N 104-10E, at the Tanjung Uban Anchorage. Duty AB on board the LPG tanker noticed approximately eight robbers, armed with knives, boarding the vessel from",the poop deck. The Duty Officer was informed and raised the alarm. The crew remained inside the accommodation until local authorities arrived and boarded the vessel. A search was performed and determined that the robbers had abandoned the ship empty,handed.,NA,NA,NA,2013-07-29,2013,220,8492,Indonesian Exclusive Economic Zone,200NM,2127,Indonesia,2127,Indonesia,IDN,0,NA,0,NA,NA,0,NA,0,NA,NA,117.898147552,-3.30903479808,6025109.71458,8492
2013-233,71,ROBBERS,LPG TANKER,NA,"SINGAPORE STRAIT:On 28 July, position 01-6.3N 104-10.9E, duty A/B on board a LPG Tanker noticed about eight robbers armed with knives boarding the vessel from the poop deck. Duty officer was informed, alarm raised. All crew stayed inside the","accommodation until police agents arrived and boarded the vessel. Together with police, a search was carried out and found no robbers on board and that nothing had been stolen.",NA,NA,NA,NA,2013-07-28,2013,220,8492,Indonesian Exclusive Economic Zone,200NM,2127,Indonesia,2127,Indonesia,IDN,0,NA,0,NA,NA,0,NA,0,NA,NA,117.898147552,-3.30903479808,6025109.71458,8492
2013-240,71,PIRATES,TUG SURYA WIRA 2,NA,"INDONESIA:On 25 July, the underway Singapore-flagged tug was SURYA WIRA 2 was boarded at 01-18N 104-41E, approximately 8nm northeast of Tanjung Berakit. Roughly six pirates, in a speed boat, armed with knives, boarded a tug with barge in tow. They","entered the crew cabins and took hostage all crew members. The robbers stole crew personal belongings and tug properties, prior to escaping.",NA,NA,NA,NA,2013-07-25,2013,220,8492,Indonesian Exclusive Economic Zone,200NM,2127,Indonesia,2127,Indonesia,IDN,0,NA,0,NA,NA,0,NA,0,NA,NA,117.898147552,-3.30903479808,6025109.71458,8492
2013-232,71,PIRATES,TUG SURYA WIRA 5,NA,"SINGAPORE STRAIT:On 24 July, the underway Singapore-flagged tug SURYA WIRA 5 was boarded at 01-16N 104-37E, approximately 3nm northeast of Tanjung Berakit. Roughly seven pirates, in a speed boat, armed with knives, boarded the underway tug. They took","hostage all the crew members, tied up their hands, stole their cash and personal belongings, and escaped. One crew member was injured during the altercation.",NA,NA,NA,NA,2013-07-24,2013,220,8492,Indonesian Exclusive Economic Zone,200NM,2127,Indonesia,2127,Indonesia,IDN,0,NA,0,NA,NA,0,NA,0,NA,NA,117.898147552,-3.30903479808,6025109.71458,8492
2013-230,71,ROBBERS,CARGO SHIP,NA,"INDONESIA:On 17 July, an underway general cargo ship was boarded at 01-07N 104-52E,approximately 7 nm northeast of Pulau Mapur. Roughly ten robbers, armed with guns and knives, boarded the underway general cargo ship. They entered the bridge and",assaulted the Master who managed to escape and stop the engine. The robbers stole crew personal belongings and cash and escaped. Master sustained minor injuries to hands.,NA,NA,NA,NA,2013-07-17,2013,220,8492,Indonesian Exclusive Economic Zone,200NM,2127,Indonesia,2127,Indonesia,IDN,0,NA,0,NA,NA,0,NA,0,NA,NA,117.898147552,-3.30903479808,6025109.71458,8492
2013-220,71,PIRATES,TUG CREST APACHE & BARGE TERAS 3717,NA,"INDONESIA:On 12 July, the underway tug CREST APACHE and barge TERAS 3717 were boarded by eight pirates in a speedboat at 03-13N 104-58E, approximately 35nm northwest of the Anambas Islands. The pirates were armed with guns and long knives. The pirates","cut off the cables for the communication equipment, stole crew properties, cash, and escaped. One crew member has been reported missing.",NA,NA,NA,NA,2013-07-12,2013,220,8492,Indonesian Exclusive Economic Zone,200NM,2127,Indonesia,2127,Indonesia,IDN,0,NA,0,NA,NA,0,NA,0,NA,NA,117.898147552,-3.30903479808,6025109.71458,8492
2013-241,71,ROBBERS,TANKER GUANABARA,NA,"INDONESIA:On 10 July, the anchored Singapore-flagged crude oil tanker GUANABARA was boarded at an Indonesia Anchorage. Vessel was boarded and robbed at an undisclosed Indonesian Anchorage.",NA,NA,NA,NA,NA,2013-07-10,2013,251,8483,Malaysian Exclusive Economic Zone,200NM,2230,Malaysia,2230,Malaysia,MYS,0,NA,0,NA,NA,0,NA,0,NA,NA,108.435167801,4.85143661206,510822.838776,8483
2013-200,71,PIRATES,TANKER KING RIVER,NA,"MALAYSIA:On 17 June, the underway Malaysia-flagged product tanker KING RIVER was boarded at 04-31N 113-52E, approximately 8 nm west-northwest of Lutong, Sarawak. Approximately 8 to 10 pirates, armed with long knives, in a speed boat, approached and","boarded the underway product tanker. The pirates were aggressive; beating most of the crew and tying up their hands. The Master's left palm was severely cut, while the C/O and C/Eng suffered minor cuts as well. The pirates cut the communication cables,","and then ransacked the bridge and accommodation. They stole crew's and ship's properties, as well as cashbefore leaving the ship, after an hour. The vessel diverted to Miri Port, to provide medical assistance to the injured crew. A police report was",lodged.,NA,NA,2013-06-17,2013,251,8483,Malaysian Exclusive Economic Zone,200NM,2230,Malaysia,2230,Malaysia,MYS,0,NA,0,NA,NA,0,NA,0,NA,NA,108.435167801,4.85143661206,510822.838776,8483
2013-190,71,ROBBERS,CONTAINER SHIP CMA CGM KAILAS,NA,"INDONESIA:On 16 June, the Panama-flagged anchored container ship CMA CGM KAILAS was boarded in the vicinity of 06-05S 106-54E, at the Jakarta Cargo Anchorage. Four armed robbers boarded the anchored container vessel and attempted to force their way into","the engine room by breaking the padlock. Alert duty watchman sighted the robbers who then threatened and chased him. Luckily the duty watchman was able to enter the accommodation and alert the bridge officer, who raised the alarm. Later a thorough search",of the vessel was conducted by the crew. Port authorities were alerted and all crew are safe.,NA,NA,NA,2013-06-16,2013,220,8492,Indonesian Exclusive Economic Zone,200NM,2127,Indonesia,2127,Indonesia,IDN,0,NA,0,NA,NA,0,NA,0,NA,NA,117.898147552,-3.30903479808,6025109.71458,8492
2013-113,71,PIRATES,TANKER NADIYA MELISENDE,NA,"INDONESIA:On 24 April, the underway tanker NADIYA MELISENDE was boarded at 01-17N 104-50E, approximately 16 nm north-northeast of Bintan Island. Pirates armed with a gun and knives boarded a product tanker and robbed the crew of cash money, personal","belongings, and escaped.",NA,NA,NA,NA,2013-04-24,2013,220,8492,Indonesian Exclusive Economic Zone,200NM,2127,Indonesia,2127,Indonesia,IDN,0,NA,0,NA,NA,0,NA,0,NA,NA,117.898147552,-3.30903479808,6025109.71458,8492
2013-143,71,PIRATES,TUG HUB 21,NA,"INDONESIA:On 24 April, the underway tug HUB 21 was boarded at 01-36N 105-23 E, approximately 53 nm north-northeast of Bintan Island. Fifteen pirates armed with guns and long knives in three high speed boats boarded a tug underway. They took hostage nine","crew members, assaulted some of the crew and tied them up. They ransacked all cabins, stole vessel¿s properties, crew member¿s cash and personal belongings and escaped.",NA,NA,NA,NA,2013-04-24,2013,220,8492,Indonesian Exclusive Economic Zone,200NM,2127,Indonesia,2127,Indonesia,IDN,0,NA,0,NA,NA,0,NA,0,NA,NA,117.898147552,-3.30903479808,6025109.71458,8492
2013-114,71,PIRATES,TANKER AD PHOENIX,NA,"INDONESIA:On 23 April, the underway tanker AD PHOENIX was boarded at 01-19N 104-47E, approximately 15 nm north-northeast of Bintan Island. Five pirates armed with a pistol and long knives, in a high speed wooden craft, approached and boarded the asphalt","tanker underway. They stole cash and crew personal effects and escaped. Master raised the alarm and attempted to contact the coastal authority, but received no response. The crew suffered no injuries.",NA,NA,NA,NA,2013-04-23,2013,220,8492,Indonesian Exclusive Economic Zone,200NM,2127,Indonesia,2127,Indonesia,IDN,0,NA,0,NA,NA,0,NA,0,NA,NA,117.898147552,-3.30903479808,6025109.71458,8492
2013-158,71,SUSPICIOUS CRAFT,CARGO BARGE,NA,"MALAYSIA:On 22 April, a crew from a neighboring barge ENG TOU 266 at 01-19N 104-10E, off Tanjung Ayajm, noticed an unknown tug boat pulling a stolen cargo barge.",NA,NA,NA,NA,NA,2013-04-22,2013,251,8483,Malaysian Exclusive Economic Zone,200NM,2230,Malaysia,2230,Malaysia,MYS,0,NA,0,NA,NA,0,NA,0,NA,NA,108.435167801,4.85143661206,510822.838776,8483
2013-94,71,ROBBERS,TANKER MAERSK BERING,NA,"INDONESIA:On 06 April, robbers boarded the anchored tanker MAERSK BERING at 03-56N 098-41E, at the Belawan Anchorage and stole items from the vessel. The robbery was reported to authorities and local agent, who laterr informed the Master that the",robber's representative was willing to sell the stolen items back to the Master.,NA,NA,NA,NA,2013-04-06,2013,220,8492,Indonesian Exclusive Economic Zone,200NM,2127,Indonesia,2127,Indonesia,IDN,0,NA,0,NA,NA,0,NA,0,NA,NA,117.898147552,-3.30903479808,6025109.71458,8492
2013-88,71,PIRATES,TUG BOURBON LIBERTY 308,NA,"SINGAPORE:On 30 March, the tug BOURBON LIBERTY 308 was boarded at 1-20N 104-04E. Pirates boarded the vessel and left several hours later, presumably after robbing the crew and stealing vessel's valuables.",NA,NA,NA,NA,NA,2013-03-30,2013,181,8485,Singaporean Exclusive Economic Zone,200NM,2190,Singapore,2190,Singapore,SGP,0,NA,0,NA,NA,0,NA,0,NA,NA,103.816427663,1.27428184632,721.555202966,8485
2013-78,71,ROBBERS,BULK CARRIER,NA,"INDONESIA:On 27 March, an anchored bulk carrier was boarded at 03-56 N 098-47E, at the Belawan Anchorage. Robbers boarded the vessel and stole ship's stores from forecastle bosun store and escaped. The theft was discovered after the robbers had left the",vessel.,NA,NA,NA,NA,2013-03-27,2013,220,8492,Indonesian Exclusive Economic Zone,200NM,2127,Indonesia,2127,Indonesia,IDN,0,NA,0,NA,NA,0,NA,0,NA,NA,117.898147552,-3.30903479808,6025109.71458,8492
2013-80,71,ROBBERS,CARGO SHIP,NA,"INDONESIA:On 25 March, an anchored cargo ship was boarded at 01-42N 101-27E, at the Dumai Inner Anchorage. Five robbers armed with knives and guns boarded the vessel, took four duty crew members hostage and tied their hands with rope. Two of the hostages","were forced to lead the robbers to the engine room store, which was then forced open and ship's property stolen. The alarm was raised by the hostage crew after the robbers escaped. The authorities were informed via the ship's agent.",NA,NA,NA,NA,2013-03-25,2013,220,8492,Indonesian Exclusive Economic Zone,200NM,2127,Indonesia,2127,Indonesia,IDN,0,NA,0,NA,NA,0,NA,0,NA,NA,117.898147552,-3.30903479808,6025109.71458,8492
2013-61,71,ROBBERS,TANKER RED RUM,NA,"INDONESIA:On 20 February, the LPG tanker RED RUM was boarded at 05-34S 104-35E, at the Teluk Semangka Anchorage. Engine room stores were robbed from the vessel while carrying out ship-to-ship transfer operations. The robbery was discovered only after","departure. The crew suspects the local mooring gang, which had remained onboard the vessel during the transfer operations.",NA,NA,NA,NA,2013-02-20,2013,220,8492,Indonesian Exclusive Economic Zone,200NM,2127,Indonesia,2127,Indonesia,IDN,0,NA,0,NA,NA,0,NA,0,NA,NA,117.898147552,-3.30903479808,6025109.71458,8492
2013-48,71,PIRATES,CONTAINER SHIP,NA,"INDONESIA:On 18 February, a container ship was boarded at 00-08N 106-18E, approximately 52 nm ENE of Pulau Penjantan, while underway. The Duty Officer noticed two masked pirates on the bridge wing attempting to enter the bridge. Alarm raised and crew",mustered on the bridge. The pirates were unable enter the locked bridge and escaped upon seeing the crew's alertness.,NA,NA,NA,NA,2013-02-18,2013,220,8492,Indonesian Exclusive Economic Zone,200NM,2127,Indonesia,2127,Indonesia,IDN,0,NA,0,NA,NA,0,NA,0,NA,NA,117.898147552,-3.30903479808,6025109.71458,8492
2013-27,71,PIRATES,BARGE,NA,"INDONESIA:On 24 January, a barge in tow was boarded at 02-08N 108-45E, at approximately 20 nm WNW of Pulau Merundung. An unknown number of pirates from a fast moving fishing boat boarded the towed barge, forced open containers and stole cargo, then",escaped.,NA,NA,NA,NA,2013-01-24,2013,220,8492,Indonesian Exclusive Economic Zone,200NM,2127,Indonesia,2127,Indonesia,IDN,0,NA,0,NA,NA,0,NA,0,NA,NA,117.898147552,-3.30903479808,6025109.71458,8492
2012-341,71,ROBBERS,TANKER,NA,"MALAYSIA:Tanker boarded on 11 December in the vicinity of 01-20 N 104-08E, 3 nm south of Tanjung Setapa. A wooden boat containing 18 robbers pulled alongside the anchored tanker. While eight men boarded the tanker, the remaining ten waited in the small",boat. The robbery was unsuccessful due to the alerting of the Malaysian Maritime Enforcement Agency (MMEA) and their rapid response. The eight robbers who boarded the vessel were captured by the MMEA and are currently being detained pending the,"investigation. Of the twelve crew members, three sustained injuries and are being treated at the Royal Malaysian Navy Hospital in Tanjung Pengelih.",NA,NA,NA,2012-12-11,2012,251,8483,Malaysian Exclusive Economic Zone,200NM,2230,Malaysia,2230,Malaysia,MYS,0,NA,0,NA,NA,0,NA,0,NA,NA,108.435167801,4.85143661206,510822.838776,8483
2012-343,71,ROBBERS,TANKER,NA,"INDONESIA:Tanker experienced a suspicious approach on 8 December at 03-55N 098-47E, at Belawan Roads. Three wooden boats with five robbers in each approached the anchored tanker. Due to the crew's alertness, the robbers were spotted and were unable to","board the vessel. Before moving away, one of the robbers gestured to the crew that they would return during the night hours. Due to the impending threat and lack of response from port authorities, the Master heaved up the anchor and sailed to open sea.",NA,NA,NA,NA,2012-12-08,2012,220,8492,Indonesian Exclusive Economic Zone,200NM,2127,Indonesia,2127,Indonesia,IDN,0,NA,0,NA,NA,0,NA,0,NA,NA,117.898147552,-3.30903479808,6025109.71458,8492
2012-335,71,PIRATES,TUG,NA,"INDONESIA:Nine pirates armed with long knives boarded an anchored tug from astern and took the duty watchman as hostage. The pirates then went to the bridge and stole crew personal belongings, cash, and the vessel's navigation equipment, then escaped","after about 20 minutes. During the incident, two crew members were slightly injured.",NA,NA,NA,NA,2012-11-30,2012,220,8492,Indonesian Exclusive Economic Zone,200NM,2127,Indonesia,2127,Indonesia,IDN,0,NA,0,NA,NA,0,NA,0,NA,NA,117.898147552,-3.30903479808,6025109.71458,8492
2012-332,71,PIRATES,TANKER,NA,"VIETNAM:Tanker hijacked on 19 November in the vicinity of 07-10N 109-09 E, approximately 174.4 nm southeast of Con Son Island, by eleven pirates armed with long knives and pistols. The nine crew members were forced overboard into a life raft and rescued","shortly after by a Vietnamese fishing trawler. While enroute toward Vietnam, the vessel was apprehended by the Vietnam Marine Police Special Task Force and all eleven pirates were taken into custody. Prior to apprehension, it was reported that the",pirates had changed the IMO number and name of the vessel.,NA,NA,NA,2012-11-19,2012,185,8484,Vietnamese Exclusive Economic Zone,200NM,2200,Vietnam,2200,Vietnam,VNM,0,NA,0,NA,NA,0,NA,0,NA,NA,107.865630238,11.5549947852,750997.838971,8484
2012-319,71,ROBBERS,TANKER,NA,"INDONESIA:Tanker boarded on 11 November at 01-19N 104-17E, approximately 2 nm south of Pulau Mungging Light. While at anchor, eight robbers armed with long knives and a pistol, boarded the vessel. Upon boarding, the robbers forced the crew to pump out 80",metric tons of Marine Gas Oil and seized personal belongings of the crew.,NA,NA,NA,NA,2012-11-11,2012,251,8483,Malaysian Exclusive Economic Zone,200NM,2230,Malaysia,2230,Malaysia,MYS,0,NA,0,NA,NA,0,NA,0,NA,NA,108.435167801,4.85143661206,510822.838776,8483
2012-313,71,ROBBERS,TUGBOAT,NA,INDONESIA:Tugboat towing a barge boarded on 6 November near 01-44N 106-11E. Ten robbers armed with long knives boarded the tugboat while enroute from Port Klang to Kuching. One of the crew members was assaulted during the boarding. The robbers stole crew,"personal belongings, cash, and vessel documents and certificates before escaping. The incident was reported to the owners and the Master made a police report upon arrival at Kuching, Malaysia.",NA,NA,NA,NA,2012-11-06,2012,220,8492,Indonesian Exclusive Economic Zone,200NM,2127,Indonesia,2127,Indonesia,IDN,0,NA,0,NA,NA,0,NA,0,NA,NA,117.898147552,-3.30903479808,6025109.71458,8492
2012-307,71,ROBBERS,BULK CARRIER,NA,"INDONESIA:Bulk carrier boarded on 27 October at 03-53N 098-46E, at the Belawan Outer Anchorage. A gang of 3 to 4 robbers boarded the anchored vessel, taking hostage the duty A/B and stole his personal belongings. The A/B managed to escape and raised the","alarm. Upon hearing the alarm, the robbers escaped. Crew mustered and made a search of the ship and found that nothing else was stolen from the ship.",NA,NA,NA,NA,2012-10-27,2012,220,8492,Indonesian Exclusive Economic Zone,200NM,2127,Indonesia,2127,Indonesia,IDN,0,NA,0,NA,NA,0,NA,0,NA,NA,117.898147552,-3.30903479808,6025109.71458,8492
2012-302,71,ROBBERS,TANKER,NA,"INDONESIA:Tanker boarded on 19 October near 01-06N 103-28E, at the Karimun STS Anchorage. A gang of three to five robbers boarded the tanker during ship-to-ship transfer operations, escaping with the ship's stores and engine spares.",NA,NA,NA,NA,NA,2012-10-19,2012,220,8492,Indonesian Exclusive Economic Zone,200NM,2127,Indonesia,2127,Indonesia,IDN,0,NA,0,NA,NA,0,NA,0,NA,NA,117.898147552,-3.30903479808,6025109.71458,8492
2012-303,71,ROBBERS,TUGBOAT,NA,"MALAYSIA:Tug towing a barge boarded on 18 October near 04-13N 108-15E, off Tanjung Datu. Robbers boarded the tug, stole crew cash and escaped.",NA,NA,NA,NA,NA,2012-10-18,2012,220,8492,Indonesian Exclusive Economic Zone,200NM,2127,Indonesia,2127,Indonesia,IDN,0,NA,0,NA,NA,0,NA,0,NA,NA,117.898147552,-3.30903479808,6025109.71458,8492
2012-304,71,TUG BOAT,PIRATES,NA,"INDONESIA:Tug towing barge boarded on 18 October at 01-18N 104-48E, off Pulau Bintan. Six pirates in a speed boat boarded the tug, took hostage the crew, tied them up, and stole cash and personal effects before escaping. Master was slightly injured",during the incident.,NA,NA,NA,NA,2012-10-18,2012,220,8492,Indonesian Exclusive Economic Zone,200NM,2127,Indonesia,2127,Indonesia,IDN,0,NA,0,NA,NA,0,NA,0,NA,NA,117.898147552,-3.30903479808,6025109.71458,8492
2012-291,71,ROBBERS,SALVAGE VESSEL,NA,"INDONESIA:Salvage vessel towing barge boarded on 17 October at 00-59N 105-10E, approximately 19.4 nm east of Pulau Mapur. Ten robbers armed with guns and knives boarded the vessel enroute from Singapore to Balikpapan, Indonesia. The robbers stole ship","properties, crew cash and property, and escaped. The crew was reported safe and the vessel continued her passage.",NA,NA,NA,NA,2012-10-17,2012,220,8492,Indonesian Exclusive Economic Zone,200NM,2127,Indonesia,2127,Indonesia,IDN,0,NA,0,NA,NA,0,NA,0,NA,NA,117.898147552,-3.30903479808,6025109.71458,8492
2012-268,71,PIRATES,TANKER,NA,"INDONESIA:Tanker attempted to be boarded on 24 September at 01-01N 103-04E, at the Nipah Anchorage. Two robbers attempted to board the anchored vessel from the port quarter. An alert crew member noticed the robbers and raised the alarm, and the crew was","mustered. Upon hearing the alarm, the robbers aborted the attempted boarding and escaped. Local authorities were informed of the incident.",NA,NA,NA,NA,2012-09-24,2012,220,8492,Indonesian Exclusive Economic Zone,200NM,2127,Indonesia,2127,Indonesia,IDN,0,NA,0,NA,NA,0,NA,0,NA,NA,117.898147552,-3.30903479808,6025109.71458,8492
2012-269,71,PIRATES,TANKER,NA,"INDONESIA:Tanker hijacked on 22 September at 01-15N 103-09E, in the vicinity of Tanjung Piai. Six pirates boarded and robbed the vessel armed with machetes and a gun. The pirates tied up 16 crew members and escaped with cash, laptops, mobile phones and",personal belongings as a Coast Guard patrol craft approached the vessel.,NA,NA,NA,NA,2012-09-22,2012,220,8492,Indonesian Exclusive Economic Zone,200NM,2127,Indonesia,2127,Indonesia,IDN,0,NA,0,NA,NA,0,NA,0,NA,NA,117.898147552,-3.30903479808,6025109.71458,8492
2012-274,71,PIRATES,CONTAINER SHIP,NA,"INDONESIA:While at anchor, six robbers in an unlit boat boarded a container ship using a grappling hook and rope. They broke into the safety store and the deck store and stole equipment and ship's properties. Alarm raised and crew mustered. The robbers",escaped in their boat with the stolen items.,NA,NA,NA,NA,2012-09-16,2012,220,8492,Indonesian Exclusive Economic Zone,200NM,2127,Indonesia,2127,Indonesia,IDN,0,NA,0,NA,NA,0,NA,0,NA,NA,117.898147552,-3.30903479808,6025109.71458,8492
2012-285,71,PIRATES,TANKER,NA,"MALAYSIA:Tanker hijacked on 14 September at 01-15N 103-09E, 3 nm off Tanjung Piai. Six pirates armed with machetes and a gun boarded and robbed the vessel, restraining 16 crew members. The attackers then escaped with cash, laptops, mobile phones and",personal belongings as a Coast Guard patrol craft approached the vessel.,NA,NA,NA,NA,2012-09-14,2012,220,8492,Indonesian Exclusive Economic Zone,200NM,2127,Indonesia,2127,Indonesia,IDN,0,NA,0,NA,NA,0,NA,0,NA,NA,117.898147552,-3.30903479808,6025109.71458,8492
2012-271,71,PIRATES,TANKER,NA,"INDONESIA:Tanker hijacked on 13 September at 01-14N 103-09E, off Tanjung Piai. Six pirates hijacked the vessel in an attempt to transfer bunker fuel to a second vessel. Robbers tied up the crew and escaped with cell phones and laptops as a Coast Guard",patrol craft approached the vessel.,NA,NA,NA,NA,2012-09-13,2012,220,8492,Indonesian Exclusive Economic Zone,200NM,2127,Indonesia,2127,Indonesia,IDN,0,NA,0,NA,NA,0,NA,0,NA,NA,117.898147552,-3.30903479808,6025109.71458,8492
2012-258,71,PIRATES,LPG TANKER,NA,"INDONESIA:LPG tanker boarded on 8 September at 05-34S 104-36E, at Teluk Semangka Anchorage. Five armed robbers carrying sticks boarded the vessel from a small fishing boat. A duty crew member noticed the robbers and informed the bridge, who raised the","alarm and mustered the crew. Upon hearing the alarm, the robbers quickly left the vessel empty-handed. Port control was informed of the event.",NA,NA,NA,NA,2012-09-08,2012,220,8492,Indonesian Exclusive Economic Zone,200NM,2127,Indonesia,2127,Indonesia,IDN,0,NA,0,NA,NA,0,NA,0,NA,NA,117.898147552,-3.30903479808,6025109.71458,8492
2012-262,71,PIRATES,TUG/BARGE,NA,"INDONESIA:Four masked robbers in a small boat armed with guns and knives approached and boarded a tug towing a barge. They took hostage all crew members, tied them up and stole cash and personal belongings before escaping. Master reported the incident to",POCC Singapore.,NA,NA,NA,NA,2012-08-19,2012,220,8492,Indonesian Exclusive Economic Zone,200NM,2127,Indonesia,2127,Indonesia,IDN,0,NA,0,NA,NA,0,NA,0,NA,NA,117.898147552,-3.30903479808,6025109.71458,8492
2012-245,71,PIRATES,TUG,NA,"SINGAPORE:Tug boarded on 19 August at 01-00N 103-39E, 6.6 nm southeast of Pulau Tekong Kecil. An unknown number of robbers boarded the vessel.",NA,NA,NA,NA,NA,2012-08-19,2012,220,8492,Indonesian Exclusive Economic Zone,200NM,2127,Indonesia,2127,Indonesia,IDN,0,NA,0,NA,NA,0,NA,0,NA,NA,117.898147552,-3.30903479808,6025109.71458,8492
2012-275,71,PIRATES,MERCHANT VESSEL,NA,"INDONESIA:During security rounds in the accommodation area, duty watchman noticed an unknown person on the main deck and notified the duty officer, who raised the alarm. Upon hearing the alarm, the robbers escaped in a small timber boat. The crew was",mustered and conducted a search of the vessel. Upon investigation it was found that the vessel's properties were stolen.,NA,NA,NA,NA,2012-08-17,2012,220,8492,Indonesian Exclusive Economic Zone,200NM,2127,Indonesia,2127,Indonesia,IDN,0,NA,0,NA,NA,0,NA,0,NA,NA,117.898147552,-3.30903479808,6025109.71458,8492
2012-246,71,PIRATES,TUG,NA,"SINGAPORE:Tug boarded on 17 August at 01-04N 103-42E, Singapore Strait. An unknown number of robbers boarded the vessel.",NA,NA,NA,NA,NA,2012-08-17,2012,220,8492,Indonesian Exclusive Economic Zone,200NM,2127,Indonesia,2127,Indonesia,IDN,0,NA,0,NA,NA,0,NA,0,NA,NA,117.898147552,-3.30903479808,6025109.71458,8492
2012-230,71,PIRATES,BULK CARRIER,NA,"INDONESIA:Bulk carrier boarded on 6 August at 06-00S 106-53E, Tanjung Priok Anchorage, Jakarta. Four robbers boarded the anchored vessel, broke into the aft store and stole ship's property. Duty O/S noticed the robbers, raised the alarm, and pursued the",robbers. The O/S grappled with two of the robbers while the other two jumped overboard with the stolen property. The two remaining robbers also jumped overboard and escaped as additional crew members approached them.,NA,NA,NA,NA,2012-08-06,2012,220,8492,Indonesian Exclusive Economic Zone,200NM,2127,Indonesia,2127,Indonesia,IDN,0,NA,0,NA,NA,0,NA,0,NA,NA,117.898147552,-3.30903479808,6025109.71458,8492
2012-231,71,PIRATES,CHEMICAL TANKER,NA,"INDONESIA:Chemical tanker boarded on 2 August at 1-43.5N 101-26.0E, Dumai Anchorage. Five robbers armed with long machetes and knives boarded the anchored chemical tanker. Three crewmembers were taken hostage and had their hands tied. The robbers stole",engine spares and escaped. No injuries to the crew were reported.,NA,NA,NA,NA,2012-08-02,2012,220,8492,Indonesian Exclusive Economic Zone,200NM,2127,Indonesia,2127,Indonesia,IDN,0,NA,0,NA,NA,0,NA,0,NA,NA,117.898147552,-3.30903479808,6025109.71458,8492
2012-232,71,PIRATES,CHEMICAL TANKER,NA,"INDONESIA:Chemical tanker boarded on 28 July at 07-11S 112-43E, Tanjung Perak Port, Surabaya. Two robbers armed with knives boarded the berthed vessel and stole ship's property. Later, the crew found the robbers and recovered the stolen items.",NA,NA,NA,NA,NA,2012-07-28,2012,220,8492,Indonesian Exclusive Economic Zone,200NM,2127,Indonesia,2127,Indonesia,IDN,0,NA,0,NA,NA,0,NA,0,NA,NA,117.898147552,-3.30903479808,6025109.71458,8492
2012-223,71,PIRATES,TUG WITH BARGE,NA,"MALAYSIA:Tug towing a barge hijacked on 27 July between Kudat Port, Malaysia and Bangi Island, Sabah, Malaysia. Pirates in a speed boat attacked the tug and forced the twelve crewmembers into a life raft and set them adrift. The hijackers sailed the tug",and barge to an unknown location. The Philippines Coast Guard rescued the twelve crewmembers. The tug and barge remain missing.,NA,NA,NA,NA,2012-07-27,2012,179,8322,Philippines Exclusive Economic Zone,200NM,2245,Philippines,2245,Philippines,PHL,0,NA,0,NA,NA,0,NA,0,NA,NA,122.546805869,12.3401155141,1971039.86154,8322
2012-247,71,PIRATES,TUG,NA,"INDONESIA:Tug boarded on 23 July at 01-14N 103-0 E, Singapore Strait. An unknown number of robbers boarded the vessel.",NA,NA,NA,NA,NA,2012-07-23,2012,220,8492,Indonesian Exclusive Economic Zone,200NM,2127,Indonesia,2127,Indonesia,IDN,0,NA,0,NA,NA,0,NA,0,NA,NA,117.898147552,-3.30903479808,6025109.71458,8492
2012-222,71,PIRATES,BARGE/TUGBOAT,NA,"MALACCA STRAIT:Barge robbed sometime between 13 and 20 July while being tow by a tug between Penang, Malaysia and Pasir Gudang Port, Malaysia. Upon arrival, shipyard representatives inspected the barge and informed the Master that cargo on the barge's",deck had been pilfered. It is suspected the theft may have taken place while in transit. A police report was filed.,NA,NA,NA,NA,2012-07-13,2012,220,8492,Indonesian Exclusive Economic Zone,200NM,2127,Indonesia,2127,Indonesia,IDN,0,NA,0,NA,NA,0,NA,0,NA,NA,117.898147552,-3.30903479808,6025109.71458,8492
2012-191,71,PIRATES,FISHING VESSEL,NA,"SINGAPORE:Fishing vessel boarded while underway on 23 May at 04:50 N ¿ 099:04 E, Malacca Straits. Armed pirates boarded the fishing vessel and took hostage six crewmembersand hijacked the vessel. Upon receiving the information, the MMEA immediately sent",theirpatrol boat and rescued the vessel along with the crewmembers. All of the crewmembers werereported safe. The pirates left the vessel before the patrol boat arrived.,NA,NA,NA,NA,2012-05-23,2012,251,8483,Malaysian Exclusive Economic Zone,200NM,2230,Malaysia,2230,Malaysia,MYS,0,NA,0,NA,NA,0,NA,0,NA,NA,108.435167801,4.85143661206,510822.838776,8483
2012-182,71,PIRATES,BARGE,NA,"INDONESIA:Barge was boarded on 12 May at 01:14 N ¿ 104:08 E, 4nm North North East of Pulau Batam, Indonesia. The barge was under tow enroute from Singapore to Kelanis, Banjarmasin, Indonesia and was boarded by robbers using a wooden tug. VTIS Singapore","informed the vessels Master that a tug was following his barge. Upon investigation, the Master saw a wooden tug moving away from the barge. The crew boarded the barge and found 13 containers opened. The incident was reported to MPA Singapore.",NA,NA,NA,NA,2012-05-12,2012,220,8492,Indonesian Exclusive Economic Zone,200NM,2127,Indonesia,2127,Indonesia,IDN,0,NA,0,NA,NA,0,NA,0,NA,NA,117.898147552,-3.30903479808,6025109.71458,8492
2012-167,71,PIRATES,PRODUCT TANKE,NA,INDONESIA:Product tanker was boarded on 08 May while underway at 01:13 N ¿ 104:53 E: 16 nm northeast from Bintan Island. The duty officer spotted two speed boats approaching the ship at high speed. The alarm was raised and the tanker made evasive,maneuvers and directed the search lights aimed towards the boats and also sent a distress message. Pirates later boarded the tanker via the poop deck by using a portable ladder but could not get access into the accommodation that was locked and secured,from the inside. The crew mustered and remained on the bridge until the pirates disembarked 30 minutes later. The crew was not injured and nothing was stolen.,NA,NA,NA,2012-05-08,2012,220,8492,Indonesian Exclusive Economic Zone,200NM,2127,Indonesia,2127,Indonesia,IDN,0,NA,0,NA,NA,0,NA,0,NA,NA,117.898147552,-3.30903479808,6025109.71458,8492
2012-161,71,Pirates,Product Tanker,NA,"SOUTH CHINA SEA:A product tanker underway spotted two speed boats approaching at high speed. Alarm raised and tanker made evasive manoeuvres, directed the search lights towards the boats and sent distress message. Pirates boarded the tanker via the poop",deck by using a portable ladder however they could not get access into the accommodation as it was locked and secured from inside. All crew mustered and remained on the bridge until the pirates disembarked 30 minutes later. No injury to crew and nothing,stolen. Vessels requested to be caution advised.,NA,NA,NA,2012-05-08,2012,220,8492,Indonesian Exclusive Economic Zone,200NM,2127,Indonesia,2127,Indonesia,IDN,0,NA,0,NA,NA,0,NA,0,NA,NA,117.898147552,-3.30903479808,6025109.71458,8492
2012-144,71,PIRATES,CONTAINER SHIP,NA,SINGAPORE:Container ship boarded on 24 April while anchored at 01:14 N - 103:35 E Singapore Straits. The container vessel was boarded by a group of pirates. They stole ships stores and later escaped.,NA,NA,NA,NA,NA,2012-04-24,2012,181,8485,Singaporean Exclusive Economic Zone,200NM,2190,Singapore,2190,Singapore,SGP,0,NA,0,NA,NA,0,NA,0,NA,NA,103.816427663,1.27428184632,721.555202966,8485
2012-141,71,PIRATES,TANKER,NA,"MALAYSIA:Tanker boarded on 15 April while underway at 01:35 N ¿ 104:37 E, 24 nm northeast of Tg. Penyusop, Malaysia. Seven pirates armed with guns and knives boarded the tanker, threatened the crewmembers, damaged the communication equipments, and stole","ship¿s cash, properties and escaped. No injuries to crewmembers. Incident was also reported to Singapore and Vietnam MRCC.",NA,NA,NA,NA,2012-04-15,2012,251,8483,Malaysian Exclusive Economic Zone,200NM,2230,Malaysia,2230,Malaysia,MYS,0,NA,0,NA,NA,0,NA,0,NA,NA,108.435167801,4.85143661206,510822.838776,8483
2012-130,71,PIRATES,CHEMICAL TANKER,NA,"INDONESIA:Chemical tanker boarded on 3 April while anchored at position 01:41 N 101:29 E, Dumai Anchorage. Duty crew onboard spotted two robbers armed with long knives. And immediately informed the duty officer who raised the alarm and sounded the ships","whistle.Seeing crew alertness, the robbers escaped. Port control contacted with no response.",NA,NA,NA,NA,2012-04-03,2012,220,8492,Indonesian Exclusive Economic Zone,200NM,2127,Indonesia,2127,Indonesia,IDN,0,NA,0,NA,NA,0,NA,0,NA,NA,117.898147552,-3.30903479808,6025109.71458,8492
2012-131,71,PIRATES,BULK CARRIER,NA,"INDONESIA:Bulk carrier boarded on 2 April while berthed at 03:23 N - 099:27 E, Jetty No.3, Multimas Nabati Asahan, Kuala Tanjung. Two robbers armed with long knives boarded the vessel during cargo operations and entered the engine room via the steering",room entrance. The duty oiler noticed the robbers and tried to activate the fire alarm but the robbers threatened him with a knife and took him hostage. The robbers escaped with stolen ship stores. The alarm was raised and the robbery was reported to the,authorities who came onboard to conduct a full investigation.,NA,NA,NA,2012-04-02,2012,220,8492,Indonesian Exclusive Economic Zone,200NM,2127,Indonesia,2127,Indonesia,IDN,0,NA,0,NA,NA,0,NA,0,NA,NA,117.898147552,-3.30903479808,6025109.71458,8492
2012-134,71,PIRATES,TANKER,NA,"MALAYSIA:Tanker was boarded on 25 March in Pedra Branca, Malaysia at position 01:50N - 104:28E. 15 pirates armed with knives and guns boarded an underway tanker. Thepirates chased the duty crew and entered the living spaces. They later mustered the crew",and tied their hands. They later escaped with stolen effects 45 minutes later. One crewman was injured.,NA,NA,NA,NA,2012-03-25,2012,251,8483,Malaysian Exclusive Economic Zone,200NM,2230,Malaysia,2230,Malaysia,MYS,0,NA,0,NA,NA,0,NA,0,NA,NA,108.435167801,4.85143661206,510822.838776,8483
2012-95,71,PIRATES,OIL TANKER,NA,"DUMAI INNER ANCHORAGE, INDONESIA:Duty watchman saw one robber climbing using a thin hooked line on a Crude Oil Tanker at anchor. The duty A/B informed bridge who raised the alarm, sounded ship's whistle and crew mustered. On noticing the crew alertness,",the robber jumped into the water and escaped with two other accomplices waiting in a boat. Nothing stolen and no casualties.,NA,NA,NA,NA,2012-03-08,2012,220,8492,Indonesian Exclusive Economic Zone,200NM,2127,Indonesia,2127,Indonesia,IDN,0,NA,0,NA,NA,0,NA,0,NA,NA,117.898147552,-3.30903479808,6025109.71458,8492
2012-83,71,PIRATES,TUG AND BARGE,NA,"SINGAPORE STRAITS, NATUNA SEA: An unlit speed boat approached a tug towing a barge. The speed boat came alongside the tug and four robbers boarded the tug while two remained in the boat. The robbers wearing masks and armed with guns and knives took","hostage the Chief Engineer and 3rd Engineer who did not know the robbers had boarded. The 2nd officer on bridge noticed the robbers and raised the alarm. All crew except the bridge crew, who were guarded by some robbers were taken hostage. They then",stole crew ahd ship properties and cash and escaped in the waiting boat. The incident was reported to Singapore Coast Guard.,NA,NA,NA,2012-02-26,2012,220,8492,Indonesian Exclusive Economic Zone,200NM,2127,Indonesia,2127,Indonesia,IDN,0,NA,0,NA,NA,0,NA,0,NA,NA,117.898147552,-3.30903479808,6025109.71458,8492
2012-51,71,PIRATES,PRODUCT TANKER,NA,"STRAIT OF MALACCA, KARIMUN STS ANCHORAGE: Three robbers armed with rods boarded an anchored product tanker. Duty crew on rounds sighted the robbers on the poop deck and immediately raised the alarm. Seeing the alerted crew, robbers escaped empty handed.",Incident was reported to the port authorities.,NA,NA,NA,NA,2012-02-07,2012,220,8492,Indonesian Exclusive Economic Zone,200NM,2127,Indonesia,2127,Indonesia,IDN,0,NA,0,NA,NA,0,NA,0,NA,NA,117.898147552,-3.30903479808,6025109.71458,8492
2012-48,71,PIRATES,CHEMICAL TANKER,NA,"BATAM OUTER ANCHORAGE, INDONESIA: Robbers boarded an anchored chemical tanker, stole ship's stores and escaped unnoticed.",NA,NA,NA,NA,NA,2012-02-01,2012,220,8492,Indonesian Exclusive Economic Zone,200NM,2127,Indonesia,2127,Indonesia,IDN,0,NA,0,NA,NA,0,NA,0,NA,NA,117.898147552,-3.30903479808,6025109.71458,8492
2012-85,71,PIRATES,TANKER,NA,"KARIMUN, INDONESIA: Two robbers boarded a tanker during STS operations using a rope attached with a hook. The duty pump man noticed the robbers and raised the alarm. The robbers removed the hook and jumped into the water and escaped in their small boat",empty handed.,NA,NA,NA,NA,2012-01-30,2012,220,8492,Indonesian Exclusive Economic Zone,200NM,2127,Indonesia,2127,Indonesia,IDN,0,NA,0,NA,NA,0,NA,0,NA,NA,117.898147552,-3.30903479808,6025109.71458,8492
2012-32,71,PIRATES,TANKER,NA,"DUAMI INNER AHCNORAGE, INDONESIA: Four robbers armed with knives boarded an anchored tanker. They entered the engine room, tied up the duty engineer and stole ship's stores. They took the duty engineer to the stern and disembarked into a waiting boat. No",injuries to crew.,NA,NA,NA,NA,2012-01-22,2012,220,8492,Indonesian Exclusive Economic Zone,200NM,2127,Indonesia,2127,Indonesia,IDN,0,NA,0,NA,NA,0,NA,0,NA,NA,117.898147552,-3.30903479808,6025109.71458,8492
2012-26,71,PIRATES,CONTAINER SHIP,NA,"BINTAN ISLAND, INDONESIA: Four robbers wearing masks, armed with choppers and knives in a boat approached an anchored container ship. Two of the robbers attempted to board the ship by climbing the anchor chain. Duty crew noticed the robbers and informed",the bridge who raised the alarm. Crew mustered and activated the fire hoses resulting in the robbers aborting the attempted boarding.,NA,NA,NA,NA,2012-01-14,2012,220,8492,Indonesian Exclusive Economic Zone,200NM,2127,Indonesia,2127,Indonesia,IDN,0,NA,0,NA,NA,0,NA,0,NA,NA,117.898147552,-3.30903479808,6025109.71458,8492
2012-19,71,PIRATES,CONTAINER SHIP,NA,"JAKARTA ROADS, INDONESIA: Around seven armed robbers boarded an anchored container ship. Duty watchman found the steering gear door open and entered to investigate. The robbers caught the watchman, took him hostage, covered his eyes with plastic and",stole his radio. One robber stood guard with the watchman while the others entered the engine room. After around 20 minutes the robbers left the engine room and escaped. The duty watchman went to the bridge and raised the alarm.,NA,NA,NA,NA,2012-01-07,2012,220,8492,Indonesian Exclusive Economic Zone,200NM,2127,Indonesia,2127,Indonesia,IDN,0,NA,0,NA,NA,0,NA,0,NA,NA,117.898147552,-3.30903479808,6025109.71458,8492
2017-55,72,Suspicous Approach,Bulk Carrier,NA,"PHILIPPINES:On 22 February, bulk carrier DONG HAE STAR was enroute Indonesia when two black speedboats with five individuals aboard each boat pursued them near Pearl Bank off Taganak Island, Tawi-Tawi, in vicinity 06-05N 118-19E. A spokesperson for the","Western Mindanao Command (Westmincom), said the crew of merchant vessel immediately sent a distress call to the Littoral Monitoring Station of Philippine Navy in Bongao. The spokesperson said patrol boats of the Naval Forces Western Mindanao patrolling",the area immediately responded and launched a pursuit. DONG HAE STAR reported that the suspicious speedboats quickly disengaged from chasing the vessel after sighting the responding navy ships.,NA,NA,NA,2017-02-22,2017,179,8322,Philippines Exclusive Economic Zone,200NM,2245,Philippines,2245,Philippines,PHL,0,NA,0,NA,NA,0,NA,0,NA,NA,122.546805869,12.3401155141,1971039.86154,8322
2017-23,72,Pirates,Fishing Vessel,NA,"MALAYSIA:On 19 January, three Indonesian crewmen were kidnapped from their boat operating near Taganak in Sabah. A Malaysian Foreign Ministry official later stated that one of the men had been in contact with his family, saying the three men had been",kidnapped by Abu Sayyaf and taken to Sulu Island.,NA,NA,NA,NA,2017-01-19,2017,251,8483,Malaysian Exclusive Economic Zone,200NM,2230,Malaysia,2230,Malaysia,MYS,0,NA,0,NA,NA,0,NA,0,NA,NA,108.435167801,4.85143661206,510822.838776,8483
2017-4,72,Robbers,Product Tanker,NA,"MALAYSIA:On 16 January, a crewman onboard an anchored product tanker conducting cargo operations near position 05-47N 118-01E, Mowtas Oil Terminal, Sandakan Port, Sabah, observed a robber on the forecastle. Seeing the alert crewman approaching the","forecastle, the robber jumped overboard and escaped with stolen ship's stores.",NA,NA,NA,NA,2017-01-16,2017,251,8483,Malaysian Exclusive Economic Zone,200NM,2230,Malaysia,2230,Malaysia,MYS,0,NA,0,NA,NA,0,NA,0,NA,NA,108.435167801,4.85143661206,510822.838776,8483
2017-13,72,Robbers,Bulk Carrier,NA,"INDONESIA:On 08 December, three robbers boarded an anchored bulk carrier near position00-17S 117-39E, Muara Berau Anchorage, Samarinda. Alarm was raised and crew was mustered. Seeing the crew alertness, the robbers escaped with stolen ship's stores. Port",control informed. Authorities boarded the ship for investigation.,NA,NA,NA,NA,2016-12-08,2016,220,8492,Indonesian Exclusive Economic Zone,200NM,2127,Indonesia,2127,Indonesia,IDN,0,NA,0,NA,NA,0,NA,0,NA,NA,117.898147552,-3.30903479808,6025109.71458,8492
2016-314,72,Pirates,Vessel,NA,"MALAYSIA:On 08 December, security forces shot and killed three gunmen in a firefight during a kidnapping attempt in Darvel Bay, vicinity 04-48N 118-39E. A police spokesman confirmed that there was a shootout between security forces and the armed group,",and that one policeman was injured. It is believed that the criminals were trying to abduct a fisherman when police intervened.,NA,NA,NA,NA,2016-12-08,2016,251,8483,Malaysian Exclusive Economic Zone,200NM,2230,Malaysia,2230,Malaysia,MYS,0,NA,0,NA,NA,0,NA,0,NA,NA,108.435167801,4.85143661206,510822.838776,8483
2016-310,72,Robbers,Bulk Carrier,NA,"INDONESIA:On 07 December at 2200 LT in 00-14.4S 117-35.1E, Muara Berau anchorage, duty AB onboard an anchored bulk carrier noticed the skylight of the forecastle store open. The cover of the anchor chain was also removed. He saw two robbers in a small","boat leaving the vessel. AB informed the duty officer who raised the alarm and the crew mustered. Upon inspection, it was found the ship's stores were stolen. Incident reported to port authority through the agent.",NA,NA,NA,NA,2016-12-07,2016,220,8492,Indonesian Exclusive Economic Zone,200NM,2127,Indonesia,2127,Indonesia,IDN,0,NA,0,NA,NA,0,NA,0,NA,NA,117.898147552,-3.30903479808,6025109.71458,8492
2016-307,72,Robbers,Cargo Vessel,NA,"INDONESIA:On 01 December, duty crewman on routine rounds onboard an anchored general cargo ship noticed three robbers on the forecastle deck, near position 03-40S 114-27E, Banjaramasin Anchorage. Duty officer raised the alarm and crew was mustered.","Seeing the alerted crew, the robbers escaped via the hawse pipe. Port authority informed.",NA,NA,NA,NA,2016-12-01,2016,220,8492,Indonesian Exclusive Economic Zone,200NM,2127,Indonesia,2127,Indonesia,IDN,0,NA,0,NA,NA,0,NA,0,NA,NA,117.898147552,-3.30903479808,6025109.71458,8492
2016-309,72,Robbers,Bulk Carrier,NA,"INDONESIA:On 20 November, a duty crewman onboard an anchored bulk carrier noticed two robbers on the forecastle deck, near position 03-41S 114-25E, Taboneo anchorage. On seeing the duty crewman, the robbers threatened him with a long knife. Alarm was",raised and crew was mustered. The robbers managed to lower one mooring line into their boat and escape.,NA,NA,NA,NA,2016-11-20,2016,220,8492,Indonesian Exclusive Economic Zone,200NM,2127,Indonesia,2127,Indonesia,IDN,0,NA,0,NA,NA,0,NA,0,NA,NA,117.898147552,-3.30903479808,6025109.71458,8492
2016-280,72,Robbers,Bulk Carrier,NA,"INDONESIA:On 19 November at 0240 LT vicinity 00-16N 117-37E, at Muara Berau anchorage, robbers with knives were seen stealing ship's stores. Duty crew aboard the anchored bulk carrier noticed the forecastle store door open with padlock broken. The alarm",was raised and crew mustered. Robbers escaped after hearing alarm. Incident reported to security guards who informed local police. Master called port authorities but received no response. Master instructed officer to check stevedore ID cards with,authorized list. One unauthorized person was found and this person tried to attack the officer. The agent and officer were able to avert the attack. The attacker jumped overboard and escaped.,NA,NA,NA,2016-11-19,2016,220,8492,Indonesian Exclusive Economic Zone,200NM,2127,Indonesia,2127,Indonesia,IDN,0,NA,0,NA,NA,0,NA,0,NA,NA,117.898147552,-3.30903479808,6025109.71458,8492
2016-282,72,Pirates,Fishing Vessel,NA,"MALAYSIA:On 19 November at 1930 LT in 04-49N 118-46E, five armed persons wearing masks boarded a fishing vessel. They stole personal belongings and an outboard engine. Before escaping, they kidnapped two crew members. Malaysian authorities are",investigating the incident.,NA,NA,NA,NA,2016-11-19,2016,251,8483,Malaysian Exclusive Economic Zone,200NM,2230,Malaysia,2230,Malaysia,MYS,0,NA,0,NA,NA,0,NA,0,NA,NA,108.435167801,4.85143661206,510822.838776,8483
2016-281,72,Suspicious Approach,Vessel,NA,"PHILIPPINES:On 16 November at 1100 LT in 04-23N 119-37E, five persons wearing masks in a white speed boat approached an underway vessel from astern. Master raised alarm and tried alerting other ships in area. Seeing the alerted crew, the boat moved away",and headed towards other vessels in the area. Incident reported to the Philippine Navy and a warship arrived.,NA,NA,NA,NA,2016-11-16,2016,179,8322,Philippines Exclusive Economic Zone,200NM,2245,Philippines,2245,Philippines,PHL,0,NA,0,NA,NA,0,NA,0,NA,NA,122.546805869,12.3401155141,1971039.86154,8322
2016-275,72,Suspicious Approach,Tanker,NA,"PHILIPPINES:On 13 November, the tanker SOUTHERN FALCON, underway near position03-40N 119-51E, 65 nm southeast of Sibutu Island, reported a suspicious approach by six speed boats with one armed person in each boat. The boats gave chase to the tanker; the","master alerted ships in the vicinity, and commenced maneuvering the vessel. Attempts to contact the Philippines Navy were not successful. After 15 minutes the boats moved away. Vessel and crew are safe.",NA,NA,NA,NA,2016-11-13,2016,179,8322,Philippines Exclusive Economic Zone,200NM,2245,Philippines,2245,Philippines,PHL,0,NA,0,NA,NA,0,NA,0,NA,NA,122.546805869,12.3401155141,1971039.86154,8322
2016-267,72,Pirates,Fishing Vessel,NA,"MALAYSIA:On 05 November, at about 11:00 local time, an Indonesian fishing boat captain was kidnapped while his ship operated in Kertam waters some 15 nautical miles from the Kinabatangan river. The gunmen, three of whom wore fatigues and two in civilian","clothes, made off with all communication equipment, including GPS system from the fishing vessel. It is believed that the gunmen are based in one of the Tawi-Tawi islands and are not directly linked to the Abu Sayyaf kidnap for ransom group.",NA,NA,NA,NA,2016-11-05,2016,251,8483,Malaysian Exclusive Economic Zone,200NM,2230,Malaysia,2230,Malaysia,MYS,0,NA,0,NA,NA,0,NA,0,NA,NA,108.435167801,4.85143661206,510822.838776,8483
2016-268,72,Pirates,Fishing Vessel,NA,"MALAYSIA:On 05 November, at about 11:45 local time, an Indonesian fishing boat captain was kidnapped by the same group that attacked another fishing boat at 11:00 in the same area as the above incident in Kertam waters some 15 nautical miles from the","Kinabatangan river. The gunmen, three of whom were in fatigues and two in civilian clothes, made off with all communication equipment, including GPS system from the fishing vessel. It is believed that the gunmen are based in one of the Tawi-Tawi islands",and are not directly linked to the Abu Sayyaf kidnap for ransom group.,NA,NA,NA,2016-11-05,2016,251,8483,Malaysian Exclusive Economic Zone,200NM,2230,Malaysia,2230,Malaysia,MYS,0,NA,0,NA,NA,0,NA,0,NA,NA,108.435167801,4.85143661206,510822.838776,8483
2016-227,72,Robbers,Fishing Vessel,NA,"MALAYSIA:On 27 September, vicinity 05-10N 119-17E, NE Sabah state, a group of armed men boarded a fishing vessel and looted the vessel. The six-member group of men used a white speedboat with green and yellow stripes.",NA,NA,NA,NA,NA,2016-09-27,2016,251,8483,Malaysian Exclusive Economic Zone,200NM,2230,Malaysia,2230,Malaysia,MYS,0,NA,0,NA,NA,0,NA,0,NA,NA,108.435167801,4.85143661206,510822.838776,8483
2016-212,72,Pirates,Fishing Vessel,NA,"MALAYSIA:On 10 September, seven armed men, believed to be from the Philippines, kidnapped the captain and two crewmen from a fishing boat in Sabah waters near the tourist resort of Pulau Pom Pom off Semporna, vicinity 04-24N 118-52E. The kidnappers took",the three crewmen and fled in a green fast boat towards the southern Philippines.,NA,NA,NA,NA,2016-09-10,2016,251,8483,Malaysian Exclusive Economic Zone,200NM,2230,Malaysia,2230,Malaysia,MYS,0,NA,0,NA,NA,0,NA,0,NA,NA,108.435167801,4.85143661206,510822.838776,8483
2016-175,72,Robbers,Bulk Carrier,NA,"INDONESIA:On 24 July at 2220LT in 00-13.4S 117-33.9E, at Samarinda anchorage, three robbers in a small wooden motor boat approached and boarded an anchored bulk carrier. Duty crew noticed robbers and raised the alarm. Seeing the crew alertness, the",robbers escaped with stolen ship's stores. A search was carried out throughout the ship. Incident reported to port control with port police arriving for an investigation.,NA,NA,NA,NA,2016-07-24,2016,220,8492,Indonesian Exclusive Economic Zone,200NM,2127,Indonesia,2127,Indonesia,IDN,0,NA,0,NA,NA,0,NA,0,NA,NA,117.898147552,-3.30903479808,6025109.71458,8492
2016-290,72,Robbers,Bulk Carrier,NA,"INDONESIA:On 15 July at 0500 LT in 00-17.5S 117-40.4E, duty crew noticed one robber with long knives on board an anchored bulk carrier. There were another three or four robbers in the boat. The duty crew retreated to the accommodation and raised the","alarm. After hearing the alarm, the robbers escaped without stealing anything.",NA,NA,NA,NA,2016-07-15,2016,220,8492,Indonesian Exclusive Economic Zone,200NM,2127,Indonesia,2127,Indonesia,IDN,0,NA,0,NA,NA,0,NA,0,NA,NA,117.898147552,-3.30903479808,6025109.71458,8492
2016-159,72,Pirates,Vessel,NA,"MALAYSIA:On 9 July, gunmen kidnapped three Indonesian members of a small boat off Malaysia's eastern state of Sabah, the latest in a string of abductions in a region noted for kidnappings by Islamist militants. It was not immediately clear whether the","men were seized by Abu Sayyaf. The boat, with a crew of seven, was in waters off the east coast of Sabah on Borneo island, vicinity 03-30N 117-58E, about 3.6 nautical miles from Kampung Sinakut. It was not immediately clear what type of boat was attacked","as reports state it was either a small fishing boat or a small tug boat. Reportedly, there has been a call from one of the men who communicated a ransom demand from their captors. No further details are available.UPDATE: On 18 September, Abu Sayyaf",gunmen freed three Indonesian nationals taken from a Malaysian fishing vessel near the east coast Lahad Datu district of Sabah more than a month ago.,NA,NA,2016-07-09,2016,220,8492,Indonesian Exclusive Economic Zone,200NM,2127,Indonesia,2127,Indonesia,IDN,0,NA,0,NA,NA,0,NA,0,NA,NA,117.898147552,-3.30903479808,6025109.71458,8492
2016-294,72,Robbers,Bulk Carrier,NA,"INDONESIA:On 03 July at 0435 LT in 00-15.5S 117-37.3E, robbers boarded an anchored bulk carrier. They stole ship's stores and escaped. The theft was noticed by crew during routine rounds.",NA,NA,NA,NA,NA,2016-07-03,2016,220,8492,Indonesian Exclusive Economic Zone,200NM,2127,Indonesia,2127,Indonesia,IDN,0,NA,0,NA,NA,0,NA,0,NA,NA,117.898147552,-3.30903479808,6025109.71458,8492
2016-141,72,Robbers,Tanker,NA,"INDONESIA:On 28 June at 0050 LT in 01-28S 116-48E, at Balikpapan anchorage, two unauthorized persons attempted to board an anchored tanker. The duty crew noticed the persons and informed the bridge officer. Alarm was raised and crew mustered. Upon","hearing the alarm and seeing the crew alertness, the unauthorized persons aborted the boarding. Port control was informed and all crew reported safe.",NA,NA,NA,NA,2016-06-28,2016,220,8492,Indonesian Exclusive Economic Zone,200NM,2127,Indonesia,2127,Indonesia,IDN,0,NA,0,NA,NA,0,NA,0,NA,NA,117.898147552,-3.30903479808,6025109.71458,8492
2016-117,72,Robbers,Bulk Carrier,NA,"INDONESIA:On 18 May between 0001 and 0400 LT in 00-14S 117-34E, at Samarinda anchorage, a robber boarded an anchored bulk carrier. Robber stole ship's property and escaped. Incident was discovered during later rounds by crew.",NA,NA,NA,NA,NA,2016-05-18,2016,220,8492,Indonesian Exclusive Economic Zone,200NM,2127,Indonesia,2127,Indonesia,IDN,0,NA,0,NA,NA,0,NA,0,NA,NA,117.898147552,-3.30903479808,6025109.71458,8492
2016-105,72,Robbers,Bulk Carrier,NA,"INDONESIA:On 4 May, robbers armed with knives boarded an anchored bulk carrier near position00-15S 117-40E, Samarinda Anchorage. Alarm was raised and crew was mustered. The robbers escaped with stolen ship's properties.",NA,NA,NA,NA,NA,2016-05-04,2016,220,8492,Indonesian Exclusive Economic Zone,200NM,2127,Indonesia,2127,Indonesia,IDN,0,NA,0,NA,NA,0,NA,0,NA,NA,117.898147552,-3.30903479808,6025109.71458,8492
2016-106,72,Robbers,Bulk Carrier,NA,"INDONESIA:On 4 May, robbers boarded a bulk carrier underway near position 01-20S 116-52E, Balikpapan. The robbers stole ship properties and escaped unnoticed. The theft was noticed by the duty crew on routine rounds.",NA,NA,NA,NA,NA,2016-05-04,2016,220,8492,Indonesian Exclusive Economic Zone,200NM,2127,Indonesia,2127,Indonesia,IDN,0,NA,0,NA,NA,0,NA,0,NA,NA,117.898147552,-3.30903479808,6025109.71458,8492
2016-82,72,Pirates,Tug,NA,"MALAYSIA:On 15 April, armed persons in a speed boat fired upon and boarded the tug boat HENRY near Pondo Sibugal, Sitangkai town, 04-40N 119-24E. One crewman was injured by gunfire. The armed persons then kidnapped four crew members and escaped. The",Malaysian Marine Police escorted the tug to a safe port and transferred the injured crewman to a hospital for medical treatment.,NA,NA,NA,NA,2016-04-15,2016,179,8322,Philippines Exclusive Economic Zone,200NM,2245,Philippines,2245,Philippines,PHL,0,NA,0,NA,NA,0,NA,0,NA,NA,122.546805869,12.3401155141,1971039.86154,8322
2016-73,72,Pirates,Tug,NA,"MALAYSIA:On 15 April at 1739 LT in position 04-31N 119-00E, pirates in a speed boat approached and boarded an underway tug. Pirates opened fire, kidnapped four crew members and escaped.",NA,NA,NA,NA,NA,2016-04-15,2016,251,8483,Malaysian Exclusive Economic Zone,200NM,2230,Malaysia,2230,Malaysia,MYS,0,NA,0,NA,NA,0,NA,0,NA,NA,108.435167801,4.85143661206,510822.838776,8483
2016-72,72,Robbers,Container Ship,NA,"INDONESIA:On 12 April at 0730 LT in position 06-54S 110-22E, at Semarang anchorage, three robbers boarded a container ship. Robbers were in the engine room when the alarm was raised. Crew mustered after hearing alarm. Robbers escaped with spare engine",parts.,NA,NA,NA,NA,2016-04-12,2016,220,8492,Indonesian Exclusive Economic Zone,200NM,2127,Indonesia,2127,Indonesia,IDN,0,NA,0,NA,NA,0,NA,0,NA,NA,117.898147552,-3.30903479808,6025109.71458,8492
2016-67,72,Pirates,Tug,NA,"MALAYSIA:On 1 April, eight armed pirates in a speed boat boarded an underway tug near position04-07N 118-55E, 17 nm east of Pulau Sipadan. They stole crew personal belongings then kidnapped four crew members and escaped. The remaining crew members sailed",the vessel to the vicinity of Semporna and soon after a Malaysian Maritime Enforcement Authority patrol boat escorted the vessel to a safe port.,NA,NA,NA,NA,2016-04-01,2016,251,8483,Malaysian Exclusive Economic Zone,200NM,2230,Malaysia,2230,Malaysia,MYS,0,NA,0,NA,NA,0,NA,0,NA,NA,108.435167801,4.85143661206,510822.838776,8483
2016-64,72,Robbers,Bulk Carrier,NA,"INDONESIA:On 01 April at 0145 LT at the Samarinda anchorage in 00-15S 117-35E, the duty officer aboard an anchored bulk carrier heard voices on the forecastle deck. The alarm was sounded. Robbers escaped with ship's stores. Master notified Coast Guard",but received no response.,NA,NA,NA,NA,2016-04-01,2016,220,8492,Indonesian Exclusive Economic Zone,200NM,2127,Indonesia,2127,Indonesia,IDN,0,NA,0,NA,NA,0,NA,0,NA,NA,117.898147552,-3.30903479808,6025109.71458,8492
2016-62,72,Pirates,Tug and Barge,NA,PHILIPPINES:On 25 March a tug and barge was boarded by pirates. The barge was let loose and the tug and its ten crew members were taken hostage. The tug was abandoned off Languyan island near position 05-16N 120-05E. The tug was ransacked and all,communicaition equipment was damaged. The Philippines police have taken custody of the tug and are investigating the case.,NA,NA,NA,NA,2016-03-25,2016,179,8322,Philippines Exclusive Economic Zone,200NM,2245,Philippines,2245,Philippines,PHL,0,NA,0,NA,NA,0,NA,0,NA,NA,122.546805869,12.3401155141,1971039.86154,8322
2015-271,72,Robbers,Bulk Carrier,NA,"INDONESIA:On 27 December at 2200 LT near position 03-44S 114-26E, Taboneo Anchorage, four boats approached an anchored bulk carrier. One robber climbed the anchor chain and tried to enter through the hawse pipe. The robbers were spotted by the duty crew",who informed the bridge via walkie talkie. The alarm was raised and the crew mustered. The captain and the crew went forward and discovered the robbers had already escaped in a speed boat.,NA,NA,NA,NA,2015-12-27,2015,220,8492,Indonesian Exclusive Economic Zone,200NM,2127,Indonesia,2127,Indonesia,IDN,0,NA,0,NA,NA,0,NA,0,NA,NA,117.898147552,-3.30903479808,6025109.71458,8492
2015-238,72,Robbers,Bulk Carrier,NA,"INDONESIA:On 3 November, three robbers boarded an anchored bulk carrier via the anchor chain near position 03-42S 114-26E, Taboneo Anchorage. The alarm was raised and crew was mustered. Seeing the crew's alertness, the robbers escaped empty-handed.",NA,NA,NA,NA,NA,2015-11-03,2015,220,8492,Indonesian Exclusive Economic Zone,200NM,2127,Indonesia,2127,Indonesia,IDN,0,NA,0,NA,NA,0,NA,0,NA,NA,117.898147552,-3.30903479808,6025109.71458,8492
2015-229,72,Hijacking,Sailing Yacht,NA,"INDONESIA:During the week of 26 October near position 08-46S 115-44E, a German-flagged sailing yacht, FARAWAY, was reportedly hijacked in the Lombok Strait near Bali Island. Two German citizens were onboard; no ransom demand has been made.",NA,NA,NA,NA,NA,2015-10-26,2015,220,8492,Indonesian Exclusive Economic Zone,200NM,2127,Indonesia,2127,Indonesia,IDN,0,NA,0,NA,NA,0,NA,0,NA,NA,117.898147552,-3.30903479808,6025109.71458,8492
2015-195,72,Robbers,Sailing Yacht,NA,"INDONESIA:On 2 September near position 08-22S 117-11E, robbers boarded a sailing yacht anchored in Potopaddu Bay, Sumbawa Island. The robbers were able to steal deck equipment and other valuables and escape.",NA,NA,NA,NA,NA,2015-09-02,2015,220,8492,Indonesian Exclusive Economic Zone,200NM,2127,Indonesia,2127,Indonesia,IDN,0,NA,0,NA,NA,0,NA,0,NA,NA,117.898147552,-3.30903479808,6025109.71458,8492
2015-176,72,Robber,Bulk Carrier,NA,"INDONESIA:On 9 August, a surveyor arrived from a service boat and requested the duty officer of an anchored bulk carrier to carry out a draft survey near position 03-42S 114-28E, Taboneo Anchorage. As the duty officer was taking the draft readings a","small wooden boat approached the shipeside. A robber boarded the service boat, harassed the boat operator, and then approached and stabbed the duty officer with an ice pick.The duty officer defended himself, but received injuries to an elbow. The robber",escaped. The duty officer was treated in the nearby floating barge clinic.,NA,NA,NA,2015-08-09,2015,220,8492,Indonesian Exclusive Economic Zone,200NM,2127,Indonesia,2127,Indonesia,IDN,0,NA,0,NA,NA,0,NA,0,NA,NA,117.898147552,-3.30903479808,6025109.71458,8492
2015-119,72,Suspicious Approach,Passenger Vessel,NA,"PHILIPPINES:On 16 May, several small inflatable speedboats made a suspicious approach on an underway passenger vessel near position 04-10N 121-10E, 69 nm south-southeast of Bintoulan Island. At a distance of 0.5 nm, the ship's master increased speed and","altered course. All of the boats stopped following the ship, except one, which continued to follow the ship for another 15 minutes before aborting the approach. The ship continued her passage.",NA,NA,NA,NA,2015-05-16,2015,179,8322,Philippines Exclusive Economic Zone,200NM,2245,Philippines,2245,Philippines,PHL,0,NA,0,NA,NA,0,NA,0,NA,NA,122.546805869,12.3401155141,1971039.86154,8322
2015-51,72,Pirates,Bulk Carrier,NA,"MALAYSIA:On 20 March near position 06-00N 119-13E, persons in four speed boats approached a bulk carrier underway. The master raised the alarm, called the Malaysian Navy via VHF channel, increased speed and took evasive maneuvers. The crew mustered and",activated anti-piracy preventive measures. The boats chased the ship for around 20 minutes and then moved away.,NA,NA,NA,NA,2015-03-20,2015,179,8322,Philippines Exclusive Economic Zone,200NM,2245,Philippines,2245,Philippines,PHL,0,NA,0,NA,NA,0,NA,0,NA,NA,122.546805869,12.3401155141,1971039.86154,8322
2015-31,72,Robbers,Bulk Carrier,NA,"INDONESIA:On 12 February, two robbers boarded an anchored bulk carrier using hooks attached with ropes near position 03-41S 114-28E, Taboneo Anchorage. When the duty crewman spotted the robbers, the alarm was raised and the crew was mustered. Seeing the","crew response, the robbers escaped in their boat. Upon investigation, it was found that two padlocks were broken, but nothing stolen.",NA,NA,NA,NA,2015-02-12,2015,220,8492,Indonesian Exclusive Economic Zone,200NM,2127,Indonesia,2127,Indonesia,IDN,0,NA,0,NA,NA,0,NA,0,NA,NA,117.898147552,-3.30903479808,6025109.71458,8492
2014-262,72,Robbers,Bulk Carrier,NA,"INDONESIA:On 16 November, seven robbers armed with knives boarded an anchored bulk carrier near position 01-14S 117-35E, Muara Berau anchorage, Samarinda. When the duty crew on routine rounds noticed the robbers on the forecastle, he immediately notified","the bridge who raised the alarm and mustered the crew. Seeing the crew response, the robbers fled with stolen ship's properties. Vessels in the vicinity notified.",NA,NA,NA,NA,2014-11-16,2014,220,8492,Indonesian Exclusive Economic Zone,200NM,2127,Indonesia,2127,Indonesia,IDN,0,NA,0,NA,NA,0,NA,0,NA,NA,117.898147552,-3.30903479808,6025109.71458,8492
2014-254,72,Robbers,Bulk Carrier,NA,"INDONESIA:On 8 November, five robbers boarded an anchored bulk carrier during cargo operations near position 00-17S 117-36E, Muara Berau Anchorage, Samarinda. The robbers took hostage two duty crewmen, tied them up, and then broke into the forecastle",store room. Pirates stole ship's property and a crewman's belongings before escaping.,NA,NA,NA,NA,2014-11-08,2014,220,8492,Indonesian Exclusive Economic Zone,200NM,2127,Indonesia,2127,Indonesia,IDN,0,NA,0,NA,NA,0,NA,0,NA,NA,117.898147552,-3.30903479808,6025109.71458,8492
2014-241,72,Pirates,Oil/Chemical Tanker,NA,"MALAYSIA:On or about 14 October, pirates hijacked the 3,200-dwt SRIKANDI 515 which was en route from Gresik to Kalimantan with 3,100 tons of palm oil. The vessel left on 8 October, but by 17 October it had not reached its destination. The captain and 10",crew members aged between 24 and 45 were later picked up by Malaysian fishermen safe and well after having been dumped into lifeboats by the hijackers. They had been held captive for 13 days. The ship owner was reportedly heading to Malaysia to bring the,men back. The vessel has not been located.,NA,NA,NA,2014-10-14,2014,220,8492,Indonesian Exclusive Economic Zone,200NM,2127,Indonesia,2127,Indonesia,IDN,0,NA,0,NA,NA,0,NA,0,NA,NA,117.898147552,-3.30903479808,6025109.71458,8492
2014-225,72,Robbers,Bulk carrier,NA,"INDONESIA:On 12 October, three robbers boarded an anchored bulk carrier near position03-42S 114-25E, Taboneo Anchorage. When a duty crewman on rounds noticed the robbers, he informed the duty officer who raised the alarm, sounded the ship's fog horn, and","mustered the crew. As the robbers were armed with knives and a gun, the Ship's Master instructed the crew to stay in the accommodation area. The robbers stole ship's stores and properties and escaped in their boats. Local Coast Guard and Port Authorities","were contacted via VHF channel 16, but received no response.",NA,NA,NA,2014-10-12,2014,220,8492,Indonesian Exclusive Economic Zone,200NM,2127,Indonesia,2127,Indonesia,IDN,0,NA,0,NA,NA,0,NA,0,NA,NA,117.898147552,-3.30903479808,6025109.71458,8492
2014-205,72,Robbers,Bulk Carrier,NA,"INDONESIA:On 20 August, robbers boarded an anchored bulk carrier near position 00-14S 117-40E, Samarinda Anchorage. When the duty crewman noticed the forward store room door lock broken, he discovered the mooring ropes were missing. The incident was",reported to Port Control through the local agents.,NA,NA,NA,NA,2014-08-20,2014,220,8492,Indonesian Exclusive Economic Zone,200NM,2127,Indonesia,2127,Indonesia,IDN,0,NA,0,NA,NA,0,NA,0,NA,NA,117.898147552,-3.30903479808,6025109.71458,8492
2014-187,72,Robbers,Bulk carrier,NA,"INDONESIA:On 8 August, two robbers boarded an anchored bulk carrier near position 00-17S 117-41E, Muara Berau Anchorage. Duty crewman spotted the robbers and raised the alarm. Seeing the crew's alertness, the robber escaped. Upon searching the vessel it",was found that the padlocks to a store room were found broken but nothing reported stolen.,NA,NA,NA,NA,2014-08-08,2014,220,8492,Indonesian Exclusive Economic Zone,200NM,2127,Indonesia,2127,Indonesia,IDN,0,NA,0,NA,NA,0,NA,0,NA,NA,117.898147552,-3.30903479808,6025109.71458,8492
2014-180,72,Robbers,Bulk carrier,NA,"INDONESIA:On 25 July, Three armed robbers in a wooden boat approached and boarded an anchored bulk carrier near position 00-15N 117-34E, Muara Berau Anchorage. They took hostage a duty crewman and tied him up. He managed to escape and informed the duty","officer who raised the alarm. Seeing the alerted crew, the robbers escaped with stolen ship's properties.",NA,NA,NA,NA,2014-07-25,2014,220,8492,Indonesian Exclusive Economic Zone,200NM,2127,Indonesia,2127,Indonesia,IDN,0,NA,0,NA,NA,0,NA,0,NA,NA,117.898147552,-3.30903479808,6025109.71458,8492
2014-158,72,Robbers,Cargo Ship,NA,"INDONESIA:On 27 June, robbers boarded an anchored cargo ship near position 01-18S 116-48E, Balikpapan Inner Anchorage. Duty crewman on security rounds found that the padlock to the forecastle store room had been broken and then sighted three robbers","armed with knives on in the area. He immediately informed the duty officer who raised the alarm. Seeing the crew alerted, the robbers escaped with stolen ship's stores.",NA,NA,NA,NA,2014-06-27,2014,220,8492,Indonesian Exclusive Economic Zone,200NM,2127,Indonesia,2127,Indonesia,IDN,0,NA,0,NA,NA,0,NA,0,NA,NA,117.898147552,-3.30903479808,6025109.71458,8492
2014-14,72,Robbers,Chemical tanker,NA,"INDONESIA:On 7 January, two robbers boarded an anchored chemical tanker near position 07-05S 112-39E, Gresik Inner Anchorage. They threatened the duty watch keeper, with a knife and stole ship's stores. When other crewmembers noticed the robbers and","raised the alarm, the robbers fled.",NA,NA,NA,NA,2014-01-07,2014,220,8492,Indonesian Exclusive Economic Zone,200NM,2127,Indonesia,2127,Indonesia,IDN,0,NA,0,NA,NA,0,NA,0,NA,NA,117.898147552,-3.30903479808,6025109.71458,8492
2014-17,72,Robbers,Bulk carrier,NA,"INDONESIA:On 3 January, three robbers armed with a gun boarded an anchored bulk carrier at position 00-17S 117-40E, Muara Berau Anchorage, while it was carrying out loading operations. They took hostage a duty crewman on routine rounds, tied him up and","stole his personal effects. The robbers then broke into the forecastle store room, stole ship's property and escaped. The crewman managed to untie himself and reported the incident to the duty officer.",NA,NA,NA,NA,2014-01-03,2014,220,8492,Indonesian Exclusive Economic Zone,200NM,2127,Indonesia,2127,Indonesia,IDN,0,NA,0,NA,NA,0,NA,0,NA,NA,117.898147552,-3.30903479808,6025109.71458,8492
2013-358,72,ROBBER,CRUDE OIL TANKER,NA,"INDONESIA:On 16 December, a robber boarded an anchored crude oil tanker near position 00-06S 117-34E, Santan Anchorage. Upon discovering the robber, the bridge raised the alarm which caused the robber to flee. The crew subsequently searched the ship and",found nothing missing.,NA,NA,NA,NA,2013-12-16,2013,220,8492,Indonesian Exclusive Economic Zone,200NM,2127,Indonesia,2127,Indonesia,IDN,0,NA,0,NA,NA,0,NA,0,NA,NA,117.898147552,-3.30903479808,6025109.71458,8492
2013-359,72,ROBBERS,TANKER,NA,"INDONESIA:On 12 December, three to four robbers boarded an anchored tanker near position 01-06N 103-37E, Nipah Anchorage. They were immediately spotted by the duty officer who raised the alarm. Upon seeing the crew response, the robbers fled in their","boat. A thorough search of the vessel showed that none of the ship's stores or personal belongings were stolen. The accommodation area, engine room and stores were locked during the boarding.",NA,NA,NA,NA,2013-12-12,2013,220,8492,Indonesian Exclusive Economic Zone,200NM,2127,Indonesia,2127,Indonesia,IDN,0,NA,0,NA,NA,0,NA,0,NA,NA,117.898147552,-3.30903479808,6025109.71458,8492
2013-325,72,Robbers,Bulk carrier,NA,"INDONESIA:On 11 November, an anchored bulk carrier was boarded near position 03-40S 114-26E, Taboneo Anchorage. The robbers boarded the ship unnoticed and broke into bosun storeroom and escaped with ships store's and properties. The theft was noticed by",the duty crew during routine rounds.,NA,NA,NA,NA,2013-11-11,2013,220,8492,Indonesian Exclusive Economic Zone,200NM,2127,Indonesia,2127,Indonesia,IDN,0,NA,0,NA,NA,0,NA,0,NA,NA,117.898147552,-3.30903479808,6025109.71458,8492
2013-331,72,ROBBERS,YACHT,NA,"INDONESIA:On the night of 9 November, robbers boarded a yacht anchored near position 01-22S 109-20E, Pontianak Harbor, Kalimantan. The robbers stole outboard motors, a generator, fuel, dive gear and a large amount of electronics and navigation gear.",Report filed with local police.,NA,NA,NA,NA,2013-11-09,2013,220,8492,Indonesian Exclusive Economic Zone,200NM,2127,Indonesia,2127,Indonesia,IDN,0,NA,0,NA,NA,0,NA,0,NA,NA,117.898147552,-3.30903479808,6025109.71458,8492
2013-326,72,Robbers,Bulk carrier,NA,"INDONESIA:On 8 November, an anchored bulk carrier was boarded near position 01-43S 116-38E, Adang Bay Anchorage. The duty A/B found six robbers, armed with knives, and alerted the Duty Officer who raised the alarm resulting in the robbers escaping empty",handed.,NA,NA,NA,NA,2013-11-08,2013,220,8492,Indonesian Exclusive Economic Zone,200NM,2127,Indonesia,2127,Indonesia,IDN,0,NA,0,NA,NA,0,NA,0,NA,NA,117.898147552,-3.30903479808,6025109.71458,8492
2013-313,72,Robbers,Bulk carrier,NA,"INDONESIA:On 19 October, Six robbers armed with long knives boarded an anchored bulk carrier via the anchor chain at position 00-14S 117-33E, Muara Berau Anchorage. The robbers took hostage two duty watchmen, tied them up, and stole their personal","belongings. After 45 minutes, the duty officer on routine deck rounds noticed the robbers and raised the alarm. Seeing the crew alertness the robbers escaped with stolen ship's stores.",NA,NA,NA,NA,2013-10-19,2013,220,8492,Indonesian Exclusive Economic Zone,200NM,2127,Indonesia,2127,Indonesia,IDN,0,NA,0,NA,NA,0,NA,0,NA,NA,117.898147552,-3.30903479808,6025109.71458,8492
2013-305,72,ROBBERS,BULK CARRIER PORT HAINAN,NA,"INDONESIA:On 10 October at 0315 local time, five robbers with long knives boarded anchored bulk carrier PORT HAINAN near position 01-57N 118-05E, Muara Berau anchorage, Samarinda. They held one crewmember hostage while they broke into storage and stole","some ship's stores. The officer of the watch was alerted, the alarm was raised, and the crew proceeded towards the forecastle. After the robbers saw the alert crew, they jumped overboard and escaped. There were no injuries to the crew.",NA,NA,NA,NA,2013-10-10,2013,220,8492,Indonesian Exclusive Economic Zone,200NM,2127,Indonesia,2127,Indonesia,IDN,0,NA,0,NA,NA,0,NA,0,NA,NA,117.898147552,-3.30903479808,6025109.71458,8492
2013-276,72,ROBBER,CHEMICAL TANKER FEN,NA,"INDONESIA:On 16 September, a berthed chemical tanker FEN was boarded by a single robber at position 07-09S 112-40E, Gresik Port. The robber boarded the ship while the crew was busy connecting the cargo hoses. The robber broke into the paint store and","stole ship's stores. Duty crewman noticed the robber and informed the duty officer who raised the alarm and mustered the crew. Upon hearing the alarm, the robber escaped with the stolen stores in a boat.",NA,NA,NA,NA,2013-09-16,2013,220,8492,Indonesian Exclusive Economic Zone,200NM,2127,Indonesia,2127,Indonesia,IDN,0,NA,0,NA,NA,0,NA,0,NA,NA,117.898147552,-3.30903479808,6025109.71458,8492
2013-266,72,Robbers,Bulk carrier,NA,"INDONESIA:On 23 August, the Marshall Islands-flagged anchored bulk carrier TEQUILA SUNRISE was boarded at 01-15S 117-36E, at the Samarinda Working Anchorage. The Deck Cadet on duty noticed the forward store had been forced open. He immediately informed",the watch officer. Inventory of the store revealed that some stores were stolen. Local authorities were informed.,NA,NA,NA,NA,2013-08-23,2013,220,8492,Indonesian Exclusive Economic Zone,200NM,2127,Indonesia,2127,Indonesia,IDN,0,NA,0,NA,NA,0,NA,0,NA,NA,117.898147552,-3.30903479808,6025109.71458,8492
2013-212,72,ROBBERS,BULK CARRIER SANKO MERCURY,NA,"INDONESIA:On 4 July, the Liberia-flagged anchored bulk carrier SANKO MERCURY was boarded at 03-40S 114-25E, at the Taboneo Anchorage. Three robbers, in a boat, boarded the anchored bulk carrier at the forecastle. Alert duty crew spotted the robbers and",raised the alarm; resulting in the robbers escaping empty handed. Port authorities were informed. All crew are safe.,NA,NA,NA,NA,2013-07-04,2013,220,8492,Indonesian Exclusive Economic Zone,200NM,2127,Indonesia,2127,Indonesia,IDN,0,NA,0,NA,NA,0,NA,0,NA,NA,117.898147552,-3.30903479808,6025109.71458,8492
2013-189,72,ROBBERS,BULK CARRIER OCEAN GARNET,NA,"INDONESIA:On 19 June, the anchored Hong Kong-flagged bulk carrier OCEAN GARNET was boarded at 01-11S 117-12E, at the Muara Jawa Anchorage, Samarinda. Deck watch keepersonboard the anchored bulk carrier noticed three to five robbers with long knives near","the forecastle store. They raised the alarm and retreated into the accommodation. On hearing the alarm, the robbers escaped in their waiting boat. Upon investigation, it was discovered that ship's stores had been stolen. Port control was informed.",NA,NA,NA,NA,2013-06-19,2013,220,8492,Indonesian Exclusive Economic Zone,200NM,2127,Indonesia,2127,Indonesia,IDN,0,NA,0,NA,NA,0,NA,0,NA,NA,117.898147552,-3.30903479808,6025109.71458,8492
2013-192,72,ROBBERS,OIL TANKER CSK BRILLIANCE,NA,"INDONESIA:On 13 June, the Hong Kong-flagged anchored bulk carrier CSK BRILLIANCE was boarded at 01-12S 117-13E, at the Muara Jawa Anchorage, Samarinda. Six robbers armed with knives, boarded the bulk carrier while at anchor. They took hostage two","crewmembers, tied them up with ropes, and stole their personal belongings. The robbers then stole ship stores and escaped. One crew member was slightly injured during the ordeal. Port authorities were informed.",NA,NA,NA,NA,2013-06-13,2013,220,8492,Indonesian Exclusive Economic Zone,200NM,2127,Indonesia,2127,Indonesia,IDN,0,NA,0,NA,NA,0,NA,0,NA,NA,117.898147552,-3.30903479808,6025109.71458,8492
2013-194,72,ROBBERS,OIL TANKER SENTOSA RIVER,NA,"INDONESIA:On 12 June, the Singapore-flagged anchored oil tanker SENTOSA RIVER was boarded at 01-05S 117-14E, at the Senipah Tanker Anchorage off Balikpapan. The alert crew on board the anchored oil tanker noticed one robber on the forecastle and raised","the alarm, resulting in the robber fleeing. Further investigation revealed the forecastle store padlock broken, but nothing stolen. Authorities were informed of the incident.",NA,NA,NA,NA,2013-06-12,2013,220,8492,Indonesian Exclusive Economic Zone,200NM,2127,Indonesia,2127,Indonesia,IDN,0,NA,0,NA,NA,0,NA,0,NA,NA,117.898147552,-3.30903479808,6025109.71458,8492
2013-174,72,robbers,bulk carrier Spar Libra,NA,"INDONESIA:On 03 June, the Norway-flagged anchored bulk carrier SPAR LIBRA was boarded at 01-10S 117-15E, at the Muara Jawa Anchorage, Samarinda. Two robbers boarded the anchored bulk carrier using a hook attached to a rope and attempted to enter the","forecastle store. Alert duty crew noticed the robbers and raised the alarm, resulting in the robbers escaping empty handed. Port control was informed.",NA,NA,NA,NA,2013-06-03,2013,220,8492,Indonesian Exclusive Economic Zone,200NM,2127,Indonesia,2127,Indonesia,IDN,0,NA,0,NA,NA,0,NA,0,NA,NA,117.898147552,-3.30903479808,6025109.71458,8492
2013-141,72,ROBBERS,BULK CARRIER SAM HAWK,NA,"INDONESIA:On 12 May, the bulk carrier SAM HAWK was boarded at 03-41S 114-27E, at the Taboneo Anchorage. Five robbers in a boat approached and boarded an anchored bulk carrier via the anchor chain and broke into the forward store. The alert crew noticed","the robbers, raised the alarm and proceeded towards the forecastle. Seeing the crew alertness, the robbers escaped in their boat with the stolen stores. Local agents informed.",NA,NA,NA,NA,2013-05-12,2013,220,8492,Indonesian Exclusive Economic Zone,200NM,2127,Indonesia,2127,Indonesia,IDN,0,NA,0,NA,NA,0,NA,0,NA,NA,117.898147552,-3.30903479808,6025109.71458,8492
2013-157,72,PIRATE,PASSENGER SHIP KM LAMBELU,NA,"INDONESIA:On 30 April, the berthed passenger ship KM LAMBELU was boarded at 07-12S 112-43E, at the Tanjung Perak Port in Surabaya, East Java. According to witnesses, a man onboard the ship began to attack passengers indiscriminately with a 50-centimeter","machete. The man injured 18 passengers before he was taken down by other passengers. Eight of the injured passengers required surgery, based upon the significance of their wounds.",NA,NA,NA,NA,2013-04-30,2013,220,8492,Indonesian Exclusive Economic Zone,200NM,2127,Indonesia,2127,Indonesia,IDN,0,NA,0,NA,NA,0,NA,0,NA,NA,117.898147552,-3.30903479808,6025109.71458,8492
2013-97,72,ROBBERS,BULK CARRIER,NA,"INDONESIA:On 29 March, an anchored bulk carrier was boarded at 01-11S 117-16E, at the Belawan Anchorage. Two robbers armed with long knives boarded the vessel and stole ship's stores from the forecastle store. They were spotted by the crew and the alarm",was raised. The robbers escaped with the stolen stores.,NA,NA,NA,NA,2013-03-29,2013,220,8492,Indonesian Exclusive Economic Zone,200NM,2127,Indonesia,2127,Indonesia,IDN,0,NA,0,NA,NA,0,NA,0,NA,NA,117.898147552,-3.30903479808,6025109.71458,8492
2013-119,72,ROBBERS,BULK CARRIER THEOMETOR,NA,"INDONESIA:On 28 March, the anchored bulk carrier THEOMETOR was boarded at 01-08S 117-15E, at the Muara Jawa Anchorage, Samarinda. A/B on routine security rounds on board the ship noticed robbers near the bosun store trying to remove mooring ropes. They",pointed a gun at the A/B who took cover and informed the D/O. The robbers managed to lower the rope into a waiting boat and escaped. Coast guard and port control were informed.,NA,NA,NA,NA,2013-03-28,2013,220,8492,Indonesian Exclusive Economic Zone,200NM,2127,Indonesia,2127,Indonesia,IDN,0,NA,0,NA,NA,0,NA,0,NA,NA,117.898147552,-3.30903479808,6025109.71458,8492
2013-73,72,ROBBERS,BULK CARRIER KILIAN S,NA,"INDONESIA:On 14 March, the anchored bulk carrier KILIAN S was boarded at 01-40S 116-39E, approximately 25 nm SSW of the Balikpapan Port. Three robbers armed with long knives boarded the vessel. The alert duty seaman spotted the robbers attempting to","enter the forecastle store and informed the Duty Officer, who raised the alarm and sounded the forward fog horn. Seeing the alerted crew mustered and proceeding towards the forecastle, the robbers jumped overboard and escaped. Pilot station and all",vessels at Adang Bay alerted. The crew did not sustain any injuries and no property was stolen.,NA,NA,NA,2013-03-14,2013,220,8492,Indonesian Exclusive Economic Zone,200NM,2127,Indonesia,2127,Indonesia,IDN,0,NA,0,NA,NA,0,NA,0,NA,NA,117.898147552,-3.30903479808,6025109.71458,8492
2013-68,72,ROBBERS,BULK CARRIER CASTLEGATE,NA,"INDONESIA:On 04 March, the bulk carrier CASTLEGATE was boarded at 03-33S 114-26E, at the Taboneo Anchorage. The anchored vessel was boarded by robbers, who stole ship's stores and escaped unnoticed. Master reported the incident to Port Control.",NA,NA,NA,NA,NA,2013-03-04,2013,220,8492,Indonesian Exclusive Economic Zone,200NM,2127,Indonesia,2127,Indonesia,IDN,0,NA,0,NA,NA,0,NA,0,NA,NA,117.898147552,-3.30903479808,6025109.71458,8492
2013-47,72,ROBBERS,TANKER,NA,"INDONESIA:On 20 February, an anchored tanker was boarded at 01-23S 116-56E, at the BalikpapanAnchorage. During bunkering operations, the Master saw two robbers with long swords on the forecastle stealing mooring ropes. He raised the alarm and mustered","the crew. Seeing crew's alertness, the robbers jumped overboard and escaped.",NA,NA,NA,NA,2013-02-20,2013,220,8492,Indonesian Exclusive Economic Zone,200NM,2127,Indonesia,2127,Indonesia,IDN,0,NA,0,NA,NA,0,NA,0,NA,NA,117.898147552,-3.30903479808,6025109.71458,8492
2013-39,72,ROBBERS,TANKER TORM GARRONE,NA,"INDONESIA:On 12 February, the anchored tanker TORM GARRONE was boarded at 01-17S 116-47E, at the Balikpapan Inner Anchorage. On sighting the robbers, Master raised the alarm and mustered the crew. Robbers escaped with ship's stores.",NA,NA,NA,NA,NA,2013-02-12,2013,220,8492,Indonesian Exclusive Economic Zone,200NM,2127,Indonesia,2127,Indonesia,IDN,0,NA,0,NA,NA,0,NA,0,NA,NA,117.898147552,-3.30903479808,6025109.71458,8492
2013-41,72,ROBBERS,BULK CARRIER INCE INEBOLU,NA,"INDONESIA:On 06 February, the bulk carrier INCE INEBOLU ship was boarded at 01-41S 116-38E, at the Adang Bay Anchorage. Three robbers armed with knives boarded the anchored vessel via the anchor chain and attacked the duty crewman on the forecastle, who","managed to escape and raise the alarm. All crew mustered and proceeded forward. Seeing the alert crew, the robbers jumped overboard and escaped in their boat. Investigation revealed that ship's stores had been stolen from the forecastle store.",NA,NA,NA,NA,2013-02-06,2013,220,8492,Indonesian Exclusive Economic Zone,200NM,2127,Indonesia,2127,Indonesia,IDN,0,NA,0,NA,NA,0,NA,0,NA,NA,117.898147552,-3.30903479808,6025109.71458,8492
2013-23,72,ROBBERS,TANKER TORM OHIO,NA,"INDONESIA:On 17 January, the tanker TORM OHIO was boarded at 01-22S 116-56E, at the Balikpapan Outer Anchorage. Two robbers boarded the anchored vessel while waiting for pilot. Duty Officer raised the alarm and sounded the fog horn upon noticing some","movements at the forecastle deck. On hearing the alarm, the robbers jumped overboard and escaped. Investigation revealed that the forward rope hatch lock was broken and ship's stores stolen. Incident reported to port authorities via local agent.",NA,NA,NA,NA,2013-01-17,2013,220,8492,Indonesian Exclusive Economic Zone,200NM,2127,Indonesia,2127,Indonesia,IDN,0,NA,0,NA,NA,0,NA,0,NA,NA,117.898147552,-3.30903479808,6025109.71458,8492
2013-17,72,ROBBERS,BULK  CARRIER HUA HENG 167,NA,"INDONESIA:On 12 January, the bulk carrier HUA HENG 167 was boarded at 01-11S 116-46E, at the Balikpapan Anchorage. Two robbers armed with long knives boarded the anchored vessel via the anchor chain. Duty crew noticed the robbers and raised the alarm.","All crew mustered and rushed to the forecastle. On seeing the crew's alertness, the robbers escaped empty-handed in their speed boat.",NA,NA,NA,NA,2013-01-12,2013,220,8492,Indonesian Exclusive Economic Zone,200NM,2127,Indonesia,2127,Indonesia,IDN,0,NA,0,NA,NA,0,NA,0,NA,NA,117.898147552,-3.30903479808,6025109.71458,8492
2013-5,72,ROBBERS,BULK CARRIER,NA,"INDONESIA:On 29 December 2012, bulk carrier boarded on at 03-43S 114-27E, at the Taboneo anchorage. Robbers boarded the anchored vessel while waiting to commence loading operations. Robbers broke into the forward bosun store, stole ship's stores and",properties and escaped unnoticed. The incident occurred was reported to the local agent and the port authorities.,NA,NA,NA,NA,2012-12-29,2012,220,8492,Indonesian Exclusive Economic Zone,200NM,2127,Indonesia,2127,Indonesia,IDN,0,NA,0,NA,NA,0,NA,0,NA,NA,117.898147552,-3.30903479808,6025109.71458,8492
2013-4,72,ROBBERS,BULK CARRIER,NA,"INDONESIA:On 29 December 2012, bulk carrier boarded at 03-44S 114-25E, at the Taboneo anchorage. Duty crew aboard the anchored vessel found the lock of the forward store broken and saw ship's stores on the deck. The robbers escaped in two boats without",stealing anything.,NA,NA,NA,NA,2012-12-29,2012,220,8492,Indonesian Exclusive Economic Zone,200NM,2127,Indonesia,2127,Indonesia,IDN,0,NA,0,NA,NA,0,NA,0,NA,NA,117.898147552,-3.30903479808,6025109.71458,8492
2012-342,72,ROBBERS,BULK CARRIER,NA,"INDONESIA:Bulk carrier boarded on 10 December at 03-43S 114-26E, at the Taboneo Anchorage. Robbers boarded the anchored bulk carrier while the crew was busy attending to a barge. Once the crew returned to their watchkeeping duties, they noticed the bosun","store lock had been broken and ship properties stolen. On investigating, it was found that the robbers had accessed the vessel via the anchor chain after managing to cut the wire lashing and break the padlock securing the hawse pipe covers. Local agents",informed.,NA,NA,NA,2012-12-10,2012,220,8492,Indonesian Exclusive Economic Zone,200NM,2127,Indonesia,2127,Indonesia,IDN,0,NA,0,NA,NA,0,NA,0,NA,NA,117.898147552,-3.30903479808,6025109.71458,8492
2012-334,72,ROBBERS,BULK CARRIER,NA,"INDONESIA:Robbers in an unlit small boat approached an anchored bulk carrier and attempted to climb onboard the ship via the anchor chain. Alert duty O/S noticed the robbers, shouted at them, and then informed the bridge who raised the alarm. All crew","members rushed to the forecastle. On hearing the alarm and seeing the crew alertness, the robbers aborted the attempted boarding and escaped in their boat. Port control informed.",NA,NA,NA,NA,2012-12-01,2012,220,8492,Indonesian Exclusive Economic Zone,200NM,2127,Indonesia,2127,Indonesia,IDN,0,NA,0,NA,NA,0,NA,0,NA,NA,117.898147552,-3.30903479808,6025109.71458,8492
2012-329,72,ROBBERS,TANKER,NA,"INDONESIA:Tanker boarded on 24 November at 01-27 S 116-47E, at the Lawe-Lawe Anchorage, Balikpapan. Robbers boarded the anchored crude oil tanker, stole ship's stores from the forward store and escaped unnoticed. The crew on duty noticed the forward",store door open and observed two boats moving away from the tanker. The incident was reported to port control and CSO.,NA,NA,NA,NA,2012-11-24,2012,220,8492,Indonesian Exclusive Economic Zone,200NM,2127,Indonesia,2127,Indonesia,IDN,0,NA,0,NA,NA,0,NA,0,NA,NA,117.898147552,-3.30903479808,6025109.71458,8492
2012-331,72,ROBBERS,BULK CARRIER,NA,"INDONESIA:Bulk carrier boarded on 21 November at 01-42S 116-38E, at the Adang Bay Anchorage. Robbers boarded an anchored bulk carrier carrying out loading operations via barge. The robbers attacked and tied up the Bosun on his routine rounds of the","forecastle. They stole personal effects of the Bosun, then broke into the forward locker and stole ship's stores. The robbers were noticed by the Master and crew, who raised the alarm resulting in the robbers escaping.",NA,NA,NA,NA,2012-11-21,2012,220,8492,Indonesian Exclusive Economic Zone,200NM,2127,Indonesia,2127,Indonesia,IDN,0,NA,0,NA,NA,0,NA,0,NA,NA,117.898147552,-3.30903479808,6025109.71458,8492
2012-174,72,PIRATES,BULK CARRIER,NA,"INDONESIA:Bulk Carrier was boarded while at anchor on 12 May at 01:11 S - 117:13 E, Muara Jawa Anchorage, Samarinda, Indonesia. Pirates boarded an anchored bulk carrier and stole ship's stores and escaped unnoticed. The theft was noticed by the duty A/B",during routine rounds on deck.,NA,NA,NA,NA,2012-05-12,2012,220,8492,Indonesian Exclusive Economic Zone,200NM,2127,Indonesia,2127,Indonesia,IDN,0,NA,0,NA,NA,0,NA,0,NA,NA,117.898147552,-3.30903479808,6025109.71458,8492
2012-173,72,PIRATES,BULK CARRIER,NA,"INDONESIA:Bulk Carrier was boarded on 10 May while underway at 03:42 S-114:27 E, Taboneo Anchorage, Indonesia. Pirates boarded the anchored bulk carrier during cargo operations and stole ship's stores from the ships forecastle and escaped before being",spotted by the crew. Authorities were informed and boarded the vessel to conduct an inspection.,NA,NA,NA,NA,2012-05-10,2012,220,8492,Indonesian Exclusive Economic Zone,200NM,2127,Indonesia,2127,Indonesia,IDN,0,NA,0,NA,NA,0,NA,0,NA,NA,117.898147552,-3.30903479808,6025109.71458,8492
2012-136,72,PIRATES,BULK CARRIER,NA,"INDONESIA:Bulk Carrier was boarded on 7 April at the Muara Jawa Anchorage, Samarinda, Indonesia at position 01:11S - 117:11E. The anchored vessel was boarded by a group of pirates who entered the forward ships store. The pirates were sighted by the duty",AB who alerted the D/O and the vessels alarm was raised and the pirates escaped with several itemsfrom the vessels ship store.,NA,NA,NA,NA,2012-04-07,2012,220,8492,Indonesian Exclusive Economic Zone,200NM,2127,Indonesia,2127,Indonesia,IDN,0,NA,0,NA,NA,0,NA,0,NA,NA,117.898147552,-3.30903479808,6025109.71458,8492
2012-103,72,Pirates,Merchant Vessel,NA,"INDONESIA:Bulk carrier boarded on 18 March while anchored at positions 01:18 S - 116:47E Balikpapan Inner Anchorage. Three robbers boarded the ship, broke into the forward cargo hold and stole ship's stores. Two duty personnel on rounds saw the robbers","and raised the alarm. Upon hearing the alarm, the robbers escaped in a waiting boat. Incident reported to port authorities.",NA,NA,NA,NA,2012-03-18,2012,220,8492,Indonesian Exclusive Economic Zone,200NM,2127,Indonesia,2127,Indonesia,IDN,0,NA,0,NA,NA,0,NA,0,NA,NA,117.898147552,-3.30903479808,6025109.71458,8492
2012-59,72,PIRATES,CARGO SHIP,NA,"INDONESIA: General cargo ship boarded on 10 February while anchored at position 07-06 S 112-39 E, Gresik Port Inner Anchorage. The robbers managed to steal ship's stores and escaped unnoticed. Incident reported to port authorities. (IMB)",NA,NA,NA,NA,NA,2012-02-10,2012,220,8492,Indonesian Exclusive Economic Zone,200NM,2127,Indonesia,2127,Indonesia,IDN,0,NA,0,NA,NA,0,NA,0,NA,NA,117.898147552,-3.30903479808,6025109.71458,8492
2012-23,72,PIRATES,TANKER,NA,"BALIKPAPAN INNER ANCHORAGE, INDONESIA: Three robbers armed with long knives boarded a tanker via the anchor chain. They were spotted by the duty A/B who reported to the bridge duty officer. Alarm raised. The robbers stole ship's stores and escaped in",their waiting boat.,NA,NA,NA,NA,2012-01-11,2012,220,8492,Indonesian Exclusive Economic Zone,200NM,2127,Indonesia,2127,Indonesia,IDN,0,NA,0,NA,NA,0,NA,0,NA,NA,117.898147552,-3.30903479808,6025109.71458,8492
2012-7,72,PIRATES,BULK CARRIER,NA,"TABONEO ANCHORAGE, INDONESIA: Duty AB onboard an anchored bulk carrier noticed a robber inside the hawse pipe, trying to break open the lock. A boat with two more robbers was noticed nearby. Alarm raised and crew mustered. Seeing alert crew the robber",escaped in the waiting boat. Nothing stolen.,NA,NA,NA,NA,2012-01-01,2012,220,8492,Indonesian Exclusive Economic Zone,200NM,2127,Indonesia,2127,Indonesia,IDN,0,NA,0,NA,NA,0,NA,0,NA,NA,117.898147552,-3.30903479808,6025109.71458,8492
2017-24,73,Robbers,Sailing Vessel,NA,"INDONESIA:On 08 January, a sailing catamaran was boarded while anchored in Sorong Harbor. The thief stole a computer and two cellular phones and escaped.",NA,NA,NA,NA,NA,2017-01-08,2017,220,8492,Indonesian Exclusive Economic Zone,200NM,2127,Indonesia,2127,Indonesia,IDN,0,NA,0,NA,NA,0,NA,0,NA,NA,117.898147552,-3.30903479808,6025109.71458,8492
2016-214,73,Robbers,Vessel,NA,"PAPUA NEW GUINEA:On 10 September, eight robbers boarded a boat and stole personal property in the vicinity of Madang, 05-02S 145-56E. Several of the passengers jumped overboard and swam ashore to Pig Island where they alerted police. Local authorities",were able to locate and arrest 3 suspects.,NA,NA,NA,NA,2016-09-10,2016,217,8324,Papua New Guinean Exclusive Economic Zone,200NM,2237,Papua New Guinea,2237,Papua New Guinea,PNG,0,NA,0,NA,NA,0,NA,0,NA,NA,150.717739785,-5.46159340329,2399610.72138,8324
2016-207,73,Robbers,Vessel,NA,"PAPUA NEW GUINEA:On 28 August, seven armed men boarded a small boat on the way to pick up a local priest and nun at Milne Bay, vicinity 10-22S 150-30E. The robbers forced the boat operator into the water and stole the boat. The operator swam ashore and",contacted local police.,NA,NA,NA,NA,2016-08-28,2016,217,8324,Papua New Guinean Exclusive Economic Zone,200NM,2237,Papua New Guinea,2237,Papua New Guinea,PNG,0,NA,0,NA,NA,0,NA,0,NA,NA,150.717739785,-5.46159340329,2399610.72138,8324
2016-58,73,Robbers,Chemical Tanker,NA,"BITUNG PORT, INDONESIA:At night on 22 March while conducting cargo operations in position 01-26N 125-11E, robbers broke into the safety locker of a berthed chemical tanker. They stole ships equipment and escaped unnoticed. Incident reported to owners.",NA,NA,NA,NA,NA,2016-03-22,2016,220,8492,Indonesian Exclusive Economic Zone,200NM,2127,Indonesia,2127,Indonesia,IDN,0,NA,0,NA,NA,0,NA,0,NA,NA,117.898147552,-3.30903479808,6025109.71458,8492
2015-277,73,Robbers,Yacht,NA,"PAPUA NEW GUINEA:On 1 December, a 60-foot Sweden-flagged yacht on a circumnavigation of the world arrived at Wewak, East Sepik Province near position 03-31S 143-37E. During the first night at anchor, the yacht was boarded by approximately 10 armed","robbers who tied up the crew and then stole cash, equipment, and valuables worth over $10,000.",NA,NA,NA,NA,2015-12-01,2015,217,8324,Papua New Guinean Exclusive Economic Zone,200NM,2237,Papua New Guinea,2237,Papua New Guinea,PNG,0,NA,0,NA,NA,0,NA,0,NA,NA,150.717739785,-5.46159340329,2399610.72138,8324
2015-20,73,Pirates,Merchant Vessel,NA,"PAPUA NEW GUINEA:On 3 February, MV KWADIMA II was boarded by pirates near Alotau. During the attack, passengers and crew sustained non-life threatening injuries. In addition, some personal items along with translator's notes were stolen or lost; some of",the vessel's electronics were also damaged. The ship made it safely back to the port where the passengers and crew received medical attention.,NA,NA,NA,NA,2015-02-03,2015,217,8324,Papua New Guinean Exclusive Economic Zone,200NM,2237,Papua New Guinea,2237,Papua New Guinea,PNG,0,NA,0,NA,NA,0,NA,0,NA,NA,150.717739785,-5.46159340329,2399610.72138,8324
2015-18,73,Pirates,Chemical Tanker,NA,"INDONESIA:On 28 January, chemical tanker MT REHOBOT, sailing under the Indonesian flag, went missing after being hijacked by pirates, but all of the crew members are safe. The ship was reportedly boarded by pirates near Lembeh Island, North Sulawesi. The","eight masked pirates boarded the ship from a small wooden boat and were armed with long knives. The tanker's cargo consisted of 1,100 metric tons of diesel. The 14 Indonesian crew members were found adrift in the vessel's life rafts close to Lembeh","Island on 31January. The ship is still missing.UPDATE:PHILIPPINES:On 23 February, the Philippine Coast Guard (PCG) received information that a ship had run aground near Mati City, Davao Oriental. Personnel from the local Coast Guard Station and those","from the local office of the Naval Intelligence Security Group proceeded to the location of the grounded ship on the morning of 24 February. Later that morning, the Philippine authorities verified that the grounded ship was MT REHOBOT, reported as","hijacked on 28 January near Lembeh Island, Sulawesi, Indonesia.",NA,2015-01-28,2015,220,8492,Indonesian Exclusive Economic Zone,200NM,2127,Indonesia,2127,Indonesia,IDN,0,NA,0,NA,NA,0,NA,0,NA,NA,117.898147552,-3.30903479808,6025109.71458,8492
2014-148,73,Pirates,Fishing Boat,NA,"INDONESIA:On 19 June, the owner of the Taiwan-flagged fishing boat KUO RONG 333 lost contact with the vessel. The KUO RONG 333 had departed Palau for the Solomon Islands six days earlier. On 23 June, satellite data helped locate the ship 64 nm northwest","of Nusa Tenggara Timur, an island about 700 nm east of Java. The ship is believed to have been hijacked.",NA,NA,NA,NA,2014-06-19,2014,220,8492,Indonesian Exclusive Economic Zone,200NM,2127,Indonesia,2127,Indonesia,IDN,0,NA,0,NA,NA,0,NA,0,NA,NA,117.898147552,-3.30903479808,6025109.71458,8492
2016-139,81,Suspicious Approach,Vehicle Carrier,NA,"MICRONESIA: On 15 May, two fast boats made a suspicious approach against an underway vehicle carrier near position 08-17N 150-53E, between Pisares Island and East Fayu Island. The boats initially called the vessel and asked it to stop. Master raised the",alarm and increased speed. The boats continued their approach and again called the vessel and identified themselves to be Navy boats and indicated their intention to attack if the vessel did not stop. The boats continued to threaten the vessel as they,"approached. As the boats closed to the vessel, the Master observed each boat with a number of people. After around 20 minutes, the suspicious boats stopped the pursuit and moved away.",NA,NA,NA,2016-05-15,2016,175,8316,Micronesian Exclusive Economic Zone,200NM,8595,Micronesia,8595,Micronesia,FSM,0,NA,0,NA,NA,0,NA,0,NA,NA,150.322031428,6.76930482445,3010627.5342,8316
2015-239,81,Robbers,Sailing Yacht,NA,"PAPUA NEW GUINEA:On 18 October, two robbers boarded an anchored sailing yacht near position 04-11N 144-53E, Hansa Bay in Madang Province. The robbers attacked the boat owner with machetes. Both robbers were eventually thrown overboard and escaped without",stealing anything. The boat owner required 16 stitches to close his wounds.,NA,NA,NA,NA,2015-10-18,2015,175,8316,Micronesian Exclusive Economic Zone,200NM,8595,Micronesia,8595,Micronesia,FSM,0,NA,0,NA,NA,0,NA,0,NA,NA,150.322031428,6.76930482445,3010627.5342,8316
2014-230,81,Pirates,Fishing boat,NA,"PHILIPPINES:On 21 October, a Taiwanese-flagged fishing boat, FV CHUAN YU TSAI NO. 1, was looted by pirates traveling in two boats approximately 245 nautical miles east of Mindanao. The pirates reportedly took the boat's fishing gear, but did not board",the vessel or fire any shots at the crew.,NA,NA,NA,NA,2014-10-21,2014,178,8315,Palau Exclusive Economic Zone,200NM,8594,Palau,8594,Palau,PLW,0,NA,0,NA,NA,0,NA,0,NA,NA,133.067109938,6.44072082768,614805.248533,8315
2014-282,82,Robbers,Sailing Yacht,NA,"PAPUA NEW GUINEA:On 26 November, 4 robbers boarded a sailing yacht near position 04-20S 152-16E, Kokopo, New Britain Island. They tied up the captain and threatened him and a passenger with a machete. The passenger chased one robber from the boat, and","the robber took a wallet and a laptop on the way out, as the rest of them escaped. Local police notified.",NA,NA,NA,NA,2014-11-26,2014,217,8324,Papua New Guinean Exclusive Economic Zone,200NM,2237,Papua New Guinea,2237,Papua New Guinea,PNG,0,NA,0,NA,NA,0,NA,0,NA,NA,150.717739785,-5.46159340329,2399610.72138,8324
2016-250,83,Robbers,Sailing Vessel,NA,"FIJI:On 9 October, a small dinghy and outboard motor were stolen from a sailing yacht anchored in Saweni Bay, vicinity 17-38.7S 177-23.6E.",NA,NA,NA,NA,NA,2016-10-09,2016,213,8325,Fijian Exclusive Economic Zone,200NM,2108,Fiji,2108,Fiji,FJI,0,NA,0,NA,NA,0,NA,0,NA,NA,94.9811669811,-17.9942361498,1283243.50985,8325
2016-225,83,Robbers,Sailing Vessel,NA,TONGA:Escaped offender on stolen 40 foot S/V Sea Oak. Vessel was on transit between Vavau(18-36S 173-59W) and Toku Island (18-09S 174-12W).,NA,NA,NA,NA,NA,2016-09-28,2016,212,8451,Howland and Baker Islands Exclusive Economic Zone,200NM,48684,Howland and Baker islands,2204,United States,UMI,0,NA,0,NA,NA,0,NA,0,NA,NA,-176.72726847,0.791304953123,434885.338532,8451
2015-141,83,Robbers,Sailing Yachts,NA,"FRENCH POLYNESIA:At least five sailing yachts have been boarded since the beginning of June in the port of Uturoa, on the northern end of Raiatea Island. Various items have been stolen, including cash, valuables and electronics. Reportedly, one person",was caught in the act and sprayed with mace by the yacht owner. The robber was able to escape.,NA,NA,NA,NA,2015-06-01,2015,5,8440,French Polynesian Exclusive Economic Zone,200NM,8656,French Polynesia,17,France,PYF,0,NA,0,NA,NA,0,NA,0,NA,NA,-144.003272853,-18.7363445188,4766884.32996,8440
2015-276,91,Robbers,Tanker,NA,"PHILIPPINES:On 19 December, an unknown number of robbers boarded an anchored tanker unnoticed near position 14-35N 120-49E, Manila Anchorage. The robbers stole ship's properties and escaped. The incident was discovered later in the day.",NA,NA,NA,NA,NA,2015-12-19,2015,179,8322,Philippines Exclusive Economic Zone,200NM,2245,Philippines,2245,Philippines,PHL,0,NA,0,NA,NA,0,NA,0,NA,NA,122.546805869,12.3401155141,1971039.86154,8322
2014-296,91,Robbers,Container Ship,NA,"PHILIPPINES:On 20 December, several robbers armed with knives boarded an anchored container ship near position 14-34N 120-54E, Manila South Harbor Quarantine Anchorage. They cut off the razor wire lashing protecting the hawse pipe cover to gain access to","the ship and then broke open the forepeak store room and paint room padlocks, stealing ship's stores and properties and then escaped unnoticed. Duty crewman on routine rounds noticed foot-prints on the forecastle deck and raised the alarm. Crew mustered",and a search was carried out throughout the vessel. Incident reported to VTMS Manila. The coast guard boarded the vessel for investigation.,NA,NA,NA,2014-12-20,2014,179,8322,Philippines Exclusive Economic Zone,200NM,2245,Philippines,2245,Philippines,PHL,0,NA,0,NA,NA,0,NA,0,NA,NA,122.546805869,12.3401155141,1971039.86154,8322
2013-248,91,robbers,container ship APL LOS ANGELES,NA,"PHILIPPINES:On 25 July, the Gibraltar-flagged anchored container ship APL LOS ANGELES was boarded and robbed at an undisclosed port/anchorage.",NA,NA,NA,NA,NA,2013-07-25,2013,179,8322,Philippines Exclusive Economic Zone,200NM,2245,Philippines,2245,Philippines,PHL,0,NA,0,NA,NA,0,NA,0,NA,NA,122.546805869,12.3401155141,1971039.86154,8322
2012-49,91,PIRATES,CONTAINER SHIP,NA,"MANILA MICT ANCHORAGE, PHILIPPINES: A duty crew onboard an anchored container ship waiting for pilot was taken hostage by robbers using a long knife. They tied up the duty crew, hit him and stole ship's stores. Another crew approaching the anchor",stations noticed the robbers and informed the OOW on the bridge who raised the alarm. Seeing alerted crew the robbers escaped via the anchor chain. Master reported the incident to the pilot and requested him to inform the port authorities. Coast guard,came for investigation.,NA,NA,NA,2012-02-06,2012,179,8322,Philippines Exclusive Economic Zone,200NM,2245,Philippines,2245,Philippines,PHL,0,NA,0,NA,NA,0,NA,0,NA,NA,122.546805869,12.3401155141,1971039.86154,8322
2012-33,91,PIRATES,CONTAINER SHIP,NA,"MANILA ANCHORAGE, PHILIPPINES: A container ship at anchor was boarded by a group of people via the anchor chain. When bosun went forward to heave up anchor he noticed the hawse pipe cover open and small boat moving away from the ship. On investigating it",was noticed that ship's stores and equipment were stolen. The incident was reported to the authorities via the local agents.,NA,NA,NA,NA,2012-01-03,2012,179,8322,Philippines Exclusive Economic Zone,200NM,2245,Philippines,2245,Philippines,PHL,0,NA,0,NA,NA,0,NA,0,NA,NA,122.546805869,12.3401155141,1971039.86154,8322
2017-42,92,Pirates,Vessel,NA,"PHILIPPINES:On 19 February, pirates believed to be affiliated with Abu Sayyaf, boarded the Vietnam-flagged cargo ship GIANG HAI, near position 06-09N 119-34E, approximately 35 nm northwest of Doc Can Island. The pirates abducted six crew members and","killed another.UPDATE:On 15 March, the Armed Forces of the Philippines confirmed that the terrorist group Abu Sayyaf killed one of the six Vietnamese seafarers abducted from the bulker GIANG HAI.UPDATE:On 10 November, three Vietnamese sailors held for",eight months by Islamist gunmen were rescued by soldiers in the southern Philippines in the latest operation against the kidnap-for-ransom militants. The sailors were found in the southernmost island group of Tawi-Tawi along with the body of another,"Vietnamese seaman who had died in captivity from an illness. ""He was already dead when the troops found them,"" said a spokesman, adding that he could not reveal further details because the military operation against the kidnappers was ongoing.",NA,NA,2017-02-19,2017,179,8322,Philippines Exclusive Economic Zone,200NM,2245,Philippines,2245,Philippines,PHL,0,NA,0,NA,NA,0,NA,0,NA,NA,122.546805869,12.3401155141,1971039.86154,8322
2017-5,92,Pirates,Fishing Vessel,NA,"PHILIPPINES:On 09 January, gunmen attacked a Filipino fishing boat with 15 crew on board which was operating off Laud Siromon Island near the Zamboanga peninsula. Five armed men were in the speedboat that attacked the fishing boat. A police spokesman",said eight fishermen were killed and another five men jumped overboard and swam to a nearby island. Two others who remained on the boat were unharmed. The spokesman also stated that attackers fled in the darkness and two Coast Guard ships were sent to,the area to search for them.,NA,NA,NA,2017-01-09,2017,179,8322,Philippines Exclusive Economic Zone,200NM,2245,Philippines,2245,Philippines,PHL,0,NA,0,NA,NA,0,NA,0,NA,NA,122.546805869,12.3401155141,1971039.86154,8322
2017-9,92,Pirates,Cargo Vessel,NA,"PHILIPPINES:On 03 January, six persons in two speed boats, armed with automatic rifles, chased and fired upon the general cargo ship OCEAN KINGDOM near position 06-36N 122-41E, 21.6 nm east of Basilan Island. Master raised the alarm and increased speed.",Ship's distress message was relayed by Zamboanga radio station to the local authorities who dispatched Philippine Coast Guard patrol boats to assist the vessel. A brief gun battle ensued between the pirates and the Coast Guard vessels. The cargo vessel,sustained multiple gunshots on the port and starboard sides. All crew safe.,NA,NA,NA,2017-01-03,2017,179,8322,Philippines Exclusive Economic Zone,200NM,2245,Philippines,2245,Philippines,PHL,0,NA,0,NA,NA,0,NA,0,NA,NA,122.546805869,12.3401155141,1971039.86154,8322
2017-12,92,Pirates,Fishing Vessel,NA,"PHILIPPINES:On 20 December, suspected Abu Sayyaf militants kidnapped four fishermen from the fishing boat RAMONA 2 in the Celebes Sea, in the area where other Abu Sayyaf-related kidnappings have occurred.UPDATE:Abu Sayyaf bandits beheaded a Filipino","fishing boat captain abducted in December in the Celebes Sea, a senior Philippine military official said. Brig. Gen. Cirilito Sobejana, head of Joint Task Force Sulu, said the military has confirmed that Noel Besconde, captain of FB Ramona 2, had been","beheaded by the bandits. ¿Actually, we monitored that on April 13 but we did not confirm it immediately until such time that we got hold of the video (showing the beheading) and we were also looking for the body in the Patikul area,Sobejana","said.UPDATE:On 07 June, government forces rescued one of four kidnapped crew members of fishing vessel RAMONA 2 held for months by the Abu Sayyaf group in Talipao, Sulu, a top military official said. The spokesman identified the rescued captive as Roy","Ramos. He said a mission was conducted after receiving information from local civilians about the presence of a kidnap victim in Sitio Kandabaw, Barangay Lagtoh in Talipao town. The military immediately dispatched soldiers to the area and found the",hostage in an abandoned house. Ramos was in good condition despite being held captive by militants for more than 6 months.,2016-12-20,2016,179,8322,Philippines Exclusive Economic Zone,200NM,2245,Philippines,2245,Philippines,PHL,0,NA,0,NA,NA,0,NA,0,NA,NA,122.546805869,12.3401155141,1971039.86154,8322
2016-311,92,Suspicious Approach,Bulk Carrier,NA,"PHILIPPINES:On 08 December at 1140 LT in 05-29.3N 119-38.4E, three persons in a blue and white speed boat approached an underway bulk carrier. The Master sounded the ship's whistle continuously, made a PA announcement, increased speed, commenced evasive","maneuvers and activated the fire hoses. Seeing the alerted crew, the boat moved away.",NA,NA,NA,NA,2016-12-08,2016,179,8322,Philippines Exclusive Economic Zone,200NM,2245,Philippines,2245,Philippines,PHL,0,NA,0,NA,NA,0,NA,0,NA,NA,122.546805869,12.3401155141,1971039.86154,8322
2016-299,92,Suspicious Approach,Bulk Carrier,NA,"PHILIPPINES:On 24 November at 0722 LT in 05-55.6N 119-50.2E, seven armed persons wearing black masks in a speed boat approached an underway bulk carrier from astern. The crew noticed the approaching boat and raised the alarm, started evasive maneuvers","and charged the fire hoses. Seeing the alerted crew, the boat moved away. Master warned other vessels via radio. All crew reported safe.",NA,NA,NA,NA,2016-11-24,2016,179,8322,Philippines Exclusive Economic Zone,200NM,2245,Philippines,2245,Philippines,PHL,0,NA,0,NA,NA,0,NA,0,NA,NA,122.546805869,12.3401155141,1971039.86154,8322
2016-298,92,Suspicious Approach,Bulk Carrier,NA,"PHILIPPINES:On 24 November at 1040 LT in 05-47.7N 119-51.8E an underway bulk carrier noticed a blue speed boat with about ten armed persons wearing black masks approaching the vessel at high speed. Master raised the alarm, alerted the crew and contacted","the Philippine Navy. The speed boat closed onto the vessel and then moved away. After sometime the bridge noticed the boat approaching from astern. Seeing the alerted crew, the speed boat moved away and approached another vessel in vicinity.",NA,NA,NA,NA,2016-11-24,2016,179,8322,Philippines Exclusive Economic Zone,200NM,2245,Philippines,2245,Philippines,PHL,0,NA,0,NA,NA,0,NA,0,NA,NA,122.546805869,12.3401155141,1971039.86154,8322
2016-291,92,Pirates,Bulk Carrier,NA,"PHILIPPINES:On 23 November at 0920 LT in 06-21.5N 119-53.8E, eight persons wearing masks armed with automatic weapons in a speed boat attempted to board an underway bulk carrier using a long pole with a hook. Master raised the alarm and activated the",SSAS. Vessel increased speed and performed evasive maneuvers. The persons in the boat opened fire and tried to board the vessel but failed due to evasive actions performed by vessel. Master informed other vessels via radio and reported incident to the,Philippine authorities. All crew reported safe.,NA,NA,NA,2016-11-23,2016,179,8322,Philippines Exclusive Economic Zone,200NM,2245,Philippines,2245,Philippines,PHL,0,NA,0,NA,NA,0,NA,0,NA,NA,122.546805869,12.3401155141,1971039.86154,8322
2016-283,92,Suspicious Approach,Bulk Carrier,NA,"PHILIPPINES:On 20 November at 0720 LT in 05-34.8N 119-47.9E, persons armed with guns approached an underway bulk carrier from the stern. Master raised the alarm, started evasive maneuvers, alerted ships in the area and opened communications with","Philippines Coast Guard. The boat closed to a distance of 100 meters. Seeing alerted crew and Master's communication over the PA system, the persons aborted the approach.",NA,NA,NA,NA,2016-11-20,2016,179,8322,Philippines Exclusive Economic Zone,200NM,2245,Philippines,2245,Philippines,PHL,0,NA,0,NA,NA,0,NA,0,NA,NA,122.546805869,12.3401155141,1971039.86154,8322
2016-276,92,Pirates,Bulk Carrier,NA,"PHILIPPINES:On 11 November, ten persons armed with guns approached the underway bulk carrier ROYAL 16 near position 06-40N 122-31E, 10 nm north-northeast of Basilan Island. Ship's master raised the alarm and activated the SSAS. The armed persons boarded","the vessel and took its crew hostage. They stole ships properties, kidnapped six crewmen, and escaped. One crewman was injured during the incident. Incident reported to the Philippines Coast Guard. A patrol vessel was dispatched and the authorities","boarded and escorted the vessel to a safe port.UPDATE:On 16 June, a kidnapped Vietnamese sailor grabbed the opportunity and dashed to freedom as government troops pounded the lair of the Abu Sayyaf Group in Basilan province. Col. Juvymax Uy, Joint Task","Force Basilan commander, identified the Vietnamese sailor as Hoang Vo, the second mate of the Vietnam-registered bulk carrier ROYAL 16. The kidnapped victim was airlifted by an air ambulance and is now in Zamboanga City, Uy said, citing Vo sustained","bruises as a result of his daring escape. Vo's five companions who remain in captivity include the ROYAL 16's master, chief mate, third officer, bosun and assistant bosun.UPDATE:On 05 July, two Vietnamese men have been beheaded by Philippine Islamist","group Abu Sayyaf, the country's military said. Their bodies were found on Basilan Island in the country's south, a stronghold of the group. The two victims were part of six Vietnamese sailors from the bulk carrier Royal 16 kidnapped by the militants last",2016-11-11,2016,179,8322,Philippines Exclusive Economic Zone,200NM,2245,Philippines,2245,Philippines,PHL,0,NA,0,NA,NA,0,NA,0,NA,NA,122.546805869,12.3401155141,1971039.86154,8322
2016-266,92,Pirates,Sailing Vessel,NA,"PHILIPPINES:On 06 November, Abu Sayyaf militants boarded a Germany-flagged sailing yacht ROCKALL, near a remote island in the southern Sulu Archipelago, vicinity05-01N 119-34E. The militants kidnapped a 70-year-old German man and killed his female","companion. The boat and the dead woman were found by authorities and an investigation is continuing. Of note, this couple and the same sailing yacht were kidnapped by Somali pirates in 2008 and held for more than 40 days.UPDATE: On 26 February, Abu",Sayyaf reportedly executed German captive Juergen Gustav Kantner after the deadline the group imposed for the ransom payment lapsed.,NA,NA,NA,2016-11-06,2016,179,8322,Philippines Exclusive Economic Zone,200NM,2245,Philippines,2245,Philippines,PHL,0,NA,0,NA,NA,0,NA,0,NA,NA,122.546805869,12.3401155141,1971039.86154,8322
2016-255,92,Pirates,Cargo Vessel,NA,"PHILIPPINES:On 20 October, 10 gunmen attacked Korean heavy lift ship DONGBANG GIANT NO 2 near position 04-32N 119-33E, 8 nm south of Bongao, Tawitawi Island. The vessel was en route from Australia to Masan, Korea. Militants, allegedly belonging to Abu","Sayyaf group, kidnapped the Master of the vessel, of Korean nationality, and a Filipino crew member. Philippines anti-terror teams and Navy were alerted.",NA,NA,NA,NA,2016-10-20,2016,179,8322,Philippines Exclusive Economic Zone,200NM,2245,Philippines,2245,Philippines,PHL,0,NA,0,NA,NA,0,NA,0,NA,NA,122.546805869,12.3401155141,1971039.86154,8322
2016-203,92,Robbers,Product Tanker,NA,"PHILIPPINES:On 02 September at 0820 LT in 07-09.7N 125-39.6E, at New Davao oil mill terminal, duty crew noticed a robber on a berthed product tanker. The alarm was raised and the robber escaped after seeing crew alertness. Ship's property was reported",stolen.,NA,NA,NA,NA,2016-09-02,2016,179,8322,Philippines Exclusive Economic Zone,200NM,2245,Philippines,2245,Philippines,PHL,0,NA,0,NA,NA,0,NA,0,NA,NA,122.546805869,12.3401155141,1971039.86154,8322
2016-143,92,Pirates,Tug,NA,"PHILIPPINES:On 22 June, vicinity 05-53N 121-44E, armed men believed to be associated with the Abu Sayyaf Group kidnapped seven crewmembers from the tug CHARLES 001 while the tug was towing a barge in the southern Philippines. The operation consisted of","two different groups of armed men boarding the ship at different times. Six crewmen were left on the ship while the others were taken hostage. On 17 August, three of the seven hostages were released. On 11 August one of the six crewmembers onboard",escaped by swimming out to sea.,NA,NA,NA,2016-06-22,2016,179,8322,Philippines Exclusive Economic Zone,200NM,2245,Philippines,2245,Philippines,PHL,0,NA,0,NA,NA,0,NA,0,NA,NA,122.546805869,12.3401155141,1971039.86154,8322
2016-88,92,Suspicious Approach,Bulk Carrier,NA,"PHILIPPINES:On 21 April, crew onboard an underway bulk carrier noticed a speed boat approaching at high speed near position 10-38N 120-34E, 18 nm east of Dalanganem Island. Alarm raised, whistle sounded, crew mustered and fire hoses activated. The boat",closed to a distance of 40 meters and seeing the alerted crew aborted the approach.,NA,NA,NA,NA,2016-04-21,2016,179,8322,Philippines Exclusive Economic Zone,200NM,2245,Philippines,2245,Philippines,PHL,0,NA,0,NA,NA,0,NA,0,NA,NA,122.546805869,12.3401155141,1971039.86154,8322
2016-61,92,Pirates,Tug and Barge,NA,"PHILIPPINES:On 26 March, the tug BRAHMA 12 and barge ANAND 12 were attacked and the crew of 10 Indonesian sailors was kidnapped. The crew was transporting coal from Indonesia tothe Philippines when they were hijacked. Subsequent reporting indicates that","they were kidnapped by the Abu Sayyaf Group, a Philippines-based Islamist group notorious for bombings and kidnappings which has pledged allegiance to the Islamic State group. A large ransom has been demanded for the safe return of the sailors. The tug","has been found, while the barge is still missing.",NA,NA,NA,2016-03-26,2016,179,8322,Philippines Exclusive Economic Zone,200NM,2245,Philippines,2245,Philippines,PHL,0,NA,0,NA,NA,0,NA,0,NA,NA,122.546805869,12.3401155141,1971039.86154,8322
2016-33,92,Pirates,Fishing Boat,NA,"PHILIPPINES:On 14 February, according to police reports unidentified gunmen abducted a fishing boat operator and two crewmembers in the southern Philippines near position 06-48N 122-01E. A police spokesman said in a statement that the vessel had been","commandeered while fishing in the seas between the Zamboanga peninsula and the island province of Basilan. Reportedly, the kidnappers have demanded a ransom for their return.",NA,NA,NA,NA,2016-02-14,2016,179,8322,Philippines Exclusive Economic Zone,200NM,2245,Philippines,2245,Philippines,PHL,0,NA,0,NA,NA,0,NA,0,NA,NA,122.546805869,12.3401155141,1971039.86154,8322
2016-34,92,Pirates,Fishing Boat,NA,"PHILIPPINES:On 9 February near position 07-35N 122-45E, three people, including two children, were killed by suspected pirates in an attack offshore of the province of Zamboanga Sibugay. A regional police spokesman said the incident took place around","4:20 p.m. offshore Barangay Kulisap, Payao, Zamboanga Sibugay. The spokesmen identified the victims as Ronald Gorgonio, a fisherman, and his two sons, Philip Clyde, 12, and Reymart, 9. They died on the spot. Investigation showed the victims were on the",way home coming from a fishing venture when the pirates repeatedly shot them.,NA,NA,NA,2016-02-09,2016,179,8322,Philippines Exclusive Economic Zone,200NM,2245,Philippines,2245,Philippines,PHL,0,NA,0,NA,NA,0,NA,0,NA,NA,122.546805869,12.3401155141,1971039.86154,8322
2015-269,92,Robbers,Bulk Carrier,NA,"PHILIPPINES:On 18 December, five robbers armed with guns in a speed boat approached and attempted to board an underway bulk carrier near position 05-57N 119-50E, 6.8 NM northwest of Doc Can Island. The second officer increased speed and commenced evasive","maneuvers. Upon seeing the ship moving away, the robbers opened fire towards the bridge causing damage to the superstructure. All of the crew were reported safe.",NA,NA,NA,NA,2015-12-18,2015,179,8322,Philippines Exclusive Economic Zone,200NM,2245,Philippines,2245,Philippines,PHL,0,NA,0,NA,NA,0,NA,0,NA,NA,122.546805869,12.3401155141,1971039.86154,8322
2015-212,92,Robbers,Cargo Ship,NA,"MINDANAO, PHILIPPINES:While enroute to Tambler, General Santos City, a cargo ship about 4.5 NM southeast of Olanivan Island near position 05-27N 125-32E, noticed 2 speed boats with 7 armed persons with guns approaching the vessel. The Master suspecting a","boarding attempt instructed the crew to secure all access to the accommodation faciliites. The armed robbers boarded the vessel but departed when they could not enter the accommodation facilities. The Master raised the alarm, informed the local",authorities and notified the owners. A Coast Guard vessel was dispatched to investigate.,NA,NA,NA,2015-10-10,2015,179,8322,Philippines Exclusive Economic Zone,200NM,2245,Philippines,2245,Philippines,PHL,0,NA,0,NA,NA,0,NA,0,NA,NA,122.546805869,12.3401155141,1971039.86154,8322
2015-181,92,Robbers,Product Tanker,NA,"PHILIPPINES:On 20 August, a duty crewman onboard a berthed product tanker saw an unauthorized person on deck near position 07-02N 125-39E, New Davao Oil Mill, Davao Port. The duty crewman shouted at the unauthorized person, who jumped overboard and",escaped. The vessel was searched with nothing reported stolen.,NA,NA,NA,NA,2015-08-20,2015,179,8322,Philippines Exclusive Economic Zone,200NM,2245,Philippines,2245,Philippines,PHL,0,NA,0,NA,NA,0,NA,0,NA,NA,122.546805869,12.3401155141,1971039.86154,8322
2015-41,92,Pirates,Bulk Carrier,NA,"PHILIPPINES:On 7 March near position 06-13N 119-50E, a suspected mother vessel disguised as a fishing vessel deployed six high speed skiffs which chased an underway bulk carrier. The persons onboard the skiffs were wearing camouflage clothes circled","around the carrier and attempted to board the ship. The Master took anti-piracy preventive measures and contacted the Philippine Navy for assistance. Upon hearing the Philippine Navy's reply on the VHF channel, the skiffs aborted the attempted attack and",moved away.,NA,NA,NA,2015-03-07,2015,179,8322,Philippines Exclusive Economic Zone,200NM,2245,Philippines,2245,Philippines,PHL,0,NA,0,NA,NA,0,NA,0,NA,NA,122.546805869,12.3401155141,1971039.86154,8322
2014-240,92,Pirates,Fishing boat,NA,"INDONESIA:On 14 October, four gunmen in a speedboat attacked an Indonesian flagged fishing boat in an area approximately 22 nm east of Banggi Island, in northern Sabah. Two crewmen from the fishing boat sustained injuries from gun fire and were taken to",a local hospital. Local authorities think that members of the Abu Sayyaf Group were responsible for the attack.,NA,NA,NA,NA,2014-10-14,2014,179,8322,Philippines Exclusive Economic Zone,200NM,2245,Philippines,2245,Philippines,PHL,0,NA,0,NA,NA,0,NA,0,NA,NA,122.546805869,12.3401155141,1971039.86154,8322
2014-146,92,Robbers,Fishing boat,NA,"PHILIPPINES:On 10 June three robbers hijacked a fishing boat and terrorized its two crewmen in the waters of Margosatubig, Zamboanga Del Sur. The small fishing boat named Ronald, was on its way home when three robbers in a speedboat armed with a 12 gauge","shotgun boarded the fishing vessel. According to police reports, the suspects ordered the two crewmen to jump in the sea and then sped off. Several hours later one of the crewmen was rescued, the search continues for the second. Authorities have",recovered the fishing boat along the nearby shoreline of Baong-Baong.,NA,NA,NA,2014-06-10,2014,179,8322,Philippines Exclusive Economic Zone,200NM,2245,Philippines,2245,Philippines,PHL,0,NA,0,NA,NA,0,NA,0,NA,NA,122.546805869,12.3401155141,1971039.86154,8322
2014-7,92,Pirates,Fishing vessels,NA,"PHILIPPINES:On 25 December, pirates attacked a group of three fishing vessels near Zamboanga City. Two fishermen escaped with gunshot wounds and nine remain missing. Authorities suspect the nine missing fishermen were also wounded during the attack.",Cargo and fuel was stolen.,NA,NA,NA,NA,2013-12-25,2013,179,8322,Philippines Exclusive Economic Zone,200NM,2245,Philippines,2245,Philippines,PHL,0,NA,0,NA,NA,0,NA,0,NA,NA,122.546805869,12.3401155141,1971039.86154,8322
2012-187,92,PIRATES,TUG BOAT,NA,"PHILIPPINES:Tug boat boarded on 17 May at Talicud Island. A tug towing a laden barge departed from Sasa port, Davao City at a slow speed heading to Thailand as a port of destination. 90 into minutes into the departure, the crew noticed 10 small boats","surrounding the barge and around 30 pirates boarded the barge, stole and transferred the cargo to their boats and escaped. Incident reported to the Philippine police.",NA,NA,NA,NA,2012-05-17,2012,179,8322,Philippines Exclusive Economic Zone,200NM,2245,Philippines,2245,Philippines,PHL,0,NA,0,NA,NA,0,NA,0,NA,NA,122.546805869,12.3401155141,1971039.86154,8322
2016-284,93,Robbers,Bulk Carrier,NA,"VIETNAM:On 23 November at 0150 LT in 10-15.6N 107-00.2E, at Vung Tau anchorage, duty crew noticed a fishing boat slowly approaching the vessel. The boat circled and then stopped near the bow. Another boat had come alongside near accommodation ladder. Two",robbers armed with knives boarded the vessel and started stealing ship's stores. Crew on rounds confronted the robbers who threatened crew member with a knife. Crew retreated to the accommodation space and raised the alarm. Robbers escaped after hearing,alarm. Incident reported to port control.,NA,NA,NA,2016-11-23,2016,185,8484,Vietnamese Exclusive Economic Zone,200NM,2200,Vietnam,2200,Vietnam,VNM,0,NA,0,NA,NA,0,NA,0,NA,NA,107.865630238,11.5549947852,750997.838971,8484
2016-269,93,Pirates,Fishing Vessel,NA,"VIETNAM:On 01 November, a Vietnam-flagged fishing boat was chased and hit by a Chinese ship and two smaller boats seven nautical miles north of Woody Island. The captain claimed ten Chinese crewmen jumped onto the Vietnamese boat and attacked the","fishermen. They also smashed glass doors and the compass, cut anchor lines and caused damage to other boat equipment. They then stole nearly five tons of fish, rice and other items.",NA,NA,NA,NA,2016-11-01,2016,192,8486,Chinese Exclusive Economic Zone,200NM,8603,China,8603,China,CHN,0,NA,0,NA,NA,0,NA,0,NA,NA,118.676418867,28.6766590494,963547.862843,8486
2016-270,93,Pirates,Fishing Vessel,NA,"VIETNAM:On 30 October, a Vietnam-flagged fishing boat carrying 18 fishermen was attacked by Chinese ships while fishing six nautical miles from Woody Island. The ship's captain stated that his boat was chased and boarded by Chinese sailors who proceeded",to destroy much of the ship's fishing and navigation equipment.,NA,NA,NA,NA,2016-10-30,2016,192,8486,Chinese Exclusive Economic Zone,200NM,8603,China,8603,China,CHN,0,NA,0,NA,NA,0,NA,0,NA,NA,118.676418867,28.6766590494,963547.862843,8486
2016-293,93,Robbers,Container Ship,NA,"VIETNAM:On 26 October at 0330 LT in 10-23.26N 107-03.15E, crew aboard an anchored container ship noticed robbers boarding vessel via small wooden boat. Master raised the alarm and crew managed to apprehend one robber. Incident reported to port",authorities and the robber was handed over to the police.,NA,NA,NA,NA,2016-10-26,2016,185,8484,Vietnamese Exclusive Economic Zone,200NM,2200,Vietnam,2200,Vietnam,VNM,0,NA,0,NA,NA,0,NA,0,NA,NA,107.865630238,11.5549947852,750997.838971,8484
2016-248,93,Robbers,Bulk Carrier,NA,"VIETNAM:On 12 October, three robbers boarded a bulk carrier anchorage near position 10-16.2N107-03.0E, Vung Tau Anchorage. The crew confronted the robbers who then fled. The incident has been reported and is currently being investigated by Vung Tau Port",Control.,NA,NA,NA,NA,2016-10-12,2016,185,8484,Vietnamese Exclusive Economic Zone,200NM,2200,Vietnam,2200,Vietnam,VNM,0,NA,0,NA,NA,0,NA,0,NA,NA,107.865630238,11.5549947852,750997.838971,8484
2016-224,93,Robbers,Cargo Vessel,NA,"VIETNAM:On 26 September at 1920Z in 10-15.3N 107-01.0E, at Vung Tau anchorage, routine rounds onboard an anchored cargo ship noticed three robbers near the paint locker. Two robbers stole paint drums, while the third acted as a lookout. Fearing for his","safety, the AB hid while the robbers escaped in a small boat. Alarm was raised, crew mustered and search was carried out. Incident reported to port control.",NA,NA,NA,NA,2016-09-26,2016,185,8484,Vietnamese Exclusive Economic Zone,200NM,2200,Vietnam,2200,Vietnam,VNM,0,NA,0,NA,NA,0,NA,0,NA,NA,107.865630238,11.5549947852,750997.838971,8484
2016-183,93,Robbers,Bulk Carrier,NA,"VIETNAM:On 7 August, three robbers in a small boat boarded an anchored bulk carrier near position 10-15.50N 107-01.26E, Vung Tau Anchorage. Duty crewman on routine rounds noticed the robbers and raised the alarm. All crew mustered on the main deck.","Hearing the alarm and seeing the crew¿s alertness, the robbers escaped, in their boat, with stolen ship¿s stores. Port control informed.",NA,NA,NA,NA,2016-08-07,2016,185,8484,Vietnamese Exclusive Economic Zone,200NM,2200,Vietnam,2200,Vietnam,VNM,0,NA,0,NA,NA,0,NA,0,NA,NA,107.865630238,11.5549947852,750997.838971,8484
2016-185,93,Robbers,Bulk Carrier,NA,"VIETNAM:On 29 July, robbers boarded an anchored bulk carrier near position 10-16.03N 107-01.83E, Vung Tau Anchorage. Duty crewman on routine rounds noticed the robbers and raised the alarm. Seeing the alert crew, robbers escaped with stolen ships stores.",Incident reported to local authorities.,NA,NA,NA,NA,2016-07-29,2016,185,8484,Vietnamese Exclusive Economic Zone,200NM,2200,Vietnam,2200,Vietnam,VNM,0,NA,0,NA,NA,0,NA,0,NA,NA,107.865630238,11.5549947852,750997.838971,8484
2016-158,93,Pirates,Fishing Vessel,NA,"VIETNAM:On 9 July, Vietnam-flagged fishing vessel QNg 90479-TS with six sailors on board was attacked and sunk by Chinese vessels at around 11:00 am while fishing near the Paracel Islands, vicinity 16-40N 112-20E. The Vietnamese boat was closed by two","Chinese ships, numbered 46101 and 35103, which then released two speedboats to harass and ram into it. At the same time, a group of Chinese men jumped into the boat and beat the captain with truncheons. The attack caused damage in the boat¿s sides,",eventually sinking from the damage. The Chinese vessels reportedly prevented other Vietnamese boats nearby from approaching and rescuing the fishermen on board.,NA,NA,NA,2016-07-09,2016,192,8486,Chinese Exclusive Economic Zone,200NM,8603,China,8603,China,CHN,0,NA,0,NA,NA,0,NA,0,NA,NA,118.676418867,28.6766590494,963547.862843,8486
2016-138,93,Pirates,Fishing Vessel,NA,"VIETNAM: On 16 June, the Vietnam-flagged fishing boat QNg-95821 was reportedly attacked by a Chinese vessel near position 16-11N 112-30E, seven nautical miles from Bom Bay Island. The attacking ship reportedly had a hull number of 31102. The Vietnamese",fishing boat was damaged but able to return to port.,NA,NA,NA,NA,2016-06-16,2016,192,8486,Chinese Exclusive Economic Zone,200NM,8603,China,8603,China,CHN,0,NA,0,NA,NA,0,NA,0,NA,NA,118.676418867,28.6766590494,963547.862843,8486
2016-103,93,Robbers,Container Ship,NA,"VIETNAM:On 09 May at 2106 LT in 10-11N 107-04E, robbers boarded an anchored container ship and stole ship's stores. The alarm was raised and the robbers escaped. Port control informed.",NA,NA,NA,NA,NA,2016-05-09,2016,185,8484,Vietnamese Exclusive Economic Zone,200NM,2200,Vietnam,2200,Vietnam,VNM,0,NA,0,NA,NA,0,NA,0,NA,NA,107.865630238,11.5549947852,750997.838971,8484
2016-47,93,Robbers,Fishing Boat,NA,"VIETNAM:On 6 March, a Vietnamese fishing boat was boarded, reportedly by a Chinese crewed boat, near position 16-30N 112-00E, the Paracel Islands. The robbers boarded the boat, stole food and fuel before destroying fishing nets and departing the area. No",injuries were reported.,NA,NA,NA,NA,2016-03-06,2016,192,8486,Chinese Exclusive Economic Zone,200NM,8603,China,8603,China,CHN,0,NA,0,NA,NA,0,NA,0,NA,NA,118.676418867,28.6766590494,963547.862843,8486
2016-48,93,Pirates,Fishing Boats,NA,"BANGLADESH:On 4 March, pirates abducted 25 fishermen along with three fishing boats in an area approximately 100 kilometers south of Patharghata under Barguna, near position 21-02N 89-58E. Reportedly, the pirates demanded a large ransom for each",fisherman.,NA,NA,NA,NA,2016-03-04,2016,164,8481,Bangladeshi Exclusive Economic Zone,200NM,2142,Bangladesh,2142,Bangladesh,BGD,0,NA,0,NA,NA,0,NA,0,NA,NA,90.5397686404,20.4111789845,112302.620749,8481
2016-14,93,Robbers,Bulk Carrier,NA,"VIETNAM:On 7 January, three robbers boarded an anchored bulk carrier near position 20-43N 107-09E, Hon Cam anchorage. During routine rounds, a duty crewman heard voices near the forecastle. As he approached to investigate he saw the three men with knives",approaching him. The crewman managed to safely retreat to the accommodation area and informed the duty officer who sounded the ship's whistle and raised the alarm. Seeing the alerted crew the robbers escaped with stolen ship's stores. The local,authorities and agents were informed.,NA,NA,NA,2016-01-07,2016,185,8484,Vietnamese Exclusive Economic Zone,200NM,2200,Vietnam,2200,Vietnam,VNM,0,NA,0,NA,NA,0,NA,0,NA,NA,107.865630238,11.5549947852,750997.838971,8484
2016-15,93,Robbers,Bulk Carrier,NA,"VIETNAM:On 5 January, an unknown number of robbers boarded an anchored bulk carrier near position 20-41N 107-10E, Hong Gai Anchorage. The robbers stole ship's stores and escaped unnotic Ved. The theft was discovered by duty crewmen later in the day.",NA,NA,NA,NA,NA,2016-01-05,2016,185,8484,Vietnamese Exclusive Economic Zone,200NM,2200,Vietnam,2200,Vietnam,VNM,0,NA,0,NA,NA,0,NA,0,NA,NA,107.865630238,11.5549947852,750997.838971,8484
2015-265,93,Robbers,Bulk Carrier,NA,"VIETNAM:On 16 December, an unknown number of robbers boarded an anchored bulk carrier during cargo operations near position 20-50N 107-20E, Campha Anchorage. The robbers were able to steal ship's properties and escape unnoticed. The theft was noticed by",the bosun during routine rounds. The incident was reported to local authorities through the local agents.,NA,NA,NA,NA,2015-12-16,2015,185,8484,Vietnamese Exclusive Economic Zone,200NM,2200,Vietnam,2200,Vietnam,VNM,0,NA,0,NA,NA,0,NA,0,NA,NA,107.865630238,11.5549947852,750997.838971,8484
2015-262,93,Robbers,Container Ship,NA,"VIETNAM:On 15 December at 0800 LT in Vung Tau Anchorage near position 10-14N 107-02E, robbers boarded a container ship unnoticed. They boarded the vessel while the crew was busy preparing to anchor and stole ship's stores. The theft was noticed during",routine rounds and was reported to the Port Authorities and local agents.,NA,NA,NA,NA,2015-12-15,2015,185,8484,Vietnamese Exclusive Economic Zone,200NM,2200,Vietnam,2200,Vietnam,VNM,0,NA,0,NA,NA,0,NA,0,NA,NA,107.865630238,11.5549947852,750997.838971,8484
2015-257,93,Robbers,Bulk Carrier,NA,"VIETNAM:On 4 December at 2100 LT in the Campha Outer Anchorage, near position 20-42N 107-10E, 6 robbers armed with long knives in a wooden boat approached an anchored bulk carrier. Three of the robbers boarded the vessel and threatened the crew on watch.",The crew notified the Duty Officer and retreated to a designated safe area. The alarm was raised and the rest of the crew mustered. But remained on the bridge until the robbers departed with stolen ship stores.,NA,NA,NA,NA,2015-12-04,2015,185,8484,Vietnamese Exclusive Economic Zone,200NM,2200,Vietnam,2200,Vietnam,VNM,0,NA,0,NA,NA,0,NA,0,NA,NA,107.865630238,11.5549947852,750997.838971,8484
2015-253,93,Pirates,Fishing Boat,NA,"VIETNAM:On 26 November, five armed pirates boarded a Vietnamese fishing boat anchored approximately 30 nautical miles south of Suoi Ngoc Island near position 09-05N 115-27E. During the boarding, a Vietnamese fisherman was shot and killed while he was",trying to cut the anchor line to help the fishing boat escape. It is unknown what country the gunmen came from.,NA,NA,NA,NA,2015-11-26,2015,179,8322,Philippines Exclusive Economic Zone,200NM,2245,Philippines,2245,Philippines,PHL,0,NA,0,NA,NA,0,NA,0,NA,NA,122.546805869,12.3401155141,1971039.86154,8322
2015-237,93,Robbers,Container Ship,NA,"VIETNAM:On 10 November, an unknown number of robbers boarded an anchored container ship near position 10-15N 107-03E, Mui Vung Tau anchorage. The theft was noticed when the crew observed the padlock to the steering gear room broken. A thorough search was",carried out and nothing was reported stolen.,NA,NA,NA,NA,2015-11-10,2015,185,8484,Vietnamese Exclusive Economic Zone,200NM,2200,Vietnam,2200,Vietnam,VNM,0,NA,0,NA,NA,0,NA,0,NA,NA,107.865630238,11.5549947852,750997.838971,8484
2015-231,93,Robbers,Bulk Carrier,NA,"VIETNAM:On 22 October near position 20-41N 107-13E, Cai Lan Anchorage, a duty crewman on an anti-piracy and robbery watch onboard an anchored bulk carrier noticed six robbers climbing onto the forecastle using a rope attached to a hook. He notified the","duty officer who raised the alarm and mustered the crew. Upon seeing the alerted crew, the robbers escaped. A search was carried out and found nothing stolen. The port authorities and the local agent were informed.",NA,NA,NA,NA,2015-10-22,2015,185,8484,Vietnamese Exclusive Economic Zone,200NM,2200,Vietnam,2200,Vietnam,VNM,0,NA,0,NA,NA,0,NA,0,NA,NA,107.865630238,11.5549947852,750997.838971,8484
2015-224,93,Robbers,Tanker,NA,"VIETNAM:On 18 October, a duty crewman on routine rounds onboard an anchored tanker noticed two robbers on the poop deck near position 10-06N 107-06E, Mui Vung Tau Anchorage. He shouted at the robbers then retreated to a safe location and raised the","alarm. The crew mustered and approached the robbers. Upon seeing the alerted crew, the robbers fled. A search was carried out and nothing was found stolen. Vung Tau port control informed.",NA,NA,NA,NA,2015-10-18,2015,185,8484,Vietnamese Exclusive Economic Zone,200NM,2200,Vietnam,2200,Vietnam,VNM,0,NA,0,NA,NA,0,NA,0,NA,NA,107.865630238,11.5549947852,750997.838971,8484
2015-211,93,Robbers,Container Ship,NA,"VIETNAM:On 30 September, a stevedore onboard a container ship berthed near position 10-46N 106-44E, Vietnam International Container Terminal, Ho Chi Minh City Port noticed two robbers near the forecastle and alerted the duty crewman who in turn notified","the bridge. The duty crewman stopped his approach towards the robbers when he noticed that they were armed with a long bladed knife. When the robbers saw the crewman, they jumped overboard and escaped. The crew later discovered that the padlock on the",bosun store room was forced opened and ship's properties stolen.,NA,NA,NA,2015-09-30,2015,185,8484,Vietnamese Exclusive Economic Zone,200NM,2200,Vietnam,2200,Vietnam,VNM,0,NA,0,NA,NA,0,NA,0,NA,NA,107.865630238,11.5549947852,750997.838971,8484
2015-225,93,Pirates,Fishing Boat,NA,"VIETNAM:On 29 September near position 16-32N 111-44E, near Luoi Liem Island in the disputed Paracel Island group, a Vietnam-flagged fishing boat QNg 90352 was reportedly rammed and then boarded by a boat carrying uniformed Chinese personnel armed with","knives and electric shock batons. They proceeded to steal most of the boat's catch, damage navigation equipment and then departed. During the ramming, the boat developed a crack in the hull, which resulted in the boat sinking several hours later. All",crewmen were later rescued by another fishing boat.,NA,NA,NA,2015-09-29,2015,192,8486,Chinese Exclusive Economic Zone,200NM,8603,China,8603,China,CHN,0,NA,0,NA,NA,0,NA,0,NA,NA,118.676418867,28.6766590494,963547.862843,8486
2015-190,93,Robbers,Bulk Carrier,NA,"VIETNAM:On 15 August, an unknown number of robbers boarded an anchored bulk carrier near position 10-14N 107-03E, Vung Tau Anchorage. They broke into the paint locker, stole ship's stores and escaped. The theft was noticed by the Duty Officer at 0830",local time. The incident was reported to the Port Control authorities.,NA,NA,NA,NA,2015-08-15,2015,185,8484,Vietnamese Exclusive Economic Zone,200NM,2200,Vietnam,2200,Vietnam,VNM,0,NA,0,NA,NA,0,NA,0,NA,NA,107.865630238,11.5549947852,750997.838971,8484
2015-166,93,Robbers,Tug Boat,NA,"MALAYSIA:On 28 July near position 03-25N 103-55E, a tug with a barge under tow departed Batam Anchorage at 1600 local time for Kuantan Port, Malaysia. An on duty crewman discovered some properties on the barge were missing during the routine check the","following morning. The duty officer was notified who then informed the master and the owners. Upon arrival at Kuantan Port, a report was submitted and the police boarded for an investigation.",NA,NA,NA,NA,2015-07-28,2015,251,8483,Malaysian Exclusive Economic Zone,200NM,2230,Malaysia,2230,Malaysia,MYS,0,NA,0,NA,NA,0,NA,0,NA,NA,108.435167801,4.85143661206,510822.838776,8483
2015-156,93,Robbers,Product Tanker,NA,"VIETNAM:At the Vung Tau Anchorage near position 10-10N 107-05E, an unnoticed robber boarded an anchored product tanker, stole ship's stores and escaped. The incident was noticed later in the day and reported to the authorities.",NA,NA,NA,NA,NA,2015-07-11,2015,185,8484,Vietnamese Exclusive Economic Zone,200NM,2200,Vietnam,2200,Vietnam,VNM,0,NA,0,NA,NA,0,NA,0,NA,NA,107.865630238,11.5549947852,750997.838971,8484
2015-131,93,Robbers,Container ship,NA,"VIETNAM:On 4 June, two robbers boarded an anchored container ship near position10-05N 107-02 E, Vungtau Anchorage. A duty crewman on rounds noticed the robbers and informed the duty officer who raised the alarm and mustered the crew. Seeing the crew","response, the robbers fled with stolen ship's stores.",NA,NA,NA,NA,2015-06-04,2015,185,8484,Vietnamese Exclusive Economic Zone,200NM,2200,Vietnam,2200,Vietnam,VNM,0,NA,0,NA,NA,0,NA,0,NA,NA,107.865630238,11.5549947852,750997.838971,8484
2015-122,93,Robbers,Container Ship,NA,"VIETNAM:On 22 May, an unknown number of robbers boarded an anchored container ship near position 10-11N 107-03E, Vung Tau Roads. The Duty Bosun on routine rounds noticed the forward paint locker had been broken into. Upon checking, he found foot prints","visible on the deck and ship's stores stolen from the paint locker. The incident was reported to the local agents and the shipping company. On berthing, an immigration officer boarded the ship and inspected the paint locker and took photos.",NA,NA,NA,NA,2015-05-22,2015,185,8484,Vietnamese Exclusive Economic Zone,200NM,2200,Vietnam,2200,Vietnam,VNM,0,NA,0,NA,NA,0,NA,0,NA,NA,107.865630238,11.5549947852,750997.838971,8484
2015-108,93,Robbers,Cargo Ship,NA,"SOUTH CHINA SEA:On 15 May near position 08-19N 108-52E, the Chief Officer onboard an underway heavy lift cargo ship detected some suspicious noises near the aft of the ship. He immediately switched on the deck lights, sent the duty crew to investigate","and informed the Master. As the duty crew approached the aft they noticed a boat moving away from the stern of the ship.Upon an investigation, it was found the padlocks to all of the ship's stores and engine room were missing, and ship's properties were",stolen.,NA,NA,NA,2015-05-15,2015,185,8484,Vietnamese Exclusive Economic Zone,200NM,2200,Vietnam,2200,Vietnam,VNM,0,NA,0,NA,NA,0,NA,0,NA,NA,107.865630238,11.5549947852,750997.838971,8484
2015-105,93,Robbers,Bulk Carrier,NA,"VIETNAM:On 11 May, robbers in a fishing boat boarded an anchored bulk carrier with a hook attached with ropes near position 10-12N 107-04E, 6.5 nm south of Vung Tau. They broke two padlocks of the deck stores and stole ship's stores and then escaped. The",alarm was raised. The crew made a thorough search and found several footprints on the deck. The incident was reported to the Port Control.,NA,NA,NA,NA,2015-05-11,2015,185,8484,Vietnamese Exclusive Economic Zone,200NM,2200,Vietnam,2200,Vietnam,VNM,0,NA,0,NA,NA,0,NA,0,NA,NA,107.865630238,11.5549947852,750997.838971,8484
2015-82,93,Pirates,Bulk Carrier,NA,"SOUTH CHINA SEA, SOUTHERN PART:Pirates armed with knives boarded a bulk carrier underway. They took all the crew hostage. The pirates then stole the ship's and crew's cash, properties, documents and the crew's personal belongings and then escaped. No",injuries to the crew. The incident was reported to the Vietnam Maritime Security Center.,NA,NA,NA,NA,2015-04-20,2015,251,8483,Malaysian Exclusive Economic Zone,200NM,2230,Malaysia,2230,Malaysia,MYS,0,NA,0,NA,NA,0,NA,0,NA,NA,108.435167801,4.85143661206,510822.838776,8483
2015-68,93,Robbers,Bulk Carrier,NA,"THAILAND:On 25 March, four robbers armed with knives boarded a berthed bulk carrier near position 13-17N 100-31E, Dolphin Buoy No.16, Bangkok. Crewmembers raised the alarm and mustered. Seeing the crew response, the robbers fled with stolen ship's",properties.,NA,NA,NA,NA,2015-03-25,2015,183,8332,Thailand Exclusive Economic Zone,200NM,2207,Thailand,2207,Thailand,THA,0,NA,0,NA,NA,0,NA,0,NA,NA,99.6286756622,9.16617314888,298685.971043,8332
2015-59,93,Robbers,Bulk Carrier,NA,"VIETNAM:On 25 March, four robbers armed with knives boarded an anchored bulk carrier near position 20-41N 107-17E, 8.4 nm southeast of Hon Gai. When the duty officer raised the alarm, the robbers fled with some of the ship's stores. Agent and port",authorities were notified.,NA,NA,NA,NA,2015-03-25,2015,185,8484,Vietnamese Exclusive Economic Zone,200NM,2200,Vietnam,2200,Vietnam,VNM,0,NA,0,NA,NA,0,NA,0,NA,NA,107.865630238,11.5549947852,750997.838971,8484
2015-58,93,Robbers,Wood Chip Carrier,NA,"VIETNAM:On 23 March, robbers boarded an anchored wood chip carrier near position 20-43N 107-11E, Cailan Outer Anchorage. The robbers broke into the forward store room, stole ship's property and escaped unnoticed.",NA,NA,NA,NA,NA,2015-03-23,2015,185,8484,Vietnamese Exclusive Economic Zone,200NM,2200,Vietnam,2200,Vietnam,VNM,0,NA,0,NA,NA,0,NA,0,NA,NA,107.865630238,11.5549947852,750997.838971,8484
2015-69,93,Pirates,Tug Boat,NA,"MALAYSIA:On 22 March, ten pirates armed with guns and knives hijacked a tug towing a barge near position 02-51N 104-31E, 18 nm east of Tioman Island. They entered the bridge and apprehended the bridge team, then took them to the Chief Engineer's cabin","where they robbed and held hostage. The pirates then took the Chief Engineer to the engine room and transferred part of the tug's bunkers into a small tanker. Before departing the vessel, the pirates stole some of the ship's property and damaged the",tug's communication equipment. The entire operation lasted about five hours.,NA,NA,NA,2015-03-22,2015,251,8483,Malaysian Exclusive Economic Zone,200NM,2230,Malaysia,2230,Malaysia,MYS,0,NA,0,NA,NA,0,NA,0,NA,NA,108.435167801,4.85143661206,510822.838776,8483
2015-43,93,Robbers,Bulk Carrier,NA,"VIETNAM:On 11 March, a duty crewman onboard a bulk carrier anchored near position 10-15N 107-02E, Vung Tau Anchorage, noticed robbers on deck. He informed the duty officer who raised the alarm and mustered the crew. The robbers managed to steal ship's",stores and escape. No injuries to the crew.,NA,NA,NA,NA,2015-03-11,2015,185,8484,Vietnamese Exclusive Economic Zone,200NM,2200,Vietnam,2200,Vietnam,VNM,0,NA,0,NA,NA,0,NA,0,NA,NA,107.865630238,11.5549947852,750997.838971,8484
2015-32,93,Robbers,Bulk Carrier,NA,"VIETNAM:On 12 February, five robbers armed with knives boarded an anchored bulk carrier near position 20-41N 107-12E, Hongai Outer Anchorage. When the Duty Officer saw movement on the forecastle, he instructed the duty crewman to check the area. When the","crewman arrived at the forecastle, he saw the robbers escaping in a small boat. The crew discovered that ship's stores and property were stolen by the robbers.",NA,NA,NA,NA,2015-02-12,2015,185,8484,Vietnamese Exclusive Economic Zone,200NM,2200,Vietnam,2200,Vietnam,VNM,0,NA,0,NA,NA,0,NA,0,NA,NA,107.865630238,11.5549947852,750997.838971,8484
2015-25,93,Robbers,Container Ship,NA,"VIETNAM:On 4 February, five robbers boarded an anchored container ship near position 10-12N 107-03E, 7 nm south of Vungtau. Alert crew spotted the robbers and raised the alarm. Seeing the crew alertness, the robbers escaped with stolen ship's stores.",NA,NA,NA,NA,NA,2015-02-04,2015,185,8484,Vietnamese Exclusive Economic Zone,200NM,2200,Vietnam,2200,Vietnam,VNM,0,NA,0,NA,NA,0,NA,0,NA,NA,107.865630238,11.5549947852,750997.838971,8484
2015-4,93,Pirates,Fishing vessels,NA,"VIETNAM:On 7 January, two Vietnamese fishing vessels were involved in incidents near the Paracel Islands where their catch of fish was stolen and fishing gear and bridge equipment was stolen or damaged.",NA,NA,NA,NA,NA,2015-01-07,2015,185,8484,Vietnamese Exclusive Economic Zone,200NM,2200,Vietnam,2200,Vietnam,VNM,0,NA,0,NA,NA,0,NA,0,NA,NA,107.865630238,11.5549947852,750997.838971,8484
2014-272,93,Robbers,LPG Tanker,NA,"VIETNAM:On 20 November, two robbers in a speedboat boarded an anchored LPG tanker near position 10-15N 107-09E, Vung Tau. Duty crew spotted the robbers and raised the alarm. Seeing the crew response, the robbers fled without stealing anything.",NA,NA,NA,NA,NA,2014-11-20,2014,185,8484,Vietnamese Exclusive Economic Zone,200NM,2200,Vietnam,2200,Vietnam,VNM,0,NA,0,NA,NA,0,NA,0,NA,NA,107.865630238,11.5549947852,750997.838971,8484
2014-273,93,Robbers,Container Ship,NA,"VIETNAM:On 19 November, an unknown number of robbers boarded a drifting container ship unnoticed and escaped with ship¿s stores near position 10-12N 107-15E, 11 nm southeast of Vung Tau. Duty crew discovered footprints on the main deck in the vicinity o",the forecastle.,NA,NA,NA,NA,2014-11-19,2014,185,8484,Vietnamese Exclusive Economic Zone,200NM,2200,Vietnam,2200,Vietnam,VNM,0,NA,0,NA,NA,0,NA,0,NA,NA,107.865630238,11.5549947852,750997.838971,8484
2014-231,93,Pirates,Container ship,NA,"VIETNAM:On 21 October, four small boats approached a drifting container ship near position10-09N 107-06E, 10 nm south of Vung Tau. Two boats approached the stern and persons in the boats asked duty crew men if they had any scrap items available. As the","crew was distracted, the other two boats approached the port side and five robbers armed with knives boarded the vessel. Duty crewman spotted the robbers and raised the alarm. At that point, the robbers jumped overboard without stealing anything. Local",authorities notified.,NA,NA,NA,2014-10-21,2014,185,8484,Vietnamese Exclusive Economic Zone,200NM,2200,Vietnam,2200,Vietnam,VNM,0,NA,0,NA,NA,0,NA,0,NA,NA,107.865630238,11.5549947852,750997.838971,8484
2014-192,93,Pirates,Fishing boat,NA,"SOUTH CHINA SEA:On 15 August, a Vietnamese fishing boat was reportedly boarded by persons from a Chinese vessel near the Hoang Sa (Paracel) archipelago. The fishing boat was near Phu Lam Island when a Chinese vessel appeared and chased after it. The","Chinese vessel reportedly sent two motorboats with 17 people who boarded the fishing boat. They used hammers and batons to beat the fishermen and damage the Vietnamese vessel. Before leaving, they took away all the equipment, including a GPS system, a","radio, fish detectors, and all the fish caught and fuel for the boat.",NA,NA,NA,2014-08-15,2014,192,8486,Chinese Exclusive Economic Zone,200NM,8603,China,8603,China,CHN,0,NA,0,NA,NA,0,NA,0,NA,NA,118.676418867,28.6766590494,963547.862843,8486
2014-145,93,Pirates,Merchant tug,NA,"MALAYSIA:UPDATE:On 22 June, the crew and cargo barge from the still-missing tug MANYPLUS 12 were rescued by a Vietnamese fishing boat near position 08-12N 115-46E, approximately 110nm northwest of Kota Kinabalu. The shipping company originally reported","the tug and barge missing on 16 June after they failed to show up at their destination port.On or about 9 June, the owners of the merchant tug MANYPLUS 12 lost contact with their vessel in an area of the South China Sea. The tug, towing a barge loaded","with 138 containers had departed Sibu, Sarawak, East Malaysia for Port Klang, Malaysia. The vessels were scheduled to arrive at Port Klang in the morning of 13 June. The shipping companiy's last contact with the master was on 9 Jun 14 when the vessels","were approximately 61 nm west of Tanjung Datu, Sarawak. There were 11 Indians, Malaysian and Myanmar crewmembers on board the tug boat.",NA,NA,2014-06-22,2014,179,8322,Philippines Exclusive Economic Zone,200NM,2245,Philippines,2245,Philippines,PHL,0,NA,0,NA,NA,0,NA,0,NA,NA,122.546805869,12.3401155141,1971039.86154,8322
2014-135,93,Robbers,Product tanker,NA,"SINGAPORE:On 27 May, robbers hijacked the product tanker ORAPIN 4, laden with diesel fuel, shortly after it departed Singapore enroute Thailand. The owners lost contact with the vessel and informed the IMB Piracy Reporting Centre which immediately","notified all authorities and broadcast a warning to all ships to look out for the vessel. On 1 June, the vessel safely arrived at Sriracha port in Thailand. Information from the crew indicates that the vessel was hijacked by pirates who damaged the",communication equipment on board the vessel and stoleits oil cargo. The crew and vessel are now safe.,NA,NA,NA,2014-05-27,2014,251,8483,Malaysian Exclusive Economic Zone,200NM,2230,Malaysia,2230,Malaysia,MYS,0,NA,0,NA,NA,0,NA,0,NA,NA,108.435167801,4.85143661206,510822.838776,8483
2014-80,93,Robbers,Container ship,NA,"VIETNAM:On 1 April, three robbers boarded a container ship near position 20-52N 107-07E, Cailan Channel. The robbers were attempting to break into the forward store space when they were noticed by the crew. The crew raised the alarm, mustered, and","activated the SSAS. Upon hearing the alarm and seeing the crew, the robbers fled empty handed. The Port Authority was contacted, but no response was received.",NA,NA,NA,NA,2014-04-01,2014,185,8484,Vietnamese Exclusive Economic Zone,200NM,2200,Vietnam,2200,Vietnam,VNM,0,NA,0,NA,NA,0,NA,0,NA,NA,107.865630238,11.5549947852,750997.838971,8484
2015-29,93,Robbers,Anchored Vessel,NA,"VIETNAM:On 14 February, five robbers boarded an anchored vessel near position 20-37N 106-51E, Haiphong OPL Anchorage. When the duty crewman on routine rounds saw the robbers on the forecastle deck, he raised the alarm and the crew mustered. Upon hearing","the alarm and seeing the crew response, the robbers escaped in their wooden motor boat. An investigation by the crew revealed that the paint store door was damaged and ship's stores stolen. The incident was reported to Port Control via VHF channel 16.",NA,NA,NA,NA,2014-02-14,2014,185,8484,Vietnamese Exclusive Economic Zone,200NM,2200,Vietnam,2200,Vietnam,VNM,0,NA,0,NA,NA,0,NA,0,NA,NA,107.865630238,11.5549947852,750997.838971,8484
2013-343,93,ROBBERS,CONTAINER VESSEL,NA,"VIETNAM:On 2 December, robbers boarded a drifting container vessel near position 20-37N 107-10E, near Norway Islands, Haiphong and stole ship's property. The theft was noticed by the duty crew during routine rounds.",NA,NA,NA,NA,NA,2013-12-02,2013,185,8484,Vietnamese Exclusive Economic Zone,200NM,2200,Vietnam,2200,Vietnam,VNM,0,NA,0,NA,NA,0,NA,0,NA,NA,107.865630238,11.5549947852,750997.838971,8484
2013-271,93,ROBBERS,CHEMICAL TANKER,NA,"VIETNAM:On 3 September, an anchored chemical tanker was boarded at 10-13N 107-02E, at the Vung Tau Anchorage. Six robbers disguised as fishermen boarded a chemical tanker at anchor. Duty crewman noticed the robbers and informed the bridge. The alarm was","raised and the crew moved forward. Upon seeing the alert crew, the robbers jumped overboard and escaped with ship's stores. All crew safe.",NA,NA,NA,NA,2013-09-03,2013,185,8484,Vietnamese Exclusive Economic Zone,200NM,2200,Vietnam,2200,Vietnam,VNM,0,NA,0,NA,NA,0,NA,0,NA,NA,107.865630238,11.5549947852,750997.838971,8484
2013-272,93,ROBBERS,BULK CARRIER,NA,"VIETNAM:On 28 August, the anchored Marshall Islands-flagged bulk carrier was boarded while at position 20-56N 107-19E, Cam Pha Anchorage. Six robbers boarded the ship via the anchor chain and hawse pipe by removing the cover and anchor lashing. They cut","the padlock to the forecastle store room and stole ship's properties. Duty officer noticed the robbers and raised the alarm. Upon hearing the alarm, the robbers escaped with stolen ship stores. Incident reported to the local police who boarded the ship",for investigation.,NA,NA,NA,2013-08-28,2013,185,8484,Vietnamese Exclusive Economic Zone,200NM,2200,Vietnam,2200,Vietnam,VNM,0,NA,0,NA,NA,0,NA,0,NA,NA,107.865630238,11.5549947852,750997.838971,8484
2013-210,93,PIRATES,TANKER LG ASPHALT 1,NA,"MALAYSIA:On 10 July, the Malaysia-flagged underway tanker LG Asphalt 1 was boarded at 03-02N 104-18E, approximately 12 nm northeast of Pulau Tioman. Approximately eight pirates, armed with guns and knives, boarded the underway tanker. They ordered the","C/E to reduce speed to minimum and then mustered all the crew, including the bridge and engine room watch-officers in the mess room where they tied up the crew's hands. The pirates then stole all crew and ship properties and cash, and left the ship an",hour later. Ship's crew regained control of the vessel and sailed to Kemaman Port. No injuries to the crew.,NA,NA,NA,2013-07-10,2013,251,8483,Malaysian Exclusive Economic Zone,200NM,2230,Malaysia,2230,Malaysia,MYS,0,NA,0,NA,NA,0,NA,0,NA,NA,108.435167801,4.85143661206,510822.838776,8483
2013-206,93,PIRATES,TUG,NA,"MALAYSIA:On 09 June, an underway tug was boarded at 04-30N 103-59E, approximately 30nm east of Kerteh, Terengganu. Six pirates armed with guns and long knives, in a speed boat, approached and boarded the underway tug. They took hostage all crew members,","cut off the cables to the VHF communication system and stole crew and ship cash and property. Upon departure of the pirates, the Master contacted local authorities and then diverted to Kuantan Port, and lodged a report to the Malaysian authorities. All",crew are safe.,NA,NA,NA,2013-06-09,2013,251,8483,Malaysian Exclusive Economic Zone,200NM,2230,Malaysia,2230,Malaysia,MYS,0,NA,0,NA,NA,0,NA,0,NA,NA,108.435167801,4.85143661206,510822.838776,8483
2013-195,93,ROBBERS,TUG PU2417,NA,"MALAYSIA:On 09 June, the Singapore-flagged underway tug PU2417 was boarded at 04-18N 103-36E, approximately 6 nm off Terengganu. While underway from Thailand to Indonesia, six robbers armed with guns and choppers boarded the tug boat and forced the crew",to pump-out fuel oil from the tug boat to an unknown fishing boat. The robbers also took the crew's belongings before leaving the tug boat. The vessels continued passage to Indonesia.,NA,NA,NA,NA,2013-06-09,2013,251,8483,Malaysian Exclusive Economic Zone,200NM,2230,Malaysia,2230,Malaysia,MYS,0,NA,0,NA,NA,0,NA,0,NA,NA,108.435167801,4.85143661206,510822.838776,8483
2013-156,93,ROBBERS,BARGE/TUG CREST 289/TCL4401,NA,"MALAYSIA:On 15 May, the underway barge in tow CREST 289 was boarded at 03-17N 103-48E, approximately 30nm northwest of Pulau Tioman. At the time, the tug boat TCL4401 was towing the barge from Singapore to Kuantan Port, Malaysia. The thieves stole 12",pieces of manhole covers and the stern light solar cell. The Master discovered the items missing upon arrival at Kuantan Port. The crew was not injured.,NA,NA,NA,NA,2013-05-15,2013,251,8483,Malaysian Exclusive Economic Zone,200NM,2230,Malaysia,2230,Malaysia,MYS,0,NA,0,NA,NA,0,NA,0,NA,NA,108.435167801,4.85143661206,510822.838776,8483
2013-115,93,ROBBERS,BULK CARRIER IVS MAGPIE,NA,"VIETNAM:On 17 April, the anchored bulk carrier IVS MAGPIE was boarded in the vicinity of 20-58N 107-19E, at the Cam Pha Outer Anchorage. Three robbers boarded a bulk carrier via the forward bow and hawse pipe, unnoticed. Duty AB noticed them in the",process of lowering ropes into a waiting boat and informed the Master who raised the alarm and alerted the crew. The crew tried to recover the ropes by using the winch but the robbers cut off the ropes and escaped.,NA,NA,NA,NA,2013-04-17,2013,185,8484,Vietnamese Exclusive Economic Zone,200NM,2200,Vietnam,2200,Vietnam,VNM,0,NA,0,NA,NA,0,NA,0,NA,NA,107.865630238,11.5549947852,750997.838971,8484
2012-276,93,PIRATES,BARGE,NA,INDONESIA:Barge boarded on 6 September in Straits of Malacca at 09-41N 103-48E. An unknown number of robbers boarded the barge while being towed by the tug Lady Cynthia. An internal door on the port side was forced open and the robbers escaped with 40,cans of paint and ship's stores.,NA,NA,NA,NA,2012-09-06,2012,185,8484,Vietnamese Exclusive Economic Zone,200NM,2200,Vietnam,2200,Vietnam,VNM,0,NA,0,NA,NA,0,NA,0,NA,NA,107.865630238,11.5549947852,750997.838971,8484
2012-63,93,PIRATES,BULK CARRIER,NA,"VIETNAM: Bulk carrier at anchor boarded on 12 February while anchored at position 20-40 N 107-14 E, Cailan Outer Anchorage. A gang of seven robbers boarded using a hook and a rope. Duty crewman noticed the robbers and informed bridge who raised the","alarm. All crew mustered. The robbers threatened the duty the duty crewman with knives, then broke the forepeak stores locker open and stole ship's stores. Crewmembers tried to stop the robbers but they threw knives, sticks and iron rods at the crew and",started lowering the stolen stores into their boat. The Master stopped the crew from confronting the robbers as some of them were armed with pistols. The robbers escaped with the stolen stores in a small motor boat. Master attempted to contact the port,control but received no response. (IMB),NA,NA,2012-02-12,2012,185,8484,Vietnamese Exclusive Economic Zone,200NM,2200,Vietnam,2200,Vietnam,VNM,0,NA,0,NA,NA,0,NA,0,NA,NA,107.865630238,11.5549947852,750997.838971,8484
2012-44,93,PIRATES,CONTAINER SHIP,NA,"GULF OF TONKIN: Container ship boarded on 27 January by eight robbers armed with long knives while anchored at position 20-38N 106-53E, Haiphong Anchorage. The robbers took the duty deckhand hostage and forced him into the bosun stores locker and tied","him up. The robbers stole ship's stores and escaped. A search of the ship was ordered by the duty deck officer, as the duty deckhand was not answering calls on his radio. Search party found the subdued deckhand and released him. Duty officer attempted to",contact port control but did not receive a response.,NA,NA,NA,2012-01-27,2012,185,8484,Vietnamese Exclusive Economic Zone,200NM,2200,Vietnam,2200,Vietnam,VNM,0,NA,0,NA,NA,0,NA,0,NA,NA,107.865630238,11.5549947852,750997.838971,8484
2012-15,93,PIRATES,CONTAINER SHIP,NA,"HO CHI MINH TERMINAL, VIETNAM: Duty A/B onboard a berthed container vessel noticed a small boat near the shipside with three robbers attempting to board the vessel. Duty A/B raised alarm resulting in the robbers escaping empty handed. Local security",informed.,NA,NA,NA,NA,2012-01-07,2012,185,8484,Vietnamese Exclusive Economic Zone,200NM,2200,Vietnam,2200,Vietnam,VNM,0,NA,0,NA,NA,0,NA,0,NA,NA,107.865630238,11.5549947852,750997.838971,8484
2017-41,94,Robbers,Bulk Carrier,NA,"CHINA:On 14 February, four robbers boarded an anchored bulk carrier near position38-52N 119-10E, Jingtang Anchorage, and tried to open the port side Marine Diesel Oil manhole. Duty officer raised the alarm and SSAS Alert was activated. Seeing the crew","alertness, the robbers escaped without stealing anything. Crew mustered and a search was carried out. Incident reported to the port authorities and the local agents.",NA,NA,NA,NA,2017-02-14,2017,192,8486,Chinese Exclusive Economic Zone,200NM,8603,China,8603,China,CHN,0,NA,0,NA,NA,0,NA,0,NA,NA,118.676418867,28.6766590494,963547.862843,8486
2016-240,94,Pirates,Vessel,NA,"SOUTH KOREA:On 9 October, a 4.5-ton speed boat for the Coast Guard had carried several officers in an operation to capture a Chinese vessel fishing illegally in the area, when another Chinese boat rammed the vessel and fled the scene, causing the Coast","Guard boat to capsize. The Coast Guard said the incident took place in waters 76 km southwest of Socheong Island, vicinity 37-04.0N 123-40.3E. There were no injuries or casualties from the incident. The vessel has been placed on the wanted list by the",Coast Guards of both nations.,NA,NA,NA,2016-10-09,2016,192,8486,Chinese Exclusive Economic Zone,200NM,8603,China,8603,China,CHN,0,NA,0,NA,NA,0,NA,0,NA,NA,118.676418867,28.6766590494,963547.862843,8486
2016-119,94,Robbers,Ore Carrier,NA,"CHINA:On 29 April at 0020 to 0140 LT at 38-55.5N 119-13.8E, at Jingtang anchorage, duty crew onboard an anchored ore carrier noticed the diesel oil level gauges lower than normal. The diesel oil tank vents were found to be damaged with indications that",oil was stolen. Incident reported to port authority. Police boarded the ship for investigation.,NA,NA,NA,NA,2016-04-29,2016,192,8486,Chinese Exclusive Economic Zone,200NM,8603,China,8603,China,CHN,0,NA,0,NA,NA,0,NA,0,NA,NA,118.676418867,28.6766590494,963547.862843,8486
2016-109,94,Robbers,Bulk Carrier,NA,"CHINA:On 24 April, an unauthorized person boarded a berthed bulk carrier conducting cargo operations near position 35-21N 119-32E, Rizhao Port. Duty crewman noticed the person hiding on the poop deck area and raised the alarm. Seeing the alerted crew,",the person jumped overboard and escaped. Upon searching the vessel it was reported that ship's stores were stolen. Master informed the local agent of the incident.,NA,NA,NA,NA,2016-04-24,2016,192,8486,Chinese Exclusive Economic Zone,200NM,8603,China,8603,China,CHN,0,NA,0,NA,NA,0,NA,0,NA,NA,118.676418867,28.6766590494,963547.862843,8486
2016-110,94,Robbers,Vessel,NA,"CHINA:On 23 April, duty crewman on routine rounds noticed a hose inserted into a diesel oil tank. The ship was anchored near position 37-50N 120-01E, Longkou Anchorage. Duty officer on the bridge was informed and alarm was raised. Upon hearing the alarm,",the robbers pulled the hose out and escaped.,NA,NA,NA,NA,2016-04-23,2016,192,8486,Chinese Exclusive Economic Zone,200NM,8603,China,8603,China,CHN,0,NA,0,NA,NA,0,NA,0,NA,NA,118.676418867,28.6766590494,963547.862843,8486
2016-1,94,Robbers,Bulk Carrier,NA,"CHINA:On 01 January during the early morning hours near position 38-48N 118-19E in the Tianjin Outer Anchorage, in foggy conditions robbers boarded an anchored bulk carrier unnoticed. They opened the aft diesel oil tank and stole part of the oil. The",robbers subsequently escaped. The theft was discovered later in the day by the duty crew who noticed the open manhole cover. The incident was reported to the Port Authority and Local Agent.,NA,NA,NA,NA,2016-01-01,2016,192,8486,Chinese Exclusive Economic Zone,200NM,8603,China,8603,China,CHN,0,NA,0,NA,NA,0,NA,0,NA,NA,118.676418867,28.6766590494,963547.862843,8486
2015-272,94,Robbers,Bulk Carrier,NA,"CHINA:On 29 December at 0255 LT near position 38-48N 118-16E, the Caofeidian Anchorage, five robbers in a large boat came alongside an anchored bulk carrier. They attempted to board the vessel. However, the alerted crew spotted the boat and raised the",alarm. All of the crew mustered. Upon seeing the alerted crew the robbers aborted and moved away.,NA,NA,NA,NA,2015-12-29,2015,192,8486,Chinese Exclusive Economic Zone,200NM,8603,China,8603,China,CHN,0,NA,0,NA,NA,0,NA,0,NA,NA,118.676418867,28.6766590494,963547.862843,8486
2015-267,94,Robbers,Bulk Carrier,NA,"CHINA:On 14 December, a duty officer onboard an anchored bulk carrier noticed a suspicious boat alongside the starboard quarter of the vessel near position 38-19N 118-20E, Tianjin Anchorage. The duty officer informed the Master. The alarm was raised and","the crew mustered. A search of the ship was initiated. The crew noticed a diesel oil tank manhole cover opened and a hose inserted. Seeing the approaching crew, the robbers retrieved the hose and escaped in their boat. On sounding the tank it was noticed",that part of the bunkers was stolen. The incident was report to China Coast Guard.,NA,NA,NA,2015-12-14,2015,192,8486,Chinese Exclusive Economic Zone,200NM,8603,China,8603,China,CHN,0,NA,0,NA,NA,0,NA,0,NA,NA,118.676418867,28.6766590494,963547.862843,8486
2015-258,94,Robbers,Bulk Carrier,NA,"CHINA:On 8 December at 0020 LT in the Tianjin Anchorage near position 38-59N 117-51E, armed robbers with long knives in a wooden fishing boat approached an anchored bulk carrier. Three of the robbers boarded the vessel. The alerted crew spotted the",robbers and raised the alarm. Upon seeing the alerted crew the robbers escaped in their waiting boat along with their 5 accomplices. A search was carried out and nothing was reported stolen and the crew was unharmed. The incident was reported to the Port,Authorities and to local agents.,NA,NA,NA,2015-12-08,2015,192,8486,Chinese Exclusive Economic Zone,200NM,8603,China,8603,China,CHN,0,NA,0,NA,NA,0,NA,0,NA,NA,118.676418867,28.6766590494,963547.862843,8486
2015-261,94,Robbers,Ore Carrier,NA,"CHINA:On 8 December, two robbers boarded an anchored ore carrier near position 38-42N 118-48E, in the Caofeidian Anchorage. The robbers were spotted by the duty oiler on the aft deck trying to open the diesel oil tank manhole cover. The oiler shouted at",the robbers. The robbers then jumped overboard and escaped. The alarm was raised and the crew mustered. A search throught out the ship was carried out. Nothing was reported stolen. The local authorities were notified.,NA,NA,NA,NA,2015-12-08,2015,192,8486,Chinese Exclusive Economic Zone,200NM,8603,China,8603,China,CHN,0,NA,0,NA,NA,0,NA,0,NA,NA,118.676418867,28.6766590494,963547.862843,8486
2012-352,94,ROBBERS,BULK CARRIER,NA,"CHINA:Bulk carrier boarded on 14 December at 32-00N 120-45E, at the Nantong Working Anchorage. Three robbers tried to board the anchored bulk carrier via the gangway but were challenged by the alert crew and denied access to the ship. The robbers then","managed to gain access to the ship via the barge working cargo. The alert crew spotted the robbers as they tried to lower ship stores and raised the alarm. On seeing crew alertness, the robbers left the ship and entered the barge. Local agents informed.",NA,NA,NA,NA,2012-12-14,2012,192,8486,Chinese Exclusive Economic Zone,200NM,8603,China,8603,China,CHN,0,NA,0,NA,NA,0,NA,0,NA,NA,118.676418867,28.6766590494,963547.862843,8486
2017-48,95,Pirates,Vessel,NA,"SOUTH KOREA:On 16 February, a South Korean fisheries patrol boat fired 900 rounds from a machine gun to drive off dozens of Chinese fishing vessels that were allegedly trying to interfere with an interdiction operation. The patrol boat apprehended one","vessel from the Chinese fleet on suspicion of illegal fishing, and the coast guard alleges that as soon as the Korean forces seized the boat, the rest of the Chinese flotilla altered course to intercept, presumably to drive off the patrol boat and free","the suspects. As in earlier incidents, the Korea Coast Guard alleged that the Chinese vessels were equipped with sharp iron spikes on their rails to deter boarding teams. The spikes would be a violation of a new Chinese-Korean pact that would penalize",any fishing vessel carrying boarding deterrents or weapons.,NA,NA,2017-02-16,2017,176,8327,South Korean Exclusive Economic Zone,200NM,8600,South Korea,8600,South Korea,KOR,0,NA,0,NA,NA,0,NA,0,NA,NA,126.961471211,35.419646255399996,310220.953983,8327
2016-261,95,Coast Guard,Fishing Trawler,NA,"SOUTH KOREA:On 01 November, South Korea¿s Coast Guard fired live rounds at Chinese trawlers fishing illegally in Korean-controlled waters for the first time. During the early evening hours, three coast guard patrol boats fired M60 machine gun rounds at",30 Chinese fishing boats that were threateningly bearing down on them while they towed away two trawlers that had been fishing about 90 km southwest of Socheong Island in Incheon. Three hours earlier the patrol boats had spotted some 50 Chinese trawlers,"fishing illegally about 5.5 km inside Korean waters. During that time, several Chinese fishing boats rammed a South Korean Coast Guard boat. Two patrol aircraft were then scrambled and fired a total of 18 flare bombs before the trawlers finally turned","back and fled toward Chinese waters. The skirmish came about a month after a Chinese trawler rammed and sank a coast guard speedboat on 07 October, which prompted Seoul to authorize the use of live ammunition.",NA,NA,2016-11-01,2016,176,8327,South Korean Exclusive Economic Zone,200NM,8600,South Korea,8600,South Korea,KOR,0,NA,0,NA,NA,0,NA,0,NA,NA,126.961471211,35.419646255399996,310220.953983,8327
2017-91,25,Robbers,Sailing Vessel,NA,"MARTINIQUE:On 25 March, one robber boarded a catamaran anchored in the Le Marin Marina. The robber went into the cockpit area of the yacht, saw the astonished and concerned crew looking at him, whereupon the robber sat down and stared back at the crew",for several minutes. He eventually left the yacht. Incident reported to local police.,NA,NA,NA,NA,2017-03-25,2017,NA,NA,High Seas,NA,NA,NA,NA,NA,NA,NA,NA,NA,NA,NA,NA,NA,NA,NA,NA,NA,NA,NA,NA
2017-93,61,Robbers,Bulk Carrier,NA,"MOZAMBIQUE:On 22 March, duty crew on routine rounds onboard a bulk carrier anchored near position 19-48S 034-50E, Berth No 6, Port of Beira, noticed two robbers armed with knives on the poop deck. Chief Officer informed via radio. Crew mustered and then","proceeded to the poop deck. Seeing the crew's alertness, the robber jumped overboard and escaped without stealing anything. The incident was reported to local authorities who boarded the ship to investigate.",NA,NA,NA,NA,2017-03-22,2017,NA,NA,High Seas,NA,NA,NA,NA,NA,NA,NA,NA,NA,NA,NA,NA,NA,NA,NA,NA,NA,NA,NA,NA
2017-74,25,Robbers,Sailing Vessel,NA,"SAINT VINCENT AND THE GRENADINES:On 18 March, a catamaran anchored at Canouan Charlestown Bay, in vicinity12-42N 061-20E, was boarded at approximately 3 a.m. The Captain awoke and yelled at the individual, who jumped overboard and swam away. Incident",reported to local police.,NA,NA,NA,NA,2017-03-18,2017,NA,NA,High Seas,NA,NA,NA,NA,NA,NA,NA,NA,NA,NA,NA,NA,NA,NA,NA,NA,NA,NA,NA,NA
2017-76,25,Robbers,Sailing Vessel,NA,"MARTINIQUE:On 17 March, a sailing yacht anchored at St Anne, in vicinity 14-26N 060-53W, reported that the outboard motor on the dinghy had been stolen from the main dinghy dock. Incident reported to local police.",NA,NA,NA,NA,NA,2017-03-17,2017,NA,NA,High Seas,NA,NA,NA,NA,NA,NA,NA,NA,NA,NA,NA,NA,NA,NA,NA,NA,NA,NA,NA,NA
2017-81,91,Robbers,Chemical Tanker,NA,"PHILIPPINES:On 15 March, robbers boarded a chemical tanker anchored near position 13-45N 121-03E, Batangas Anchorage. Duty crewman on routine rounds noticed that the forepeak store room lock was broken and immediately informed the duty officer on the",bridge. A search was made throughout the tanker. It was reported that ship's properties were stolen.,NA,NA,NA,NA,2017-03-15,2017,NA,NA,High Seas,NA,NA,NA,NA,NA,NA,NA,NA,NA,NA,NA,NA,NA,NA,NA,NA,NA,NA,NA,NA
2017-69,25,Robbers,Sailing Vessel,NA,"PUERTO RICO:On 13 March, a dinghy and outboard motor were stolen from a sailing yacht anchored in Vieques, vicinity 18-07N 065-25W. The outboard was removed and the dinghy set adrift. Dinghy ended up beating against the rocks and was found unsalvageable","the next morning, the fuel tank and life jackets were recovered. A police report was made.",NA,NA,NA,NA,2017-03-13,2017,NA,NA,High Seas,NA,NA,NA,NA,NA,NA,NA,NA,NA,NA,NA,NA,NA,NA,NA,NA,NA,NA,NA,NA
2017-70,25,Robbers,Vessel,NA,"ST LUCIA:On 12 March, thieves boarded an unlocked yacht anchored in Soufriere, vicinity13-51N 061-03W, while crew was ashore for the evening. Cash, cellphones and computers were taken. A report was made to the police.",NA,NA,NA,NA,NA,2017-03-12,2017,NA,NA,High Seas,NA,NA,NA,NA,NA,NA,NA,NA,NA,NA,NA,NA,NA,NA,NA,NA,NA,NA,NA,NA
2017-56,57,Pirates,Vessel,NA,NIGERIA:Vessel attacked in 04-41N 007-09E on 07 March at 0620Z.,NA,NA,NA,NA,NA,2017-03-07,2017,NA,NA,High Seas,NA,NA,NA,NA,NA,NA,NA,NA,NA,NA,NA,NA,NA,NA,NA,NA,NA,NA,NA,NA
2017-62,25,Robbers,Sailing Vessel,NA,"PUERTO RICO:On 2 March, robbers stole a dinghy and outboard motor from a sailing yacht anchored in Sun Bay, Vieques, vicinity 18-05.7N 068-27.3W. The dinghy was recovered later that day, minus the motor and fuel tank.",NA,NA,NA,NA,NA,2017-03-02,2017,NA,NA,High Seas,NA,NA,NA,NA,NA,NA,NA,NA,NA,NA,NA,NA,NA,NA,NA,NA,NA,NA,NA,NA
2017-123,92,Pirates,Fishing Vessel,NA,"PHILIPPINES:On 23 April, suspected illegal fishermen managed to elude arrest by ramming their fishing vessel into the small boat being used by policemen inside a fish sanctuary in Barangay Sulangan, Bantayan Island, in vicinity 11-10N 123-43E. The","policemen were responding to information about the operation of illegal fishers in the protected area. The suspects, onboard three small boats and a larger vessel were reportedly using dynamite to catch fish. Upon seeing the policemen, those riding one","of the small boats rammed the police boat, causing it to sink. The situation then gave them the opportunity to escape. No injuries were reported.",NA,NA,NA,2017-04-23,2017,NA,NA,High Seas,NA,NA,NA,NA,NA,NA,NA,NA,NA,NA,NA,NA,NA,NA,NA,NA,NA,NA,NA,NA
2017-140,25,Robber,Vessel,NA,"PUERTO RICO:On 08 April, a robber boarded a yacht moored in Isabel Segunda, in vicinity 18-09N 065-26W, and stole an outboard motor.",NA,NA,NA,NA,NA,2017-04-08,2017,NA,NA,High Seas,NA,NA,NA,NA,NA,NA,NA,NA,NA,NA,NA,NA,NA,NA,NA,NA,NA,NA,NA,NA
2017-173,62,Robbers,Vessel,NA,"RED SEA:On 14 June, suspected Shiite Huthi rebels fired a missile at a Saudi-led coalition warship off Mocha, Yemen, in vicinity 13-19N 043-15E.",NA,NA,NA,NA,NA,2017-05-28,2017,NA,NA,High Seas,NA,NA,NA,NA,NA,NA,NA,NA,NA,NA,NA,NA,NA,NA,NA,NA,NA,NA,NA,NA
2017-165,63,Suspicous Approach,Fishing Vessel,NA,"INDIAN OCEAN:On 27 May, a South Korean fishing boat reported a suspicious approach by an unknown boat approximately 1,440 kilometers southeast of Salalah, Oman, in vicinity05-06N 059-12E. Contact was subsequently lost with the fishing vessel, leading","authorities to believe the fishing boat had been hijacked. ""Contact was then re-established with the South Korean skipper and it has been confirmed the crew are all safe"", the South Korean Foreign Ministry said in a statement.",NA,NA,NA,NA,2017-05-27,2017,NA,NA,High Seas,NA,NA,NA,NA,NA,NA,NA,NA,NA,NA,NA,NA,NA,NA,NA,NA,NA,NA,NA,NA
2017-161,71,Robbers,Chemical Tanker,NA,"INDONESIA:On 20 May, six robbers wearing masks and armed with long knives boarded a berthed chemical tanker near position 01-43N 101-23E, MSSP Jetty, Lubuk Gaung Port, Dumai. Alert crewman noticed the robbers and raised the alarm. The robbers stole",ship's property and escaped in their boat. Crew mustered and a search was carried out. Local police informed.,NA,NA,NA,NA,2017-05-20,2017,NA,NA,High Seas,NA,NA,NA,NA,NA,NA,NA,NA,NA,NA,NA,NA,NA,NA,NA,NA,NA,NA,NA,NA
2017-137,24,Robbers,Bulk Carrier,NA,"VENEZUELA:On 02 May, three robbers armed with knives boarded a cement carrier berthed near position 10-14N 064-33W, Berth No.5, Portugalete. Alarm raised and crew mustered. Seeing the crew's alertness, the robbers escaped without stealing anything.",NA,NA,NA,NA,NA,2017-05-02,2017,NA,NA,High Seas,NA,NA,NA,NA,NA,NA,NA,NA,NA,NA,NA,NA,NA,NA,NA,NA,NA,NA,NA,NA
2017-188,71,Robbers,Cargo Vessel,NA,"INDONESIA:On 21 June, while carrying out pre-departure checks a duty crewman noticed wet footsteps on the poop deck of a cargo ship anchored near position 01-04N 104-08E, Jetty No. 3, CPO Kabil Port, Batam. Upon carrying out further checks he noticed the","padlocks to the steering gear and engine rooms were removed and engine spares were missing. Alarm was raised, crew was mustered and a search of the ship was carried out. The incident was reported to port authorities and local agents. No intruders were",found on board.,NA,NA,NA,2017-06-21,2017,NA,NA,High Seas,NA,NA,NA,NA,NA,NA,NA,NA,NA,NA,NA,NA,NA,NA,NA,NA,NA,NA,NA,NA
2017-178,61,Robbers,Tanker,NA,"KENYA:On 19 June, duty crewman on anti-piracy watch onboard a product tanker berthed near position 04-04S 039-39E, Mbaraki Terminal, Mombasa, noticed a robber attempting to board via the poop deck using a hook attached with rope and informed the duty",officer in the cargo control room. As the robber approached the ship's railing the duty crew shouted at him resulting in the robber escaping. A search was made throughout the tanker. It was reported that nothing was stolen.,NA,NA,NA,NA,2017-06-19,2017,NA,NA,High Seas,NA,NA,NA,NA,NA,NA,NA,NA,NA,NA,NA,NA,NA,NA,NA,NA,NA,NA,NA,NA
2017-174,91,Robbers,Tanker,NA,"PHILIPPINES:On 14 June, a robber boarded an anchored tanker via the hawse pipe near position13-44N 121-01E, Batangas Inner Anchorage. The robber stole ship's properties and escaped unnoticed. The theft was discovered by duty crew during routine rounds.",NA,NA,NA,NA,NA,2017-06-14,2017,NA,NA,High Seas,NA,NA,NA,NA,NA,NA,NA,NA,NA,NA,NA,NA,NA,NA,NA,NA,NA,NA,NA,NA
2017-177,71,Robbers,Vessel,NA,"INDONESIA:On 03 June, eight robbers boarded M/V HARVESTER while at anchor near buoy no. 2, Belawan Port. The robbers tied up members of the crew and stole seven 25 liter cans of paint. The following day, members of the Western Fleet Quick Response (WFQR)",team arrested two of the robbers. They continue to investigate the case.,NA,NA,NA,NA,2017-06-03,2017,NA,NA,High Seas,NA,NA,NA,NA,NA,NA,NA,NA,NA,NA,NA,NA,NA,NA,NA,NA,NA,NA,NA,NA
2017-205,25,Robbers,Vessel,NA,"GRENADA:On 11 July, an unoccupied yacht on a mooring had its dinghy's outboard motor stolen overnight, in vicinity 12-07N 061-40W. The dinghy was lifted and the outboard was locked to the dinghy. A police report was made and this was also announced on","the local VHF net. Reportedly, the same night a dinghy at a nearby dock was stolen and 2 boats at the same dock were ransacked.",NA,NA,NA,NA,2017-07-11,2017,NA,NA,High Seas,NA,NA,NA,NA,NA,NA,NA,NA,NA,NA,NA,NA,NA,NA,NA,NA,NA,NA,NA,NA
2017-246,63,Robbers,Tanker,NA,"INDIA:On 29 August, robbers boarded an anchored chemical tanker during cargo operations near position 16-57N 082-15E, Kakinada Port. They stole ship's stores and escaped unnoticed. The theft was noticed by the duty crew during routine rounds. Port",control informed.,NA,NA,NA,NA,2017-08-29,2017,NA,NA,High Seas,NA,NA,NA,NA,NA,NA,NA,NA,NA,NA,NA,NA,NA,NA,NA,NA,NA,NA,NA,NA
2017-229,25,Robbers,Vessel,NA,"GRENADA:On 27 August, an unoccupied catamaran was boarded while anchored in Mt. Hartman Bay, in vicinity 12-00N 061-45W. The break-in was discovered the next morning by the care taker. The thieves broke the door lock and thoroughly ransacked the interior","of the boat, then badly damaged the main electrical panel and cut cables before removing electronics. Davit lines for the raised dinghy with outboard motor were slashed and it was stolen. There was no attempt to conceal the break-in. The Coast Guard and",police were notified and are investigating.,NA,NA,NA,2017-08-27,2017,NA,NA,High Seas,NA,NA,NA,NA,NA,NA,NA,NA,NA,NA,NA,NA,NA,NA,NA,NA,NA,NA,NA,NA
2017-230,25,Robbers,Vessel,NA,"MARTINIQUE:On 22 August, a thief stole a dinghy and outboard motor from a yacht anchored in Le Marin, in vicinity 14-28N 060-53W. Incident reported to the marina and on the local VHF.",NA,NA,NA,NA,NA,2017-08-22,2017,NA,NA,High Seas,NA,NA,NA,NA,NA,NA,NA,NA,NA,NA,NA,NA,NA,NA,NA,NA,NA,NA,NA,NA
2017-216,26,Robbers,Sailing Vessel,NA,"PANAMA:On 21 August, an in-the-water but chain locked dinghy and outboard motor were stolen overnight from a sailing yacht anchored in Portobello Bay, in vicinity 09-33N 079-39W. The dinghy minus the outboard motor was recovered the next morning.",NA,NA,NA,NA,NA,2017-08-21,2017,NA,NA,High Seas,NA,NA,NA,NA,NA,NA,NA,NA,NA,NA,NA,NA,NA,NA,NA,NA,NA,NA,NA,NA
2017-217,25,Robbers,Vessel,NA,"DOMINICAN REPUBLIC:On 18 August, an unoccupied trimaran on a mooring in Luperon Bay, in vicinity19-54N 070-57W had its primary mooring line released and the secondary anchor and rope stolen. The boat went adrift and damaged its stern mounted radio",antenna when it struck another yacht before grounding on nearby mudflats. Both yachts had minor damage. Report made to the local police.,NA,NA,NA,NA,2017-08-18,2017,NA,NA,High Seas,NA,NA,NA,NA,NA,NA,NA,NA,NA,NA,NA,NA,NA,NA,NA,NA,NA,NA,NA,NA
2017-209,57,Robbers,Tanker,NA,"NIGERIA:On 07 August, a duty crewman onboard a tanker berthed near position 06-27N 003-22E, Folawiyo Terminal, Apapa, Lagos, noticed two robbers trying to insert a flexible hose into a cargo tank. He immediately informed the duty officer who raised the","alarm. Seeing the alerted crew, the robbers escaped with their flexible hose. A search was carried out throughout the tanker. Nothing reported stolen. Port control informed.",NA,NA,NA,NA,2017-08-07,2017,NA,NA,High Seas,NA,NA,NA,NA,NA,NA,NA,NA,NA,NA,NA,NA,NA,NA,NA,NA,NA,NA,NA,NA
2017-243,24,Robbers,Vessel,NA,"GRENADA:On 01 September, multiple boarding's were reported aboard six occupied and unoccupied yachts in Prickly Bay, in vicinity 11-59.7N 061-45.9W. A minor altercation with was reported with the thief, who escaped, when discovered by one of the onboard","owners. A generator and an outboard motor, among other items, were reported stolen.",NA,NA,NA,NA,2017-09-01,2017,NA,NA,High Seas,NA,NA,NA,NA,NA,NA,NA,NA,NA,NA,NA,NA,NA,NA,NA,NA,NA,NA,NA,NA
2017-272,92,Robbers,Fishing Vessel,NA,"PHILIPPINES:On 14 October, armed men abducted five crewmen from F/V DANVIL 9 in the port of Poblacion on Pangutaran Island, in vicinity 06-19N 120-32E. A spokesman said the probable Abu Sayyaf captors were aboard two motorized bancas and immediately left","the area after taking the victims.UPDATE:On 17 November, the Philippine military rescued 5 kidnapped Filipino fishing crew members on the remote southern province of Tawi-Tawi, officials said. The fishermen, all from Pagadian City in Zamboanga del Sur","province were recovered on Languyan Island. The men were crew members of the fishing boat DANVIL 9, kidnapped by the Abu Sayyaf on October 14 off Pangutaran Island in the Sulu Sea.",NA,NA,NA,2017-10-14,2017,NA,NA,High Seas,NA,NA,NA,NA,NA,NA,NA,NA,NA,NA,NA,NA,NA,NA,NA,NA,NA,NA,NA,NA
2017-304,61,Pirates,Vessel,NA,"WESTERN INDIAN OCEAN:On 19 November at 0917Z, a vessel was attacked in 01-56S 047-57E. The vessel was attacked by a skiff with four persons on board. They tried to board the vessel but failed due to razor wire along the gunnel. They fired two RPG after",the failed boarding attempt. The skiff withdrew,NA,NA,NA,NA,2017-11-19,2017,NA,NA,High Seas,NA,NA,NA,NA,NA,NA,NA,NA,NA,NA,NA,NA,NA,NA,NA,NA,NA,NA,NA,NA
2017-305,61,Pirates,Vessel,NA,WESTERN INDIAN OCEAN:On 18 November at 0555Z a fishing vessel reported suspicious activity in 01-52S 049-23E. One skiff approached the fishing vessel at a distance of 1000 meters. The vessel fired warning shots and the skiff turned away.,NA,NA,NA,NA,NA,2017-11-18,2017,NA,NA,High Seas,NA,NA,NA,NA,NA,NA,NA,NA,NA,NA,NA,NA,NA,NA,NA,NA,NA,NA,NA,NA
2017-323,61,Pirates,Fishing Vessel,NA,"INDIAN OCEAN:On 18 November, pirates attacked fishing vessel GALERNA III near position01-56S 049-23E, 380 nm east of the Somali coast. The Italian Navy ship ITS VIRGINIO FASAN investigated the incident and intercepted two small boats and arrested six",Somalis on suspicion of piracy.,NA,NA,NA,NA,2017-11-18,2017,NA,NA,High Seas,NA,NA,NA,NA,NA,NA,NA,NA,NA,NA,NA,NA,NA,NA,NA,NA,NA,NA,NA,NA
2017-324,61,Pirates,Vessel,NA,"INDIAN OCEAN:On 17 November, pirates attacked MV EVER DYNAMIC near position 01-55S 047-56E, 363 nm east of the Somali coast. The Italian Navy ship ITS VIRGINIO FASAN investigated the incident.",NA,NA,NA,NA,NA,2017-11-17,2017,NA,NA,High Seas,NA,NA,NA,NA,NA,NA,NA,NA,NA,NA,NA,NA,NA,NA,NA,NA,NA,NA,NA,NA
2017-306,51,Robbers,Sailing Vessel,NA,"CAPE VERDE:On 13 November, three robbers armed with knives, boarded a sailing yacht anchored at Porto da Praia Bay, Ihla de Santiago, in vicinity 38-44N 027-04W and threatened to cut the throats of the crew and owner of the yacht if they did not get all","the money. They also stole telephones, cameras, drone, computers, tabs, hard-disks, shoes, alcohol, measuring instruments. The owner was tied to the mast inside the boat, and the crew was taken hostage. They stole the dinghy with outboard to escape to","land. They were unfamiliar with the outboard, and had to row. The owner managed to untie all the knots and alarmed the Port Police over VHF. The Police waited for the robbers on the beach, one robber was arrested as he swam ashore, the rest escaped. They","left almost all the stolen items, as they jumped into the water to avoid the Police, but some items are still missing or lost.",NA,NA,2017-11-13,2017,NA,NA,High Seas,NA,NA,NA,NA,NA,NA,NA,NA,NA,NA,NA,NA,NA,NA,NA,NA,NA,NA,NA,NA
2018-4,24,Robbers,Sailing Vessel,NA,"BRAZIL:On 28 December, four robbers armed with a handgun boarded a small sailing yacht in the approaches to the port of Santos, in vicinity 23-59S 046-18W, late at night. The robbers methodically ransacked the boat, taking almost anything they could",carry and escaped. Report made to local authorities.,NA,NA,NA,NA,2017-12-28,2017,NA,NA,High Seas,NA,NA,NA,NA,NA,NA,NA,NA,NA,NA,NA,NA,NA,NA,NA,NA,NA,NA,NA,NA
2018-11,24,Pirates,Sailing Vessel,NA,"VENEZUELA:On 28 December, a monohull sailing yacht with 2 persons onboard departed Puerto La Cruz, Venezuela for Grenada. During the mid-morning hours, 2 miles off the Paria Peninsula in vicinity 10-42N 062-30W, and approximately 10 miles east of Cabo","Tres Puntas, an open fishing boat with 6 men approached, displaying and firing multiple long guns into the air. The yacht crew immediately altered course and turned offshore. When the pirates came closer, the crew fired their flare gun directly at the","pirates, nearly hit them. The pirates, apparently understanding the fire hazard a burning flare would pose to their gasoline-fueled boat turned away, dropped back and made no further approaches. The yacht then headed northwest and made safe port at","Porlamar, Margarita, where a report was made to local officials.",NA,NA,2017-12-28,2017,NA,NA,High Seas,NA,NA,NA,NA,NA,NA,NA,NA,NA,NA,NA,NA,NA,NA,NA,NA,NA,NA,NA,NA
2018-32,93,Robbers,Bulk Carrier,NA,VIETNAM:On 31 January at 1910Z robbers boarded an anchored bulk carrier in 10-39N 107-01E. Two robbers boarded the bulk carrier and took the Bosun hostage. He managed to free himself and he informed the master who raised the alarm. A search was conducted,and ship's stores were reported missing. Incident reported to authorities who boarded vessel for investigation.,NA,NA,NA,NA,2018-01-31,2018,NA,NA,High Seas,NA,NA,NA,NA,NA,NA,NA,NA,NA,NA,NA,NA,NA,NA,NA,NA,NA,NA,NA,NA
2018-36,25,Robbers,Sailing Vessel,NA,"SAINT VINCENT and the GRENADINES:On 25 January, thieves boarded an anchored sailing yacht in Buccament Bay, in vicinity 13-11N 061-16W. In an attempt to steal the dinghy, the thieves had lowered it from the davits until the locking cable went tight and","prevented the theft. The dinghy was left partially suspended. Two sets of snorkel gear, a pair of binoculars and a handheld VHF were taken from the cockpit. The yacht departed immediately and no police report was made.",NA,NA,NA,NA,2018-01-25,2018,NA,NA,High Seas,NA,NA,NA,NA,NA,NA,NA,NA,NA,NA,NA,NA,NA,NA,NA,NA,NA,NA,NA,NA
2018-84,24,Robbers,Sailing Vessel,NA,"COLOMBIA:On 27 February, a dingy outboard engine and fuel tank were stolen from a sailing yacht anchored in Cartagena, in vicinity 10-24N 075-30W.",NA,NA,NA,NA,NA,2018-02-27,2018,NA,NA,High Seas,NA,NA,NA,NA,NA,NA,NA,NA,NA,NA,NA,NA,NA,NA,NA,NA,NA,NA,NA,NA
2018-68,92,Pirates,Vessel,NA,"PHILIPPINES:On 16 February, an attack by suspected Abu Sayyaf militants was thwarted after boiling water mixed with oil was poured on the men as they tried to board the vessel. The M/V KUDOS 1 was sailing off the waters of Basilan in the Philippines,","near 07-00N 122-00E when it as attacked by men in three motorboats. After their boarding attempt failed, the pirates fired shots at the vessel and caused some damage and minor injuries as a result. The Western Mindanao Command Commander, praised the","actions of the crew who foiled the attempt before naval and coast guard forces arrived on the scene. On arrival, Coast Guard personnel treated the injured crewmen and naval ships escorted the vessel to anchorage.",NA,NA,NA,2018-02-16,2018,NA,NA,High Seas,NA,NA,NA,NA,NA,NA,NA,NA,NA,NA,NA,NA,NA,NA,NA,NA,NA,NA,NA,NA
2018-58,24,Robbers,Bulk Carrier,NA,"BRAZIL:On 15 February, the duty officer onboard a bulk carrier anchored in 00-02N 051-04W,Macapa Anchorage, saw the forecastle door open and unauthorized persons walk out onto the forward deck. Alarm raised and crew mustered. Seeing the alerted crew, the","robbers escaped. On searching the vessel, ship's stores were reported stolen. Port authority notified via local agent.",NA,NA,NA,NA,2018-02-15,2018,NA,NA,High Seas,NA,NA,NA,NA,NA,NA,NA,NA,NA,NA,NA,NA,NA,NA,NA,NA,NA,NA,NA,NA
2018-83,28,Pirates,Vessel,NA,"MEXICO:On 01 March, the U.S. embassy in Mexico issued a travel alert for a popular tourist destination in southeast Mexico, in vicinity 20-38N 087-05W. This came a little more than a week after an explosion on a ferry in Playa del Carmen injured more","than 20 people, some of them U.S. citizens. The alert was issued the same day as another explosive device was found on another ferry owned by the same company in Cozumel, another tourist hub in the area. According to the alert, which advised U.S.","travelers to exercise caution, purchase travel and medical-evacuation insurance, and contact the nearest embassy or consulate for assistance.",NA,NA,NA,2018-03-01,2018,NA,NA,High Seas,NA,NA,NA,NA,NA,NA,NA,NA,NA,NA,NA,NA,NA,NA,NA,NA,NA,NA,NA,NA
2018-88,57,Pirates,Cargo Vessel,NA,"NIGERIA:On 01 March, it was reported that the four crew members taken hostage from the refrigerated cargo ship SIERRA LEYER off the coast of Nigeria in vicinity 04-19N 006-15E, have been released after 19 days in captivity, according to the ship's owner.","M/V SIERRA LEYER, a Bahamas-flagged vessel, was attacked by pirates off Onne, Nigeria, on 09 February on its way to Port Harcourt from Nouadhibou in Mauritania, when it broadcasted a distress signal. Ten assailants attempted to board the vessel, however,",only half were successful but managed to kidnap four crewmen. The crew were held in captivity in the Niger Delta.,NA,NA,NA,2018-03-01,2018,NA,NA,High Seas,NA,NA,NA,NA,NA,NA,NA,NA,NA,NA,NA,NA,NA,NA,NA,NA,NA,NA,NA,NA
2014-128,13,Robbers,Tugboat,NA,"UNITED STATES:On 2 June, robbers stole a small tug boat from the Oyster House pier in East Providence, Rhode Island. The boat was later found aground and half-submerged in the Providence River near Sabin Point. East Providence Police and Fire were","alerted to reports of a vessel in distress with at least two people shining flashlights. When authorities boarded the vessel nobody was found, although a person later discovered nearby on shore has been identified as a person of interest.",NA,NA,NA,NA,2014-06-02,2014,NA,NA,High Seas,NA,NA,NA,NA,NA,NA,NA,NA,NA,NA,NA,NA,NA,NA,NA,NA,NA,NA,NA,NA
2016-190,21,Robbers,Sailing Vessel,NA,"COSTA RICA:On 19 August, a dinghy and small outboard motor were stolen from a sailing vessel anchored in Golfito Bay.",NA,NA,NA,NA,NA,2016-08-19,2016,NA,NA,High Seas,NA,NA,NA,NA,NA,NA,NA,NA,NA,NA,NA,NA,NA,NA,NA,NA,NA,NA,NA,NA
2015-129,22,Robbers,Product tanker,NA,"COLOMBIA:On 5 June, an unknown number of robbers boarded an anchored product tanker near position 03-51N 077-05W, Buenaventura Inner Anchorage. A duty crewman on routine rounds noticed the paint store room padlock had been broken. Upon checking, he found",that ship's stores were missing. Port control was informed of the incident.,NA,NA,NA,NA,2015-06-05,2015,NA,NA,High Seas,NA,NA,NA,NA,NA,NA,NA,NA,NA,NA,NA,NA,NA,NA,NA,NA,NA,NA,NA,NA
2013-178,22,PIRATES,CHEMICAL TANKER ARDMORE CAPELLA,NA,"PERU:On 24 May, the Marshall Islands-flagged chemical tanker ARDMORE CAPELLA was boarded in the vicinity of 04-34S 081-17W, at Talara. Three males boarded the vessel, attacked the watchman and attempted to tie him up. He fought back and the pirates",jumped ship onto a boat and escaped.,NA,NA,NA,NA,2013-05-24,2013,NA,NA,High Seas,NA,NA,NA,NA,NA,NA,NA,NA,NA,NA,NA,NA,NA,NA,NA,NA,NA,NA,NA,NA
2013-144,22,ROBBERS,CARGO SHIP FIESTA,NA,"COLOMBIA:On 21 May, the anchored general cargo ship FIESTA experienced an attempted boarding at 03-50N 007-07W, at the Buenaventura Anchorage. Three robbers in a boat approached the anchored general cargo ship and attempted to board, via the anchor","chain. Alert duty crew noticed the robbers and raised the alarm. Seeing crew alertness, the robbers aborted the boarding and moved away. Coast guard and port control informed.",NA,NA,NA,NA,2013-05-21,2013,NA,NA,High Seas,NA,NA,NA,NA,NA,NA,NA,NA,NA,NA,NA,NA,NA,NA,NA,NA,NA,NA,NA,NA
2013-105,22,ROBBERS,CARGO SHIP MAERSK NIENBURG,NA,"ECUADOR:On 15 April, the cargo ship MAERSK NIENBURG under pilotage was boarded at 02-18S 079-55W, at Guayaquil. A group of armed robbers in a boat approached and boarded a container ship departing from the berth. The alarm was raised and the crew",mustered in the accommodation area and locked all the doors. The Chief Security Officer contacted the IMB Piracy Reporting Centre and requested assistance. The Centre contacted the Ecuador Maritime Authorities and a coast guard patrol boat was sent to,the location. On arrival it was found that the robbers had left the vessel. All crew safe. The vessel continued her passage under pilotage with the patrol boat.,NA,NA,NA,2013-04-15,2013,NA,NA,High Seas,NA,NA,NA,NA,NA,NA,NA,NA,NA,NA,NA,NA,NA,NA,NA,NA,NA,NA,NA,NA
2013-19,22,ROBBERS,TANKER,NA,"PERU:On 23 January, a tanker was boarded in the vicinity of 04-34S 081-16W, at the MBM Terminal, Talara Port. Robbers boarded the berthed vessel and escaped with ship's stores unnoticed. Upon investigation, it was found the robbers boarded via the hawse",pipe by dismantling the anchor chain metal guard and then forced their way into the forecastle store by breaking the watertight door padlock hinge. Incident reported to the authorities.,NA,NA,NA,NA,2013-01-23,2013,NA,NA,High Seas,NA,NA,NA,NA,NA,NA,NA,NA,NA,NA,NA,NA,NA,NA,NA,NA,NA,NA,NA,NA
2012-183,22,PIRATES,CONTAINER SHIP,NA,ECUADOR:Four robbers armed with knives boarded a berthed container ship during formality inspection by the immigration and customs department. Duty bosun noticed the robbers boarding the vessel from seaward side using ropes and hooks. One of the robbers,was proceeding aft towards the accommodation. Bosun reported to master and chief officer via the walkie talkie and alarm raised. On seeing the alert crew the robber on deck ran towards the bosun waving his knife. All the four robbers jumped overboard and,escaped with their three accomplices waiting in the boat. Port authority informed and a coast guard boat was dispatched to search the area.,NA,NA,NA,2012-05-27,2012,NA,NA,High Seas,NA,NA,NA,NA,NA,NA,NA,NA,NA,NA,NA,NA,NA,NA,NA,NA,NA,NA,NA,NA
2012-170,22,PIRATES,CONTAINER SHIP,NA,ECUADOR:Seven robbers in a small fast craft approached and came alongside a container ship underway during a river passage. Alert crew noticed the robbers with a ladder attempting to board and raised the alarm. Seeing the alert crew the robbers aborted,the attempt and moved away. Pilot reported to harbour control.,NA,NA,NA,NA,2012-04-17,2012,NA,NA,High Seas,NA,NA,NA,NA,NA,NA,NA,NA,NA,NA,NA,NA,NA,NA,NA,NA,NA,NA,NA,NA
2017-28,24,Robbers,Chemical Tanker,NA,"COLOMBIA:On 24 January, robbers boarded an anchored chemical tanker near position10-19N 074-32W, Mamonal Inner Anchorage, Columbia. The robbers stole ship items, and escaped without being noticed. The crew noted the theft during routine rounds later in",the day.,NA,NA,NA,NA,2017-01-24,2017,NA,NA,High Seas,NA,NA,NA,NA,NA,NA,NA,NA,NA,NA,NA,NA,NA,NA,NA,NA,NA,NA,NA,NA
2016-272,24,Robbers,Cargo Vessel,NA,"GUYANA:On 07 November at 0500 LT at Berbice port, vicinity 06-18N 057-32W, duty officer aboard a berthed cargo vessel noticed a robber attempting to board the vessel form the stern with a hook. Crew confronted the robber and threatened to call police.",Robber aborted the attempt. No injury to crew and nothing reported stolen.,NA,NA,NA,NA,2016-11-07,2016,NA,NA,High Seas,NA,NA,NA,NA,NA,NA,NA,NA,NA,NA,NA,NA,NA,NA,NA,NA,NA,NA,NA,NA
2016-125,24,Pirates,Vessel,NA,"SURINAME:On 28 May vicinity 05-46N 056-52W, in Nickerie, police arrested five people allegedly involved in a pirate attack that left one man dead and three others missing at sea. They said the four crew members were aboard a boat in Surinamese waters","when the pirates attacked, taking away two 48 hp outboard motor engines, tied up the four crew members and threw three crewmembers overboard. The area was searched but neither the vessel nor the other three crew members have been located.",NA,NA,NA,NA,2016-05-28,2016,NA,NA,High Seas,NA,NA,NA,NA,NA,NA,NA,NA,NA,NA,NA,NA,NA,NA,NA,NA,NA,NA,NA,NA
2015-250,24,Robbers,Sailing Yacht,NA,"COLOMBIA:On 25 November, four robbers boarded an anchored sailing yacht in Taganga Bay near position 11-16N 074-12W. They assaulted the owners of the boat and stole money, electronics and other valuables before escaping.",NA,NA,NA,NA,NA,2015-11-25,2015,NA,NA,High Seas,NA,NA,NA,NA,NA,NA,NA,NA,NA,NA,NA,NA,NA,NA,NA,NA,NA,NA,NA,NA
2015-26,24,Robbers,Sailing Yacht,NA,"BRAZIL:On 15 February, several armed robbers boarded a sailing yacht near position 02-30S 044-19W, at the Sao Luis Yacht Club in northeast Brazil. During the course of the robbery, the Dutch owner of the yacht was shot in the chest and died on the scene.",His wife jumped overboard and escaped. The robbers left the yacht and have not been apprehended.,NA,NA,NA,NA,2015-02-15,2015,NA,NA,High Seas,NA,NA,NA,NA,NA,NA,NA,NA,NA,NA,NA,NA,NA,NA,NA,NA,NA,NA,NA,NA
2015-27,24,Robbers,Sailing Schooner,NA,"BRAZIL:On 2 February, three knife wielding robbers attempted to board the sailing schooner WINDJAMMER near position 03-45S 038-35W, Fortaleza, Brazil. They tried climbing up to the main deck shouting ""pirata' pirata"" but the crew was able to fend them",off with a stout wooden boat hook. They were very aggressive constantly stabbing with very large kitchen knives. They eventually gave up trying to board and instead stabbed holes in the inflatable dingy that was still up in the davits. The crew moved to,the marina at sunrise and reported the incident to other vessel owners and were told that a French yacht anchored out of the marina had been robbed of all their electronics and money the night before.,NA,NA,NA,2015-02-02,2015,NA,NA,High Seas,NA,NA,NA,NA,NA,NA,NA,NA,NA,NA,NA,NA,NA,NA,NA,NA,NA,NA,NA,NA
2014-217,24,Robbers,Supply Tug,NA,"GUYANA:On 5 October, five robbers armed with knives boarded a berthed offshore supply tug near position 06-47N 058-10W, Georgetown Port. The duty crew discovered the water tight doors to the infirmary and laundry rooms forced open and reported the","situation to the duty officer who raised alarm. Upon hearing the alarm the robbers jumped overboard and escaped in their wooden boat. A few hours later, a duty crewman on routine rounds noticed two more robbers with knives. The duty officer raised the",alarm resulting in the robbers escaping with stolen ship's stores.,NA,NA,NA,2014-10-05,2014,NA,NA,High Seas,NA,NA,NA,NA,NA,NA,NA,NA,NA,NA,NA,NA,NA,NA,NA,NA,NA,NA,NA,NA
2013-307,24,Robbers,Bulk carrier,NA,"GUYANA:On 19 October, an anchored bulk carrier was boarded by four robbers armed with knives at position 06-48N 058-10W, Georgetown Port. The robbers threatened the duty crewman on the forecastle deck, slapped him and forced him to open the forecastle","storeroom. When the duty officer called the deck watch keeper and received no response, he raised the alarm. Upon seeing the crew response, the robbers escaped in a waiting boat with stolen items. The port authority was called, but there was no response.",NA,NA,NA,NA,2013-10-19,2013,NA,NA,High Seas,NA,NA,NA,NA,NA,NA,NA,NA,NA,NA,NA,NA,NA,NA,NA,NA,NA,NA,NA,NA
2013-287,24,Unknown,Catamaran,NA,"TOBAGO:On 26 September at 0100, four men boarded a cruising catamaran in Bloody Bay. A crewmember was restrained and threatened with a pistol while the captain attempted to repel the men and was hit with the flat side of his own machete. Another captain","of the other cruising boat in the bay was fired at twice as she attempted to approach in her dinghy. After firing at the dinghy and discovering the crew of the catamaran only had a small amount of money, the men departed the vessel in a panicked state.",Police later interviewed the captain.,NA,NA,NA,2013-09-26,2013,NA,NA,High Seas,NA,NA,NA,NA,NA,NA,NA,NA,NA,NA,NA,NA,NA,NA,NA,NA,NA,NA,NA,NA
2013-20,24,SUSPICIOUS CRAFT,TANKER ALGA,NA,"ATLANTIC OCEAN:On 17 January, the tanker ALGA experienced a suspicious approach in the vicinity of 08-02N 034-30W, approximately 1205 nm off the coast of Guinea. Two white skiffs containing an unknown number of suspected pirates attempted to advance","towards the vessel. Due to increasing speed and utilizing evasive maneuvering, the Master was able to escape without incident.",NA,NA,NA,NA,2013-01-17,2013,NA,NA,High Seas,NA,NA,NA,NA,NA,NA,NA,NA,NA,NA,NA,NA,NA,NA,NA,NA,NA,NA,NA,NA
2017-51,25,Robbers,Sailing Vessel,NA,"ST LUCIA:On 17 February, a sailing yacht was boarded and thoroughly ransacked while anchored in Marigot. The incident was reported to local authorities.",NA,NA,NA,NA,NA,2017-02-17,2017,NA,NA,High Seas,NA,NA,NA,NA,NA,NA,NA,NA,NA,NA,NA,NA,NA,NA,NA,NA,NA,NA,NA,NA
2017-45,25,Robbers,Sailing Vessel,NA,"DOMINICAN REPUBLIC:On 12 February, a robber armed with a knife boarded an anchored sailing yacht in Marina Zar Par. He threatened the couple while stealing cash, a cell phone, a wristwatch and a bottle of rum. He then escaped. Incident reported to local",authorities.,NA,NA,NA,NA,2017-02-12,2017,NA,NA,High Seas,NA,NA,NA,NA,NA,NA,NA,NA,NA,NA,NA,NA,NA,NA,NA,NA,NA,NA,NA,NA
2017-26,25,Robbers,Sailing Vessel,NA,"PUERTO RICO:On 27 January, a dinghy and outboard motor was stolen from a sailing yacht anchored inVieques Esperanza. The dinghy and outboard motor had been secured with a steel chain that had been cut. Later the dinghy was found on a nearby beach minus",the motor which had been chained to the dinghy. The owners reported the incident to the local police who noted that this was the fourth motor stolen this week.,NA,NA,NA,NA,2017-01-27,2017,NA,NA,High Seas,NA,NA,NA,NA,NA,NA,NA,NA,NA,NA,NA,NA,NA,NA,NA,NA,NA,NA,NA,NA
2017-27,25,Robbers,Sailing Vessel,NA,"DOMINICAN REPUBLIC:On 25 January, a knife-armed intruder swam on to a sailing yacht and attacked thehusband and wife in the Marina Zar Par, Boca Chica. After a struggle the intruder held a knife to the wife¿s neck and demanded and received money and",jewelry. He then tied the owners up and left. The incident was reported to port authorities.,NA,NA,NA,NA,2017-01-25,2017,NA,NA,High Seas,NA,NA,NA,NA,NA,NA,NA,NA,NA,NA,NA,NA,NA,NA,NA,NA,NA,NA,NA,NA
2017-17,25,Robbers,Sailing Vessel,NA,"SAINT VINCENT AND THE GRENADINES:On 21 January, a sailing yacht anchored near Young Island was boarded. The thief was able to steal a cell phone, dive watch, and flashlight. A report was made to the local police.",NA,NA,NA,NA,NA,2017-01-21,2017,NA,NA,High Seas,NA,NA,NA,NA,NA,NA,NA,NA,NA,NA,NA,NA,NA,NA,NA,NA,NA,NA,NA,NA
2016-243,25,Pirates,Vessel,NA,"ST. VINCENT AND THE GRENADINES:On 10 October, one yacht anchored at Chateaubelair, vicinity 13-17.4N 061-15.1W, was boarded by armed men with machetes who injured the captain as he forced the attackers back to their boat. Although a mayday call was made,",no assistance came. A nearby yacht assisted the captain.,NA,NA,NA,NA,2016-10-10,2016,NA,NA,High Seas,NA,NA,NA,NA,NA,NA,NA,NA,NA,NA,NA,NA,NA,NA,NA,NA,NA,NA,NA,NA
2016-198,25,Robbers,Sailing Vessel,NA,"GRENADA:On 17 August, robbers boarded a sailing yacht anchored in the Port Louis Marina, vicinity 12-02N 061-45W. They stole a bag containing personal effects and a large amount of cash.",NA,NA,NA,NA,NA,2016-08-17,2016,NA,NA,High Seas,NA,NA,NA,NA,NA,NA,NA,NA,NA,NA,NA,NA,NA,NA,NA,NA,NA,NA,NA,NA
2016-147,25,Robbers,Sailing Vessel,NA,"MARTINIQUE:On 01 July, a robber boarded an anchored sailing yacht in Ansa Mitan, vicinity14-32N 061-05W. Robbers stole a small outboard motor. Local authorities were notified.",NA,NA,NA,NA,NA,2016-07-01,2016,NA,NA,High Seas,NA,NA,NA,NA,NA,NA,NA,NA,NA,NA,NA,NA,NA,NA,NA,NA,NA,NA,NA,NA
2016-148,25,Robbers,Sailing Vessel,NA,"DOMINICAN REPUBLIC:On 25 June, a robber boarded an anchored sailing yacht in Santa Barbara de Samana, vicinity 19-12N 069-19W. Robbers escaped with ship's stores unnoticed. Theft was discovered by the duty crew during routine rounds. Incident reported to",port authorities and police through local agents.,NA,NA,NA,NA,2016-06-25,2016,NA,NA,High Seas,NA,NA,NA,NA,NA,NA,NA,NA,NA,NA,NA,NA,NA,NA,NA,NA,NA,NA,NA,NA
2016-52,25,Robbers,Sailing Yacht,NA,"ST LUCIA:On 2 March, three robbers, armed with a pistol, a machete, and a club, boarded an anchored sailing yacht in the harbor at Soufriere, near position 13-51N 061-04W, confronting eight passengers. The robbers demanded money at gunpoint. They were",given wallets and a camera. One woman's purse was cut off her shoulder with the machete. Her husband was struck on the head with the blunt side of the machete. Local police are investigating.,NA,NA,NA,NA,2016-03-02,2016,NA,NA,High Seas,NA,NA,NA,NA,NA,NA,NA,NA,NA,NA,NA,NA,NA,NA,NA,NA,NA,NA,NA,NA
2015-273,25,Robbers,Sailing Yachts,NA,"ST MARTIN:On 9 December near position 18-04N 063-06W, Nettle Bay, two sailing yacht crews reported having a small boat and outboard motor stolen while they were anchored. In both instances, the thieves cut through the heavy steel chains and locks","securing the boats to the yachts. One of the small boats was recovered later in the day, missing the outboard motor.",NA,NA,NA,NA,2015-12-09,2015,NA,NA,High Seas,NA,NA,NA,NA,NA,NA,NA,NA,NA,NA,NA,NA,NA,NA,NA,NA,NA,NA,NA,NA
2014-52,25,Boarders,Yacht,NA,"BRITISH VIRGIN ISLANDS:On 9 February, two masked men boarded an anchored yacht in Fat Hogs Bay. The owner heard them climbing on board and attempt to open the companion way doors. When the yacht owner yelled, the boarders proceeded to run away with the",owner in pursuit. As the masked men jumped into their dinghy they fired a shot at the yacht owner which missed and went through the boats top approx 3 feet from the owner's head.,NA,NA,NA,NA,2014-02-09,2014,NA,NA,High Seas,NA,NA,NA,NA,NA,NA,NA,NA,NA,NA,NA,NA,NA,NA,NA,NA,NA,NA,NA,NA
2012-321,25,ROBBERS,TANKER,NA,"DOMINICAN REPUBLIC:Tanker boarded on 20 November at approximately 18-26N 069-18W, at the San Pedro de Macoris Port. Robbers boarded a berthed product tanker unnoticed. They stole ship's properties and escaped. The theft was noticed by crew doing routine",ship search after departure.,NA,NA,NA,NA,2012-11-20,2012,NA,NA,High Seas,NA,NA,NA,NA,NA,NA,NA,NA,NA,NA,NA,NA,NA,NA,NA,NA,NA,NA,NA,NA
2016-228,26,Robbers,Bulk Carrier,NA,"HAITI:On 02 September at 0200 LT vicinity 18-35N 072-20W, Port Au Prince anchorage, two robbers boarded an anchored bulk carrier. They threatened the crew with a long knife and stones. The alarm was raised and the crew mustered. Seeing the alert crew,",the robbers escaped in a small boat with stolen ship's stores. Incident reported to Port Au Prince authority.,NA,NA,NA,NA,2016-09-02,2016,NA,NA,High Seas,NA,NA,NA,NA,NA,NA,NA,NA,NA,NA,NA,NA,NA,NA,NA,NA,NA,NA,NA,NA
2015-84,26,Pirates,Sailing Vessel,NA,"HAITI:On 16 April, six armed pirates boarded the Australia-flagged sailing vessel PELIKAAN near position 19-36N 072-59W, Petit Port a Piment. The married couple aboard the yacht cooperated with the pirates, but were still violently attacked by the","pirates, then robbed. The captain was tied to the rail on deck and beaten, resulting in broken bones and machete wounds. His wife was also attacked with machetes. Both were hospitalized.",NA,NA,NA,NA,2015-04-16,2015,NA,NA,High Seas,NA,NA,NA,NA,NA,NA,NA,NA,NA,NA,NA,NA,NA,NA,NA,NA,NA,NA,NA,NA
2012-117,26,PIRATES,TANKER,NA,"CARIBBEAN:Petroleum products tanker boarded on 24 March while anchored at position 18:32 N - 72:23 W, the Port au Prince anchorage. Two boats approached the vessel during a heavy rain. Duty crew noticed there were 2-3 armed robbers on each boat and one",robber threatened him by waiving a hand gun. One of the robbers armed with machete managed to board the tanker and was seen attempting to cut the mooring rope. Duty Officer raised the alarm and contacted pilot station for assistance. On hearing the,"alarm, the robber jumped into the water with small amount of stolen ship¿s stores and escaped. A coast guard boat came to the location and investigated the immediate area. Master weighed anchor and proceed to drift outside the anchorage area.",NA,NA,NA,2012-03-24,2012,NA,NA,High Seas,NA,NA,NA,NA,NA,NA,NA,NA,NA,NA,NA,NA,NA,NA,NA,NA,NA,NA,NA,NA
2016-137,27,Roobbers,Sailing Vessel,NA,"CUBA:On 27 May, robbers boarded a Canada-flagged sailing yacht anchored near Isla de la Juventud, vicinity 21-45N 082-51W. The robbers were able to steal miscellaneous deck gear and escape unnoticed.",NA,NA,NA,NA,NA,2016-05-27,2016,NA,NA,High Seas,NA,NA,NA,NA,NA,NA,NA,NA,NA,NA,NA,NA,NA,NA,NA,NA,NA,NA,NA,NA
2017-50,28,Robbers,Sailing Vessel,NA,"HONDURAS:On 21 February, a sailing yacht anchored near Utila was boarded. A small dinghy and outboard motor was stolen. The dinghy was recovered later that day, by a local dive shop, minus the outboard motor.",NA,NA,NA,NA,NA,2017-02-21,2017,NA,NA,High Seas,NA,NA,NA,NA,NA,NA,NA,NA,NA,NA,NA,NA,NA,NA,NA,NA,NA,NA,NA,NA
2016-127,28,Robbers,Sailing Vessel,NA,"GUATEMALA:On 25 May, a sailing yacht was boarded at night in a marina area of Rio Dulce, vicinity15-49N 088-45W. The thieves stole an outboard motor from a dinghy that was chained to the yacht.",NA,NA,NA,NA,NA,2016-05-25,2016,NA,NA,High Seas,NA,NA,NA,NA,NA,NA,NA,NA,NA,NA,NA,NA,NA,NA,NA,NA,NA,NA,NA,NA
2015-153,28,Robbers,Sailing Vessel,NA,"HONDURAS:On 25 June, a sailing vessel anchored near position 16-06N 086-55W, East Harbor, Utila Island, experienced the second boarding and robbery in ten days. Both incidents involved night-time boardings with mostly dive gear being stolen. There were",no reported crew injuries or assaults.,NA,NA,NA,NA,2015-06-25,2015,NA,NA,High Seas,NA,NA,NA,NA,NA,NA,NA,NA,NA,NA,NA,NA,NA,NA,NA,NA,NA,NA,NA,NA
2016-222,51,Robbers,Bulk Carrier,NA,"MOROCCO:On 23 September at 0145 LT in 33-36N 007-37W, port of Casablanca, duty crew onboard an anchored bulk carrier observed two suspicious persons hiding on the jetty. The persons attempted to board the vessel at four different times but were",unsuccessful because of the alert crew. Incident reported to the PFSO and agent.,NA,NA,NA,NA,2016-09-23,2016,NA,NA,High Seas,NA,NA,NA,NA,NA,NA,NA,NA,NA,NA,NA,NA,NA,NA,NA,NA,NA,NA,NA,NA
2014-111,51,Robbers,Bulk Carrier,NA,"SIERRA LEONE:On May 5, 0320 LT, position 8-29N 13-13W, berth No. 2, Freetown Port. Five robbers armed with knives in a boat approached a berthed bulk carrier. Two robbers boarded the ship and took hostage the duty cadet on rounds. They then cut off and",stole the aft mooring ropes before releasing the cadet and escaping. On being released the cadet informed the duty officer who raised the alarm.,NA,NA,NA,NA,2014-05-05,2014,NA,NA,High Seas,NA,NA,NA,NA,NA,NA,NA,NA,NA,NA,NA,NA,NA,NA,NA,NA,NA,NA,NA,NA
2014-10,51,Robbers,Cargo ship,NA,"LIBERIA:On 8 January, robbers boarded a berthed general cargo ship at position 06-20N 010-48W, Monrovia Port. After hearing some noise, the duty watchman noticed a robber throwing ships properties overboard. Upon seeing the crew response, the robber","jumped overboard and escaped. Upon investigation, it was found that the robber boarded the ship using a hook attached with a long pole. The Master informed local authorities who sent a port security patrol boat to investigate. Port security personnel",helped recover some of the stolen ships property that was adrift near the stern of the ship.,NA,NA,NA,2014-01-08,2014,NA,NA,High Seas,NA,NA,NA,NA,NA,NA,NA,NA,NA,NA,NA,NA,NA,NA,NA,NA,NA,NA,NA,NA
2014-2,51,Robbers,Bulk carrier,NA,"MOROCCO:On 19 December, two robbers attempted to board a berthed bulk carrier by climbing the stern mooring rope at position 32-18N 009-14W, Safi Port. Alert duty crew noticed the robbers and informed the duty officer who raised the alarm and mustered","the crew. Upon seeing the crew response, the robbers escaped in a small craft.",NA,NA,NA,NA,2013-12-19,2013,NA,NA,High Seas,NA,NA,NA,NA,NA,NA,NA,NA,NA,NA,NA,NA,NA,NA,NA,NA,NA,NA,NA,NA
2013-288,53,Robbers,Sailing vessel,NA,"ITALY:On 23 September, robbers stole a dinghy from the owners of an anchored sailing vessel at Portopalo di Capo Passero in Sicily had used to access the pier. The owners returned the next morning to file a police report.",NA,NA,NA,NA,NA,2013-09-23,2013,NA,NA,High Seas,NA,NA,NA,NA,NA,NA,NA,NA,NA,NA,NA,NA,NA,NA,NA,NA,NA,NA,NA,NA
2015-134,54,Robbers,Sailing Yacht,NA,"TURKEY:On 12 June, a sailing yacht was boarded in Aktur Bay, 10 miles east of Datca. The robbers were able to steal a large amount of cash and jewelry.",NA,NA,NA,NA,NA,2015-06-12,2015,NA,NA,High Seas,NA,NA,NA,NA,NA,NA,NA,NA,NA,NA,NA,NA,NA,NA,NA,NA,NA,NA,NA,NA
2013-116,56,ROBBERS,SUPPLY SHIP NOR CHIEF,NA,"EGYPT:On 28 March, the anchored supply ship NOR CHIEF was boarded at 31-14N 032-18E, at the Port Said Anchorage. While anchored, four robbers boarded the ship. Two duty AB's conducting security checks discovered the robbers on the main deck. Upon seeing","of the robbers, the chief officer raised the alarm. The robbers tried to gain entry to the winch house and accommodation block but did not succeed as the rooms were secured. They eventually aborted the attempt after 5 minutes and left the vessel. It was",reported that the robbers had threatened the duty AB's with knives. All 16 crew onboard the ship were reported to be safe.,NA,NA,NA,2013-03-28,2013,NA,NA,High Seas,NA,NA,NA,NA,NA,NA,NA,NA,NA,NA,NA,NA,NA,NA,NA,NA,NA,NA,NA,NA
2016-192,57,Pirates,Fishing Vessel,NA,"NIGERIA:On 19 August, two fishermen were kidnapped from the Ibeno area of Akwa Ibom State, vicinity 04-34N 007-59E. A large ransom was reportedly made for their release.",NA,NA,NA,NA,NA,2016-08-19,2016,NA,NA,High Seas,NA,NA,NA,NA,NA,NA,NA,NA,NA,NA,NA,NA,NA,NA,NA,NA,NA,NA,NA,NA
2016-182,57,Robbers,Product Tanker,NA,"NIGERIA:On 5 August, four robbers armed with long knives boarded a berthed product tanker near position 06-26N 003-25E, Folawiyo Nispan Jetty, Apapa, Lagos. They took hostage the duty pump man and threatened him with their knives. The robbers put two","hoses into the forward tank dome and commenced stealing the cargo. Once their boat was full, the robbers released the pump man and escaped. Alarm raised and a search was carried out.",NA,NA,NA,NA,2016-08-05,2016,NA,NA,High Seas,NA,NA,NA,NA,NA,NA,NA,NA,NA,NA,NA,NA,NA,NA,NA,NA,NA,NA,NA,NA
2016-177,57,Robbers,Tanker,NA,"NIGERIA:On 24 July at 0515 LT in 06-26.1N 003-19.6E, at Capital terminal berth, three robbers in a small boat approached and boarded a berthed tanker. An armed guard on rounds noticed the robber and raised the alarm. Hearing the alarm and seeing crew","alertness, the robber escaped with his accomplices. Thorough search was conducted and nothing reported stolen. Incident reported to naval authorities.",NA,NA,NA,NA,2016-07-24,2016,NA,NA,High Seas,NA,NA,NA,NA,NA,NA,NA,NA,NA,NA,NA,NA,NA,NA,NA,NA,NA,NA,NA,NA
2016-95,57,Robbers,Vessel,NA,"DROC:On 3 May, robbers boarded an anchored vessel near position 05-51S 01326E, Matadi Anchorage. The robbers were seen by crewmen, who raised the alarm. The robbers escaped with stolen ship¿s stores.",NA,NA,NA,NA,NA,2016-05-03,2016,NA,NA,High Seas,NA,NA,NA,NA,NA,NA,NA,NA,NA,NA,NA,NA,NA,NA,NA,NA,NA,NA,NA,NA
2016-43,57,Robbers,Cargo Ship,NA,"DR CONGO:On 9 March, a cargo ship at anchor was boarded near position 05-57S 013-03 E, Boma Port. Robbers were spotted by a duty crewman, the alarm was raised and the crew mustered. The robbers managed to escape without stealing anything.",NA,NA,NA,NA,NA,2016-03-09,2016,NA,NA,High Seas,NA,NA,NA,NA,NA,NA,NA,NA,NA,NA,NA,NA,NA,NA,NA,NA,NA,NA,NA,NA
2016-3,57,Robbers,Unidentified Vessel,NA,"CONGO:On 4 January, three robbers boarded an anchored vessel near position 04-47S 011-52E, Pointe Noire Anchorage. The duty crewmen spotted the robbers on deck and raised the alarm. The robbers jumped overboard and escaped in their rowboat.",NA,NA,NA,NA,NA,2016-01-04,2016,NA,NA,High Seas,NA,NA,NA,NA,NA,NA,NA,NA,NA,NA,NA,NA,NA,NA,NA,NA,NA,NA,NA,NA
2015-263,57,Robbers,Cargo Ship,NA,"DR CONGO:On 16 December, two robbers armed with knives in a boat boarded an anchored general cargo ship near position 05-50S 013-25E, Matadi Anchorage. Five accomplices waited in the boat. When the robbers were spotted by the duty crewmen the robbers",fled. Nothing was stolen. The incident was reported to local authorities through the local agents.,NA,NA,NA,NA,2015-12-16,2015,NA,NA,High Seas,NA,NA,NA,NA,NA,NA,NA,NA,NA,NA,NA,NA,NA,NA,NA,NA,NA,NA,NA,NA
2015-215,57,Robbers,Bulk Carrier,NA,"CAMEROON:On 8 October, an unknown number of robbers boarded a berthed bulk carrier near position 04-03N 009-41E, Douala Port. The robbers were able to break the lock to the forecastle store room, steal ship's properties and escape unnoticed. A duty",crewman noticed the theft during cargo operations.,NA,NA,NA,NA,2015-10-08,2015,NA,NA,High Seas,NA,NA,NA,NA,NA,NA,NA,NA,NA,NA,NA,NA,NA,NA,NA,NA,NA,NA,NA,NA
2015-202,57,Suspicious Vessel,N/A,NA,"GULF OF GUINEA:On 17 September, a suspicious vessel was reportedly operating near position 01-13N 001-50E, approximately 288 nm south of Benin. The vessel was described as having a blue hull, white superstructure and was not displaying AIS. It reportedly",followed another vessel for an hour and a half.,NA,NA,NA,NA,2015-09-17,2015,NA,NA,High Seas,NA,NA,NA,NA,NA,NA,NA,NA,NA,NA,NA,NA,NA,NA,NA,NA,NA,NA,NA,NA
2015-116,57,Robbers,Anchored Vessel,NA,"COTE D'IVOIRE:On 22 May, two armed robbers in a wooden boat approached an anchored vessel near position 05-20N 004-01W, Abidjan Anchorage. The wooden boat appeared similar to those used by local fishermen. One of the robbers attempted to board the ship,",but was frightened away by the alarm and whistle activated by the duty crewman. The robbers fled without stealing anything.,NA,NA,NA,NA,2015-05-22,2015,NA,NA,High Seas,NA,NA,NA,NA,NA,NA,NA,NA,NA,NA,NA,NA,NA,NA,NA,NA,NA,NA,NA,NA
2015-75,57,Pirates,Tanker,NA,"NIGERIA:During the weekend of 11-12 April, ten pirates in two speedboats boarded MT IMAS near Lagos Anchorage. The crew of the ship was able to make a distress call, resulting in a Nigerian Navy patrol ship quickly responding and capturing one of the","pirates and forcing the remainder to flee the captured ship. Western Naval Command Flag Officer Commanding, Rear Admiral Jonathan Ango, said in a statement after the event: ""If there are any miscreants or hoodlums who think they can use the waterways to","cause any harm or damage, we want to let them know the navy is very much ready and up to the task to prevent them from doing that.""",NA,NA,NA,2015-04-11,2015,NA,NA,High Seas,NA,NA,NA,NA,NA,NA,NA,NA,NA,NA,NA,NA,NA,NA,NA,NA,NA,NA,NA,NA
2015-76,57,Robbers,Passenger Boat,NA,"NIGERIA:On 10 April suspected robbers boarded a passenger boat and robbed five aides to the Deputy Speaker of the Bayelsa State House of Assembly, Chief Sam Ateki, along the waterways of Brass in Brass Local Government Area of the State.",NA,NA,NA,NA,NA,2015-04-10,2015,NA,NA,High Seas,NA,NA,NA,NA,NA,NA,NA,NA,NA,NA,NA,NA,NA,NA,NA,NA,NA,NA,NA,NA
2015-2,57,Kidnappers,Tanker,NA,"NIGERIA:On 27 December, Nigerian naval personnel rescued the captain and chief engineer of MT EQUINOX, a Panamanian-flagged tanker, after they were kidnapped and held for ransom for more than two weeks in a hotel in Warri, Delta State. The ship¿s captai","is reportedly Romanian, while the nationality of the engineer is unknown. Of note, a German and a Belgian employee of a local oil company were arrested for perpetrating the crime.",NA,NA,NA,NA,2014-12-27,2014,NA,NA,High Seas,NA,NA,NA,NA,NA,NA,NA,NA,NA,NA,NA,NA,NA,NA,NA,NA,NA,NA,NA,NA
2014-292,57,Robbers,Tanker,NA,"NIGERIA: On 19 December, two robbers boarded a berthed tanker using hooks attached with ropes near position 06-26N 003-19E, Capital Oil Jetty, Lagos. When the alarm was raised and the crew responded, the robbers fled empty handed. Lagos Port Control and",Nigerian Navy informed. A Nigerian naval patrol boat searched of the area and a guard was posted on board the vessel. On investigation it was found that the robbers had cut through the razor wire to gain access on board the vessel.,NA,NA,NA,NA,2014-12-19,2014,NA,NA,High Seas,NA,NA,NA,NA,NA,NA,NA,NA,NA,NA,NA,NA,NA,NA,NA,NA,NA,NA,NA,NA
2014-220,57,Pirates,Boat,NA,"NIGERIA:On 13 October, a gun battle between Nigerian Joint Task Force and suspected pirates left one soldier dead and another injured. The attack occurred along the Ogbia-Brass route of the Nembe waterway of Bayelsa State. The soldiers were apparently",traveling to duty areas near oil facilities in the Nembe area and ran into an ongoing robbery by suspected pirates on another boat. Eyewitnesses said the pirates abandoned their robbery victims and opened fire on the commercial boat carrying the,soldiers.,NA,NA,NA,2014-10-13,2014,NA,NA,High Seas,NA,NA,NA,NA,NA,NA,NA,NA,NA,NA,NA,NA,NA,NA,NA,NA,NA,NA,NA,NA
2014-173,57,Pirates,Passenger Boat,NA,"NIGERIA: On 20 July, gunmen suspected to be sea pirates attacked a passenger boat on the Ogbia-Nembe in Bayelsa State waterways, killed two persons and stole cash and valuables from boat passengers. According to news reports, the boat ran into a robbery",in progress and was trapped in the gunfire.,NA,NA,NA,NA,2014-07-20,2014,NA,NA,High Seas,NA,NA,NA,NA,NA,NA,NA,NA,NA,NA,NA,NA,NA,NA,NA,NA,NA,NA,NA,NA
2014-129,57,Robbers,Bulk carrier,NA,"NIGERIA:On 2 June, robbers in two speedboats approached and fired upon an underway bulk carrier near position 04-49N 008-02E, Calabar River. When the robbers got close enough to the ship to see the armed embarked security team, the robbers turned away",and left the area.,NA,NA,NA,NA,2014-06-02,2014,NA,NA,High Seas,NA,NA,NA,NA,NA,NA,NA,NA,NA,NA,NA,NA,NA,NA,NA,NA,NA,NA,NA,NA
2014-121,57,Robbers,Tanker,NA,"NIGERIA:On 13 May, two robbers boarded an anchored tanker near position 04-45N 006-59E, Port Harcourt Anchorage. The robbers took two crewmembers hostage and threatened them with knives. The robbers released the crewmembers after stealing mooring ropes.","Upon release, the crew raised the alarm and mustered on the bridge. While mustered on the bridge the crew smelled cargo gas and noticed a small craft alongside the vessel near the bow stealing cargo. Nigerian Navy contacted and ships in the vicinity","warned on VHF Channel 16. The Navy responded by sending a small speed boat, which circled the vessel and then left. Robbers escaped and all crew safe.",NA,NA,NA,2014-05-13,2014,NA,NA,High Seas,NA,NA,NA,NA,NA,NA,NA,NA,NA,NA,NA,NA,NA,NA,NA,NA,NA,NA,NA,NA
2014-112,57,Bandits,Dutch and Nigerian Citizens,NA,"NIGERIA:On 4 May, three Dutch citizens and two Nigerian citizens were kidnapped near the settlement of Letugbene, a river community in Bayelsa State, position 4-51N 5-33E. The group was reportedly touring the area to promote work on a local hospital.","They reportedly had local guides, but not an armed escort. Up to ten heavily armed bandits were involved in the kidnapping, utilizing several speedboats. The Nigerian citizens were later released, but the Dutch citizens are still being held.",NA,NA,NA,NA,2014-05-04,2014,NA,NA,High Seas,NA,NA,NA,NA,NA,NA,NA,NA,NA,NA,NA,NA,NA,NA,NA,NA,NA,NA,NA,NA
2014-73,57,Robbers,Passenger vessel,NA,"NIGERIA:On 22 March, several armed men boarded a passenger vessel near position 04-46N 006-01E, approximately 30 nm northwest of Brass and robbed the passengers. The men were traveling in a speedboat boarded the vessel near Okpotuwari, in Bayelsa State.","The gunmen reportedly stole cash and personal belongings from the victims and also disabled the vessel, leaving its occupants stranded. The passengers then swam to a nearby jetty and the authorities were contacted.",NA,NA,NA,NA,2014-03-22,2014,NA,NA,High Seas,NA,NA,NA,NA,NA,NA,NA,NA,NA,NA,NA,NA,NA,NA,NA,NA,NA,NA,NA,NA
2014-32,57,Robbers,General cargo ship,NA,"CONGO:On 4 February, two robbers armed with long knives boarded an anchored general cargo ship near position 04-46S 011-52E, Pointe Noire Roads. The Duty Officer, while on routine rounds, noticed the robbers at the forecastle store room and raised the","alarm. The robbers subsequently jumped overboard and escaped in a small wooden boat with stolen ships stores. Ships Master tried to call port control, but received no response. Local agent was informed.",NA,NA,NA,NA,2014-02-04,2014,NA,NA,High Seas,NA,NA,NA,NA,NA,NA,NA,NA,NA,NA,NA,NA,NA,NA,NA,NA,NA,NA,NA,NA
2014-30,57,Gunmen,Ferry,NA,"NIGERIA:On 23 January, gunmen attacked a local ferry transiting near the coastal town of Ekeni in Southern Ijaw Local Government Area. The attack claimed the life of a local businesswoman.",NA,NA,NA,NA,NA,2014-01-23,2014,NA,NA,High Seas,NA,NA,NA,NA,NA,NA,NA,NA,NA,NA,NA,NA,NA,NA,NA,NA,NA,NA,NA,NA
2014-11,57,Robbers,Container ship,NA,"CAMEROON:On 7 January, three robbers armed with knives boarded a berthed container ship near position 04-02N 009-40E, Douala Port. When the duty crewman noticed suspicious movements at the forecastle and saw one end of a mooring rope floating in the","water, he informed the duty officer who raised the alarm. Seeing the crew response, the robbers escaped in their boat. Crew managed to recover the mooring rope. Port authorities were informed.",NA,NA,NA,NA,2014-01-07,2014,NA,NA,High Seas,NA,NA,NA,NA,NA,NA,NA,NA,NA,NA,NA,NA,NA,NA,NA,NA,NA,NA,NA,NA
2013-308,57,Pirates,Offshore supply vessel,NA,"NIGERIA:During the early hours of 23 October, pirates attacked the U.S.-flagged offshore supply vessel C RETRIEVER near Brass and kidnapped the captain and chief engineer, both U.S. citizens.",NA,NA,NA,NA,NA,2013-10-23,2013,NA,NA,High Seas,NA,NA,NA,NA,NA,NA,NA,NA,NA,NA,NA,NA,NA,NA,NA,NA,NA,NA,NA,NA
2013-172,57,Robbers,Chemical Tanker BLUEGREEN TIGRE,NA,"NIGERIA:On 03 June, the Marshall Islands-flagged underway chemical tanker BLUEGREEN TIGRE was fired upon at 04-42N 008-19E approximately 2.5 nm north of James Town, in the Calabar River. Ten armed robbers in two speed boats approached and fired upon the","chemical tanker underway with pilot on board. Master raised alarm, mustered all crew, and reported the incident to the Nigerian Authorities. The armed robbers aborted the attack and moved away when the Nigerian Marine Police arrived on the scene. All","crew are safe, but the ship sustained minor damage due to the firing.",NA,NA,NA,2013-06-03,2013,NA,NA,High Seas,NA,NA,NA,NA,NA,NA,NA,NA,NA,NA,NA,NA,NA,NA,NA,NA,NA,NA,NA,NA
2013-160,57,PIRATES,CHEMICAL TANKER MATRIX I,NA,"NIGERIA:On 25 May, the underway chemical tanker MATRIX I was boarded and personnel kidnapped approximately 40 nm off the coast of Bayelsa state. Armed pirates attacked the underway tanker and abducted seven Pakistani crew members, whom are being held for",ransom. The vessel and its remaining crew have been released.,NA,NA,NA,NA,2013-05-25,2013,NA,NA,High Seas,NA,NA,NA,NA,NA,NA,NA,NA,NA,NA,NA,NA,NA,NA,NA,NA,NA,NA,NA,NA
2013-37,57,PIRATES,TUG/BARGE,NA,"NIGERIA:On 06 February, a tug towing a barge was fired upon in vicinity of 05-10N 006-12E, along the River Forcados at the Angiama Community area of Bayelsa. Pirates ambushed the tug and barge, which was being escorted by a military vessel while","transiting from Warri to Port Harcourt. Four persons, including two soldiers, a retired naval officer, and the pilot of the tug were killed during the gunfire exchange.Two additional soldiers sustained serious injuries. Three pirates were seriously","wounded and reportedly died soon after escaping. The reason for the attack is unsure, as neither the tug nor barge were carrying cargo.",NA,NA,NA,2013-02-06,2013,NA,NA,High Seas,NA,NA,NA,NA,NA,NA,NA,NA,NA,NA,NA,NA,NA,NA,NA,NA,NA,NA,NA,NA
2012-325,57,PIRATES,FISHING TRAWLER,NA,NIGERIA:Fishing trawler experienced an attempted kidnapping on 13 November in the vicinity of 04-45N 006-49E. A fishing trawler was attacked by seven pirates armed with an AK-47 and one rifle. The pirates attempt to kidnap the occupants onboard was,"foiled by the Nigerian Navy, who responded to the distress call. All seven pirates were captured, with no injuries to the crew.",NA,NA,NA,NA,2012-11-13,2012,NA,NA,High Seas,NA,NA,NA,NA,NA,NA,NA,NA,NA,NA,NA,NA,NA,NA,NA,NA,NA,NA,NA,NA
2012-96,57,Pirates,Cargo Ship,NA,"Dem. Rep Congo:Refrigerated Cargo Ship boarded on 14 March while anchored at 05:51 S ¿ 013:03 E, Boma Anchorage. Ten robbers in two boats boarded the ship took duty crewman hostage; they attempted to enter the forward cargo hold by breaking the hatch",seal. They later escaped with ship¿s cargo and stores stolen from the ship. The duty crewman was slightly injured during the attack. Port control called but no reply was received.,NA,NA,NA,NA,2012-03-14,2012,NA,NA,High Seas,NA,NA,NA,NA,NA,NA,NA,NA,NA,NA,NA,NA,NA,NA,NA,NA,NA,NA,NA,NA
2016-289,61,Robbers,Sailing Vessel,NA,"MADAGASCAR:On 30 October, three robbers boarded S/V EUTIKIA, anchored in vicinity 15-43S 046-18E, Mahajanga anchorage. The robbers threatened the crew with knives and forced them inside the boat. They then stole money, cameras, video cameras, cell","phones, a laptop computer and many personal items. Local police were informed.",NA,NA,NA,NA,2016-10-30,2016,NA,NA,High Seas,NA,NA,NA,NA,NA,NA,NA,NA,NA,NA,NA,NA,NA,NA,NA,NA,NA,NA,NA,NA
2016-258,61,Pirates,Vessel,NA,"SOMALIA:On 22 October at 0955LT in 04-28.1N 053-22.2E, vessel was approached by a speed boat with six persons on board. Warning shots were fired from the vessel when boat got too. Speed boat returned fire and departed from the vessel.",NA,NA,NA,NA,NA,2016-10-22,2016,NA,NA,High Seas,NA,NA,NA,NA,NA,NA,NA,NA,NA,NA,NA,NA,NA,NA,NA,NA,NA,NA,NA,NA
2016-265,61,Pirates,Chemical Tanker,NA,"SOMALIA:On 22 October, suspected Somali pirates attacked the chemical tanker CPO KOREA 330 nautical miles off the east coast of Somalia. The attack was confirmed after a thorough investigation into the incident. The Operation Commander of the EU Naval","Force (Somalia), Major General Rob Magowan CBE, has reiterated the need for continued vigilance at sea. During the attack a number of shots were exchanged between the six armed men in a fast-moving skiff and the armed security team on board CPO KOREA.","The suspected pirates eventually broke away after CPO KOREA's crew successfully implemented self-protection measures by increasing speed, altering course and rigging fire hoses to thwart the attack. This is the first reported attack on a merchant vessel","off the coast of Somalia in two and a half years. It comes after 26 hostages from fishing vessel, NAHAM 3, were released on 22 October after being held by Somali pirates for four and a half years.",NA,NA,2016-10-22,2016,NA,NA,High Seas,NA,NA,NA,NA,NA,NA,NA,NA,NA,NA,NA,NA,NA,NA,NA,NA,NA,NA,NA,NA
2016-123,61,Robbers,Tanker,NA,"SOUTH AFRICA:On 23 May at 2000 LT vicinity 29-52N 031-01E, at Durban port, an unauthorized person disguised as bunker crew boarded a berthed tanker. Person entered accommodation area and stole ship's properties and crew cash. Incident reported to port",control.,NA,NA,NA,NA,2016-05-23,2016,NA,NA,High Seas,NA,NA,NA,NA,NA,NA,NA,NA,NA,NA,NA,NA,NA,NA,NA,NA,NA,NA,NA,NA
2016-99,61,Robber,Product Tanker,NA,"KENYA:On 02 May at 0110LT in vicinity 04-03S 039-39E, one robber boarded a berthed product tanker. Alert crew noticed the robber and raised the alarm. Crew mustered and rushed to the location. Upon hearing the alarm and seeing the crew alertness, the",robber escaped with stolen ship's stores. Incident reported to harbor master. Police boat came and searched the area.,NA,NA,NA,NA,2016-05-02,2016,NA,NA,High Seas,NA,NA,NA,NA,NA,NA,NA,NA,NA,NA,NA,NA,NA,NA,NA,NA,NA,NA,NA,NA
2015-245,61,Pirates,Fishing Vessel,NA,"SOMALIA:On 22 November at 1105 UTC near position 06-16N 053-30E, around 232 NM SE of the Somali coast, a fishing vessel was hijacked by pirates.",NA,NA,NA,NA,NA,2015-11-22,2015,NA,NA,High Seas,NA,NA,NA,NA,NA,NA,NA,NA,NA,NA,NA,NA,NA,NA,NA,NA,NA,NA,NA,NA
2015-162,61,Robbers,Sailing Yacht,NA,"SEYCHELLES:On 21 July near position 04-37S 055-28E, an unknown number of robbers boarded an anchored sailing yacht in Victoria Harbour and stole personal electronic items, a small amount of cash and the yacht's dinghy tied alongside the yacht. The",robbers used the stolen dinghy to board another yacht anchored nearby and stole additional personal electronic items and jewelry. The abandoned dinghy was found on a nearby beach. The local police were informed.,NA,NA,NA,NA,2015-07-21,2015,NA,NA,High Seas,NA,NA,NA,NA,NA,NA,NA,NA,NA,NA,NA,NA,NA,NA,NA,NA,NA,NA,NA,NA
2015-164,61,Robbers,Product Tanker,NA,"KENYA:On 20 July, two robbers attempted to board a berthed product tanker during cargo operations near position 04-04S 039-40E, Mbaraki Terminal, Mombasa Port. The alerted crew and shore watchmen noticed the robbers as they attempted to gain access via",the mooring lines and raised the alarm. Seeing the alerted crew the robbers aborted and moved away. The port control and coast guard were informed. A coast guard patrol boat was sent to investigate the incident.,NA,NA,NA,NA,2015-07-20,2015,NA,NA,High Seas,NA,NA,NA,NA,NA,NA,NA,NA,NA,NA,NA,NA,NA,NA,NA,NA,NA,NA,NA,NA
2015-147,61,Robbers,Tanker,NA,"KENYA:On 27 June, robbers armed with long knives boarded a tanker near position 04-02S 039-38 E, Shimanzi Oil Terminal, Mombasa. They were spotted by a duty crewman who alerted the duty officer. The duty officer raised the alarm and the crew mustered.",The robbers stole mooring ropes and escaped. The incident was reported to Port Control and local agent.,NA,NA,NA,NA,2015-06-27,2015,NA,NA,High Seas,NA,NA,NA,NA,NA,NA,NA,NA,NA,NA,NA,NA,NA,NA,NA,NA,NA,NA,NA,NA
2014-25,61,Robbers,Bulk carrier,NA,"TANZANIA:On 16 January, robbers boarded a berthed bulk carrier at Dar Es Salaam port and stole ship's stores without being detected.",NA,NA,NA,NA,NA,2014-01-16,2014,NA,NA,High Seas,NA,NA,NA,NA,NA,NA,NA,NA,NA,NA,NA,NA,NA,NA,NA,NA,NA,NA,NA,NA
2013-342,61,ROBBERS,CONTAINER SHIP,NA,"KENYA:On 25 November, robbers boarded a berthed container ship at position 04-04S 039-41E, Mombasa Container Port and stole ship's stores. The theft was detected during routine rounds by the duty crew.",NA,NA,NA,NA,NA,2013-11-25,2013,NA,NA,High Seas,NA,NA,NA,NA,NA,NA,NA,NA,NA,NA,NA,NA,NA,NA,NA,NA,NA,NA,NA,NA
2013-321,61,Pirates,Merchant vessel,NA,"INDIAN OCEAN:On 6 November, a merchant vessel reported a pirate attack near position 05-40S 046-59E, approximately 450 nm east-southeast of Mombasa, Kenya. The ship reported being attacked by five heavily armed pirates in one skiff, with the pirates","reportedly exchanging gunfire with the ships embarked security team. The alarm was raised as the attack started, and the ship increased speed, activated the fire pumps, and started evasive maneuvers. The pirates reportedly moved away from the ship after","the embarked security team returned gunfire. Additionally, the NATO Shipping Centre posted a notice outlining an area of pirate attack group (PAG) activity on its Pirate Activity Map (PAM). The reported PAG activity is located in an area of coastal",Somalia near Hobyo and to the north of the 6 November pirate attack.,NA,NA,2013-11-06,2013,NA,NA,High Seas,NA,NA,NA,NA,NA,NA,NA,NA,NA,NA,NA,NA,NA,NA,NA,NA,NA,NA,NA,NA
2013-300,61,PIRATES,TANKER ISLAND SPLENDOR,NA,"SOMALIA:On 11 October at 0918 UTC, pirates in two skiffs fired upon the tanker ISLAND SPLENDOR approximately 237 nm east of Hobyo. The master raised the alarm, sounded the ship's whistle, increased speed, and mustered the crew. The armed embarked",security team took position and fired warning rocket flares as the skiffs closed to 2 and 3 nm. The skiffs ignored the warning flares and continued their approach. The armed security team fired a warning shot when one skiff closed to a distance of about,"437 yards; however, the pirates continued their approach to the tanker. One of the skiffs stopped and returned fire with an automatic weapon after the team fired a second warning shot at a distance of about 273 yards. The armed team returned fire, which",resulted in the skiffs aborting the attack and departing the area. The pirates were also armed with RPG's.,NA,NA,2013-10-11,2013,NA,NA,High Seas,NA,NA,NA,NA,NA,NA,NA,NA,NA,NA,NA,NA,NA,NA,NA,NA,NA,NA,NA,NA
2013-155,61,PIRATES,FISHING VESSEL,NA,"INDIAN OCEAN:On 7 May, a fishing vessel experienced a suspicious approach at 01-53N 051-13E, approximately 320 nm off the Somali coast. A Spanish fishing vessel observed a skiff with six pirate¿s onboard approach another fishing vessel. A Spanish warshi",intervened and detained the suspect pirates. Suspected pirates could not explain why they had sailed so far from land. There was no evidence of trade or legal activity and the Spanish warship crew found equipment on board that is commonly related to,"piracy. There was insufficient evidence on this occasion to guarantee a legal prosecution; therefore, the decision was made to return the men to the Somali coast.",NA,NA,NA,2013-05-07,2013,NA,NA,High Seas,NA,NA,NA,NA,NA,NA,NA,NA,NA,NA,NA,NA,NA,NA,NA,NA,NA,NA,NA,NA
2013-77,61,ROBBERS,CONYAINER SHIP JPO SAGITTARIUS,NA,"TANZANIA:On 24 March, the berthed container ship JPO SAGITTARIUS was boarded at 06-50S 039-17E, at the Dar es Salaam Port, Berth No. 11. A robber boarded the vessel via the forward mooring ropes. The duty A/B noticed the robber, who threatened the A/B","with a long knife. The A/B then immediately ran away and reported to a shore security officer who raised alarm and informed the port control. Upon hearing the alarm and seeing the crew's alertness, the robber jumped overboard and escaped empty-handed in",his boat. Shore security guards came onboard to investigate the incident.,NA,NA,NA,2013-03-24,2013,NA,NA,High Seas,NA,NA,NA,NA,NA,NA,NA,NA,NA,NA,NA,NA,NA,NA,NA,NA,NA,NA,NA,NA
2013-11,61,PIRATES,CONTAINER VESSEL MSC JASMINE,NA,"SOMALIA:On 05 January, container ship MSC JASMINE fired upon on at 03-07N 051-51E, approximately 400 nm ENE of Mogadishu. Six pirates in a skiff pursued and fired upon the vessel with automatic weapons and an RPG. Vessel raised the alarm, crew mustered",in the citadel and armed security team fired warning shots resulting in the pirates aborting and moving away. A warship and naval helicopter were dispatched towards the vessel. Crew and vessel were unharmed.,NA,NA,NA,NA,2013-01-05,2013,NA,NA,High Seas,NA,NA,NA,NA,NA,NA,NA,NA,NA,NA,NA,NA,NA,NA,NA,NA,NA,NA,NA,NA
2012-282,61,PIRATES,FISHING VESSEL,NA,INDIAN OCEAN:Fishing vessel attacked on 10 October near position 00-31N 050-37E. One skiff with six to eight pirates approached the fishing vessel at high speed and fired on the vessel. The onboard security team returned fire and the skiff broke off the,attack and moved away.,NA,NA,NA,NA,2012-10-10,2012,NA,NA,High Seas,NA,NA,NA,NA,NA,NA,NA,NA,NA,NA,NA,NA,NA,NA,NA,NA,NA,NA,NA,NA
2012-286,61,PIRATES,MERCHANT VESSEL,NA,INDIAN OCEAN:Merchant vessel attacked on 12 October in vicinity of 00-26N 050-39E.,NA,NA,NA,NA,NA,2012-10-10,2012,NA,NA,High Seas,NA,NA,NA,NA,NA,NA,NA,NA,NA,NA,NA,NA,NA,NA,NA,NA,NA,NA,NA,NA
2012-236,61,PIRATES,MERCHANT VESSEL,NA,"INDIAN OCEAN:At 0600Z on 10 August, a vessel was attacked from a dhow in 03-22S 083-12E, but managed to evade a hijacking.",NA,NA,NA,NA,NA,2012-08-10,2012,NA,NA,High Seas,NA,NA,NA,NA,NA,NA,NA,NA,NA,NA,NA,NA,NA,NA,NA,NA,NA,NA,NA,NA
2012-129,61,PIRATES,CHEMICAL TANKER,NA,"MOZAMBIQUE:Chemical Tanker at berth was boarded on 29 March at 19:48 S-034:07 E, Jetty No.12, Beira Port. Duty crewman noticed one robber armed with a knife aboardthe vessel and raised the alarm. Upon hearing the alarm, the pirate escaped with stolen",ship¿s stores with an accomplice piloting a waiting canoe.,NA,NA,NA,NA,2012-03-29,2012,NA,NA,High Seas,NA,NA,NA,NA,NA,NA,NA,NA,NA,NA,NA,NA,NA,NA,NA,NA,NA,NA,NA,NA
2012-124,61,PIRATES,TANKER,NA,"INDIAN OCEAN:Tanker attacked on 26 March while underway near position 05:21 S - 049:18 E,approximately 370 nm west of Victoria, Seychelles. Four armed pirates in a skiff chased the ship, reportedly firing 30 rounds at the vessel. Ship¿s Master increased","speed and employed other anti-piracy measures. The onboard security team returned fire, resulting in the skiff aborting the attack moving away. The crew and vessel are reported safe.",NA,NA,NA,NA,2012-03-26,2012,NA,NA,High Seas,NA,NA,NA,NA,NA,NA,NA,NA,NA,NA,NA,NA,NA,NA,NA,NA,NA,NA,NA,NA
2012-100,61,Pirates,Container Ship,NA,"INDIAN OCEAN:Container ship fired upon 19 March while underway at position 05:40 N - 053:23 E, approximately 520 nm northeast of Mogadishu. Six pirates in one skiff, armed with assault rifles and at least one rocket propelled grenade, chased the ship and","then fired upon the ship. Ship¿s Master raised the alarm, increased speed and mustered the crew in a safe location on the ship. The onboard armed security team returned fire, causing the skiff to break off the attack and move away. No injuries to the",crew were reported.,NA,NA,NA,2012-03-19,2012,NA,NA,High Seas,NA,NA,NA,NA,NA,NA,NA,NA,NA,NA,NA,NA,NA,NA,NA,NA,NA,NA,NA,NA
2012-101,61,Suspicious craft,Merchant Vessel,NA,"INDIAN OCEAN:Merchant vessel fired upon 17 March while underway at position 05:47 N - 053:50 E, approximately 390 nm south of Socotra Island, Yemen.",NA,NA,NA,NA,NA,2012-03-17,2012,NA,NA,High Seas,NA,NA,NA,NA,NA,NA,NA,NA,NA,NA,NA,NA,NA,NA,NA,NA,NA,NA,NA,NA
2012-67,61,PIRATES,CHEMICAL TANKER,NA,"INDIAN OCEAN: Chemical tanker attacked on 18 February while underway near position 05-29S 064-02E, approximately 500 nm east of the Seychelles. One skiff notedapproaching ship from 2 nm. As the skiff closed to a half nautical mile, it stopped and five to",six pirates with RPGs and automatic weapons were seen by bridge crew. The onboard armed security team fired warning shots; pirates aboard the skiff returned fire with automatic weapons then moved away. (IMB),NA,NA,NA,NA,2012-02-18,2012,NA,NA,High Seas,NA,NA,NA,NA,NA,NA,NA,NA,NA,NA,NA,NA,NA,NA,NA,NA,NA,NA,NA,NA
2012-52,61,PIRATES,VLCC,NA,"WESTERN INDIAN OCEAN, EAST OF SEYCHELLES ISLAND: OOW onboard a VLCC sighted two skiffs approaching. The VLCC increased speed to maimum and made evasive maneuvers and applied anti piracy measures. The skiff had five pirates carrying guns and a ladder.",Onboard security team fired warning shots at the skiff as a result the skiff stopped approaching.,NA,NA,NA,NA,2012-02-08,2012,NA,NA,High Seas,NA,NA,NA,NA,NA,NA,NA,NA,NA,NA,NA,NA,NA,NA,NA,NA,NA,NA,NA,NA
2012-50,61,PIRATES,CHEMICAL TANKER,NA,"INDIAN OCEAN: Pirates in two white colored skiffs approached a chemical tanker uderway. OOW informed the Master who raised teh alarm and activated anti-piracy measures. As the skiffs approached, the onboard security team fired warning shots which were",ignored by the skiffs. As the skiffs continued to approach the vessel at high speed the security team again fired warning shots which resulted in the skiffs moving away.,NA,NA,NA,NA,2012-02-06,2012,NA,NA,High Seas,NA,NA,NA,NA,NA,NA,NA,NA,NA,NA,NA,NA,NA,NA,NA,NA,NA,NA,NA,NA
2012-20,61,PIRATES,Naval Auxiliary Ship,NA,"WESTERN INDIAN OCEAN: Six pirates in a skiff approached, fired upon and attempted to board a naval auxiliary ship underway from the stern. The naval force-protection team from the ship returned fire in self defense forcing the pirates to abort the",attempted attack. The ship's helicopter was lauched to track the skiff and the pirates surrendered. The injured pirates were given medical treatment onboard the naval ship.,NA,NA,NA,NA,2012-01-12,2012,NA,NA,High Seas,NA,NA,NA,NA,NA,NA,NA,NA,NA,NA,NA,NA,NA,NA,NA,NA,NA,NA,NA,NA
2013-10,62,SUSPICIOUS CRAFT,TANKER,NA,"YEMEN:On 08 January, LPG tanker experienced suspicious approach at 12-40N 043-16E, at Bab El Mandeb. Approximately 5 to 6 persons each in two skiffs approached the vessel while underway. Alarm raised, anti-piracy measures initiated, and distress message",transmitted. The onboard security team fired a warning flare and showed their weapons. One skiff slowed down but the other skiff continued its approach and closed to within 200 meters of the tanker. The security team fired two more warning shots but the,skiffs ignored the warning shots and continue to approach the tanker. Further shots were fired across the lead skiff's bow resulting in the skiffs retreating.,NA,NA,NA,2013-01-08,2013,NA,NA,High Seas,NA,NA,NA,NA,NA,NA,NA,NA,NA,NA,NA,NA,NA,NA,NA,NA,NA,NA,NA,NA
2012-162,62,PIRATES,TANKER,NA,"YEMEN:Tanker fired upon on 10 May while underway at 14:18 N - 058:27 E around 260 nm east-northeast of Socotra Island, Yemen. Six pirates in a skiff approached and fired upon a tanker underway from a distance of 500 meters. The armed security team",returned fire which resulted in the skiff aborting and moving away.,NA,NA,NA,NA,2012-05-10,2012,NA,NA,High Seas,NA,NA,NA,NA,NA,NA,NA,NA,NA,NA,NA,NA,NA,NA,NA,NA,NA,NA,NA,NA
2012-175,62,PIRATES,MERCHANT VESSEL,NA,"OMAN:Amerchant vessel reported being hijacked at 1126Z on 10 May in position 1548N 06118E approximately 450NM south east of Salalah, Oman.",NA,NA,NA,NA,NA,2012-05-10,2012,NA,NA,High Seas,NA,NA,NA,NA,NA,NA,NA,NA,NA,NA,NA,NA,NA,NA,NA,NA,NA,NA,NA,NA
2012-172,62,PIRATES,OIL TANKER,NA,"OMAN:Liberian-flagged crude oil tanker pirated on 10 May while underway at 15:58 N ¿ 061:02 E, around 250 nm southeast of Ras Al Madrakah, Oman. Ten pirates in two skiffs armed with automatic weapons chased a crude oil tanker underway. The tanker","enforced anti piracy measures, increased speed, made evasive maneuvers and managed to evade the boarding attempt resulting in the skiffs regrouping with the mother ship in the vicinity. Later, the skiffs launched a second attack on the tanker, approached",at a speed of 24 knots and managed to successfully board and hijack the vessel and take hostage the 26 crew members.,NA,NA,NA,2012-05-10,2012,NA,NA,High Seas,NA,NA,NA,NA,NA,NA,NA,NA,NA,NA,NA,NA,NA,NA,NA,NA,NA,NA,NA,NA
2012-126,62,PIRATES,MERCHANT VESSEL,NA,"INDIAN OCEAN:Merchant vessel attacked on 23 March while underway near position 16:58 N - 062:48 E, approximately 285 nm southeast of Masirah Island, Oman.",NA,NA,NA,NA,NA,2012-03-23,2012,NA,NA,High Seas,NA,NA,NA,NA,NA,NA,NA,NA,NA,NA,NA,NA,NA,NA,NA,NA,NA,NA,NA,NA
2012-97,62,Pirates,Container Carrier,NA,"Indian Ocean:Container carrier attacked on 11 March while underway near position 13:09 N - 057:56 E, approximately 210 nm east-northeast of Socotra Island, Yemen. Five pirates in a skiff doing 22 knots chased and fired upon the ship which was steaming at","21 knots. Pirates closed to the port quarter of the vessel and fired a rocket propelled grenade towards the bridge. Master increased speed, initiated other anti-piracy measures and mustered the crew in safe of the ship. After 20 minutes of chasing the","ship, the pirates aborted the attack and moved away.",NA,NA,NA,2012-03-11,2012,NA,NA,High Seas,NA,NA,NA,NA,NA,NA,NA,NA,NA,NA,NA,NA,NA,NA,NA,NA,NA,NA,NA,NA
2012-53,62,PIRATES,MERCHANT VESSEL,NA,ARABIAN SEA: Merchant vessel hijacked in 13-32N 058-36E on 8 February at 1438Z. Vessels are advised to keep 100 miles clear of this position and to exercise extreme caution.,NA,NA,NA,NA,NA,2012-02-08,2012,NA,NA,High Seas,NA,NA,NA,NA,NA,NA,NA,NA,NA,NA,NA,NA,NA,NA,NA,NA,NA,NA,NA,NA
2012-64,62,PIRATES,BULK CARRIER,NA,ARABIAN SEA: Pirates attacked and hijacked a bulk carrier underway. Pirates sailed the vessel towards Somalia coast. Awaiting further details.,NA,NA,NA,NA,NA,2012-02-07,2012,NA,NA,High Seas,NA,NA,NA,NA,NA,NA,NA,NA,NA,NA,NA,NA,NA,NA,NA,NA,NA,NA,NA,NA
2012-55,62,PIRATES,BULK CARRIER,NA,"ARABIAN SEA: Bulk carrier hijacked on 7 February while underway near position 16-03N 062-26E, approximately 520 miles off Socotra Island, Yemen. UKMTO was first notified about the potential hijacking when the vessel owner informed them that he could not","contact the vessel. The Free Goddess was en route from Adabiya, Egypt to Singapore, carrying 19,475 metric tons of steel cable with a crew of 21 on board. (Press)",NA,NA,NA,NA,2012-02-07,2012,NA,NA,High Seas,NA,NA,NA,NA,NA,NA,NA,NA,NA,NA,NA,NA,NA,NA,NA,NA,NA,NA,NA,NA
2016-211,63,Robbers,Fishing Vessel,NA,"BANGLADESH:On 14 September, a group of robbers reportedly kidnapped 20 fishermen and looted valuables from their boats in the Dhanshiddhir Char in Mongla area of Bagerhat in the Sundarbans, vicinity 21-48N 089-44E. Several fishermen who escaped the",kidnapping said 12 robbers of the 'Jahangir Bahini' gang attacked the fishermen. The robbers then looted fish and nets from the boats and abducted 20 fishermen. Five of the fishermen were injured as the robbers beat them as they tried to resist the,kidnappers.,NA,NA,NA,2016-09-14,2016,NA,NA,High Seas,NA,NA,NA,NA,NA,NA,NA,NA,NA,NA,NA,NA,NA,NA,NA,NA,NA,NA,NA,NA
2016-171,63,Pirates,Fishing Vessel,NA,"BANGLADESH:On 17 July, vicinity 22-22N 091-48E, pirates attacked a fishing boat operating near the Chittagong Gas Field, leaving one fisherman dead. After shooting at the boat, the pirates boarded and ransacked the ship, in addition to beating the","remaining fishermen, injuring up to 20 of them.",NA,NA,NA,NA,2016-07-17,2016,NA,NA,High Seas,NA,NA,NA,NA,NA,NA,NA,NA,NA,NA,NA,NA,NA,NA,NA,NA,NA,NA,NA,NA
2016-124,63,Robbers,LPG Tanker,NA,"INDIA:On 14 May at 0400 LT in 23-02N 070-13E, at Kandla port, a robber boarded a berthed LPG tanker and stole ship's properties and escaped. The incident was discovered later during routine rounds.",NA,NA,NA,NA,NA,2016-05-14,2016,NA,NA,High Seas,NA,NA,NA,NA,NA,NA,NA,NA,NA,NA,NA,NA,NA,NA,NA,NA,NA,NA,NA,NA
2016-36,63,Robbers,Towed Rig,NA,"INDIA:On 19 February near position 24-14N 072-17E about 11 NM SSE of Alang, India; robbers in 4 fishing boats approached and boarded a rig being towed by an underway tug. The tug crew noticed the robbers stealing items from the towed rig. Approximately","one hour later another 2 fishing boats came alongside the rig. A tug crewman raised the alarm, sounded 5 short blasts, mustered the crew and notified the VTS and local police.",NA,NA,NA,NA,2016-02-19,2016,NA,NA,High Seas,NA,NA,NA,NA,NA,NA,NA,NA,NA,NA,NA,NA,NA,NA,NA,NA,NA,NA,NA,NA
2016-49,63,Robbers,Tanker,NA,"INDIA:On 15 February, an unknown number of robbers boarded a berthed tanker near position22-02N 088-06E, Haldia Oil Jetty No 1, Haldia Port. The robbers were able to steal ship's stores and escape. The robbery was noticed when the crew approached the aft",stations to adjust the mooring ropes. The incident was reported to the authorities.,NA,NA,NA,NA,2016-02-15,2016,NA,NA,High Seas,NA,NA,NA,NA,NA,NA,NA,NA,NA,NA,NA,NA,NA,NA,NA,NA,NA,NA,NA,NA
2015-171,63,Robbers,Product Tanker,NA,"INDIA:On 24 July, at 0445 local time, a duty watchman informed the duty officer on the bridge that two robbers had boarded an anchored product tanker via the forecastle near position 23-01N 070-13E, Kandla Port Anchorage. The alarm was raised and the","crew was mustered. Seeing the crew's alertness, the robbers escaped with stolen ship's properties.",NA,NA,NA,NA,2015-07-24,2015,NA,NA,High Seas,NA,NA,NA,NA,NA,NA,NA,NA,NA,NA,NA,NA,NA,NA,NA,NA,NA,NA,NA,NA
2015-94,63,Robbers,Product Tanker,NA,"BANGLADESH:On 24 April, a duty crewman aboard an anchored product tanker spotted one small motor boat approaching from the starboard quarter near position 22:07 N - 091:47 E, Chittagong Outer Anchorage 'C'. The alarm was raised and the crew mustered on","the bridge. Three armed robbers boarded the tanker, stole ship properties and escaped.",NA,NA,NA,NA,2015-04-24,2015,NA,NA,High Seas,NA,NA,NA,NA,NA,NA,NA,NA,NA,NA,NA,NA,NA,NA,NA,NA,NA,NA,NA,NA
2014-256,63,Robbers,Fishing Boats,NA,"BANGLADESH: On 4 November, an armed group attacked a group of fishing boats near the Kuakata Beach area in the Patuakhali District, kidnapping up to 14 fishermen and stealing one of their fishing boats.",NA,NA,NA,NA,NA,2014-11-04,2014,NA,NA,High Seas,NA,NA,NA,NA,NA,NA,NA,NA,NA,NA,NA,NA,NA,NA,NA,NA,NA,NA,NA,NA
2013-202,63,PIRATES,FISHING VESSEL CHUN YING,NA,INDIAN OCEAN:The owners reported that a sister ship located the fishing vessel CHUN YING at position 01-13.28N 055-24.17E. The vessel was destroyed by a fire onboard. The two life rafts onboard were missing. The fate of the 28 crew members and 3 guards,is unknown. They may be in the liferafts. All vessels are requested to keep a sharp lookout for the missing crew members/liferafts and report to the IMB Piracy Reporting Center immediately if they have any information.,NA,NA,NA,NA,2013-06-26,2013,NA,NA,High Seas,NA,NA,NA,NA,NA,NA,NA,NA,NA,NA,NA,NA,NA,NA,NA,NA,NA,NA,NA,NA
2013-201,63,PIRATES,FISHING VESSEL CHUN YING,NA,INDIAN OCEAN:The owners of fishing vessel CHUN YING reported that they lost contact with their vessel since 20 JUNE 2013 at 0110 LT while the vessel in position 00-34N 054-48E. The vessel's satellite phones and tracking system are turned off. There are,28 crew members and 3 guards onboard. The vessel is missing in the HRA for pirate activities. The fate of the crew and vessel is unknown.,NA,NA,NA,NA,2013-06-26,2013,NA,NA,High Seas,NA,NA,NA,NA,NA,NA,NA,NA,NA,NA,NA,NA,NA,NA,NA,NA,NA,NA,NA,NA
2013-181,63,SUSPICIOUS CRAFT,OIL TANKER TAIZAN,NA,"INDIAN OCEAN:On 05 June, the Panama-flagged underway oil tanker TAIZAN experienced a suspicious approach at 17-12N 066-47E, approximately 291 nm southwest of Mumbai, India. A boat approached the vessel closing to 1.5 nm. TAIZAN attempted to increase","speed, but only up to 13.8 kts due to prevailing swells. Master ordered two parachute signals fired against the boat, then an additional four parachute signals as the boat continued to approach. Finally the boat gave up further approach.",NA,NA,NA,NA,2013-06-05,2013,NA,NA,High Seas,NA,NA,NA,NA,NA,NA,NA,NA,NA,NA,NA,NA,NA,NA,NA,NA,NA,NA,NA,NA
2013-162,63,ROBBERS,TANKER GOLDEN ADVENTURE,NA,"BANGLADESH:On 23 May, the berthed product tanker GOLDEN ADVENTURE was boarded in the vicinity of 22-16N 091-48E, at the Chittagong port. During discharge operations at berth, the tanker was boarded by robbers armed with knives. They were noticed by the","local watchman who immediately raised the alarm. The crew and watchman proceeded to the location, armed with long sticks and metal pipes. Seeing the approaching crew, the robbers jumped overboard and tried to escape with a mooring line, which the crew",successfully recovered. Port authorities informed.,NA,NA,NA,2013-05-23,2013,NA,NA,High Seas,NA,NA,NA,NA,NA,NA,NA,NA,NA,NA,NA,NA,NA,NA,NA,NA,NA,NA,NA,NA
2013-133,63,SUSPICIOUS CRAFT,FISHING VESSEL,NA,INDIAN OCEAN:Fishing Vessel reports possible piracy activity in 01-49N 051-11E. Vessels are advised to keep clear of this position and to exercise extreme caution.,NA,NA,NA,NA,NA,2013-05-06,2013,NA,NA,High Seas,NA,NA,NA,NA,NA,NA,NA,NA,NA,NA,NA,NA,NA,NA,NA,NA,NA,NA,NA,NA
2012-322,63,PIRATES,MERCHANT VESSEL,NA,ARABIAN SEA:Vessel attacked in 06-40N 059-05E at 1100Z on 28 November.,NA,NA,NA,NA,NA,2012-11-28,2012,NA,NA,High Seas,NA,NA,NA,NA,NA,NA,NA,NA,NA,NA,NA,NA,NA,NA,NA,NA,NA,NA,NA,NA
2012-239,63,PIRATES,MERCHANT VESSEL,NA,INDIAN OCEAN:Vessel attacked in 01-16N 058-07E at 170952Z August.,NA,NA,NA,NA,NA,2012-08-17,2012,NA,NA,High Seas,NA,NA,NA,NA,NA,NA,NA,NA,NA,NA,NA,NA,NA,NA,NA,NA,NA,NA,NA,NA
2012-160,63,PIRATES,OIL TANKER,NA,"YEMEN:Crude oil tanker attacked on 09 May while underway at 10:40 N - 060:04 E 345 nm east-southeast of Socotra Island, Yemen. Pirates in two skiffs armed with AK47 and RPG approached the crude tanker. The pirates fired seven RPG rounds and more than 300",AK-47 rounds at the tanker from 500 meters away. Effective anti piracy measures resulted in the skiffs aborting and moving away. No injuries from the crew but the vessel sustained damage from the weapons firing.,NA,NA,NA,NA,2012-05-09,2012,NA,NA,High Seas,NA,NA,NA,NA,NA,NA,NA,NA,NA,NA,NA,NA,NA,NA,NA,NA,NA,NA,NA,NA
2012-154,63,PIRATES,MERCHANT VESSEL,NA,"GULF OF ADEN:A merchant vessel reported being attacked on 07 May 2012 at 0405Z at posn 08:05N 056:18E, approximately 290 nm southeast of Socotra Island, Yemen.",NA,NA,NA,NA,NA,2012-05-07,2012,NA,NA,High Seas,NA,NA,NA,NA,NA,NA,NA,NA,NA,NA,NA,NA,NA,NA,NA,NA,NA,NA,NA,NA
2012-166,63,PIRATES,CONTAINER SHIP,NA,"YEMEN:Container ship experience an attempted boarding on 07 May at 08:17 N-056:29 E, around 275 nm south east of Socotra Island, Yemen. Pirates in three skiffs approached and attempted to board the ship. Alarm was sounded and all non-essential crew","mustered in the citadel. Rocket parachute flares were fired to warn the approaching skiffs. When the skiffs closed to less than 0.5 nm the onboard security team fired warning shots, resulting in the skiffs aborting the attack and moving away.",NA,NA,NA,NA,2012-05-07,2012,NA,NA,High Seas,NA,NA,NA,NA,NA,NA,NA,NA,NA,NA,NA,NA,NA,NA,NA,NA,NA,NA,NA,NA
2012-153,63,PIRATES,MERCHANT VESSEL,NA,ARABIAN SEA:M/V attacked in vicinity 08 08N 056 18E at 070350 UTC May 12. Vessels are advised to keep well clear of this position and to exercise extreme caution if in vicinity.,NA,NA,NA,NA,NA,2012-05-07,2012,NA,NA,High Seas,NA,NA,NA,NA,NA,NA,NA,NA,NA,NA,NA,NA,NA,NA,NA,NA,NA,NA,NA,NA
2012-157,63,Suspicious Craft,Merchant Vessel,NA,INDIAN OCEAN:M/V suspicious approach in vicinity 04 49N 054 47E at 241949 UTC Apr 12. Vessels are advised to keep well clear of this position and to exercise extreme caution if in vicinity.,NA,NA,NA,NA,NA,2012-04-24,2012,NA,NA,High Seas,NA,NA,NA,NA,NA,NA,NA,NA,NA,NA,NA,NA,NA,NA,NA,NA,NA,NA,NA,NA
2012-159,63,Pirates,Chemical Tanker,NA,"ARABIAN SEA:14.04.2012: 0652 UTC: Posn: 16:54N - 65:59E, around 410 NM WSW of Mumbai, India. Seven pirates armed with guns in a skiff approached a chemical tanker underway at high speed. Alarm sounded and armed security team mustered. When the skiff was",0.5 NM from the vessel the armed security team fired warning shots and the skiff aborted the approach. a mother vessel was sighted in the vicinity.,NA,NA,NA,NA,2012-04-14,2012,NA,NA,High Seas,NA,NA,NA,NA,NA,NA,NA,NA,NA,NA,NA,NA,NA,NA,NA,NA,NA,NA,NA,NA
2012-163,63,PIRATES,MERCHANT VESSEL,NA,ARABIAN SEA:M/V attacked in vicinity 12 14N - 061 45E at 090950 UTC Apr 12. Vessels are advised to keep well clear of this position and to exercise extreme cauton if in vicinity.,NA,NA,NA,NA,NA,2012-04-09,2012,NA,NA,High Seas,NA,NA,NA,NA,NA,NA,NA,NA,NA,NA,NA,NA,NA,NA,NA,NA,NA,NA,NA,NA
2012-41,63,PIRATES,CARGO SHIP,NA,INDIAN OCEAN: A general cargo ship underway noticed a mother ship lowering a skiff. The skiff with five armed pirates was seen approaching the vessel. The onboard armed security team fired warning flares which were ignored by the skiff. As the skiff,"approached the vessel, at a distance of 500 meters the security team fired warning shots resulting in the skiff aborting and moving away.",NA,NA,NA,NA,2012-01-28,2012,NA,NA,High Seas,NA,NA,NA,NA,NA,NA,NA,NA,NA,NA,NA,NA,NA,NA,NA,NA,NA,NA,NA,NA
2017-47,71,Robbers,Tug,NA,"INDONESIA:On 23 February, five robbers armed with a knife boarded an offshore tug anchored near position 01-10N 103-059E, Batu Ampar Anchorage, Batam Island. Alert crew noticed the robbers on the CCTV cameras and raised the alarm. Seeing the crew's","alertness, the robbers escaped without stealing anything.",NA,NA,NA,NA,2017-02-23,2017,NA,NA,High Seas,NA,NA,NA,NA,NA,NA,NA,NA,NA,NA,NA,NA,NA,NA,NA,NA,NA,NA,NA,NA
2016-315,71,Pirates,Fishing Vessel,NA,"PHILIPPINES:On 05 December, three Indonesian fishermen were kidnapped near the Philippine island of Labuan, in vicinity 05-16.8N 115-12.7E. All three fishermen were reportedly released unhurt the following day, and it is believed that the owner of the",Sandakan-based trawler or agents of the trawler's owner crossed the border to negotiate the immediate release of the three crewmen and the boat. Local authorities indicated that the three Indonesian crewmen were held by unidentified gunmen because they,were reportedly poaching within Philippine waters.,NA,NA,NA,2016-12-05,2016,NA,NA,High Seas,NA,NA,NA,NA,NA,NA,NA,NA,NA,NA,NA,NA,NA,NA,NA,NA,NA,NA,NA,NA
2016-247,71,Robbers,Bulk Carrier,NA,"INDONESIA:On 12 October, four robbers armed with knives boarded a bulk carrier anchored near position 01-42.5N 101-29.3E, Dumai anchorage. One crewmember was taken hostage and threatened with a knife. Property was stolen from the vessel¿s engine room an",the robbers escaped. The incident was reported to port control.,NA,NA,NA,NA,2016-10-12,2016,NA,NA,High Seas,NA,NA,NA,NA,NA,NA,NA,NA,NA,NA,NA,NA,NA,NA,NA,NA,NA,NA,NA,NA
2016-129,71,Pirates,Tug and Barge,NA,"MALAYSIA:On 02 June, the tug EVER PROSPER, towing the barge EVER DIGNITY, was hijacked near Mukah, Sarawak, East Malaysia, vicinity 02-53.8N 112-04.7E. Reportedly, another tug and barge pulled alongside, hijacked the tug and siphoned approximately 3,000","liters of the cargo, crude palm kernel oil, then departed. The crew of the EVER PROSPER is safe, with one crewman receiving a minor injury after being punched in the face by a hijacker.",NA,NA,NA,NA,2016-06-02,2016,NA,NA,High Seas,NA,NA,NA,NA,NA,NA,NA,NA,NA,NA,NA,NA,NA,NA,NA,NA,NA,NA,NA,NA
2016-102,71,Robbers,Vessel,NA,"INDONESIA:On 25 April at 0400 LT in 01-09.35N 103-56.68E, four robbers in a wooden boat approached and boarded an anchored dredge via the stern. They stole ship's properties and escaped. Incident reported to authorities who boarded the ship the following",day to investigate.,NA,NA,NA,NA,2016-04-25,2016,NA,NA,High Seas,NA,NA,NA,NA,NA,NA,NA,NA,NA,NA,NA,NA,NA,NA,NA,NA,NA,NA,NA,NA
2015-210,71,Robbers,Tanker,NA,"MALAYSIA:On 1 October, two robbers boarded a tanker via the anchor chain near position 05-49N 118-05E, 1.5 nm north-northeast of Sandakan, Borneo. An alert crewman spotted the robbers and raised the alarm, resulting in the robbers abandoning the",collected stolen items and escaping.,NA,NA,NA,NA,2015-10-01,2015,NA,NA,High Seas,NA,NA,NA,NA,NA,NA,NA,NA,NA,NA,NA,NA,NA,NA,NA,NA,NA,NA,NA,NA
2015-152,71,Robbers,Container Ship,NA,"INDONESIA:On 04 July at the Belawan International Container Terminal near position 03-43N 098-42E, three robbers in a wooden boat approached a berthed container ship. The duty watchman noticed two robbers boarding the ship near the forward deck. He",shouted at the robbers and alerted the crew.Seeing the alerted crew the robbers fled the area without stealing anything.,NA,NA,NA,NA,2015-07-04,2015,NA,NA,High Seas,NA,NA,NA,NA,NA,NA,NA,NA,NA,NA,NA,NA,NA,NA,NA,NA,NA,NA,NA,NA
2014-4,71,Robbers,Tanker,NA,"INDONESIA:On 18 December, robbers boarded a berthed tanker at position 03-47N 098-42E, Belawan Port. The robbers broke into the ship's forward store room and escaped with stolen ships property.",NA,NA,NA,NA,NA,2013-12-18,2013,NA,NA,High Seas,NA,NA,NA,NA,NA,NA,NA,NA,NA,NA,NA,NA,NA,NA,NA,NA,NA,NA,NA,NA
2013-303,71,ROBBERS,CHEMICAL TANKER NORD NIGHTINGALE,NA,"INDONESIA:On 12 October at 2000 local time, three robbers in a small boat approached and boarded anchored chemical tanker NORD NIGHTINGALE near position 06-10S 106-48E, Jakarta Tanker Anchorage. The alert duty crew noticed the robbers and shouted at",them; which resulted in the robbers escaping empty handed in their boat.,NA,NA,NA,NA,2013-10-12,2013,NA,NA,High Seas,NA,NA,NA,NA,NA,NA,NA,NA,NA,NA,NA,NA,NA,NA,NA,NA,NA,NA,NA,NA
2013-205,71,SUSPICIOUS CRAFT,BARGE,NA,"SINGAPORE:On 01 July, an underway barge in tow was boarded while transiting the Singapore Strait.During subsequent routine rounds, the crew from the tug towing the barge noticed items from the barge missing.",NA,NA,NA,NA,NA,2013-07-01,2013,NA,NA,High Seas,NA,NA,NA,NA,NA,NA,NA,NA,NA,NA,NA,NA,NA,NA,NA,NA,NA,NA,NA,NA
2013-213,71,ROBBERS,CHEMICAL TANKER,NA,"INDONESIA:On 27 June, an anchored chemical tanker experienced an attempted boarding at 06-01S 106-53E, at the Jakarta Tanker Anchorage. Alert crew on board the anchored chemical tanker spotted a wooden boat, with three robbers, armed with knives. The",alarm was sounded and the fire hoses were activated; resulting in the boarding attempt being made unsuccessful. All crew are safe.,NA,NA,NA,NA,2013-06-27,2013,NA,NA,High Seas,NA,NA,NA,NA,NA,NA,NA,NA,NA,NA,NA,NA,NA,NA,NA,NA,NA,NA,NA,NA
2013-167,71,ROBBERS,BULK CARRIER ANNA BARBARA,NA,"INDONESIA:On 24 May, the anchored bulk carrier ANNA BARBARA was boarded at 05-59S 105-57E, at the Cigading Anchorage. Three robbers armed with machetes in a speed boat, boarded the anchored bulk carrier. Alert duty crew noticed the robbers and raised the","alarm, causing in the robbers to disembark the vessel. Upon investigation, it was found that engine spares had been stolen. Port control informed.",NA,NA,NA,NA,2013-05-24,2013,NA,NA,High Seas,NA,NA,NA,NA,NA,NA,NA,NA,NA,NA,NA,NA,NA,NA,NA,NA,NA,NA,NA,NA
2012-311,71,PIRATES,TANKER,NA,"MALAYSIA:Tanker hijacked by 10 pirates sometime between 14 and 20 October near 05-16N 115-14E, at the Labuan Anchorage. Pirates released the vessel on 26 October after stealing her cargo, approximately 650 tons of fuel, and robbing the crew of cash and",personal belongings. Crew suffered only minor injuries.,NA,NA,NA,NA,2012-10-14,2012,NA,NA,High Seas,NA,NA,NA,NA,NA,NA,NA,NA,NA,NA,NA,NA,NA,NA,NA,NA,NA,NA,NA,NA
2012-267,71,PIRATES,TUG/BARGE,NA,"INDONESIA:Towed barge boarded on 25 September at 01-01N 104-01E, 6.8 nm northwest of Bintan Island. Officers on watch aboard the tug noticed two robbers had boarded the barge. The Alarm was raised, SSAS was activated, and a distress call was sent on VHF.",Singapore port control was notified and the crew was mustered. A police boat later arrived on scene but they could not find any boats in the vicinity. The police boat escorted the vessel for a few minutes and then departed the area.,NA,NA,NA,NA,2012-09-25,2012,NA,NA,High Seas,NA,NA,NA,NA,NA,NA,NA,NA,NA,NA,NA,NA,NA,NA,NA,NA,NA,NA,NA,NA
2012-272,71,PIRATES,TANKER,NA,"INDONESIA:Tanker boarded on 8 September at 01-49.2N 103-48.6E, 5 nm SE of Tanjung Piai, Johor. An unknown number of robbers boarded the anchored vessel during heavy rain squalls and stole ship's property items and escaped unnoticed. The theft was later",discovered by the duty crew after the heavy weather cleared.,NA,NA,NA,NA,2012-09-08,2012,NA,NA,High Seas,NA,NA,NA,NA,NA,NA,NA,NA,NA,NA,NA,NA,NA,NA,NA,NA,NA,NA,NA,NA
2012-201,71,PIRATES,TUGBOAT,NA,"MALAYSIA:Robbers boarded an anchored Tug on 17 June at 01:38 N-110:28 E, Kuching Anchorage, Malaysia. Robbers boarded an anchored tug and barge. They broke open containers, stole the cargo and escaped unnoticed. The master reported the incident to the",local law enforcement and authorities. The entire crew was safe.,NA,NA,NA,NA,2012-06-17,2012,NA,NA,High Seas,NA,NA,NA,NA,NA,NA,NA,NA,NA,NA,NA,NA,NA,NA,NA,NA,NA,NA,NA,NA
2012-137,71,PIRATES,CHEMICAL TANKER,NA,"INDONESIA:Chemical Tanker was boarded on 6 April while at anchorage in Dumai Inner Anchorage, Indonesia, at position 01:42N ¿ 103:27E. Four pirates armed with long knives boarded the ship; alert crewman noticed the pirates and raised the alarm. The",pirates escaped empty handed.,NA,NA,NA,NA,2012-04-06,2012,NA,NA,High Seas,NA,NA,NA,NA,NA,NA,NA,NA,NA,NA,NA,NA,NA,NA,NA,NA,NA,NA,NA,NA
2016-184,72,Pirates,Fishing Vessel,NA,"MALAYSIA:On 3 August, unidentified gunmen reportedly kidnapped the captain of a fishing boat as it operated northeast of Sabah state on Borneo Island. The kidnappers let the two crewmen go. No group has claimed responsibility.",NA,NA,NA,NA,NA,2016-08-03,2016,NA,NA,High Seas,NA,NA,NA,NA,NA,NA,NA,NA,NA,NA,NA,NA,NA,NA,NA,NA,NA,NA,NA,NA
2016-170,72,Pirates,Tug and Barge,NA,"MALAYSIA:On 18 July vicinity 05-16N 119-15E, near Dent Haven Sabah, the tug Serudong 3 and barge Seruding 4, were found abandoned with the engine still operating. The tug carried a crew of five and one of the crewmen has reportedly contacted the shipping",compnay to relay a ransom demand form the kidnappers.UPDATE:Efforts are being stepped up to secure the release of five Malaysian sailors taken hostage from waters off Dent Haven in Lahad Datu. A police spokesman has said that the men were reported to be,"safe and well. It was last reported that the kidnappers were seeking 100 million pesos (RM8.5mil) for the release of the sailors.UPDATE:On 23 March, the Philippine military announced it had successfully rescued two of the Malaysian tugboat crewmen held","by Abu Sayyaf bandits since July 2016. In a statement, Maj. Gen. Carlito Galvez of the Philippine Army said Malaysians Tayudin Anjut, 45, and Abdurahim Bin Sumas, 62, were freed after a focused military operation in Kalinggalang Caluang town in Sulu,","particularly near Pata Island. The rescued kidnap victims are weak and in a sickly state when they were rescued by our troops. Military doctors are now attending to them, Galvez said. Three other crewmen from that boat remain in Abu Sayyaf custody.On 27","March, Philippine troops rescued three Malaysians held captive by Abu Sayyaf rebels. The three men were kidnapped from a ship eight months ago, and their rescue means no other Malaysians are currently held hostage as two others were rescued at sea last",2016-07-18,2016,NA,NA,High Seas,NA,NA,NA,NA,NA,NA,NA,NA,NA,NA,NA,NA,NA,NA,NA,NA,NA,NA,NA,NA
2013-294,72,Robbers,Tanker,NA,"INDONESIA:On 5 October at 0040 local time, robbers with knives boarded anchored tanker HS CARMEN that was awaiting cargo operations near position 08-10S 117-33E, Santan anchorage. The duty crew noticed movements at the forecastle, informed the bridge,",and proceeded towards the forecastle to investigate. The duty officer raised the alarm and the crew mustered. Upon reaching the forecastle the robbers threatened the crews with long knives and escaped. The crew retrieved the stores the robbers were,trying to steal. Port authorities were informed but no response was received. The incidents were reported to the local police via the ship's agent.,NA,NA,NA,2013-10-05,2013,NA,NA,High Seas,NA,NA,NA,NA,NA,NA,NA,NA,NA,NA,NA,NA,NA,NA,NA,NA,NA,NA,NA,NA
2013-13,72,ROBBERS,CHEMICAL TANKER HISTRIA PRINCE,NA,"INDONESIA:On 04 January, chemical tanker HISTRIA PRINCE boarded at 01-16S 116-49E, at the Balikpapan Port Jetty No. 5C. Four robbers approached the vessel at berth while engaged in loading operations. One of the robbers boarded by climbing the forward","fire wire, stole ship's properties and escaped. The incident was reported to the local agent and the port authorities.",NA,NA,NA,NA,2013-01-04,2013,NA,NA,High Seas,NA,NA,NA,NA,NA,NA,NA,NA,NA,NA,NA,NA,NA,NA,NA,NA,NA,NA,NA,NA
2017-31,83,Robbers,Sailing Vessel,NA,FIJI:On 25 January two individuals boarded a sailing yacht boat anchored in Suva. They attacked the lone crewman with a cane knife and injured him severely. The crewman was hospitalized and police apprehended one of the perpetrators.,NA,NA,NA,NA,NA,2017-01-25,2017,NA,NA,High Seas,NA,NA,NA,NA,NA,NA,NA,NA,NA,NA,NA,NA,NA,NA,NA,NA,NA,NA,NA,NA
2015-234,83,Robbers,Sailing Yacht,NA,"FRENCH POLYNESIA:On 16 October, an unknown number of robbers boarded an anchored sailing yacht near position 17-29S 149-50W in Maharepa, Moorea. The robbers broke into several cabins on the yacht, stealing personal electronics, navigational equipment and",other items.,NA,NA,NA,NA,2015-10-16,2015,NA,NA,High Seas,NA,NA,NA,NA,NA,NA,NA,NA,NA,NA,NA,NA,NA,NA,NA,NA,NA,NA,NA,NA
2017-7,91,Robbers,Product Tanker,NA,"PHILIPPINES:On 07 January, robbers in two unlit boats boarded a product tanker anchored near position 13-44N 121-02E, Batangas Anchorage. Duty crewman on routine rounds noticed the robbers and raised the alarm. Hearing the alarm, the robbers escaped in","their boats. Crew mustered and a search was carried out. It was reported that ship's properties were stolen. Incident reported to Coast Guard, who boarded the tanker for investigation.",NA,NA,NA,NA,2017-01-07,2017,NA,NA,High Seas,NA,NA,NA,NA,NA,NA,NA,NA,NA,NA,NA,NA,NA,NA,NA,NA,NA,NA,NA,NA
2014-154,91,Robbers,Tanker,NA,"PHILIPPINES:On 25 June, two robbers boarded an anchored tanker near position 13-45N 121-02E, Batangas Anchorage. Duty officer and duty crewman saw movement on the forecastle. Upon investigation, they saw the robbers lowering stolen ship's stores into",their boat. Duty officer raised alarm and informed port authorities. Robbers escaped with stolen equipment.,NA,NA,NA,NA,2014-06-25,2014,NA,NA,High Seas,NA,NA,NA,NA,NA,NA,NA,NA,NA,NA,NA,NA,NA,NA,NA,NA,NA,NA,NA,NA
2016-278,92,Robbers,Tanker,NA,"PHILIPPINES:On 06 November, an unknown number of robbers boarded an anchored tanker near position 07-20N 125-37E, Davao Anchorage. The robbers stole ship's stores and escaped. The theft was noticed by the duty crew on routine rounds. Port control",informed.,NA,NA,NA,NA,2016-11-06,2016,NA,NA,High Seas,NA,NA,NA,NA,NA,NA,NA,NA,NA,NA,NA,NA,NA,NA,NA,NA,NA,NA,NA,NA
2016-202,92,Pirates,Cruise Ship,NA,"PHILIPPINES:On 25 August, gunmen attacked the passenger boat MB PRINCESS AJ near Claveria town on the island province of Masbate, vicinity 12-49N 123-14E. The gunmen reportedly fired at the engine of the passenger boat, and instead hit three passengers,",severely injuring one of them.,NA,NA,NA,NA,2016-08-25,2016,NA,NA,High Seas,NA,NA,NA,NA,NA,NA,NA,NA,NA,NA,NA,NA,NA,NA,NA,NA,NA,NA,NA,NA
2014-164,92,Armed robebrs,Fishing boat,NA,"PHILIPPINES:On 5 July, armed persons in a small motorboat approached and fired upon a fishing boat near position 06-58N 118-30E, vicinity of Mapun de Tawi-Tawi. The fishermen jumped into the water to save their lives and were able to swim back to their",boat after the armed persons left the area. It was reported that the Captain of the fishing boat was found dead and one crewman was missing. Incident reported to the Philippine Coast Guard.,NA,NA,NA,NA,2014-07-05,2014,NA,NA,High Seas,NA,NA,NA,NA,NA,NA,NA,NA,NA,NA,NA,NA,NA,NA,NA,NA,NA,NA,NA,NA
2014-119,92,Kidnappers,Yacht,NA,"PHILIPPINES:Two German citizens living in the Philippines were reportedly kidnapped in late April from their sailing yacht CATHERINE near Palawan Island while on an island-hopping trip, according to police and press reports. They are reportedly being","held by members of the Abu Sayyaf Group, along with two other Europeans taken by the group in 2012.",NA,NA,NA,NA,2014-04-30,2014,NA,NA,High Seas,NA,NA,NA,NA,NA,NA,NA,NA,NA,NA,NA,NA,NA,NA,NA,NA,NA,NA,NA,NA
2015-158,93,Robbers,Bulk Carrier,NA,"Vietnam:On 15 July, 8 robbers in 2 wooden boats boarded a berthed bulk carrier near position at 10-45 N 106-42 E, in the Fertilizer Terminal, Ho Chi Minh City Port. The duty crewman on routine rounds noticed the robbers and informed the duty officer who","raised the alarm. Several duty crewmen proceeded towards the robbers but stopped when they saw the robbers were armed with long knives. Upon hearing the alarm and seeing the alerted crew, the robbers fled with the ship's stolen properties in their boats.",NA,NA,NA,NA,2015-07-15,2015,NA,NA,High Seas,NA,NA,NA,NA,NA,NA,NA,NA,NA,NA,NA,NA,NA,NA,NA,NA,NA,NA,NA,NA
2015-24,93,Robbers,Container Ship,NA,"VIETNAM: On 10 February, a deck watchman on routine rounds aboard a berthed container ship near position 20-52N 106-40E, Nam Hai Container Terminal, Haiphong saw two robbers near the forward store room and alerted the Duty Officer and local police",officers aboard the vessel. Alarm was raised and the ship was searched. The robbers were able to escape and a search of the vessel revealed the theft of items from the store room.,NA,NA,NA,NA,2015-02-10,2015,NA,NA,High Seas,NA,NA,NA,NA,NA,NA,NA,NA,NA,NA,NA,NA,NA,NA,NA,NA,NA,NA,NA,NA
2014-226,93,Robbers,Bulk carrier,NA,"VIETNAM:On 11 October, three robbers boarded a moored bulk carrier near position 10-43N 106-46E, Mooring Buoys, Ho Chi Minh City. During routine rounds duty cadet noticed the paint storeroom's lock missing. Upon approaching the storeroom the cadet was",confronted by three robbers and taken hostage. When he did not respond to calls from the bridge the duty officer sent a duty crewman to investigate. The cadet was found lying on the deck with a bag over his head and his hands tied up. Alarm raised and,all crew mustered. The robbers had already escaped with stolen ship's stores. The cadet suffered injuries due to being beaten by the robbers.,NA,NA,NA,2014-10-11,2014,NA,NA,High Seas,NA,NA,NA,NA,NA,NA,NA,NA,NA,NA,NA,NA,NA,NA,NA,NA,NA,NA,NA,NA
2013-229,93,ROBBERS,PRODUCT TANKER,NA,"VIETNAM:On 21 July, the Singapore-flagged berthed product tanker KIRANA TRITYA was boarded at the Nha Be Terminal. Five robbers in a small boat approached the berthed product tanker. Two robbers armed with knives managed to board the tanker using a rope","while the remaining robbers remained in their boat. The duty able bodied seaman, on deck watch, noticed the robbers and informed the duty officer who raised the alarm. Crew mustered and approached the robbers with wooden sticks. Upon seeing the crew","alertness, the robbers jumped overboard and escaped empty handed.",NA,NA,NA,2013-07-21,2013,NA,NA,High Seas,NA,NA,NA,NA,NA,NA,NA,NA,NA,NA,NA,NA,NA,NA,NA,NA,NA,NA,NA,NA
2013-93,93,ROBBERS,BULK CARRIER WESTGATE,NA,"VIETNAM:On 09 April, robbers boarded the berthed bulk carrier WESTGATE at 10-34N 107-01E, at the Ho Chi Minh Port, and stole items from the vessel. They robbers escaped undetected.",NA,NA,NA,NA,NA,2013-04-09,2013,NA,NA,High Seas,NA,NA,NA,NA,NA,NA,NA,NA,NA,NA,NA,NA,NA,NA,NA,NA,NA,NA,NA,NA
2012-212,93,PIRATES,CHEMICAL TANKER,NA,"VIETNAM:Chemical tanker boarded on 27 June at 10-41N 106-45E, Nha Be Terminal, Ho Chi Minh City. Robbers boarded the berthed vessel during cargo operations, stole the fire wire and escaped. The duty A/B noticed foot prints and the missing fire wire while",on rounds. The alarm was raised and the authorities were informed. The crew searched the vessel but did not find the robbers.,NA,NA,NA,NA,2012-06-27,2012,NA,NA,High Seas,NA,NA,NA,NA,NA,NA,NA,NA,NA,NA,NA,NA,NA,NA,NA,NA,NA,NA,NA,NA
2016-120,94,Robbers,Bulk Carrier,NA,"CHINA:On 27 March at 0610 LT vicinity 32-16N 119-25E, at Yangzhou terminal, robbers disguised as stevedores boarded bulk carrier during cargo operations and escaped with ship's property. Duty crew noticed the theft and raised the alarm. Crew mustered and",a search was carried out. Incident was reported to port authority.,NA,NA,NA,NA,2016-03-27,2016,NA,NA,High Seas,NA,NA,NA,NA,NA,NA,NA,NA,NA,NA,NA,NA,NA,NA,NA,NA,NA,NA,NA,NA
