mmsi,from_port,to_port,departure_date,arrival_date,distance_km,hours,ais_pings
355541000,"JAKARTA,IDN","MANILA,PHL",2012-07-09,2012-07-30,6712.579765559195,235.39291666666665,301
354556000,"TEMA,GHA","ABIDJAN,CIV",2012-02-22,2012-02-26,548.4362080771581,91.2002777777778,58
538003252,"TEMA,GHA","ABIDJAN,CIV",2017-04-28,2017-04-29,540.2061811681247,19.95736111111111,130
636090967,"MANILA,PHL","JAKARTA,IDN",2012-01-29,2012-02-02,1283.8199020926113,45.70208333333334,20
636091184,"ABIDJAN,CIV","LUANDA,AGO",2012-05-11,2012-06-10,13112.019916995234,660.509027777778,462
636015612,"TEMA,GHA","ABIDJAN,CIV",2013-10-13,2013-10-16,133.90791325975863,61.5961111111111,69
209366000,"TEMA,GHA","ABIDJAN,CIV",2013-12-23,2013-12-24,469.897963447803,23.845694444444437,35
636011520,"ABIDJAN,CIV","TEMA,GHA",2014-07-28,2014-07-29,504.61918210872665,39.71680555555556,88
304513000,"LUANDA,AGO","TEMA,GHA",2017-01-16,2017-01-21,2164.6056881883906,106.56013888888889,415
566282000,"TEMA,GHA","ABIDJAN,CIV",2017-01-13,2017-01-14,543.537708738463,24.598472222222217,219
374294000,"ABIDJAN,CIV","TEMA,GHA",2017-11-12,2017-11-13,361.2511418153351,22.974861111111128,346
636014791,"JAKARTA,IDN","MANILA,PHL",2016-04-01,2016-04-09,2711.1618617838803,139.18444444444438,124
370095000,"TEMA,GHA","ABIDJAN,CIV",2012-06-17,2012-06-18,452.2342235540547,19.147777777777776,30
636014884,"TEMA,GHA","ABIDJAN,CIV",2014-06-15,2014-06-15,449.38074388154746,13.25986111111111,66
311691000,"MANILA,PHL","JAKARTA,IDN",2016-03-12,2016-03-21,4175.165127281187,214.25777777777782,458
636091958,"TEMA,GHA","ABIDJAN,CIV",2012-07-18,2012-07-20,526.4116612915813,35.61388888888889,27
370616000,"MANILA,PHL","JAKARTA,IDN",2012-04-23,2012-04-28,1896.745167703404,104.35222222222224,49
636014030,"JAKARTA,IDN","MANILA,PHL",2016-02-02,2016-02-08,1487.0768389346429,64.38333333333334,88
351698000,"TEMA,GHA","ABIDJAN,CIV",2012-01-08,2012-01-08,475.1905636329063,15.594444444444441,148
352231000,"TEMA,GHA","ABIDJAN,CIV",2014-11-18,2014-11-20,478.4966174934518,32.02777777777778,78
477996500,"ABIDJAN,CIV","TEMA,GHA",2017-03-31,2017-04-04,653.9496938034085,75.61541666666668,358
636016742,"TEMA,GHA","ABIDJAN,CIV",2017-04-08,2017-04-11,935.2974689138916,62.94097222222225,388
248572000,"TEMA,GHA","ABIDJAN,CIV",2014-05-05,2014-05-06,516.2241146731614,21.742083333333326,46
311054400,"LUANDA,AGO","TEMA,GHA",2014-08-23,2014-08-26,2120.552713438968,70.45430555555555,352
1,"JAKARTA,IDN","HONG KONG,HKG",2015-01-24,2015-01-24,1.5540220617414886,0.3079166666666666,3
370616000,"MANILA,PHL","JAKARTA,IDN",2013-11-27,2013-12-02,3386.8924995431616,128.99708333333336,144
304736000,"LUANDA,AGO","TEMA,GHA",2016-01-10,2016-01-14,2161.2408693042853,92.8679166666667,343
354106000,"JAKARTA,IDN","MANILA,PHL",2014-02-28,2014-03-07,3416.9728571451515,162.5931944444445,135
636015515,"TEMA,GHA","ABIDJAN,CIV",2015-04-16,2015-04-17,527.8159617454393,26.915555555555567,92
373260000,"TEMA,GHA","ABIDJAN,CIV",2012-09-13,2012-09-14,492.50896225009296,16.46291666666666,34
370095000,"TEMA,GHA","ABIDJAN,CIV",2013-10-20,2013-10-21,472.23280573619303,15.590277777777779,29
356136000,"TEMA,GHA","ABIDJAN,CIV",2012-02-25,2012-02-26,443.3556720452233,19.352222222222224,14
636015612,"TEMA,GHA","ABIDJAN,CIV",2014-01-06,2014-01-09,662.374284848138,78.6113888888889,76
636014791,"JAKARTA,IDN","MANILA,PHL",2015-01-02,2015-01-08,3242.4030022165193,118.82819444444442,48
636091958,"TEMA,GHA","ABIDJAN,CIV",2012-03-01,2012-03-04,487.13524506104574,78.33916666666667,49
210806000,"TEMA,GHA","ABIDJAN,CIV",2015-11-24,2015-11-27,647.2780013239352,83.22472222222223,94
247207000,"TEMA,GHA","ABIDJAN,CIV",2013-06-28,2013-06-29,527.7144743446178,20.106388888888887,50
259075000,"LUANDA,AGO","TEMA,GHA",2017-06-22,2017-06-26,2172.644954030833,88.50958333333332,480
373260000,"LUANDA,AGO","TEMA,GHA",2014-11-02,2014-11-05,2094.2810242346677,70.03874999999996,317
372999000,"JAKARTA,IDN","MANILA,PHL",2012-04-03,2012-04-07,2797.5593986308445,95.36680555555554,28
538003023,"TEMA,GHA","ABIDJAN,CIV",2013-07-12,2013-07-13,463.2832906972818,21.623611111111114,56
271040008,"TEMA,GHA","ABIDJAN,CIV",2014-01-12,2014-01-13,603.6448297464381,25.669166666666662,56
352314000,"ABIDJAN,CIV","TEMA,GHA",2017-03-11,2017-03-13,289.992831604474,35.180277777777775,8
351125000,"TEMA,GHA","ABIDJAN,CIV",2014-06-22,2014-06-27,1238.3222541487255,135.41236111111112,198
538003052,"LUANDA,AGO","TEMA,GHA",2015-05-07,2015-05-12,2147.9982408283877,113.45972222222224,232
477818000,"TEMA,GHA","LUANDA,AGO",2015-07-02,2015-07-08,3525.94812635435,149.65888888888895,101
304902000,"LUANDA,AGO","ABIDJAN,CIV",2012-08-21,2012-08-26,2445.7027096136753,119.99430555555553,113
355321000,"MANILA,PHL","JAKARTA,IDN",2013-05-19,2013-05-25,2567.0686849978747,126.39791666666666,139
636092252,"JAKARTA,IDN","MANILA,PHL",2013-01-27,2013-02-01,3253.8108214460685,116.16041666666668,148
477883100,"TEMA,GHA","ABIDJAN,CIV",2015-05-23,2015-05-28,864.1662091422842,111.99069444444439,346
355615000,"MANILA,PHL","JAKARTA,IDN",2012-01-13,2012-01-18,2644.6321985208547,113.46416666666663,88
477056900,"MANILA,PHL","JAKARTA,IDN",2012-01-23,2012-01-27,2546.956768117728,74.24305555555556,14
355541000,"JAKARTA,IDN","MANILA,PHL",2012-02-20,2012-02-24,2535.2790241304556,82.84,15
566613000,"LUANDA,AGO","TEMA,GHA",2014-01-11,2014-01-16,2978.7965528111,120.53055555555554,166
636015515,"TEMA,GHA","ABIDJAN,CIV",2014-10-13,2014-10-14,587.0804540794063,28.39805555555556,108
477530000,"TEMA,GHA","LUANDA,AGO",2014-10-17,2014-10-22,2359.182092164627,119.14458333333333,206
636016395,"ABIDJAN,CIV","LUANDA,AGO",2014-07-20,2014-07-25,2441.1481140851056,116.58986111111112,113
351698000,"TEMA,GHA","ABIDJAN,CIV",2014-06-14,2014-06-15,481.2281901458987,14.920416666666666,64
636092010,"TEMA,GHA","ABIDJAN,CIV",2013-12-14,2013-12-16,497.7747561889345,32.85611111111111,27
256634000,"TEMA,GHA","ABIDJAN,CIV",2017-09-04,2017-09-07,575.2091230306833,78.5995833333333,418
374066000,"JAKARTA,IDN","MANILA,PHL",2016-05-06,2016-05-12,1639.4248414147962,82.3238888888889,40
247311200,"TEMA,GHA","ABIDJAN,CIV",2012-01-04,2012-01-05,526.653795092805,18.29541666666667,183
355321000,"JAKARTA,IDN","MANILA,PHL",2012-08-15,2012-08-21,2777.7038708913124,128.2790277777778,24
248931000,"TEMA,GHA","ABIDJAN,CIV",2013-05-14,2013-05-17,732.6027896511501,60.04555555555554,118
351698000,"TEMA,GHA","ABIDJAN,CIV",2017-05-06,2017-05-07,507.2263232899353,16.583611111111114,207
636091785,"TEMA,GHA","ABIDJAN,CIV",2013-10-28,2013-10-29,411.5143339565157,22.066249999999997,4
477174900,"TEMA,GHA","ABIDJAN,CIV",2013-10-31,2013-11-01,527.5689419958991,29.47027777777778,60
370095000,"TEMA,GHA","ABIDJAN,CIV",2014-01-11,2014-01-12,478.63380717011,14.517916666666668,33
241268000,"ABIDJAN,CIV","TEMA,GHA",2014-01-21,2014-02-09,193.78774848374604,72.50208333333333,75
311691000,"JAKARTA,IDN","MANILA,PHL",2016-03-23,2016-03-28,2171.0466305214886,78.80916666666667,66
357919000,"ABIDJAN,CIV","TEMA,GHA",2013-05-06,2013-05-11,2761.999012943755,128.11444444444436,236
253161000,"TEMA,GHA","ABIDJAN,CIV",2016-05-08,2016-05-09,547.3809206415933,29.48361111111111,158
548728000,"MANILA,PHL","JAKARTA,IDN",2012-06-20,2012-06-26,2561.9259570323447,111.39722222222223,25
566028000,"ABIDJAN,CIV","TEMA,GHA",2012-03-24,2012-03-28,2426.1194742891457,106.018888888889,118
309656000,"TEMA,GHA","ABIDJAN,CIV",2012-03-31,2012-04-01,455.34227573932617,20.087916666666665,19
538003716,"LUANDA,AGO","TEMA,GHA",2015-03-24,2015-03-28,2155.8202985904804,100.66097222222221,81
248931000,"ABIDJAN,CIV","TEMA,GHA",2013-07-13,2013-07-24,1100.5105843143742,257.6065277777779,1327
538090194,"TEMA,GHA","ABIDJAN,CIV",2015-04-18,2015-04-19,487.703845079009,16.702361111111117,63
477748500,"JAKARTA,IDN","MANILA,PHL",2013-02-17,2013-02-23,2065.618979641358,91.4795833333333,112
357919000,"TEMA,GHA","ABIDJAN,CIV",2013-12-23,2013-12-24,478.6798054606709,15.265833333333333,40
271040008,"TEMA,GHA","ABIDJAN,CIV",2014-05-11,2014-05-12,554.2618048795432,21.35486111111111,48
574274000,"TEMA,GHA","ABIDJAN,CIV",2014-11-11,2014-11-12,486.6833550054327,30.68083333333333,74
311006700,"MANILA,PHL","JAKARTA,IDN",2013-03-28,2013-04-07,2324.9066385817614,126.80916666666664,111
372125000,"JAKARTA,IDN","MANILA,PHL",2016-09-02,2016-09-08,2982.1721363311426,139.35930555555555,67
370616000,"JAKARTA,IDN","MANILA,PHL",2012-11-11,2012-11-17,3397.3560771880066,131.68277777777783,160
477748500,"MANILA,PHL","JAKARTA,IDN",2013-02-09,2013-02-15,1775.4981787507713,88.63333333333335,97
636092252,"MANILA,PHL","JAKARTA,IDN",2012-01-22,2012-01-28,2627.137158129384,116.87666666666667,60
357539000,"TEMA,GHA","ABIDJAN,CIV",2016-06-15,2016-06-16,606.1024574611434,29.887777777777778,192
277350000,"PORT HARCOURT,NGA","ABIDJAN,CIV",2013-11-16,2013-11-19,1565.1947942655504,78.80486111111111,201
566822000,"JAKARTA,IDN","MANILA,PHL",2014-06-25,2014-07-01,2821.007610757435,91.34666666666665,42
314296000,"LUANDA,AGO","ABIDJAN,CIV",2017-03-17,2017-03-21,2458.6630212167192,96.2940277777777,1106
212334000,"JAKARTA,IDN","MANILA,PHL",2015-04-10,2015-04-18,2518.4344311547434,109.3870833333333,47
566058000,"TEMA,GHA","ABIDJAN,CIV",2013-09-11,2013-09-12,499.70368309500964,13.964305555555555,34
1193046,"TEMA,GHA","LUANDA,AGO",2016-07-20,2016-07-20,5.460867594880339,2.405416666666667,27
566277000,"LUANDA,AGO","TEMA,GHA",2017-07-16,2017-07-20,2308.819744913992,87.77652777777772,901
1193046,"LUANDA,AGO","ABIDJAN,CIV",2016-10-21,2016-10-21,5.63993637378023,0.7234722222222222,7
373731000,"ABIDJAN,CIV","TEMA,GHA",2012-05-11,2012-05-13,558.8989382588971,32.02986111111112,52
357993000,"TEMA,GHA","ABIDJAN,CIV",2012-02-20,2012-02-21,478.311194986941,14.924861111111115,95
269806000,"LUANDA,AGO","ABIDJAN,CIV",2012-10-03,2012-10-08,2545.38259780723,119.6755555555556,193
563904000,"JAKARTA,IDN","MANILA,PHL",2013-08-23,2013-08-28,2259.8069459939784,107.35944444444445,149
636092388,"TEMA,GHA","ABIDJAN,CIV",2012-06-29,2012-06-30,514.7490543398212,17.28736111111111,12
636091187,"ABIDJAN,CIV","TEMA,GHA",2012-05-31,2012-06-07,1469.5613598055613,150.05624999999998,96
305415000,"TEMA,GHA","ABIDJAN,CIV",2013-09-08,2013-09-14,303.37998924038044,46.76097222222222,27
566997000,"LUANDA,AGO","ABIDJAN,CIV",2015-10-07,2015-10-10,579.6215310960674,19.81430555555556,85
246453000,"LUANDA,AGO","ABIDJAN,CIV",2012-04-28,2012-05-03,2421.616125524369,113.67333333333332,138
636014240,"TEMA,GHA","ABIDJAN,CIV",2012-06-10,2012-06-11,450.05492709857015,14.55236111111111,24
538005503,"LUANDA,AGO","TEMA,GHA",2015-07-23,2015-07-25,2187.353225465617,60.57708333333334,151
563479000,"TEMA,GHA","ABIDJAN,CIV",2014-05-29,2014-06-02,687.1165393721911,102.14027777777778,154
636091020,"TEMA,GHA","ABIDJAN,CIV",2012-05-16,2012-05-20,306.2058766067974,12.959583333333335,14
355690000,"TEMA,GHA","ABIDJAN,CIV",2012-04-17,2012-05-06,3868.216312927879,443.6870833333334,545
305884000,"ABIDJAN,CIV","TEMA,GHA",2013-05-07,2013-05-11,1352.6112061680208,92.22069444444445,341
636091472,"TEMA,GHA","ABIDJAN,CIV",2012-07-30,2012-08-01,499.9338758959144,42.050138888888895,32
357158000,"TEMA,GHA","ABIDJAN,CIV",2013-02-04,2013-02-07,653.0881159265388,84.97374999999997,361
245118000,"JAKARTA,IDN","MANILA,PHL",2015-12-18,2015-12-23,1451.7601290196706,54.038194444444436,28
357079000,"MANILA,PHL","JAKARTA,IDN",2013-06-23,2013-06-30,3459.9924889183635,178.87486111111102,212
355541000,"MANILA,PHL","JAKARTA,IDN",2012-02-25,2012-03-17,5625.515572293272,238.6663888888889,176
271000426,"ABIDJAN,CIV","TEMA,GHA",2014-05-01,2014-05-02,463.9180518795887,17.707638888888887,53
215210000,"ABIDJAN,CIV","TEMA,GHA",2013-11-01,2013-11-02,480.36030809255516,17.054583333333333,25
271042493,"TEMA,GHA","ABIDJAN,CIV",2014-12-19,2014-12-20,545.5613831920268,21.473888888888897,83
1193046,"LUANDA,AGO","TEMA,GHA",2016-06-30,2016-06-30,61.53194090928516,24.704305555555568,121
636014240,"TEMA,GHA","ABIDJAN,CIV",2015-11-04,2015-11-05,462.508384162313,13.971527777777775,82
357079000,"JAKARTA,IDN","MANILA,PHL",2013-07-30,2013-08-02,2815.026947518929,84.44791666666666,33
248574000,"ABIDJAN,CIV","TEMA,GHA",2013-12-22,2013-12-22,472.7026622289606,16.08458333333333,38
311054400,"LUANDA,AGO","TEMA,GHA",2012-08-10,2012-08-19,2851.496101066311,212.59708333333344,193
357079000,"MANILA,PHL","JAKARTA,IDN",2013-10-13,2013-10-19,3444.024987257272,134.78111111111116,132
563003400,"TEMA,GHA","ABIDJAN,CIV",2017-04-09,2017-04-10,553.8997107883362,23.300000000000004,101
319149000,"LUANDA,AGO","TEMA,GHA",2015-04-07,2015-04-10,2244.060261218309,69.02930555555561,280
636014890,"ABIDJAN,CIV","TEMA,GHA",2014-03-17,2014-03-18,425.28682069344984,14.159027777777778,46
636090615,"LUANDA,AGO","ABIDJAN,CIV",2012-05-06,2012-05-11,2484.4634613137046,103.50388888888885,112
248931000,"TEMA,GHA","ABIDJAN,CIV",2012-03-20,2012-03-22,526.6760294341208,38.572361111111114,24
255805576,"TEMA,GHA","ABIDJAN,CIV",2014-07-24,2014-07-28,528.1268099637971,64.01791666666666,32
565970000,"TEMA,GHA","ABIDJAN,CIV",2016-07-25,2016-07-26,533.1949785058787,29.006666666666668,101
357919000,"TEMA,GHA","ABIDJAN,CIV",2012-01-15,2012-01-16,469.5850015697344,15.704444444444444,206
253201000,"TEMA,GHA","ABIDJAN,CIV",2017-01-15,2017-01-16,631.2992659668207,29.09763888888889,153
636091232,"MANILA,PHL","JAKARTA,IDN",2012-04-07,2012-04-11,2673.729582084797,93.99222222222222,16
211630000,"TEMA,GHA","ABIDJAN,CIV",2012-07-15,2012-07-16,472.2098328027073,22.045,24
565963000,"JAKARTA,IDN","MANILA,PHL",2013-06-01,2013-06-07,721.2743527217218,75.99305555555556,259
636091413,"TEMA,GHA","ABIDJAN,CIV",2014-03-20,2014-03-22,483.6110456849127,27.701666666666664,26
636016742,"LUANDA,AGO","TEMA,GHA",2017-04-04,2017-04-08,2167.1904858182193,93.01083333333345,740
355321000,"MANILA,PHL","JAKARTA,IDN",2013-04-21,2013-04-27,3464.4835104570952,151.5219444444444,124
636013068,"TEMA,GHA","ABIDJAN,CIV",2015-10-14,2015-10-15,513.7700342374072,16.264722222222222,61
355321000,"MANILA,PHL","JAKARTA,IDN",2014-01-06,2014-01-11,3350.407398411397,129.0825,148
256634000,"TEMA,GHA","ABIDJAN,CIV",2016-12-28,2016-12-31,769.478742664827,64.13708333333334,364
311019100,"LUANDA,AGO","TEMA,GHA",2017-05-25,2017-05-29,2179.546723278793,77.48277777777778,236
636015321,"TEMA,GHA","ABIDJAN,CIV",2013-09-06,2013-09-09,662.9352901451018,71.99763888888889,77
636014240,"TEMA,GHA","ABIDJAN,CIV",2015-04-21,2015-04-22,475.4443328271228,13.919305555555555,62
566058000,"TEMA,GHA","ABIDJAN,CIV",2013-10-09,2013-10-10,497.52189939868475,13.357083333333332,29
370095000,"TEMA,GHA","ABIDJAN,CIV",2013-09-21,2013-09-22,506.332087577302,16.671111111111113,56
566049000,"TEMA,GHA","ABIDJAN,CIV",2012-07-06,2012-07-06,414.63676918194585,15.654722222222222,25
229703000,"TEMA,GHA","ABIDJAN,CIV",2014-07-07,2014-07-09,537.0151694449536,33.478055555555564,44
309159000,"MANILA,PHL","JAKARTA,IDN",2013-10-28,2013-11-06,3638.1537904594184,193.4649999999999,79
247091500,"TEMA,GHA","LUANDA,AGO",2014-12-02,2014-12-05,2277.006281008913,70.31472222222224,367
636014240,"ABIDJAN,CIV","TEMA,GHA",2012-05-10,2012-05-11,458.9780796547909,14.94972222222222,18
257834000,"LUANDA,AGO","TEMA,GHA",2012-07-18,2012-07-21,2158.7779220781545,75.87930555555553,90
355321000,"MANILA,PHL","JAKARTA,IDN",2012-06-11,2012-06-16,2100.491846579193,94.25916666666667,120
357079000,"MANILA,PHL","JAKARTA,IDN",2014-03-31,2014-04-06,3446.4365554453652,132.48097222222216,149
370011000,"LUANDA,AGO","TEMA,GHA",2017-09-20,2017-09-23,2185.313884688708,67.44972222222205,1686
636091261,"JAKARTA,IDN","MANILA,PHL",2014-07-08,2014-07-16,959.9094540751034,63.74236111111112,33
538004176,"JAKARTA,IDN","MANILA,PHL",2013-09-02,2013-09-06,2671.391398512101,74.16125000000001,23
215819000,"ABIDJAN,CIV","TEMA,GHA",2017-06-23,2017-06-26,588.73684441446,67.71291666666666,341
636016395,"LUANDA,AGO","ABIDJAN,CIV",2014-07-08,2014-07-13,2335.834632493275,111.68319444444445,100
563424000,"LUANDA,AGO","ABIDJAN,CIV",2013-08-21,2013-09-12,7622.709866005622,495.9977777777778,340
636015515,"TEMA,GHA","ABIDJAN,CIV",2014-04-27,2014-04-28,499.79713242241144,16.71805555555556,48
548789000,"MANILA,PHL","JAKARTA,IDN",2012-11-10,2012-11-16,4098.32987617784,165.08958333333345,135
355321000,"JAKARTA,IDN","MANILA,PHL",2013-04-01,2013-04-05,2842.924617924309,77.18791666666665,23
229735000,"TEMA,GHA","ABIDJAN,CIV",2016-03-31,2016-03-31,555.6607250075136,20.191250000000007,107
538005230,"LUANDA,AGO","TEMA,GHA",2013-11-12,2013-11-25,502.3950192154067,227.36236111111106,220
212105000,"LUANDA,AGO","TEMA,GHA",2012-05-27,2012-05-30,2113.2052461688168,66.11805555555556,77
319740000,"LUANDA,AGO","TEMA,GHA",2014-07-05,2014-07-11,2708.4598595811744,146.53111111111102,304
357919000,"TEMA,GHA","ABIDJAN,CIV",2014-07-05,2014-07-06,488.49966106646434,19.277638888888895,24
357919000,"TEMA,GHA","ABIDJAN,CIV",2014-04-14,2014-04-14,491.1883932866632,14.587361111111111,14
477486100,"TEMA,GHA","ABIDJAN,CIV",2015-02-21,2015-02-25,894.182249030857,92.73930555555546,415
636092337,"TEMA,GHA","ABIDJAN,CIV",2013-05-29,2013-06-01,568.6199619295724,48.96791666666666,28
636015828,"TEMA,GHA","ABIDJAN,CIV",2014-02-11,2014-02-13,520.1341146217259,26.0425,62
576555000,"ABIDJAN,CIV","TEMA,GHA",2012-10-05,2012-10-06,489.3844775978822,30.809722222222216,45
477174600,"TEMA,GHA","ABIDJAN,CIV",2013-11-21,2013-11-25,736.0640670697136,106.42305555555559,154
636014240,"TEMA,GHA","ABIDJAN,CIV",2014-05-27,2014-05-28,442.30038441199434,13.201666666666666,50
566028000,"TEMA,GHA","ABIDJAN,CIV",2012-02-02,2012-02-03,448.67479079892706,13.769999999999996,124
253161000,"TEMA,GHA","ABIDJAN,CIV",2016-12-05,2016-12-06,253.12415815818954,9.796944444444447,85
566049000,"ABIDJAN,CIV","TEMA,GHA",2013-02-12,2013-02-13,503.3372459685555,12.414305555555552,43
304256000,"ABIDJAN,CIV","TEMA,GHA",2017-03-15,2017-03-21,242.18566536610527,117.11027777777795,770
215210000,"TEMA,GHA","ABIDJAN,CIV",2014-02-11,2014-02-17,669.4269005056917,97.6233333333333,106
219363000,"JAKARTA,IDN","MANILA,PHL",2017-02-27,2017-03-06,2126.4625840703598,128.9566666666667,81
357444000,"TEMA,GHA","ABIDJAN,CIV",2013-11-10,2013-11-12,566.2908289838836,29.622638888888893,36
357079000,"MANILA,PHL","JAKARTA,IDN",2013-02-03,2013-02-09,3187.448453513651,134.9372222222223,131
548789000,"MANILA,PHL","JAKARTA,IDN",2013-03-30,2013-04-05,3402.2266073753663,148.42305555555558,126
563487000,"TEMA,GHA","ABIDJAN,CIV",2015-03-19,2015-03-20,510.2295305509545,29.148888888888887,178
210327000,"JAKARTA,IDN","MANILA,PHL",2013-06-12,2013-06-20,3080.028550187615,149.43,44
305776000,"TEMA,GHA","LUANDA,AGO",2016-05-14,2016-05-17,2174.5621485896863,82.90930555555548,223
211263360,"TEMA,GHA","ABIDJAN,CIV",2012-01-25,2012-01-26,567.080129639435,22.926805555555557,96
236111884,"ABIDJAN,CIV","TEMA,GHA",2016-05-19,2016-05-20,544.2732546554467,37.10430555555558,121
357079000,"MANILA,PHL","JAKARTA,IDN",2012-05-21,2012-05-27,3316.071866753764,125.0848611111111,60
636091413,"TEMA,GHA","ABIDJAN,CIV",2014-09-10,2014-09-10,502.6261379634374,18.633888888888894,56
357079000,"JAKARTA,IDN","MANILA,PHL",2013-01-14,2013-01-18,2745.896494220923,90.48277777777776,35
370095000,"TEMA,GHA","ABIDJAN,CIV",2013-06-01,2013-06-02,471.6649743577809,15.985416666666664,20
356683000,"MANILA,PHL","JAKARTA,IDN",2013-04-27,2013-05-12,1754.281419701632,178.99527777777786,488
477748500,"JAKARTA,IDN","MANILA,PHL",2012-02-20,2012-02-26,98.55631093285335,31.241527777777776,21
538090205,"JAKARTA,IDN","MANILA,PHL",2012-03-08,2012-03-30,4627.089061343584,251.94375000000005,134
351738000,"TEMA,GHA","ABIDJAN,CIV",2012-08-26,2012-08-27,485.8082417804638,18.265555555555558,30
357848000,"JAKARTA,IDN","MANILA,PHL",2013-04-19,2013-04-26,427.2947821074721,68.37736111111116,255
636091884,"TEMA,GHA","ABIDJAN,CIV",2015-07-02,2015-07-03,503.32313221341883,33.37277777777778,85
566058000,"TEMA,GHA","ABIDJAN,CIV",2012-05-17,2012-05-18,443.8846366709679,14.594583333333334,31
417222320,"TEMA,GHA","LUANDA,AGO",2017-08-26,2017-08-30,2231.575239641499,88.90847222222231,1082
538003424,"TEMA,GHA","ABIDJAN,CIV",2017-03-16,2017-03-18,614.7029187352293,34.30333333333335,187
636014965,"JAKARTA,IDN","MANILA,PHL",2016-07-20,2016-07-29,3382.3837236884865,140.08972222222226,310
354204000,"JAKARTA,IDN","MANILA,PHL",2012-11-25,2012-12-02,2870.158135444293,136.14486111111114,135
257005000,"TEMA,GHA","ABIDJAN,CIV",2012-08-08,2012-08-12,321.4415738059216,20.10527777777778,4
271040635,"TEMA,GHA","ABIDJAN,CIV",2012-01-08,2012-01-15,1519.507398378762,151.02458333333317,379
566049000,"TEMA,GHA","ABIDJAN,CIV",2013-05-16,2013-05-17,506.7772410576647,13.870833333333334,54
636091992,"MANILA,PHL","JAKARTA,IDN",2017-01-26,2017-02-15,6462.91279913345,345.9274999999996,1066
212404000,"LUANDA,AGO","ABIDJAN,CIV",2012-05-11,2012-05-18,2658.51908989316,180.42124999999993,146
566649000,"ABIDJAN,CIV","TEMA,GHA",2014-01-19,2014-01-20,523.432732334186,21.194861111111106,53
477137700,"JAKARTA,IDN","MANILA,PHL",2016-05-31,2016-06-11,1706.13760439818,102.71375000000002,329
247304200,"TEMA,GHA","ABIDJAN,CIV",2012-02-22,2012-02-23,197.11851413350973,7.463472222222222,3
477959400,"LUANDA,AGO","TEMA,GHA",2014-08-14,2014-08-18,2162.073695970789,84.79166666666666,299
372972000,"TEMA,GHA","ABIDJAN,CIV",2014-02-10,2014-02-12,557.6281540188185,47.92361111111111,57
219209000,"MANILA,PHL","JAKARTA,IDN",2017-08-08,2017-08-15,2237.9419601757545,119.31833333333338,65
355541000,"JAKARTA,IDN","MANILA,PHL",2013-10-07,2013-10-11,2766.379676419481,75.96569444444444,20
357079000,"JAKARTA,IDN","MANILA,PHL",2013-08-28,2013-08-31,2508.6210180862577,86.95763888888888,32
370095000,"TEMA,GHA","ABIDJAN,CIV",2013-06-29,2013-06-30,476.6649596765897,15.21111111111111,49
636091056,"TEMA,GHA","ABIDJAN,CIV",2014-05-22,2014-05-25,575.4531855312498,71.92194444444445,100
319740000,"LUANDA,AGO","TEMA,GHA",2015-02-01,2015-02-05,2138.4004816272068,86.74805555555557,238
566741000,"TEMA,GHA","ABIDJAN,CIV",2014-03-15,2014-03-22,916.4732979396088,158.01611111111112,259
566093000,"TEMA,GHA","ABIDJAN,CIV",2014-01-25,2014-01-26,494.070666959672,19.465277777777775,63
209949000,"TEMA,GHA","ABIDJAN,CIV",2014-04-29,2014-05-01,595.2815603455588,50.42472222222226,99
565101000,"LUANDA,AGO","TEMA,GHA",2016-03-03,2016-03-07,2169.1397112145637,83.76347222222212,725
636092438,"JAKARTA,IDN","MANILA,PHL",2012-12-01,2012-12-04,2831.2685741035657,75.62333333333333,21
355541000,"JAKARTA,IDN","MANILA,PHL",2013-06-19,2013-06-22,2786.9739699056404,80.99569444444444,33
636091785,"TEMA,GHA","ABIDJAN,CIV",2013-06-15,2013-06-17,445.949181703551,16.617361111111112,7
370095000,"TEMA,GHA","ABIDJAN,CIV",2012-04-23,2012-04-23,467.3072121995124,16.02444444444444,30
477658900,"JAKARTA,IDN","MANILA,PHL",2014-10-30,2014-11-13,3521.3600084617046,229.43138888888905,471
304513000,"ABIDJAN,CIV","PORT HARCOURT,NGA",2014-05-24,2014-05-27,1399.0611720864752,69.25055555555558,87
477748500,"MANILA,PHL","JAKARTA,IDN",2012-10-21,2012-10-26,997.4661869667066,49.46069444444446,77
305153000,"TEMA,GHA","ABIDJAN,CIV",2015-07-18,2015-07-19,527.4133611378898,23.621388888888887,47
566041000,"TEMA,GHA","ABIDJAN,CIV",2012-09-20,2012-09-21,511.79777986164225,19.051527777777775,49
636091884,"TEMA,GHA","ABIDJAN,CIV",2015-04-08,2015-04-10,507.7552570517245,35.084999999999994,163
229703000,"TEMA,GHA","ABIDJAN,CIV",2014-11-25,2014-11-26,529.1544748165442,22.310833333333328,74
229980000,"JAKARTA,IDN","MANILA,PHL",2015-02-13,2015-02-19,3554.142694788506,136.41527777777785,131
210831000,"TEMA,GHA","ABIDJAN,CIV",2017-11-09,2017-11-21,557.4821572425825,272.7516666666663,520
355321000,"JAKARTA,IDN","MANILA,PHL",2012-07-17,2012-07-21,2643.5867308348957,69.67388888888888,26
357993000,"TEMA,GHA","ABIDJAN,CIV",2014-03-02,2014-03-03,498.9361028487679,18.434861111111115,66
373552000,"LUANDA,AGO","ABIDJAN,CIV",2014-06-24,2014-06-29,2440.774061960957,110.82347222222222,139
636013068,"TEMA,GHA","ABIDJAN,CIV",2015-03-31,2015-04-01,482.4222432759634,16.45583333333333,86
357993000,"TEMA,GHA","ABIDJAN,CIV",2014-06-22,2014-06-23,479.25553651349134,16.257638888888884,82
319740000,"LUANDA,AGO","TEMA,GHA",2015-03-08,2015-03-12,2245.2137731228645,99.3970833333334,526
354547000,"ABIDJAN,CIV","TEMA,GHA",2013-07-03,2013-07-03,481.3276379602536,22.292500000000004,37
357147000,"TEMA,GHA","ABIDJAN,CIV",2013-12-27,2013-12-27,501.9720754079567,15.874444444444444,52
477815200,"JAKARTA,IDN","MANILA,PHL",2017-05-12,2017-05-19,3339.425642831804,138.5423611111111,74
219354000,"LUANDA,AGO","ABIDJAN,CIV",2012-04-13,2012-04-20,2464.528697123518,157.88277777777787,128
241202000,"MANILA,PHL","JAKARTA,IDN",2012-06-28,2012-07-05,3625.2240656790786,159.51527777777778,48
357079000,"MANILA,PHL","JAKARTA,IDN",2014-06-10,2014-06-17,3457.963765112476,149.72527777777782,211
372346000,"TEMA,GHA","ABIDJAN,CIV",2018-01-13,2018-01-14,581.4576596837696,20.063472222222224,542
257366000,"LUANDA,AGO","TEMA,GHA",2017-04-22,2017-04-26,2204.8780351603573,79.32097222222217,644
563003400,"TEMA,GHA","ABIDJAN,CIV",2017-01-30,2017-01-31,552.7481531260748,20.134999999999987,187
248955000,"TEMA,GHA","ABIDJAN,CIV",2014-06-09,2014-06-10,509.7366547043204,20.79875,42
355883000,"LUANDA,AGO","TEMA,GHA",2012-03-11,2012-03-15,2134.551622133134,85.57777777777781,118
538003798,"TEMA,GHA","ABIDJAN,CIV",2016-01-28,2016-01-29,515.6705189714886,22.244305555555552,151
636091413,"TEMA,GHA","ABIDJAN,CIV",2014-04-30,2014-05-03,503.72959322432655,69.665,64
636091261,"JAKARTA,IDN","MANILA,PHL",2014-10-17,2014-10-30,1504.0233805009052,139.5220833333333,187
636092010,"TEMA,GHA","ABIDJAN,CIV",2014-03-06,2014-03-07,497.93131532697305,22.95680555555555,42
636091003,"JAKARTA,IDN","MANILA,PHL",2014-05-30,2014-06-07,2053.1538652453996,134.91847222222225,187
220159000,"LUANDA,AGO","ABIDJAN,CIV",2012-04-30,2012-05-05,2322.2172730328202,104.01333333333334,49
357351000,"LUANDA,AGO","ABIDJAN,CIV",2013-08-11,2013-08-21,2792.424674477511,228.36027777777798,585
636090646,"TEMA,GHA","ABIDJAN,CIV",2013-07-01,2013-07-02,482.70062470668745,24.119583333333335,29
319740000,"TEMA,GHA","ABIDJAN,CIV",2014-04-15,2014-04-17,512.2251167608242,24.134861111111107,39
304993000,"TEMA,GHA","ABIDJAN,CIV",2015-04-08,2015-04-09,533.1262036892391,22.33527777777777,88
351268000,"TEMA,GHA","ABIDJAN,CIV",2012-09-20,2012-09-20,506.3687930130513,15.481388888888889,14
355541000,"JAKARTA,IDN","MANILA,PHL",2013-05-21,2013-05-25,2823.9187602186103,83.84152777777778,47
538090194,"TEMA,GHA","ABIDJAN,CIV",2015-03-14,2015-03-15,479.62128285042314,16.354861111111116,77
247298100,"MANILA,PHL","JAKARTA,IDN",2012-11-10,2012-11-16,1856.0943162723672,76.87555555555556,26
636091033,"LUANDA,AGO","ABIDJAN,CIV",2013-08-06,2013-08-14,2602.2181185560275,193.7295833333333,341
355321000,"MANILA,PHL","JAKARTA,IDN",2012-11-05,2012-11-10,2465.488381233443,92.47277777777771,146
311016400,"TEMA,GHA","ABIDJAN,CIV",2012-09-05,2012-09-07,519.6742184676285,32.18486111111111,42
636016071,"MANILA,PHL","JAKARTA,IDN",2014-07-25,2014-08-01,2747.796205509214,153.2225,122
636090647,"TEMA,GHA","ABIDJAN,CIV",2016-05-08,2016-05-09,516.8818232501604,20.467083333333324,160
256547000,"TEMA,GHA","ABIDJAN,CIV",2017-09-07,2017-09-09,585.4610492887134,37.57333333333331,415
566894000,"JAKARTA,IDN","MANILA,PHL",2014-05-06,2014-05-09,2882.284581396732,80.76222222222222,55
357919000,"TEMA,GHA","ABIDJAN,CIV",2013-09-30,2013-10-01,478.80262870091804,14.40902777777778,26
354537000,"TEMA,GHA","ABIDJAN,CIV",2014-03-31,2014-04-02,433.45040458642444,25.691944444444445,17
538001697,"TEMA,GHA","ABIDJAN,CIV",2016-02-29,2016-03-03,566.1959005055323,73.25180555555555,227
305206000,"PORT HARCOURT,NGA","ABIDJAN,CIV",2013-10-02,2013-10-05,1256.1243775954083,65.66013888888888,49
636091218,"TEMA,GHA","ABIDJAN,CIV",2014-01-21,2014-01-22,305.83310707033206,14.245555555555557,12
371176000,"TEMA,GHA","ABIDJAN,CIV",2012-06-19,2012-06-20,409.98211882072707,14.501944444444444,19
248572000,"ABIDJAN,CIV","TEMA,GHA",2014-01-05,2014-01-06,501.92697861277014,18.214444444444435,38
249478000,"LUANDA,AGO","ABIDJAN,CIV",2018-01-03,2018-01-08,2472.3123338554633,108.17333333333342,647
370095000,"TEMA,GHA","ABIDJAN,CIV",2014-02-09,2014-02-09,485.9380410322046,14.739027777777778,59
219205000,"MANILA,PHL","JAKARTA,IDN",2013-08-29,2013-09-10,1236.0403334395708,98.09333333333332,124
247280600,"TEMA,GHA","ABIDJAN,CIV",2012-08-03,2012-08-04,444.9833938261328,24.73361111111111,27
351698000,"TEMA,GHA","ABIDJAN,CIV",2012-03-04,2012-03-05,458.57427915680535,19.337361111111115,26
209384000,"ABIDJAN,CIV","TEMA,GHA",2013-09-05,2013-09-06,429.05378232420884,18.893055555555552,17
210410000,"JAKARTA,IDN","MANILA,PHL",2013-03-22,2013-03-28,3187.735622340527,108.54819444444443,18
1193046,"TEMA,GHA","LUANDA,AGO",2016-07-19,2016-07-19,115.53115458644656,36.35638888888889,30
212334000,"JAKARTA,IDN","MANILA,PHL",2014-12-26,2015-01-01,1835.9811594561058,68.66611111111112,32
218160000,"JAKARTA,IDN","MANILA,PHL",2014-07-27,2014-08-17,2503.7133655930797,131.4644444444444,89
636010862,"MANILA,PHL","JAKARTA,IDN",2012-03-02,2012-03-09,2580.7053347230485,104.23694444444445,13
351268000,"TEMA,GHA","ABIDJAN,CIV",2013-03-11,2013-03-12,499.66915514306515,16.71333333333333,34
209368000,"TEMA,GHA","ABIDJAN,CIV",2012-08-16,2012-08-17,520.0173087840773,29.790972222222223,23
248572000,"TEMA,GHA","ABIDJAN,CIV",2014-03-05,2014-03-06,530.310570859027,21.00541666666667,42
636091132,"JAKARTA,IDN","MANILA,PHL",2016-01-15,2016-01-23,3526.6903267040275,192.60819444444448,118
671221000,"TEMA,GHA","ABIDJAN,CIV",2016-08-28,2016-09-01,488.30039058661754,95.26388888888896,361
269095000,"MANILA,PHL","JAKARTA,IDN",2016-12-10,2016-12-20,3473.0615128857944,246.52763888888907,582
248572000,"TEMA,GHA","ABIDJAN,CIV",2013-09-19,2013-09-20,511.98949981405116,17.586805555555557,25
565162000,"TEMA,GHA","ABIDJAN,CIV",2013-12-28,2013-12-30,557.2574996766646,37.56416666666668,54
548149000,"TEMA,GHA","LUANDA,AGO",2012-06-23,2012-07-10,11958.342482224516,409.5066666666659,746
304993000,"TEMA,GHA","ABIDJAN,CIV",2017-11-06,2017-11-07,552.9033868113116,24.41111111111111,299
371602000,"TEMA,GHA","ABIDJAN,CIV",2014-03-12,2014-03-13,488.26495233649115,13.30152777777778,33
215819000,"ABIDJAN,CIV","TEMA,GHA",2012-03-15,2012-03-16,544.5596743324159,31.125833333333336,16
565403000,"TEMA,GHA","ABIDJAN,CIV",2016-06-20,2016-06-20,534.9896377236171,21.852499999999992,136
355321000,"MANILA,PHL","JAKARTA,IDN",2013-06-16,2013-06-22,2513.358854819828,113.94416666666665,149
247207000,"TEMA,GHA","ABIDJAN,CIV",2014-03-19,2014-03-20,526.9736324345449,18.97652777777777,37
212193000,"TEMA,GHA","ABIDJAN,CIV",2017-04-18,2017-04-19,519.5748386883425,20.884166666666665,111
636014791,"JAKARTA,IDN","MANILA,PHL",2015-08-02,2015-08-08,1990.6191451407715,100.95763888888891,73
566756000,"TEMA,GHA","ABIDJAN,CIV",2017-01-05,2017-01-06,523.0616395893469,33.887361111111105,298
566577000,"JAKARTA,IDN","MANILA,PHL",2014-04-19,2014-04-23,1320.440059524347,43.74569444444444,15
210327000,"JAKARTA,IDN","MANILA,PHL",2015-01-23,2015-01-29,600.2744077052687,20.97555555555555,44
477815300,"TEMA,GHA","ABIDJAN,CIV",2017-08-28,2017-08-29,516.9596999821421,23.10944444444444,117
566187000,"ABIDJAN,CIV","TEMA,GHA",2013-09-28,2013-09-29,512.5830337618148,26.744722222222222,52
567048000,"ABIDJAN,CIV","TEMA,GHA",2013-12-22,2013-12-23,362.37152554322387,14.122083333333336,35
538090081,"TEMA,GHA","ABIDJAN,CIV",2012-02-26,2012-02-27,445.573394206978,24.082638888888887,10
210280000,"ABIDJAN,CIV","TEMA,GHA",2014-03-09,2014-03-11,604.66562462984,41.2748611111111,147
538090194,"TEMA,GHA","ABIDJAN,CIV",2015-08-30,2015-09-02,608.0135577655406,88.69125000000004,398
370616000,"JAKARTA,IDN","MANILA,PHL",2013-03-03,2013-03-08,2289.5437384999937,91.81791666666668,116
566490000,"TEMA,GHA","ABIDJAN,CIV",2014-02-07,2014-02-09,560.6528600606997,53.99583333333332,113
563479000,"TEMA,GHA","ABIDJAN,CIV",2014-11-22,2014-11-23,500.0715310468716,24.070277777777786,115
566491000,"TEMA,GHA","ABIDJAN,CIV",2014-03-21,2014-03-23,616.4960672596071,55.96430555555554,110
351698000,"TEMA,GHA","ABIDJAN,CIV",2016-02-20,2016-02-23,980.3108758585531,60.29124999999995,855
253161000,"TEMA,GHA","ABIDJAN,CIV",2015-10-07,2015-10-08,532.7919716491854,17.234444444444446,55
311888000,"ABIDJAN,CIV","TEMA,GHA",2012-10-22,2012-10-23,502.5940569184995,22.47777777777777,28
211233290,"TEMA,GHA","ABIDJAN,CIV",2012-09-03,2012-09-05,462.89798683815314,46.60027777777778,37
477748500,"MANILA,PHL","JAKARTA,IDN",2012-06-04,2012-06-11,1031.5655707295373,33.89416666666667,14
355942000,"LUANDA,AGO","TEMA,GHA",2015-03-16,2015-03-20,2155.8788187799023,93.15819444444439,163
636090958,"TEMA,GHA","ABIDJAN,CIV",2013-11-11,2013-11-14,638.9694809500218,56.980694444444445,56
220158000,"LUANDA,AGO","ABIDJAN,CIV",2012-02-25,2012-03-01,2377.5661700822516,127.70819444444444,25
210327000,"JAKARTA,IDN","MANILA,PHL",2014-10-10,2014-10-16,3506.120507395327,151.41972222222225,82
304513000,"ABIDJAN,CIV","LUANDA,AGO",2017-01-12,2017-01-15,2043.67223393588,70.66194444444439,351
636091056,"TEMA,GHA","ABIDJAN,CIV",2014-10-03,2014-10-06,611.9836065821665,67.96875,91
636014240,"TEMA,GHA","ABIDJAN,CIV",2012-09-03,2012-09-04,446.25052664459434,16.756666666666664,22
371987000,"TEMA,GHA","ABIDJAN,CIV",2015-12-14,2015-12-16,519.1360544398277,27.034027777777784,77
209368000,"TEMA,GHA","ABIDJAN,CIV",2013-11-11,2013-11-13,500.2848264756382,31.713194444444444,30
319740000,"LUANDA,AGO","TEMA,GHA",2015-05-10,2015-05-14,2183.9988001280803,93.17152777777774,333
255805651,"TEMA,GHA","ABIDJAN,CIV",2016-05-04,2016-05-05,522.7303484387069,24.66722222222222,116
308759000,"JAKARTA,IDN","MANILA,PHL",2015-12-29,2016-01-04,1075.726211797902,40.456805555555555,52
566028000,"TEMA,GHA","ABIDJAN,CIV",2012-03-02,2012-03-02,170.53177630692647,8.399444444444445,18
353039000,"LUANDA,AGO","TEMA,GHA",2012-09-04,2012-09-20,5253.217396549306,351.2504166666665,208
311698000,"LUANDA,AGO","TEMA,GHA",2014-01-12,2014-01-15,2370.828613739566,74.13027777777779,73
370616000,"MANILA,PHL","JAKARTA,IDN",2012-06-18,2012-06-23,2264.9248309932514,82.71083333333333,34
636016130,"TEMA,GHA","ABIDJAN,CIV",2015-09-13,2015-09-14,567.5236515586231,32.78111111111111,59
306497000,"TEMA,GHA","ABIDJAN,CIV",2017-06-26,2017-06-30,896.2603314409831,86.05180555555556,94
538002751,"MANILA,PHL","JAKARTA,IDN",2013-09-04,2013-09-17,5203.095131410037,309.05874999999986,95
566028000,"TEMA,GHA","ABIDJAN,CIV",2013-09-19,2013-09-20,550.7955671776673,18.914305555555554,39
477462700,"LUANDA,AGO","ABIDJAN,CIV",2013-09-14,2013-09-19,1481.8256699175947,74.78958333333333,88
538090205,"MANILA,PHL","JAKARTA,IDN",2012-04-02,2012-04-05,1836.3609606041073,56.20291666666668,11
636091292,"TEMA,GHA","ABIDJAN,CIV",2012-08-09,2012-08-10,504.36439380304563,24.6175,41
215819000,"ABIDJAN,CIV","TEMA,GHA",2012-09-01,2012-09-02,536.5761341054234,25.65291666666667,22
357786000,"TEMA,GHA","ABIDJAN,CIV",2015-06-18,2015-06-18,473.63827903364887,15.787916666666673,67
636014791,"JAKARTA,IDN","MANILA,PHL",2013-03-01,2013-03-07,3574.549323049758,140.92097222222222,65
636014791,"JAKARTA,IDN","MANILA,PHL",2014-06-13,2014-06-19,3607.7513501707217,137.14916666666673,76
563424000,"ABIDJAN,CIV","LUANDA,AGO",2013-08-10,2013-08-21,3558.445183525376,256.2255555555556,150
357132000,"TEMA,GHA","ABIDJAN,CIV",2015-11-10,2015-12-18,90.79660459981918,150.43555555555568,344
210003000,"ABIDJAN,CIV","TEMA,GHA",2013-11-22,2013-11-24,556.583178322344,35.07555555555556,64
371443000,"TEMA,GHA","ABIDJAN,CIV",2013-06-29,2013-07-01,618.8694011845982,48.69902777777776,151
564482000,"MANILA,PHL","JAKARTA,IDN",2017-01-30,2017-02-09,2660.469654167113,175.01916666666673,495
255805651,"ABIDJAN,CIV","TEMA,GHA",2016-05-06,2016-05-18,964.8366927282632,282.1159722222216,1618
538005345,"ABIDJAN,CIV","TEMA,GHA",2014-07-17,2014-07-18,536.2306934621852,16.892222222222223,63
271042493,"TEMA,GHA","ABIDJAN,CIV",2014-11-03,2014-11-04,547.9534437054507,19.656111111111116,70
304969000,"TEMA,GHA","ABIDJAN,CIV",2013-05-15,2013-05-15,472.4431307580026,16.799861111111113,31
271000426,"TEMA,GHA","ABIDJAN,CIV",2014-02-09,2014-02-10,493.4309039173655,21.820694444444445,75
304138000,"TEMA,GHA","ABIDJAN,CIV",2012-04-13,2012-04-15,547.1262544886222,50.783611111111114,30
477600800,"LUANDA,AGO","TEMA,GHA",2013-07-24,2013-07-27,2120.120130223202,80.81805555555556,107
566490000,"TEMA,GHA","ABIDJAN,CIV",2013-05-18,2013-05-19,546.2941451048932,37.30361111111111,131
354118000,"JAKARTA,IDN","MANILA,PHL",2013-11-12,2013-11-17,2367.4418470920723,103.37597222222217,161
352664000,"MANILA,PHL","JAKARTA,IDN",2012-01-18,2012-01-28,2294.4178456325553,170.67652777777775,42
636014791,"JAKARTA,IDN","MANILA,PHL",2015-02-06,2015-02-12,2730.7268797981687,93.36527777777779,52
370011000,"LUANDA,AGO","TEMA,GHA",2017-03-10,2017-03-13,2208.219326109524,73.26555555555547,782
538001908,"TEMA,GHA","ABIDJAN,CIV",2013-10-04,2013-10-05,504.65358758435787,18.013333333333332,28
257654000,"MANILA,PHL","JAKARTA,IDN",2015-05-12,2015-05-20,1709.281225326552,96.87736111111109,186
248572000,"TEMA,GHA","ABIDJAN,CIV",2014-06-27,2014-06-28,492.580606167856,14.716666666666665,37
370507000,"TEMA,GHA","ABIDJAN,CIV",2017-06-06,2017-06-07,527.1920733356488,27.538194444444454,191
311008900,"ABIDJAN,CIV","TEMA,GHA",2013-09-25,2013-10-03,496.53202773978285,178.10499999999996,443
271002559,"TEMA,GHA","ABIDJAN,CIV",2015-01-27,2015-01-28,528.4464502729327,26.44958333333334,67
636091352,"TEMA,GHA","ABIDJAN,CIV",2014-10-10,2014-10-11,478.60074198467663,19.824861111111105,69
636091402,"LUANDA,AGO","ABIDJAN,CIV",2014-01-03,2014-01-10,2543.0691756208757,160.7644444444444,193
636092252,"JAKARTA,IDN","MANILA,PHL",2012-01-30,2012-02-04,3048.7971915535077,113.12236111111113,55
311691000,"JAKARTA,IDN","MANILA,PHL",2016-02-15,2016-02-21,1568.1577062835593,59.81319444444444,67
357747000,"TEMA,GHA","ABIDJAN,CIV",2014-09-13,2014-09-20,724.3400549070969,168.00513888888895,541
636090870,"ABIDJAN,CIV","TEMA,GHA",2013-09-24,2013-09-25,494.2582767180022,34.43305555555555,105
355541000,"JAKARTA,IDN","MANILA,PHL",2012-06-12,2012-07-01,7500.527873336203,263.94708333333335,167
311918000,"TEMA,GHA","ABIDJAN,CIV",2012-01-16,2012-01-17,423.2668358063377,13.556388888888891,60
210346000,"JAKARTA,IDN","MANILA,PHL",2016-11-25,2016-12-03,1001.1932524501933,65.30805555555555,45
309369000,"LUANDA,AGO","TEMA,GHA",2012-10-07,2012-10-13,2984.0298582094756,141.4609722222223,197
304845000,"LUANDA,AGO","ABIDJAN,CIV",2012-03-22,2012-03-27,2409.7654955464404,103.63624999999998,67
636091692,"LUANDA,AGO","ABIDJAN,CIV",2012-03-29,2012-04-05,2624.844959902537,157.9884722222222,199
373731000,"PORT HARCOURT,NGA","LUANDA,AGO",2012-07-06,2012-07-09,1628.736384209022,64.09513888888888,86
636091020,"TEMA,GHA","ABIDJAN,CIV",2012-09-17,2012-09-18,469.8719826026288,22.76319444444445,31
357079000,"MANILA,PHL","JAKARTA,IDN",2013-03-05,2013-03-09,1885.5475940037784,87.1670833333333,127
355665000,"ABIDJAN,CIV","TEMA,GHA",2016-12-08,2016-12-11,538.5329084809725,74.89569444444442,378
210409000,"JAKARTA,IDN","MANILA,PHL",2014-11-06,2014-11-30,763.9318564860159,108.01319444444438,272
370556000,"TEMA,GHA","ABIDJAN,CIV",2016-08-28,2016-08-29,272.82650800951455,11.744861111111113,40
636091278,"TEMA,GHA","ABIDJAN,CIV",2017-11-14,2017-11-15,536.03335326307365,17.821388888888897,364
566058000,"TEMA,GHA","ABIDJAN,CIV",2012-01-26,2012-01-27,492.2830064902732,16.453472222222228,186
355321000,"MANILA,PHL","JAKARTA,IDN",2013-12-08,2013-12-13,1649.7471040834544,76.1830555555556,129
563506000,"TEMA,GHA","ABIDJAN,CIV",2014-07-10,2014-07-14,853.3240990367055,107.12847222222223,125
351738000,"TEMA,GHA","ABIDJAN,CIV",2012-04-23,2012-04-24,527.9428259712495,19.221944444444446,43
566049000,"TEMA,GHA","ABIDJAN,CIV",2012-08-30,2012-08-31,465.3066337092528,18.38083333333333,29
220159000,"LUANDA,AGO","ABIDJAN,CIV",2012-03-03,2012-03-10,2393.4902883013096,158.32708333333332,35
311697000,"LUANDA,AGO","TEMA,GHA",2017-05-24,2017-05-27,2161.559211659338,63.820833333333304,491
304200000,"TEMA,GHA","ABIDJAN,CIV",2012-02-18,2012-02-20,503.7913006083391,38.61138888888889,73
255805573,"TEMA,GHA","ABIDJAN,CIV",2014-05-14,2014-05-19,582.3333019128704,115.73083333333336,184
566058000,"TEMA,GHA","ABIDJAN,CIV",2012-03-22,2012-03-23,411.36369410521735,15.562777777777775,16
311054400,"LUANDA,AGO","TEMA,GHA",2014-05-25,2014-05-28,2116.51119279082,67.15986111111113,139
566056000,"ABIDJAN,CIV","TEMA,GHA",2013-08-24,2013-08-25,444.19483916738847,23.278611111111108,21
305373000,"TEMA,GHA","LUANDA,AGO",2017-04-02,2017-04-06,2168.5770201343366,103.64805555555557,245
229474000,"ABIDJAN,CIV","TEMA,GHA",2013-09-22,2013-09-23,502.5201702208668,19.907222222222227,47
319740000,"LUANDA,AGO","TEMA,GHA",2014-04-11,2014-04-15,2263.8003132347517,94.89944444444447,232
271042493,"TEMA,GHA","ABIDJAN,CIV",2014-03-27,2014-03-29,517.5218012647101,22.37986111111111,28
373552000,"TEMA,GHA","LUANDA,AGO",2013-10-24,2013-10-30,2176.7898969421285,125.18083333333331,143
636092438,"JAKARTA,IDN","MANILA,PHL",2013-01-29,2013-02-02,1169.9492124206631,45.85750000000001,7
256475000,"TEMA,GHA","ABIDJAN,CIV",2017-05-09,2017-05-10,529.6021734719275,22.737500000000004,120
248574000,"TEMA,GHA","ABIDJAN,CIV",2014-03-18,2014-03-19,498.08747048377256,19.67041666666667,45
636091020,"TEMA,GHA","ABIDJAN,CIV",2012-08-09,2012-08-10,462.51743159655035,20.19055555555556,14
305866000,"LUANDA,AGO","ABIDJAN,CIV",2014-02-04,2014-02-12,2455.0831897464727,122.7177777777778,66
355092000,"ABIDJAN,CIV","TEMA,GHA",2012-01-28,2012-01-28,457.1886255302802,18.546666666666667,58
271042493,"TEMA,GHA","ABIDJAN,CIV",2015-05-11,2015-05-12,494.47102686527415,19.49722222222222,83
353342000,"TEMA,GHA","ABIDJAN,CIV",2014-04-21,2014-04-22,475.2685297230004,19.045833333333338,50
518686000,"TEMA,GHA","ABIDJAN,CIV",2014-01-22,2014-01-25,644.1303398904171,58.32333333333331,93
636015667,"MANILA,PHL","JAKARTA,IDN",2014-06-27,2014-07-03,3464.474924476842,146.25041666666664,210
566041000,"ABIDJAN,CIV","TEMA,GHA",2012-03-03,2012-03-08,2611.9153105345836,119.32708333333336,121
636090870,"TEMA,GHA","ABIDJAN,CIV",2013-09-21,2013-09-24,625.5136866765405,55.52666666666666,60
229076000,"TEMA,GHA","ABIDJAN,CIV",2012-07-24,2012-07-25,475.5999169410715,21.431944444444454,28
219185000,"MANILA,PHL","JAKARTA,IDN",2017-05-04,2017-05-11,783.5438637946543,43.623333333333335,25
566277000,"LUANDA,AGO","TEMA,GHA",2015-10-18,2015-10-22,2159.1911226846037,89.97611111111108,177
351698000,"TEMA,GHA","ABIDJAN,CIV",2013-12-29,2013-12-30,482.9068018188674,14.276527777777778,64
311032200,"ABIDJAN,CIV","TEMA,GHA",2012-03-15,2012-03-16,428.6171003093016,27.513055555555553,20
636091056,"TEMA,GHA","ABIDJAN,CIV",2015-02-07,2015-02-08,475.1039339780379,19.071944444444444,41
370095000,"ABIDJAN,CIV","TEMA,GHA",2012-06-11,2012-06-16,2767.7999239050428,127.36833333333338,161
305905000,"JAKARTA,IDN","MANILA,PHL",2013-07-29,2013-08-05,4171.987841212501,156.80444444444436,96
304119000,"JAKARTA,IDN","MANILA,PHL",2014-10-16,2014-10-24,2890.382934305074,184.29722222222225,180
636014241,"TEMA,GHA","ABIDJAN,CIV",2015-01-01,2015-01-03,496.7014227098547,29.40166666666666,93
566490000,"TEMA,GHA","ABIDJAN,CIV",2015-11-05,2015-11-06,491.4062180694523,28.984722222222224,104
229844000,"TEMA,GHA","ABIDJAN,CIV",2016-04-28,2016-04-29,511.2085984317506,25.31486111111112,109
248572000,"TEMA,GHA","ABIDJAN,CIV",2013-06-20,2013-06-21,499.687820207736,19.10888888888889,30
538004176,"JAKARTA,IDN","MANILA,PHL",2013-08-05,2013-08-09,2825.962586927407,85.73125,24
355321000,"MANILA,PHL","JAKARTA,IDN",2013-02-24,2013-03-02,1921.241969067149,95.81861111111114,94
247311200,"TEMA,GHA","ABIDJAN,CIV",2012-02-07,2012-02-08,506.3672010076962,17.365138888888893,113
405000077,"TEMA,GHA","ABIDJAN,CIV",2013-11-16,2013-11-17,448.710396273336,26.139583333333334,10
566491000,"TEMA,GHA","ABIDJAN,CIV",2013-12-21,2013-12-24,570.8925477780429,67.28986111111111,184
538004176,"JAKARTA,IDN","MANILA,PHL",2013-03-19,2013-03-22,2048.6017905749122,57.93388888888889,22
636091292,"TEMA,GHA","ABIDJAN,CIV",2014-05-03,2014-05-04,523.5805475503789,26.08013888888888,59
477852800,"PORT HARCOURT,NGA","LUANDA,AGO",2015-08-11,2015-08-14,1466.8596560084295,52.409861111111134,94
220158000,"LUANDA,AGO","ABIDJAN,CIV",2012-04-21,2012-04-26,2436.759770606286,138.80291666666665,67
355541000,"MANILA,PHL","JAKARTA,IDN",2013-06-09,2013-06-15,3419.3551777939374,128.24902777777774,137
370616000,"JAKARTA,IDN","MANILA,PHL",2013-03-31,2013-04-05,3055.131829017771,113.50749999999998,85
636091335,"TEMA,GHA","ABIDJAN,CIV",2014-10-14,2014-10-16,546.4906120010494,23.692777777777778,16
477852300,"LUANDA,AGO","PORT HARCOURT,NGA",2017-09-05,2017-09-09,1771.9439922355864,84.33486111111118,857
564908000,"TEMA,GHA","ABIDJAN,CIV",2013-07-12,2013-07-13,537.8123497163506,25.82402777777778,132
210409000,"JAKARTA,IDN","MANILA,PHL",2015-04-30,2015-05-10,1236.1662426507094,103.74069444444444,165
259709000,"TEMA,GHA","ABIDJAN,CIV",2013-09-28,2013-09-29,524.702764898126,25.28041666666667,32
375194000,"PORT HARCOURT,NGA","TEMA,GHA",2012-06-07,2012-06-10,802.143864257108,65.23888888888887,58
477174600,"ABIDJAN,CIV","TEMA,GHA",2013-08-18,2013-08-19,475.0642989346135,21.34819444444445,63
353206000,"LUANDA,AGO","ABIDJAN,CIV",2016-03-21,2016-03-26,2482.3284390947974,102.72527777777769,691
636014884,"JAKARTA,IDN","MANILA,PHL",2015-04-12,2015-04-23,2513.738022846967,156.80361111111122,382
354657000,"LUANDA,AGO","ABIDJAN,CIV",2014-10-21,2014-10-26,2463.8333716622506,115.082361111111,315
229550000,"TEMA,GHA","ABIDJAN,CIV",2014-02-14,2014-02-16,509.0615678146151,32.381527777777784,77
636091527,"MANILA,PHL","JAKARTA,IDN",2017-07-25,2017-08-11,2225.2622133382,242.99194444444475,1111
566028000,"TEMA,GHA","ABIDJAN,CIV",2012-03-29,2012-03-30,492.2562400932245,14.10388888888889,26
566028000,"TEMA,GHA","ABIDJAN,CIV",2014-04-09,2014-04-11,529.1799797239388,20.415416666666673,18
244057000,"LUANDA,AGO","TEMA,GHA",2016-08-06,2016-08-11,1722.358645159416,93.4215277777779,463
1193046,"TEMA,GHA","LUANDA,AGO",2016-07-18,2016-07-18,234.79547155621083,48.345555555555585,129
357993000,"TEMA,GHA","ABIDJAN,CIV",2014-07-20,2014-07-21,484.4737842031996,17.653333333333332,37
636092103,"MANILA,PHL","JAKARTA,IDN",2013-08-19,2013-08-30,2589.5884486516416,210.90208333333305,451
353751000,"TEMA,GHA","ABIDJAN,CIV",2012-05-08,2012-05-10,516.4655069696673,40.962777777777774,46
636014791,"JAKARTA,IDN","MANILA,PHL",2014-11-27,2014-12-04,3256.279566329158,119.15083333333335,46
271040007,"TEMA,GHA","ABIDJAN,CIV",2016-05-15,2016-05-16,643.4566023531174,29.985972222222216,168
355321000,"JAKARTA,IDN","MANILA,PHL",2013-10-14,2013-10-17,2846.5236545625316,85.47555555555556,37
414174000,"ABIDJAN,CIV","TEMA,GHA",2016-02-09,2016-02-09,506.7595510197852,19.29541666666667,96
636091899,"LUANDA,AGO","ABIDJAN,CIV",2012-06-25,2012-07-01,3298.48180704236,135.00361111111116,92
636091132,"JAKARTA,IDN","MANILA,PHL",2015-05-28,2015-06-06,1713.7545368535193,142.33499999999987,351
636092252,"MANILA,PHL","JAKARTA,IDN",2012-06-13,2012-06-16,1230.1915134760886,62.611805555555556,47
636014791,"MANILA,PHL","JAKARTA,IDN",2013-02-09,2013-02-27,6450.2497961812405,302.3181944444447,870
311883000,"TEMA,GHA","ABIDJAN,CIV",2012-07-05,2012-07-06,584.8924020925651,35.895694444444445,32
355321000,"JAKARTA,IDN","MANILA,PHL",2013-11-11,2013-11-15,2765.017765702812,95.39541666666665,77
215210000,"TEMA,GHA","ABIDJAN,CIV",2014-05-11,2014-05-12,516.0070646948564,19.310833333333335,29
636090958,"TEMA,GHA","ABIDJAN,CIV",2013-10-04,2013-10-07,586.4091910981531,53.879583333333315,43
636010123,"ABIDJAN,CIV","TEMA,GHA",2013-12-21,2013-12-22,444.2642868087604,17.56361111111111,43
209384000,"ABIDJAN,CIV","TEMA,GHA",2012-04-18,2012-04-19,525.1816183213678,23.231805555555553,17
538005752,"TEMA,GHA","ABIDJAN,CIV",2015-10-01,2015-10-02,560.134676465619,28.08305555555557,104
566058000,"TEMA,GHA","ABIDJAN,CIV",2012-09-06,2012-09-07,480.1854546311952,15.662777777777773,29
636014510,"ABIDJAN,CIV","TEMA,GHA",2014-04-04,2014-04-05,494.86716019317817,24.75166666666667,24
212572000,"TEMA,GHA","ABIDJAN,CIV",2013-01-09,2013-01-12,716.0755391245808,71.0933333333333,205
351634000,"TEMA,GHA","ABIDJAN,CIV",2013-06-05,2013-06-11,1247.857562210054,147.60347222222228,115
354788000,"MANILA,PHL","JAKARTA,IDN",2012-02-03,2012-02-12,3398.1755351942284,215.43152777777777,160
355541000,"JAKARTA,IDN","MANILA,PHL",2012-05-14,2012-05-18,2741.7381389120715,83.72986111111112,23
565970000,"TEMA,GHA","ABIDJAN,CIV",2017-01-02,2017-01-03,522.1213764636834,22.506666666666664,217
636013073,"TEMA,GHA","ABIDJAN,CIV",2014-02-18,2014-02-20,287.57304785619283,8.250555555555557,37
354918000,"MANILA,PHL","JAKARTA,IDN",2013-08-10,2013-08-16,2119.6906572311145,107.99166666666666,157
351460000,"MANILA,PHL","JAKARTA,IDN",2013-12-14,2013-12-26,1813.7536302077262,178.46166666666662,49
351928000,"LUANDA,AGO","TEMA,GHA",2016-12-29,2017-01-02,1249.043561158347,55.72222222222222,408
538004176,"JAKARTA,IDN","MANILA,PHL",2013-05-13,2013-05-16,2777.162255791591,87.48694444444448,41
357993000,"TEMA,GHA","ABIDJAN,CIV",2014-05-25,2014-05-26,496.54431600719374,20.13041666666666,59
311006700,"JAKARTA,IDN","MANILA,PHL",2013-04-10,2013-05-14,9724.16656718495,802.0501388888873,693
354149000,"LUANDA,AGO","TEMA,GHA",2014-12-27,2014-12-30,2181.107749606253,69.22652777777779,268
355321000,"MANILA,PHL","JAKARTA,IDN",2012-05-14,2012-05-19,3111.513952887847,124.82972222222229,76
372643000,"MANILA,PHL","JAKARTA,IDN",2015-09-28,2015-10-03,2873.6271332686024,120.82458333333332,52
538006466,"TEMA,GHA","ABIDJAN,CIV",2016-08-10,2016-08-11,564.5389413811553,22.257777777777786,214
357993000,"TEMA,GHA","ABIDJAN,CIV",2013-01-28,2013-01-29,502.7002358156162,18.335694444444453,77
351698000,"TEMA,GHA","ABIDJAN,CIV",2013-12-01,2013-12-01,477.27692086672107,13.732222222222218,36
566028000,"TEMA,GHA","ABIDJAN,CIV",2013-10-16,2013-10-17,543.4635658497709,16.202638888888888,42
371443000,"TEMA,GHA","ABIDJAN,CIV",2012-07-07,2012-07-08,443.9144601292229,20.691388888888884,20
240271000,"LUANDA,AGO","TEMA,GHA",2012-03-06,2012-03-26,2141.2386214588414,439.5955555555554,210
533000972,"MANILA,PHL","JAKARTA,IDN",2017-01-10,2017-03-16,458.6361431347513,88.14541666666666,244
305409000,"JAKARTA,IDN","MANILA,PHL",2012-04-09,2012-04-13,2476.2558404583274,79.81847222222223,9
566041000,"TEMA,GHA","ABIDJAN,CIV",2012-06-29,2012-06-29,477.62376769406865,13.698611111111111,26
235075244,"ABIDJAN,CIV","TEMA,GHA",2012-02-10,2012-04-09,21632.9974752147,1172.6001388888892,2066
247228000,"TEMA,GHA","ABIDJAN,CIV",2013-01-11,2013-01-11,529.037194664622,18.661944444444448,29
304010897,"TEMA,GHA","ABIDJAN,CIV",2014-10-31,2014-11-01,618.3330348909398,17.878333333333334,14
259739000,"LUANDA,AGO","TEMA,GHA",2014-04-23,2014-04-27,2180.549905214442,81.64416666666664,167
271042493,"TEMA,GHA","ABIDJAN,CIV",2015-09-18,2015-09-19,520.371944573637,19.984166666666667,45
366771000,"LUANDA,AGO","TEMA,GHA",2017-01-25,2017-01-28,2221.6302526739355,70.04569444444444,466
566058000,"TEMA,GHA","ABIDJAN,CIV",2014-01-30,2014-01-30,477.708767113223,13.239999999999997,29
636091692,"LUANDA,AGO","ABIDJAN,CIV",2012-05-25,2012-06-04,2306.364479434088,159.58916666666664,157
477748500,"MANILA,PHL","JAKARTA,IDN",2013-06-30,2013-07-06,912.9804667996283,70.99402777777776,206
373552000,"TEMA,GHA","LUANDA,AGO",2012-10-27,2012-10-31,2152.0910614176,89.35611111111118,111
306109000,"TEMA,GHA","ABIDJAN,CIV",2015-12-23,2016-01-26,3102.9709418135008,802.271111111111,1872
563884000,"TEMA,GHA","ABIDJAN,CIV",2013-10-13,2013-10-17,991.8030134260542,93.65416666666664,91
636091261,"JAKARTA,IDN","MANILA,PHL",2014-06-07,2014-06-13,2585.9450272294926,93.66027777777776,18
567303000,"JAKARTA,IDN","MANILA,PHL",2013-06-08,2013-06-14,3303.2924480159127,138.5944444444445,76
636091413,"TEMA,GHA","ABIDJAN,CIV",2012-03-07,2012-03-07,445.6381772576006,14.785277777777777,8
563961000,"TEMA,GHA","ABIDJAN,CIV",2015-11-14,2015-11-15,575.2251762087108,36.61930555555556,107
538004176,"JAKARTA,IDN","MANILA,PHL",2013-10-02,2013-10-06,2785.6458132980374,88.32708333333332,22
636090615,"LUANDA,AGO","ABIDJAN,CIV",2012-01-17,2012-01-21,2441.8670949820175,89.1406944444444,468
370320000,"TEMA,GHA","ABIDJAN,CIV",2017-01-09,2017-01-10,512.6910714782232,23.03847222222221,191
477748500,"MANILA,PHL","JAKARTA,IDN",2012-12-17,2012-12-21,1385.2145896814166,54.97819444444443,100
636092492,"TEMA,GHA","ABIDJAN,CIV",2014-04-29,2014-05-01,495.0733207155536,30.559444444444445,53
311011100,"TEMA,GHA","ABIDJAN,CIV",2014-04-03,2014-04-03,502.5568549901261,17.359305555555558,16
357079000,"MANILA,PHL","JAKARTA,IDN",2012-12-10,2012-12-16,3432.7528909214006,132.95208333333335,134
636091292,"TEMA,GHA","ABIDJAN,CIV",2012-10-30,2012-10-31,591.6878891521402,35.2175,130
636090645,"TEMA,GHA","ABIDJAN,CIV",2015-03-01,2015-03-01,52.035549418147745,2.372222222222222,11
235070715,"ABIDJAN,CIV","LUANDA,AGO",2014-02-14,2014-02-18,2309.0194504114,96.62652777777778,62
636014913,"TEMA,GHA","ABIDJAN,CIV",2014-11-10,2014-11-22,862.8956039687206,296.53750000000065,1316
305325000,"ABIDJAN,CIV","PORT HARCOURT,NGA",2013-06-20,2013-06-23,1504.6738365642861,80.79430555555552,88
219354000,"LUANDA,AGO","ABIDJAN,CIV",2012-02-18,2012-02-24,2274.443275225131,128.2470833333334,95
357079000,"MANILA,PHL","JAKARTA,IDN",2013-07-22,2013-07-28,2123.829663286547,98.0494444444444,116
355469000,"MANILA,PHL","JAKARTA,IDN",2016-07-21,2016-07-29,3686.9438293045955,179.72458333333338,212
247095800,"TEMA,GHA","ABIDJAN,CIV",2015-05-07,2015-05-10,826.5722838576619,58.76124999999998,138
256475000,"TEMA,GHA","ABIDJAN,CIV",2016-12-12,2016-12-12,527.3584156654396,19.82,186
311013600,"TEMA,GHA","ABIDJAN,CIV",2012-02-23,2012-02-23,176.52690291211292,6.753194444444444,4
355541000,"MANILA,PHL","JAKARTA,IDN",2013-02-17,2013-02-24,2754.4309989775606,132.2447222222222,199
304586000,"ABIDJAN,CIV","TEMA,GHA",2012-10-11,2012-10-31,1425.2315726331212,106.78486111111116,184
636091003,"JAKARTA,IDN","MANILA,PHL",2015-04-02,2015-04-11,2188.480144220314,166.70375,348
565599000,"TEMA,GHA","ABIDJAN,CIV",2013-11-22,2013-11-24,518.5021157551224,23.038333333333327,25
236111881,"LUANDA,AGO","TEMA,GHA",2013-02-21,2013-02-26,1454.4318666580343,53.95152777777779,105
566041000,"TEMA,GHA","ABIDJAN,CIV",2012-01-13,2012-01-14,508.0552675214961,13.792083333333347,346
355541000,"JAKARTA,IDN","MANILA,PHL",2012-04-16,2012-04-20,2835.0932521419472,77.61180555555556,19
370095000,"TEMA,GHA","ABIDJAN,CIV",2014-05-31,2014-06-01,471.6950933872047,17.44638888888889,51
355321000,"MANILA,PHL","JAKARTA,IDN",2013-07-14,2013-07-21,2014.9147054151358,112.05000000000001,138
271042493,"TEMA,GHA","ABIDJAN,CIV",2014-09-20,2014-09-21,550.8814711348431,22.19083333333332,76
306382000,"TEMA,GHA","ABIDJAN,CIV",2014-05-17,2014-05-18,558.5023647010561,30.327083333333334,38
636092252,"JAKARTA,IDN","MANILA,PHL",2012-11-04,2012-11-09,3370.868770647074,123.80944444444444,113
370029000,"MANILA,PHL","JAKARTA,IDN",2013-03-23,2013-03-29,2642.6223502421226,125.9486111111111,94
355321000,"JAKARTA,IDN","MANILA,PHL",2013-03-04,2013-03-07,2770.5525622025625,81.22527777777778,35
636092252,"MANILA,PHL","JAKARTA,IDN",2012-12-23,2012-12-27,3452.522512636662,113.30000000000003,115
210327000,"JAKARTA,IDN","MANILA,PHL",2013-10-04,2013-10-10,3451.211813254187,152.33236111111108,37
357079000,"MANILA,PHL","JAKARTA,IDN",2013-11-12,2013-11-17,3446.102012824949,124.90097222222222,155
219326000,"LUANDA,AGO","ABIDJAN,CIV",2012-03-24,2012-03-30,2467.0682498791657,144.97000000000006,85
374820000,"MANILA,PHL","JAKARTA,IDN",2017-01-08,2017-01-13,2857.024701303451,119.33444444444449,90
566741000,"TEMA,GHA","ABIDJAN,CIV",2015-05-01,2015-05-02,520.7796270597493,18.409305555555555,80
245118000,"PORT HARCOURT,NGA","TEMA,GHA",2016-12-21,2016-12-23,869.3648151801154,43.36986111111111,206
355321000,"MANILA,PHL","JAKARTA,IDN",2012-02-21,2012-02-25,2700.764396444357,95.33583333333333,32
271040007,"TEMA,GHA","ABIDJAN,CIV",2016-10-29,2016-10-30,629.6596900144655,24.298194444444437,164
249068000,"TEMA,GHA","ABIDJAN,CIV",2017-11-08,2017-11-09,561.4144779082906,24.900277777777795,302
636091187,"TEMA,GHA","ABIDJAN,CIV",2012-07-25,2012-07-26,363.0980481276753,21.923333333333332,18
351268000,"TEMA,GHA","ABIDJAN,CIV",2013-01-30,2013-01-30,507.1578187558267,16.149166666666673,42
636091347,"JAKARTA,IDN","MANILA,PHL",2017-05-13,2017-05-21,1652.194086556142,129.44625000000016,688
538006003,"TEMA,GHA","ABIDJAN,CIV",2016-12-13,2016-12-14,717.4152758207284,29.917638888888888,236
370433000,"JAKARTA,IDN","MANILA,PHL",2016-08-19,2016-08-30,5160.326510473985,248.91236111111132,450
477056900,"JAKARTA,IDN","MANILA,PHL",2012-04-20,2012-04-26,2453.6287429510503,110.10180555555559,41
636016813,"TEMA,GHA","ABIDJAN,CIV",2016-09-30,2016-10-01,520.4336441662629,23.506250000000005,82
355321000,"MANILA,PHL","JAKARTA,IDN",2014-03-16,2014-03-22,2567.8403058533195,112.76638888888887,119
319392000,"LUANDA,AGO","TEMA,GHA",2016-01-04,2016-01-08,2289.12265886563,79.33236111111111,353
247207000,"TEMA,GHA","ABIDJAN,CIV",2012-04-04,2012-04-05,468.13105557306585,16.96972222222223,24
566028000,"TEMA,GHA","ABIDJAN,CIV",2012-04-27,2012-04-28,511.334240107845,13.62236111111111,18
354338000,"TEMA,GHA","ABIDJAN,CIV",2014-01-07,2014-01-08,465.7183154737046,20.952222222222222,42
518332000,"ABIDJAN,CIV","TEMA,GHA",2016-12-01,2016-12-02,487.69179347261075,21.649444444444438,124
354537000,"TEMA,GHA","ABIDJAN,CIV",2015-12-01,2015-12-03,595.6723844839299,53.991388888888885,195
371648000,"TEMA,GHA","ABIDJAN,CIV",2017-07-02,2017-07-04,549.0394626530099,42.549166666666665,482
565970000,"TEMA,GHA","ABIDJAN,CIV",2016-01-16,2016-01-17,501.07806878917387,19.312361111111116,86
636091342,"TEMA,GHA","ABIDJAN,CIV",2012-02-28,2012-03-03,420.191008196173,84.76555555555554,46
636091966,"TEMA,GHA","ABIDJAN,CIV",2017-06-01,2017-06-28,597.816748705611,639.1370833333318,2538
477220800,"LUANDA,AGO","TEMA,GHA",2015-01-13,2015-01-17,2068.3533727323997,89.82430555555555,232
356629000,"JAKARTA,IDN","MANILA,PHL",2013-09-14,2013-09-20,434.18657020106866,47.47736111111113,92
565234000,"LUANDA,AGO","TEMA,GHA",2014-05-24,2014-05-28,2137.428645353448,95.4658333333334,190
538004176,"JAKARTA,IDN","MANILA,PHL",2013-11-26,2013-11-30,2577.447134745339,90.46208333333334,47
354118000,"JAKARTA,IDN","MANILA,PHL",2013-10-12,2013-10-18,3343.4421585377872,156.1491666666667,171
1193046,"LUANDA,AGO","TEMA,GHA",2016-06-02,2016-06-02,1.0319036328858817,8.540000000000001,22
212140000,"TEMA,GHA","LUANDA,AGO",2013-12-27,2013-12-30,2165.886620110703,79.30319444444439,192
563999000,"MANILA,PHL","JAKARTA,IDN",2012-12-30,2013-01-07,2948.1697707870458,163.36569444444442,74
351309000,"MANILA,PHL","JAKARTA,IDN",2014-07-03,2014-07-17,4068.9107506122696,242.2608333333334,106
357079000,"JAKARTA,IDN","MANILA,PHL",2013-02-11,2013-02-15,2556.0241449431583,80.79833333333333,19
311043200,"PORT HARCOURT,NGA","ABIDJAN,CIV",2012-10-23,2012-10-25,1258.2515111520268,54.33666666666668,45
253201000,"TEMA,GHA","ABIDJAN,CIV",2016-07-05,2016-07-06,606.521399896246,22.289166666666663,175
249625000,"TEMA,GHA","LUANDA,AGO",2016-09-28,2016-10-03,2271.6274192554465,123.86333333333334,772
371625000,"ABIDJAN,CIV","TEMA,GHA",2012-01-04,2012-01-05,491.3826057279035,22.991111111111106,80
370616000,"MANILA,PHL","JAKARTA,IDN",2012-12-28,2013-01-05,4212.8916226645615,172.8933333333333,202
354918000,"MANILA,PHL","JAKARTA,IDN",2013-11-30,2013-12-07,2371.316044679088,116.02319444444443,123
308759000,"JAKARTA,IDN","MANILA,PHL",2016-01-19,2016-01-24,1013.1392347863457,36.525972222222215,51
636091930,"TEMA,GHA","ABIDJAN,CIV",2012-02-04,2012-02-05,500.76762767719475,30.227083333333315,133
351738000,"TEMA,GHA","ABIDJAN,CIV",2012-03-15,2012-03-17,403.89945169541954,13.42347222222222,20
636091056,"TEMA,GHA","ABIDJAN,CIV",2013-09-10,2013-09-16,2034.8017448230205,130.31680555555556,98
538090205,"MANILA,PHL","JAKARTA,IDN",2012-02-17,2012-03-07,2430.4499887529014,146.00000000000006,138
636090138,"LUANDA,AGO","ABIDJAN,CIV",2013-03-04,2013-03-11,2947.7096212779684,131.67708333333331,163
355249000,"TEMA,GHA","ABIDJAN,CIV",2014-04-07,2014-04-09,649.1920761330692,54.43527777777777,41
548789000,"MANILA,PHL","JAKARTA,IDN",2013-02-02,2013-02-08,3829.884748194336,153.85680555555555,150
355321000,"JAKARTA,IDN","MANILA,PHL",2012-09-18,2012-09-23,2431.9226186823917,67.44777777777777,15
372913000,"LUANDA,AGO","ABIDJAN,CIV",2016-01-18,2016-01-22,2459.3115515837158,103.73097222222225,101
563630000,"JAKARTA,IDN","MANILA,PHL",2013-04-24,2013-06-16,5470.686636574212,1110.9088888888894,3582
636090967,"MANILA,PHL","JAKARTA,IDN",2012-04-22,2012-04-26,2448.556430355733,83.2375,17
373731000,"TEMA,GHA","ABIDJAN,CIV",2014-01-26,2014-01-31,853.1363024274907,111.68013888888886,118
355541000,"JAKARTA,IDN","MANILA,PHL",2012-08-07,2012-08-11,2708.9115223904955,77.97305555555555,25
351268000,"ABIDJAN,CIV","TEMA,GHA",2013-09-07,2013-09-08,457.3623478722158,15.114722222222223,25
355541000,"MANILA,PHL","JAKARTA,IDN",2013-10-28,2013-11-03,2434.6963603895288,108.76791666666666,156
211627970,"TEMA,GHA","ABIDJAN,CIV",2017-10-12,2017-10-13,568.9390210167735,28.81166666666666,512
636091003,"JAKARTA,IDN","MANILA,PHL",2014-11-06,2014-11-15,2145.6796782581832,154.14777777777778,345
355079000,"JAKARTA,IDN","MANILA,PHL",2012-05-30,2012-08-07,4964.068096783866,395.77083333333326,112
312158000,"ABIDJAN,CIV","TEMA,GHA",2016-03-01,2016-03-03,577.5481524454394,26.501944444444444,10
370801000,"MANILA,PHL","JAKARTA,IDN",2013-06-23,2013-07-01,1458.7970065382076,77.67791666666668,28
271040008,"TEMA,GHA","ABIDJAN,CIV",2014-02-19,2014-02-20,588.2265638854013,23.368611111111107,44
538005345,"LUANDA,AGO","TEMA,GHA",2014-06-13,2014-06-16,2194.6312659223536,64.20027777777777,161
248574000,"TEMA,GHA","ABIDJAN,CIV",2014-02-18,2014-02-20,481.1168842466902,23.834027777777777,49
477774000,"ABIDJAN,CIV","TEMA,GHA",2013-06-29,2013-06-30,497.66451031048103,23.56180555555555,55
636092252,"MANILA,PHL","JAKARTA,IDN",2013-02-18,2013-02-22,1918.3649850809072,77.01013888888889,120
373552000,"TEMA,GHA","LUANDA,AGO",2013-02-04,2013-02-08,2192.2227693730597,101.59333333333332,121
355541000,"JAKARTA,IDN","MANILA,PHL",2013-11-05,2013-11-09,2814.093666969452,97.9365277777778,27
351895000,"LUANDA,AGO","ABIDJAN,CIV",2013-06-12,2013-06-16,2459.5636947835756,100.30555555555556,102
249529000,"TEMA,GHA","ABIDJAN,CIV",2012-05-30,2012-06-01,453.63288147760244,31.471111111111107,28
355656000,"MANILA,PHL","JAKARTA,IDN",2013-06-12,2013-06-18,3576.4757071518243,147.88083333333321,112
636091900,"PORT HARCOURT,NGA","TEMA,GHA",2013-01-04,2013-01-07,878.9992773186308,60.827638888888856,298
357045000,"MANILA,PHL","JAKARTA,IDN",2013-10-19,2013-10-24,2850.0753917650327,123.46930555555555,28
351268000,"TEMA,GHA","ABIDJAN,CIV",2013-10-27,2013-10-28,479.5856706778737,20.798472222222223,19
353637000,"MANILA,PHL","JAKARTA,IDN",2012-04-18,2012-05-25,1918.1591079085008,263.19236111111115,156
636092388,"TEMA,GHA","ABIDJAN,CIV",2012-08-11,2012-08-12,528.6601459296076,15.894861111111112,17
477792900,"TEMA,GHA","ABIDJAN,CIV",2013-12-07,2013-12-11,676.7972859904132,101.80263888888894,152
636091013,"ABIDJAN,CIV","TEMA,GHA",2015-07-31,2015-08-17,1039.1217261951606,395.5913888888885,1633
566056000,"TEMA,GHA","ABIDJAN,CIV",2013-11-30,2013-12-02,490.480412958993,46.26958333333333,77
636014960,"TEMA,GHA","ABIDJAN,CIV",2012-05-29,2012-05-30,376.87587574074183,18.317500000000003,16
636014698,"ABIDJAN,CIV","TEMA,GHA",2012-09-04,2012-09-04,438.7704943746834,13.949305555555554,9
304010897,"TEMA,GHA","ABIDJAN,CIV",2014-06-16,2014-06-18,642.6799773124891,40.09041666666666,30
636091884,"TEMA,GHA","ABIDJAN,CIV",2015-09-24,2015-09-25,507.62326409935173,28.004166666666666,88
354456000,"ABIDJAN,CIV","TEMA,GHA",2014-07-20,2014-07-21,527.2468710173733,31.87986111111111,97
370095000,"TEMA,GHA","ABIDJAN,CIV",2013-11-17,2013-11-17,452.6281899127974,13.948194444444443,37
477056900,"JAKARTA,IDN","MANILA,PHL",2012-06-15,2012-06-21,2345.6417921600946,109.97305555555555,25
352231000,"ABIDJAN,CIV","TEMA,GHA",2014-11-30,2014-12-01,471.6381873414708,27.979722222222218,73
566028000,"TEMA,GHA","ABIDJAN,CIV",2012-06-22,2012-06-22,461.0668665786913,12.88152777777778,10
636090879,"TEMA,GHA","ABIDJAN,CIV",2015-11-22,2015-11-23,540.8988496288206,19.088888888888892,54
636091107,"LUANDA,AGO","ABIDJAN,CIV",2013-12-09,2013-12-16,2475.482173307456,156.24444444444444,179
636090190,"TEMA,GHA","ABIDJAN,CIV",2012-09-12,2012-09-13,417.27962519285927,13.08847222222222,11
210409000,"JAKARTA,IDN","MANILA,PHL",2014-07-03,2014-07-12,413.5125584869766,46.194583333333355,93
241225000,"ABIDJAN,CIV","TEMA,GHA",2014-04-06,2014-04-07,529.902421028733,20.81458333333333,25
636014169,"LUANDA,AGO","ABIDJAN,CIV",2014-05-12,2014-05-21,2640.9242940535914,217.58527777777775,192
538004176,"JAKARTA,IDN","MANILA,PHL",2014-04-13,2014-04-17,2753.499427008524,93.70416666666665,27
636090975,"TEMA,GHA","ABIDJAN,CIV",2014-01-07,2014-01-08,470.64000737811375,21.55847222222223,40
518332000,"ABIDJAN,CIV","TEMA,GHA",2013-05-15,2013-05-19,656.534514643725,98.73819444444447,166
351698000,"TEMA,GHA","ABIDJAN,CIV",2013-01-20,2013-01-21,498.16637054580565,22.968194444444446,45
247611000,"TEMA,GHA","ABIDJAN,CIV",2012-01-15,2012-01-29,1838.00664598739,326.64263888888877,619
253161000,"TEMA,GHA","ABIDJAN,CIV",2017-03-19,2017-03-20,545.2058530650728,27.40291666666667,134
477225500,"LUANDA,AGO","TEMA,GHA",2016-05-15,2016-05-19,2173.95758387912,92.36652777777779,358
538003798,"ABIDJAN,CIV","TEMA,GHA",2016-01-22,2016-01-23,519.4805751789152,21.70277777777778,97
356167000,"TEMA,GHA","ABIDJAN,CIV",2013-05-01,2013-05-02,465.87649265474715,16.37194444444444,23
538004546,"JAKARTA,IDN","MANILA,PHL",2014-12-10,2014-12-19,1327.4890324783523,124.21000000000002,200
538005127,"LUANDA,AGO","TEMA,GHA",2015-02-26,2015-03-01,2191.489638473994,73.00513888888887,219
354918000,"MANILA,PHL","JAKARTA,IDN",2013-12-29,2014-01-05,2169.3940414591248,101.66097222222223,192
548631000,"TEMA,GHA","ABIDJAN,CIV",2012-06-01,2012-06-02,506.60204286292094,21.384583333333335,18
477299000,"LUANDA,AGO","TEMA,GHA",2017-08-26,2017-08-29,1563.9420301771358,60.902361111111084,570
372370000,"ABIDJAN,CIV","TEMA,GHA",2013-11-08,2013-11-11,878.591060474702,85.07000000000004,276
247207000,"ABIDJAN,CIV","TEMA,GHA",2012-05-19,2012-05-27,1213.6704532313372,192.29402777777779,83
563424000,"TEMA,GHA","ABIDJAN,CIV",2017-10-28,2017-11-15,596.5724155012151,432.10680555555535,2199
357919000,"TEMA,GHA","ABIDJAN,CIV",2012-05-06,2012-05-07,482.6903811571379,15.45763888888889,28
636090138,"ABIDJAN,CIV","TEMA,GHA",2012-10-02,2012-10-02,182.01400508100406,8.37611111111111,10
477901000,"ABIDJAN,CIV","TEMA,GHA",2014-04-30,2014-05-01,516.4513324637497,18.959583333333324,61
370095000,"TEMA,GHA","ABIDJAN,CIV",2012-12-31,2013-01-01,478.2786944842361,14.903333333333338,48
306497000,"ABIDJAN,CIV","TEMA,GHA",2015-04-17,2015-04-18,524.7310177934893,21.64208333333334,74
319057600,"MANILA,PHL","JAKARTA,IDN",2014-04-08,2014-04-22,2292.3687755834358,119.62083333333337,72
357079000,"JAKARTA,IDN","MANILA,PHL",2012-07-23,2012-08-12,8946.199758988256,293.28249999999997,354
353751000,"LUANDA,AGO","TEMA,GHA",2014-06-30,2014-07-05,142.39873278257767,11.99763888888889,5
636091401,"TEMA,GHA","ABIDJAN,CIV",2014-05-30,2014-06-01,572.6822342359026,35.095416666666665,32
354106000,"JAKARTA,IDN","MANILA,PHL",2014-01-31,2014-02-07,2071.8505414968313,120.4573611111111,171
247304600,"TEMA,GHA","ABIDJAN,CIV",2013-10-10,2013-10-11,536.2130632802604,25.06666666666667,20
477818000,"LUANDA,AGO","TEMA,GHA",2015-06-17,2015-06-21,2198.008246190236,88.99041666666665,89
371443000,"TEMA,GHA","ABIDJAN,CIV",2012-08-15,2012-08-16,498.43221252461234,24.868611111111107,27
210267000,"PORT HARCOURT,NGA","ABIDJAN,CIV",2014-12-31,2015-01-03,1526.9829353870757,66.40305555555554,178
371811000,"ABIDJAN,CIV","TEMA,GHA",2012-10-03,2012-10-04,502.3556904672171,19.352916666666665,27
215819000,"ABIDJAN,CIV","TEMA,GHA",2014-04-15,2014-04-16,699.9307000432121,31.721527777777784,29
566058000,"TEMA,GHA","ABIDJAN,CIV",2013-06-19,2013-06-19,445.6809055005957,16.373194444444444,6
247217100,"TEMA,GHA","ABIDJAN,CIV",2015-06-07,2015-06-14,880.8613487684985,166.6052777777778,603
636092379,"JAKARTA,IDN","MANILA,PHL",2016-06-09,2016-06-13,1818.1556763339365,58.4225,17
215210000,"TEMA,GHA","ABIDJAN,CIV",2014-03-13,2014-03-16,540.2949981068759,54.025416666666665,35
248572000,"TEMA,GHA","ABIDJAN,CIV",2014-04-01,2014-04-02,497.72759811743293,20.486944444444443,21
357993000,"TEMA,GHA","ABIDJAN,CIV",2014-02-02,2014-02-03,495.7938895399847,17.638055555555557,58
319310000,"TEMA,GHA","ABIDJAN,CIV",2014-02-28,2014-03-01,497.236023211011,34.784027777777766,48
212334000,"JAKARTA,IDN","MANILA,PHL",2015-01-30,2015-02-07,1487.4127887029495,62.00138888888891,44
247131000,"TEMA,GHA","ABIDJAN,CIV",2012-04-15,2012-04-16,437.55236106909035,26.335,19
351305000,"LUANDA,AGO","TEMA,GHA",2012-09-03,2012-09-11,2493.102326872963,205.47250000000003,97
351828000,"TEMA,GHA","ABIDJAN,CIV",2014-01-30,2014-01-31,510.570669563313,19.650694444444444,57
636091401,"ABIDJAN,CIV","LUANDA,AGO",2014-04-08,2014-04-12,2435.0718129951397,91.95305555555561,64
305046000,"TEMA,GHA","LUANDA,AGO",2015-03-11,2015-03-16,2170.158878675313,110.58013888888878,724
636090753,"LUANDA,AGO","ABIDJAN,CIV",2012-02-09,2012-02-12,2246.0316077776392,69.36083333333333,84
353642000,"ABIDJAN,CIV","TEMA,GHA",2013-08-19,2013-08-20,473.9662674046701,15.54208333333333,64
351738000,"TEMA,GHA","ABIDJAN,CIV",2012-07-14,2012-07-15,451.018520314789,16.545416666666664,33
636091401,"ABIDJAN,CIV","TEMA,GHA",2014-04-04,2014-04-05,371.5438565457952,13.721527777777776,19
636015923,"TEMA,GHA","ABIDJAN,CIV",2016-07-19,2016-07-20,536.1569513641041,18.621805555555547,122
247067200,"ABIDJAN,CIV","LUANDA,AGO",2012-12-28,2013-01-01,2471.954422659429,111.53430555555562,192
636091166,"TEMA,GHA","ABIDJAN,CIV",2014-08-22,2014-09-01,307.8908417131935,208.68833333333345,798
355321000,"MANILA,PHL","JAKARTA,IDN",2012-12-30,2013-01-05,2324.4585586665494,92.86236111111108,129
538090194,"ABIDJAN,CIV","TEMA,GHA",2015-02-23,2015-02-26,886.8069835717574,82.02930555555552,308
636091020,"TEMA,GHA","ABIDJAN,CIV",2013-01-25,2013-01-28,655.8692566487533,75.06541666666669,106
538004176,"MANILA,PHL","JAKARTA,IDN",2013-07-01,2013-07-08,2175.5747517509544,116.5526388888889,228
371318000,"TEMA,GHA","ABIDJAN,CIV",2015-07-17,2015-07-17,476.13432330479975,14.920555555555557,71
566491000,"ABIDJAN,CIV","TEMA,GHA",2013-09-16,2013-09-18,566.158322938943,48.9336111111111,173
636091335,"TEMA,GHA","ABIDJAN,CIV",2013-09-26,2013-09-27,543.5836372108287,28.732777777777777,25
305660000,"ABIDJAN,CIV","TEMA,GHA",2012-03-27,2012-03-28,410.19871022576615,15.742222222222225,29
636090138,"LUANDA,AGO","ABIDJAN,CIV",2012-12-11,2012-12-15,2495.4244813171113,95.85861111111112,158
636015923,"TEMA,GHA","ABIDJAN,CIV",2016-06-05,2016-06-07,544.5908063692749,29.890694444444456,166
566028000,"TEMA,GHA","ABIDJAN,CIV",2014-01-10,2014-01-10,501.37739879942944,13.874722222222221,24
236588000,"ABIDJAN,CIV","TEMA,GHA",2012-01-03,2012-01-04,438.6638267488732,20.986388888888886,55
355541000,"MANILA,PHL","JAKARTA,IDN",2012-04-09,2012-04-15,1999.7196535820322,88.21388888888887,50
373996000,"LUANDA,AGO","TEMA,GHA",2012-01-30,2012-02-04,2451.759763212825,115.48541666666677,442
538005230,"TEMA,GHA","ABIDJAN,CIV",2013-11-26,2013-11-26,12.388657866994965,0.9577777777777778,5
636015321,"TEMA,GHA","ABIDJAN,CIV",2012-01-07,2012-01-08,287.1297400519015,8.967222222222224,100
357919000,"TEMA,GHA","ABIDJAN,CIV",2017-05-14,2017-05-17,820.0380932686534,59.30333333333329,735
538004091,"LUANDA,AGO","TEMA,GHA",2014-06-10,2014-06-14,2899.35696493177,111.47097222222216,196
477914200,"TEMA,GHA","ABIDJAN,CIV",2017-10-08,2017-10-09,528.9832503778581,22.711111111111137,674
538005657,"TEMA,GHA","ABIDJAN,CIV",2017-12-01,2017-12-02,575.6515503485667,18.36555555555554,550
210409000,"JAKARTA,IDN","MANILA,PHL",2015-01-15,2015-03-08,1140.821209911203,188.6183333333334,115
477441500,"LUANDA,AGO","TEMA,GHA",2017-06-04,2017-06-08,2170.221247231065,84.07777777777777,528
441963000,"MANILA,PHL","JAKARTA,IDN",2012-12-04,2012-12-14,3009.139120476715,152.1038888888889,138
351738000,"TEMA,GHA","ABIDJAN,CIV",2012-02-01,2012-02-01,430.7070715786425,16.408333333333335,52
308921000,"TEMA,GHA","ABIDJAN,CIV",2012-03-23,2012-03-24,441.67661218544026,19.873472222222222,12
271040635,"TEMA,GHA","ABIDJAN,CIV",2017-01-16,2017-01-17,573.7396113321264,19.472499999999997,144
247228000,"TEMA,GHA","ABIDJAN,CIV",2014-03-11,2014-03-12,483.8692720241436,17.437916666666666,24
248931000,"TEMA,GHA","ABIDJAN,CIV",2014-03-17,2014-03-19,612.1807797105942,47.386111111111106,103
567264000,"ABIDJAN,CIV","TEMA,GHA",2012-02-19,2012-04-14,1190.8410690729304,395.20208333333306,79
636091178,"TEMA,GHA","ABIDJAN,CIV",2012-02-23,2012-03-09,1130.1196323117094,116.93652777777777,31
356470000,"LUANDA,AGO","TEMA,GHA",2013-09-09,2013-09-15,2942.765217314584,164.33555555555554,188
271040635,"TEMA,GHA","ABIDJAN,CIV",2017-10-14,2017-10-15,529.3641220760909,17.52999999999999,388
566981000,"TEMA,GHA","ABIDJAN,CIV",2014-06-07,2014-06-08,470.68083660393285,18.447777777777777,57
247304600,"TEMA,GHA","ABIDJAN,CIV",2013-08-31,2013-08-31,456.87373534458635,15.31013888888889,36
210327000,"JAKARTA,IDN","MANILA,PHL",2013-04-13,2013-04-20,3169.5257791409094,122.28305555555556,32
566981000,"TEMA,GHA","ABIDJAN,CIV",2014-02-25,2014-02-26,479.10674031432745,16.425277777777772,71
636091525,"JAKARTA,IDN","MANILA,PHL",2016-03-18,2016-03-26,3668.860993172762,177.30708333333337,228
372097000,"TEMA,GHA","ABIDJAN,CIV",2017-10-06,2017-10-07,546.7849620605597,19.598472222222224,510
477014400,"TEMA,GHA","ABIDJAN,CIV",2016-09-04,2016-09-05,481.52541219084213,21.868888888888883,136
636091140,"TEMA,GHA","ABIDJAN,CIV",2015-03-30,2015-03-31,538.1684223285498,32.303472222222226,172
311054400,"TEMA,GHA","ABIDJAN,CIV",2013-10-15,2013-10-16,470.068456270153,20.207361111111112,41
636015557,"TEMA,GHA","ABIDJAN,CIV",2013-11-22,2013-11-23,525.0998483194476,19.21402777777778,43
441838000,"JAKARTA,IDN","MANILA,PHL",2016-03-09,2016-03-15,1370.1783780841045,63.60458333333334,65
212572000,"TEMA,GHA","ABIDJAN,CIV",2012-09-04,2012-09-05,490.62605776288996,17.01027777777778,21
370616000,"MANILA,PHL","JAKARTA,IDN",2013-03-23,2013-03-29,3894.082354308898,152.1966666666667,162
357919000,"TEMA,GHA","ABIDJAN,CIV",2012-03-11,2012-03-12,270.93432377812377,12.242777777777778,12
636013068,"TEMA,GHA","ABIDJAN,CIV",2014-04-29,2014-04-30,456.19982947594815,19.275277777777777,54
440090000,"MANILA,PHL","JAKARTA,IDN",2012-03-19,2012-03-25,1469.5218009672694,80.4701388888889,11
565963000,"JAKARTA,IDN","MANILA,PHL",2013-05-04,2013-05-10,1054.2520512188762,66.51861111111113,153
636014136,"TEMA,GHA","LUANDA,AGO",2012-02-29,2012-03-04,2004.9341894631611,91.03791666666667,53
636091402,"ABIDJAN,CIV","TEMA,GHA",2014-12-13,2014-12-14,490.5442623256502,17.679861111111112,89
212557000,"JAKARTA,IDN","MANILA,PHL",2014-07-24,2014-08-05,3602.020847808952,188.14416666666665,102
356167000,"TEMA,GHA","ABIDJAN,CIV",2013-03-17,2013-03-18,473.1340074965164,17.881111111111114,26
636092388,"TEMA,GHA","ABIDJAN,CIV",2012-03-01,2012-03-02,316.34401001576947,31.441805555555558,15
355321000,"JAKARTA,IDN","MANILA,PHL",2013-02-04,2013-02-08,2791.956990361143,79.66944444444445,16
304010897,"TEMA,GHA","ABIDJAN,CIV",2014-09-19,2014-09-20,634.3889629834987,19.506944444444446,21
636010648,"MANILA,PHL","JAKARTA,IDN",2012-05-29,2012-08-07,10909.449985584002,998.9762500000003,618
357848000,"JAKARTA,IDN","MANILA,PHL",2013-07-13,2013-07-19,1418.7996925009563,84.87666666666668,186
566028000,"TEMA,GHA","ABIDJAN,CIV",2014-03-11,2014-03-12,521.9198242135233,13.944583333333332,47
304993000,"TEMA,GHA","ABIDJAN,CIV",2015-06-01,2015-06-02,536.0640883889715,26.377777777777784,70
636015031,"LUANDA,AGO","TEMA,GHA",2017-05-12,2017-05-16,1552.9041657384175,61.225972222222246,350
236581000,"TEMA,GHA","LUANDA,AGO",2012-06-12,2012-06-16,2147.2518157834133,88.90402777777777,78
356683000,"JAKARTA,IDN","MANILA,PHL",2013-08-21,2013-08-29,2263.9260456087127,120.39027777777777,30
574951000,"ABIDJAN,CIV","TEMA,GHA",2013-09-22,2013-09-23,439.8195167474308,19.726111111111113,44
355541000,"MANILA,PHL","JAKARTA,IDN",2013-05-12,2013-05-19,2310.2922241618635,119.6795833333333,164
1193046,"LUANDA,AGO","ABIDJAN,CIV",2016-10-21,2016-10-21,435.18666851363264,35.133611111111136,97
355942000,"LUANDA,AGO","TEMA,GHA",2013-10-14,2013-10-25,2709.181406302651,261.34888888888906,681
566028000,"TEMA,GHA","ABIDJAN,CIV",2013-08-21,2013-08-22,541.2470581758287,19.049722222222222,39
636091347,"JAKARTA,IDN","MANILA,PHL",2014-02-01,2014-02-08,3485.71225654329,152.66416666666672,117
357158000,"TEMA,GHA","ABIDJAN,CIV",2012-06-04,2012-06-05,508.39310146270907,22.76152777777778,15
355321000,"MANILA,PHL","JAKARTA,IDN",2013-11-03,2013-11-09,3475.862588415689,148.69763888888883,107
248574000,"TEMA,GHA","ABIDJAN,CIV",2014-01-23,2014-01-24,493.0701441041463,21.00986111111111,22
351849000,"LUANDA,AGO","TEMA,GHA",2014-09-05,2014-09-10,2169.9220454512833,105.8941666666666,495
636091472,"TEMA,GHA","ABIDJAN,CIV",2012-05-10,2012-05-11,456.08398520600025,21.30513888888889,17
563491000,"TEMA,GHA","ABIDJAN,CIV",2014-03-08,2014-03-09,505.5073163282644,24.813472222222224,85
370120000,"JAKARTA,IDN","MANILA,PHL",2014-12-04,2014-12-14,2522.726987145285,155.3929166666667,216
357993000,"TEMA,GHA","ABIDJAN,CIV",2013-12-08,2013-12-09,485.66031955034794,14.558055555555555,63
372723000,"TEMA,GHA","ABIDJAN,CIV",2012-02-15,2012-02-17,518.2146135905994,55.723749999999974,163
229247000,"TEMA,GHA","ABIDJAN,CIV",2013-06-29,2013-07-02,533.7995921982232,47.93027777777778,9
210424000,"ABIDJAN,CIV","TEMA,GHA",2013-11-30,2013-12-01,538.1620434878756,22.25444444444444,61
248572000,"TEMA,GHA","ABIDJAN,CIV",2013-12-14,2013-12-15,499.4714748240479,19.29,15
355541000,"JAKARTA,IDN","MANILA,PHL",2013-02-26,2013-03-01,2596.822508459808,80.69083333333334,17
357919000,"TEMA,GHA","ABIDJAN,CIV",2012-07-29,2012-07-30,486.22413259502827,15.697500000000002,24
304675000,"JAKARTA,IDN","MANILA,PHL",2012-05-08,2012-05-13,2923.93012771676,88.80416666666666,23
306497000,"ABIDJAN,CIV","TEMA,GHA",2017-05-22,2017-06-17,4863.426210681842,620.8663888888887,2251
232558000,"TEMA,GHA","ABIDJAN,CIV",2015-02-14,2015-03-11,10578.381223390084,608.3368055555568,2281
357919000,"TEMA,GHA","ABIDJAN,CIV",2015-12-05,2015-12-06,499.89585997518907,14.595277777777776,79
210410000,"JAKARTA,IDN","MANILA,PHL",2013-02-22,2013-02-28,2718.062010659541,92.00986111111114,18
636091132,"JAKARTA,IDN","MANILA,PHL",2015-08-28,2015-09-05,3860.6571391889356,186.24763888888887,277
305905000,"JAKARTA,IDN","MANILA,PHL",2013-08-31,2013-09-07,3400.6744454474233,120.32874999999999,65
355541000,"JAKARTA,IDN","MANILA,PHL",2014-02-11,2014-02-15,2742.6016633425197,98.10444444444444,32
304531000,"LUANDA,AGO","ABIDJAN,CIV",2012-05-19,2012-05-24,2593.488409609086,116.39583333333337,155
247207000,"TEMA,GHA","ABIDJAN,CIV",2012-09-07,2012-09-08,527.2586692356672,22.89708333333333,26
538005309,"TEMA,GHA","ABIDJAN,CIV",2014-05-16,2014-05-17,475.55774737078883,16.788749999999997,53
219212000,"JAKARTA,IDN","MANILA,PHL",2014-06-07,2014-06-19,3512.0477898959057,207.35013888888886,66
636092252,"JAKARTA,IDN","MANILA,PHL",2012-06-18,2012-06-24,3286.013922989807,142.44625,48
636091162,"JAKARTA,IDN","MANILA,PHL",2014-06-17,2014-06-22,3432.85627698047,136.71305555555548,105
636014241,"TEMA,GHA","ABIDJAN,CIV",2014-05-20,2014-05-21,475.87584290802266,14.133611111111112,34
548789000,"JAKARTA,IDN","MANILA,PHL",2013-01-13,2013-01-18,3392.8626568228165,122.49569444444444,111
636091347,"JAKARTA,IDN","MANILA,PHL",2013-08-15,2013-08-22,3532.9971601798457,134.42847222222224,40
247289800,"ABIDJAN,CIV","LUANDA,AGO",2015-05-15,2015-05-19,2303.9250882960782,75.14624999999998,69
247228000,"TEMA,GHA","ABIDJAN,CIV",2013-06-06,2013-06-08,588.8180605093542,31.72013888888889,45
566049000,"TEMA,GHA","ABIDJAN,CIV",2012-04-12,2012-04-13,391.7662219146679,11.182222222222224,20
566028000,"ABIDJAN,CIV","TEMA,GHA",2012-08-10,2012-08-16,2756.716318726772,149.0995833333334,138
564622000,"TEMA,GHA","ABIDJAN,CIV",2013-08-18,2013-08-21,680.8492610781018,78.32083333333335,51
271042493,"TEMA,GHA","ABIDJAN,CIV",2014-06-19,2014-06-20,524.0068098971099,22.928194444444447,54
247207000,"TEMA,GHA","ABIDJAN,CIV",2014-01-25,2014-01-26,549.9862875716353,22.119166666666672,44
636091218,"TEMA,GHA","ABIDJAN,CIV",2014-08-26,2014-08-27,552.8208730999631,16.957638888888887,21
636092013,"LUANDA,AGO","TEMA,GHA",2014-09-14,2014-09-18,2160.0939253595743,86.78125000000001,257
477552700,"TEMA,GHA","LUANDA,AGO",2016-03-21,2016-03-24,2163.3753233511825,77.45069444444444,461
370798000,"ABIDJAN,CIV","LUANDA,AGO",2014-04-12,2014-04-22,2897.14006892311,235.30013888888882,238
311058400,"LUANDA,AGO","TEMA,GHA",2014-12-28,2015-01-01,2197.9204375814566,92.72555555555559,289
210327000,"JAKARTA,IDN","MANILA,PHL",2013-07-12,2013-07-18,3347.158719426165,119.87277777777778,39
248574000,"TEMA,GHA","ABIDJAN,CIV",2014-05-18,2014-05-20,488.6485985445179,28.020972222222223,51
566807000,"TEMA,GHA","ABIDJAN,CIV",2013-10-01,2013-10-02,550.504552241249,25.702916666666663,44
636092242,"TEMA,GHA","ABIDJAN,CIV",2014-05-06,2014-05-08,493.3080886511149,30.010972222222225,21
366097000,"TEMA,GHA","ABIDJAN,CIV",2012-02-01,2012-02-02,508.32680642812016,21.015277777777776,137
574264000,"MANILA,PHL","JAKARTA,IDN",2012-10-23,2012-11-05,2024.4769735269397,132.2466666666666,116
247219300,"ABIDJAN,CIV","TEMA,GHA",2015-06-15,2015-06-16,507.95790309462706,26.451666666666657,69
247207000,"ABIDJAN,CIV","TEMA,GHA",2012-03-16,2012-04-03,1403.2022679338415,403.75180555555556,95
355369000,"LUANDA,AGO","TEMA,GHA",2015-04-06,2015-04-10,2213.3672249236633,95.5320833333333,180
311691000,"JAKARTA,IDN","MANILA,PHL",2016-01-12,2016-01-17,1727.9259122534636,64.47500000000001,31
566055000,"TEMA,GHA","ABIDJAN,CIV",2017-03-15,2017-03-16,494.30727902857717,26.140555555555547,207
370120000,"JAKARTA,IDN","MANILA,PHL",2015-02-12,2015-02-21,1949.7155112080484,138.50611111111115,298
563003400,"TEMA,GHA","ABIDJAN,CIV",2017-03-06,2017-03-10,858.3120600198923,90.74277777777762,865
236111919,"TEMA,GHA","LUANDA,AGO",2013-09-28,2013-10-01,2163.9503167307894,78.0888888888889,103
355738000,"TEMA,GHA","ABIDJAN,CIV",2014-04-30,2014-05-05,663.5684968078165,119.39486111111115,35
255805757,"TEMA,GHA","ABIDJAN,CIV",2017-03-16,2017-03-17,523.5857682683716,27.04277777777778,139
247219300,"LUANDA,AGO","ABIDJAN,CIV",2015-06-09,2015-06-15,2474.4945403043153,133.0884722222222,265
566049000,"ABIDJAN,CIV","TEMA,GHA",2012-02-11,2012-02-15,2782.6777486948126,112.95972222222225,705
636091838,"TEMA,GHA","ABIDJAN,CIV",2017-11-03,2017-11-04,487.3311783713613,15.63180555555556,277
477083800,"ABIDJAN,CIV","TEMA,GHA",2013-09-06,2013-09-07,436.16260056084013,23.979305555555555,66
636015515,"TEMA,GHA","ABIDJAN,CIV",2015-07-17,2015-07-18,519.3274950903291,25.450833333333335,63
305888000,"TEMA,GHA","LUANDA,AGO",2014-11-29,2014-12-04,2156.2673553862783,106.54194444444443,269
373516000,"TEMA,GHA","ABIDJAN,CIV",2014-05-19,2014-05-22,591.2066756674966,58.03277777777778,57
538003285,"TEMA,GHA","ABIDJAN,CIV",2017-04-27,2017-05-01,676.2279387657718,101.57277777777793,456
477600800,"TEMA,GHA","ABIDJAN,CIV",2013-07-28,2013-08-02,1857.8605238929113,126.70527777777778,157
356629000,"JAKARTA,IDN","MANILA,PHL",2013-05-24,2013-06-01,2759.523416938299,136.54513888888889,211
636014241,"TEMA,GHA","ABIDJAN,CIV",2014-06-18,2014-06-18,390.6920388958472,12.051388888888885,29
636091292,"TEMA,GHA","ABIDJAN,CIV",2012-07-09,2012-07-10,516.4085619265207,24.433611111111112,40
209368000,"TEMA,GHA","ABIDJAN,CIV",2016-08-20,2016-08-25,800.6237664205976,119.14861111111114,763
636090899,"TEMA,GHA","ABIDJAN,CIV",2014-01-18,2014-01-19,474.0383700318392,19.53611111111111,40
372765000,"JAKARTA,IDN","MANILA,PHL",2015-12-26,2016-01-01,1396.625331500546,58.058472222222214,42
253161000,"TEMA,GHA","ABIDJAN,CIV",2017-07-24,2017-07-25,621.1537258180159,23.726111111111113,140
212667000,"TEMA,GHA","LUANDA,AGO",2016-01-28,2016-02-02,2220.363493806346,116.0191666666666,454
636091636,"JAKARTA,IDN","MANILA,PHL",2015-01-16,2015-01-22,3465.3024857714086,146.1543055555556,87
354118000,"JAKARTA,IDN","MANILA,PHL",2013-09-03,2013-09-09,3300.8072340317776,142.3616666666666,156
218504000,"LUANDA,AGO","ABIDJAN,CIV",2017-02-24,2017-02-28,2542.6676316315443,111.56527777777782,683
370616000,"MANILA,PHL","JAKARTA,IDN",2012-05-20,2012-05-27,3250.7375547253673,103.92277777777777,37
305305000,"PORT HARCOURT,NGA","ABIDJAN,CIV",2014-03-21,2014-03-23,1079.3980032009315,45.054027777777776,12
357351000,"TEMA,GHA","ABIDJAN,CIV",2015-10-01,2015-10-02,490.62537724734733,24.73444444444444,35
369310000,"LUANDA,AGO","TEMA,GHA",2014-02-23,2014-02-26,2109.850950509894,72.61013888888893,145
210327000,"JAKARTA,IDN","MANILA,PHL",2014-03-22,2014-03-30,1405.2353062135778,70.81194444444444,27
212572000,"TEMA,GHA","ABIDJAN,CIV",2012-07-26,2012-07-27,486.70778457392566,18.93958333333334,63
565963000,"JAKARTA,IDN","MANILA,PHL",2014-03-07,2014-03-14,1411.9244715372192,89.40347222222223,135
636091020,"TEMA,GHA","ABIDJAN,CIV",2012-10-27,2012-10-28,481.9369484127246,22.181944444444447,39
636014791,"JAKARTA,IDN","MANILA,PHL",2017-01-06,2017-01-14,3276.375851771423,314.4772222222223,675
636091056,"TEMA,GHA","LUANDA,AGO",2017-08-31,2017-09-02,2190.558632010586,63.51263888888883,884
563248000,"LUANDA,AGO","TEMA,GHA",2014-03-28,2014-03-31,2064.6264938365184,68.46458333333332,56
518193000,"ABIDJAN,CIV","TEMA,GHA",2012-02-06,2012-02-07,485.1406480424546,21.142222222222223,129
373026000,"ABIDJAN,CIV","TEMA,GHA",2014-04-04,2014-04-05,505.2718945742103,23.692638888888887,32
576555000,"TEMA,GHA","ABIDJAN,CIV",2012-07-17,2012-07-19,637.7063737112562,45.90277777777778,50
538004176,"MANILA,PHL","JAKARTA,IDN",2013-04-07,2013-04-14,2506.620071960428,123.54500000000002,166
564360000,"ABIDJAN,CIV","LUANDA,AGO",2012-11-13,2012-11-19,2485.996414508011,145.67819444444459,295
229703000,"TEMA,GHA","ABIDJAN,CIV",2014-05-15,2014-05-16,536.3612540462273,30.583194444444445,43
248572000,"TEMA,GHA","ABIDJAN,CIV",2014-05-30,2014-06-01,436.4284912596396,16.4475,19
271040008,"TEMA,GHA","ABIDJAN,CIV",2013-12-04,2013-12-05,626.9814435889388,26.783194444444447,58
255805572,"TEMA,GHA","ABIDJAN,CIV",2014-07-22,2014-07-24,549.03039859435,41.02430555555557,70
356136000,"LUANDA,AGO","TEMA,GHA",2012-02-13,2012-02-24,3040.3123174860493,270.84569444444435,280
355321000,"MANILA,PHL","JAKARTA,IDN",2012-07-09,2012-07-15,3326.7802259892865,134.06069444444444,147
636092388,"TEMA,GHA","ABIDJAN,CIV",2012-04-08,2012-04-11,585.4547265218832,64.70694444444447,60
357919000,"ABIDJAN,CIV","TEMA,GHA",2012-08-28,2012-09-18,14238.82551591872,446.9358333333326,658
229546000,"TEMA,GHA","ABIDJAN,CIV",2017-03-11,2017-03-13,640.2376518891601,41.03638888888887,100
229703000,"TEMA,GHA","ABIDJAN,CIV",2014-08-28,2014-08-29,524.7761538393521,19.03611111111112,74
355541000,"JAKARTA,IDN","MANILA,PHL",2012-11-05,2012-11-09,2864.6982068657844,83.72972222222222,41
245935000,"TEMA,GHA","LUANDA,AGO",2012-05-27,2012-08-03,17290.763678448195,1044.3961111111093,1398
636013073,"TEMA,GHA","ABIDJAN,CIV",2014-01-15,2014-01-15,427.1390085877157,16.589444444444446,28
564059000,"TEMA,GHA","ABIDJAN,CIV",2013-09-15,2013-09-17,596.5517277789678,49.980694444444445,44
566058000,"TEMA,GHA","ABIDJAN,CIV",2012-11-29,2012-12-01,518.6833426845042,27.03472222222222,45
565963000,"JAKARTA,IDN","MANILA,PHL",2013-08-24,2013-08-30,647.6732937627802,65.26444444444444,154
477560700,"TEMA,GHA","ABIDJAN,CIV",2014-02-12,2014-02-13,483.8086251061959,22.71180555555555,43
538004955,"PORT HARCOURT,NGA","LUANDA,AGO",2017-07-18,2017-07-28,3588.886489724542,238.5833333333331,1598
357079000,"JAKARTA,IDN","MANILA,PHL",2012-05-28,2012-06-17,7417.636952575873,287.77958333333345,182
356235000,"TEMA,GHA","ABIDJAN,CIV",2017-07-22,2017-07-23,553.6622478523101,21.539861111111115,292
271001049,"TEMA,GHA","ABIDJAN,CIV",2014-05-28,2014-05-29,518.2280519824014,26.42722222222222,19
565599000,"LUANDA,AGO","TEMA,GHA",2012-01-10,2012-01-17,2554.5859151262207,170.29222222222216,223
209593000,"TEMA,GHA","ABIDJAN,CIV",2013-10-07,2013-10-09,525.814133105254,53.88736111111111,91
304138000,"TEMA,GHA","ABIDJAN,CIV",2012-02-20,2012-02-22,551.1030855974678,37.83069444444444,30
636092010,"TEMA,GHA","ABIDJAN,CIV",2013-07-25,2013-07-26,514.5017778723256,28.37041666666668,46
636091527,"MANILA,PHL","JAKARTA,IDN",2015-11-24,2016-01-12,3089.3526735741093,248.67569444444453,577
304204000,"TEMA,GHA","ABIDJAN,CIV",2014-02-20,2014-02-23,465.9741576793848,19.719166666666663,43
538005750,"TEMA,GHA","ABIDJAN,CIV",2016-01-07,2016-01-08,573.3064506354822,25.103472222222223,205
636090647,"TEMA,GHA","ABIDJAN,CIV",2016-06-21,2016-06-22,491.50710672488475,21.02916666666667,143
636091347,"MANILA,PHL","JAKARTA,IDN",2013-12-17,2014-01-02,6318.084185365151,308.43694444444475,806
636091218,"TEMA,GHA","ABIDJAN,CIV",2014-07-03,2014-07-04,544.3704896583562,25.340555555555557,24
355541000,"JAKARTA,IDN","MANILA,PHL",2013-01-03,2013-01-07,2873.0060261388976,85.30777777777779,35
636092252,"MANILA,PHL","JAKARTA,IDN",2012-09-05,2012-09-08,1521.114940484062,72.87305555555555,62
636090623,"TEMA,GHA","ABIDJAN,CIV",2012-03-30,2012-04-01,586.9233376542145,31.39597222222222,26
538005230,"LUANDA,AGO","TEMA,GHA",2015-12-05,2015-12-07,2182.501165921391,60.881944444444436,409
477883100,"TEMA,GHA","ABIDJAN,CIV",2014-11-25,2014-11-26,510.6554111110224,22.96138888888889,44
355321000,"JAKARTA,IDN","MANILA,PHL",2013-06-24,2013-06-27,2789.3153778012447,78.67805555555556,37
477837000,"LUANDA,AGO","TEMA,GHA",2015-10-26,2015-10-30,1069.645690204047,44.59499999999999,165
357993000,"TEMA,GHA","ABIDJAN,CIV",2013-11-09,2013-11-10,499.61994286587736,15.457083333333333,40
212193000,"TEMA,GHA","ABIDJAN,CIV",2017-09-01,2017-09-02,571.3040460362434,30.561249999999994,235
356291000,"ABIDJAN,CIV","TEMA,GHA",2013-09-26,2013-09-27,532.5487668898827,22.455972222222222,21
636014791,"JAKARTA,IDN","MANILA,PHL",2013-09-20,2013-09-26,3441.2873199660207,147.87611111111107,70
357079000,"MANILA,PHL","JAKARTA,IDN",2014-05-05,2014-05-11,3435.9046209949897,136.76180555555553,143
311000165,"HONG KONG,HKG","MANILA,PHL",2017-05-26,2017-05-26,35.8489336664193,3.2093055555555554,2
463046101,"ABIDJAN,CIV","TEMA,GHA",2014-07-28,2014-07-29,437.014192585053,18.956944444444442,44
355541000,"JAKARTA,IDN","MANILA,PHL",2013-04-22,2013-04-26,2863.9500664357024,85.49097222222221,29
215819000,"ABIDJAN,CIV","TEMA,GHA",2012-05-29,2012-05-31,617.75772139524,34.34777777777778,39
212404000,"LUANDA,AGO","ABIDJAN,CIV",2012-03-15,2012-03-22,2543.6008754972736,159.9404166666666,80
355541000,"JAKARTA,IDN","MANILA,PHL",2014-05-26,2014-05-30,2731.694114618532,87.32180555555556,35
354788000,"JAKARTA,IDN","MANILA,PHL",2012-10-24,2012-11-08,1510.8800330299653,110.05416666666669,39
566058000,"TEMA,GHA","ABIDJAN,CIV",2013-11-06,2013-11-06,510.1350083195789,16.121249999999996,39
247281100,"TEMA,GHA","ABIDJAN,CIV",2012-02-16,2012-02-17,436.10948266360083,14.98833333333333,98
538004176,"MANILA,PHL","JAKARTA,IDN",2014-04-06,2014-04-12,1205.2948194642113,68.66652777777777,125
351954000,"MANILA,PHL","JAKARTA,IDN",2017-02-23,2017-02-28,3013.198563791085,132.96152777777775,91
564622000,"TEMA,GHA","ABIDJAN,CIV",2013-05-30,2013-06-04,1048.1548549819195,114.47722222222221,77
636091132,"MANILA,PHL","JAKARTA,IDN",2013-01-15,2013-01-23,3160.375095875697,122.32527777777777,48
636091056,"TEMA,GHA","ABIDJAN,CIV",2014-02-25,2014-02-27,581.5324147762431,43.14583333333333,60
372997000,"TEMA,GHA","ABIDJAN,CIV",2015-09-14,2015-09-14,539.1439091056465,17.782083333333336,54
636092615,"TEMA,GHA","ABIDJAN,CIV",2015-09-07,2015-09-08,560.476943419986,22.390000000000008,73
271040008,"TEMA,GHA","ABIDJAN,CIV",2014-04-03,2014-04-03,575.3527410422128,22.791805555555555,23
477748500,"MANILA,PHL","JAKARTA,IDN",2013-05-04,2013-05-11,2462.3033691211667,99.43263888888892,75
636090866,"TEMA,GHA","ABIDJAN,CIV",2012-03-01,2012-03-12,1659.066502176884,260.2445833333335,147
477585700,"LUANDA,AGO","ABIDJAN,CIV",2015-08-17,2015-08-22,2549.8984779259495,114.63083333333333,244
247131000,"TEMA,GHA","ABIDJAN,CIV",2012-06-26,2012-06-27,390.42327125548263,13.705,14
538005503,"LUANDA,AGO","TEMA,GHA",2016-02-24,2016-02-26,1019.4310141660156,30.117638888888873,362
636091413,"TEMA,GHA","ABIDJAN,CIV",2014-06-10,2014-06-12,512.2802366494265,58.976249999999986,46
636091333,"TEMA,GHA","ABIDJAN,CIV",2013-08-19,2013-08-21,671.413281903939,60.19236111111111,99
355541000,"JAKARTA,IDN","MANILA,PHL",2013-01-28,2013-02-01,2777.121275651159,81.59888888888891,24
370616000,"MANILA,PHL","JAKARTA,IDN",2013-07-08,2013-07-14,3504.0138203633433,151.82194444444443,117
372999000,"MANILA,PHL","JAKARTA,IDN",2012-04-23,2012-04-28,2707.277023116606,110.33361111111111,49
636092500,"TEMA,GHA","ABIDJAN,CIV",2017-02-10,2017-02-11,494.96393197649525,28.417638888888895,161
357079000,"MANILA,PHL","JAKARTA,IDN",2012-10-16,2012-10-21,1597.6210390566262,72.49458333333332,103
209949000,"TEMA,GHA","ABIDJAN,CIV",2014-02-26,2014-03-01,688.438750973743,57.947638888888875,117
236256000,"JAKARTA,IDN","MANILA,PHL",2016-10-26,2016-11-02,554.252555388822,30.134583333333328,38
304993000,"TEMA,GHA","ABIDJAN,CIV",2017-03-07,2017-03-08,544.6600093579998,24.525416666666672,113
370616000,"JAKARTA,IDN","MANILA,PHL",2012-01-10,2012-01-16,2505.1289428535088,95.91444444444443,21
271042493,"TEMA,GHA","ABIDJAN,CIV",2014-08-08,2014-08-09,553.3839238998136,22.307638888888892,58
636091402,"ABIDJAN,CIV","TEMA,GHA",2014-10-27,2014-10-28,505.93704232708455,16.56361111111111,51
477748500,"JAKARTA,IDN","MANILA,PHL",2013-03-18,2013-03-23,133.24355439348506,32.41847222222221,92
253161000,"TEMA,GHA","ABIDJAN,CIV",2016-02-21,2016-02-22,536.3441104648033,21.77222222222222,107
548149000,"LUANDA,AGO","TEMA,GHA",2012-07-11,2012-07-18,3302.9296529683593,178.0190277777778,172
636091636,"JAKARTA,IDN","MANILA,PHL",2015-02-20,2015-02-28,2891.944462971581,155.25250000000003,79
636091413,"TEMA,GHA","ABIDJAN,CIV",2012-01-08,2012-01-10,486.638148520825,47.65805555555555,130
355541000,"JAKARTA,IDN","MANILA,PHL",2012-03-19,2012-03-23,2657.283906647137,82.74972222222223,14
636014791,"JAKARTA,IDN","MANILA,PHL",2013-08-23,2013-08-29,3553.748296494951,133.92513888888888,47
311000316,"TEMA,GHA","ABIDJAN,CIV",2015-05-29,2015-05-30,534.4706588887673,26.62527777777777,112
351268000,"TEMA,GHA","ABIDJAN,CIV",2015-07-02,2015-07-07,533.5694607803159,129.44319444444446,612
373599000,"LUANDA,AGO","TEMA,GHA",2014-01-11,2014-01-18,3658.878389144489,180.63000000000002,325
354118000,"JAKARTA,IDN","MANILA,PHL",2013-04-12,2013-04-20,3424.6351682012123,177.6516666666666,225
312840000,"ABIDJAN,CIV","TEMA,GHA",2013-02-10,2013-02-12,397.3030448282615,21.775555555555556,8
566894000,"MANILA,PHL","JAKARTA,IDN",2014-08-22,2014-08-31,2667.7186988082485,160.1348611111112,175
563479000,"TEMA,GHA","ABIDJAN,CIV",2015-10-30,2015-10-31,492.4708295373882,28.590416666666663,60
373552000,"LUANDA,AGO","TEMA,GHA",2012-09-23,2012-10-25,13220.271218594098,750.9862499999987,811
355541000,"JAKARTA,IDN","MANILA,PHL",2013-09-10,2013-09-13,2713.117330018174,75.57347222222224,26
565963000,"JAKARTA,IDN","MANILA,PHL",2014-01-11,2014-01-19,282.06346524420474,40.07166666666669,173
357993000,"TEMA,GHA","ABIDJAN,CIV",2013-08-17,2013-08-18,488.27616777795765,17.67611111111111,39
566649000,"LUANDA,AGO","TEMA,GHA",2013-12-23,2013-12-28,2176.9943707060215,106.71666666666667,186
414199000,"TEMA,GHA","ABIDJAN,CIV",2015-10-24,2015-10-24,503.6254701944262,21.567916666666665,41
253201000,"TEMA,GHA","ABIDJAN,CIV",2017-02-19,2017-02-20,532.5012589735823,23.228611111111107,115
636014791,"JAKARTA,IDN","MANILA,PHL",2013-07-24,2013-08-01,3572.7611062707138,141.69263888888887,61
564010000,"TEMA,GHA","ABIDJAN,CIV",2013-09-17,2013-09-19,536.0692660928747,27.17652777777778,32
218735000,"TEMA,GHA","ABIDJAN,CIV",2014-01-23,2014-01-25,429.9848074235992,18.35486111111111,11
351698000,"TEMA,GHA","ABIDJAN,CIV",2015-07-11,2015-07-12,500.3399044956881,16.44902777777778,55
311907000,"TEMA,GHA","ABIDJAN,CIV",2013-02-11,2013-02-13,497.0845356410231,40.14236111111108,173
373260000,"LUANDA,AGO","TEMA,GHA",2014-04-24,2014-04-26,2037.6352592618853,56.73430555555553,141
306497000,"ABIDJAN,CIV","TEMA,GHA",2013-12-30,2014-02-03,4657.624260646296,628.5044444444443,389
357444000,"TEMA,GHA","ABIDJAN,CIV",2013-12-17,2013-12-18,506.1579697005676,26.930694444444445,47
566028000,"TEMA,GHA","ABIDJAN,CIV",2014-02-06,2014-02-07,517.0437420539859,13.650555555555554,55
636090615,"LUANDA,AGO","ABIDJAN,CIV",2012-03-11,2012-03-16,2296.033243887664,95.33861111111115,73
636091335,"ABIDJAN,CIV","TEMA,GHA",2012-02-28,2012-03-09,1129.8950307496723,133.01916666666662,40
248931000,"TEMA,GHA","ABIDJAN,CIV",2012-01-10,2012-01-12,533.9318554068016,46.19347222222224,193
248574000,"TEMA,GHA","ABIDJAN,CIV",2014-07-12,2014-07-13,495.43991089127485,22.39722222222221,61
636091168,"MANILA,PHL","JAKARTA,IDN",2013-05-25,2013-06-01,3250.688960620684,141.94736111111106,220
636091525,"JAKARTA,IDN","MANILA,PHL",2016-08-04,2016-08-13,3665.611029356972,204.30666666666667,169
218504000,"LUANDA,AGO","ABIDJAN,CIV",2016-12-30,2017-01-02,2470.3063414196554,72.20777777777776,499
636091894,"TEMA,GHA","ABIDJAN,CIV",2016-11-25,2016-11-26,566.8157781460957,30.51541666666665,196
211280830,"TEMA,GHA","ABIDJAN,CIV",2012-08-20,2012-08-21,484.8623929602145,23.33513888888889,34
357079000,"MANILA,PHL","JAKARTA,IDN",2014-01-20,2014-01-26,1750.020820993077,95.61083333333329,162
311899000,"LUANDA,AGO","TEMA,GHA",2012-08-06,2012-08-10,2076.3755385500835,97.98041666666667,132
636091636,"JAKARTA,IDN","MANILA,PHL",2015-03-27,2015-04-06,2486.3914936550336,131.05972222222218,105
1193046,"ABIDJAN,CIV","LUANDA,AGO",2016-10-19,2016-10-19,101.90583142171529,8.025138888888888,15
353243000,"MANILA,PHL","JAKARTA,IDN",2016-11-11,2016-11-16,2454.7199007735335,94.72749999999998,118
548789000,"MANILA,PHL","JAKARTA,IDN",2013-07-22,2013-07-28,2145.88727171677,105.22180555555558,204
636091056,"TEMA,GHA","ABIDJAN,CIV",2014-01-13,2014-01-16,678.373117068036,73.28249999999998,63
636092252,"JAKARTA,IDN","MANILA,PHL",2012-02-27,2012-03-04,2531.8121646367113,101.36652777777776,69
304010897,"TEMA,GHA","ABIDJAN,CIV",2014-12-16,2014-12-17,594.1696130535762,18.988055555555555,12
566941000,"TEMA,GHA","ABIDJAN,CIV",2014-02-05,2014-02-07,518.207864229325,42.28722222222221,82
253161000,"TEMA,GHA","ABIDJAN,CIV",2017-06-11,2017-06-12,536.687169137341,22.798194444444437,140
258977000,"LUANDA,AGO","TEMA,GHA",2014-07-27,2014-07-30,2156.1060266724826,78.1761111111111,128
636091020,"TEMA,GHA","ABIDJAN,CIV",2012-12-12,2012-12-13,485.0790572560312,24.324722222222228,45
352932000,"MANILA,PHL","JAKARTA,IDN",2014-07-31,2014-08-08,2896.502602316395,162.1034722222222,95
210806000,"TEMA,GHA","ABIDJAN,CIV",2015-12-31,2016-01-01,579.0859487996779,38.33763888888888,57
258981000,"LUANDA,AGO","TEMA,GHA",2016-07-22,2016-07-26,2173.6569711148827,83.38472222222225,560
374249000,"TEMA,GHA","ABIDJAN,CIV",2016-05-26,2016-05-27,480.12422358005915,18.884722222222223,112
249988000,"TEMA,GHA","ABIDJAN,CIV",2017-04-07,2017-04-08,447.8380950546502,21.286249999999992,63
355321000,"MANILA,PHL","JAKARTA,IDN",2012-12-03,2012-12-08,3431.091394550145,111.43152777777773,127
211280830,"TEMA,GHA","ABIDJAN,CIV",2012-05-24,2012-05-25,408.84486132974604,22.664861111111115,24
356510000,"ABIDJAN,CIV","TEMA,GHA",2014-03-01,2014-03-01,469.82989236945383,15.873611111111114,53
255805572,"TEMA,GHA","ABIDJAN,CIV",2016-12-16,2016-12-17,481.31125255173066,22.492638888888894,92
636091056,"TEMA,GHA","ABIDJAN,CIV",2013-06-07,2013-06-11,804.7548057595285,92.20777777777779,97
566049000,"TEMA,GHA","ABIDJAN,CIV",2012-12-20,2012-12-21,498.22260515335194,13.639027777777779,39
477973000,"LUANDA,AGO","TEMA,GHA",2013-12-20,2013-12-24,2041.0141277645303,83.07444444444444,212
564847000,"TEMA,GHA","ABIDJAN,CIV",2012-04-16,2012-04-20,607.5069008529117,80.53027777777778,136
636014240,"TEMA,GHA","ABIDJAN,CIV",2012-08-05,2012-08-06,333.3867102131631,11.930694444444445,14
373494000,"LUANDA,AGO","ABIDJAN,CIV",2014-05-22,2014-08-11,3287.396646909451,1731.31402777778,1030
352375000,"MANILA,PHL","JAKARTA,IDN",2015-10-20,2015-10-31,2733.7109414264796,150.79208333333344,332
636092010,"TEMA,GHA","ABIDJAN,CIV",2013-05-10,2013-05-12,525.1375946003672,25.488888888888894,53
355321000,"JAKARTA,IDN","MANILA,PHL",2014-04-27,2014-05-02,2781.871356276769,101.31305555555552,32
212193000,"LUANDA,AGO","TEMA,GHA",2017-08-25,2017-08-29,2184.870364626059,96.38013888888898,772
636091785,"TEMA,GHA","ABIDJAN,CIV",2013-08-08,2013-08-09,514.7449012870961,18.789305555555558,7
565963000,"JAKARTA,IDN","MANILA,PHL",2013-07-26,2013-08-02,1750.606606026753,119.38013888888895,248
636014651,"LUANDA,AGO","TEMA,GHA",2015-12-15,2015-12-19,99.93088494215424,4.290694444444446,29
636013073,"TEMA,GHA","ABIDJAN,CIV",2014-03-19,2014-03-20,494.98075708515336,14.470138888888886,35
370095000,"TEMA,GHA","ABIDJAN,CIV",2015-12-12,2015-12-13,488.9037470534465,15.4725,63
372972000,"TEMA,GHA","ABIDJAN,CIV",2014-05-10,2014-05-16,694.9580361094299,127.62069444444451,188
357919000,"ABIDJAN,CIV","TEMA,GHA",2013-11-18,2013-11-23,2751.290282869717,119.2634722222222,240
477748500,"MANILA,PHL","JAKARTA,IDN",2013-03-09,2013-03-17,1531.5320998385137,94.86305555555552,189
355321000,"MANILA,PHL","JAKARTA,IDN",2013-08-11,2013-08-17,2427.7676298055567,108.05680555555556,132
477188500,"MANILA,PHL","JAKARTA,IDN",2016-01-17,2016-02-07,2083.736051406512,216.84972222222245,256
212852000,"ABIDJAN,CIV","TEMA,GHA",2014-04-23,2014-04-24,434.30425931988805,16.02611111111111,34
477379000,"LUANDA,AGO","TEMA,GHA",2013-03-23,2013-03-27,2192.3830513717967,99.07194444444444,108
370095000,"TEMA,GHA","ABIDJAN,CIV",2012-03-26,2012-03-26,226.16251296716678,6.777638888888888,15
356664000,"MANILA,PHL","JAKARTA,IDN",2013-01-14,2013-01-20,2847.867876488325,131.49291666666664,31
374319000,"MANILA,PHL","JAKARTA,IDN",2016-03-23,2016-04-05,4111.1439765423265,305.1151388888891,655
248302000,"JAKARTA,IDN","MANILA,PHL",2014-02-24,2014-02-28,838.4433386192368,31.59083333333333,6
636014240,"TEMA,GHA","ABIDJAN,CIV",2012-05-12,2012-05-13,460.61385101210914,14.928888888888887,31
636091140,"TEMA,GHA","ABIDJAN,CIV",2015-05-11,2015-05-12,431.01248615953625,23.1561111111111,92
209384000,"TEMA,GHA","ABIDJAN,CIV",2012-11-21,2012-11-22,508.2982396598684,23.435555555555553,27
212193000,"TEMA,GHA","ABIDJAN,CIV",2017-02-18,2017-02-19,526.5558845612643,27.265000000000008,160
477301900,"JAKARTA,IDN","MANILA,PHL",2016-07-26,2016-08-06,3303.835198593807,184.25083333333345,423
354118000,"JAKARTA,IDN","MANILA,PHL",2014-01-16,2014-01-24,2773.638965769116,157.22041666666658,309
636014240,"TEMA,GHA","ABIDJAN,CIV",2014-07-23,2014-07-24,472.50500660207445,29.903750000000006,49
220159000,"LUANDA,AGO","ABIDJAN,CIV",2012-06-24,2012-06-29,2434.627808681138,120.66388888888888,54
636091056,"TEMA,GHA","ABIDJAN,CIV",2014-11-17,2014-11-18,489.0716072349404,25.894999999999996,36
357079000,"JAKARTA,IDN","MANILA,PHL",2014-05-13,2014-05-16,2830.800172754617,83.62180555555557,44
372979000,"LUANDA,AGO","TEMA,GHA",2013-05-11,2013-05-14,2222.4010542028836,70.98375000000001,131
257714000,"LUANDA,AGO","TEMA,GHA",2016-12-21,2016-12-24,2157.9055998695694,75.58944444444434,811
477748500,"MANILA,PHL","JAKARTA,IDN",2013-04-08,2013-04-14,1748.6048321230303,99.31277777777778,86
636092252,"JAKARTA,IDN","MANILA,PHL",2013-02-24,2013-03-02,3370.4336147817226,134.59138888888884,138
370616000,"JAKARTA,IDN","MANILA,PHL",2012-04-02,2012-04-09,2238.539370844665,97.70916666666665,31
636090958,"TEMA,GHA","ABIDJAN,CIV",2014-03-16,2014-03-21,644.6191520448422,116.53222222222222,81
354118000,"MANILA,PHL","JAKARTA,IDN",2013-08-25,2013-09-01,1279.5158799464505,76.49777777777774,177
370095000,"TEMA,GHA","ABIDJAN,CIV",2017-04-29,2017-04-30,499.5563057764048,19.459027777777774,159
248931000,"TEMA,GHA","ABIDJAN,CIV",2012-06-10,2012-06-12,535.4928202440402,36.38194444444445,43
441962000,"JAKARTA,IDN","MANILA,PHL",2017-04-09,2017-04-19,2370.539439538316,225.36041666666668,189
355541000,"MANILA,PHL","JAKARTA,IDN",2014-04-13,2014-04-19,2619.6993410468835,123.27791666666668,145
355541000,"MANILA,PHL","JAKARTA,IDN",2012-07-02,2012-07-08,3135.2927980071404,120.5434722222222,79
565970000,"TEMA,GHA","ABIDJAN,CIV",2017-02-06,2017-02-10,930.0945230713502,98.58166666666675,702
229076000,"TEMA,GHA","ABIDJAN,CIV",2013-05-04,2013-05-06,867.9358005113025,59.49152777777776,104
548899000,"TEMA,GHA","ABIDJAN,CIV",2015-04-27,2015-04-28,524.9666040700664,25.666250000000005,89
357919000,"TEMA,GHA","ABIDJAN,CIV",2014-03-16,2014-03-17,493.8128012082819,14.346805555555552,42
1193046,"TEMA,GHA","LUANDA,AGO",2016-06-13,2016-06-13,259.0963921460131,47.45472222222222,70
215210000,"TEMA,GHA","ABIDJAN,CIV",2013-10-01,2013-10-03,506.1507724207504,27.52347222222222,18
355321000,"JAKARTA,IDN","MANILA,PHL",2013-05-27,2013-05-30,2840.7124478706583,71.54319444444444,38
248085000,"ABIDJAN,CIV","TEMA,GHA",2012-09-11,2012-09-12,455.21961584022796,19.27541666666667,12
357919000,"TEMA,GHA","ABIDJAN,CIV",2012-08-26,2012-08-27,480.89129637514844,22.58347222222222,36
357079000,"JAKARTA,IDN","MANILA,PHL",2014-04-07,2014-04-11,2840.266692884611,96.85833333333333,37
354118000,"JAKARTA,IDN","MANILA,PHL",2013-06-07,2013-06-14,2499.4313879282836,127.61222222222224,159
636015667,"JAKARTA,IDN","MANILA,PHL",2014-07-06,2014-07-10,2674.682920040479,85.11250000000001,39
357079000,"JAKARTA,IDN","MANILA,PHL",2013-05-06,2013-05-10,2830.8187744748043,83.69763888888889,43
248574000,"TEMA,GHA","ABIDJAN,CIV",2013-11-27,2013-11-28,482.6051345549199,20.207916666666662,27
209366000,"TEMA,GHA","ABIDJAN,CIV",2016-02-28,2016-02-29,527.0094976541706,25.736111111111114,340
353039000,"TEMA,GHA","ABIDJAN,CIV",2012-09-20,2012-09-21,494.3263229678324,18.040694444444448,21
538004772,"ABIDJAN,CIV","TEMA,GHA",2015-03-15,2015-03-16,480.16882049853,18.55402777777778,99
351698000,"TEMA,GHA","ABIDJAN,CIV",2013-09-08,2013-09-08,494.5468575566858,15.228333333333333,49
371443000,"TEMA,GHA","ABIDJAN,CIV",2012-09-26,2012-10-04,2874.341608853507,189.54430555555552,150
355321000,"JAKARTA,IDN","MANILA,PHL",2013-04-29,2013-05-03,2673.371205044536,77.87902777777775,42
248931000,"TEMA,GHA","ABIDJAN,CIV",2012-02-12,2012-02-14,521.9714850305753,46.701944444444436,238
304504000,"ABIDJAN,CIV","TEMA,GHA",2012-01-15,2012-01-16,394.12812286409354,26.613055555555565,82
247207000,"TEMA,GHA","ABIDJAN,CIV",2013-08-10,2013-08-11,545.9006685409822,21.381805555555555,31
218629000,"LUANDA,AGO","TEMA,GHA",2013-12-24,2013-12-28,2085.1787461536496,77.81388888888888,79
636092379,"MANILA,PHL","JAKARTA,IDN",2016-06-03,2016-06-08,2694.1053508765062,104.00374999999998,106
566864000,"MANILA,PHL","JAKARTA,IDN",2014-09-06,2014-09-12,3447.8653045030746,155.21791666666678,229
477748500,"JAKARTA,IDN","MANILA,PHL",2012-11-26,2012-12-01,1137.9804244974864,63.254999999999995,155
236111862,"TEMA,GHA","ABIDJAN,CIV",2013-02-05,2013-02-05,489.5593161746724,17.98166666666667,20
308921000,"LUANDA,AGO","TEMA,GHA",2012-09-15,2012-09-20,2394.9380682742844,103.79361111111116,122
636092252,"MANILA,PHL","JAKARTA,IDN",2012-02-19,2012-02-25,2994.5299243368204,128.42152777777778,21
636090632,"LUANDA,AGO","ABIDJAN,CIV",2012-08-24,2012-09-01,2769.824705247147,196.7997222222223,94
304119000,"JAKARTA,IDN","MANILA,PHL",2014-08-14,2014-08-24,3520.310543176397,192.24027777777772,212
370616000,"JAKARTA,IDN","MANILA,PHL",2013-01-06,2013-01-11,2447.679966361504,95.51347222222219,162
355321000,"JAKARTA,IDN","MANILA,PHL",2013-08-18,2013-08-22,2690.8032333338415,95.55569444444441,30
354547000,"TEMA,GHA","ABIDJAN,CIV",2013-06-27,2013-06-28,458.04109960098924,22.53986111111111,39
565057000,"LUANDA,AGO","TEMA,GHA",2012-03-29,2012-04-01,2170.550396068563,63.560555555555545,71
636091334,"TEMA,GHA","ABIDJAN,CIV",2015-02-10,2015-02-11,467.4896231948321,30.671388888888888,23
477700900,"MANILA,PHL","JAKARTA,IDN",2015-07-30,2015-08-04,553.0189704963558,25.210555555555555,16
356904000,"TEMA,GHA","ABIDJAN,CIV",2014-01-20,2014-01-23,623.396354653863,41.93222222222222,52
247207000,"TEMA,GHA","ABIDJAN,CIV",2013-09-23,2013-09-24,516.9173935152376,19.09236111111111,37
305975000,"LUANDA,AGO","ABIDJAN,CIV",2013-11-02,2013-11-07,2437.9419833060583,106.7551388888889,77
636090190,"TEMA,GHA","ABIDJAN,CIV",2012-06-23,2012-06-24,493.6473924878536,23.898194444444442,16
356683000,"MANILA,PHL","JAKARTA,IDN",2013-08-31,2013-09-14,2012.0747307269512,135.78791666666658,204
636091785,"TEMA,GHA","ABIDJAN,CIV",2014-10-12,2014-10-15,116.98846837721807,4.811805555555556,5
538004697,"TEMA,GHA","ABIDJAN,CIV",2015-05-16,2015-05-17,525.7952103423185,24.212500000000002,129
356629000,"MANILA,PHL","JAKARTA,IDN",2013-12-08,2013-12-14,529.9797452154916,46.25152777777778,133
636091218,"TEMA,GHA","ABIDJAN,CIV",2014-04-11,2014-04-12,554.6507959325396,21.285416666666663,23
566941000,"TEMA,GHA","ABIDJAN,CIV",2014-05-06,2014-05-07,503.11435612028373,21.341249999999985,89
477170100,"MANILA,PHL","JAKARTA,IDN",2013-10-11,2013-10-16,3252.7787511210254,118.18430555555551,55
305905000,"JAKARTA,IDN","MANILA,PHL",2013-06-30,2013-07-07,3484.568443761649,131.64013888888886,119
636014240,"TEMA,GHA","ABIDJAN,CIV",2012-07-08,2012-07-08,399.9483380187443,13.120833333333334,21
355738000,"TEMA,GHA","ABIDJAN,CIV",2013-11-22,2013-11-23,533.0025825967725,26.377638888888885,27
271000426,"TEMA,GHA","ABIDJAN,CIV",2014-06-10,2014-06-11,484.66907318705864,23.285555555555558,85
538001696,"LUANDA,AGO","TEMA,GHA",2013-01-29,2013-01-31,2159.0516516510215,64.56750000000002,96
305153000,"TEMA,GHA","ABIDJAN,CIV",2016-07-22,2016-07-23,597.0398312369815,24.877222222222223,138
477744300,"MANILA,PHL","JAKARTA,IDN",2012-06-07,2012-07-15,5360.956279736342,416.1638888888891,313
636090972,"TEMA,GHA","ABIDJAN,CIV",2014-02-09,2014-02-13,593.6506416368446,107.4427777777778,109
351698000,"TEMA,GHA","ABIDJAN,CIV",2012-05-27,2012-05-28,457.1490397747724,15.412083333333333,14
636092615,"TEMA,GHA","ABIDJAN,CIV",2015-10-12,2015-10-13,560.8052170367605,21.586666666666666,70
372972000,"TEMA,GHA","ABIDJAN,CIV",2012-05-12,2012-05-14,411.91633574242377,38.812222222222225,24
636090972,"TEMA,GHA","ABIDJAN,CIV",2014-03-23,2014-03-27,622.2786567426303,108.96375,58
247289800,"ABIDJAN,CIV","LUANDA,AGO",2015-07-01,2015-07-04,2444.630147769869,78.4702777777778,59
525025092,"MANILA,PHL","JAKARTA,IDN",2015-10-21,2015-11-01,184.22848411650537,103.1177777777778,239
308759000,"MANILA,PHL","JAKARTA,IDN",2016-01-10,2016-01-18,4052.0376815688896,191.28027777777777,143
548789000,"MANILA,PHL","JAKARTA,IDN",2013-03-03,2013-03-08,2495.2307203391983,126.63208333333331,129
370095000,"TEMA,GHA","ABIDJAN,CIV",2012-08-12,2012-08-13,442.67179665623263,14.004027777777777,26
636091413,"TEMA,GHA","ABIDJAN,CIV",2014-01-03,2014-01-04,528.7751158099951,29.710416666666667,26
353751000,"LUANDA,AGO","TEMA,GHA",2014-12-23,2014-12-31,2180.3325561146526,188.24624999999992,645
566594000,"MANILA,PHL","JAKARTA,IDN",2016-11-14,2016-12-19,9395.901658561124,837.8893055555571,4754
311046900,"LUANDA,AGO","ABIDJAN,CIV",2012-10-15,2012-10-20,2836.399881943256,130.50652777777773,192
566649000,"TEMA,GHA","ABIDJAN,CIV",2014-01-05,2014-01-07,543.1859151534284,29.911805555555556,64
370120000,"JAKARTA,IDN","MANILA,PHL",2014-06-05,2014-06-12,3580.952443112468,172.4986111111112,314
636091545,"JAKARTA,IDN","MANILA,PHL",2012-09-20,2012-09-28,3490.111159010769,115.56652777777778,36
305905000,"JAKARTA,IDN","MANILA,PHL",2013-12-22,2013-12-30,3373.036263918619,150.60486111111106,118
305956000,"TEMA,GHA","ABIDJAN,CIV",2015-02-19,2015-02-20,514.267972336353,23.73527777777777,74
548789000,"JAKARTA,IDN","MANILA,PHL",2012-02-12,2012-02-17,1288.3306920253158,61.64583333333334,33
353921000,"MANILA,PHL","JAKARTA,IDN",2016-06-10,2016-06-16,1856.5134146230437,85.9463888888889,101
371602000,"TEMA,GHA","ABIDJAN,CIV",2014-01-28,2014-01-29,535.6814838267552,28.795138888888896,60
319740000,"LUANDA,AGO","TEMA,GHA",2012-01-07,2012-01-10,2343.868938928467,86.956388888889,874
357993000,"TEMA,GHA","ABIDJAN,CIV",2014-04-28,2014-04-28,486.3793308274988,14.343194444444443,61
304538000,"JAKARTA,IDN","MANILA,PHL",2014-07-17,2014-07-27,1331.8882819594346,65.03097222222225,83
356629000,"JAKARTA,IDN","MANILA,PHL",2013-06-21,2013-06-30,3160.0661429391203,168.146388888889,317
636091703,"JAKARTA,IDN","MANILA,PHL",2016-04-08,2016-04-16,2834.9447615142267,162.76847222222227,208
636091003,"JAKARTA,IDN","MANILA,PHL",2014-09-07,2014-09-19,2562.3873565907184,162.2948611111112,434
566049000,"TEMA,GHA","ABIDJAN,CIV",2012-03-15,2012-03-16,362.9437305903091,10.111527777777779,13
248572000,"TEMA,GHA","ABIDJAN,CIV",2014-07-23,2014-07-24,520.70828594753,20.883055555555558,45
248085000,"TEMA,GHA","ABIDJAN,CIV",2014-04-30,2014-05-01,481.07912940553024,25.27305555555556,44
353921000,"MANILA,PHL","JAKARTA,IDN",2016-04-12,2016-04-20,1844.7261514289446,119.13013888888888,316
636091227,"ABIDJAN,CIV","LUANDA,AGO",2012-10-28,2012-10-31,2449.4533587295587,76.06430555555555,79
636014240,"TEMA,GHA","ABIDJAN,CIV",2015-08-12,2015-08-12,472.19460814892454,14.609583333333331,58
232977000,"ABIDJAN,CIV","TEMA,GHA",2012-03-08,2012-03-10,373.0503741408118,28.206805555555555,15
357079000,"JAKARTA,IDN","MANILA,PHL",2012-08-20,2012-08-23,2716.3499312101403,83.34069444444442,33
235057705,"TEMA,GHA","ABIDJAN,CIV",2012-04-24,2012-04-24,21.326979490130434,2.7675,3
248302000,"MANILA,PHL","JAKARTA,IDN",2014-03-23,2014-03-27,1677.1810145934703,61.660833333333336,16
215819000,"ABIDJAN,CIV","TEMA,GHA",2013-07-18,2013-07-19,680.9923008165946,30.810416666666658,56
477608800,"MANILA,PHL","JAKARTA,IDN",2013-05-17,2013-05-23,1892.9186654664354,92.61180555555558,38
636092006,"TEMA,GHA","ABIDJAN,CIV",2012-09-16,2012-09-18,502.5656810164343,28.143055555555556,26
636091884,"TEMA,GHA","ABIDJAN,CIV",2014-07-04,2014-07-08,695.9547305933452,82.88541666666664,118
271040007,"TEMA,GHA","ABIDJAN,CIV",2016-06-26,2016-06-27,584.7370236327573,29.577916666666678,183
305231000,"TEMA,GHA","ABIDJAN,CIV",2013-01-20,2013-01-23,715.1307077396469,62.667083333333316,31
257366000,"TEMA,GHA","ABIDJAN,CIV",2017-04-26,2017-04-27,533.9613270546038,24.45041666666667,234
636014791,"JAKARTA,IDN","MANILA,PHL",2013-06-24,2013-06-30,3560.8593837938392,157.2066666666667,79
355321000,"MANILA,PHL","JAKARTA,IDN",2013-03-24,2013-03-30,3300.938915526714,139.36763888888893,152
636091278,"TEMA,GHA","ABIDJAN,CIV",2017-07-18,2017-07-19,543.6862061870522,21.782638888888894,222
636091335,"TEMA,GHA","ABIDJAN,CIV",2014-01-26,2014-01-30,664.0709823095955,96.44486111111112,67
351698000,"TEMA,GHA","ABIDJAN,CIV",2017-10-14,2017-10-15,512.4658929134881,15.803472222222231,602
257714000,"LUANDA,AGO","TEMA,GHA",2014-11-26,2014-11-29,2150.96754495794,65.28708333333337,259
357040000,"ABIDJAN,CIV","TEMA,GHA",2015-11-07,2015-11-19,143.07039336068073,59.128055555555555,9
566865000,"TEMA,GHA","ABIDJAN,CIV",2014-06-14,2014-06-21,1157.0543033037084,167.98847222222236,239
351178000,"TEMA,GHA","ABIDJAN,CIV",2013-09-14,2013-09-16,566.5125529967065,38.741249999999994,34
1193046,"LUANDA,AGO","TEMA,GHA",2016-06-13,2016-06-13,286.36715125971034,20.938611111111108,24
636014791,"JAKARTA,IDN","MANILA,PHL",2017-03-17,2017-03-25,3355.7808194088634,155.41472222222222,178
374820000,"MANILA,PHL","JAKARTA,IDN",2017-04-24,2017-04-29,1568.7346428584033,67.3434722222222,51
351124000,"LUANDA,AGO","TEMA,GHA",2016-10-06,2016-10-12,3606.659625313612,141.42597222222227,728
636091402,"TEMA,GHA","ABIDJAN,CIV",2015-02-02,2015-02-08,1500.3184737473607,143.97555555555547,572
636014791,"JAKARTA,IDN","MANILA,PHL",2016-09-23,2016-10-01,3320.19453644369,159.71166666666673,188
355321000,"JAKARTA,IDN","MANILA,PHL",2012-05-21,2012-05-26,2499.8354128925484,74.55236111111114,27
247070000,"TEMA,GHA","ABIDJAN,CIV",2014-04-06,2014-04-09,682.7562563075224,60.15722222222223,45
247243400,"LUANDA,AGO","TEMA,GHA",2013-08-14,2013-08-18,2136.277251153882,94.37569444444443,122
636091401,"TEMA,GHA","ABIDJAN,CIV",2014-04-05,2014-04-06,440.46848168091583,18.993055555555554,19
636091413,"TEMA,GHA","ABIDJAN,CIV",2012-05-03,2012-05-05,443.6840027093314,39.76013888888889,22
351698000,"TEMA,GHA","ABIDJAN,CIV",2013-10-06,2013-10-07,490.8039494241918,13.710000000000003,33
305716000,"LUANDA,AGO","TEMA,GHA",2012-05-02,2012-05-07,2292.2419641255965,115.57041666666666,168
636014890,"ABIDJAN,CIV","TEMA,GHA",2014-05-03,2014-05-04,492.68778020426845,19.71166666666667,37
636090485,"TEMA,GHA","LUANDA,AGO",2014-09-13,2014-09-17,2228.6865941528217,80.65555555555561,249
355321000,"MANILA,PHL","JAKARTA,IDN",2014-04-20,2014-04-26,1681.110831897884,80.86305555555553,122
247070000,"TEMA,GHA","ABIDJAN,CIV",2014-02-01,2014-02-04,556.3026106960174,58.68708333333332,77
477883100,"TEMA,GHA","ABIDJAN,CIV",2015-02-15,2015-02-21,742.241000542589,45.47291666666666,85
477192800,"ABIDJAN,CIV","TEMA,GHA",2012-04-17,2012-04-19,472.25252944917025,18.62736111111111,24
636091132,"JAKARTA,IDN","MANILA,PHL",2014-01-26,2014-02-01,1090.4587674068753,82.41624999999999,90
354106000,"JAKARTA,IDN","MANILA,PHL",2013-09-27,2013-10-04,1550.2167732672503,98.93749999999989,141
371602000,"TEMA,GHA","ABIDJAN,CIV",2013-12-03,2013-12-08,829.187503480553,118.42569444444437,255
636091335,"TEMA,GHA","ABIDJAN,CIV",2014-03-09,2014-03-14,646.3354846495384,109.95333333333336,82
370095000,"ABIDJAN,CIV","TEMA,GHA",2012-10-02,2012-10-03,418.9053633707479,11.839166666666667,17
538090238,"LUANDA,AGO","ABIDJAN,CIV",2014-04-02,2014-04-06,2261.598440239135,95.30611111111111,45
566058000,"TEMA,GHA","ABIDJAN,CIV",2014-01-02,2014-01-02,482.5478572805571,13.772499999999996,45
538005309,"LUANDA,AGO","TEMA,GHA",2014-01-24,2014-01-27,2148.2188182968653,61.866111111111145,138
636090899,"MANILA,PHL","JAKARTA,IDN",2014-05-12,2014-05-17,1957.568121272147,86.18458333333335,118
636014976,"TEMA,GHA","ABIDJAN,CIV",2012-06-12,2012-06-13,480.2632991279788,20.233055555555552,16
477815400,"TEMA,GHA","ABIDJAN,CIV",2017-03-08,2017-03-10,605.8963721373249,30.579166666666673,71
247131000,"TEMA,GHA","ABIDJAN,CIV",2012-02-23,2012-02-25,245.64025144470764,54.77791666666666,18
370095000,"TEMA,GHA","ABIDJAN,CIV",2016-09-17,2016-09-18,486.7262955668231,16.293611111111108,217
566058000,"TEMA,GHA","ABIDJAN,CIV",2014-03-04,2014-03-05,484.9857788808659,12.60833333333333,42
357919000,"TEMA,GHA","ABIDJAN,CIV",2013-10-27,2013-10-27,455.0188219870689,14.431388888888888,23
357079000,"JAKARTA,IDN","MANILA,PHL",2012-06-26,2012-07-01,2525.8407742659083,66.92833333333334,32
319740000,"TEMA,GHA","LUANDA,AGO",2013-03-12,2013-04-01,11924.80391374396,485.1594444444423,1346
371414000,"MANILA,PHL","JAKARTA,IDN",2013-03-03,2013-03-09,3050.5988673513143,132.07375000000002,20
258831000,"LUANDA,AGO","TEMA,GHA",2013-07-24,2013-07-28,2369.5756041770146,99.62430555555562,241
538003609,"TEMA,GHA","ABIDJAN,CIV",2015-01-27,2015-01-29,540.6328200201659,30.370277777777783,80
373552000,"TEMA,GHA","LUANDA,AGO",2013-03-18,2013-03-23,2278.9087496320594,113.87111111111105,202
211233290,"TEMA,GHA","ABIDJAN,CIV",2013-02-11,2013-02-11,483.50940602252894,15.664305555555558,23
355321000,"MANILA,PHL","JAKARTA,IDN",2012-09-12,2012-09-16,1722.7879852056683,77.10527777777776,117
253161000,"TEMA,GHA","ABIDJAN,CIV",2017-04-26,2017-04-27,545.5870524782266,18.60472222222223,183
354918000,"MANILA,PHL","JAKARTA,IDN",2013-11-04,2013-11-09,1681.0799839422468,77.77430555555557,131
218504000,"LUANDA,AGO","ABIDJAN,CIV",2017-04-20,2017-04-24,2470.6394984292265,85.11680555555557,454
355321000,"MANILA,PHL","JAKARTA,IDN",2012-04-17,2012-04-21,2947.563689750912,108.29236111111109,44
357079000,"MANILA,PHL","JAKARTA,IDN",2012-06-18,2012-06-25,2958.9254055472666,139.20458333333337,126
247038600,"TEMA,GHA","ABIDJAN,CIV",2012-01-10,2012-01-12,500.19564610729833,36.687777777777775,132
305153000,"TEMA,GHA","ABIDJAN,CIV",2016-06-01,2016-06-02,465.395918606442,19.096944444444443,16
247302700,"ABIDJAN,CIV","TEMA,GHA",2012-02-24,2012-02-27,316.9034356951802,54.14791666666667,8
311054400,"LUANDA,AGO","TEMA,GHA",2014-02-25,2014-03-01,2134.188297828377,73.76347222222222,107
210267000,"ABIDJAN,CIV","TEMA,GHA",2012-04-25,2012-04-26,463.08167316121825,20.902916666666666,26
1193046,"TEMA,GHA","LUANDA,AGO",2016-07-04,2016-07-04,180.0111033400499,7.780555555555554,19
351528000,"TEMA,GHA","ABIDJAN,CIV",2012-02-10,2012-02-11,439.1802546794358,15.3975,37
441421000,"ABIDJAN,CIV","TEMA,GHA",2014-07-07,2014-07-07,45.50502427635975,1.992777777777778,10
566028000,"TEMA,GHA","ABIDJAN,CIV",2013-05-28,2013-05-29,525.9836989869709,14.448472222222222,39
357079000,"MANILA,PHL","JAKARTA,IDN",2012-09-18,2012-09-22,3115.3406305044155,108.56791666666663,106
219205000,"JAKARTA,IDN","MANILA,PHL",2012-07-16,2012-07-26,3422.5242882413654,225.69819444444448,77
305415000,"TEMA,GHA","ABIDJAN,CIV",2015-12-21,2015-12-21,23.857361584016175,1.1143055555555557,5
253201000,"TEMA,GHA","ABIDJAN,CIV",2016-11-07,2016-11-08,629.373523280433,26.80361111111112,158
304288000,"LUANDA,AGO","TEMA,GHA",2017-06-29,2017-07-04,2272.030457348049,110.12694444444456,1089
357919000,"TEMA,GHA","ABIDJAN,CIV",2017-09-02,2017-09-04,514.8047625135039,34.795138888888864,460
229980000,"JAKARTA,IDN","MANILA,PHL",2014-09-26,2014-10-02,3470.6843553273006,143.2361111111111,137
538090194,"TEMA,GHA","ABIDJAN,CIV",2015-02-22,2015-02-23,379.68856159354954,12.168888888888889,45
309369000,"LUANDA,AGO","TEMA,GHA",2012-09-05,2012-09-10,2645.7937000113734,108.69763888888885,165
355665000,"TEMA,GHA","ABIDJAN,CIV",2016-08-04,2016-08-08,713.6632907476611,93.0888888888889,773
538004474,"JAKARTA,IDN","MANILA,PHL",2012-11-29,2013-01-04,7135.918977155027,610.3962499999999,1395
538090053,"TEMA,GHA","ABIDJAN,CIV",2012-04-14,2012-04-15,426.482200595416,18.95763888888889,18
565234000,"LUANDA,AGO","TEMA,GHA",2017-07-27,2017-07-30,2195.072981686385,67.59763888888885,920
211233290,"TEMA,GHA","ABIDJAN,CIV",2013-01-15,2013-01-16,523.92289608523,30.590416666666663,49
566773000,"MANILA,PHL","JAKARTA,IDN",2014-07-01,2014-07-08,3477.783923370121,172.6052777777778,200
357919000,"ABIDJAN,CIV","TEMA,GHA",2012-03-05,2012-03-10,2600.0588820845965,121.36472222222223,116
565963000,"JAKARTA,IDN","MANILA,PHL",2013-11-16,2013-11-22,844.1619974932471,56.83638888888889,152
271000945,"TEMA,GHA","ABIDJAN,CIV",2014-06-09,2014-06-13,674.8948483382745,68.53055555555555,198
372762000,"LUANDA,AGO","TEMA,GHA",2015-06-05,2015-06-09,2178.077053270504,94.23319444444442,191
257824000,"LUANDA,AGO","TEMA,GHA",2017-02-21,2017-02-24,2178.6252598102365,66.5195833333334,400
636091056,"TEMA,GHA","ABIDJAN,CIV",2014-08-16,2014-08-21,738.1644749589477,127.1841666666667,120
1193046,"LUANDA,AGO","TEMA,GHA",2016-07-18,2016-07-18,78.98505798605777,3.923333333333333,14
357079000,"MANILA,PHL","JAKARTA,IDN",2013-03-31,2013-04-06,2605.012629204101,108.93180555555558,137
373552000,"TEMA,GHA","ABIDJAN,CIV",2014-02-03,2014-02-04,507.2863753609797,25.716111111111122,76
538004176,"JAKARTA,IDN","MANILA,PHL",2013-02-18,2013-02-21,2641.9143253077377,75.73166666666668,26
538004485,"ABIDJAN,CIV","TEMA,GHA",2012-08-31,2012-09-01,547.5522054287571,22.22333333333334,33
229474000,"TEMA,GHA","ABIDJAN,CIV",2013-12-29,2014-01-01,691.9984200147704,73.72652777777778,84
306497000,"TEMA,GHA","ABIDJAN,CIV",2013-12-14,2013-12-23,935.9922549983952,177.4248611111112,393
636016770,"TEMA,GHA","ABIDJAN,CIV",2015-09-26,2015-09-30,898.7776161232845,101.94666666666666,98
247207000,"TEMA,GHA","ABIDJAN,CIV",2012-07-11,2012-07-13,532.526463393778,39.410416666666656,41
258389000,"LUANDA,AGO","TEMA,GHA",2017-08-22,2017-08-26,2498.9418441521425,107.76333333333315,989
636092252,"MANILA,PHL","JAKARTA,IDN",2012-10-28,2012-11-02,1224.769089217515,47.12625,64
564908000,"TEMA,GHA","ABIDJAN,CIV",2013-09-24,2013-09-25,551.8571869778896,33.998888888888885,74
565883000,"JAKARTA,IDN","MANILA,PHL",2014-02-04,2014-02-13,2369.77988476962,125.91791666666668,46
211233290,"TEMA,GHA","ABIDJAN,CIV",2012-12-16,2012-12-17,465.24039781181233,15.098888888888887,19
636090535,"TEMA,GHA","ABIDJAN,CIV",2015-01-27,2015-02-01,867.1282445872182,101.76666666666667,459
304538000,"JAKARTA,IDN","MANILA,PHL",2014-09-23,2014-10-01,2245.08638343039,141.66916666666674,429
370616000,"MANILA,PHL","JAKARTA,IDN",2012-11-04,2012-11-09,2609.090803141745,109.87861111111108,92
248574000,"TEMA,GHA","ABIDJAN,CIV",2014-04-20,2014-04-21,507.8536068621313,28.858055555555552,35
563506000,"TEMA,GHA","ABIDJAN,CIV",2014-03-22,2014-03-28,863.8702400506031,161.1295833333333,107
636092589,"MANILA,PHL","JAKARTA,IDN",2015-06-04,2015-06-09,1382.0801395124527,68.03069444444444,100
244262000,"LUANDA,AGO","ABIDJAN,CIV",2014-01-20,2014-01-24,476.467141762409,18.514305555555563,31
636091894,"TEMA,GHA","ABIDJAN,CIV",2017-02-13,2017-02-15,555.0957511612642,31.202222222222204,189
566093000,"TEMA,GHA","ABIDJAN,CIV",2013-10-22,2013-10-24,499.4263759870157,30.334444444444436,65
354118000,"JAKARTA,IDN","MANILA,PHL",2013-08-04,2013-08-10,3105.9971673063396,123.62263888888887,192
259739000,"LUANDA,AGO","TEMA,GHA",2014-01-26,2014-01-30,2194.277207510859,85.77055555555555,158
538090081,"TEMA,GHA","ABIDJAN,CIV",2012-04-19,2012-04-23,679.2006130493846,106.51166666666666,38
357919000,"TEMA,GHA","ABIDJAN,CIV",2014-02-15,2014-02-16,500.3192938238524,16.645416666666673,36
574862000,"ABIDJAN,CIV","TEMA,GHA",2013-11-05,2013-11-06,421.673477707785,22.975694444444454,45
566058000,"TEMA,GHA","ABIDJAN,CIV",2012-08-09,2012-08-10,471.25736244531305,15.163611111111113,19
229076000,"TEMA,GHA","ABIDJAN,CIV",2012-06-25,2012-06-26,452.8135156954364,12.900138888888888,60
356510000,"LUANDA,AGO","ABIDJAN,CIV",2014-02-25,2014-02-28,2471.378589002403,86.96652777777777,100
566492000,"TEMA,GHA","ABIDJAN,CIV",2014-01-17,2014-01-19,487.0876326209399,34.86708333333335,69
538004176,"JAKARTA,IDN","MANILA,PHL",2013-04-16,2013-04-20,2661.248610257314,88.46013888888888,25
304170000,"LUANDA,AGO","ABIDJAN,CIV",2015-05-21,2015-05-25,1211.0075475011142,48.403055555555575,48
538003289,"TEMA,GHA","ABIDJAN,CIV",2015-07-01,2015-07-08,3998.2981305485937,185.83111111111117,121
636091335,"TEMA,GHA","ABIDJAN,CIV",2013-11-05,2013-11-06,568.5196467262214,30.68875,30
271000426,"TEMA,GHA","ABIDJAN,CIV",2013-10-05,2013-10-06,516.4353854215842,23.31180555555556,32
636014791,"JAKARTA,IDN","MANILA,PHL",2016-01-22,2016-01-30,2799.1415243973383,162.0086111111111,136
373599000,"TEMA,GHA","ABIDJAN,CIV",2013-05-14,2013-05-15,463.8984680158395,17.15902777777778,53
1193046,"TEMA,GHA","LUANDA,AGO",2016-07-18,2016-07-18,41.386322429057486,7.007361111111111,8
636091899,"ABIDJAN,CIV","LUANDA,AGO",2012-05-20,2012-05-24,2319.4879702102508,83.35138888888886,54
355090000,"JAKARTA,IDN","MANILA,PHL",2016-02-09,2016-02-14,1493.910350287555,71.5438888888889,42
636091322,"JAKARTA,IDN","MANILA,PHL",2012-07-17,2012-08-08,3010.2491696208967,154.7247222222222,19
354118000,"JAKARTA,IDN","MANILA,PHL",2014-02-14,2014-02-21,3323.4982327676576,181.70500000000004,171
636014965,"MANILA,PHL","JAKARTA,IDN",2016-06-19,2016-06-27,4221.928550194851,197.1215277777778,451
538090205,"JAKARTA,IDN","MANILA,PHL",2012-04-06,2012-04-12,3459.190739820448,118.9420833333333,82
355321000,"JAKARTA,IDN","MANILA,PHL",2013-01-07,2013-01-10,1709.1631066987486,60.99111111111112,41
354604000,"ABIDJAN,CIV","TEMA,GHA",2012-02-17,2012-02-18,468.2732216112077,24.73583333333333,115
636091056,"TEMA,GHA","ABIDJAN,CIV",2015-03-21,2015-03-22,497.07592889104285,22.857916666666668,24
212187000,"TEMA,GHA","ABIDJAN,CIV",2015-05-29,2015-05-30,498.7417465117128,23.291527777777766,48
229735000,"TEMA,GHA","ABIDJAN,CIV",2014-06-22,2014-06-23,517.3731693621148,29.380555555555556,49
636091347,"JAKARTA,IDN","MANILA,PHL",2013-05-17,2013-05-24,3379.613828520226,139.4329166666667,57
564622000,"TEMA,GHA","ABIDJAN,CIV",2014-05-16,2014-05-28,1368.1685324014466,252.59250000000006,444
247228000,"TEMA,GHA","ABIDJAN,CIV",2013-12-28,2013-12-30,653.1743076633842,48.31347222222224,53
636015600,"LUANDA,AGO","TEMA,GHA",2015-12-24,2015-12-28,2214.3132332635714,89.52444444444451,321
538003223,"ABIDJAN,CIV","TEMA,GHA",2013-04-04,2013-04-05,505.0695593691551,23.70930555555555,68
210410000,"JAKARTA,IDN","MANILA,PHL",2013-01-25,2013-01-31,3185.1140552418997,110.37180555555558,20
212187000,"TEMA,GHA","ABIDJAN,CIV",2015-03-12,2015-03-12,500.85661642544125,16.16680555555556,23
636091785,"TEMA,GHA","ABIDJAN,CIV",2014-11-23,2014-11-25,587.733859616755,51.43305555555555,21
538004176,"MANILA,PHL","JAKARTA,IDN",2013-05-05,2013-05-11,2709.572099404567,116.55902777777777,52
636091333,"TEMA,GHA","ABIDJAN,CIV",2013-11-14,2013-11-15,536.7141249896089,25.847638888888884,42
357919000,"TEMA,GHA","ABIDJAN,CIV",2012-07-01,2012-07-02,451.8192557633206,17.204583333333332,28
351698000,"TEMA,GHA","ABIDJAN,CIV",2012-04-29,2012-04-30,429.26376776328584,17.608472222222222,20
372552000,"MANILA,PHL","JAKARTA,IDN",2012-12-21,2012-12-27,2602.440303439306,106.77124999999998,36
477547300,"TEMA,GHA","ABIDJAN,CIV",2013-10-19,2013-10-29,1324.9415226662786,249.61416666666665,462
241375000,"MANILA,PHL","JAKARTA,IDN",2015-09-12,2015-09-20,1114.3366720122299,70.23097222222222,211
565963000,"JAKARTA,IDN","MANILA,PHL",2013-06-29,2013-07-05,1972.598071108829,110.36041666666671,213
357919000,"TEMA,GHA","ABIDJAN,CIV",2015-07-05,2015-07-09,2210.2028219880017,89.38027777777776,278
636091884,"TEMA,GHA","ABIDJAN,CIV",2016-11-14,2016-11-15,511.45883723272846,25.020694444444437,74
269021000,"ABIDJAN,CIV","TEMA,GHA",2014-03-08,2014-03-08,496.2538014928768,19.51861111111112,88
255805651,"TEMA,GHA","ABIDJAN,CIV",2016-06-04,2016-06-05,517.611674935388,25.6201388888889,174
538005727,"TEMA,GHA","ABIDJAN,CIV",2016-08-20,2016-08-22,513.3221911205446,39.03513888888891,266
215210000,"ABIDJAN,CIV","TEMA,GHA",2014-01-12,2014-01-13,495.23894434333386,17.461666666666666,40
357158000,"ABIDJAN,CIV","TEMA,GHA",2012-09-27,2012-09-27,439.49021056155533,12.89111111111111,8
253161000,"TEMA,GHA","ABIDJAN,CIV",2017-02-12,2017-02-13,543.0266843893338,25.22777777777779,123
636092438,"MANILA,PHL","JAKARTA,IDN",2012-09-25,2012-09-30,1245.3419059300998,59.08916666666666,102
351285000,"TEMA,GHA","ABIDJAN,CIV",2012-07-27,2012-07-28,566.5312595743885,32.00013888888888,37
538004176,"MANILA,PHL","JAKARTA,IDN",2013-02-23,2013-03-16,7523.447007260133,323.91708333333287,681
357919000,"TEMA,GHA","ABIDJAN,CIV",2013-11-24,2013-11-25,452.9460738876813,15.198749999999999,29
220158000,"TEMA,GHA","ABIDJAN,CIV",2015-07-29,2015-07-31,536.7408236995855,37.85458333333333,57
566145000,"TEMA,GHA","ABIDJAN,CIV",2017-04-20,2017-04-22,480.9592269149097,27.604722222222197,250
548789000,"JAKARTA,IDN","MANILA,PHL",2013-04-07,2013-04-13,2270.1445473285808,98.06375,175
636091527,"MANILA,PHL","JAKARTA,IDN",2017-06-19,2017-07-07,2632.3918344944636,262.36499999999984,805
636090879,"TEMA,GHA","ABIDJAN,CIV",2015-09-12,2015-09-16,930.9717557520702,77.74416666666667,58
210280000,"ABIDJAN,CIV","TEMA,GHA",2013-12-26,2013-12-27,510.83632874393425,24.339444444444453,80
636014740,"TEMA,GHA","ABIDJAN,CIV",2017-09-23,2017-09-24,505.48266979546975,30.57833333333334,298
253325000,"LUANDA,AGO","TEMA,GHA",2014-09-21,2014-09-27,2212.9317498137775,135.7688888888889,78
352638000,"JAKARTA,IDN","MANILA,PHL",2013-05-24,2013-06-11,3209.6591536975247,146.20569444444453,124
636091703,"JAKARTA,IDN","MANILA,PHL",2016-12-09,2016-12-17,3526.6587725065133,183.73819444444428,183
477815200,"JAKARTA,IDN","MANILA,PHL",2017-04-07,2017-04-14,2518.429947655307,100.71208333333334,59
305589000,"PORT HARCOURT,NGA","LUANDA,AGO",2014-03-15,2014-03-18,1662.2235136952722,71.06194444444445,108
229844000,"TEMA,GHA","ABIDJAN,CIV",2016-01-24,2016-01-26,528.6540659911935,40.05402777777779,162
636091020,"TEMA,GHA","ABIDJAN,CIV",2012-06-27,2012-06-28,449.4258795371294,22.687083333333334,17
636090785,"TEMA,GHA","ABIDJAN,CIV",2012-03-13,2012-03-17,537.3006725902683,107.8098611111111,17
271000426,"TEMA,GHA","ABIDJAN,CIV",2014-08-27,2014-08-28,482.2420709967613,20.30402777777778,69
567304000,"MANILA,PHL","JAKARTA,IDN",2013-05-21,2013-05-28,2930.611877763047,126.46763888888891,55
636092112,"TEMA,GHA","ABIDJAN,CIV",2013-08-10,2013-08-11,558.0625139053892,28.970694444444444,15
564306000,"ABIDJAN,CIV","LUANDA,AGO",2013-01-17,2013-01-22,2394.6278284399395,111.85027777777772,166
355321000,"MANILA,PHL","JAKARTA,IDN",2013-10-06,2013-10-12,2507.829768738077,115.20763888888888,99
477046200,"TEMA,GHA","ABIDJAN,CIV",2014-05-21,2014-05-25,638.9939055627074,97.71194444444447,60
