date,year,lat,lon,lat_bin,lon_bin,grid_id,aggressor,victim,attack_eez,cluster,Hotspot
2017-03-30,2017,4.01666666667,6.8,0,5,15,Pirates,Bulk Carrier,NGA,hotspot_gulf_of_guinea,Gulf of Guinea
2017-03-30,2017,-9.4,150.666666667,-10,150,168,Pirates,Vessel,PNG,0,Outside of Hotspots
2017-03-29,2017,4.08333333333,4.7,0,0,13,Pirates,Tanker,NGA,hotspot_gulf_of_guinea,Gulf of Guinea
2017-03-29,2017,4,4.66666666667,0,0,13,Pirates,Product Tanker,NGA,hotspot_gulf_of_guinea,Gulf of Guinea
2017-03-29,2017,4.16666666667,4.61666666667,0,0,13,Pirates,Vessel,NGA,hotspot_gulf_of_guinea,Gulf of Guinea
2017-03-28,2017,12.7,-61.3333333333,10,-65,8,Robbers,Sailing Vessel,VCT,0,Outside of Hotspots
2017-03-28,2017,10.3166666667,-75.5333333333,10,-80,6,Robbers,Tanker,COL,0,Outside of Hotspots
2017-03-26,2017,1.11666666667,103.533333333,0,100,64,Sucpicious Approach,Tanker,IDN,hotspot_malacca_straits,Malacca Straits
2017-03-26,2017,1.71666666667,101.433333333,0,100,64,Robbers,Product Tanker,IDN,hotspot_malacca_straits,Malacca Straits
2017-03-26,2017,12.6333333333,-61.4,10,-65,8,Robbers,Sailing Vessel,VCT,0,Outside of Hotspots
2017-03-26,2017,-3.71666666667,114.416666667,-5,110,70,Robbers,Bulk Carrier,IDN,hotspot_malacca_straits,Malacca Straits
2017-03-26,2017,13.7166666667,121.033333333,10,120,76,Robbers,Tanker,PHL,hotspot_south_china_sea,South China Sea
2017-03-25,2017,14.4666666667,-60.8666666667,10,-65,8,Robbers,Sailing Vessel,High Seas,0,Outside of Hotspots
2017-03-24,2017,7.96666666667,49.8833333333,5,45,134,Mothership Activity,Vessel,SOM,hotspot_gulf_of_aden,Gulf of Aden
2017-03-24,2017,7.96666666667,49.8833333333,5,45,134,Pirates,Vessel,SOM,hotspot_gulf_of_aden,Gulf of Aden
2017-03-23,2017,6.53333333333,122.566666667,5,120,115,Pirates,Cargo Vessel,PHL,hotspot_south_china_sea,South China Sea
2017-03-22,2017,-19.8,34.8333333333,-20,30,82,Robbers,Bulk Carrier,High Seas,0,Outside of Hotspots
2017-03-21,2017,13.6666666667,121.05,10,120,76,Robbers,LPG Tanker,PHL,hotspot_south_china_sea,South China Sea
2017-03-19,2017,1.7,101.466666667,0,100,64,Robbers,Tanker,IDN,hotspot_malacca_straits,Malacca Straits
2017-03-19,2017,22.0833333333,91.8,20,90,61,Robbers,Cargo Vessel,BGD,0,Outside of Hotspots
2017-03-18,2017,15.9166666667,-88.7166666667,15,-90,127,Robbers,Sailing Vessel,GTM,0,Outside of Hotspots
2017-03-18,2017,12.7,61.3333333333,10,60,47,Robbers,Sailing Vessel,High Seas,0,Outside of Hotspots
2017-03-17,2017,14.4333333333,-60.8833333333,10,-65,8,Robbers,Sailing Vessel,High Seas,0,Outside of Hotspots
2017-03-17,2017,14.4333333333,-60.8833333333,10,-65,8,Robbers,Sailing Vessel,High Seas,0,Outside of Hotspots
2017-03-15,2017,13.75,121.05,10,120,76,Robbers,Chemical Tanker,High Seas,hotspot_south_china_sea,South China Sea
2017-03-15,2017,10.1666666667,-75.6666666667,10,-80,6,Pirates,Sailing Vessel,COL,0,Outside of Hotspots
2017-03-13,2017,11.7833333333,50.5166666667,10,50,37,Pirates,Tanker,SOM,hotspot_gulf_of_aden,Gulf of Aden
2017-03-13,2017,18.1166666667,-65.4166666667,15,-70,78,Robbers,Sailing Vessel,High Seas,0,Outside of Hotspots
2017-03-12,2017,13.85,-61.05,10,-65,8,Robbers,Vessel,High Seas,0,Outside of Hotspots
2017-03-11,2017,1.7,101.433333333,0,100,64,Robbers,Chemical Tanker,IDN,hotspot_malacca_straits,Malacca Straits
2017-03-10,2017,13.7666666667,42.2166666667,10,40,25,Pirates,Vessel,ERI,hotspot_gulf_of_aden,Gulf of Aden
2017-03-10,2017,3.05,6.95,0,5,15,Pirates,Vessel,NGA,hotspot_gulf_of_guinea,Gulf of Guinea
2017-03-10,2017,3.05,6.95,0,5,15,Pirates,LNG Tanker,NGA,hotspot_gulf_of_guinea,Gulf of Guinea
2017-03-09,2017,13.8666666667,50.3333333333,10,50,37,Suspicous Approach,Vessel,YEM,hotspot_gulf_of_aden,Gulf of Aden
2017-03-09,2017,-5.86666666667,105.983333333,-10,105,65,Robbers,Product Tanker,IDN,hotspot_malacca_straits,Malacca Straits
2017-03-09,2017,13.8666666667,50.3333333333,10,50,37,Pirates,Vessel,YEM,hotspot_gulf_of_aden,Gulf of Aden
2017-03-08,2017,3.26666666667,4.51666666667,0,0,13,Pirates,Vessel,NGA,hotspot_gulf_of_guinea,Gulf of Guinea
2017-03-08,2017,3.33333333333,4.48333333333,0,0,13,Pirates,Bulk Carrier,NGA,hotspot_gulf_of_guinea,Gulf of Guinea
2017-03-08,2017,3.33333333333,4.48166666667,0,0,13,Pirates,Bulk Carrier,NGA,hotspot_gulf_of_guinea,Gulf of Guinea
2017-03-07,2017,13.2,48.9666666667,10,45,30,Suspicious Approach,Vessel,YEM,hotspot_gulf_of_aden,Gulf of Aden
2017-03-07,2017,4.68333333333,7.15,0,5,15,Pirates,Vessel,High Seas,hotspot_gulf_of_guinea,Gulf of Guinea
2017-03-05,2017,6.35,118.133333333,5,115,73,Suspicious Approach,Cargo Vessel,PHL,hotspot_south_china_sea,South China Sea
2017-03-02,2017,18.1,-65.45,15,-70,78,Robbers,Sailing Vessel,High Seas,0,Outside of Hotspots
2017-03-01,2017,10.2666666667,-64.7,10,-65,8,Robbers,Product Tanker,VEN,0,Outside of Hotspots
2017-03-02,2017,4.46666666667,2.5,0,0,13,Suspicious Approach,Vessel,BEN,hotspot_gulf_of_guinea,Gulf of Guinea
2017-04-29,2017,3.25,7,0,5,15,Mothership Activity,Vessel,NGA,hotspot_gulf_of_guinea,Gulf of Guinea
2017-04-29,2017,3.68333333333,6.76666666667,0,5,15,Pirates,Vessel,NGA,hotspot_gulf_of_guinea,Gulf of Guinea
2017-04-29,2017,3.85,6.76666666667,0,5,15,Pirates,Vessel,NGA,hotspot_gulf_of_guinea,Gulf of Guinea
2017-04-29,2017,3.55,6.7,0,5,15,Pirates,Vessel,NGA,hotspot_gulf_of_guinea,Gulf of Guinea
2017-04-28,2017,6.81666666667,-58.1666666667,5,-60,9,Robbers,Offshore Support Vessel,GUY,0,Outside of Hotspots
2017-04-28,2017,3.81666666667,7.06666666667,0,5,15,Pirates,Vessel,NGA,hotspot_gulf_of_guinea,Gulf of Guinea
2017-04-28,2017,6.81666666667,-58.1666666667,5,-60,9,Robbers,Supply Vessel,GUY,0,Outside of Hotspots
2017-04-27,2017,13.15,-61.2333333333,10,-65,8,Robbers,Vessel,VCT,0,Outside of Hotspots
2017-04-25,2017,17.1333333333,42.3333333333,15,40,26,Pirates,Vessel,SAU,hotspot_gulf_of_aden,Gulf of Aden
2017-04-23,2017,11.1666666667,123.716666667,10,120,76,Pirates,Fishing Vessel,High Seas,hotspot_south_china_sea,South China Sea
2017-04-22,2017,5.7,48.8833333333,5,45,134,Pirates,Tanker,SOM,hotspot_gulf_of_aden,Gulf of Aden
2017-04-22,2017,7.16666666667,122.65,5,120,115,Robbers,Container Vessel,PHL,hotspot_south_china_sea,South China Sea
2017-04-22,2017,13.6666666667,121.05,10,120,76,Robbers,Tanker,PHL,hotspot_south_china_sea,South China Sea
2017-04-22,2017,5.65,48.95,5,45,134,Pirates,Vessel,SOM,hotspot_gulf_of_aden,Gulf of Aden
2017-04-20,2017,-0.266666666667,117.583333333,-5,115,72,Pirates,Bulk Carrier,IDN,hotspot_south_china_sea,South China Sea
2017-04-19,2017,3.41666666667,5.76666666667,0,5,15,Pirates,Tanker,NGA,hotspot_gulf_of_guinea,Gulf of Guinea
2017-04-19,2017,4.1,6.25,0,5,15,Pirates,Tug,NGA,hotspot_gulf_of_guinea,Gulf of Guinea
2017-04-19,2017,3.41666666667,5.6,0,5,15,Pirates,Tanker,NGA,hotspot_gulf_of_guinea,Gulf of Guinea
2017-04-19,2017,-0.25,117.566666667,-5,115,72,Robbers,Bulk Carrier,IDN,hotspot_south_china_sea,South China Sea
2017-04-18,2017,8.16666666667,122.516666667,5,120,115,Pirates,Cargo Vessel,PHL,hotspot_south_china_sea,South China Sea
2017-04-16,2017,12.8183333333,43.2666666667,10,40,25,Suspicious Approach,Container Vessel,ERI,hotspot_gulf_of_aden,Gulf of Aden
2017-04-15,2017,12.8833333333,48.0333333333,10,45,30,Pirates,Product Tanker,YEM,hotspot_gulf_of_aden,Gulf of Aden
2017-04-15,2017,12.8833333333,47.95,10,45,30,Pirates,Vessel,YEM,hotspot_gulf_of_aden,Gulf of Aden
2017-04-14,2017,15.9333333333,52.35,15,50,38,Pirates,Vessel,YEM,hotspot_gulf_of_aden,Gulf of Aden
2017-04-14,2017,15.9333333333,52.35,15,50,38,Pirates,Vessel,YEM,hotspot_gulf_of_aden,Gulf of Aden
2017-04-10,2017,15.85,-88.5333333333,15,-90,127,Robbers,Vessel,GTM,0,Outside of Hotspots
2017-04-09,2017,14.3333333333,53.1833333333,10,50,37,Suspicious Approach,Vessel,YEM,hotspot_gulf_of_aden,Gulf of Aden
2017-04-08,2017,14.15,51.6166666667,10,50,37,Suspicious Approach,Tanker,YEM,hotspot_gulf_of_aden,Gulf of Aden
2017-04-08,2017,18.15,-65.4333333333,15,-70,78,Robber,Vessel,High Seas,0,Outside of Hotspots
2017-04-08,2017,14.0166666667,51.6,10,50,37,Pirates,Vessel,YEM,hotspot_gulf_of_aden,Gulf of Aden
2017-04-07,2017,-5.86666666667,13.0333333333,-10,10,16,Robbers,Bulk Carrier,AGO,0,Outside of Hotspots
2017-04-06,2017,16.4666666667,-85.8333333333,15,-90,127,Pirates,Vessel,HND,0,Outside of Hotspots
2017-04-05,2017,14.6,-61.0833333333,10,-65,8,Robbers,Sailing Vessel,MTQ,0,Outside of Hotspots
2017-04-04,2017,3.61666666667,48.7833333333,0,45,109,Pirates,Vessel,SOM,0,Outside of Hotspots
2017-04-03,2017,13.1666666667,43.05,10,40,25,Suspicious Approach,Vessel,ERI,hotspot_gulf_of_aden,Gulf of Aden
2017-04-02,2017,14.6,-61.0833333333,10,-65,8,Robbers,Sailing Vessel,MTQ,0,Outside of Hotspots
2017-04-01,2017,7.96666666667,49.85,5,45,134,Pirates,Vessel,SOM,hotspot_gulf_of_aden,Gulf of Aden
2017-04-01,2017,12.7,-61.3333333333,10,-65,8,Robbers,Sailing Vessel,VCT,0,Outside of Hotspots
2017-05-31,2017,-7.75,109.066666667,-10,105,65,Robbers,Bulk Carrier,IDN,hotspot_malacca_straits,Malacca Straits
2017-05-31,2017,12.5833333333,43.4166666667,10,40,25,Pirates,TAnker,YEM,hotspot_gulf_of_aden,Gulf of Aden
2017-05-31,2017,-17.3166666667,177.116666667,-20,175,156,Robbers,Sailing Vessel,FJI,0,Outside of Hotspots
2017-05-28,2017,13.3166666667,43.25,10,40,25,Robbers,Vessel,High Seas,hotspot_gulf_of_aden,Gulf of Aden
2017-05-28,2017,2.81666666667,105.283333333,0,105,66,Robbers,Tanker,IDN,hotspot_malacca_straits,Malacca Straits
2017-05-27,2017,5.1,59.2,5,55,84,Suspicous Approach,Fishing Vessel,High Seas,0,Outside of Hotspots
2017-05-26,2017,8.43333333333,-13.4666666667,5,-15,11,Robbers,Container Vessel,SLE,0,Outside of Hotspots
2017-05-24,2017,10.2833333333,-64.7,10,-65,8,Robbers,Cargo Vessel,VEN,0,Outside of Hotspots
2017-05-24,2017,1.71666666667,101.416666667,0,100,64,Robbers,Tanker,IDN,hotspot_malacca_straits,Malacca Straits
2017-05-24,2017,13.2666666667,-61.2666666667,10,-65,8,Robbers,Sailing Vessel,VCT,0,Outside of Hotspots
2017-05-23,2017,7.75,50.2166666667,5,50,36,Pirates,Fishing Vessel,SOM,hotspot_gulf_of_aden,Gulf of Aden
2017-05-20,2017,1.71666666667,101.383333333,0,100,64,Robbers,Chemical Tanker,High Seas,hotspot_malacca_straits,Malacca Straits
2017-05-18,2017,10.1833333333,-64.7666666667,10,-65,8,Robbers,Chemical Tanker,VEN,0,Outside of Hotspots
2017-05-17,2017,3.98333333333,6.76666666667,0,5,15,Pirates,Cargo Vessel,NGA,hotspot_gulf_of_guinea,Gulf of Guinea
2017-05-16,2017,5.75,5.05,5,5,119,Pirates,Vessel,NGA,hotspot_gulf_of_guinea,Gulf of Guinea
2017-05-16,2017,14.15,52.3833333333,10,50,37,Suspicious Approach,Bulk Carrier,YEM,hotspot_gulf_of_aden,Gulf of Aden
2017-05-16,2017,3.53333333333,126.383333333,0,125,138,Suspicious Approach,Offshore Supply Vessel,IDN,hotspot_south_china_sea,South China Sea
2017-05-12,2017,19.3,-81.35,15,-85,97,Robbers,Vessel,CYM,0,Outside of Hotspots
2017-05-12,2017,3.96666666667,7.55,0,5,15,Suspicious Approach,Tanker,NGA,hotspot_gulf_of_guinea,Gulf of Guinea
2017-05-11,2017,-14.8333333333,117.533333333,-15,115,163,Robbers,Bulk Carrier,AUS,0,Outside of Hotspots
2017-05-10,2017,7.53333333333,122.516666667,5,120,115,Pirates,Vessel,PHL,hotspot_south_china_sea,South China Sea
2017-05-07,2017,25.5333333333,57.55,25,55,45,Pirates,Vessel,IRN,0,Outside of Hotspots
2017-05-07,2017,25.5333333333,57.55,25,55,45,Suspicious Approach,Bulk Carrier,IRN,0,Outside of Hotspots
2017-05-06,2017,5.16666666667,-4.06666666667,5,-5,80,Suspicious Approach,Container Vessel,CIV,hotspot_gulf_of_guinea,Gulf of Guinea
2017-05-04,2017,-12.0166666667,-77.2,-15,-80,3,Robbers,Container Vessel,PER,0,Outside of Hotspots
2017-05-03,2017,13.1666666667,49.3,10,45,30,Suspicious Approach,Vessel,YEM,hotspot_gulf_of_aden,Gulf of Aden
2017-05-03,2017,1.28333333333,103.3,0,100,64,Robbers,Tanker,MYS,hotspot_malacca_straits,Malacca Straits
2017-05-02,2017,-5.95,106.916666667,-10,105,65,Robbers,Bulk Carrier,IDN,hotspot_malacca_straits,Malacca Straits
2017-05-02,2017,12.4333333333,43.8333333333,10,40,25,Suspicious Approach,Vessel,YEM,hotspot_gulf_of_aden,Gulf of Aden
2017-05-02,2017,10.2333333333,-64.55,10,-65,8,Robbers,Bulk Carrier,High Seas,0,Outside of Hotspots
2017-05-02,2017,22.2166666667,91.7333333333,20,90,61,Robbers,Tanker,BGD,0,Outside of Hotspots
2017-05-01,2017,12.1333333333,44.2666666667,10,40,25,Suspicious Approach,Vessel,YEM,hotspot_gulf_of_aden,Gulf of Aden
2017-06-30,2017,12.8833333333,43.1833333333,10,40,25,Suspicious Approach,Vessel,ERI,hotspot_gulf_of_aden,Gulf of Aden
2017-06-30,2017,10.2666666667,-64.7,10,-65,8,Robbers,Tanker,VEN,0,Outside of Hotspots
2017-06-28,2017,12.4666666667,43.7333333333,10,40,25,Suspicous Approach,Vessel,YEM,hotspot_gulf_of_aden,Gulf of Aden
2017-06-28,2017,22.65,90.8166666667,20,90,61,Pirates,Fishing Vessel,BGD,0,Outside of Hotspots
2017-06-25,2017,14.7333333333,42.1,10,40,25,Suspicious Approach,Vessel,YEM,hotspot_gulf_of_aden,Gulf of Aden
2017-06-24,2017,10.2,-64.7666666667,10,-65,8,Robbers,Tanker,VEN,0,Outside of Hotspots
2017-06-23,2017,3.91666666667,103.866666667,0,100,64,Pirates,Tanker,MYS,hotspot_malacca_straits,Malacca Straits
2017-06-21,2017,1.06666666667,104.133333333,0,100,64,Robbers,Cargo Vessel,High Seas,hotspot_malacca_straits,Malacca Straits
2017-06-19,2017,-4.06666666667,39.65,-5,35,21,Robbers,Tanker,High Seas,0,Outside of Hotspots
2017-06-14,2017,13.7333333333,121.016666667,10,120,76,Robbers,Tanker,High Seas,hotspot_south_china_sea,South China Sea
2017-06-13,2017,1,104.233333333,0,100,64,Suspicious Approach,Offshore Supply Vessel,IDN,hotspot_malacca_straits,Malacca Straits
2017-06-13,2017,12.9333333333,43.2,10,40,25,Suspicious Approach,Vessel,ERI,hotspot_gulf_of_aden,Gulf of Aden
2017-06-13,2017,0.75,104.133333333,0,100,64,Robbers,Research Vessel,IDN,hotspot_malacca_straits,Malacca Straits
2017-06-13,2017,12.9333333333,43.2,10,40,25,Suspicious Approach,Vessel,ERI,hotspot_gulf_of_aden,Gulf of Aden
2017-06-07,2017,1.35,104.6,0,100,64,Robbers,Tanker,IDN,hotspot_malacca_straits,Malacca Straits
2017-06-03,2017,3.78333333333,98.6833333333,0,95,62,Robbers,Vessel,High Seas,hotspot_malacca_straits,Malacca Straits
2017-06-03,2017,12.95,43.1,10,40,25,Suspicious Approach,Vessel,ERI,hotspot_gulf_of_aden,Gulf of Aden
2017-06-01,2017,23.5333333333,60.4333333333,20,60,49,Pirates,Tanker,OMN,0,Outside of Hotspots
2017-06-01,2017,13.2666666667,-61.2666666667,10,-65,8,Robbers,Sailing Vessel,VCT,0,Outside of Hotspots
2017-07-31,2017,4.13333333333,7,0,5,15,Pirates,Tanker,NGA,hotspot_gulf_of_guinea,Gulf of Guinea
2017-07-30,2017,4.16666666667,6.98333333333,0,5,15,Pirates,Vessel,NGA,hotspot_gulf_of_guinea,Gulf of Guinea
2017-07-29,2017,14.2666666667,51.1333333333,10,50,37,Suspicious Approach,Vessel,YEM,hotspot_gulf_of_aden,Gulf of Aden
2017-07-29,2017,13.3166666667,43.25,10,40,25,Pirates,Vessel,High Seas,hotspot_gulf_of_aden,Gulf of Aden
2017-07-25,2017,12.7166666667,-61.3333333333,10,-65,8,Robbers,Vessel,VCT,0,Outside of Hotspots
2017-07-25,2017,14.8833333333,42.45,10,40,25,Suspicious Approach,Vessel,YEM,hotspot_gulf_of_aden,Gulf of Aden
2017-07-22,2017,15.5316666667,-18.1666666667,15,-20,159,Pirates,Bulk Carrier,SEN,0,Outside of Hotspots
2017-07-21,2017,6.35,-10.8666666667,5,-15,11,Robber,Tanker,LBR,0,Outside of Hotspots
2017-07-14,2017,14.55,120.916666667,10,120,76,Robbers,Container Vessel,PHL,hotspot_south_china_sea,South China Sea
2017-07-13,2017,21.9166666667,118.316666667,20,115,164,Robbers,Fishing Vessel,TWN,0,Outside of Hotspots
2017-07-13,2017,4.11666666667,7,0,5,15,Vessel,Pirates,NGA,hotspot_gulf_of_guinea,Gulf of Guinea
2017-07-11,2017,12.1166666667,-61.6666666667,10,-65,8,Robbers,Vessel,High Seas,0,Outside of Hotspots
2017-07-11,2017,25.5166666667,57.4166666667,25,55,45,Pirates,Vessel,IRN,0,Outside of Hotspots
2017-07-10,2017,14.55,120.9,10,120,76,Robbers,Container Vessel,PHL,hotspot_south_china_sea,South China Sea
2017-07-07,2017,36.6666666667,133.2,35,130,167,Suspicious Approach,Vessel,JPN,0,Outside of Hotspots
2017-07-05,2017,14.3,42.35,10,40,25,Suspicious Approach,Vessel,ERI,hotspot_gulf_of_aden,Gulf of Aden
2017-07-02,2017,-14.3666666667,40.7,-15,40,22,Robbers,Container Vessel,MOZ,0,Outside of Hotspots
2017-08-29,2017,9.5,-82.3833333333,5,-85,2,Robbers,Vessel,PAN,0,Outside of Hotspots
2017-08-29,2017,36.0333333333,13.2333333333,35,10,160,Pirates,Tanker,ITA,0,Outside of Hotspots
2017-08-29,2017,16.95,82.25,15,80,60,Robbers,Tanker,High Seas,0,Outside of Hotspots
2017-08-28,2017,13,43.1666666667,10,40,25,Suspicious Approach,Vessel,ERI,hotspot_gulf_of_aden,Gulf of Aden
2017-08-28,2017,4.21666666667,6.13333333333,0,5,15,Pirates,Vessel,NGA,hotspot_gulf_of_guinea,Gulf of Guinea
2017-08-27,2017,12,-61.75,10,-65,8,Robbers,Vessel,High Seas,0,Outside of Hotspots
2017-08-22,2017,14.4666666667,-60.8833333333,10,-65,8,Robbers,Vessel,High Seas,0,Outside of Hotspots
2017-08-21,2017,9.55,-79.65,5,-80,77,Robbers,Sailing Vessel,High Seas,0,Outside of Hotspots
2017-08-20,2017,1.06666666667,103.683333333,0,100,64,Robbers,Bulk Carrier,IDN,hotspot_malacca_straits,Malacca Straits
2017-08-19,2017,5.75,4.8,5,0,14,Suspicious Approach,Vessel,NGA,hotspot_gulf_of_guinea,Gulf of Guinea
2017-08-19,2017,4.3,6.38333333333,0,5,15,Suspicious Approach,Vessel,NGA,hotspot_gulf_of_guinea,Gulf of Guinea
2017-08-19,2017,12.8333333333,43.2,10,40,25,Suspicious Approach,Vessel,ERI,hotspot_gulf_of_aden,Gulf of Aden
2017-08-19,2017,6.33333333333,3.3,5,0,14,Robbers,Tanker,NGA,hotspot_gulf_of_guinea,Gulf of Guinea
2017-08-18,2017,19.9,-70.95,15,-75,7,Robbers,Vessel,High Seas,0,Outside of Hotspots
2017-08-18,2017,12.6333333333,43.35,10,40,25,Suspicious Approach,Vessel,YEM,hotspot_gulf_of_aden,Gulf of Aden
2017-08-15,2017,14.55,120.916666667,10,120,76,Robbers,Vessel,PHL,hotspot_south_china_sea,South China Sea
2017-08-15,2017,14.5666666667,120.933333333,10,120,76,Robbers,Container Vessel,PHL,hotspot_south_china_sea,South China Sea
2017-08-13,2017,5.8,118.083333333,5,115,73,Robbers,Tanker,MYS,hotspot_south_china_sea,South China Sea
2017-08-13,2017,5.8,118.066666667,5,115,73,Robbers,Tanker,MYS,hotspot_south_china_sea,South China Sea
2017-08-12,2017,10.1,-71.5833333333,10,-75,98,Pirates,Fishing Vessel,VEN,0,Outside of Hotspots
2017-08-10,2017,13.2,42.9666666667,10,40,25,Suspicious Approach,Vessel,ERI,hotspot_gulf_of_aden,Gulf of Aden
2017-08-09,2017,14.5333333333,120.916666667,10,120,76,Robbers,Container Vessel,PHL,hotspot_south_china_sea,South China Sea
2017-08-09,2017,18.0333333333,-63.1,15,-65,99,Robbers,Sailing Vessel,SXM,0,Outside of Hotspots
2017-08-07,2017,6.45,3.36666666667,5,0,14,Robbers,Tanker,High Seas,hotspot_gulf_of_guinea,Gulf of Guinea
2017-08-07,2017,8.41666666667,-59.8333333333,5,-60,9,Pirates,Fishing Vessel,GUY,0,Outside of Hotspots
2017-08-05,2017,1,-79.65,0,-80,5,Robbers,Container Vessel,ECU,0,Outside of Hotspots
2017-08-04,2017,4.9,-1.65,0,-5,12,Robbers,Tanker,GHA,hotspot_gulf_of_guinea,Gulf of Guinea
2017-08-03,2017,16.8,-16.85,15,-20,159,Suspicious Approach,Vessel,MRT,0,Outside of Hotspots
2017-08-02,2017,1.4,104.55,0,100,64,Robbers,Tanker,IDN,hotspot_malacca_straits,Malacca Straits
2017-09-30,2017,0.516666666667,104.883333333,0,100,64,Pirates,Tug,IDN,hotspot_malacca_straits,Malacca Straits
2017-09-30,2017,14.5833333333,120.95,10,120,76,Robbers,Container Vessel,PHL,hotspot_south_china_sea,South China Sea
2017-09-29,2017,10.2666666667,-64.7,10,-65,8,Robbers,Tanker,VEN,0,Outside of Hotspots
2017-09-28,2017,15.8833333333,52.3333333333,15,50,38,Pirates,Tanker,YEM,hotspot_gulf_of_aden,Gulf of Aden
2017-09-28,2017,-6.76666666667,39.35,-10,35,83,Robbers,Vessel,TZA,0,Outside of Hotspots
2017-09-28,2017,15.1333333333,52.4833333333,15,50,38,Pirates,Tanker,YEM,hotspot_gulf_of_aden,Gulf of Aden
2017-09-26,2017,12.1333333333,44.25,10,40,25,Suspicious Approach,Vessel,YEM,hotspot_gulf_of_aden,Gulf of Aden
2017-09-26,2017,18.5666666667,-72.4,15,-75,7,Robbers,Tanker,HTI,0,Outside of Hotspots
2017-09-26,2017,3.81666666667,6.6,0,5,15,Pirates,Tanker,NGA,hotspot_gulf_of_guinea,Gulf of Guinea
2017-09-24,2017,32.9166666667,23.45,30,20,107,Pirates,Bulk Carrier,LBY,0,Outside of Hotspots
2017-09-22,2017,12.6166666667,47.4666666667,10,45,30,Suspicious Approach,Vessel,YEM,hotspot_gulf_of_aden,Gulf of Aden
2017-09-22,2017,10.15,-64.7833333333,10,-65,8,Robbers,Bulk Carrier,VEN,0,Outside of Hotspots
2017-09-20,2017,6.31666666667,3.36666666667,5,0,14,Robbers,Tanker,NGA,hotspot_gulf_of_guinea,Gulf of Guinea
2017-09-19,2017,20.9,107.266666667,20,105,68,Robbers,Bulk Carrier,VNM,hotspot_malacca_straits,Malacca Straits
2017-09-18,2017,4.78333333333,8.3,0,5,15,Pirates,Vessel,NGA,hotspot_gulf_of_guinea,Gulf of Guinea
2017-09-16,2017,12.1333333333,-69.0333333333,10,-70,129,Robbers,Vessel,CUW,0,Outside of Hotspots
2017-09-15,2017,9.4,-13.75,5,-15,11,Pirates,Vessel,GIN,0,Outside of Hotspots
2017-09-14,2017,4.26666666667,7.03333333333,0,5,15,Suspicious Approach,Vessel,NGA,hotspot_gulf_of_guinea,Gulf of Guinea
2017-09-08,2017,9.35,-13.7333333333,5,-15,11,Robbers,Bulk Carrier,GIN,0,Outside of Hotspots
2017-09-07,2017,2.06666666667,104.983333333,0,100,64,Robbers,LNG Carrier,MYS,hotspot_malacca_straits,Malacca Straits
2017-09-07,2017,-0.216666666667,117.55,-5,115,72,Robbers,LPG Tanker,IDN,hotspot_south_china_sea,South China Sea
2017-09-06,2017,5.63333333333,103.2,5,100,92,Pirates,Tanker,MYS,hotspot_malacca_straits,Malacca Straits
2017-09-02,2017,22.2333333333,91.7333333333,20,90,61,Robbers,Bulk Carrier,BGD,0,Outside of Hotspots
2017-09-02,2017,10.3166666667,-75.5333333333,10,-80,6,Robbers,LPG Tanker,COL,0,Outside of Hotspots
2017-09-01,2017,10.2333333333,-64.7333333333,10,-65,8,Robbers,Tanker,VEN,0,Outside of Hotspots
2017-09-01,2017,12,-61.7666666667,10,-65,8,Robbers,Vessel,High Seas,0,Outside of Hotspots
2017-10-29,2017,10.3166666667,-75.5166666667,10,-80,6,Robbers,Tanker,COL,0,Outside of Hotspots
2017-10-29,2017,1.26666666667,104.216666667,0,100,64,Robbers,Tanker,IDN,hotspot_malacca_straits,Malacca Straits
2017-10-29,2017,1.28333333333,104.233333333,0,100,64,Robbers,Tanker,MYS,hotspot_malacca_straits,Malacca Straits
2017-10-27,2017,0.683333333333,6.05,0,5,15,Suspicious Approach,Tanker,STP,hotspot_gulf_of_guinea,Gulf of Guinea
2017-10-27,2017,-7.85,109.066666667,-10,105,65,Robbers,Tanker,IDN,hotspot_malacca_straits,Malacca Straits
2017-10-27,2017,1.45,104.633333333,0,100,64,Robbers,Tanker,IDN,hotspot_malacca_straits,Malacca Straits
2017-10-25,2017,3.53333333333,6.78333333333,0,5,15,Pirates,Tanker,NGA,hotspot_gulf_of_guinea,Gulf of Guinea
2017-10-25,2017,3.6,6.81666666667,0,5,15,Pirates,Vessel,NGA,hotspot_gulf_of_guinea,Gulf of Guinea
2017-10-25,2017,1.05,103.683333333,0,100,64,Suspicious Approach,Cargo Vessel,IDN,hotspot_malacca_straits,Malacca Straits
2017-10-25,2017,-7.73333333333,109.066666667,-10,105,65,Robbers,Tanker,IDN,hotspot_malacca_straits,Malacca Straits
2017-10-25,2017,13.85,-61.05,10,-65,8,Robbers,Vessel,High Seas,0,Outside of Hotspots
2017-10-24,2017,11.8333333333,54.5,10,50,37,Pirates,Fishing Vessel,YEM,0,Outside of Hotspots
2017-10-24,2017,11.8333333333,54.5833333333,10,50,37,Pirates,Vessel,YEM,0,Outside of Hotspots
2017-10-21,2017,3.86666666667,7.11666666667,0,5,15,Pirates,Vessel,NGA,hotspot_gulf_of_guinea,Gulf of Guinea
2017-10-21,2017,3.78333333333,7.15,0,5,15,Pirates,Container Vessel,NGA,hotspot_gulf_of_guinea,Gulf of Guinea
2017-10-20,2017,3.58333333333,7,0,5,15,Pirates,Vessel,NGA,hotspot_gulf_of_guinea,Gulf of Guinea
2017-10-20,2017,12.2666666667,53.8166666667,10,50,37,Pirates,Vessel,YEM,hotspot_gulf_of_aden,Gulf of Aden
2017-10-20,2017,3.91666666667,6.65,0,5,15,Pirates,Vessel,NGA,hotspot_gulf_of_guinea,Gulf of Guinea
2017-10-20,2017,10.1833333333,-64.7666666667,10,-65,8,Robbers,Tanker,VEN,0,Outside of Hotspots
2017-10-18,2017,20.25,66.8333333333,20,65,55,Suspicious Approach,Vessel,IND,0,Outside of Hotspots
2017-10-17,2017,22.7833333333,70.0166666667,20,70,58,Robbers,Bulk Carrier,IND,0,Outside of Hotspots
2017-10-17,2017,1.26666666667,104.2,0,100,64,Robbers,Bulk Carrier,IDN,hotspot_malacca_straits,Malacca Straits
2017-10-15,2017,13.3333333333,47.9166666667,10,45,30,Suspicious Approach,Vessel,YEM,hotspot_gulf_of_aden,Gulf of Aden
2017-10-14,2017,6.31666666667,120.533333333,5,120,115,Robbers,Fishing Vessel,High Seas,hotspot_south_china_sea,South China Sea
2017-10-13,2017,-0.216666666667,117.583333333,-5,115,72,Robbers,Bulk Carrier,IDN,hotspot_south_china_sea,South China Sea
2017-10-12,2017,1.18333333333,103.566666667,0,100,64,Pirates,Vessel,IDN,hotspot_malacca_straits,Malacca Straits
2017-10-07,2017,11.9333333333,44.7166666667,10,40,25,Suspicious Approach,Vessel,YEM,hotspot_gulf_of_aden,Gulf of Aden
2017-10-06,2017,12.9833333333,47.9,10,45,30,Pirates,Vessel,YEM,hotspot_gulf_of_aden,Gulf of Aden
2017-10-06,2017,13.2166666667,50.5,10,50,37,Suspicious Approach,Vessel,SOM,hotspot_gulf_of_aden,Gulf of Aden
2017-10-05,2017,20.7166666667,71.4833333333,20,70,58,Robbers,Tanker,IND,0,Outside of Hotspots
2017-10-04,2017,14.55,120.9,10,120,76,Robbers,Container Vessel,PHL,hotspot_south_china_sea,South China Sea
2017-10-02,2017,3.91666666667,6.6,0,5,15,Pirates,Vessel,NGA,hotspot_gulf_of_guinea,Gulf of Guinea
2017-10-02,2017,4.28333333333,7.06666666667,0,5,15,Pirates,Vessel,NGA,hotspot_gulf_of_guinea,Gulf of Guinea
2017-11-30,2017,14.9,-23.5,10,-25,158,Robbers,Sailing Vessel,CPV,0,Outside of Hotspots
2017-11-28,2017,6.03333333333,1.3,5,0,14,Suspicious Approach,Vessel,TGO,hotspot_gulf_of_guinea,Gulf of Guinea
2017-11-26,2017,1.41666666667,104.683333333,0,100,64,Robbers,Tanker,IDN,hotspot_malacca_straits,Malacca Straits
2017-11-22,2017,3.06666666667,6.98333333333,0,5,15,Pirates,Vessel,NGA,hotspot_gulf_of_guinea,Gulf of Guinea
2017-11-22,2017,3.28333333333,6.86666666667,0,5,15,Suspicious Approach,Vessel,NGA,hotspot_gulf_of_guinea,Gulf of Guinea
2017-11-22,2017,-7.18333333333,116.45,-10,115,113,Pirates,Tug,IDN,0,Outside of Hotspots
2017-11-22,2017,3.3,6.88333333333,0,5,15,Suspicous Approach,Vessel,NGA,hotspot_gulf_of_guinea,Gulf of Guinea
2017-11-21,2017,6.3,3.16666666667,5,0,14,Suspicious Approach,Vessel,NGA,hotspot_gulf_of_guinea,Gulf of Guinea
2017-11-21,2017,14.1333333333,48.95,10,45,30,Pirates,Vessel,YEM,hotspot_gulf_of_aden,Gulf of Aden
2017-11-21,2017,5.21666666667,4.05,5,0,14,Suspicious Approach,Vessel,NGA,hotspot_gulf_of_guinea,Gulf of Guinea
2017-11-20,2017,1.03333333333,103.65,0,100,64,Robbers,Bulk Carrier,IDN,hotspot_malacca_straits,Malacca Straits
2017-11-19,2017,14.0666666667,51.7833333333,10,50,37,Suspicious Approach,Vessel,YEM,hotspot_gulf_of_aden,Gulf of Aden
2017-11-19,2017,-1.93333333333,47.95,-5,45,29,Pirates,Vessel,High Seas,0,Outside of Hotspots
2017-11-18,2017,-1.86666666667,49.3833333333,-5,45,29,Pirates,Vessel,High Seas,0,Outside of Hotspots
2017-11-18,2017,-1.93333333333,49.3833333333,-5,45,29,Pirates,Fishing Vessel,High Seas,0,Outside of Hotspots
2017-11-17,2017,-1.91666666667,47.9333333333,-5,45,29,Pirates,Vessel,High Seas,0,Outside of Hotspots
2017-11-17,2017,1.41666666667,104.583333333,0,100,64,Robbers,Tanker,IDN,hotspot_malacca_straits,Malacca Straits
2017-11-16,2017,4.11666666667,6.95,0,5,15,Pirates,Bulk Carrier,NGA,hotspot_gulf_of_guinea,Gulf of Guinea
2017-11-16,2017,3.51666666667,6.76666666667,0,5,15,Suspicious Approach,Tanker,NGA,hotspot_gulf_of_guinea,Gulf of Guinea
2017-11-16,2017,10.3166666667,-75.5166666667,10,-80,6,Robbers,Tanker,COL,0,Outside of Hotspots
2017-11-16,2017,3.5,6.75,0,5,15,Suspicious Approach,Tanker,NGA,hotspot_gulf_of_guinea,Gulf of Guinea
2017-11-16,2017,3.5,6.76666666667,0,5,15,Pirates,Tanker,NGA,hotspot_gulf_of_guinea,Gulf of Guinea
2017-11-16,2017,4.11666666667,6.95,0,5,15,Pirates,Vessel,NGA,hotspot_gulf_of_guinea,Gulf of Guinea
2017-11-13,2017,38.7333333333,-27.0666666667,35,-30,157,Robbers,Sailing Vessel,High Seas,0,Outside of Hotspots
2017-11-11,2017,4.11666666667,6.98333333333,0,5,15,Pirates,Vessel,NGA,hotspot_gulf_of_guinea,Gulf of Guinea
2017-11-10,2017,1.46666666667,104.633333333,0,100,64,Robbers,Tanker,IDN,hotspot_malacca_straits,Malacca Straits
2017-11-10,2017,4.25,5.6,0,5,15,Robbers,Vessel,NGA,hotspot_gulf_of_guinea,Gulf of Guinea
2017-11-08,2017,12.5,43.6166666667,10,40,25,Suspicous Approach,Vessel,DJI,hotspot_gulf_of_aden,Gulf of Aden
2017-11-07,2017,2.88333333333,105.283333333,0,105,66,Robbers,Bulk Carrier,IDN,hotspot_malacca_straits,Malacca Straits
2017-11-03,2017,-0.25,117.566666667,-5,115,72,Robbers,Bulk Carrier,IDN,hotspot_south_china_sea,South China Sea
2017-11-03,2017,5.98333333333,1.23333333333,5,0,14,Pirates,Vessel,GHA,hotspot_gulf_of_guinea,Gulf of Guinea
2017-11-03,2017,1.18333333333,103.983333333,0,100,64,Robbers,Vessel,IDN,hotspot_malacca_straits,Malacca Straits
2017-11-03,2017,22.0333333333,91.8,20,90,61,Robbers,Barge,BGD,0,Outside of Hotspots
2017-11-01,2017,4.05,7.05,0,5,15,Pirates,Vessel,NGA,hotspot_gulf_of_guinea,Gulf of Guinea
2017-11-01,2017,4.08333333333,7.06666666667,0,5,15,Pirates,Tanker,NGA,hotspot_gulf_of_guinea,Gulf of Guinea
2017-12-31,2017,21.8166666667,91.5666666667,20,90,61,Robbers,Barge,BGD,0,Outside of Hotspots
2017-12-29,2017,10.3166666667,-75.5166666667,10,-80,6,Robbers,Vessel,COL,0,Outside of Hotspots
2017-12-29,2017,38.7666666667,118.5,35,115,74,Robbers,Bulk Carrier,CHN,0,Outside of Hotspots
2017-12-28,2017,-23.9833333333,-46.3,-25,-50,100,Robbers,Sailing Vessel,High Seas,0,Outside of Hotspots
2017-12-28,2017,10.7,-62.5,10,-65,8,Pirates,Sailing Vessel,High Seas,0,Outside of Hotspots
2017-12-28,2017,1.26666666667,104.033333333,0,100,64,Robbers,Bulk Carrier,IDN,hotspot_malacca_straits,Malacca Straits
2017-12-25,2017,-7.76666666667,109.066666667,-10,105,65,Robbbers,Tanker,IDN,hotspot_malacca_straits,Malacca Straits
2017-12-24,2017,3.78333333333,6.83333333333,0,5,15,Pirates,Vessel,NGA,hotspot_gulf_of_guinea,Gulf of Guinea
2017-12-24,2017,6.28333333333,3.21666666667,5,0,14,Robbers,Tanker,NGA,hotspot_gulf_of_guinea,Gulf of Guinea
2017-12-21,2017,6.15,4.66666666667,5,0,14,Pirates,Fishing Vessel,NGA,hotspot_gulf_of_guinea,Gulf of Guinea
2017-12-17,2017,6.28333333333,3.35,5,0,14,Robbers,Vessel,NGA,hotspot_gulf_of_guinea,Gulf of Guinea
2017-12-16,2017,21.25,91.8,20,90,61,Robbers,Barge,BGD,0,Outside of Hotspots
2017-12-16,2017,20.9,107.283333333,20,105,68,Robbers,Bulk Carrier,VNM,hotspot_malacca_straits,Malacca Straits
2017-12-14,2017,3.76666666667,6.28333333333,0,5,15,Pirates,Bulk Carrier,NGA,hotspot_gulf_of_guinea,Gulf of Guinea
2017-12-14,2017,13.9333333333,49.85,10,45,30,Suspicious Approach,Vessel,YEM,hotspot_gulf_of_aden,Gulf of Aden
2017-12-14,2017,3.96666666667,6.2,0,5,15,Pirates,Vessel,NGA,hotspot_gulf_of_guinea,Gulf of Guinea
2017-12-13,2017,1.25,104.033333333,0,100,64,Robbers,Tanker,IDN,hotspot_malacca_straits,Malacca Straits
2017-12-12,2017,24.95,57.7,20,55,44,Suspicious Approach,Tanker,IRN,0,Outside of Hotspots
2017-12-10,2017,6.31666666667,3.28333333333,5,0,14,Robbers,Tanker,NGA,hotspot_gulf_of_guinea,Gulf of Guinea
2017-12-09,2017,14.5833333333,120.916666667,10,120,76,Robbers,Container Vessel,PHL,hotspot_south_china_sea,South China Sea
2017-12-08,2017,1.45,104.65,0,100,64,Robbers,Tanker,IDN,hotspot_malacca_straits,Malacca Straits
2017-12-08,2017,4.18333333333,7,0,5,15,Pirates,Vessel,NGA,hotspot_gulf_of_guinea,Gulf of Guinea
2017-12-07,2017,14.5833333333,120.85,10,120,76,Robbers,Cargo Vessel,PHL,hotspot_south_china_sea,South China Sea
2017-12-07,2017,14.5333333333,42.7833333333,10,40,25,Pirates,Vessel,YEM,hotspot_gulf_of_aden,Gulf of Aden
2017-12-07,2017,3.51666666667,7.11666666667,0,5,15,Pirates,Vessel,NGA,hotspot_gulf_of_guinea,Gulf of Guinea
2017-12-07,2017,0.716666666667,104.166666667,0,100,64,Robbers,Offshore Supply Vessel,IDN,hotspot_malacca_straits,Malacca Straits
2017-12-07,2017,0.733333333333,104.133333333,0,100,64,Robbers,Offshore Supply Vessel,IDN,hotspot_malacca_straits,Malacca Straits
2017-12-05,2017,21.8666666667,91.75,20,90,61,Robbers,Barge,BGD,0,Outside of Hotspots
2017-12-03,2017,14.5666666667,120.916666667,10,120,76,Robbers,Cargo Vessel,PHL,hotspot_south_china_sea,South China Sea
2017-12-03,2017,14.55,120.916666667,10,120,76,Robbers,Cargo Vessel,PHL,hotspot_south_china_sea,South China Sea
2017-12-02,2017,4.9,-1.7,0,-5,12,Robbers,Vessel,GHA,hotspot_gulf_of_guinea,Gulf of Guinea
2017-12-01,2017,3.4,6.83333333333,0,5,15,Pirates,Vessel,NGA,hotspot_gulf_of_guinea,Gulf of Guinea
2017-12-01,2017,3.46666666667,6.83333333333,0,5,15,Pirates,Vessel,NGA,hotspot_gulf_of_guinea,Gulf of Guinea
2014-06-02,2014,41.8183333333,-71.3863888889,40,-75,117,Robbers,Tugboat,High Seas,0,Outside of Hotspots
2016-08-19,2016,8.61666666667,-83.1666666667,5,-85,2,Robbers,Sailing Vessel,High Seas,0,Outside of Hotspots
2015-08-21,2015,3.81666666667,-77.15,0,-80,5,Robbers,Chemical Tanker,COL,0,Outside of Hotspots
2012-11-12,2012,8.65,-79.7166666667,5,-80,77,PIRATES,YACHT,PAN,0,Outside of Hotspots
2017-08-05,2017,1,-79.65,0,-80,5,Robbers,Container Vessel,ECU,0,Outside of Hotspots
2017-05-04,2017,-12.0166666667,-77.2,-15,-80,3,Robbers,Container Vessel,PER,0,Outside of Hotspots
2017-02-07,2017,-12.0166666667,-77.2,-15,-80,3,Robbers,Bulk Carrier,PER,0,Outside of Hotspots
2017-01-19,2017,-2.71666666667,-80.4,-5,-85,1,Robbers,Bulk Carrier,ECU,0,Outside of Hotspots
2016-11-16,2016,-12.0333333333,-77.15,-15,-80,3,Robbers,Bulk Carrier,PER,0,Outside of Hotspots
2016-10-21,2016,-12.0333333333,-77.5166666667,-15,-80,3,Robbers,Tanker,PER,0,Outside of Hotspots
2016-10-14,2016,-12.0166666667,-77.1833333333,-15,-80,3,Robbers,Cargo Vessel,PER,0,Outside of Hotspots
2016-10-06,2016,-12.0166666667,-77.1833333333,-15,-80,3,Robbers,Cargo Vessel,PER,0,Outside of Hotspots
2016-08-27,2016,-12.0166666667,-77.1816666667,-15,-80,3,Robbers,Bulk Carrier,PER,0,Outside of Hotspots
2016-07-20,2016,-12.0166666667,-77.2,-15,-80,3,Robbers,Bulk Carrier,PER,0,Outside of Hotspots
2016-07-20,2016,-4.56666666667,-81.3166666667,-5,-85,1,Robbers,Tanker,PER,0,Outside of Hotspots
2016-06-26,2016,-12.0166666667,-77.1833333333,-15,-80,3,Robbers,Bulk Carrier,PER,0,Outside of Hotspots
2016-04-21,2016,-12.0166666667,-77.2166666667,-15,-80,3,Robbers,Tanker,PER,0,Outside of Hotspots
2016-04-12,2016,3.88333333333,-77.0666666667,0,-80,5,Robbers,Bulk Carrier,COL,0,Outside of Hotspots
2016-03-23,2016,-12.0166666667,-77.2,-15,-80,3,Robbers,Vehicle Carrier,PER,0,Outside of Hotspots
2016-02-03,2016,-12,-77.2,-15,-80,3,Robbers,Product Tanker,PER,0,Outside of Hotspots
2015-06-05,2015,3.85,-77.0833333333,0,-80,5,Robbers,Product tanker,High Seas,0,Outside of Hotspots
2014-11-07,2014,3.81666666667,-77.15,0,-80,5,Robbers,Bulk Carrier,COL,0,Outside of Hotspots
2013-05-27,2013,-2.36666666667,-81,-5,-85,1,ROBBERS,CONATAINER SHIP RIO EIDER,ECU,0,Outside of Hotspots
2013-05-24,2013,-4.56666666667,-81.2833333333,-5,-85,1,PIRATES,CHEMICAL TANKER ARDMORE CAPELLA,High Seas,0,Outside of Hotspots
2013-05-21,2013,3.83333333333,-77.1166666667,0,-80,5,ROBBERS,CARGO SHIP FIESTA,High Seas,0,Outside of Hotspots
2013-05-12,2013,3.8,-77.1833333333,0,-80,5,ROBBERS,BULK CARRIER NORD MUMBAI,COL,0,Outside of Hotspots
2013-05-05,2013,-2.46666666667,-80.0666666667,-5,-85,1,ROBBERS,CONTAINER SHIP CAP PORTLAND,ECU,0,Outside of Hotspots
2013-04-15,2013,-2.3,-79.9166666667,-5,-80,4,ROBBERS,CARGO SHIP MAERSK NIENBURG,High Seas,0,Outside of Hotspots
2013-04-14,2013,-2.3,-79.9166666667,-5,-80,4,ROBBERS,CARGO SHIP,High Seas,0,Outside of Hotspots
2013-04-13,2013,-4.56666666667,-81.3166666667,-5,-85,1,ROBBERS,TANKER UNIQUE GUARDIAN,PER,0,Outside of Hotspots
2013-02-27,2013,-4.56666666667,-81.3,-5,-85,1,ROBBERS,TANKER,PER,0,Outside of Hotspots
2013-01-23,2013,-4.56666666667,-81.2666666667,-5,-85,1,ROBBERS,TANKER,High Seas,0,Outside of Hotspots
2012-11-13,2012,-2.51666666667,-80.0833333333,-5,-85,1,ROBBERS,CONTAINER SHIP,ECU,0,Outside of Hotspots
2012-11-11,2012,-4.56666666667,-81.3166666667,-5,-85,1,ROBBERS,TANKER,PER,0,Outside of Hotspots
2012-07-31,2012,3.81666666667,-77.15,0,-80,5,PIRATES,BULK CARRIER,COL,0,Outside of Hotspots
2012-07-02,2012,-2.55,-80.1,-5,-85,1,PIRATES,CONTAINER SHIP,ECU,0,Outside of Hotspots
2012-05-27,2012,-2.28333333333,-79.9016666667,-5,-80,4,PIRATES,CONTAINER SHIP,High Seas,0,Outside of Hotspots
2012-05-13,2012,3.76666666667,-77.45,0,-80,5,PIRATES,BULK CARRIER,COL,0,Outside of Hotspots
2012-04-17,2012,-2.2,-79.8902777778,-5,-80,4,PIRATES,CONTAINER SHIP,High Seas,0,Outside of Hotspots
2012-01-26,2012,2.43333333333,-79.3,0,-80,5,PIRATES,CONTAINER SHIP,COL,0,Outside of Hotspots
2012-01-13,2012,-12.1283333333,-77.205,-15,-80,3,PIRATES,BULK CARRIER,PER,0,Outside of Hotspots
2012-01-05,2012,-12.1283333333,-77.205,-15,-80,3,PIRATES,CONTAINER SHIP,PER,0,Outside of Hotspots
2011-12-27,2011,-2.35666666667,-79.9983333333,-5,-80,4,PIRATES,CONTAINER SHIP,ECU,0,Outside of Hotspots
2011-12-22,2011,-4.57,-81.3133333333,-5,-85,1,PIRATES,TANKER,PER,0,Outside of Hotspots
2011-12-20,2011,-2.34833333333,-79.9816666667,-5,-80,4,PIRATES,CONTAINER SHIP,ECU,0,Outside of Hotspots
2011-12-03,2011,3.83333333333,-77.1666666667,0,-80,5,PIRATES,BULK CARRIER,COL,0,Outside of Hotspots
2011-10-07,2011,-2.35,-79.9833333333,-5,-80,4,PIRATES,CONTAINER SHIP,ECU,0,Outside of Hotspots
2011-08-19,2011,1,-79.65,0,-80,5,PIRATES,CHEMICAL TANKER,ECU,0,Outside of Hotspots
2011-08-09,2011,-2.83333333333,-80.5833333333,-5,-85,1,PIRATES,CONTAINER SHIP,ECU,0,Outside of Hotspots
2011-05-07,2011,-2.33333333333,-79.9666666667,-5,-80,4,PIRATES,CONTAINER SHIP,ECU,0,Outside of Hotspots
2011-03-07,2011,-12.0475,-77.1447222222,-15,-80,3,PIRATES,TRAWLER,PER,0,Outside of Hotspots
2011-01-09,2011,-12.0183333333,-77.2166666667,-15,-80,3,PIRATES,VEHICLE CARRIER,PER,0,Outside of Hotspots
2017-12-29,2017,10.3166666667,-75.5166666667,10,-80,6,Robbers,Vessel,COL,0,Outside of Hotspots
2017-12-28,2017,-23.9833333333,-46.3,-25,-50,100,Robbers,Sailing Vessel,High Seas,0,Outside of Hotspots
2017-12-28,2017,10.7,-62.5,10,-65,8,Pirates,Sailing Vessel,High Seas,0,Outside of Hotspots
2017-11-16,2017,10.3166666667,-75.5166666667,10,-80,6,Robbers,Tanker,COL,0,Outside of Hotspots
2017-10-29,2017,10.3166666667,-75.5166666667,10,-80,6,Robbers,Tanker,COL,0,Outside of Hotspots
2017-10-20,2017,10.1833333333,-64.7666666667,10,-65,8,Robbers,Tanker,VEN,0,Outside of Hotspots
2017-09-29,2017,10.2666666667,-64.7,10,-65,8,Robbers,Tanker,VEN,0,Outside of Hotspots
2017-09-22,2017,10.15,-64.7833333333,10,-65,8,Robbers,Bulk Carrier,VEN,0,Outside of Hotspots
2017-09-16,2017,12.1333333333,-69.0333333333,10,-70,129,Robbers,Vessel,CUW,0,Outside of Hotspots
2017-09-02,2017,10.3166666667,-75.5333333333,10,-80,6,Robbers,LPG Tanker,COL,0,Outside of Hotspots
2017-09-01,2017,10.2333333333,-64.7333333333,10,-65,8,Robbers,Tanker,VEN,0,Outside of Hotspots
2017-09-01,2017,12,-61.7666666667,10,-65,8,Robbers,Vessel,High Seas,0,Outside of Hotspots
2017-08-12,2017,10.1,-71.5833333333,10,-75,98,Pirates,Fishing Vessel,VEN,0,Outside of Hotspots
2017-08-07,2017,8.41666666667,-59.8333333333,5,-60,9,Pirates,Fishing Vessel,GUY,0,Outside of Hotspots
2017-06-30,2017,10.2666666667,-64.7,10,-65,8,Robbers,Tanker,VEN,0,Outside of Hotspots
2017-06-24,2017,10.2,-64.7666666667,10,-65,8,Robbers,Tanker,VEN,0,Outside of Hotspots
2017-06-01,2017,13.2666666667,-61.2666666667,10,-65,8,Robbers,Sailing Vessel,VCT,0,Outside of Hotspots
2017-05-24,2017,10.2833333333,-64.7,10,-65,8,Robbers,Cargo Vessel,VEN,0,Outside of Hotspots
2017-05-24,2017,13.2666666667,-61.2666666667,10,-65,8,Robbers,Sailing Vessel,VCT,0,Outside of Hotspots
2017-05-18,2017,10.1833333333,-64.7666666667,10,-65,8,Robbers,Chemical Tanker,VEN,0,Outside of Hotspots
2017-05-07,2017,25.5333333333,57.55,25,55,45,Suspicious Approach,Bulk Carrier,IRN,0,Outside of Hotspots
2017-05-02,2017,10.2333333333,-64.55,10,-65,8,Robbers,Bulk Carrier,High Seas,0,Outside of Hotspots
2017-04-28,2017,6.81666666667,-58.1666666667,5,-60,9,Robbers,Offshore Support Vessel,GUY,0,Outside of Hotspots
2017-04-28,2017,6.81666666667,-58.1666666667,5,-60,9,Robbers,Supply Vessel,GUY,0,Outside of Hotspots
2017-03-28,2017,10.3166666667,-75.5333333333,10,-80,6,Robbers,Tanker,COL,0,Outside of Hotspots
2017-03-15,2017,10.1666666667,-75.6666666667,10,-80,6,Pirates,Sailing Vessel,COL,0,Outside of Hotspots
2017-01-24,2017,10.3166666667,-74.5333333333,10,-75,98,Robbers,Chemical Tanker,High Seas,0,Outside of Hotspots
2017-01-15,2017,10.2,-64.7833333333,10,-65,8,Robbers,LPG Tanker,VEN,0,Outside of Hotspots
2016-11-23,2016,10.1833333333,-64.75,10,-65,8,Robbers,Bulk Carrier,VEN,0,Outside of Hotspots
2016-11-11,2016,10.3166666667,-75.5166666667,10,-80,6,Robbers,LPG Tanker,COL,0,Outside of Hotspots
2016-11-07,2016,6.3,-57.5333333333,5,-60,9,Robbers,Cargo Vessel,High Seas,0,Outside of Hotspots
2016-09-22,2016,10.1666666667,-64.7833333333,10,-65,8,Robbers,Tanker,VEN,0,Outside of Hotspots
2016-08-02,2016,10.8333333333,-61.6333333333,10,-65,8,Robbers,Sailing Vessel,TTO,0,Outside of Hotspots
2016-07-11,2016,9.8,-75.8333333333,5,-80,77,Robbers,Sailing Vessel,COL,0,Outside of Hotspots
2016-06-25,2016,10.3166666667,-75.55,10,-80,6,Robbers,Product Tanker,COL,0,Outside of Hotspots
2016-05-28,2016,5.76666666667,-56.8666666667,5,-60,9,Pirates,Vessel,High Seas,0,Outside of Hotspots
2016-05-12,2016,10.1833333333,-64.7833333333,10,-65,8,Robbers,LPG Tanker,VEN,0,Outside of Hotspots
2016-05-03,2016,10.3,-75.55,10,-80,6,Robbers,Heavy Lift Carrier,COL,0,Outside of Hotspots
2016-02-02,2016,6.81666666667,-58.1833333333,5,-60,9,Robbers,Container Ship,GUY,0,Outside of Hotspots
2016-01-25,2016,10.2666666667,-64.5666666667,10,-65,8,Robbers,Cargo Ship,VEN,0,Outside of Hotspots
2015-11-25,2015,11.2666666667,-74.2,10,-75,98,Robbers,Sailing Yacht,High Seas,0,Outside of Hotspots
2015-11-03,2015,10.6666666667,-61.6666666667,10,-65,8,Robbers,Commercial Tug,TTO,0,Outside of Hotspots
2015-10-20,2015,10.3166666667,-75.5166666667,10,-80,6,Robbers,Product Tanker,COL,0,Outside of Hotspots
2015-09-28,2015,11.0833333333,-61.6666666667,10,-65,8,Robbers,Fishing Vessel,TTO,0,Outside of Hotspots
2015-09-19,2015,10.1666666667,-75.75,10,-80,6,Robbers,Sailing Kacht,COL,0,Outside of Hotspots
2015-08-16,2015,10.2666666667,-64.5833333333,10,-65,8,Robbers,Cargo Ship,VEN,0,Outside of Hotspots
2015-03-31,2015,-12.9833333333,-38.7,-15,-40,131,Robbers,Sailing Yachts,BRA,0,Outside of Hotspots
2015-03-23,2015,10.4,-75.5333333333,10,-80,6,Robbers,Sailing Yacht,COL,0,Outside of Hotspots
2015-03-07,2015,10.8333333333,-68.25,10,-70,129,Robbers,Recreational boats,VEN,0,Outside of Hotspots
2015-02-15,2015,-2.5,-44.3166666667,-5,-45,130,Robbers,Sailing Yacht,High Seas,0,Outside of Hotspots
2015-02-02,2015,-3.75,-38.5833333333,-5,-40,132,Robbers,Sailing Schooner,High Seas,0,Outside of Hotspots
2015-01-09,2015,10.3,-75.55,10,-80,6,Robbers,General Cargo Ship,COL,0,Outside of Hotspots
2014-10-05,2014,6.78333333333,-58.1666666667,5,-60,9,Robbers,Supply Tug,High Seas,0,Outside of Hotspots
2014-07-11,2014,6.08333333333,-54.45,5,-55,118,Pirates,Fishing boat,SUR,0,Outside of Hotspots
2014-07-10,2014,10.6333333333,-61.5666666667,10,-65,8,Pirates,Tanker,TTO,0,Outside of Hotspots
2014-06-25,2014,10.3166666667,-75.5166666667,10,-80,6,Robbers,Tanker,COL,0,Outside of Hotspots
2014-04-12,2014,-1.06666666667,-48.4833333333,-5,-50,10,Robber,Anchored Bulk Carrier,BRA,0,Outside of Hotspots
2013-12-28,2013,10.3,-75.5333333333,10,-80,6,Robbers,Tanker,COL,0,Outside of Hotspots
2013-12-22,2013,-24.1166666667,-46.3166666667,-25,-50,100,Robbers,Container vessel,BRA,0,Outside of Hotspots
2013-11-13,2013,10.8,-61.9833333333,10,-65,8,ROBBERS,YACHT,VEN,0,Outside of Hotspots
2013-10-19,2013,6.8,-58.1666666667,5,-60,9,Robbers,Bulk carrier,High Seas,0,Outside of Hotspots
2013-10-06,2013,12,-61.7,10,-65,8,Unknown,Sailing vessel,GRD,0,Outside of Hotspots
2013-10-03,2013,12.6,-61.4,10,-65,8,Unknown,Sailing vessel,VCT,0,Outside of Hotspots
2013-10-01,2013,5.9,-57.1166666667,5,-60,9,ROBBERS,FISHING VESSELS TARA 1 AND OMI 5,SUR,0,Outside of Hotspots
2013-09-26,2013,11.3,-60.6,10,-65,8,Unknown,Catamaran,High Seas,0,Outside of Hotspots
2013-04-16,2013,10.3666666667,-75.55,10,-80,6,ROBBERS,CARGO SHIP SHAMROCK,COL,0,Outside of Hotspots
2013-03-16,2013,11.1333333333,-74.2666666667,10,-75,98,ROBBERS,BULK CARRIER,COL,0,Outside of Hotspots
2013-02-24,2013,10.3,-75.5166666667,10,-80,6,ROBBERS,TANKER,COL,0,Outside of Hotspots
2013-01-17,2013,8.03333333333,-34.5,5,-35,101,SUSPICIOUS CRAFT,TANKER ALGA,High Seas,0,Outside of Hotspots
2013-01-09,2013,6.80555555556,-58.1733333333,5,-60,9,ROBBERS,LPG TANKER CONISTON,GUY,0,Outside of Hotspots
2012-11-25,2012,10.3066666667,-75.56,10,-80,6,ROBBERS,TANKER,COL,0,Outside of Hotspots
2012-11-16,2012,10.3166666667,-75.5166666667,10,-80,6,ROBBERS,TANKER,COL,0,Outside of Hotspots
2012-01-27,2012,0.0333333333333,-50.9833333333,0,-55,79,PIRATES,BULK CARRIER,BRA,0,Outside of Hotspots
2011-11-08,2011,10.4516666667,-64.655,10,-65,8,PIRATES,CONTAINER SHIP,VEN,0,Outside of Hotspots
2011-10-17,2011,-1.45,-48.5,-5,-50,10,PIRATES,BULK CARRIER,BRA,0,Outside of Hotspots
2011-10-07,2011,-1.45,-48.5,-5,-50,10,PIRATES,BULK CARRIER,BRA,0,Outside of Hotspots
2011-10-04,2011,10.3044444444,-64.5744444444,10,-65,8,PIRATES,CONTAINER SHIP,VEN,0,Outside of Hotspots
2011-08-26,2011,10.1752777778,-64.7675,10,-65,8,PIRATES,BULK CARRIER,VEN,0,Outside of Hotspots
2011-08-04,2011,10.3216666667,-75.5277777778,10,-80,6,PIRATES,CHEMICAL,COL,0,Outside of Hotspots
2011-07-15,2011,10.315,-75.5883333333,10,-80,6,PIRATES,CONTAINER SHIP,COL,0,Outside of Hotspots
2011-06-18,2011,10.2883333333,-64.7183333333,10,-65,8,PIRATES,CARGO SHIP,VEN,0,Outside of Hotspots
2011-06-17,2011,6.82166666667,-58.17,5,-60,9,PIRATES,CONTAINER SHIP,GUY,0,Outside of Hotspots
2011-06-13,2011,10.3083333333,-75.5433333333,10,-80,6,PIRATES,BULK CARRIER,COL,0,Outside of Hotspots
2011-04-21,2011,6.78333333333,-58.0833333333,5,-60,9,PIRATES,FISHING VESSEL,High Seas,0,Outside of Hotspots
2017-10-25,2017,13.85,-61.05,10,-65,8,Robbers,Vessel,High Seas,0,Outside of Hotspots
2017-08-27,2017,12,-61.75,10,-65,8,Robbers,Vessel,High Seas,0,Outside of Hotspots
2017-08-22,2017,14.4666666667,-60.8833333333,10,-65,8,Robbers,Vessel,High Seas,0,Outside of Hotspots
2017-08-18,2017,19.9,-70.95,15,-75,7,Robbers,Vessel,High Seas,0,Outside of Hotspots
2017-08-09,2017,18.0333333333,-63.1,15,-65,99,Robbers,Sailing Vessel,SXM,0,Outside of Hotspots
2017-07-25,2017,12.7166666667,-61.3333333333,10,-65,8,Robbers,Vessel,VCT,0,Outside of Hotspots
2017-07-11,2017,12.1166666667,-61.6666666667,10,-65,8,Robbers,Vessel,High Seas,0,Outside of Hotspots
2017-04-27,2017,13.15,-61.2333333333,10,-65,8,Robbers,Vessel,VCT,0,Outside of Hotspots
2017-04-08,2017,18.15,-65.4333333333,15,-70,78,Robber,Vessel,High Seas,0,Outside of Hotspots
2017-04-05,2017,14.6,-61.0833333333,10,-65,8,Robbers,Sailing Vessel,MTQ,0,Outside of Hotspots
2017-04-02,2017,14.6,-61.0833333333,10,-65,8,Robbers,Sailing Vessel,MTQ,0,Outside of Hotspots
2017-04-01,2017,12.7,-61.3333333333,10,-65,8,Robbers,Sailing Vessel,VCT,0,Outside of Hotspots
2017-03-28,2017,12.7,-61.3333333333,10,-65,8,Robbers,Sailing Vessel,VCT,0,Outside of Hotspots
2017-03-26,2017,12.6333333333,-61.4,10,-65,8,Robbers,Sailing Vessel,VCT,0,Outside of Hotspots
2017-03-25,2017,14.4666666667,-60.8666666667,10,-65,8,Robbers,Sailing Vessel,High Seas,0,Outside of Hotspots
2017-03-18,2017,12.7,61.3333333333,10,60,47,Robbers,Sailing Vessel,High Seas,0,Outside of Hotspots
2017-03-17,2017,14.4333333333,-60.8833333333,10,-65,8,Robbers,Sailing Vessel,High Seas,0,Outside of Hotspots
2017-03-17,2017,14.4333333333,-60.8833333333,10,-65,8,Robbers,Sailing Vessel,High Seas,0,Outside of Hotspots
2017-03-13,2017,18.1166666667,-65.4166666667,15,-70,78,Robbers,Sailing Vessel,High Seas,0,Outside of Hotspots
2017-03-12,2017,13.85,-61.05,10,-65,8,Robbers,Vessel,High Seas,0,Outside of Hotspots
2017-03-02,2017,18.1,-65.45,15,-70,78,Robbers,Sailing Vessel,High Seas,0,Outside of Hotspots
2017-03-01,2017,10.2666666667,-64.7,10,-65,8,Robbers,Product Tanker,VEN,0,Outside of Hotspots
2017-02-17,2017,13.9666666667,-61.0333333333,10,-65,8,Robbers,Sailing Vessel,High Seas,0,Outside of Hotspots
2017-02-16,2017,13.9666666667,-61.0333333333,10,-65,8,Robbers,Sailing Vessel,High Seas,0,Outside of Hotspots
2017-02-13,2017,13.8666666667,-61.0833333333,10,-65,8,Sailing Vessel,Robbers,LCA,0,Outside of Hotspots
2017-02-12,2017,18.45,-69.6333333333,15,-70,78,Robbers,Sailing Vessel,High Seas,0,Outside of Hotspots
2017-02-08,2017,13.9666666667,-61.0333333333,10,-65,8,Robbers,Sailing Vessel,High Seas,0,Outside of Hotspots
2017-01-27,2017,18.1,-65.4833333333,15,-70,78,Robbers,Sailing Vessel,High Seas,0,Outside of Hotspots
2017-01-25,2017,18.45,-69.6166666667,15,-70,78,Robbers,Sailing Vessel,High Seas,0,Outside of Hotspots
2017-01-21,2017,13.1333333333,-61.2,10,-65,8,Robbers,Sailing Vessel,High Seas,0,Outside of Hotspots
2017-01-06,2017,19.9,-70.95,15,-75,7,Robbers,Sailing Vessel,High Seas,0,Outside of Hotspots
2016-11-03,2016,19.9,-70.95,15,-75,7,Robbers,Sailing Vessel,High Seas,0,Outside of Hotspots
2016-10-10,2016,13.2833333333,-61.25,10,-65,8,Pirates,Vessel,High Seas,0,Outside of Hotspots
2016-10-01,2016,14.0833333333,-60.9666666667,10,-65,8,Robbers,Sailing Vessel,LCA,0,Outside of Hotspots
2016-08-17,2016,12.0333333333,-61.75,10,-65,8,Robbers,Sailing Vessel,High Seas,0,Outside of Hotspots
2016-07-30,2016,12.1166666667,-61.6666666667,10,-65,8,Pirates,Sailing Vessel,High Seas,0,Outside of Hotspots
2016-07-01,2016,12,-61.75,10,-65,8,Robbers,Sailing Vessel,High Seas,0,Outside of Hotspots
2016-07-01,2016,14.5333333333,-61.0833333333,10,-65,8,Robbers,Sailing Vessel,High Seas,0,Outside of Hotspots
2016-06-25,2016,19.2,-69.3166666667,15,-70,78,Robbers,Sailing Vessel,High Seas,0,Outside of Hotspots
2016-06-20,2016,18.15,-65.4333333333,15,-70,78,Robbers,Sailing Yacht,High Seas,0,Outside of Hotspots
2016-06-09,2016,12.5833333333,-61.4166666667,10,-65,8,Robbers,Sailing Vessel,VCT,0,Outside of Hotspots
2016-06-02,2016,12.7,-61.3333333333,10,-65,8,Robbers,Sailing yacht,VCT,0,Outside of Hotspots
2016-05-25,2016,12.6333333333,-61.35,10,-65,8,Pirates,Vessel,VCT,0,Outside of Hotspots
2016-03-04,2016,13.2666666667,-61.2666666667,10,-65,8,Gunmen,Yacht,VCT,0,Outside of Hotspots
2016-03-02,2016,13.85,-61.0666666667,10,-65,8,Robbers,Sailing Yacht,High Seas,0,Outside of Hotspots
2016-01-14,2016,17.6833333333,-64.75,15,-65,99,Robbers,Yacht,VIR,0,Outside of Hotspots
2015-12-20,2015,11.1333333333,-61.5166666667,10,-65,8,Robbers,Sailing Yacht,TTO,0,Outside of Hotspots
2015-12-09,2015,18.0666666667,-63.1,15,-65,99,Robbers,Sailing Yachts,High Seas,0,Outside of Hotspots
2015-03-30,2015,15.55,-61.4833333333,15,-65,99,Robbers,Sailing Yacht,DMA,0,Outside of Hotspots
2015-03-06,2015,12.7166666667,-61.3166666667,10,-65,8,Robbers,Sailing Vessel,VCT,0,Outside of Hotspots
2014-12-08,2014,13.85,-61.05,10,-65,8,Robbers,Sailing yachts,High Seas,0,Outside of Hotspots
2014-12-07,2014,18.45,-69.6166666667,15,-70,78,Armed boarders,Sailing yachts,High Seas,0,Outside of Hotspots
2014-10-24,2014,10.2666666667,-64.5833333333,10,-65,8,Robbers,Bulk Carrier,VEN,0,Outside of Hotspots
2014-05-03,2014,15.3,-61.3833333333,15,-65,99,Robbers,Sailing Yacht,DMA,0,Outside of Hotspots
2014-02-10,2014,18.0833333333,-63.1166666667,15,-65,99,Boarders,Yachts,MAF,0,Outside of Hotspots
2014-02-09,2014,18.4333333333,-64.5666666667,15,-65,99,Boarders,Yacht,High Seas,0,Outside of Hotspots
2014-01-17,2014,13.7166666667,-60.95,10,-65,8,Robbers,Yacht,LCA,0,Outside of Hotspots
2013-12-31,2013,18.0333333333,-63.1,15,-65,99,Robbers,Yachts,SXM,0,Outside of Hotspots
2013-11-10,2013,16.2166666667,-61.3666666667,15,-65,99,ROBBERS,YACHT,GLP,0,Outside of Hotspots
2012-11-20,2012,18.4333333333,-69.3,15,-70,78,ROBBERS,TANKER,High Seas,0,Outside of Hotspots
2017-09-26,2017,18.5666666667,-72.4,15,-75,7,Robbers,Tanker,HTI,0,Outside of Hotspots
2017-08-21,2017,9.55,-79.65,5,-80,77,Robbers,Sailing Vessel,High Seas,0,Outside of Hotspots
2017-01-28,2017,9.56666666667,-78.8166666667,5,-80,77,Robbers,Vessel,PAN,0,Outside of Hotspots
2016-11-27,2016,18.5666666667,-72.4,15,-75,7,Robbers,Tanker,HTI,0,Outside of Hotspots
2016-11-01,2016,18.5666666667,-72.35,15,-75,7,Robbers,Bulk Carrier,HTI,0,Outside of Hotspots
2016-09-02,2016,18.5833333333,-72.3333333333,15,-75,7,Robbers,Bulk Carrier,High Seas,0,Outside of Hotspots
2016-07-17,2016,18.5666666667,-72.3833333333,15,-75,7,Robbers,Product Tanker,HTI,0,Outside of Hotspots
2015-11-18,2015,18.55,-72.3833333333,15,-75,7,Robbers,Cargo Ship,HTI,0,Outside of Hotspots
2015-06-08,2015,9.81666666667,-79.5166666667,5,-80,77,Pirates,Cargo vessel,PAN,0,Outside of Hotspots
2015-05-01,2015,26.6833333333,-78.9833333333,25,-80,128,Robbers,Sailing Yacht,BHS,0,Outside of Hotspots
2015-04-16,2015,19.6,-72.9833333333,15,-75,7,Pirates,Sailing Vessel,High Seas,0,Outside of Hotspots
2013-10-20,2013,18.4,-70.0166666667,15,-75,7,Robbers,LPG tanker,DOM,0,Outside of Hotspots
2013-08-31,2013,9.63333333333,79.5666666667,5,75,59,Unknown boarder,Catamaran,LKA,0,Outside of Hotspots
2012-09-21,2012,18.15,-72.0166666667,15,-75,7,PIRATES,CARGO SHIP,HTI,0,Outside of Hotspots
2012-03-24,2012,18.5333333333,-72.3833333333,15,-75,7,PIRATES,TANKER,High Seas,0,Outside of Hotspots
2011-07-10,2011,18.5333333333,-72.3833333333,15,-75,7,PIRATES,CONTAINER SHIP,High Seas,0,Outside of Hotspots
2017-05-12,2017,19.3,-81.35,15,-85,97,Robbers,Vessel,CYM,0,Outside of Hotspots
2016-05-27,2016,21.75,-82.85,20,-85,145,Roobbers,Sailing Vessel,High Seas,0,Outside of Hotspots
2013-11-26,2013,19.3333333333,-81.35,15,-85,97,ROBBERS,YACHT,CYM,0,Outside of Hotspots
2017-08-29,2017,9.5,-82.3833333333,5,-85,2,Robbers,Vessel,PAN,0,Outside of Hotspots
2017-04-10,2017,15.85,-88.5333333333,15,-90,127,Robbers,Vessel,GTM,0,Outside of Hotspots
2017-04-06,2017,16.4666666667,-85.8333333333,15,-90,127,Pirates,Vessel,HND,0,Outside of Hotspots
2017-03-18,2017,15.9166666667,-88.7166666667,15,-90,127,Robbers,Sailing Vessel,GTM,0,Outside of Hotspots
2017-02-21,2017,16.0833333333,-86.9333333333,15,-90,127,Robbers,Sailing Vessel,High Seas,0,Outside of Hotspots
2017-01-19,2017,15.9166666667,-82.7333333333,15,-85,97,Robbers,Vessel,HND,0,Outside of Hotspots
2017-01-19,2017,15.4166666667,-83.4166666667,15,-85,97,Robbers,Sailing Vessel,HND,0,Outside of Hotspots
2017-01-13,2017,16.45,-86.5333333333,15,-90,127,Robbers,Sailing Vessel,HND,0,Outside of Hotspots
2016-12-20,2016,13.9833333333,-83.1333333333,10,-85,116,Pirates,Sailing Vessel,NIC,0,Outside of Hotspots
2016-11-26,2016,18.45,-93.2,15,-95,143,Robbers,Offshore Supply Vessel,MEX,0,Outside of Hotspots
2016-05-25,2016,15.8166666667,-88.75,15,-90,127,Robbers,Sailing Vessel,High Seas,0,Outside of Hotspots
2016-01-27,2016,14.5,-81.9166666667,10,-85,116,Pirates,Yacht,NIC,0,Outside of Hotspots
2016-01-13,2016,17.25,-88.0833333333,15,-90,127,Robbers,Sailing Yacht,BLZ,0,Outside of Hotspots
2015-06-25,2015,16.1,-86.9166666667,15,-90,127,Robbers,Sailing Vessel,High Seas,0,Outside of Hotspots
2015-03-15,2015,15.8333333333,-87.4,15,-90,127,Pirates,Sailboat,HND,0,Outside of Hotspots
2015-02-01,2015,16.05,-88.1333333333,15,-90,127,Robbers,Sail Boat,BLZ,0,Outside of Hotspots
2014-12-12,2014,14.1833333333,-82.2666666667,10,-85,116,Suspicious approach,Sailing yacht,NIC,0,Outside of Hotspots
2012-05-17,2012,9.96666666667,-83,5,-85,2,PIRATES,CONTAINER SHIP,CRI,0,Outside of Hotspots
2011-05-02,2011,9.97666666667,-83.0166666667,5,-85,2,PIRATES,RORO SHIP,CRI,0,Outside of Hotspots
2011-01-15,2011,9.98,-83.01,5,-85,2,PIRATES,CARGO SHIP,CRI,0,Outside of Hotspots
2017-11-30,2017,14.9,-23.5,10,-25,158,Robbers,Sailing Vessel,CPV,0,Outside of Hotspots
2017-11-13,2017,38.7333333333,-27.0666666667,35,-30,157,Robbers,Sailing Vessel,High Seas,0,Outside of Hotspots
2017-09-15,2017,9.4,-13.75,5,-15,11,Pirates,Vessel,GIN,0,Outside of Hotspots
2017-09-08,2017,9.35,-13.7333333333,5,-15,11,Robbers,Bulk Carrier,GIN,0,Outside of Hotspots
2017-08-03,2017,16.8,-16.85,15,-20,159,Suspicious Approach,Vessel,MRT,0,Outside of Hotspots
2017-07-22,2017,15.5316666667,-18.1666666667,15,-20,159,Pirates,Bulk Carrier,SEN,0,Outside of Hotspots
2017-07-21,2017,6.35,-10.8666666667,5,-15,11,Robber,Tanker,LBR,0,Outside of Hotspots
2017-05-26,2017,8.43333333333,-13.4666666667,5,-15,11,Robbers,Container Vessel,SLE,0,Outside of Hotspots
2017-01-30,2017,8.45,-13.4333333333,5,-15,11,Robbers,Container Vessel,SLE,0,Outside of Hotspots
2017-01-30,2017,8.45,-13.4333333333,5,-15,11,Robbers,Container Vesel,SLE,0,Outside of Hotspots
2017-01-25,2017,8.45,-13.35,5,-15,11,Robbers,Bulk Carrier,SLE,0,Outside of Hotspots
2016-11-15,2016,27.1166666667,-13.9666666667,25,-15,146,Suspicious Approach,Sailing Vessel,ESH,0,Outside of Hotspots
2016-09-23,2016,33.6,-7.61666666667,30,-10,103,Robbers,Bulk Carrier,High Seas,0,Outside of Hotspots
2016-09-21,2016,9.3,-13.75,5,-15,11,Robbers,Container Ship,GIN,0,Outside of Hotspots
2016-08-24,2016,9.41666666667,-13.7166666667,5,-15,11,Robbers,Bulk Carrier,GIN,0,Outside of Hotspots
2016-07-03,2016,9.4,-13.7,5,-15,11,Robbers,Cargo Vessel,GIN,0,Outside of Hotspots
2015-10-24,2015,6.33333333333,-10.85,5,-15,11,Robbers,Bulk Carrier,LBR,0,Outside of Hotspots
2015-05-15,2015,9.41666666667,-13.7333333333,5,-15,11,Robbers,Bulk Carrier,GIN,0,Outside of Hotspots
2015-04-24,2015,9.41666666667,-13.7166666667,5,-15,11,Robbers,Bulk Carrier,GIN,0,Outside of Hotspots
2015-04-01,2015,9.5,-13.7,5,-15,11,Robbers,Anchored Ship,GIN,0,Outside of Hotspots
2015-04-01,2015,9.25,-13.7166666667,5,-15,11,Robbers,Container Ship,GIN,0,Outside of Hotspots
2014-05-05,2014,8.48333333333,-13.2166666667,5,-15,11,Robbers,Bulk Carrier,High Seas,0,Outside of Hotspots
2014-01-08,2014,6.33333333333,-10.8,5,-15,11,Robbers,Cargo ship,High Seas,0,Outside of Hotspots
2013-12-19,2013,32.3,-9.23333333333,30,-10,103,Robbers,Bulk carrier,High Seas,0,Outside of Hotspots
2013-11-19,2013,8.5,-13.1833333333,5,-15,11,ROBBERS,CHEMICAL TANKER,SLE,0,Outside of Hotspots
2013-06-19,2013,9.23333333333,-13.95,5,-15,11,PIRATES,CARGO SHIP LANGENES,GIN,0,Outside of Hotspots
2013-04-26,2013,3.76666666667,5.13333333333,0,5,15,PIRATES,CONTAINER SHIP,NGA,hotspot_gulf_of_guinea,Gulf of Guinea
2013-04-24,2013,3.855,5.675,0,5,15,PIRATES,VESSEL,NGA,hotspot_gulf_of_guinea,Gulf of Guinea
2013-04-11,2013,8.5,-13.1833333333,5,-15,11,ROBBERS,CARGO SHIP RMS BAERL,SLE,0,Outside of Hotspots
2013-01-31,2013,20.8833333333,-16.9833333333,20,-20,102,ROBBERS,CARGO SHIP,MRT,0,Outside of Hotspots
2012-10-16,2012,9.4,-13.75,5,-15,11,ROBBERS,CARGO SHIP,GIN,0,Outside of Hotspots
2012-08-21,2012,8.83333333333,-13.9666666667,5,-15,11,PIRATES,CARGO VESSEL,GIN,0,Outside of Hotspots
2012-08-21,2012,9.265,-13.9716666667,5,-15,11,PIRATES,CARGO VESSEL,GIN,0,Outside of Hotspots
2012-08-10,2012,8.5,-13.5333333333,5,-15,11,PIRATES,BULK CARRIER,SLE,0,Outside of Hotspots
2012-07-15,2012,9.21666666667,-13.7833333333,5,-15,11,PIRATES,CONTAINER SHIP OLIVIA,GIN,0,Outside of Hotspots
2011-11-03,2011,8.501,-13.2303333333,5,-15,11,PIRATES,CARGO SHIP,SLE,0,Outside of Hotspots
2011-09-29,2011,9.4,-13.7166666667,5,-15,11,PIRATES,CARGO SHIP,GIN,0,Outside of Hotspots
2011-07-22,2011,9.50916666667,-13.7122222222,5,-15,11,PIRATES,VEHICLE CARRIER,GIN,0,Outside of Hotspots
2011-07-09,2011,9.1,-14.105,5,-15,11,PIRATES,BULK CARRIER,GIN,0,Outside of Hotspots
2011-05-23,2011,9.42388888889,-13.74,5,-15,11,PIRATES,CARGO SHIP,GIN,0,Outside of Hotspots
2011-01-23,2011,9.51666666667,-14.1,5,-15,11,PIRATES,CONTAINER SHIP,GIN,0,Outside of Hotspots
2012-05-29,2012,36.7666666667,3.06666666667,35,0,81,PIRATES,BULK CARRIER,DZA,0,Outside of Hotspots
2017-08-29,2017,36.0333333333,13.2333333333,35,10,160,Pirates,Tanker,ITA,0,Outside of Hotspots
2013-09-23,2013,36.7,15.1,35,15,106,Robbers,Sailing vessel,High Seas,0,Outside of Hotspots
2013-04-01,2013,34.8333333333,14.6666666667,30,10,105,SUSPICIOUS CRAFT,BULK CARRIER CONDOR,MLT,0,Outside of Hotspots
2015-06-12,2015,36.75,27.8833333333,35,25,133,Robbers,Sailing Yacht,High Seas,0,Outside of Hotspots
2017-09-24,2017,32.9166666667,23.45,30,20,107,Pirates,Bulk Carrier,LBY,0,Outside of Hotspots
2017-02-24,2017,32.95,12.0833333333,30,10,105,Pirates,Tanker,LBY,0,Outside of Hotspots
2016-08-17,2016,33.1666666667,12.4333333333,30,10,105,Pirates,Vessel,LBY,0,Outside of Hotspots
2016-08-17,2016,32.7666666667,15.1833333333,30,15,148,Pirates,Supply Vessel,LBY,0,Outside of Hotspots
2015-11-07,2015,31.2,29.7333333333,30,25,18,Robbers,Container Ship,EGY,0,Outside of Hotspots
2014-01-24,2014,32.0666666667,24,30,20,107,Gunmen,Tankers,LBY,0,Outside of Hotspots
2013-07-31,2013,31.1666666667,29.85,30,25,18,robber,container ship MARY SCHULTE,EGY,0,Outside of Hotspots
2013-07-31,2013,31.1666666667,29.85,30,25,18,ROBBERS,MERCHANT VESSEL,EGY,0,Outside of Hotspots
2013-07-19,2013,32.1166666667,20.05,30,20,107,PIRATES,RO-RO VESSEL,LBY,0,Outside of Hotspots
2013-05-27,2013,31.2,29.7666666667,30,25,18,ROBBERS,BULK CARRIER GLOBAL F,EGY,0,Outside of Hotspots
2013-05-23,2013,31.2,29.7,30,25,18,ROBBERS,TANKER B ELEPHANT,EGY,0,Outside of Hotspots
2013-05-18,2013,31.2166666667,29.75,30,25,18,ROBBERS,CHEMICAL TANKER GANDHI,EGY,0,Outside of Hotspots
2013-03-28,2013,31.2333333333,32.3,30,30,20,ROBBERS,SUPPLY SHIP NOR CHIEF,High Seas,0,Outside of Hotspots
2013-03-26,2013,31.2333333333,32.3,30,30,20,ROBBERS,CONTAINER SHIP,High Seas,0,Outside of Hotspots
2013-01-28,2013,31.25,32.3,30,30,20,SUSPICIOUS CRAFT,PASSENGER VESSEL,EGY,0,Outside of Hotspots
2012-09-15,2012,31.1833333333,29.7666666667,30,25,18,PIRATES,BULK CARRIER,EGY,0,Outside of Hotspots
2012-07-21,2012,31.15,29.8,30,25,18,PIRATES,BULK CARRIER,EGY,0,Outside of Hotspots
2012-06-10,2012,31.2166666667,29.7,30,25,18,PIRATES,BULK CARRIER,EGY,0,Outside of Hotspots
2012-05-25,2012,31.2,29.75,30,25,18,PIRATES,BULK CARRIER,EGY,0,Outside of Hotspots
2012-04-30,2012,31.2,29.75,30,25,18,PIRATES,BULK CARRIER,EGY,0,Outside of Hotspots
2011-12-06,2011,31.1833333333,29.8666666667,30,25,18,PIRATES,BULK CARRIER,EGY,0,Outside of Hotspots
2011-06-12,2011,30.705,32.3441666667,30,30,20,PIRATES,CONTAINER SHIP,EGY,0,Outside of Hotspots
2017-12-24,2017,3.78333333333,6.83333333333,0,5,15,Pirates,Vessel,NGA,hotspot_gulf_of_guinea,Gulf of Guinea
2017-12-24,2017,6.28333333333,3.21666666667,5,0,14,Robbers,Tanker,NGA,hotspot_gulf_of_guinea,Gulf of Guinea
2017-12-21,2017,6.15,4.66666666667,5,0,14,Pirates,Fishing Vessel,NGA,hotspot_gulf_of_guinea,Gulf of Guinea
2017-12-17,2017,6.28333333333,3.35,5,0,14,Robbers,Vessel,NGA,hotspot_gulf_of_guinea,Gulf of Guinea
2017-12-14,2017,3.76666666667,6.28333333333,0,5,15,Pirates,Bulk Carrier,NGA,hotspot_gulf_of_guinea,Gulf of Guinea
2017-12-14,2017,3.96666666667,6.2,0,5,15,Pirates,Vessel,NGA,hotspot_gulf_of_guinea,Gulf of Guinea
2017-12-10,2017,6.31666666667,3.28333333333,5,0,14,Robbers,Tanker,NGA,hotspot_gulf_of_guinea,Gulf of Guinea
2017-12-08,2017,4.18333333333,7,0,5,15,Pirates,Vessel,NGA,hotspot_gulf_of_guinea,Gulf of Guinea
2017-12-07,2017,3.51666666667,7.11666666667,0,5,15,Pirates,Vessel,NGA,hotspot_gulf_of_guinea,Gulf of Guinea
2017-12-02,2017,4.9,-1.7,0,-5,12,Robbers,Vessel,GHA,hotspot_gulf_of_guinea,Gulf of Guinea
2017-12-01,2017,3.4,6.83333333333,0,5,15,Pirates,Vessel,NGA,hotspot_gulf_of_guinea,Gulf of Guinea
2017-12-01,2017,3.46666666667,6.83333333333,0,5,15,Pirates,Vessel,NGA,hotspot_gulf_of_guinea,Gulf of Guinea
2017-11-28,2017,6.03333333333,1.3,5,0,14,Suspicious Approach,Vessel,TGO,hotspot_gulf_of_guinea,Gulf of Guinea
2017-11-22,2017,3.06666666667,6.98333333333,0,5,15,Pirates,Vessel,NGA,hotspot_gulf_of_guinea,Gulf of Guinea
2017-11-22,2017,3.28333333333,6.86666666667,0,5,15,Suspicious Approach,Vessel,NGA,hotspot_gulf_of_guinea,Gulf of Guinea
2017-11-22,2017,3.3,6.88333333333,0,5,15,Suspicous Approach,Vessel,NGA,hotspot_gulf_of_guinea,Gulf of Guinea
2017-11-21,2017,6.3,3.16666666667,5,0,14,Suspicious Approach,Vessel,NGA,hotspot_gulf_of_guinea,Gulf of Guinea
2017-11-21,2017,5.21666666667,4.05,5,0,14,Suspicious Approach,Vessel,NGA,hotspot_gulf_of_guinea,Gulf of Guinea
2017-11-16,2017,4.11666666667,6.95,0,5,15,Pirates,Bulk Carrier,NGA,hotspot_gulf_of_guinea,Gulf of Guinea
2017-11-16,2017,3.51666666667,6.76666666667,0,5,15,Suspicious Approach,Tanker,NGA,hotspot_gulf_of_guinea,Gulf of Guinea
2017-11-16,2017,3.5,6.75,0,5,15,Suspicious Approach,Tanker,NGA,hotspot_gulf_of_guinea,Gulf of Guinea
2017-11-16,2017,3.5,6.76666666667,0,5,15,Pirates,Tanker,NGA,hotspot_gulf_of_guinea,Gulf of Guinea
2017-11-16,2017,4.11666666667,6.95,0,5,15,Pirates,Vessel,NGA,hotspot_gulf_of_guinea,Gulf of Guinea
2017-11-11,2017,4.11666666667,6.98333333333,0,5,15,Pirates,Vessel,NGA,hotspot_gulf_of_guinea,Gulf of Guinea
2017-11-10,2017,4.25,5.6,0,5,15,Robbers,Vessel,NGA,hotspot_gulf_of_guinea,Gulf of Guinea
2017-11-03,2017,5.98333333333,1.23333333333,5,0,14,Pirates,Vessel,GHA,hotspot_gulf_of_guinea,Gulf of Guinea
2017-11-01,2017,4.05,7.05,0,5,15,Pirates,Vessel,NGA,hotspot_gulf_of_guinea,Gulf of Guinea
2017-11-01,2017,4.08333333333,7.06666666667,0,5,15,Pirates,Tanker,NGA,hotspot_gulf_of_guinea,Gulf of Guinea
2017-10-27,2017,0.683333333333,6.05,0,5,15,Suspicious Approach,Tanker,STP,hotspot_gulf_of_guinea,Gulf of Guinea
2017-10-25,2017,3.53333333333,6.78333333333,0,5,15,Pirates,Tanker,NGA,hotspot_gulf_of_guinea,Gulf of Guinea
2017-10-25,2017,3.6,6.81666666667,0,5,15,Pirates,Vessel,NGA,hotspot_gulf_of_guinea,Gulf of Guinea
2017-10-21,2017,3.86666666667,7.11666666667,0,5,15,Pirates,Vessel,NGA,hotspot_gulf_of_guinea,Gulf of Guinea
2017-10-21,2017,3.78333333333,7.15,0,5,15,Pirates,Container Vessel,NGA,hotspot_gulf_of_guinea,Gulf of Guinea
2017-10-20,2017,3.58333333333,7,0,5,15,Pirates,Vessel,NGA,hotspot_gulf_of_guinea,Gulf of Guinea
2017-10-20,2017,3.91666666667,6.65,0,5,15,Pirates,Vessel,NGA,hotspot_gulf_of_guinea,Gulf of Guinea
2017-10-02,2017,3.91666666667,6.6,0,5,15,Pirates,Vessel,NGA,hotspot_gulf_of_guinea,Gulf of Guinea
2017-10-02,2017,4.28333333333,7.06666666667,0,5,15,Pirates,Vessel,NGA,hotspot_gulf_of_guinea,Gulf of Guinea
2017-09-26,2017,3.81666666667,6.6,0,5,15,Pirates,Tanker,NGA,hotspot_gulf_of_guinea,Gulf of Guinea
2017-09-20,2017,6.31666666667,3.36666666667,5,0,14,Robbers,Tanker,NGA,hotspot_gulf_of_guinea,Gulf of Guinea
2017-09-18,2017,4.78333333333,8.3,0,5,15,Pirates,Vessel,NGA,hotspot_gulf_of_guinea,Gulf of Guinea
2017-09-14,2017,4.26666666667,7.03333333333,0,5,15,Suspicious Approach,Vessel,NGA,hotspot_gulf_of_guinea,Gulf of Guinea
2017-08-28,2017,4.21666666667,6.13333333333,0,5,15,Pirates,Vessel,NGA,hotspot_gulf_of_guinea,Gulf of Guinea
2017-08-19,2017,5.75,4.8,5,0,14,Suspicious Approach,Vessel,NGA,hotspot_gulf_of_guinea,Gulf of Guinea
2017-08-19,2017,4.3,6.38333333333,0,5,15,Suspicious Approach,Vessel,NGA,hotspot_gulf_of_guinea,Gulf of Guinea
2017-08-19,2017,6.33333333333,3.3,5,0,14,Robbers,Tanker,NGA,hotspot_gulf_of_guinea,Gulf of Guinea
2017-08-07,2017,6.45,3.36666666667,5,0,14,Robbers,Tanker,High Seas,hotspot_gulf_of_guinea,Gulf of Guinea
2017-08-04,2017,4.9,-1.65,0,-5,12,Robbers,Tanker,GHA,hotspot_gulf_of_guinea,Gulf of Guinea
2017-07-31,2017,4.13333333333,7,0,5,15,Pirates,Tanker,NGA,hotspot_gulf_of_guinea,Gulf of Guinea
2017-07-30,2017,4.16666666667,6.98333333333,0,5,15,Pirates,Vessel,NGA,hotspot_gulf_of_guinea,Gulf of Guinea
2017-07-13,2017,4.11666666667,7,0,5,15,Vessel,Pirates,NGA,hotspot_gulf_of_guinea,Gulf of Guinea
2017-05-17,2017,3.98333333333,6.76666666667,0,5,15,Pirates,Cargo Vessel,NGA,hotspot_gulf_of_guinea,Gulf of Guinea
2017-05-16,2017,5.75,5.05,5,5,119,Pirates,Vessel,NGA,hotspot_gulf_of_guinea,Gulf of Guinea
2017-05-12,2017,3.96666666667,7.55,0,5,15,Suspicious Approach,Tanker,NGA,hotspot_gulf_of_guinea,Gulf of Guinea
2017-05-06,2017,5.16666666667,-4.06666666667,5,-5,80,Suspicious Approach,Container Vessel,CIV,hotspot_gulf_of_guinea,Gulf of Guinea
2017-04-29,2017,3.25,7,0,5,15,Mothership Activity,Vessel,NGA,hotspot_gulf_of_guinea,Gulf of Guinea
2017-04-29,2017,3.68333333333,6.76666666667,0,5,15,Pirates,Vessel,NGA,hotspot_gulf_of_guinea,Gulf of Guinea
2017-04-29,2017,3.85,6.76666666667,0,5,15,Pirates,Vessel,NGA,hotspot_gulf_of_guinea,Gulf of Guinea
2017-04-29,2017,3.55,6.7,0,5,15,Pirates,Vessel,NGA,hotspot_gulf_of_guinea,Gulf of Guinea
2017-04-28,2017,3.81666666667,7.06666666667,0,5,15,Pirates,Vessel,NGA,hotspot_gulf_of_guinea,Gulf of Guinea
2017-04-19,2017,3.41666666667,5.76666666667,0,5,15,Pirates,Tanker,NGA,hotspot_gulf_of_guinea,Gulf of Guinea
2017-04-19,2017,4.1,6.25,0,5,15,Pirates,Tug,NGA,hotspot_gulf_of_guinea,Gulf of Guinea
2017-04-19,2017,3.41666666667,5.6,0,5,15,Pirates,Tanker,NGA,hotspot_gulf_of_guinea,Gulf of Guinea
2017-04-07,2017,-5.86666666667,13.0333333333,-10,10,16,Robbers,Bulk Carrier,AGO,0,Outside of Hotspots
2017-03-30,2017,4.01666666667,6.8,0,5,15,Pirates,Bulk Carrier,NGA,hotspot_gulf_of_guinea,Gulf of Guinea
2017-03-29,2017,4.08333333333,4.7,0,0,13,Pirates,Tanker,NGA,hotspot_gulf_of_guinea,Gulf of Guinea
2017-03-29,2017,4,4.66666666667,0,0,13,Pirates,Product Tanker,NGA,hotspot_gulf_of_guinea,Gulf of Guinea
2017-03-29,2017,4.16666666667,4.61666666667,0,0,13,Pirates,Vessel,NGA,hotspot_gulf_of_guinea,Gulf of Guinea
2017-03-10,2017,3.05,6.95,0,5,15,Pirates,Vessel,NGA,hotspot_gulf_of_guinea,Gulf of Guinea
2017-03-10,2017,3.05,6.95,0,5,15,Pirates,LNG Tanker,NGA,hotspot_gulf_of_guinea,Gulf of Guinea
2017-03-08,2017,3.26666666667,4.51666666667,0,0,13,Pirates,Vessel,NGA,hotspot_gulf_of_guinea,Gulf of Guinea
2017-03-08,2017,3.33333333333,4.48333333333,0,0,13,Pirates,Bulk Carrier,NGA,hotspot_gulf_of_guinea,Gulf of Guinea
2017-03-08,2017,3.33333333333,4.48166666667,0,0,13,Pirates,Bulk Carrier,NGA,hotspot_gulf_of_guinea,Gulf of Guinea
2017-03-07,2017,4.68333333333,7.15,0,5,15,Pirates,Vessel,High Seas,hotspot_gulf_of_guinea,Gulf of Guinea
2017-02-19,2017,5.2,4.8,5,0,14,Pirates,Tanker,NGA,hotspot_gulf_of_guinea,Gulf of Guinea
2017-02-09,2017,-4.75,11.8166666667,-5,10,17,Robbers,Offshore Supply Vessel,COG,hotspot_gulf_of_guinea,Gulf of Guinea
2017-02-07,2017,3.51666666667,7.06666666667,0,5,15,Pirates,Vessel,NGA,hotspot_gulf_of_guinea,Gulf of Guinea
2017-02-07,2017,4.05,7.23333333333,0,5,15,Pirates,LPG Tanker,NGA,hotspot_gulf_of_guinea,Gulf of Guinea
2017-02-05,2017,3.98333333333,5.48333333333,0,5,15,Pirates,Vessel,NGA,hotspot_gulf_of_guinea,Gulf of Guinea
2016-12-15,2016,4.35,8.43333333333,0,5,15,Robbers,Tanker,CMR,hotspot_gulf_of_guinea,Gulf of Guinea
2016-12-13,2016,3.75,6.16666666667,0,5,15,Robbers,Offshore Supply Vessel,NGA,hotspot_gulf_of_guinea,Gulf of Guinea
2016-12-12,2016,6.3,3.35,5,0,14,Robbers,Product Tanker,NGA,hotspot_gulf_of_guinea,Gulf of Guinea
2016-12-10,2016,3.73333333333,6.25,0,5,15,Pirates,Tanker,NGA,hotspot_gulf_of_guinea,Gulf of Guinea
2016-12-01,2016,-8.73333333333,13.2833333333,-10,10,16,Robbers,Product Tanker,AGO,0,Outside of Hotspots
2016-11-29,2016,4.01666666667,7.05,0,5,15,Suspicious Approach,Cargo Vessel,NGA,hotspot_gulf_of_guinea,Gulf of Guinea
2016-11-29,2016,4.61666666667,3.66666666667,0,0,13,Pirates,Vessel,NGA,hotspot_gulf_of_guinea,Gulf of Guinea
2016-11-27,2016,5.06666666667,2.61666666667,5,0,14,Pirates,Cargo Vessel,BEN,hotspot_gulf_of_guinea,Gulf of Guinea
2016-11-24,2016,-4.73333333333,11.7833333333,-5,10,17,Pirates,Vessel,COG,hotspot_gulf_of_guinea,Gulf of Guinea
2016-11-23,2016,3.58333333333,5.23333333333,0,5,15,Pirates,Tanker,NGA,hotspot_gulf_of_guinea,Gulf of Guinea
2016-11-20,2016,6.31666666667,3.3,5,0,14,Pirates,Vessel,NGA,hotspot_gulf_of_guinea,Gulf of Guinea
2016-11-05,2016,6.33333333333,3.38333333333,5,0,14,Pirates,Bulk Carrier,NGA,hotspot_gulf_of_guinea,Gulf of Guinea
2016-11-03,2016,4.86666666667,-1.65,0,-5,12,Robbres,LPG Tanker,GHA,hotspot_gulf_of_guinea,Gulf of Guinea
2016-10-25,2016,6.25,3.35,5,0,14,Suspicious Approach,Product Tanker,NGA,hotspot_gulf_of_guinea,Gulf of Guinea
2016-10-17,2016,5.35,5.2,5,5,119,Pirates,Tanker,NGA,hotspot_gulf_of_guinea,Gulf of Guinea
2016-10-07,2016,4.43333333333,7.35,0,5,15,Robbers,Vessel,NGA,hotspot_gulf_of_guinea,Gulf of Guinea
2016-09-16,2016,3.86666666667,5.33333333333,0,5,15,Pirates,Chemical Tanker,NGA,hotspot_gulf_of_guinea,Gulf of Guinea
2016-09-16,2016,3.46666666667,-5.98333333333,0,-10,147,Robbers,Tanker,CIV,0,Outside of Hotspots
2016-09-12,2016,-4.75,11.8333333333,-5,10,17,Robbers,Offshore Supply Vessel,COG,hotspot_gulf_of_guinea,Gulf of Guinea
2016-08-19,2016,4.56666666667,7.98333333333,0,5,15,Pirates,Fishing Vessel,High Seas,hotspot_gulf_of_guinea,Gulf of Guinea
2016-08-18,2016,4.56666666667,7.98333333333,0,5,15,Pirates,Fishing Vessel,High Seas,hotspot_gulf_of_guinea,Gulf of Guinea
2016-08-17,2016,3.9,7.15,0,5,15,Pirates,Cargo Vessel,NGA,hotspot_gulf_of_guinea,Gulf of Guinea
2016-08-13,2016,6.43333333333,3.36666666667,5,0,14,Robbers,Product Tanker,NGA,hotspot_gulf_of_guinea,Gulf of Guinea
2016-08-07,2016,-4.75,11.7666666667,-5,10,17,Robbers,Bulk Carrier,COG,hotspot_gulf_of_guinea,Gulf of Guinea
2016-08-05,2016,6.43333333333,3.41666666667,5,0,14,Robbers,Product Tanker,High Seas,hotspot_gulf_of_guinea,Gulf of Guinea
2016-07-28,2016,4.9,1.68333333333,0,0,13,Pirates,Vessel,TGO,hotspot_gulf_of_guinea,Gulf of Guinea
2016-07-26,2016,4.95,-1.7,0,-5,12,Robbers,Tug,GHA,hotspot_gulf_of_guinea,Gulf of Guinea
2016-07-24,2016,6.43333333333,3.33333333333,5,0,14,Robbers,Tanker,High Seas,hotspot_gulf_of_guinea,Gulf of Guinea
2016-07-17,2016,-4.78333333333,11.7983333333,-5,10,17,Pirates,Barge,COG,hotspot_gulf_of_guinea,Gulf of Guinea
2016-07-16,2016,1,6,0,5,15,Pirates,Vessel,STP,hotspot_gulf_of_guinea,Gulf of Guinea
2016-07-16,2016,-4.75,11.8166666667,-5,10,17,Robbers,Barge,COG,hotspot_gulf_of_guinea,Gulf of Guinea
2016-07-08,2016,6.41666666667,3.36666666667,5,0,14,Robbers,Product Tanker,NGA,hotspot_gulf_of_guinea,Gulf of Guinea
2016-07-07,2016,3.25,5.16666666667,0,5,15,Pirates,Supply Ship,NGA,hotspot_gulf_of_guinea,Gulf of Guinea
2016-07-07,2016,3.26666666667,5.15,0,5,15,Pirates,Tanker,NGA,hotspot_gulf_of_guinea,Gulf of Guinea
2016-07-07,2016,3.25,5.16666666667,0,5,15,Pirates,Offshore Supply Vessel,NGA,hotspot_gulf_of_guinea,Gulf of Guinea
2016-07-07,2016,3.08333333333,4.88333333333,0,0,13,Pirates,Offshore Supply Vessel,NGA,hotspot_gulf_of_guinea,Gulf of Guinea
2016-07-07,2016,3.3,5.18333333333,0,5,15,Pirates,Vessel,NGA,hotspot_gulf_of_guinea,Gulf of Guinea
2016-07-04,2016,-4.75,11.8166666667,-5,10,17,Robbers,Barge,COG,hotspot_gulf_of_guinea,Gulf of Guinea
2016-06-13,2016,-8.75,13.3,-10,10,16,Robbers,Tanker,AGO,0,Outside of Hotspots
2016-06-06,2016,5.36666666667,2.4,5,0,14,Suspicious Approach,Tanker,BEN,hotspot_gulf_of_guinea,Gulf of Guinea
2016-05-11,2016,6.08333333333,1.25,5,0,14,Robbers,Product Tanker,TGO,hotspot_gulf_of_guinea,Gulf of Guinea
2016-05-11,2016,6.1,1.25,5,0,14,Robbers,Product Tanker,TGO,hotspot_gulf_of_guinea,Gulf of Guinea
2016-05-07,2016,3.7,5.16666666667,0,5,15,Pirates,Tanker,NGA,hotspot_gulf_of_guinea,Gulf of Guinea
2016-05-05,2016,3.88333333333,5.6,0,5,15,Pirates,Tanker,NGA,hotspot_gulf_of_guinea,Gulf of Guinea
2016-05-05,2016,3.84833333333,5.415,0,5,15,Pirates,Tanker,NGA,hotspot_gulf_of_guinea,Gulf of Guinea
2016-05-05,2016,3.9,5.53333333333,0,5,15,Pirates,Tanker,NGA,hotspot_gulf_of_guinea,Gulf of Guinea
2016-05-05,2016,5.5,5,5,5,119,Militants,Offshore Oil Facility,NGA,hotspot_gulf_of_guinea,Gulf of Guinea
2016-05-04,2016,3.9,5.3,0,5,15,Pirates,Tanker,NGA,hotspot_gulf_of_guinea,Gulf of Guinea
2016-05-03,2016,-5.85,13.4333333333,-10,10,16,Robbers,Vessel,High Seas,0,Outside of Hotspots
2016-04-28,2016,3.93333333333,4.71666666667,0,0,13,Pirates,Tanker,NGA,hotspot_gulf_of_guinea,Gulf of Guinea
2016-04-28,2016,4.31666666667,4.43333333333,0,0,13,Suspicious Approach,Tanker,NGA,hotspot_gulf_of_guinea,Gulf of Guinea
2016-04-25,2016,-4.75,11.8333333333,-5,10,17,Robbers,Cargo Ship,COG,hotspot_gulf_of_guinea,Gulf of Guinea
2016-04-20,2016,3.65,6.83333333333,0,5,15,Pirates,Offshore Supply Vessel,NGA,hotspot_gulf_of_guinea,Gulf of Guinea
2016-04-20,2016,3.65,6.13333333333,0,5,15,Pirates,Offshore Supply Vessel,NGA,hotspot_gulf_of_guinea,Gulf of Guinea
2016-04-19,2016,3.88333333333,5.36666666667,0,5,15,Pirates,Tanker,NGA,hotspot_gulf_of_guinea,Gulf of Guinea
2016-04-19,2016,3.61666666667,4.75,0,0,13,Pirates,Vessel,NGA,hotspot_gulf_of_guinea,Gulf of Guinea
2016-04-19,2016,3.5,4.83333333333,0,0,13,Pirates,Offshore Supply Vessel,NGA,hotspot_gulf_of_guinea,Gulf of Guinea
2016-04-19,2016,3.05,4.83333333333,0,0,13,Pirates,Vessel,NGA,hotspot_gulf_of_guinea,Gulf of Guinea
2016-04-18,2016,3.9,5.63333333333,0,5,15,Pirates,Tanker,NGA,hotspot_gulf_of_guinea,Gulf of Guinea
2016-04-11,2016,4.11666666667,5.4,0,5,15,Pirates,Vessel,NGA,hotspot_gulf_of_guinea,Gulf of Guinea
2016-04-11,2016,2.8,6.68333333333,0,5,15,Pirates,Chemical Tanker,STP,hotspot_gulf_of_guinea,Gulf of Guinea
2016-04-10,2016,3.3,5.51666666667,0,5,15,Pirates,Tanker,NGA,hotspot_gulf_of_guinea,Gulf of Guinea
2016-04-07,2016,3.31666666667,5.4,0,5,15,Pirates,Tanker,NGA,hotspot_gulf_of_guinea,Gulf of Guinea
2016-04-01,2016,3.9,5.68333333333,0,5,15,Pirates,Chemical Tanker,NGA,hotspot_gulf_of_guinea,Gulf of Guinea
2016-03-26,2016,4.33333333333,5.16666666667,0,5,15,Pirates,Chemical Tanker,NGA,hotspot_gulf_of_guinea,Gulf of Guinea
2016-03-11,2016,2.86666666667,4.86666666667,0,0,13,Pirates,Tanker,NGA,hotspot_gulf_of_guinea,Gulf of Guinea
2016-03-11,2016,3.5,5.03333333333,0,5,15,Pirates,Vessel,NGA,hotspot_gulf_of_guinea,Gulf of Guinea
2016-03-09,2016,-5.95,13.05,-10,10,16,Robbers,Cargo Ship,High Seas,0,Outside of Hotspots
2016-03-05,2016,4.08333333333,6.68333333333,0,5,15,Pirates,Tanker,NGA,hotspot_gulf_of_guinea,Gulf of Guinea
2016-02-26,2016,3.85,4.65,0,0,13,Pirates,Tug,NGA,hotspot_gulf_of_guinea,Gulf of Guinea
2016-02-23,2016,2.66666666667,7.5,0,5,15,Pirates,Service Vessel,STP,hotspot_gulf_of_guinea,Gulf of Guinea
2016-02-14,2016,6.38333333333,3.36666666667,5,0,14,Robbers,Merchant Vessel,NGA,hotspot_gulf_of_guinea,Gulf of Guinea
2016-02-11,2016,3.6,5.61666666667,0,5,15,Pirates,Merchant Vessel,NGA,hotspot_gulf_of_guinea,Gulf of Guinea
2016-02-11,2016,4.16666666667,-3.91666666667,0,-5,12,Pirates,Chemical Tanker,CIV,hotspot_gulf_of_guinea,Gulf of Guinea
2016-02-11,2016,4,-4,0,-5,12,Pirates,Tanker,CIV,hotspot_gulf_of_guinea,Gulf of Guinea
2016-02-11,2016,3.6,5.58333333333,0,5,15,Pirates,Tanker,NGA,hotspot_gulf_of_guinea,Gulf of Guinea
2016-02-09,2016,-5.86666666667,13.0333333333,-10,10,16,Robbers,Bulk Carrier,AGO,0,Outside of Hotspots
2016-02-05,2016,4.16666666667,6.96666666667,0,5,15,Pirates,LNG Tanker,NGA,hotspot_gulf_of_guinea,Gulf of Guinea
2016-02-05,2016,4.03333333333,6.9,0,5,15,Robbers,Container Ship,NGA,hotspot_gulf_of_guinea,Gulf of Guinea
2016-01-29,2016,4.26666666667,6.23333333333,0,5,15,Pirates,Tanker,NGA,hotspot_gulf_of_guinea,Gulf of Guinea
2016-01-28,2016,5.25,3.21666666667,5,0,14,Suspicious Approach,Bulk Carrier,NGA,hotspot_gulf_of_guinea,Gulf of Guinea
2016-01-22,2016,5.25,3.21666666667,5,0,14,Suspicious Approach,Bulk Carrier,NGA,hotspot_gulf_of_guinea,Gulf of Guinea
2016-01-20,2016,5.21666666667,-4.03333333333,5,-5,80,Robbers,Unknown Vessel,CIV,hotspot_gulf_of_guinea,Gulf of Guinea
2016-01-19,2016,-4.75,11.8333333333,-5,10,17,Robbers,Unknown Vessel,COG,hotspot_gulf_of_guinea,Gulf of Guinea
2016-01-19,2016,3.86666666667,5.55,0,5,15,Pirates,Vehicle Carrier,NGA,hotspot_gulf_of_guinea,Gulf of Guinea
2016-01-15,2016,4.08333333333,5.41666666667,0,5,15,Pirates,Tug Boat,NGA,hotspot_gulf_of_guinea,Gulf of Guinea
2016-01-12,2016,6.28333333333,3.2,5,0,14,Robbers,Merchant Ship,NGA,hotspot_gulf_of_guinea,Gulf of Guinea
2016-01-09,2016,4.41666666667,5.58333333333,0,5,15,Robbers,Oil Platform,NGA,hotspot_gulf_of_guinea,Gulf of Guinea
2016-01-04,2016,-4.78333333333,11.8666666667,-5,10,17,Robbers,Unidentified Vessel,High Seas,hotspot_gulf_of_guinea,Gulf of Guinea
2015-12-27,2015,5.58333333333,5,5,5,119,Robbers,Tanker,NGA,hotspot_gulf_of_guinea,Gulf of Guinea
2015-12-16,2015,-5.83333333333,13.4166666667,-10,10,16,Robbers,Cargo Ship,High Seas,0,Outside of Hotspots
2015-12-05,2015,-4.75,11.7833333333,-5,10,17,Robbers,Bulk Carrier,COG,hotspot_gulf_of_guinea,Gulf of Guinea
2015-12-01,2015,-4.75,11.8333333333,-5,10,17,Robbers,Tug Boat,COG,hotspot_gulf_of_guinea,Gulf of Guinea
2015-11-26,2015,4,6,0,5,15,Pirates,Cargo Ship,NGA,hotspot_gulf_of_guinea,Gulf of Guinea
2015-11-18,2015,-4.75,11.8166666667,-5,10,17,Robbers,Product Tanker,COG,hotspot_gulf_of_guinea,Gulf of Guinea
2015-11-15,2015,4.28333333333,7.21666666667,0,5,15,Pirates,Trawlers,NGA,hotspot_gulf_of_guinea,Gulf of Guinea
2015-10-25,2015,4.31666666667,8.46666666667,0,5,15,Suspicious Approach,Oil Platform,CMR,hotspot_gulf_of_guinea,Gulf of Guinea
2015-10-19,2015,3.83333333333,5.58333333333,0,5,15,Pirates,Refrigerated Cargo Ship,NGA,hotspot_gulf_of_guinea,Gulf of Guinea
2015-10-18,2015,2.71666666667,9.18333333333,0,5,15,Suspicious Approach,LPG Tanker,CMR,hotspot_gulf_of_guinea,Gulf of Guinea
2015-10-08,2015,4.05,9.68333333333,0,5,15,Robbers,Bulk Carrier,High Seas,hotspot_gulf_of_guinea,Gulf of Guinea
2015-09-22,2015,6.26666666667,3.21666666667,5,0,14,Robbers,Product Tanker,NGA,hotspot_gulf_of_guinea,Gulf of Guinea
2015-09-17,2015,1.21666666667,1.83333333333,0,0,13,Suspicious Vessel,N/A,High Seas,hotspot_gulf_of_guinea,Gulf of Guinea
2015-07-14,2015,6.11666666667,1.26666666667,5,0,14,Suspicious Approach,Container Ship,TGO,hotspot_gulf_of_guinea,Gulf of Guinea
2015-06-26,2015,6.01666666667,1.28333333333,5,0,14,Robbers,Container Ship,TGO,hotspot_gulf_of_guinea,Gulf of Guinea
2015-06-08,2015,-4.73333333333,11.75,-5,10,17,Robbers,Cargo ship,COG,hotspot_gulf_of_guinea,Gulf of Guinea
2015-06-02,2015,6.13333333333,1.28333333333,5,0,14,Suspicious Approach,Unidentified Vessel,TGO,hotspot_gulf_of_guinea,Gulf of Guinea
2015-05-26,2015,6.43333333333,3.33333333333,5,0,14,Robbers,Tanker,High Seas,hotspot_gulf_of_guinea,Gulf of Guinea
2015-05-22,2015,5.33333333333,-4.01666666667,5,-5,80,Robbers,Anchored Vessel,High Seas,hotspot_gulf_of_guinea,Gulf of Guinea
2015-05-14,2015,4.01666666667,7.08333333333,0,5,15,Pirates,Supply Vessel,NGA,hotspot_gulf_of_guinea,Gulf of Guinea
2015-05-07,2015,-5.86666666667,13.4166666667,-10,10,16,Robbers,General Cargo Ship,AGO,0,Outside of Hotspots
2015-05-07,2015,-5.86666666667,13.4166666667,-10,10,16,Robbers,General Cargo Ship,COD,0,Outside of Hotspots
2015-04-24,2015,4.21666666667,7.38333333333,0,5,15,Robbers,FSO Ship,NGA,hotspot_gulf_of_guinea,Gulf of Guinea
2015-04-11,2015,6.45,3.38333333333,5,0,14,Pirates,Tanker,High Seas,hotspot_gulf_of_guinea,Gulf of Guinea
2015-04-10,2015,4.3,6.08333333333,0,5,15,Robbers,Passenger Boat,High Seas,hotspot_gulf_of_guinea,Gulf of Guinea
2015-04-09,2015,6.28333333333,3.38333333333,5,0,14,Robbers,Product Tanker,NGA,hotspot_gulf_of_guinea,Gulf of Guinea
2015-03-25,2015,5.25,-4,5,-5,80,Robbers,Refrigerated Cargo Ship,CIV,hotspot_gulf_of_guinea,Gulf of Guinea
2015-03-21,2015,4.03333333333,7.51666666667,0,5,15,Pirates,FPSO,NGA,hotspot_gulf_of_guinea,Gulf of Guinea
2015-03-19,2015,4.23333333333,8.03333333333,0,5,15,Pirates,Supply Vessel,NGA,hotspot_gulf_of_guinea,Gulf of Guinea
2015-03-14,2015,-4.75,11.8,-5,10,17,Robbers,Barge,COG,hotspot_gulf_of_guinea,Gulf of Guinea
2015-03-12,2015,6.45,3.36666666667,5,0,14,Robbers,Petroleum product tanker,High Seas,hotspot_gulf_of_guinea,Gulf of Guinea
2015-03-10,2015,4.06666666667,-1.36666666667,0,-5,12,Suspicious approach,Unspecified vessel,GHA,hotspot_gulf_of_guinea,Gulf of Guinea
2015-03-03,2015,6.45,3.36666666667,5,0,14,Robbers,Reefer Ship,High Seas,hotspot_gulf_of_guinea,Gulf of Guinea
2015-02-05,2015,6.43333333333,3.36666666667,5,0,14,Robbers,Chemical Tanker,NGA,hotspot_gulf_of_guinea,Gulf of Guinea
2015-02-03,2015,4.33333333333,7.98333333333,0,5,15,Pirates,Super Tanker,NGA,hotspot_gulf_of_guinea,Gulf of Guinea
2015-02-01,2015,5.46666666667,5.08333333333,5,5,119,Suspicious Approach,Tanker,NGA,hotspot_gulf_of_guinea,Gulf of Guinea
2015-01-30,2015,4.43333333333,-1.71666666667,0,-5,12,Pirates,Fishing Vessel,GHA,hotspot_gulf_of_guinea,Gulf of Guinea
2015-01-23,2015,3.48333333333,5.45,0,5,15,Pirates,Supply Vessel,NGA,hotspot_gulf_of_guinea,Gulf of Guinea
2015-01-20,2015,4.08333333333,-3.83333333333,0,-5,12,Suspicious Approach,Bunkering Vessels,CIV,hotspot_gulf_of_guinea,Gulf of Guinea
2015-01-18,2015,5.25,4.83333333333,5,0,14,Pirates,Tanker,NGA,hotspot_gulf_of_guinea,Gulf of Guinea
2015-01-14,2015,3.4,1.35,0,0,13,Pirates,Bulk Carrier,GHA,hotspot_gulf_of_guinea,Gulf of Guinea
2015-01-05,2015,4.73333333333,6.76666666667,0,5,15,Gunmen,Houseboat,NGA,hotspot_gulf_of_guinea,Gulf of Guinea
2014-12-27,2014,5.51666666667,5.58333333333,5,5,119,Kidnappers,Tanker,High Seas,hotspot_gulf_of_guinea,Gulf of Guinea
2014-12-19,2014,6.43333333333,3.31666666667,5,0,14,Robbers,Tanker,High Seas,hotspot_gulf_of_guinea,Gulf of Guinea
2014-12-13,2014,-4.76666666667,11.8333333333,-5,10,17,Robbers,Research Vessel,COG,hotspot_gulf_of_guinea,Gulf of Guinea
2014-12-13,2014,-4.76666666667,11.8333333333,-5,10,17,Robbers,Research vessel,COG,hotspot_gulf_of_guinea,Gulf of Guinea
2014-12-09,2014,4.23333333333,7.55,0,5,15,Pirates,Chemical tanker,NGA,hotspot_gulf_of_guinea,Gulf of Guinea
2014-11-30,2014,-0.75,6.25,-5,5,104,Pirates,Tanker,STP,hotspot_gulf_of_guinea,Gulf of Guinea
2014-11-21,2014,6.31666666667,3.4,5,0,14,Robbers,Tanker,NGA,hotspot_gulf_of_guinea,Gulf of Guinea
2014-11-16,2014,5.2,-4.03333333333,5,-5,80,Robbers,Bitumen Tanker,CIV,hotspot_gulf_of_guinea,Gulf of Guinea
2014-11-12,2014,4.53333333333,5.25,0,5,15,Pirates,Unidentified Vessel,NGA,hotspot_gulf_of_guinea,Gulf of Guinea
2014-11-08,2014,4.4,5.05,0,5,15,Pirates,Tanker,NGA,hotspot_gulf_of_guinea,Gulf of Guinea
2014-11-06,2014,6.03333333333,1.25,5,0,14,Robbers,Anchored Vessel,TGO,hotspot_gulf_of_guinea,Gulf of Guinea
2014-11-05,2014,3.45,6.05,0,5,15,Pirates,Chemical Tanker,NGA,hotspot_gulf_of_guinea,Gulf of Guinea
2014-11-04,2014,4.05,5.46666666667,0,5,15,Pirates,Container Vessel,NGA,hotspot_gulf_of_guinea,Gulf of Guinea
2014-11-04,2014,3,6.75,0,5,15,Pirates,Tanker,NGA,hotspot_gulf_of_guinea,Gulf of Guinea
2014-10-25,2014,6.31666666667,3.4,5,0,14,Robbers,Product Tanker,NGA,hotspot_gulf_of_guinea,Gulf of Guinea
2014-10-13,2014,4.4,6.28333333333,0,5,15,Pirates,Boat,High Seas,hotspot_gulf_of_guinea,Gulf of Guinea
2014-10-11,2014,4.4,6.28333333333,0,5,15,Pirates,Passenger boat,High Seas,hotspot_gulf_of_guinea,Gulf of Guinea
2014-09-29,2014,-4.75,11.8166666667,-5,10,17,Robbers,Tug,COG,hotspot_gulf_of_guinea,Gulf of Guinea
2014-08-27,2014,4.71666666667,-3.5,0,-5,12,Pirates,Product Tanker,CIV,hotspot_gulf_of_guinea,Gulf of Guinea
2014-08-26,2014,4.13333333333,5.55,0,5,15,Pirates,Product Tanker,NGA,hotspot_gulf_of_guinea,Gulf of Guinea
2014-08-26,2014,4.23333333333,5.21666666667,0,5,15,Pirates,Product Tanker,NGA,hotspot_gulf_of_guinea,Gulf of Guinea
2014-08-20,2014,4.9,-1.71666666667,0,-5,12,Robbers,Tug,GHA,hotspot_gulf_of_guinea,Gulf of Guinea
2014-08-14,2014,-4.66666666667,11.75,-5,10,17,Robbers,Research vessel,COG,hotspot_gulf_of_guinea,Gulf of Guinea
2014-08-09,2014,0.933333333333,6.11666666667,0,5,15,Pirates,Underway vessel,STP,hotspot_gulf_of_guinea,Gulf of Guinea
2014-08-04,2014,-5.86666666667,13.4,-10,10,16,Robbers,Bulk Carrier,AGO,0,Outside of Hotspots
2014-08-04,2014,-5.86666666667,13.4,-10,10,16,Robbers,Bulk Carrier,COD,0,Outside of Hotspots
2014-07-25,2014,5,0.9,5,0,14,Pirates,Product tanker,GHA,hotspot_gulf_of_guinea,Gulf of Guinea
2014-07-25,2014,6.08333333333,1.26666666667,5,0,14,Suspicious boat,General cargo vessel,TGO,hotspot_gulf_of_guinea,Gulf of Guinea
2014-07-23,2014,4.46666666667,5.93333333333,0,5,15,Pirates,Oil Rig and Gunboat,NGA,hotspot_gulf_of_guinea,Gulf of Guinea
2014-07-20,2014,4.78333333333,6.33333333333,0,5,15,Pirates,Passenger Boat,High Seas,hotspot_gulf_of_guinea,Gulf of Guinea
2014-06-30,2014,5.21666666667,-4.06666666667,5,-5,80,Robbers,General Cargo Ship,CIV,hotspot_gulf_of_guinea,Gulf of Guinea
2014-06-10,2014,6.01666666667,1.3,5,0,14,Robbers,Container ship,TGO,hotspot_gulf_of_guinea,Gulf of Guinea
2014-06-05,2014,5.03333333333,0.733333333333,5,0,14,Pirates,Fishing vessel,GHA,hotspot_gulf_of_guinea,Gulf of Guinea
2014-06-04,2014,3.7,-0.983333333333,0,-5,12,Pirates,Oil product tanker,GHA,hotspot_gulf_of_guinea,Gulf of Guinea
2014-06-02,2014,4.81666666667,8.03333333333,0,5,15,Robbers,Bulk carrier,High Seas,hotspot_gulf_of_guinea,Gulf of Guinea
2014-05-21,2014,6.05,1.23333333333,5,0,14,Robbers,Chemical Tanker,TGO,hotspot_gulf_of_guinea,Gulf of Guinea
2014-05-13,2014,4.75,6.98333333333,0,5,15,Robbers,Tanker,High Seas,hotspot_gulf_of_guinea,Gulf of Guinea
2014-05-04,2014,4.85,5.55,0,5,15,Bandits,Dutch and Nigerian Citizens,High Seas,hotspot_gulf_of_guinea,Gulf of Guinea
2014-04-29,2014,4.93333333333,4.81666666667,0,0,13,Pirates,Product Tanker,NGA,hotspot_gulf_of_guinea,Gulf of Guinea
2014-04-23,2014,6.28333333333,3.35,5,0,14,Robbers,Anchored tanker,NGA,hotspot_gulf_of_guinea,Gulf of Guinea
2014-04-21,2014,3.68333333333,6.3,0,5,15,Suspicious Approach,LNG tanker,NGA,hotspot_gulf_of_guinea,Gulf of Guinea
2014-04-20,2014,3.68333333333,6.3,0,5,15,Suspicious Approach,LNG Tanker,NGA,hotspot_gulf_of_guinea,Gulf of Guinea
2014-03-22,2014,4.76666666667,6.01666666667,0,5,15,Robbers,Passenger vessel,High Seas,hotspot_gulf_of_guinea,Gulf of Guinea
2014-03-20,2014,4.23333333333,5,0,5,15,Pirates,Crude oil tanker,NGA,hotspot_gulf_of_guinea,Gulf of Guinea
2014-03-12,2014,4.31666666667,6.25,0,5,15,Pirates,Tugboat,High Seas,hotspot_gulf_of_guinea,Gulf of Guinea
2014-03-12,2014,4.31666666667,6.25,0,5,15,Pirates,Tugboat,High Seas,hotspot_gulf_of_guinea,Gulf of Guinea
2014-03-06,2014,-4.74,11.7483333333,-5,10,17,Robbers,General Cargo Ship,COG,hotspot_gulf_of_guinea,Gulf of Guinea
2014-03-06,2014,4.18333333333,5.73333333333,0,5,15,Pirates,Supply vessel,NGA,hotspot_gulf_of_guinea,Gulf of Guinea
2014-03-05,2014,3.88333333333,6.78333333333,0,5,15,Pirates,Offshore tug,NGA,hotspot_gulf_of_guinea,Gulf of Guinea
2014-03-04,2014,4.28333333333,7.88333333333,0,5,15,Pirates,Offshore supply vessel,NGA,hotspot_gulf_of_guinea,Gulf of Guinea
2014-03-04,2014,4,5.26666666667,0,5,15,Pirates,Underway bulk carrier,NGA,hotspot_gulf_of_guinea,Gulf of Guinea
2014-03-03,2014,4.18333333333,5.73333333333,0,5,15,Pirates,Supply vessel,NGA,hotspot_gulf_of_guinea,Gulf of Guinea
2014-02-20,2014,-4.9,11.8166666667,-5,10,17,ROBBERS,SUPPLY SHIP,COG,hotspot_gulf_of_guinea,Gulf of Guinea
2014-02-19,2014,3.95,5.3,0,5,15,Pirates,Tanker,NGA,hotspot_gulf_of_guinea,Gulf of Guinea
2014-02-06,2014,4.01666666667,5.01666666667,0,5,15,Pirates,Chemical tanker,NGA,hotspot_gulf_of_guinea,Gulf of Guinea
2014-02-06,2014,3.81666666667,5.71666666667,0,5,15,Pirates,Offshore supply vessel,NGA,hotspot_gulf_of_guinea,Gulf of Guinea
2014-02-06,2014,3.81666666667,5.1,0,5,15,Pirates,Tanker,NGA,hotspot_gulf_of_guinea,Gulf of Guinea
2014-02-05,2014,3.76666666667,6.4,0,5,15,Pirates,Tanker,NGA,hotspot_gulf_of_guinea,Gulf of Guinea
2014-02-04,2014,-4.76666666667,11.8666666667,-5,10,17,Robbers,General cargo ship,High Seas,hotspot_gulf_of_guinea,Gulf of Guinea
2014-01-30,2014,4.25,5.58333333333,0,5,15,Pirates,Tug,NGA,hotspot_gulf_of_guinea,Gulf of Guinea
2014-01-29,2014,4.33333333333,5.28333333333,0,5,15,Pirates,Offshore supply vessel,NGA,hotspot_gulf_of_guinea,Gulf of Guinea
2014-01-26,2014,4.28333333333,6.23333333333,0,5,15,Pirates,Tugboat,NGA,hotspot_gulf_of_guinea,Gulf of Guinea
2014-01-25,2014,4.25,6.38333333333,0,5,15,Gunmen,Patrol boat,NGA,hotspot_gulf_of_guinea,Gulf of Guinea
2014-01-23,2014,4.7,5.58333333333,0,5,15,Gunmen,Ferry,High Seas,hotspot_gulf_of_guinea,Gulf of Guinea
2014-01-18,2014,-8.68333333333,13,-10,10,16,Pirates,Petroleum tanker,AGO,0,Outside of Hotspots
2014-01-07,2014,4.03333333333,9.66666666667,0,5,15,Robbers,Container ship,High Seas,hotspot_gulf_of_guinea,Gulf of Guinea
2014-01-03,2014,2.13333333333,9.2,0,5,15,Pirates,General cargo vessel,GNQ,hotspot_gulf_of_guinea,Gulf of Guinea
2014-01-02,2014,0.983333333333,8.38333333333,0,5,15,Pirates,Gas carrier,GNQ,hotspot_gulf_of_guinea,Gulf of Guinea
2013-12-31,2013,4.88333333333,-1.68333333333,0,-5,12,Robbers,General cargo vessel,GHA,hotspot_gulf_of_guinea,Gulf of Guinea
2013-12-16,2013,4.16666666667,6.41666666667,0,5,15,PIRATES,PRODUCTS TANKER MT. ALTHEA,NGA,hotspot_gulf_of_guinea,Gulf of Guinea
2013-12-03,2013,4.33333333333,8.75,0,5,15,PIRATES,CARGO VESSEL,CMR,hotspot_gulf_of_guinea,Gulf of Guinea
2013-11-24,2013,-4.75,11.8166666667,-5,10,17,ROBBER,TUG,COG,hotspot_gulf_of_guinea,Gulf of Guinea
2013-10-23,2013,4.31666666667,6.23333333333,0,5,15,Pirates,Offshore supply vessel,High Seas,hotspot_gulf_of_guinea,Gulf of Guinea
2013-10-03,2013,4.2,6.93333333333,0,5,15,ROBBERS,TANKER,NGA,hotspot_gulf_of_guinea,Gulf of Guinea
2013-09-04,2013,4.18333333333,5.56666666667,0,5,15,PIRATES,CHEMICAL TANKER,NGA,hotspot_gulf_of_guinea,Gulf of Guinea
2013-08-15,2013,5.5,4,5,0,14,Pirates,Product tanker,NGA,hotspot_gulf_of_guinea,Gulf of Guinea
2013-08-15,2013,6.35,3.46666666667,5,0,14,Robbers,Tanker,NGA,hotspot_gulf_of_guinea,Gulf of Guinea
2013-08-12,2013,5.55,4.8,5,0,14,Gunboats,Offshore support vessel,NGA,hotspot_gulf_of_guinea,Gulf of Guinea
2013-08-12,2013,6.31666666667,3.45,5,0,14,Pirates,Chemical tanker,NGA,hotspot_gulf_of_guinea,Gulf of Guinea
2013-08-11,2013,6.45,3.38333333333,5,0,14,Hijackers,Chemical tanker,High Seas,hotspot_gulf_of_guinea,Gulf of Guinea
2013-08-11,2013,6.3,3.43333333333,5,0,14,Robbers,Product tanker,NGA,hotspot_gulf_of_guinea,Gulf of Guinea
2013-07-31,2013,5.21666666667,-4.05,5,-5,80,robbers,bulk carrier ATHOS,CIV,hotspot_gulf_of_guinea,Gulf of Guinea
2013-07-30,2013,3.51666666667,6.08333333333,0,5,15,gunboat,chemical tanker HIGH JUPITER,NGA,hotspot_gulf_of_guinea,Gulf of Guinea
2013-07-19,2013,4.3,7.76666666667,0,5,15,PIRATES,SUPPLY VESSEL C VIKING,NGA,hotspot_gulf_of_guinea,Gulf of Guinea
2013-07-19,2013,4.26666666667,7.93333333333,0,5,15,PIRATES,PRODUCT TANKER LOULOU,NGA,hotspot_gulf_of_guinea,Gulf of Guinea
2013-07-18,2013,6.08333333333,1.28333333333,5,0,14,ROBBERS,BULK CARRIER LIBERTY GRACE,TGO,hotspot_gulf_of_guinea,Gulf of Guinea
2013-07-16,2013,5.48333333333,1.63333333333,5,0,14,PIRATES,TANKER OCEAN CENTURION,TGO,hotspot_gulf_of_guinea,Gulf of Guinea
2013-07-16,2013,1.11333333333,4.68333333333,0,0,13,PIRATES,MERCHANT VESSEL,STP,hotspot_gulf_of_guinea,Gulf of Guinea
2013-07-15,2013,-0.433333333333,8.85,-5,5,104,PIRATES,CHEMICAL TANKER COTTON,GAB,hotspot_gulf_of_guinea,Gulf of Guinea
2013-07-15,2013,-0.4415,8.8575,-5,5,104,PIRATES,MERCHANT VESSEL,GAB,hotspot_gulf_of_guinea,Gulf of Guinea
2013-07-15,2013,-0.483333333333,8.85,-5,5,104,ROBBERS,LANDING CRAFT RENOVATION,GAB,hotspot_gulf_of_guinea,Gulf of Guinea
2013-07-10,2013,6.28333333333,3.35,5,0,14,SUSPICIOUS CRAFT,CHEMICAL TANKER OVERSEAS ATHENS,NGA,hotspot_gulf_of_guinea,Gulf of Guinea
2013-07-07,2013,4.4,7.05,0,5,15,PIRATES,SUPPLY VESSEL,NGA,hotspot_gulf_of_guinea,Gulf of Guinea
2013-07-05,2013,6.43333333333,3.38333333333,5,0,14,ROBBERS,BULK CARRIER,NGA,hotspot_gulf_of_guinea,Gulf of Guinea
2013-06-27,2013,4.06666666667,6.28333333333,0,5,15,PIRATES,FISHING VESSEL,NGA,hotspot_gulf_of_guinea,Gulf of Guinea
2013-06-13,2013,5.68333333333,1.3,5,0,14,ROBBERS,CHEMICAL TANKER ADOUR,GHA,hotspot_gulf_of_guinea,Gulf of Guinea
2013-06-13,2013,4.03333333333,8.03333333333,0,5,15,PIRATES,SUPPLY VESSEL MDPL CONTINENTAL ONE,NGA,hotspot_gulf_of_guinea,Gulf of Guinea
2013-06-04,2013,4.23333333333,7.75,0,5,15,PIRATES,SUPPLY SHIP C VIKING,NGA,hotspot_gulf_of_guinea,Gulf of Guinea
2013-06-04,2013,4.24833333333,7.76166666667,0,5,15,PIRATES,SUPPLY SHIP,NGA,hotspot_gulf_of_guinea,Gulf of Guinea
2013-06-03,2013,4.7,8.31666666667,0,5,15,Robbers,Chemical Tanker BLUEGREEN TIGRE,High Seas,hotspot_gulf_of_guinea,Gulf of Guinea
2013-06-03,2013,6.26666666667,3.33333333333,5,0,14,ROBBERS,CHEMICAL TANKER RHINO,NGA,hotspot_gulf_of_guinea,Gulf of Guinea
2013-05-25,2013,4.53333333333,6.4,0,5,15,PIRATES,CHEMICAL TANKER MATRIX I,High Seas,hotspot_gulf_of_guinea,Gulf of Guinea
2013-05-17,2013,6.05,1.28333333333,5,0,14,ROBBERS,CHEMICAL TANKER MARIELLA BOTTIGLIERI,TGO,hotspot_gulf_of_guinea,Gulf of Guinea
2013-05-14,2013,4.33333333333,7.66666666667,0,5,15,PIRATES,TANKER BARGE LADY SWATHIN,NGA,hotspot_gulf_of_guinea,Gulf of Guinea
2013-05-14,2013,4.41666666667,7.46666666667,0,5,15,PIRATES,SUPPORT VESSEL SAINT PATRICK,NGA,hotspot_gulf_of_guinea,Gulf of Guinea
2013-05-13,2013,6.33333333333,3.31666666667,5,0,14,SUSPICIOUS CRAFT,OIL TANKER,NGA,hotspot_gulf_of_guinea,Gulf of Guinea
2013-05-12,2013,4.18333333333,7.23333333333,0,5,15,PIRATES,FISHING VESSEL,NGA,hotspot_gulf_of_guinea,Gulf of Guinea
2013-05-11,2013,4.53333333333,6.4,0,5,15,PIRATES,PASSENGER BOATS,High Seas,hotspot_gulf_of_guinea,Gulf of Guinea
2013-05-09,2013,6.06666666667,1.25,5,0,14,PIRATES,TANKER CAP LARA,TGO,hotspot_gulf_of_guinea,Gulf of Guinea
2013-05-07,2013,4.71666666667,8.33333333333,0,5,15,PIRATES,BULK CARRIER CENTENARIO BLU,NGA,hotspot_gulf_of_guinea,Gulf of Guinea
2013-05-06,2013,5.68333333333,1.43666666667,5,0,14,PIRATES,MERCHANT VESSEL,TGO,hotspot_gulf_of_guinea,Gulf of Guinea
2013-05-05,2013,5.68333333333,1.43333333333,5,0,14,PIRATES,TANKER MADONNA I,TGO,hotspot_gulf_of_guinea,Gulf of Guinea
2013-05-05,2013,5.68333333333,1.43333333333,5,0,14,PIRATES,TANKER SEAPRIDE,TGO,hotspot_gulf_of_guinea,Gulf of Guinea
2013-05-04,2013,4.03333333333,6.9,0,5,15,PIRATES,CONTAINER SHIP CMA CGM AFRICA FOUR,NGA,hotspot_gulf_of_guinea,Gulf of Guinea
2013-05-04,2013,3.81666666667,6.68333333333,0,5,15,PIRATES,CARGO SHIP FRIO ATHENS,NGA,hotspot_gulf_of_guinea,Gulf of Guinea
2013-04-26,2013,3.8,4.95,0,0,13,PIRATES,CONTAINER SHIP CITY OF GUANGZHOU,NGA,hotspot_gulf_of_guinea,Gulf of Guinea
2013-04-25,2013,4.16666666667,5.5,0,5,15,PIRATES,CONTAINER SHIP CITY OF XIAMEN,NGA,hotspot_gulf_of_guinea,Gulf of Guinea
2013-04-24,2013,3.85,5.66666666667,0,5,15,PIRATES,CARGO SHIP BOSUN,NGA,hotspot_gulf_of_guinea,Gulf of Guinea
2013-04-22,2013,2.51666666667,6.83333333333,0,5,15,PIRATES,CONTAINER SHIP HANSA MARBURG,STP,hotspot_gulf_of_guinea,Gulf of Guinea
2013-04-22,2013,3.16666666667,7.23333333333,0,5,15,SUSPICIOUS CRAFT,OIL TANKER CAP THEODORA,NGA,hotspot_gulf_of_guinea,Gulf of Guinea
2013-04-18,2013,-4.73333333333,11.8,-5,10,17,ROBBERS,CARGO SHIP CORINTH,COG,hotspot_gulf_of_guinea,Gulf of Guinea
2013-04-16,2013,1.8,6.76666666667,0,5,15,SUSPICIOUS CRAFT,TANKER CAP THEODORA,STP,hotspot_gulf_of_guinea,Gulf of Guinea
2013-04-13,2013,3.8,6.41666666667,0,5,15,PIRATES,TANKER LEON DIAS,NGA,hotspot_gulf_of_guinea,Gulf of Guinea
2013-04-13,2013,4.71666666667,8.33333333333,0,5,15,PIRATES,"SUPPLY VESSEL GYRE, ESCORT BOAT BLUE JAY",NGA,hotspot_gulf_of_guinea,Gulf of Guinea
2013-03-30,2013,3.95,6.68333333333,0,5,15,PIRATES,TANKER SEA HERMES,NGA,hotspot_gulf_of_guinea,Gulf of Guinea
2013-03-24,2013,5.28333333333,-4.01666666667,5,-5,80,ROBBERS,CARGO SHIP OCEAN CHARGER,CIV,hotspot_gulf_of_guinea,Gulf of Guinea
2013-03-05,2013,6.45,3.38333333333,5,0,14,PIRATES,TANKER,High Seas,hotspot_gulf_of_guinea,Gulf of Guinea
2013-03-04,2013,3.7,5.65,0,5,15,PIRATES,VESSEL ARMADA TUAH 22,NGA,hotspot_gulf_of_guinea,Gulf of Guinea
2013-03-04,2013,3.955,5.35,0,5,15,PIRATES,SUPPLY SHIP,NGA,hotspot_gulf_of_guinea,Gulf of Guinea
2013-03-02,2013,4.11666666667,5.6,0,5,15,PIRATES,FISHING TRAWLER,NGA,hotspot_gulf_of_guinea,Gulf of Guinea
2013-02-25,2013,4.61666666667,8.36666666667,0,5,15,PIRATES,PASSENGER VESSEL,NGA,hotspot_gulf_of_guinea,Gulf of Guinea
2013-02-22,2013,3.85,5.95,0,5,15,PIRATES,CARGO SHIP KOTA BAHAGIA,NGA,hotspot_gulf_of_guinea,Gulf of Guinea
2013-02-17,2013,3.95,5.33333333333,0,5,15,PIRATES,TUG ARMADA TUGAS 1,NGA,hotspot_gulf_of_guinea,Gulf of Guinea
2013-02-17,2013,6.45,3.38333333333,5,0,14,ROBBERS,BULK CARRIER AFRICAN JOY,High Seas,hotspot_gulf_of_guinea,Gulf of Guinea
2013-02-11,2013,4.1,6.86666666667,0,5,15,PIRATES,CARGO SHIP,NGA,hotspot_gulf_of_guinea,Gulf of Guinea
2013-02-10,2013,3.55,6.58333333333,0,5,15,PIRATES,CARGO SHIP WALVIS 7,NGA,hotspot_gulf_of_guinea,Gulf of Guinea
2013-02-07,2013,3.66666666667,5.88333333333,0,5,15,PIRATES,CARGO SHIP ESTHER C,NGA,hotspot_gulf_of_guinea,Gulf of Guinea
2013-02-06,2013,4.83,6.11,0,5,15,PIRATES,TUG/BARGE,High Seas,hotspot_gulf_of_guinea,Gulf of Guinea
2013-02-04,2013,6.31666666667,3.4,5,0,14,PIRATES,CHEMICAL TANKER PYXIS DELTA,NGA,hotspot_gulf_of_guinea,Gulf of Guinea
2013-02-03,2013,4.11666666667,-3.9,0,-5,12,PIRATES,OIL TANKER GASCOGNE,CIV,hotspot_gulf_of_guinea,Gulf of Guinea
2013-01-31,2013,3.76666666667,5.31666666667,0,5,15,SUSPICIOUS CRAFT,TANKER OLIVIA II,NGA,hotspot_gulf_of_guinea,Gulf of Guinea
2013-01-16,2013,3.45,-1.1,0,-5,12,PIRATES,TANKER ITRI,GHA,hotspot_gulf_of_guinea,Gulf of Guinea
2013-01-15,2013,-4.71666666667,11.7666666667,-5,10,17,ROBBERS,CONTAINER SHIP,COG,hotspot_gulf_of_guinea,Gulf of Guinea
2012-12-23,2012,5.2,-4.03333333333,5,-5,80,ROBBERS,TANKER,CIV,hotspot_gulf_of_guinea,Gulf of Guinea
2012-12-23,2012,4.01666666667,5.23333333333,0,5,15,PIRATES,SUPPLY VESSEL,NGA,hotspot_gulf_of_guinea,Gulf of Guinea
2012-12-17,2012,3.73333333333,5.61666666667,0,5,15,PIRATES,TANKER SP BRUSSELS,NGA,hotspot_gulf_of_guinea,Gulf of Guinea
2012-12-17,2012,3.68333333333,7.2,0,5,15,PIRATES,TANKER,NGA,hotspot_gulf_of_guinea,Gulf of Guinea
2012-12-17,2012,4.25,4.73333333333,0,0,13,PIRATES,SUPPLY VESSEL,NGA,hotspot_gulf_of_guinea,Gulf of Guinea
2012-12-13,2012,4.025,5.485,0,5,15,PIRATES,OFFSHORE SUPPORT VESSEL,NGA,hotspot_gulf_of_guinea,Gulf of Guinea
2012-12-13,2012,4.26666666667,5.31666666667,0,5,15,PIRATES,CARGO SHIP,NGA,hotspot_gulf_of_guinea,Gulf of Guinea
2012-12-11,2012,6.06666666667,1.26666666667,5,0,14,ROBBERS,TANKER,TGO,hotspot_gulf_of_guinea,Gulf of Guinea
2012-11-30,2012,6.03333333333,1.3,5,0,14,ROBBERS,TANKER,TGO,hotspot_gulf_of_guinea,Gulf of Guinea
2012-11-21,2012,6.05611111111,1.27444444444,5,0,14,ROBBERS,CARGO SHIP,TGO,hotspot_gulf_of_guinea,Gulf of Guinea
2012-11-13,2012,4.75,6.81666666667,0,5,15,PIRATES,FISHING TRAWLER,High Seas,hotspot_gulf_of_guinea,Gulf of Guinea
2012-10-24,2012,3.9,5.45,0,5,15,ROBBERS,BARGE CARRIER,NGA,hotspot_gulf_of_guinea,Gulf of Guinea
2012-10-15,2012,3.65,6.23333333333,0,5,15,PIRATES,TUGBOAT,NGA,hotspot_gulf_of_guinea,Gulf of Guinea
2012-10-06,2012,5.20933333333,-4.06133333333,5,-5,80,PIRATES,MERCHANT VESSEL,CIV,hotspot_gulf_of_guinea,Gulf of Guinea
2012-10-05,2012,5.20933333333,4.06133333333,5,0,14,PIRATES,TANKER,NGA,hotspot_gulf_of_guinea,Gulf of Guinea
2012-10-04,2012,4.8,1.41666666667,0,0,13,PIRATES,TANKER,GHA,hotspot_gulf_of_guinea,Gulf of Guinea
2012-09-09,2012,6.15,2.88333333333,5,0,14,PIRATES,OIL TANKER,NGA,hotspot_gulf_of_guinea,Gulf of Guinea
2012-09-08,2012,4.05,9.68333333333,0,5,15,PIRATES,LPG TANKER,High Seas,hotspot_gulf_of_guinea,Gulf of Guinea
2012-09-05,2012,6.18333333333,2.93333333333,5,0,14,PIRATES,CHEMICAL TANKER,NGA,hotspot_gulf_of_guinea,Gulf of Guinea
2012-09-04,2012,6.18333333333,2.91666666667,5,0,14,PIRATES,TANKER ABU DHABI STAR,NGA,hotspot_gulf_of_guinea,Gulf of Guinea
2012-08-28,2012,5.86666666667,1.4,5,0,14,PIRATES,TANKER ENERGY CENTURION,TGO,hotspot_gulf_of_guinea,Gulf of Guinea
2012-08-28,2012,6,1.26666666667,5,0,14,PIRATES,TANKER,TGO,hotspot_gulf_of_guinea,Gulf of Guinea
2012-08-18,2012,5.83333333333,1.23333333333,5,0,14,PIRATES,TANKER,GHA,hotspot_gulf_of_guinea,Gulf of Guinea
2012-08-16,2012,-4.75,11.8166666667,-5,10,17,PIRATES,SUPPLY SHIP,COG,hotspot_gulf_of_guinea,Gulf of Guinea
2012-08-06,2012,6.05,1.26666666667,5,0,14,PIRATES,CHEMICAL TANKER,TGO,hotspot_gulf_of_guinea,Gulf of Guinea
2012-08-04,2012,4.18333333333,7.23333333333,0,5,15,PIRATES,BARGE JACSON 33,NGA,hotspot_gulf_of_guinea,Gulf of Guinea
2012-08-03,2012,3.76666666667,6.66666666667,0,5,15,PIRATES,BARGE,NGA,hotspot_gulf_of_guinea,Gulf of Guinea
2012-07-30,2012,6.04166666667,1.275,5,0,14,PIRATES,CHEMICAL TANKER,TGO,hotspot_gulf_of_guinea,Gulf of Guinea
2012-07-27,2012,6,1.28333333333,5,0,14,PIRATES,TANKER,TGO,hotspot_gulf_of_guinea,Gulf of Guinea
2012-07-27,2012,6.08333333333,1.3,5,0,14,PIRATES,CHEMICAL TANKER,TGO,hotspot_gulf_of_guinea,Gulf of Guinea
2012-07-17,2012,6.28333333333,2.46666666667,5,0,14,PIRATES,BULK CARRIER,BEN,hotspot_gulf_of_guinea,Gulf of Guinea
2012-06-30,2012,2.64833333333,6.15833333333,0,5,15,PIRATES,CONTAINER SHIP,STP,hotspot_gulf_of_guinea,Gulf of Guinea
2012-06-30,2012,4.01666666667,6.1,0,5,15,PIRATES,TANKER,NGA,hotspot_gulf_of_guinea,Gulf of Guinea
2012-06-30,2012,2.63333333333,6.15,0,5,15,PIRATES,CONTAINER SHIP,STP,hotspot_gulf_of_guinea,Gulf of Guinea
2012-06-30,2012,2.66666666667,6.13833333333,0,5,15,PIRATES,MERCHANT VESSEL,STP,hotspot_gulf_of_guinea,Gulf of Guinea
2012-06-25,2012,5.53333333333,3.53333333333,5,0,14,PIRATES,CHEMICAL TANKER,NGA,hotspot_gulf_of_guinea,Gulf of Guinea
2012-06-01,2012,6.31666666667,3.48333333333,5,0,14,PIRATES,TANKER,NGA,hotspot_gulf_of_guinea,Gulf of Guinea
2012-05-17,2012,4.65,4.75,0,0,13,PIRATES,VESSEL,NGA,hotspot_gulf_of_guinea,Gulf of Guinea
2012-05-08,2012,3.88333333333,5.58333333333,0,5,15,PIRATES,SUPPLY VESSEL,NGA,hotspot_gulf_of_guinea,Gulf of Guinea
2012-05-07,2012,4.43333333333,4.96666666667,0,0,13,PIRATES,SUPPLY VESSEL,NGA,hotspot_gulf_of_guinea,Gulf of Guinea
2012-05-04,2012,5.45,2.6,5,0,14,PIRATES,PRODUCT TANKER,BEN,hotspot_gulf_of_guinea,Gulf of Guinea
2012-04-30,2012,6.01666666667,1.33333333333,5,0,14,PIRATES,PRODUCT TANKER,TGO,hotspot_gulf_of_guinea,Gulf of Guinea
2012-04-27,2012,-5.85,13.4,-10,10,16,PIRATES,CONTAINER VESSEL,COD,0,Outside of Hotspots
2012-04-25,2012,6.03333333333,1.25,5,0,14,PIRATES,OIL TANKER,TGO,hotspot_gulf_of_guinea,Gulf of Guinea
2012-04-04,2012,5.96666666667,1.26666666667,5,0,14,PIRATES,TANKER,TGO,hotspot_gulf_of_guinea,Gulf of Guinea
2012-04-04,2012,6.01666666667,1.28333333333,5,0,14,PIRATES,BULK CARRIER,TGO,hotspot_gulf_of_guinea,Gulf of Guinea
2012-04-04,2012,6.08333333333,1.25,5,0,14,PIRATES,PETROLEUM TANKER,TGO,hotspot_gulf_of_guinea,Gulf of Guinea
2012-03-22,2012,2.95,6.2,0,5,15,PIRATES,Chemical Tanker,NGA,hotspot_gulf_of_guinea,Gulf of Guinea
2012-03-17,2012,5.21666666667,-4.03333333333,5,-5,80,Pirates,LPG Tanker,CIV,hotspot_gulf_of_guinea,Gulf of Guinea
2012-03-14,2012,-5.85,13.05,-10,10,16,Pirates,Cargo Ship,High Seas,0,Outside of Hotspots
2012-03-07,2012,4.2,6.9,0,5,15,Pirates,Chemical Tanker,NGA,hotspot_gulf_of_guinea,Gulf of Guinea
2012-02-29,2012,4.05,5.75,0,5,15,PIRATES,CHEMICAL TANKER,NGA,hotspot_gulf_of_guinea,Gulf of Guinea
2012-02-29,2012,4.33333333333,5.78333333333,0,5,15,PIRATES,CHEMICAL TANKER,NGA,hotspot_gulf_of_guinea,Gulf of Guinea
2012-02-28,2012,4.2,6.93333333333,0,5,15,PIRATES,REFRIGERATED CARGO SHIP,NGA,hotspot_gulf_of_guinea,Gulf of Guinea
2012-02-26,2012,5.26666666667,-4.01666666667,5,-5,80,PIRATES,SUPPLY SHIP,CIV,hotspot_gulf_of_guinea,Gulf of Guinea
2012-02-16,2012,6.3,3.33333333333,5,0,14,PIRATES,CHEMICAL TANKER,NGA,hotspot_gulf_of_guinea,Gulf of Guinea
2012-02-13,2012,4.71666666667,3.73333333333,0,0,13,PIRATES,BULK CARRIER,NGA,hotspot_gulf_of_guinea,Gulf of Guinea
2012-02-11,2012,5.18333333333,3.45,5,0,14,PIRATES,CARGO SHIP,NGA,hotspot_gulf_of_guinea,Gulf of Guinea
2012-02-09,2012,4.96166666667,2.27833333333,0,0,13,PIRATES,PRODUCT TANKER,BEN,hotspot_gulf_of_guinea,Gulf of Guinea
2012-02-09,2012,4.88333333333,-1.75,0,-5,12,PIRATES,TUG,GHA,hotspot_gulf_of_guinea,Gulf of Guinea
2012-02-04,2012,-4.76666666667,11.7833333333,-5,10,17,PIRATES,CONTAINER SHIP,COG,hotspot_gulf_of_guinea,Gulf of Guinea
2012-01-30,2012,-4.75,11.8,-5,10,17,PIRATES,GUARD VESSEL,COG,hotspot_gulf_of_guinea,Gulf of Guinea
2012-01-11,2012,5.21861111111,-4.04305555556,5,-5,80,PIRATES,CONTAINER SHIP,CIV,hotspot_gulf_of_guinea,Gulf of Guinea
2012-01-09,2012,3,7.46666666667,0,5,15,PIRATES,CONTAINER SHIP,GNQ,hotspot_gulf_of_guinea,Gulf of Guinea
2012-01-09,2012,3.35666666667,7.215,0,5,15,PIRATES,BULK CARRIER,NGA,hotspot_gulf_of_guinea,Gulf of Guinea
2012-01-03,2012,5.85833333333,3.09666666667,5,0,14,PIRATES,CHEMICAL TANKER,NGA,hotspot_gulf_of_guinea,Gulf of Guinea
2011-10-29,2011,3.44166666667,6.705,0,5,15,PIRATES,TANKER,NGA,hotspot_gulf_of_guinea,Gulf of Guinea
2011-10-26,2011,4.26,1.42666666667,0,0,13,PIRATES,REFRIGERATED CARGO SHIP,GHA,hotspot_gulf_of_guinea,Gulf of Guinea
2011-10-08,2011,4.91666666667,3.26666666667,0,0,13,PIRATES,PRODUCT TANKER,NGA,hotspot_gulf_of_guinea,Gulf of Guinea
2011-10-02,2011,4.1,2.85,0,0,13,PIRATES,CHEMICAL TANKER,BEN,hotspot_gulf_of_guinea,Gulf of Guinea
2011-09-24,2011,6.01666666667,1.25,5,0,14,PIRATES,CHEMICAL TANKER,TGO,hotspot_gulf_of_guinea,Gulf of Guinea
2011-09-22,2011,6.01666666667,1.25,5,0,14,PIRATES,CHEMICAL TANKER,TGO,hotspot_gulf_of_guinea,Gulf of Guinea
2011-09-16,2011,6.06166666667,1.29166666667,5,0,14,PIRATES,BULK CARRIER,TGO,hotspot_gulf_of_guinea,Gulf of Guinea
2011-09-14,2011,6.02316666667,1.305,5,0,14,PIRATES,CHEMICAL TANKER,TGO,hotspot_gulf_of_guinea,Gulf of Guinea
2011-09-14,2011,6.01166666667,1.32666666667,5,0,14,PIRATES,PRODUCT TANKER,TGO,hotspot_gulf_of_guinea,Gulf of Guinea
2011-09-14,2011,6.36666666667,2.43333333333,5,0,14,PIRATES,TANKER,BEN,hotspot_gulf_of_guinea,Gulf of Guinea
2011-08-22,2011,-4.75,11.7616666667,-5,10,17,PIRATES,CONTAINER SHIP,COG,hotspot_gulf_of_guinea,Gulf of Guinea
2011-08-20,2011,5.63333333333,2.65,5,0,14,PIRATES,CHEMICAL TANKER,BEN,hotspot_gulf_of_guinea,Gulf of Guinea
2011-08-07,2011,-4.765,11.7783333333,-5,10,17,PIRATES,CONTAINER SHIP,COG,hotspot_gulf_of_guinea,Gulf of Guinea
2011-08-01,2011,-4.8,11.85,-5,10,17,PIRATES,CARGO SHIP,COG,hotspot_gulf_of_guinea,Gulf of Guinea
2011-07-31,2011,6,2.48333333333,5,0,14,PIRATES,CHEMICAL TANKER,BEN,hotspot_gulf_of_guinea,Gulf of Guinea
2011-07-30,2011,5.7,3.08333333333,5,0,14,PIRATES,TANKER,NGA,hotspot_gulf_of_guinea,Gulf of Guinea
2011-07-24,2011,5.98933333333,2.40183333333,5,0,14,PIRATES,TANKER,BEN,hotspot_gulf_of_guinea,Gulf of Guinea
2011-07-19,2011,-8.41666666667,12.35,-10,10,16,PIRATES,TANKER,AGO,0,Outside of Hotspots
2011-07-16,2011,6.14666666667,2.51333333333,5,0,14,PIRATES,PRODUCT TANKER,BEN,hotspot_gulf_of_guinea,Gulf of Guinea
2011-07-06,2011,6.26,2.38333333333,5,0,14,PIRATES,TANKER,BEN,hotspot_gulf_of_guinea,Gulf of Guinea
2011-06-30,2011,6,2.48333333333,5,0,14,PIRATES,TANKER,BEN,hotspot_gulf_of_guinea,Gulf of Guinea
2011-06-26,2011,6.2,2.53333333333,5,0,14,PIRATES,CHEMICAL TANKER,BEN,hotspot_gulf_of_guinea,Gulf of Guinea
2011-06-24,2011,6.265,2.55666666667,5,0,14,PIRATES,TANKER,BEN,hotspot_gulf_of_guinea,Gulf of Guinea
2011-06-24,2011,6.15972222222,2.53333333333,5,0,14,PIRATES,CHEMICAL TANKER,BEN,hotspot_gulf_of_guinea,Gulf of Guinea
2011-06-24,2011,6.14305555556,2.47111111111,5,0,14,PIRATES,MERCHANT VESSEL,BEN,hotspot_gulf_of_guinea,Gulf of Guinea
2011-06-23,2011,-5.86666666667,13.4119444444,-10,10,16,PIRATES,REFRIGERATED CARGO SHIP,AGO,0,Outside of Hotspots
2011-06-23,2011,-5.86666666667,13.4119444444,-10,10,16,PIRATES,REFRIGERATED CARGO SHIP,COD,0,Outside of Hotspots
2011-06-18,2011,-5.865,13.0427777778,-10,10,16,PIRATES,REFRIGERATED CARGO SHIP,AGO,0,Outside of Hotspots
2011-06-14,2011,5.86666666667,2.6,5,0,14,PIRATES,CHEMICAL TANKER,BEN,hotspot_gulf_of_guinea,Gulf of Guinea
2011-06-08,2011,6.28333333333,2.51666666667,5,0,14,PIRATES,CHEMICAL TANKER,BEN,hotspot_gulf_of_guinea,Gulf of Guinea
2011-05-28,2011,-5.87583333333,13.0296666667,-10,10,16,PIRATES,MERCHANT VESSEL,AGO,0,Outside of Hotspots
2011-05-17,2011,-5.86666666667,13.0833333333,-10,10,16,PIRATES,CONTAINER SHIP,COD,0,Outside of Hotspots
2011-05-15,2011,6.25,2.43333333333,5,0,14,PIRATES,CHEMICAL TANKER,BEN,hotspot_gulf_of_guinea,Gulf of Guinea
2011-05-08,2011,6.265,2.445,5,0,14,PIRATES,CHEMICAL TANKER,BEN,hotspot_gulf_of_guinea,Gulf of Guinea
2011-05-08,2011,6,2.36666666667,5,0,14,PIRATES,TANKER,BEN,hotspot_gulf_of_guinea,Gulf of Guinea
2011-05-06,2011,4.90333333333,-1.72333333333,0,-5,12,PIRATES,SUPPORT VESSEL,GHA,hotspot_gulf_of_guinea,Gulf of Guinea
2011-04-29,2011,6.1,2.61666666667,5,0,14,PIRATES,TANKER,BEN,hotspot_gulf_of_guinea,Gulf of Guinea
2011-04-13,2011,5.26666666667,2.08333333333,5,0,14,PIRATES,CHEMICAL TANKER,BEN,hotspot_gulf_of_guinea,Gulf of Guinea
2011-04-11,2011,4.65,8.36866666667,0,5,15,PIRATES,SUPPLY SHIP,NGA,hotspot_gulf_of_guinea,Gulf of Guinea
2011-03-21,2011,3.7,-1.96666666667,0,-5,12,PIRATES,TANKER,GHA,hotspot_gulf_of_guinea,Gulf of Guinea
2011-03-03,2011,6.31166666667,3.41666666667,5,0,14,PIRATES,TANKER,NGA,hotspot_gulf_of_guinea,Gulf of Guinea
2011-02-10,2011,5.53166666667,3.63333333333,5,0,14,PIRATES,CHEMICAL TANKER,NGA,hotspot_gulf_of_guinea,Gulf of Guinea
2011-01-27,2011,4.19333333333,6.97166666667,0,5,15,PIRATES,TUG BOAT,NGA,hotspot_gulf_of_guinea,Gulf of Guinea
2017-03-02,2017,4.46666666667,2.5,0,0,13,Suspicious Approach,Vessel,BEN,hotspot_gulf_of_guinea,Gulf of Guinea
2017-11-19,2017,-1.93333333333,47.95,-5,45,29,Pirates,Vessel,High Seas,0,Outside of Hotspots
2017-11-18,2017,-1.86666666667,49.3833333333,-5,45,29,Pirates,Vessel,High Seas,0,Outside of Hotspots
2017-11-18,2017,-1.93333333333,49.3833333333,-5,45,29,Pirates,Fishing Vessel,High Seas,0,Outside of Hotspots
2017-11-17,2017,-1.91666666667,47.9333333333,-5,45,29,Pirates,Vessel,High Seas,0,Outside of Hotspots
2017-09-28,2017,-6.76666666667,39.35,-10,35,83,Robbers,Vessel,TZA,0,Outside of Hotspots
2017-07-02,2017,-14.3666666667,40.7,-15,40,22,Robbers,Container Vessel,MOZ,0,Outside of Hotspots
2017-06-19,2017,-4.06666666667,39.65,-5,35,21,Robbers,Tanker,High Seas,0,Outside of Hotspots
2017-05-23,2017,7.75,50.2166666667,5,50,36,Pirates,Fishing Vessel,SOM,hotspot_gulf_of_aden,Gulf of Aden
2017-04-22,2017,5.7,48.8833333333,5,45,134,Pirates,Tanker,SOM,hotspot_gulf_of_aden,Gulf of Aden
2017-04-22,2017,5.65,48.95,5,45,134,Pirates,Vessel,SOM,hotspot_gulf_of_aden,Gulf of Aden
2017-04-04,2017,3.61666666667,48.7833333333,0,45,109,Pirates,Vessel,SOM,0,Outside of Hotspots
2017-04-01,2017,7.96666666667,49.85,5,45,134,Pirates,Vessel,SOM,hotspot_gulf_of_aden,Gulf of Aden
2017-03-24,2017,7.96666666667,49.8833333333,5,45,134,Pirates,Vessel,SOM,hotspot_gulf_of_aden,Gulf of Aden
2017-03-22,2017,-19.8,34.8333333333,-20,30,82,Robbers,Bulk Carrier,High Seas,0,Outside of Hotspots
2017-01-12,2017,-20.9333333333,55.2833333333,-25,55,161,Robbers,Sailing Vessel,REU,0,Outside of Hotspots
2016-11-05,2016,-21.65,35.4166666667,-25,35,149,Robbers,Sailing Vessel,MOZ,0,Outside of Hotspots
2016-10-30,2016,-15.7166666667,46.3,-20,45,150,Robbers,Sailing Vessel,High Seas,0,Outside of Hotspots
2016-10-22,2016,4.46666666667,53.3666666667,0,50,35,Pirates,Vessel,High Seas,0,Outside of Hotspots
2016-10-22,2016,4.91666666667,53,0,50,35,Pirates,Chemical Tanker,High Seas,0,Outside of Hotspots
2016-09-07,2016,6.03333333333,49.1,5,45,134,Pirates,Fishing Vessel,SOM,hotspot_gulf_of_aden,Gulf of Aden
2016-09-06,2016,-19.8166666667,34.8333333333,-20,30,82,Robbers,Tanker,MOZ,0,Outside of Hotspots
2016-05-23,2016,29.8666666667,31.0166666667,25,30,19,Robbers,Tanker,High Seas,0,Outside of Hotspots
2016-05-02,2016,-4.05,39.65,-5,35,21,Robber,Product Tanker,High Seas,0,Outside of Hotspots
2016-03-03,2016,-4.06666666667,39.65,-5,35,21,Robber,Product Tanker,High Seas,0,Outside of Hotspots
2015-11-22,2015,6.26666666667,53.5,5,50,36,Pirates,Fishing Vessel,High Seas,0,Outside of Hotspots
2015-07-21,2015,-4.61666666667,55.4666666667,-5,55,40,Robbers,Sailing Yacht,High Seas,0,Outside of Hotspots
2015-07-21,2015,-4.61666666667,55.4666666667,-5,55,40,Robbers,Sailing Yacht,High Seas,0,Outside of Hotspots
2015-07-20,2015,-4.06666666667,39.6666666667,-5,35,21,Robbers,Product Tanker,High Seas,0,Outside of Hotspots
2015-06-27,2015,-4.03333333333,39.6333333333,-5,35,21,Robbers,Tanker,High Seas,0,Outside of Hotspots
2015-03-23,2015,5.06666666667,48.3333333333,5,45,134,Pirates,Fishing Boat,SOM,hotspot_gulf_of_aden,Gulf of Aden
2014-12-16,2014,-19.8,34.8166666667,-20,30,82,Robbers,Chemical tanker,MOZ,0,Outside of Hotspots
2014-08-20,2014,-12.2,49.4166666667,-15,45,27,Robber,Sailing Vessel,MDG,0,Outside of Hotspots
2014-02-13,2014,1.11666666667,44.5666666667,0,40,108,Pirates,RO-RO Vessel,SOM,0,Outside of Hotspots
2014-02-13,2014,1.11666666667,44.1166666667,0,40,108,PIRATES,MERCHANT VESSEL,SOM,0,Outside of Hotspots
2014-01-28,2014,-6.81666666667,39.3666666667,-10,35,83,Robbers,Bulk carrier,TZA,0,Outside of Hotspots
2014-01-16,2014,-6.81666666667,39.2833333333,-10,35,83,Robbers,Bulk carrier,High Seas,0,Outside of Hotspots
2013-11-25,2013,-4.06666666667,39.6833333333,-5,35,21,ROBBERS,CONTAINER SHIP,High Seas,0,Outside of Hotspots
2013-11-11,2013,-7.31666666667,48.6,-10,45,28,PIRATES,Chemical tanker Torm Kansas,SYC,0,Outside of Hotspots
2013-11-09,2013,-7.33333333333,48.6166666667,-10,45,28,PIRATES,CHEMICAL TANKER,SYC,0,Outside of Hotspots
2013-11-06,2013,-5.66666666667,46.9833333333,-10,45,28,Pirates,Merchant vessel,High Seas,0,Outside of Hotspots
2013-10-15,2013,-19.8166666667,34.8333333333,-20,30,82,ROBBERS,CONTAINER SHIP,MOZ,0,Outside of Hotspots
2013-10-11,2013,5.31666666667,52.5166666667,5,50,36,PIRATES,TANKER ISLAND SPLENDOR,High Seas,0,Outside of Hotspots
2013-06-01,2013,-19.8166666667,34.8333333333,-20,30,82,ROBBERS,CHEMICAL TANKER ESHIPS LIWA,MOZ,0,Outside of Hotspots
2013-05-07,2013,1.88333333333,51.2166666667,0,50,35,PIRATES,FISHING VESSEL,High Seas,0,Outside of Hotspots
2013-04-02,2013,0.866666666667,44.0166666667,0,40,108,PIRATES,CARGO SHIP ALPHA KIRAWIRA,SOM,0,Outside of Hotspots
2013-03-24,2013,-6.83333333333,39.2833333333,-10,35,83,ROBBERS,CONYAINER SHIP JPO SAGITTARIUS,High Seas,0,Outside of Hotspots
2013-02-18,2013,7.23333333333,52.2833333333,5,50,36,SUSPICIOUS CRAFT,CARGO SHIP,SOM,hotspot_gulf_of_aden,Gulf of Aden
2013-01-05,2013,3.11666666667,51.85,0,50,35,PIRATES,CONTAINER VESSEL MSC JASMINE,High Seas,0,Outside of Hotspots
2013-01-01,2013,2.3,46.0333333333,0,45,109,SUSPICIOUS CRAFT,MERCHANT VESSEL,SOM,0,Outside of Hotspots
2012-10-24,2012,8.66666666667,50.6666666667,5,50,36,PIRATES,MILITARY VESSEL,SOM,hotspot_gulf_of_aden,Gulf of Aden
2012-10-19,2012,8.86666666667,50.4666666667,5,50,36,PIRATES,FISHING VESSEL,SOM,hotspot_gulf_of_aden,Gulf of Aden
2012-10-10,2012,0.516666666667,50.6166666667,0,50,35,PIRATES,FISHING VESSEL,High Seas,0,Outside of Hotspots
2012-10-10,2012,0.433333333333,50.65,0,50,35,PIRATES,MERCHANT VESSEL,High Seas,0,Outside of Hotspots
2012-08-10,2012,-3.36666666667,83.2,-5,80,87,PIRATES,MERCHANT VESSEL,High Seas,0,Outside of Hotspots
2012-07-18,2012,-19.8166666667,34.8333333333,-20,30,82,PIRATES,CONTAINER VESSEL,MOZ,0,Outside of Hotspots
2012-07-03,2012,-6.83333333333,39.2833333333,-10,35,83,PIRATES,CONTAINER SHIP,High Seas,0,Outside of Hotspots
2012-05-24,2012,-4.03333333333,39.6333333333,-5,35,21,PIRATES,CHEMICAL TANKER,High Seas,0,Outside of Hotspots
2012-04-13,2012,-11.3,41,-15,40,22,PIRATES,BULK CARRIER,MOZ,0,Outside of Hotspots
2012-03-29,2012,-19.8,34.1166666667,-20,30,82,PIRATES,CHEMICAL TANKER,High Seas,0,Outside of Hotspots
2012-03-28,2012,6.30833333333,50.2172222222,5,50,36,Pirates,Fishing Vessel,SOM,hotspot_gulf_of_aden,Gulf of Aden
2012-03-28,2012,8.5,53,5,50,36,Suspicious Craft,N/A,SOM,hotspot_gulf_of_aden,Gulf of Aden
2012-03-26,2012,-5.35,49.3,-10,45,28,PIRATES,TANKER,High Seas,0,Outside of Hotspots
2012-03-26,2012,-10,50,-10,50,33,PIRATES,FISHING VESSEL,SYC,0,Outside of Hotspots
2012-03-19,2012,5.66666666667,53.3833333333,5,50,36,Pirates,Container Ship,High Seas,0,Outside of Hotspots
2012-03-17,2012,5.78333333333,53.8333333333,5,50,36,Suspicious craft,Merchant Vessel,High Seas,0,Outside of Hotspots
2012-02-18,2012,-5.48333333333,64.0333333333,-10,60,85,PIRATES,CHEMICAL TANKER,High Seas,0,Outside of Hotspots
2012-02-08,2012,-4.3,59.9833333333,-5,55,40,PIRATES,VLCC,High Seas,0,Outside of Hotspots
2012-02-06,2012,-5.05,66.1333333333,-10,65,86,PIRATES,CHEMICAL TANKER,High Seas,0,Outside of Hotspots
2012-01-23,2012,-6.68333333333,39.3333333333,-10,35,83,PIRATES,CHEMICAL TANKER,TZA,0,Outside of Hotspots
2012-01-12,2012,-1.61666666667,46,-5,45,29,PIRATES,Naval Auxiliary Ship,High Seas,0,Outside of Hotspots
2011-11-21,2011,-4.05,42.9166666667,-5,40,24,PIRATES,CONTAINER SHIP,KEN,0,Outside of Hotspots
2011-11-11,2011,-3.93333333333,47.2333333333,-5,45,29,PIRATES,CONTAINER SHIP,High Seas,0,Outside of Hotspots
2011-11-03,2011,-6.16666666667,51.1666666667,-10,50,33,PIRATES,FISHING VESSEL,SYC,0,Outside of Hotspots
2011-11-03,2011,-5.33333333333,42.68,-10,40,23,PIRATES,MERCHANT VESSELS,TZA,0,Outside of Hotspots
2011-11-01,2011,-1.35,52.35,-5,50,34,PIRATES,FISHING VESSEL,High Seas,0,Outside of Hotspots
2011-11-01,2011,-8.16666666667,46.1,-10,45,28,PIRATES,CHEMICAL TANKER,SYC,0,Outside of Hotspots
2011-10-31,2011,-4.32166666667,43.7116666667,-5,40,24,PIRATES,TANKER,High Seas,0,Outside of Hotspots
2011-10-31,2011,-2.38333333333,49.4833333333,-5,45,29,PIRATES,FISHING VESSEL,High Seas,0,Outside of Hotspots
2011-10-30,2011,-4.33333333333,43.6833333333,-5,40,24,PIRATES,TANKER,KEN,0,Outside of Hotspots
2011-10-20,2011,-1.2,58.5333333333,-5,55,40,PIRATES,MERCHANT VESSEL,High Seas,0,Outside of Hotspots
2011-10-20,2011,-1.19166666667,58.5383333333,-5,55,40,PIRATES,HEAVY LOAD CARRIER,High Seas,0,Outside of Hotspots
2011-10-20,2011,-4.58083333333,55.4116666667,-5,55,40,PIRATES,CARGO SHIP,SYC,0,Outside of Hotspots
2011-10-17,2011,-6.43333333333,40.1,-10,40,23,PIRATES,CONTAINER SHIP,TZA,0,Outside of Hotspots
2011-10-17,2011,-6.45,40.1333333333,-10,40,23,PIRATES,FISHING VESSEL,TZA,0,Outside of Hotspots
2011-10-16,2011,-5.01666666667,40.05,-10,40,23,PIRATES,MERCHANT VESSEL,TZA,0,Outside of Hotspots
2011-10-15,2011,0.9,50.2166666667,0,50,35,PIRATES,FISHING VESSEL,High Seas,0,Outside of Hotspots
2011-10-15,2011,0.65,50.5333333333,0,50,35,PIRATES,FISHING VESSEL,High Seas,0,Outside of Hotspots
2011-10-11,2011,-11.4383333333,42.58,-15,40,22,PIRATES,BULK CARRIER,COM,0,Outside of Hotspots
2011-10-06,2011,-6.01666666667,42.3333333333,-10,40,23,PIRATES,MERCHANT VESSEL,TZA,0,Outside of Hotspots
2011-10-06,2011,-6.05833333333,42.2633333333,-10,40,23,PIRATES,CONTAINER SHIP,TZA,0,Outside of Hotspots
2011-10-03,2011,-7.81666666667,40.2333333333,-10,40,23,PIRATES,OILER,TZA,0,Outside of Hotspots
2011-09-22,2011,-12.2683333333,43.325,-15,40,22,PIRATES,MERCHANT VESSEL,COM,0,Outside of Hotspots
2011-09-21,2011,-12.7766666667,46.3083333333,-15,45,27,PIRATES,CONTAINER SHIP,MYT,0,Outside of Hotspots
2011-09-20,2011,-4.21666666667,42.3833333333,-5,40,24,PIRATES,MERCHANT VESSEL,KEN,0,Outside of Hotspots
2011-09-20,2011,-4.78333333333,44.5833333333,-5,40,24,PIRATES,CARGO SHIP,High Seas,0,Outside of Hotspots
2011-09-17,2011,-3.91,41.0783333333,-5,40,24,PIRATES,CARGO SHIP,KEN,0,Outside of Hotspots
2011-08-01,2011,-4.06166666667,39.6433333333,-5,35,21,PIRATES,CONTAINER SHIP,High Seas,0,Outside of Hotspots
2011-06-15,2011,9.3,51.25,5,50,36,PIRATES,CARGO SHIP,SOM,hotspot_gulf_of_aden,Gulf of Aden
2011-05-26,2011,6.15,50.55,5,50,36,PIRATES,MERCHANT VESSELS,SOM,hotspot_gulf_of_aden,Gulf of Aden
2011-05-18,2011,-11.9333333333,58.6833333333,-15,55,39,PIRATES,MERCHANT VESSEL,MUS,0,Outside of Hotspots
2011-05-17,2011,-9.41,40.7433333333,-10,40,23,PIRATES,VEHICLE CARRIER,TZA,0,Outside of Hotspots
2011-05-17,2011,-8.98333333333,40.9333333333,-10,40,23,PIRATES,FISHING VESSEL,TZA,0,Outside of Hotspots
2011-05-17,2011,6.83333333333,51.3666666667,5,50,36,PIRATES,CARGO SHIP,SOM,hotspot_gulf_of_aden,Gulf of Aden
2011-04-30,2011,-7,41.3666666667,-10,40,23,PIRATES,CHEMICAL TANKER,TZA,0,Outside of Hotspots
2011-04-27,2011,-10.7333333333,41.4166666667,-15,40,22,PIRATES,RESEARCH VESSEL,MOZ,0,Outside of Hotspots
2011-04-24,2011,-6.95,45.6666666667,-10,45,28,PIRATES,CHEMICAL TANKER,SYC,0,Outside of Hotspots
2011-04-24,2011,-4.16333333333,47.7166666667,-5,45,29,PIRATES,CHEMICAL TANKER,High Seas,0,Outside of Hotspots
2011-04-03,2011,-5.58333333333,40.3333333333,-10,40,23,PIRATES,BULK CARRIER,TZA,0,Outside of Hotspots
2011-03-26,2011,-11.1333333333,42.9666666667,-15,40,22,PIRATES,CONATAINER SHIP,COM,0,Outside of Hotspots
2011-03-21,2011,3.78333333333,53,0,50,35,PIRATES,TANKER,High Seas,0,Outside of Hotspots
2011-03-19,2011,-3.9,42.925,-5,40,24,PIRATES,CONTAINER SHIP,KEN,0,Outside of Hotspots
2011-03-06,2011,7.4,51.8333333333,5,50,36,PIRATES,TUG BOAT,SOM,hotspot_gulf_of_aden,Gulf of Aden
2011-03-01,2011,-2.4,46.1166666667,-5,45,29,PIRATES,FISHING VESSEL,High Seas,0,Outside of Hotspots
2011-02-19,2011,-11.55,50.75,-15,50,32,PIRATES,CONTAINER SHIP,SYC,0,Outside of Hotspots
2011-01-25,2011,-1.75,51,-5,50,34,PIRATES,MERCHANT VESSEL,High Seas,0,Outside of Hotspots
2011-01-18,2011,3.16666666667,51.1833333333,0,50,35,PIRATES,MERCHANT VESSEL,High Seas,0,Outside of Hotspots
2017-12-14,2017,13.9333333333,49.85,10,45,30,Suspicious Approach,Vessel,YEM,hotspot_gulf_of_aden,Gulf of Aden
2017-12-12,2017,24.95,57.7,20,55,44,Suspicious Approach,Tanker,IRN,0,Outside of Hotspots
2017-12-07,2017,14.5333333333,42.7833333333,10,40,25,Pirates,Vessel,YEM,hotspot_gulf_of_aden,Gulf of Aden
2017-11-21,2017,14.1333333333,48.95,10,45,30,Pirates,Vessel,YEM,hotspot_gulf_of_aden,Gulf of Aden
2017-11-19,2017,14.0666666667,51.7833333333,10,50,37,Suspicious Approach,Vessel,YEM,hotspot_gulf_of_aden,Gulf of Aden
2017-11-08,2017,12.5,43.6166666667,10,40,25,Suspicous Approach,Vessel,DJI,hotspot_gulf_of_aden,Gulf of Aden
2017-10-24,2017,11.8333333333,54.5,10,50,37,Pirates,Fishing Vessel,YEM,0,Outside of Hotspots
2017-10-24,2017,11.8333333333,54.5833333333,10,50,37,Pirates,Vessel,YEM,0,Outside of Hotspots
2017-10-20,2017,12.2666666667,53.8166666667,10,50,37,Pirates,Vessel,YEM,hotspot_gulf_of_aden,Gulf of Aden
2017-10-15,2017,13.3333333333,47.9166666667,10,45,30,Suspicious Approach,Vessel,YEM,hotspot_gulf_of_aden,Gulf of Aden
2017-10-07,2017,11.9333333333,44.7166666667,10,40,25,Suspicious Approach,Vessel,YEM,hotspot_gulf_of_aden,Gulf of Aden
2017-10-06,2017,12.9833333333,47.9,10,45,30,Pirates,Vessel,YEM,hotspot_gulf_of_aden,Gulf of Aden
2017-10-06,2017,13.2166666667,50.5,10,50,37,Suspicious Approach,Vessel,SOM,hotspot_gulf_of_aden,Gulf of Aden
2017-09-28,2017,15.8833333333,52.3333333333,15,50,38,Pirates,Tanker,YEM,hotspot_gulf_of_aden,Gulf of Aden
2017-09-28,2017,15.1333333333,52.4833333333,15,50,38,Pirates,Tanker,YEM,hotspot_gulf_of_aden,Gulf of Aden
2017-09-26,2017,12.1333333333,44.25,10,40,25,Suspicious Approach,Vessel,YEM,hotspot_gulf_of_aden,Gulf of Aden
2017-09-22,2017,12.6166666667,47.4666666667,10,45,30,Suspicious Approach,Vessel,YEM,hotspot_gulf_of_aden,Gulf of Aden
2017-08-28,2017,13,43.1666666667,10,40,25,Suspicious Approach,Vessel,ERI,hotspot_gulf_of_aden,Gulf of Aden
2017-08-19,2017,12.8333333333,43.2,10,40,25,Suspicious Approach,Vessel,ERI,hotspot_gulf_of_aden,Gulf of Aden
2017-08-18,2017,12.6333333333,43.35,10,40,25,Suspicious Approach,Vessel,YEM,hotspot_gulf_of_aden,Gulf of Aden
2017-08-10,2017,13.2,42.9666666667,10,40,25,Suspicious Approach,Vessel,ERI,hotspot_gulf_of_aden,Gulf of Aden
2017-07-29,2017,14.2666666667,51.1333333333,10,50,37,Suspicious Approach,Vessel,YEM,hotspot_gulf_of_aden,Gulf of Aden
2017-07-29,2017,13.3166666667,43.25,10,40,25,Pirates,Vessel,High Seas,hotspot_gulf_of_aden,Gulf of Aden
2017-07-25,2017,14.8833333333,42.45,10,40,25,Suspicious Approach,Vessel,YEM,hotspot_gulf_of_aden,Gulf of Aden
2017-07-11,2017,25.5166666667,57.4166666667,25,55,45,Pirates,Vessel,IRN,0,Outside of Hotspots
2017-07-05,2017,14.3,42.35,10,40,25,Suspicious Approach,Vessel,ERI,hotspot_gulf_of_aden,Gulf of Aden
2017-06-30,2017,12.8833333333,43.1833333333,10,40,25,Suspicious Approach,Vessel,ERI,hotspot_gulf_of_aden,Gulf of Aden
2017-06-28,2017,12.4666666667,43.7333333333,10,40,25,Suspicous Approach,Vessel,YEM,hotspot_gulf_of_aden,Gulf of Aden
2017-06-25,2017,14.7333333333,42.1,10,40,25,Suspicious Approach,Vessel,YEM,hotspot_gulf_of_aden,Gulf of Aden
2017-06-13,2017,12.9333333333,43.2,10,40,25,Suspicious Approach,Vessel,ERI,hotspot_gulf_of_aden,Gulf of Aden
2017-06-13,2017,12.9333333333,43.2,10,40,25,Suspicious Approach,Vessel,ERI,hotspot_gulf_of_aden,Gulf of Aden
2017-06-03,2017,12.95,43.1,10,40,25,Suspicious Approach,Vessel,ERI,hotspot_gulf_of_aden,Gulf of Aden
2017-06-01,2017,23.5333333333,60.4333333333,20,60,49,Pirates,Tanker,OMN,0,Outside of Hotspots
2017-05-31,2017,12.5833333333,43.4166666667,10,40,25,Pirates,TAnker,YEM,hotspot_gulf_of_aden,Gulf of Aden
2017-05-28,2017,13.3166666667,43.25,10,40,25,Robbers,Vessel,High Seas,hotspot_gulf_of_aden,Gulf of Aden
2017-05-16,2017,14.15,52.3833333333,10,50,37,Suspicious Approach,Bulk Carrier,YEM,hotspot_gulf_of_aden,Gulf of Aden
2017-05-07,2017,25.5333333333,57.55,25,55,45,Pirates,Vessel,IRN,0,Outside of Hotspots
2017-05-03,2017,13.1666666667,49.3,10,45,30,Suspicious Approach,Vessel,YEM,hotspot_gulf_of_aden,Gulf of Aden
2017-05-02,2017,12.4333333333,43.8333333333,10,40,25,Suspicious Approach,Vessel,YEM,hotspot_gulf_of_aden,Gulf of Aden
2017-05-01,2017,12.1333333333,44.2666666667,10,40,25,Suspicious Approach,Vessel,YEM,hotspot_gulf_of_aden,Gulf of Aden
2017-04-25,2017,17.1333333333,42.3333333333,15,40,26,Pirates,Vessel,SAU,hotspot_gulf_of_aden,Gulf of Aden
2017-04-16,2017,12.8183333333,43.2666666667,10,40,25,Suspicious Approach,Container Vessel,ERI,hotspot_gulf_of_aden,Gulf of Aden
2017-04-15,2017,12.8833333333,48.0333333333,10,45,30,Pirates,Product Tanker,YEM,hotspot_gulf_of_aden,Gulf of Aden
2017-04-15,2017,12.8833333333,47.95,10,45,30,Pirates,Vessel,YEM,hotspot_gulf_of_aden,Gulf of Aden
2017-04-14,2017,15.9333333333,52.35,15,50,38,Pirates,Vessel,YEM,hotspot_gulf_of_aden,Gulf of Aden
2017-04-14,2017,15.9333333333,52.35,15,50,38,Pirates,Vessel,YEM,hotspot_gulf_of_aden,Gulf of Aden
2017-04-09,2017,14.3333333333,53.1833333333,10,50,37,Suspicious Approach,Vessel,YEM,hotspot_gulf_of_aden,Gulf of Aden
2017-04-08,2017,14.15,51.6166666667,10,50,37,Suspicious Approach,Tanker,YEM,hotspot_gulf_of_aden,Gulf of Aden
2017-04-08,2017,14.0166666667,51.6,10,50,37,Pirates,Vessel,YEM,hotspot_gulf_of_aden,Gulf of Aden
2017-04-03,2017,13.1666666667,43.05,10,40,25,Suspicious Approach,Vessel,ERI,hotspot_gulf_of_aden,Gulf of Aden
2017-03-24,2017,7.96666666667,49.8833333333,5,45,134,Mothership Activity,Vessel,SOM,hotspot_gulf_of_aden,Gulf of Aden
2017-03-13,2017,11.7833333333,50.5166666667,10,50,37,Pirates,Tanker,SOM,hotspot_gulf_of_aden,Gulf of Aden
2017-03-10,2017,13.7666666667,42.2166666667,10,40,25,Pirates,Vessel,ERI,hotspot_gulf_of_aden,Gulf of Aden
2017-03-09,2017,13.8666666667,50.3333333333,10,50,37,Suspicous Approach,Vessel,YEM,hotspot_gulf_of_aden,Gulf of Aden
2017-03-09,2017,13.8666666667,50.3333333333,10,50,37,Pirates,Vessel,YEM,hotspot_gulf_of_aden,Gulf of Aden
2017-03-07,2017,13.2,48.9666666667,10,45,30,Suspicious Approach,Vessel,YEM,hotspot_gulf_of_aden,Gulf of Aden
2017-02-12,2017,15,52.1,15,50,38,Suspicous Approach,Vessel,YEM,hotspot_gulf_of_aden,Gulf of Aden
2017-01-30,2017,14.8166666667,42.3666666667,10,40,25,Pirates,Warship,YEM,hotspot_gulf_of_aden,Gulf of Aden
2016-12-23,2016,15.7666666667,41.3,15,40,26,Suspicious Approach,Vessel,ERI,hotspot_gulf_of_aden,Gulf of Aden
2016-12-22,2016,12.6833333333,43.3333333333,10,40,25,Suspicious Approach,Vessel,YEM,hotspot_gulf_of_aden,Gulf of Aden
2016-10-26,2016,12.5333333333,43.55,10,40,25,Pirates,Product Tanker,DJI,hotspot_gulf_of_aden,Gulf of Aden
2016-10-25,2016,12.6666666667,43.4166666667,10,40,25,Pirates,Tanker,YEM,hotspot_gulf_of_aden,Gulf of Aden
2016-10-15,2016,13.1833333333,42.9333333333,10,40,25,Pirates,Naval Vessel,ERI,hotspot_gulf_of_aden,Gulf of Aden
2016-10-12,2016,13.1833333333,42.9333333333,10,40,25,Pirates,Naval Vessel,ERI,hotspot_gulf_of_aden,Gulf of Aden
2016-10-09,2016,14.0333333333,42.4666666667,10,40,25,Pirates,Naval Vessel,ERI,hotspot_gulf_of_aden,Gulf of Aden
2016-10-03,2016,14.0166666667,42.8333333333,10,40,25,Suspicious Approach,Chemical Tanker,YEM,hotspot_gulf_of_aden,Gulf of Aden
2016-10-01,2016,12.565,43.5483333333,10,40,25,Pirates,Vessel,YEM,hotspot_gulf_of_aden,Gulf of Aden
2016-07-22,2016,13.6333333333,42.6,10,40,25,Pirates,Cable Laying Vessel,ERI,hotspot_gulf_of_aden,Gulf of Aden
2016-05-16,2016,14.75,50.9666666667,10,50,37,Suspicious Approach,Vessel,YEM,hotspot_gulf_of_aden,Gulf of Aden
2016-04-24,2016,14.4333333333,49.1333333333,10,45,30,Pirates,Tanker,YEM,hotspot_gulf_of_aden,Gulf of Aden
2016-02-03,2016,29.1666666667,49.25,25,45,31,Pirates,Fishing Boat,KWT,0,Outside of Hotspots
2015-11-20,2015,13.2,49,10,45,30,Suspicious Approach,Cargo Ship,YEM,hotspot_gulf_of_aden,Gulf of Aden
2015-07-05,2015,17.6666666667,83.4,15,80,60,Robbers,Product Tanker,IND,0,Outside of Hotspots
2015-02-08,2015,12.3666666667,48,10,45,30,Robbers,Chemical Tanker,SOM,hotspot_gulf_of_aden,Gulf of Aden
2014-12-30,2014,15.1,42,15,40,26,Pirates,Tanker,YEM,hotspot_gulf_of_aden,Gulf of Aden
2014-11-12,2014,12.5833333333,43.3333333333,10,40,25,Pirates,Cargo Ship,DJI,hotspot_gulf_of_aden,Gulf of Aden
2014-10-15,2014,12.6833333333,48.6666666667,10,45,30,Pirates,Merchant vessel,YEM,hotspot_gulf_of_aden,Gulf of Aden
2014-10-15,2014,13.55,50.45,10,50,37,Pirates,Yacht,YEM,hotspot_gulf_of_aden,Gulf of Aden
2014-08-20,2014,12.8,43.2333333333,10,40,25,Suspicious Approach,Tanker,ERI,hotspot_gulf_of_aden,Gulf of Aden
2014-08-18,2014,12.9666666667,43.2833333333,10,40,25,Pirates,Bulk carrier,YEM,hotspot_gulf_of_aden,Gulf of Aden
2014-07-23,2014,12.55,43.45,10,40,25,Pirates,Tanker,DJI,hotspot_gulf_of_aden,Gulf of Aden
2014-06-28,2014,13.25,49.1833333333,10,45,30,Suspicious Approach,Tanker,YEM,hotspot_gulf_of_aden,Gulf of Aden
2014-05-02,2014,15.75,41.4333333333,15,40,26,Suspicious Approach,Bulk Carrier,ERI,hotspot_gulf_of_aden,Gulf of Aden
2014-04-17,2014,12.4,43.7,10,40,25,Suspicious Approach,Underway bulk carrier,DJI,hotspot_gulf_of_aden,Gulf of Aden
2014-04-14,2014,12.4166666667,43.7166666667,10,40,25,Pirates,Oil Tanker,DJI,hotspot_gulf_of_aden,Gulf of Aden
2014-04-13,2014,13.9666666667,55.5333333333,10,55,42,Pirates,Chemical Tanker,YEM,0,Outside of Hotspots
2014-04-05,2014,12.5833333333,43.4333333333,10,40,25,Suspicious Approach,Chemical Tanker,YEM,hotspot_gulf_of_aden,Gulf of Aden
2014-04-05,2014,20.25,59.0333333333,20,55,44,Two skiffs and a dhow,Merchant vessel,OMN,0,Outside of Hotspots
2014-03-23,2014,13.3,42.8666666667,10,40,25,Suspicious Approach,Chemical tanker,ERI,hotspot_gulf_of_aden,Gulf of Aden
2014-03-06,2014,22.4516666667,60.4866666667,20,60,49,Suspicious Approach,Merchant vessel,OMN,0,Outside of Hotspots
2014-03-03,2014,12.5833333333,43.3333333333,10,40,25,Pirates,Tanker,DJI,hotspot_gulf_of_aden,Gulf of Aden
2014-02-08,2014,12.4,43.5333333333,10,40,25,Pirates,General cargo ship,DJI,hotspot_gulf_of_aden,Gulf of Aden
2014-01-18,2014,15.5166666667,39.95,15,35,120,Hijackers,Merchant vessel,ERI,hotspot_gulf_of_aden,Gulf of Aden
2014-01-17,2014,15.1,54.3833333333,15,50,38,Pirates,Product tanker,OMN,0,Outside of Hotspots
2013-12-09,2013,12.8666666667,47.8666666667,10,45,30,PIRATES,BULK CARGO SHIP,YEM,hotspot_gulf_of_aden,Gulf of Aden
2013-12-09,2013,12.8333333333,47.8166666667,10,45,30,PIRATES,TANKER,YEM,hotspot_gulf_of_aden,Gulf of Aden
2013-08-04,2013,22.3166666667,59.9666666667,20,55,44,Three skiffs,Crude oil tanker,OMN,0,Outside of Hotspots
2013-08-01,2013,13.6666666667,42.65,10,40,25,two skiffs,LPG tanker,YEM,hotspot_gulf_of_aden,Gulf of Aden
2013-07-27,2013,29.8333333333,32.5666666667,25,30,19,ROBBERS,CONTAINER SHIP,EGY,0,Outside of Hotspots
2013-07-16,2013,13.4666666667,43.0166666667,10,40,25,SUSPICIOUS CRAFT,CHEMICAL TANKER CONCORD,YEM,hotspot_gulf_of_aden,Gulf of Aden
2013-07-08,2013,13.1666666667,43.1,10,40,25,SUSPICIOUS CRAFT,BULK CARRIER,YEM,hotspot_gulf_of_aden,Gulf of Aden
2013-07-04,2013,12.9933333333,43.1116666667,10,40,25,PIRATES,MERCHANT VESSEL,ERI,hotspot_gulf_of_aden,Gulf of Aden
2013-06-21,2013,15.0333333333,41.7,15,40,26,SUSPICIOUS CRAFT,MERCHANT VESSEL,ERI,hotspot_gulf_of_aden,Gulf of Aden
2013-06-20,2013,12.7,43.3166666667,10,40,25,PIRATES,MERCHANT VESSEL,YEM,hotspot_gulf_of_aden,Gulf of Aden
2013-06-17,2013,25.55,57.3833333333,25,55,45,SUSPICIOUS CRAFT,VESSEL,IRN,0,Outside of Hotspots
2013-06-14,2013,12.6,43.4166666667,10,40,25,SUSPISIOUC CRAFT,TANKER,YEM,hotspot_gulf_of_aden,Gulf of Aden
2013-06-13,2013,13.0833333333,43.15,10,40,25,SUSPICIOUS CRAFT,MERCHANT VESSEL,YEM,hotspot_gulf_of_aden,Gulf of Aden
2013-06-05,2013,11.6,49.25,10,45,30,Pirates,DHOW SHAHE FAIZE NOORI,SOM,hotspot_gulf_of_aden,Gulf of Aden
2013-06-04,2013,15.3333333333,41.8333333333,15,40,26,PIRATES,MERCHANT VESSELS,YEM,hotspot_gulf_of_aden,Gulf of Aden
2013-05-21,2013,29.8333333333,32.55,25,30,19,ROBBERS,CONTAINER SHIP APL LE HAVRE,EGY,0,Outside of Hotspots
2013-05-20,2013,13.2,49.9333333333,10,45,30,SUSPICIOUS CRAFTS,TANKER ENJOY,SOM,hotspot_gulf_of_aden,Gulf of Aden
2013-05-20,2013,13.1833333333,48.9,10,45,30,SUSPICIOUS CRAFT,BULK CARRIER YONGXING,YEM,hotspot_gulf_of_aden,Gulf of Aden
2013-05-19,2013,12.2,44.3333333333,10,40,25,PIRATES,CARGO SHIP SE PELAGICA,YEM,hotspot_gulf_of_aden,Gulf of Aden
2013-05-19,2013,12.3166666667,43.9666666667,10,40,25,SUSPICIOUS CRAFTS,TANKER FIDELITY 2,YEM,hotspot_gulf_of_aden,Gulf of Aden
2013-05-19,2013,25.5333333333,57.45,25,55,45,SUSPICIOUS CRAFT,LPG TANKER,IRN,0,Outside of Hotspots
2013-05-16,2013,12.05,45.7,10,45,30,PIRATES,MERCHANT VESSEL,YEM,hotspot_gulf_of_aden,Gulf of Aden
2013-05-11,2013,13.5,50.0166666667,10,50,37,SUSPICIOUS CRAFT,MERCHANT SHIP,YEM,hotspot_gulf_of_aden,Gulf of Aden
2013-05-05,2013,13.6666666667,48.5,10,45,30,SUSPICIOUS CRAFT,TANKER,YEM,hotspot_gulf_of_aden,Gulf of Aden
2013-03-28,2013,11.8666666667,51.3,10,50,37,PIRATES,FISHING VESSEL,SOM,hotspot_gulf_of_aden,Gulf of Aden
2013-03-25,2013,14.0166666667,51.55,10,50,37,SUSPICIOUS CRAFT,TANKER,YEM,hotspot_gulf_of_aden,Gulf of Aden
2013-03-14,2013,13.65,50.8,10,50,37,SUSPICIOUS CRAFT,TANKER ORANGE STARS,YEM,hotspot_gulf_of_aden,Gulf of Aden
2013-03-04,2013,14.2833333333,49.85,10,45,30,SUSPICIOUS CRAFT,TANKER AL BUHAIRA,YEM,hotspot_gulf_of_aden,Gulf of Aden
2013-03-04,2013,26.6166666667,50.4333333333,25,50,110,ROBBERS,DHOW,SAU,0,Outside of Hotspots
2013-02-25,2013,20.8333333333,58.8833333333,20,55,44,SUSPICIOUS CRAFT,MERCHANT SHIP,OMN,0,Outside of Hotspots
2013-02-22,2013,23.1333333333,60.8166666667,20,60,49,SUSPECIOUS CRAFT,CARGO SHIP,OMN,0,Outside of Hotspots
2013-01-31,2013,21.3833333333,59.9833333333,20,55,44,SUSPICIOUS CRAFT,TANKER MEGACORE PANTHEA,OMN,0,Outside of Hotspots
2013-01-08,2013,12.6666666667,43.2666666667,10,40,25,SUSPICIOUS CRAFT,TANKER,High Seas,hotspot_gulf_of_aden,Gulf of Aden
2012-12-27,2012,26.2833333333,56.7166666667,25,55,45,PIRATES,MERCHANT VESSEL,OMN,0,Outside of Hotspots
2012-12-20,2012,24.7666666667,57.9,20,55,44,SUSPICIOUS CRAFT,TANKER TSURUMI,IRN,0,Outside of Hotspots
2012-12-20,2012,11.3016666667,49.1544444444,10,45,30,PIRATES,CARGO SHIP,SOM,hotspot_gulf_of_aden,Gulf of Aden
2012-12-20,2012,24.7816666667,57.9133333333,20,55,44,SUSPICIOUS CRAFT,TANKER,IRN,0,Outside of Hotspots
2012-12-16,2012,24.5833333333,57.5666666667,20,55,44,PIRATES,MERCHANT VESSEL,OMN,0,Outside of Hotspots
2012-12-15,2012,24.1666666667,59.1333333333,20,55,44,PIRATES,TANKER,OMN,0,Outside of Hotspots
2012-12-15,2012,24.55,58.0833333333,20,55,44,PIRATES,TANKER,OMN,0,Outside of Hotspots
2012-12-15,2012,24.6,57.5333333333,20,55,44,PIRATES,TANKER,OMN,0,Outside of Hotspots
2012-11-01,2012,16.4333333333,41.3833333333,15,40,26,PIRATES,MERCHANT VESSEL,SAU,hotspot_gulf_of_aden,Gulf of Aden
2012-11-01,2012,16.5833333333,41.4666666667,15,40,26,ROBBERS,TANKER,SAU,hotspot_gulf_of_aden,Gulf of Aden
2012-10-19,2012,13.0333333333,52.8666666667,10,50,37,PIRATES,FISHING VESSEL,YEM,hotspot_gulf_of_aden,Gulf of Aden
2012-10-05,2012,29.8166666667,32.55,25,30,19,ROBBERS,CONTAINER VESSEL,EGY,0,Outside of Hotspots
2012-09-24,2012,15.75,55.4333333333,15,55,43,PIRATES,DHOW,OMN,0,Outside of Hotspots
2012-07-27,2012,13.5666666667,42.65,10,40,25,PIRATES,BULK CARRIER,ERI,hotspot_gulf_of_aden,Gulf of Aden
2012-06-27,2012,14.3666666667,54.6333333333,10,50,37,PIRATES,Bulk Carrier,YEM,0,Outside of Hotspots
2012-06-25,2012,25.25,57.2666666667,25,55,45,PIRATES,LPG TANKER,IRN,0,Outside of Hotspots
2012-06-20,2012,20.4833333333,59.05,20,55,44,PIRATES,DHOW,OMN,0,Outside of Hotspots
2012-06-20,2012,20.8333333333,59.5,20,55,44,PIRATES,MERCHANT VESSEL,OMN,0,Outside of Hotspots
2012-06-18,2012,14.4666666667,50.75,10,50,37,PIRATES,MERCHANT VESSEL,YEM,hotspot_gulf_of_aden,Gulf of Aden
2012-06-18,2012,12.3166666667,43.95,10,40,25,PIRATES,BULK CARRIER,YEM,hotspot_gulf_of_aden,Gulf of Aden
2012-06-12,2012,13.3333333333,42.9333333333,10,40,25,PIRATES,TANKER,YEM,hotspot_gulf_of_aden,Gulf of Aden
2012-06-09,2012,24.8666666667,56.6333333333,20,55,44,PIRATES,CHEMICAL TANKER,OMN,0,Outside of Hotspots
2012-06-07,2012,25.5333333333,56.9833333333,25,55,45,PIRATES,VESSEL,IRN,0,Outside of Hotspots
2012-06-07,2012,11.9833333333,50.6166666667,10,50,37,PIRATES,MERCHANT VESSEL,SOM,hotspot_gulf_of_aden,Gulf of Aden
2012-06-07,2012,12.0466666667,50.685,10,50,37,PIRATES,MERCHANT VESSEL,SOM,hotspot_gulf_of_aden,Gulf of Aden
2012-05-23,2012,25.4666666667,57.3333333333,25,55,45,SUSPICIOUS CRAFT,MERCHANT VESSEL,IRN,0,Outside of Hotspots
2012-05-23,2012,25.4833333333,57.2666666667,25,55,45,PIRATES,CARGO VESSEL,IRN,0,Outside of Hotspots
2012-05-14,2012,29.8333333333,32.5166666667,25,30,19,PIRATES,PRODUCT TANKER,EGY,0,Outside of Hotspots
2012-05-10,2012,14.3,58.45,10,55,42,PIRATES,TANKER,High Seas,0,Outside of Hotspots
2012-05-10,2012,15.8,61.3,15,60,48,PIRATES,MERCHANT VESSEL,High Seas,0,Outside of Hotspots
2012-05-10,2012,15.9666666667,61.0333333333,15,60,48,PIRATES,OIL TANKER,High Seas,0,Outside of Hotspots
2012-05-04,2012,25.65,57.75,25,55,45,PIRATES,MERCHANT VESSEL,IRN,0,Outside of Hotspots
2012-05-04,2012,25.1833333333,56.6166666667,25,55,45,PIRATES,MERCHANT VESSEL,ARE,0,Outside of Hotspots
2012-04-29,2012,13.2666666667,42.9166666667,10,40,25,PIRATES,BULK CARRIER,ERI,hotspot_gulf_of_aden,Gulf of Aden
2012-04-26,2012,11.9333333333,44.65,10,40,25,PIRATES,TANKER,YEM,hotspot_gulf_of_aden,Gulf of Aden
2012-04-26,2012,11.9483333333,44.655,10,40,25,Pirates,Merchant Vessel,YEM,hotspot_gulf_of_aden,Gulf of Aden
2012-04-21,2012,15.3333333333,52.2,15,50,38,PIRATES,FISHING VESSEL,YEM,hotspot_gulf_of_aden,Gulf of Aden
2012-04-06,2012,25.4666666667,57.5333333333,25,55,45,PIRATES,CARGO VESSEL,IRN,0,Outside of Hotspots
2012-04-04,2012,21.6166666667,59.9833333333,20,55,44,PIRATES,BULK CARRIER,OMN,0,Outside of Hotspots
2012-04-04,2012,21.6333333333,59.9833333333,20,55,44,PIRATES,BULK CARRIER,OMN,0,Outside of Hotspots
2012-03-25,2012,14.3083333333,56.82,10,55,42,Pirates,Bulk Carrier,OMN,0,Outside of Hotspots
2012-03-25,2012,14.2833333333,56.85,10,55,42,PIRATES,MERCHANT VESSEL,OMN,0,Outside of Hotspots
2012-03-24,2012,22.6166666667,63.5166666667,20,60,49,Pirates,Merchant Vessel,PAK,0,Outside of Hotspots
2012-03-24,2012,20.8166666667,62.45,20,60,49,PIRATES,TANKER,OMN,0,Outside of Hotspots
2012-03-24,2012,20.8,62.45,20,60,49,Pirates,Merchant Vessel,OMN,0,Outside of Hotspots
2012-03-23,2012,22.6166666667,63.5166666667,20,60,49,SUSPICIOUS CRAFTS,CARGO VESSEL,PAK,0,Outside of Hotspots
2012-03-23,2012,16.9666666667,62.8,15,60,48,PIRATES,MERCHANT VESSEL,High Seas,0,Outside of Hotspots
2012-03-17,2012,13.15,48.8666666667,10,45,30,Pirates,Petroleum Tanker,YEM,hotspot_gulf_of_aden,Gulf of Aden
2012-03-11,2012,13.15,57.9333333333,10,55,42,Pirates,Container Carrier,High Seas,0,Outside of Hotspots
2012-03-11,2012,13.2166666667,57.8333333333,10,55,42,SUSPICIOUS CRAFT,MERCHANT VESSEL,YEM,0,Outside of Hotspots
2012-03-11,2012,13.15,57.9333333333,10,55,42,PIRATES,CONTAINER SHIP,High Seas,0,Outside of Hotspots
2012-03-10,2012,12.5416666667,43.4466666667,10,40,25,PIRATES,TANKER,DJI,hotspot_gulf_of_aden,Gulf of Aden
2012-03-06,2012,14.3333333333,52.75,10,50,37,Suspicious Craft,Tanker,YEM,hotspot_gulf_of_aden,Gulf of Aden
2012-03-06,2012,14.35,52.6,10,50,37,SUSPICIOUS CRAFT,MERCHANT VESSEL,YEM,hotspot_gulf_of_aden,Gulf of Aden
2012-03-02,2012,21.45,62.6166666667,20,60,49,PIRATES,MERCHANT VESSEL,OMN,0,Outside of Hotspots
2012-03-02,2012,21.45,62.6166666667,20,60,49,Pirates,Chemical Tanker,OMN,0,Outside of Hotspots
2012-02-28,2012,16.065,58.9816666667,15,55,43,PIRATES,CHEMICAL TANKER,OMN,0,Outside of Hotspots
2012-02-28,2012,15.0166666667,54.9333333333,15,50,38,PIRATES,MERCHANT VESSEL,OMN,0,Outside of Hotspots
2012-02-27,2012,12.4833333333,43.6833333333,10,40,25,PIRATES,BULK CARRIER,YEM,hotspot_gulf_of_aden,Gulf of Aden
2012-02-25,2012,26.1483333333,56.7016666667,25,55,45,PIRATES,CONTAINER SHIP,OMN,0,Outside of Hotspots
2012-02-25,2012,20.3266666667,59.39,20,55,44,PIRATES,CONTAINER SHIP,OMN,0,Outside of Hotspots
2012-02-22,2012,13.5,50.3666666667,10,50,37,PIRATES,TANKER,YEM,hotspot_gulf_of_aden,Gulf of Aden
2012-02-17,2012,18.1666666667,57.35,15,55,43,PIRATES,MERCHANT VESSEL,OMN,0,Outside of Hotspots
2012-02-15,2012,12.595,43.3416666667,10,40,25,PIRATES,CHEMICAL TANKER,YEM,hotspot_gulf_of_aden,Gulf of Aden
2012-02-09,2012,18.7333333333,61.5333333333,15,60,48,PIRATES,CONTAINER SHIP,OMN,0,Outside of Hotspots
2012-02-08,2012,13.5333333333,58.6,10,55,42,PIRATES,MERCHANT VESSEL,High Seas,0,Outside of Hotspots
2012-02-07,2012,16,62.4333333333,15,60,48,PIRATES,BULK CARRIER,High Seas,0,Outside of Hotspots
2012-02-07,2012,16.05,62.4333333333,15,60,48,PIRATES,BULK CARRIER,High Seas,0,Outside of Hotspots
2012-02-06,2012,12.7383333333,43.3183333333,10,40,25,PIRATES,CARGO SHIP,YEM,hotspot_gulf_of_aden,Gulf of Aden
2012-02-06,2012,12.73,43.2916666667,10,40,25,PIRATES,TANKER,YEM,hotspot_gulf_of_aden,Gulf of Aden
2012-01-24,2012,13.2066666667,43.0308333333,10,40,25,PIRATES,BULK CARRIER,YEM,hotspot_gulf_of_aden,Gulf of Aden
2012-01-17,2012,13.5333333333,55.7333333333,10,55,42,PIRATES,PIPE LAYER,YEM,0,Outside of Hotspots
2012-01-16,2012,15.0666666667,58.2833333333,15,55,43,PIRATES,TANKER,OMN,0,Outside of Hotspots
2012-01-16,2012,15.0333333333,58.2333333333,15,55,43,PIRATES,MERCHANT VESSEL,OMN,0,Outside of Hotspots
2012-01-14,2012,14.5333333333,49.1333333333,10,45,30,PIRATES,DHOW,YEM,hotspot_gulf_of_aden,Gulf of Aden
2012-01-12,2012,14.85,56.05,10,55,42,PIRATES,TANKER,OMN,0,Outside of Hotspots
2012-01-12,2012,14.85,56.05,10,55,42,PIRATES,MERCHANT VESSEL,OMN,0,Outside of Hotspots
2012-01-12,2012,14.8616666667,56.5333333333,10,55,42,PIRATES,TANKER,OMN,0,Outside of Hotspots
2012-01-05,2012,22.45,60.9833333333,20,60,49,PIRATES,BULK CARRIER,OMN,0,Outside of Hotspots
2012-01-04,2012,12.2433333333,44.1966666667,10,40,25,PIRATES,BULK CARRIER,YEM,hotspot_gulf_of_aden,Gulf of Aden
2012-01-04,2012,12.2833333333,44.1666666667,10,40,25,PIRATES,MERCHANT VESSEL,YEM,hotspot_gulf_of_aden,Gulf of Aden
2012-01-04,2012,13.1666666667,49.2,10,45,30,PIRATES,BULK CARRIER,YEM,hotspot_gulf_of_aden,Gulf of Aden
2012-01-04,2012,13.1666666667,49.2,10,45,30,PIRATES,BULK CARRIER,YEM,hotspot_gulf_of_aden,Gulf of Aden
2012-01-04,2012,12.2333333333,44.1833333333,10,40,25,PIRATES,TANKER,YEM,hotspot_gulf_of_aden,Gulf of Aden
2011-12-27,2011,18.3,57.6,15,55,43,PIRATES,CHEMICAL TANKER,OMN,0,Outside of Hotspots
2011-12-19,2011,12.6,47.0333333333,10,45,30,PIRATES,TANKER,YEM,hotspot_gulf_of_aden,Gulf of Aden
2011-12-19,2011,12.4,46.5166666667,10,45,30,PIRATES,MERCHANT VESSEL,YEM,hotspot_gulf_of_aden,Gulf of Aden
2011-12-04,2011,20.65,60,20,60,49,PIRATES,BULK CARRIER,OMN,0,Outside of Hotspots
2011-11-30,2011,12.3,44.05,10,40,25,PIRATES,BULK CARRIER,YEM,hotspot_gulf_of_aden,Gulf of Aden
2011-11-30,2011,12.3166666667,44.05,10,40,25,PIRATES,BULK CARRIER,YEM,hotspot_gulf_of_aden,Gulf of Aden
2011-11-29,2011,15.0166666667,56.6,15,55,43,PIRATES,BULK CARRIER,OMN,0,Outside of Hotspots
2011-11-26,2011,29.7666666667,32.5833333333,25,30,19,PIRATES,TANKER,EGY,0,Outside of Hotspots
2011-11-20,2011,12.45,43.7833333333,10,40,25,PIRATES,BULK CARRIER,YEM,hotspot_gulf_of_aden,Gulf of Aden
2011-11-18,2011,12.55,43.5166666667,10,40,25,PIRATES,MERCHANT VESSEL,DJI,hotspot_gulf_of_aden,Gulf of Aden
2011-11-15,2011,15.8166666667,55.0833333333,15,55,43,PIRATES,TANKER,OMN,0,Outside of Hotspots
2011-10-31,2011,12,45.55,10,45,30,PIRATES,CHEMICAL TANKER,YEM,hotspot_gulf_of_aden,Gulf of Aden
2011-10-31,2011,12.0333333333,45.6333333333,10,45,30,PIRATES,MERCHANT VESSEL,YEM,hotspot_gulf_of_aden,Gulf of Aden
2011-10-16,2011,14.4333333333,52.8166666667,10,50,37,PIRATES,CARGO SHIP,YEM,hotspot_gulf_of_aden,Gulf of Aden
2011-10-02,2011,16.45,62.95,15,60,48,PIRATES,MERCHANT VESSEL,High Seas,0,Outside of Hotspots
2011-10-02,2011,13.0333333333,48.85,10,45,30,PIRATES,MERCHANT VESSEL,YEM,hotspot_gulf_of_aden,Gulf of Aden
2011-10-02,2011,16.1,62.7833333333,15,60,48,PIRATES,MERCHANT VESSEL,High Seas,0,Outside of Hotspots
2011-10-02,2011,13.0166666667,48.8166666667,10,45,30,PIRATES,BULK CARRIER,YEM,hotspot_gulf_of_aden,Gulf of Aden
2011-10-02,2011,16.1055555556,62.7933333333,15,60,48,PIRATES,CARGO SHIP,High Seas,0,Outside of Hotspots
2011-09-28,2011,14.0697222222,41.8705555556,10,40,25,PIRATES,CONTAINER SHIP,ERI,hotspot_gulf_of_aden,Gulf of Aden
2011-09-28,2011,14.0333333333,42.8833333333,10,40,25,PIRATES,CHEMICAL TANKER,YEM,hotspot_gulf_of_aden,Gulf of Aden
2011-09-28,2011,14.3,42.8333333333,10,40,25,PIRATES,CHEMICAL TANKER,YEM,hotspot_gulf_of_aden,Gulf of Aden
2011-09-28,2011,14.0416666667,42.8166666667,10,40,25,PIRATES,CHEMICAL TANKER,YEM,hotspot_gulf_of_aden,Gulf of Aden
2011-09-28,2011,14.1,42.8166666667,10,40,25,PIRATES,CHEMICAL TANKER,YEM,hotspot_gulf_of_aden,Gulf of Aden
2011-09-25,2011,14.2333333333,42.8333333333,10,40,25,PIRATES,MERCHANT VESSEL,YEM,hotspot_gulf_of_aden,Gulf of Aden
2011-09-25,2011,14.15,42.8166666667,10,40,25,PIRATES,CARGO SHIP,YEM,hotspot_gulf_of_aden,Gulf of Aden
2011-09-24,2011,12.43,43.6366666667,10,40,25,PIRATES,BULK CARRIER,DJI,hotspot_gulf_of_aden,Gulf of Aden
2011-09-15,2011,12.5916666667,43.425,10,40,25,PIRATES,MERCHANT VESSEL,YEM,hotspot_gulf_of_aden,Gulf of Aden
2011-09-10,2011,14.0666666667,42.85,10,40,25,PIRATES,TANKER,YEM,hotspot_gulf_of_aden,Gulf of Aden
2011-09-10,2011,14.1,42.75,10,40,25,PIRATES,MERCHANT VESSEL,YEM,hotspot_gulf_of_aden,Gulf of Aden
2011-09-08,2011,15.45,52.2333333333,15,50,38,PIRATES,OIL TANKER,YEM,hotspot_gulf_of_aden,Gulf of Aden
2011-08-29,2011,12.5041666667,43.8727777778,10,40,25,PIRATES,CHEMICAL TANKER,YEM,hotspot_gulf_of_aden,Gulf of Aden
2011-08-24,2011,14.6066666667,42.365,10,40,25,PIRATES,BULK CARRIER,YEM,hotspot_gulf_of_aden,Gulf of Aden
2011-08-23,2011,13.1333333333,49.1833333333,10,45,30,PIRATES,CONTAINER SHIP,YEM,hotspot_gulf_of_aden,Gulf of Aden
2011-08-21,2011,16.15,53.6,15,50,38,PIRATES,CHEMICAL TANKER,OMN,hotspot_gulf_of_aden,Gulf of Aden
2011-08-20,2011,16.9,54.05,15,50,38,PIRATES,CHEMICAL TANKER,OMN,0,Outside of Hotspots
2011-08-17,2011,13.0666666667,48,10,45,30,PIRATES,BULK CARRIER,YEM,hotspot_gulf_of_aden,Gulf of Aden
2011-08-17,2011,13.28,43.0183333333,10,40,25,PIRATES,BULK CARRIER,YEM,hotspot_gulf_of_aden,Gulf of Aden
2011-08-12,2011,14.57,42.3983333333,10,40,25,PIRATES,TANKER,YEM,hotspot_gulf_of_aden,Gulf of Aden
2011-08-11,2011,15.15,41.9166666667,15,40,26,PIRATES,MERCHANT VESSEL,YEM,hotspot_gulf_of_aden,Gulf of Aden
2011-08-09,2011,13.1466666667,48.6933333333,10,45,30,PIRATES,CARGO SHIP,YEM,hotspot_gulf_of_aden,Gulf of Aden
2011-08-06,2011,13.12,43.0816666667,10,40,25,PIRATES,BULK CARRIER,ERI,hotspot_gulf_of_aden,Gulf of Aden
2011-07-23,2011,13.6883333333,42.9566666667,10,40,25,PIRATES,CONTAINER SHIP,YEM,hotspot_gulf_of_aden,Gulf of Aden
2011-07-22,2011,13.5283333333,42.7033333333,10,40,25,PIRATES,TANKER,YEM,hotspot_gulf_of_aden,Gulf of Aden
2011-07-22,2011,13.0066666667,48.3666666667,10,45,30,PIRATES,CONTAINER SHIP,YEM,hotspot_gulf_of_aden,Gulf of Aden
2011-07-22,2011,12.9333333333,48.5,10,45,30,PIRATES,MERCHANT VESSEL,YEM,hotspot_gulf_of_aden,Gulf of Aden
2011-07-21,2011,13.4833333333,42.6,10,40,25,PIRATES,MERCHANT VESSEL,ERI,hotspot_gulf_of_aden,Gulf of Aden
2011-07-20,2011,13.4933333333,42.5983333333,10,40,25,PIRATES,PRODUCT TANKER,ERI,hotspot_gulf_of_aden,Gulf of Aden
2011-07-20,2011,13.4316666667,42.6933333333,10,40,25,PIRATES,MERCHANT VESSEL,ERI,hotspot_gulf_of_aden,Gulf of Aden
2011-07-18,2011,14.6016666667,42.3183333333,10,40,25,PIRATES,TANKER,YEM,hotspot_gulf_of_aden,Gulf of Aden
2011-07-17,2011,13.8,51.4166666667,10,50,37,PIRATES,TANKER,YEM,hotspot_gulf_of_aden,Gulf of Aden
2011-07-16,2011,13.605,50.2883333333,10,50,37,PIRATES,BULK CARRIER,YEM,hotspot_gulf_of_aden,Gulf of Aden
2011-07-15,2011,29.8208333333,32.5208333333,25,30,19,PIRATES,PRODUCT TANKER,EGY,0,Outside of Hotspots
2011-07-13,2011,12.7333333333,43.3,10,40,25,PIRATES,CHEMICAL TANKER,YEM,hotspot_gulf_of_aden,Gulf of Aden
2011-07-08,2011,14.95,41.85,10,40,25,PIRATES,YACHT,ERI,hotspot_gulf_of_aden,Gulf of Aden
2011-07-06,2011,12.4833333333,44.7333333333,10,40,25,PIRATES,MERCHANT VESSEL,YEM,hotspot_gulf_of_aden,Gulf of Aden
2011-06-29,2011,13.2833333333,42.9833333333,10,40,25,PIRATES,CHEMICAL TANKER,YEM,hotspot_gulf_of_aden,Gulf of Aden
2011-06-26,2011,21.7,60.4833333333,20,60,49,PIRATES,BULK CARRIER,OMN,0,Outside of Hotspots
2011-06-26,2011,21.75,60.5166666667,20,60,49,PIRATES,MERCHANT VESSEL,OMN,0,Outside of Hotspots
2011-06-24,2011,21.05,60.2,20,60,49,PIRATES,CHEMICAL TANKER,OMN,0,Outside of Hotspots
2011-06-16,2011,13.73,42.9466666667,10,40,25,PIRATES,CARGO SHIP,YEM,hotspot_gulf_of_aden,Gulf of Aden
2011-06-11,2011,13.7016666667,42.5966666667,10,40,25,PIRATES,TANKER,ERI,hotspot_gulf_of_aden,Gulf of Aden
2011-06-11,2011,13.5333333333,42.6833333333,10,40,25,PIRATES,TANKER,YEM,hotspot_gulf_of_aden,Gulf of Aden
2011-06-11,2011,13.4833333333,42.7166666667,10,40,25,PIRATES,TANKER,YEM,hotspot_gulf_of_aden,Gulf of Aden
2011-06-10,2011,13.4833333333,42.6166666667,10,40,25,PIRATES,BULK CARRIER,ERI,hotspot_gulf_of_aden,Gulf of Aden
2011-06-07,2011,13.55,50.45,10,50,37,PIRATES,BULK CARRIER,YEM,hotspot_gulf_of_aden,Gulf of Aden
2011-06-06,2011,14.1666666667,42.3,10,40,25,PIRATES,BULK CARRIER,ERI,hotspot_gulf_of_aden,Gulf of Aden
2011-05-31,2011,13.5333333333,42.6833333333,10,40,25,PIRATES,MERCHANT VESSEL,YEM,hotspot_gulf_of_aden,Gulf of Aden
2011-05-31,2011,13.4733333333,42.6133333333,10,40,25,PIRATES,BULK CARRIER,ERI,hotspot_gulf_of_aden,Gulf of Aden
2011-05-29,2011,14.7333333333,42.1,10,40,25,PIRATES,MERCHANT VESSEL,YEM,hotspot_gulf_of_aden,Gulf of Aden
2011-05-25,2011,29.84,32.568,25,30,19,PIRATES,MERCHANT VESSEL,EGY,0,Outside of Hotspots
2011-05-25,2011,12.62,43.32,10,40,25,PIRATES,CONTAINER SHIP,YEM,hotspot_gulf_of_aden,Gulf of Aden
2011-05-25,2011,12.55,43.4333333333,10,40,25,PIRATES,MERCHANT VESSEL,DJI,hotspot_gulf_of_aden,Gulf of Aden
2011-05-22,2011,14.5166666667,42.2166666667,10,40,25,PIRATES,CHEMICAL TANKER,ERI,hotspot_gulf_of_aden,Gulf of Aden
2011-05-22,2011,15.7333333333,61.75,15,60,48,PIRATES,BULK CARRIER,High Seas,0,Outside of Hotspots
2011-05-21,2011,25.4833333333,57.5166666667,25,55,45,PIRATES,CONTAINER SHIP,IRN,0,Outside of Hotspots
2011-05-20,2011,13.25,43.0166666667,10,40,25,PIRATES,MERCHANT VESSEL,YEM,hotspot_gulf_of_aden,Gulf of Aden
2011-05-16,2011,24.1833333333,61.1833333333,20,60,49,PIRATES,TANKER,IRN,0,Outside of Hotspots
2011-05-15,2011,14.15,55.4166666667,10,55,42,PIRATES,CONTAINER SHIP,OMN,0,Outside of Hotspots
2011-05-14,2011,19.2166666667,60.3166666667,15,60,48,PIRATES,CHEMICAL TANKER,OMN,0,Outside of Hotspots
2011-05-14,2011,13.9116666667,57.9366666667,10,55,42,PIRATES,CARGO SHIP,High Seas,0,Outside of Hotspots
2011-05-13,2011,13.1783333333,48.6166666667,10,45,30,PIRATES,CONTAINER SHIP,YEM,hotspot_gulf_of_aden,Gulf of Aden
2011-05-11,2011,18.7,59.5333333333,15,55,43,PIRATES,PRODUCT TANKER,OMN,0,Outside of Hotspots
2011-05-10,2011,17.5666666667,58,15,55,43,PIRATES,BULK CARRIER,OMN,0,Outside of Hotspots
2011-05-10,2011,25.2966666667,58.1133333333,25,55,45,PIRATES,CONTAINER SHIP,IRN,0,Outside of Hotspots
2011-05-06,2011,16.2333333333,55.7833333333,15,55,43,PIRATES,PRODUCT TANKER,OMN,0,Outside of Hotspots
2011-05-05,2011,14.7166666667,56.2166666667,10,55,42,PIRATES,CARGO SHIP,OMN,0,Outside of Hotspots
2011-05-03,2011,13.1816666667,49.3133333333,10,45,30,PIRATES,BULK CARRIER,YEM,hotspot_gulf_of_aden,Gulf of Aden
2011-04-28,2011,12.8833333333,48.3333333333,10,45,30,PIRATES,CARGO SHIP,YEM,hotspot_gulf_of_aden,Gulf of Aden
2011-04-22,2011,15.1838888889,51.6061111111,15,50,38,PIRATES,TANKER,YEM,hotspot_gulf_of_aden,Gulf of Aden
2011-04-21,2011,13.2833333333,59.1,10,55,42,PIRATES,BULK CARRIER,High Seas,0,Outside of Hotspots
2011-04-20,2011,12.9666666667,58.9166666667,10,55,42,PIRATES,CONTAINER SHIP,High Seas,0,Outside of Hotspots
2011-04-18,2011,21.3166666667,59.5333333333,20,55,44,PIRATES,MERCHANT VESSEL,OMN,0,Outside of Hotspots
2011-04-18,2011,13.5,49.75,10,45,30,PIRATES,MERCHANT VESSEL,YEM,hotspot_gulf_of_aden,Gulf of Aden
2011-04-17,2011,14.0666666667,42.3333333333,10,40,25,PIRATES,MERCHANT VESSEL,ERI,hotspot_gulf_of_aden,Gulf of Aden
2011-04-12,2011,13.6666666667,49.9333333333,10,45,30,PIRATES,TANKER,YEM,hotspot_gulf_of_aden,Gulf of Aden
2011-04-12,2011,14.3666666667,42.6,10,40,25,PIRATES,BULK CARRIER,YEM,hotspot_gulf_of_aden,Gulf of Aden
2011-04-11,2011,12.5166666667,43.6333333333,10,40,25,PIRATES,PASSENGER SHIP,DJI,hotspot_gulf_of_aden,Gulf of Aden
2011-04-10,2011,12.0333333333,45.1333333333,10,45,30,PIRATES,CHEMICAL TANKER,YEM,hotspot_gulf_of_aden,Gulf of Aden
2011-04-09,2011,13.1333333333,56.3,10,55,42,PIRATES,MERCHANT VESSELS,YEM,0,Outside of Hotspots
2011-04-08,2011,18.4166666667,57.45,15,55,43,PIRATES,MERCHANT VESSEL,OMN,0,Outside of Hotspots
2011-04-08,2011,18.4166666667,57.45,15,55,43,PIRATES,CARGO SHIP,OMN,0,Outside of Hotspots
2011-04-05,2011,16.01,59.8683333333,15,55,43,PIRATES,TANKER,High Seas,0,Outside of Hotspots
2011-04-05,2011,15.8833333333,59.95,15,55,43,PIRATES,MERCHANT VESSEL,High Seas,0,Outside of Hotspots
2011-04-02,2011,15.365,51.9883333333,15,50,38,PIRATES,BULK CARRIER,YEM,hotspot_gulf_of_aden,Gulf of Aden
2011-04-01,2011,14.0833333333,51.7166666667,10,50,37,PIRATES,CHEMICAL TANKER,YEM,hotspot_gulf_of_aden,Gulf of Aden
2011-03-29,2011,13.5019444444,47.5038888889,10,45,30,PIRATES,TANKER,YEM,hotspot_gulf_of_aden,Gulf of Aden
2011-03-29,2011,13.5,47.5,10,45,30,PIRATES,TANKER,YEM,hotspot_gulf_of_aden,Gulf of Aden
2011-03-28,2011,15.6,57.0666666667,15,55,43,PIRATES,TANKER,OMN,0,Outside of Hotspots
2011-03-27,2011,15.9216666667,55.8616666667,15,55,43,PIRATES,TANKER,OMN,0,Outside of Hotspots
2011-03-24,2011,22.4333333333,63.7333333333,20,60,49,PIRATES,BULK CARRIER,PAK,0,Outside of Hotspots
2011-03-22,2011,13.1666666667,49.1,10,45,30,PIRATES,BULK CARRIER,YEM,hotspot_gulf_of_aden,Gulf of Aden
2011-03-21,2011,17.2252777778,63.3055555556,15,60,48,PIRATES,CHEMICAL TANKER,High Seas,0,Outside of Hotspots
2011-03-16,2011,14.35,59.4166666667,10,55,42,PIRATES,CARGO SHIP,High Seas,0,Outside of Hotspots
2011-03-05,2011,16.05,62.7666666667,15,60,48,PIRATES,TANKER,High Seas,0,Outside of Hotspots
2011-03-04,2011,17.5666666667,60.6166666667,15,60,48,PIRATES,MERCHANT VESSEL,OMN,0,Outside of Hotspots
2011-03-04,2011,18.5833333333,63.7833333333,15,60,48,PIRATES,TANKER,High Seas,0,Outside of Hotspots
2011-03-04,2011,20.6366666667,59.2016666667,20,55,44,PIRATES,BULK CARRIER,OMN,0,Outside of Hotspots
2011-03-03,2011,17.52,57.5316666667,15,55,43,PIRATES,TANKER,OMN,0,Outside of Hotspots
2011-03-03,2011,15.3866666667,52.0716666667,15,50,38,PIRATES,CARGO SHIP,YEM,hotspot_gulf_of_aden,Gulf of Aden
2011-02-28,2011,18.8,58.4166666667,15,55,43,PIRATES,BULK CARRIER,OMN,0,Outside of Hotspots
2011-02-27,2011,20.4833333333,60.1333333333,20,60,49,PIRATES,BULK CARRIER,OMN,0,Outside of Hotspots
2011-02-25,2011,14.9866666667,58.835,10,55,42,PIRATES,CONTAINER SHIP,High Seas,0,Outside of Hotspots
2011-02-25,2011,14.4666666667,58.65,10,55,42,PIRATES,BULK CARRIER,High Seas,0,Outside of Hotspots
2011-02-25,2011,15.3333333333,58.4,15,55,43,PIRATES,BULK CARRIER,OMN,0,Outside of Hotspots
2011-02-25,2011,14.7666666667,58.65,10,55,42,PIRATES,CONTAINER SHIP,High Seas,0,Outside of Hotspots
2011-02-24,2011,14.5,58.3166666667,10,55,42,PIRATES,YACHT,High Seas,0,Outside of Hotspots
2011-02-19,2011,12.3166666667,44.1,10,40,25,PIRATES,MERCHANT VESSEL,YEM,hotspot_gulf_of_aden,Gulf of Aden
2011-02-18,2011,18,61.0333333333,15,60,48,PIRATES,YACHT,OMN,0,Outside of Hotspots
2011-02-13,2011,12,53.035,10,50,37,PIRATES,FISHING VESSEL,YEM,hotspot_gulf_of_aden,Gulf of Aden
2011-02-12,2011,20.2571666667,64.2681666667,20,60,49,PIRATES,BULK CARRIER,High Seas,0,Outside of Hotspots
2011-02-12,2011,19.4833333333,63.55,15,60,48,PIRATES,MERCHANT VESSEL,High Seas,0,Outside of Hotspots
2011-02-10,2011,12.85,43.25,10,40,25,PIRATES,MERCHANT VESSEL,ERI,hotspot_gulf_of_aden,Gulf of Aden
2011-02-09,2011,21.45,63.3,20,60,49,PIRATES,TANKER,High Seas,0,Outside of Hotspots
2011-02-01,2011,15.2766666667,54.5966666667,15,50,38,PIRATES,TANKER,OMN,0,Outside of Hotspots
2011-01-30,2011,25.0166666667,60.4333333333,25,60,50,PIRATES,BULK CARRIER,IRN,0,Outside of Hotspots
2011-01-20,2011,13.15,49.2333333333,10,45,30,PIRATES,TANKER,YEM,hotspot_gulf_of_aden,Gulf of Aden
2011-01-20,2011,20.15,63.6333333333,20,60,49,PIRATES,CHEMICAL TANKER,High Seas,0,Outside of Hotspots
2011-01-20,2011,15.1833333333,59.6333333333,15,55,43,PIRATES,BULK CARRIER,High Seas,0,Outside of Hotspots
2011-01-20,2011,14.9333333333,59.2333333333,10,55,42,PIRATES,BULK CARRIER,High Seas,0,Outside of Hotspots
2011-01-18,2011,19.4,58.9,15,55,43,PIRATES,BULK CARRIER,OMN,0,Outside of Hotspots
2011-01-17,2011,17.0333333333,61.55,15,60,48,PIRATES,CONTAINER SHIP,High Seas,0,Outside of Hotspots
2011-01-17,2011,19.4833333333,58.9063888889,15,55,43,PIRATES,MERCHANT VESSEL,OMN,0,Outside of Hotspots
2011-01-15,2011,21.9666666667,63.8333333333,20,60,49,PIRATES,CHEMICAL TANKER,PAK,0,Outside of Hotspots
2011-01-15,2011,12.6833333333,44.8,10,40,25,PIRATES,TANKER,YEM,hotspot_gulf_of_aden,Gulf of Aden
2011-01-14,2011,13.8833333333,56.5,10,55,42,PIRATES,CARGO SHIP,YEM,0,Outside of Hotspots
2011-01-14,2011,17.1833333333,61.35,15,60,48,PIRATES,TANKER,High Seas,0,Outside of Hotspots
2011-01-14,2011,17.1833333333,61.35,15,60,48,PIRATES,MERCHANT VESSEL,High Seas,0,Outside of Hotspots
2011-01-13,2011,13.8333333333,56.75,10,55,42,PIRATES,TANKER,YEM,0,Outside of Hotspots
2011-01-13,2011,13.8333333333,56.75,10,55,42,PIRATES,MERCHANT VESSEL,YEM,0,Outside of Hotspots
2011-01-12,2011,15.1833333333,58.3,15,55,43,PIRATES,MERCHANT VESSEL,OMN,0,Outside of Hotspots
2011-01-12,2011,12.1,44.4166666667,10,40,25,PIRATES,SUPPLY SHIP,YEM,hotspot_gulf_of_aden,Gulf of Aden
2011-01-12,2011,12.1,44.4166666667,10,40,25,PIRATES,SUPPLY SHIP,YEM,hotspot_gulf_of_aden,Gulf of Aden
2011-01-12,2011,15.2166666667,58.2833333333,15,55,43,PIRATES,MERCHANT VESSEL,OMN,0,Outside of Hotspots
2011-01-11,2011,16.55,59.1333333333,15,55,43,PIRATES,TANKER,OMN,0,Outside of Hotspots
2011-01-10,2011,14.5166666667,42.4833333333,10,40,25,PIRATES,BULK CARRIER,YEM,hotspot_gulf_of_aden,Gulf of Aden
2011-01-09,2011,29.3883333333,48.7543333333,25,45,31,PIRATES,MERCHANT VESSEL,KWT,0,Outside of Hotspots
2011-01-09,2011,17.7,57.2833333333,15,55,43,PIRATES,DHOW,OMN,0,Outside of Hotspots
2011-01-08,2011,15.78,55.7133333333,15,55,43,PIRATES,BULK CARRIER,OMN,0,Outside of Hotspots
2011-01-07,2011,21.1333333333,62.75,20,60,49,PIRATES,TANKER,OMN,0,Outside of Hotspots
2011-01-06,2011,21.0666666667,63.3166666667,20,60,49,PIRATES,MERCHANT VESSEL,High Seas,0,Outside of Hotspots
2011-01-06,2011,20,64.1,20,60,49,PIRATES,TANKER,High Seas,0,Outside of Hotspots
2011-01-06,2011,21.0666666667,63.35,20,60,49,PIRATES,BULK CARRIER,High Seas,0,Outside of Hotspots
2011-01-06,2011,20,64,20,60,49,PIRATES,MERCHANT VESSEL,High Seas,0,Outside of Hotspots
2011-01-06,2011,21.1733333333,63.29,20,60,49,PIRATES,LPG CARRIER,High Seas,0,Outside of Hotspots
2011-01-04,2011,12.1666666667,43.7166666667,10,40,25,PIRATES,MERCHANT VESSELS,DJI,hotspot_gulf_of_aden,Gulf of Aden
2011-01-03,2011,15.8,59.8166666667,15,55,43,PIRATES,TANKER,High Seas,0,Outside of Hotspots
2011-01-03,2011,15.8,59.8166666667,15,55,43,PIRATES,MERCHANT VESSEL,High Seas,0,Outside of Hotspots
2011-01-02,2011,15.4833333333,59.3933333333,15,55,43,PIRATES,CARGO SHIP,High Seas,0,Outside of Hotspots
2011-01-01,2011,13.15,48.8166666667,10,45,30,PIRATES,CHEMICAL TANKER,YEM,hotspot_gulf_of_aden,Gulf of Aden
2011-01-01,2011,15.4666666667,55.85,15,55,43,PIRATES,BULK CARRIER,OMN,0,Outside of Hotspots
2017-12-31,2017,21.8166666667,91.5666666667,20,90,61,Robbers,Barge,BGD,0,Outside of Hotspots
2017-12-16,2017,21.25,91.8,20,90,61,Robbers,Barge,BGD,0,Outside of Hotspots
2017-12-05,2017,21.8666666667,91.75,20,90,61,Robbers,Barge,BGD,0,Outside of Hotspots
2017-11-03,2017,22.0333333333,91.8,20,90,61,Robbers,Barge,BGD,0,Outside of Hotspots
2017-10-18,2017,20.25,66.8333333333,20,65,55,Suspicious Approach,Vessel,IND,0,Outside of Hotspots
2017-10-17,2017,22.7833333333,70.0166666667,20,70,58,Robbers,Bulk Carrier,IND,0,Outside of Hotspots
2017-10-05,2017,20.7166666667,71.4833333333,20,70,58,Robbers,Tanker,IND,0,Outside of Hotspots
2017-09-02,2017,22.2333333333,91.7333333333,20,90,61,Robbers,Bulk Carrier,BGD,0,Outside of Hotspots
2017-08-29,2017,16.95,82.25,15,80,60,Robbers,Tanker,High Seas,0,Outside of Hotspots
2017-06-28,2017,22.65,90.8166666667,20,90,61,Pirates,Fishing Vessel,BGD,0,Outside of Hotspots
2017-05-27,2017,5.1,59.2,5,55,84,Suspicous Approach,Fishing Vessel,High Seas,0,Outside of Hotspots
2017-05-02,2017,22.2166666667,91.7333333333,20,90,61,Robbers,Tanker,BGD,0,Outside of Hotspots
2017-03-19,2017,22.0833333333,91.8,20,90,61,Robbers,Cargo Vessel,BGD,0,Outside of Hotspots
2017-02-24,2017,10.2666666667,79.8166666667,10,75,135,Pirates,Fishing Vessel,IND,0,Outside of Hotspots
2017-02-17,2017,18.9,72.8666666667,15,70,162,Robbers,Offshore Supply Vessel,IND,0,Outside of Hotspots
2017-02-06,2017,21.85,91.8,20,90,61,Robbers,Offshore Supply Vessel,BGD,0,Outside of Hotspots
2017-01-16,2017,22.1,91.7333333333,20,90,61,Robbers,Container Vessel,BGD,0,Outside of Hotspots
2016-10-04,2016,22.3666666667,91.1833333333,20,90,61,Pirates,Fishing Vessel,BGD,0,Outside of Hotspots
2016-10-01,2016,22.3666666667,91.1833333333,20,90,61,Pirates,Fishing Vessel,BGD,0,Outside of Hotspots
2016-09-20,2016,21.55,88.7833333333,20,85,89,Robbers,Fishing Trawler,IND,0,Outside of Hotspots
2016-09-18,2016,22.25,90.8666666667,20,90,61,Pirates,Fishing Trawler,BGD,0,Outside of Hotspots
2016-09-14,2016,21.8,89.7333333333,20,85,89,Robbers,Fishing Vessel,High Seas,0,Outside of Hotspots
2016-09-14,2016,22.2333333333,91.6833333333,20,90,61,Robbers,Bulk Carrier,BGD,0,Outside of Hotspots
2016-09-09,2016,21.9666666667,90.3166666667,20,90,61,Robbers,Cargo Vessel,BGD,0,Outside of Hotspots
2016-08-25,2016,22.35,91.2,20,90,61,Pirates,Fishing Vessel,BGD,0,Outside of Hotspots
2016-08-25,2016,22.5666666667,90.9833333333,20,90,61,Pirates,Fishing Vessel,BGD,0,Outside of Hotspots
2016-07-17,2016,22.3666666667,91.8,20,90,61,Pirates,Fishing Vessel,High Seas,0,Outside of Hotspots
2016-07-03,2016,22.0166666667,-88.0666666667,20,-90,144,Robbers,Bulk Carrier,MEX,0,Outside of Hotspots
2016-06-14,2016,22.1333333333,91.7333333333,20,90,61,Robbers,Container Ship,BGD,0,Outside of Hotspots
2016-05-15,2016,22.1,91.75,20,90,61,Robbers,Container Ship,BGD,0,Outside of Hotspots
2016-05-14,2016,23.0333333333,70.2166666667,20,70,58,Robbers,LPG Tanker,High Seas,0,Outside of Hotspots
2016-04-30,2016,17.5833333333,83.4166666667,15,80,60,Robbers,Tanker,IND,0,Outside of Hotspots
2016-02-19,2016,24.2333333333,72.2833333333,20,70,58,Robbers,Towed Rig,High Seas,0,Outside of Hotspots
2016-02-19,2016,21.8333333333,90.85,20,90,61,Pirates,Fishing Boat,BGD,0,Outside of Hotspots
2016-02-15,2016,22.0333333333,88.1,20,85,89,Robbers,Tanker,High Seas,0,Outside of Hotspots
2016-02-14,2016,22.7666666667,70,20,70,58,Robbers,Bulk Carrier,IND,0,Outside of Hotspots
2016-02-08,2016,22.7833333333,70,20,70,58,Robbers,Tanker,IND,0,Outside of Hotspots
2016-01-28,2016,22.8166666667,70.1166666667,20,70,58,Robbers,Product Tanker,IND,0,Outside of Hotspots
2016-01-25,2016,22.7833333333,70.0333333333,20,70,58,Robbers,Tanker,IND,0,Outside of Hotspots
2016-01-23,2016,17.65,83.4,15,80,60,Robbers,LPG Tanker,IND,0,Outside of Hotspots
2016-01-11,2016,22.7666666667,70.0333333333,20,70,58,Robbers,Chemical Tanker,IND,0,Outside of Hotspots
2016-01-11,2016,22.7666666667,69.9833333333,20,65,55,Robbers,Bulk Carrier,IND,0,Outside of Hotspots
2015-12-30,2015,22.6166666667,69.9166666667,20,65,55,Robbers,Tanker,IND,0,Outside of Hotspots
2015-12-24,2015,22.7666666667,70.0333333333,20,70,58,Robbers,Tanker,IND,0,Outside of Hotspots
2015-12-24,2015,20.8333333333,88.7666666667,20,85,89,Robbers,Fishermen,IND,0,Outside of Hotspots
2015-12-09,2015,21.4166666667,89.1833333333,20,85,89,Pirates,Fishing Boats,IND,0,Outside of Hotspots
2015-12-02,2015,22.6666666667,69.9666666667,20,65,55,Robbers,Product Tanker,IND,0,Outside of Hotspots
2015-11-25,2015,17.05,82.4,15,80,60,Robbers,Bulk Carrier,IND,0,Outside of Hotspots
2015-11-19,2015,21.8333333333,89.9666666667,20,85,89,Pirates,Fishing Boats,BGD,0,Outside of Hotspots
2015-10-31,2015,22.7833333333,70.0333333333,20,70,58,Robbers,Bulk Carrier,IND,0,Outside of Hotspots
2015-10-29,2015,22.6666666667,69.9333333333,20,65,55,Robbers,Tanker,IND,0,Outside of Hotspots
2015-10-26,2015,21.6666666667,89.5833333333,20,85,89,Pirates,Fishing Boats,BGD,0,Outside of Hotspots
2015-10-15,2015,1.33333333333,103.433333333,0,100,64,Robbers,Tanker,MYS,hotspot_malacca_straits,Malacca Straits
2015-10-12,2015,21.75,90.3166666667,20,90,61,Pirates,Fishing Boats,BGD,0,Outside of Hotspots
2015-08-03,2015,21.5833333333,89.1833333333,20,85,89,Pirates,Fishing Trawlers,BGD,0,Outside of Hotspots
2015-07-26,2015,4.88333333333,98.6166666667,0,95,62,Pirates,Fishing Boat,IDN,hotspot_malacca_straits,Malacca Straits
2015-07-24,2015,23.0166666667,70.2166666667,20,70,58,Robbers,Product Tanker,High Seas,0,Outside of Hotspots
2015-07-23,2015,23.0166666667,70.2166666667,20,70,58,Robbers,Product Tanker,High Seas,0,Outside of Hotspots
2015-06-22,2015,22.15,91.7333333333,20,90,61,Robbers,Container Vessel,BGD,0,Outside of Hotspots
2015-06-20,2015,22.1666666667,91.7,20,90,61,Robbers,Container Ship,BGD,0,Outside of Hotspots
2015-06-11,2015,22.2,91.7833333333,20,90,61,Robbers,Chemical Tanker,BGD,0,Outside of Hotspots
2015-06-01,2015,22.2666666667,91.7166666667,20,90,61,Robbers,Bulk Carrier,BGD,0,Outside of Hotspots
2015-05-27,2015,23.0166666667,70.2166666667,20,70,58,Robbers,Product Tanker,High Seas,0,Outside of Hotspots
2015-05-17,2015,22.2,91.7166666667,20,90,61,Robbers,General Cargo Ship,BGD,0,Outside of Hotspots
2015-05-16,2015,21.7666666667,91.7,20,90,61,Robbers,Bulk Carrier,BGD,0,Outside of Hotspots
2015-05-15,2015,23.0166666667,70.2166666667,20,70,58,Robbers,Product Tanker,High Seas,0,Outside of Hotspots
2015-05-05,2015,21.8,91.7,20,90,61,Robbers,Tanker,BGD,0,Outside of Hotspots
2015-04-25,2015,22.1833333333,91.7166666667,20,90,61,Robbers,Bulk Carrier,BGD,0,Outside of Hotspots
2015-04-25,2015,22.1833333333,91.7166666667,20,90,61,Robbers,Cotainer Ship,BGD,0,Outside of Hotspots
2015-04-24,2015,27.1166666667,91.7833333333,25,90,136,Robbers,Product Tanker,High Seas,0,Outside of Hotspots
2015-04-17,2015,10.3,79.9,10,75,135,Pirates,Fishing Boat,IND,0,Outside of Hotspots
2015-04-08,2015,21.9333333333,88.9166666667,20,85,89,Pirates,Small Fishing Boats,IND,0,Outside of Hotspots
2015-03-30,2015,16.9833333333,82.3,15,80,60,Robbers,Dredger,IND,0,Outside of Hotspots
2015-03-16,2015,17.6333333333,83.4166666667,15,80,60,Robbers,Product Tanker,IND,0,Outside of Hotspots
2015-03-12,2015,22.1,91.7333333333,20,90,61,Robbers,Tug Boat,BGD,0,Outside of Hotspots
2015-02-15,2015,21.5333333333,90.5,20,90,61,Pirates,Fishing Boats,BGD,0,Outside of Hotspots
2014-12-17,2014,22.3,91.7666666667,20,90,61,Robbers,Product Tanker,BGD,0,Outside of Hotspots
2014-11-27,2014,20.9166666667,88.1166666667,20,85,89,Pirates,Bulk Cargo Carrier,IND,0,Outside of Hotspots
2014-11-25,2014,9.96666666667,76.2333333333,5,75,59,Robbers,Product Tanker,IND,0,Outside of Hotspots
2014-11-23,2014,22.1166666667,91.8,20,90,61,Robbers,Container Ship,BGD,0,Outside of Hotspots
2014-11-20,2014,21.8,91.8,20,90,61,Robbers,Bulk Carrier,BGD,0,Outside of Hotspots
2014-11-04,2014,21.8166666667,90.1166666667,20,90,61,Robbers,Fishing Boats,High Seas,0,Outside of Hotspots
2014-10-24,2014,22.25,91.7166666667,20,90,61,Robbers,Bulk Carrier,BGD,0,Outside of Hotspots
2014-10-15,2014,21.7666666667,91.7833333333,20,90,61,Robbers,Bulk carrier,BGD,0,Outside of Hotspots
2014-10-08,2014,21.7833333333,91.7666666667,20,90,61,Robbers,Bulk carrier,BGD,0,Outside of Hotspots
2014-09-30,2014,22.7833333333,70.05,20,70,58,Robbers,Chemical Tanker,IND,0,Outside of Hotspots
2014-09-27,2014,21.85,91.8,20,90,61,Robbers,Product Tanker,BGD,0,Outside of Hotspots
2014-09-18,2014,22.2,91.7833333333,20,90,61,Robbers,Vehicle Carrier,BGD,0,Outside of Hotspots
2014-09-14,2014,17.6666666667,83.3833333333,15,80,60,Robbers,Chemical Tanker,IND,0,Outside of Hotspots
2014-09-03,2014,22.7333333333,70.0166666667,20,70,58,Robbers,Product Tanker,IND,0,Outside of Hotspots
2014-08-25,2014,8.35,76.6,5,75,59,Suspicious Approach,Bulk Carrier,IND,0,Outside of Hotspots
2014-08-25,2014,22.0833333333,91.25,20,90,61,Pirates,Fishing Trawlers,BGD,0,Outside of Hotspots
2014-08-25,2014,22.25,91.7166666667,20,90,61,Pirates,Fishing Trawlers,BGD,0,Outside of Hotspots
2014-07-31,2014,22.1666666667,91.7666666667,20,90,61,Robbers,Container Ship,BGD,0,Outside of Hotspots
2014-07-24,2014,22.1666666667,91.7666666667,20,90,61,Robbers,Tanker,BGD,0,Outside of Hotspots
2014-07-06,2014,22.8,70.0166666667,20,70,58,Robbers,Product tanker,IND,0,Outside of Hotspots
2014-06-10,2014,17.6166666667,83.4,15,80,60,Robbers,Tanker,IND,0,Outside of Hotspots
2014-06-08,2014,22.4833333333,91.6833333333,20,90,61,Robbers,Tanker,BGD,0,Outside of Hotspots
2014-05-29,2014,21.7166666667,91.7833333333,20,90,61,Robbers,Product tanker,BGD,0,Outside of Hotspots
2014-05-05,2014,22.1333333333,91.7666666667,20,90,61,Robbers,Chemical Tanker,BGD,0,Outside of Hotspots
2014-04-30,2014,22.1333333333,91.6833333333,20,90,61,Robbers,Tanker,BGD,0,Outside of Hotspots
2014-04-24,2014,21.85,91.6666666667,20,90,61,Robbers,Bulk Carrier,BGD,0,Outside of Hotspots
2014-04-18,2014,9.93333333333,76.15,5,75,59,Robbers,Anchored product tanker,IND,0,Outside of Hotspots
2014-03-09,2014,9.93333333333,76.15,5,75,59,Robbers,Product tanker,IND,0,Outside of Hotspots
2014-03-01,2014,22.2333333333,91.7333333333,20,90,61,Robbers,Anchored bulk carrier,BGD,0,Outside of Hotspots
2014-02-28,2014,24.55,62.7333333333,20,60,49,Pirates,Underway bulk carrier,PAK,0,Outside of Hotspots
2014-02-24,2014,22.25,91.7166666667,20,90,61,Robbers,Chemical tanker,BGD,0,Outside of Hotspots
2014-02-20,2014,21,91.6166666667,20,90,61,Pirates,Tug and cargo vessel,BGD,0,Outside of Hotspots
2014-02-10,2014,17.6166666667,83.4,15,80,60,Robbers,LPG tanker,IND,0,Outside of Hotspots
2014-02-05,2014,22.25,91.75,20,90,61,Robbers,Bulk carrier,BGD,0,Outside of Hotspots
2013-12-04,2013,22.7833333333,70.0833333333,20,70,58,ROBBERS,BULK CARRIER,IND,0,Outside of Hotspots
2013-11-21,2013,22.6333333333,69.8833333333,20,65,55,ROBBERS,OIL TANKER,IND,0,Outside of Hotspots
2013-11-21,2013,22.65,69.9166666667,20,65,55,ROBBERS,OIL TANKER,IND,0,Outside of Hotspots
2013-11-02,2013,21.6666666667,88.0166666667,20,85,89,ROBBERS,CONTAINER SHIP,IND,0,Outside of Hotspots
2013-10-30,2013,22.8166666667,70.0833333333,20,70,58,Robbers,Chemical tanker,IND,0,Outside of Hotspots
2013-10-28,2013,21.8333333333,91.6333333333,20,90,61,Robbers,Container ship,BGD,0,Outside of Hotspots
2013-10-22,2013,22.8166666667,70.1,20,70,58,Robbers,LPG tanker,IND,0,Outside of Hotspots
2013-10-20,2013,17.6,83.4333333333,15,80,60,Robbers,Tanker,IND,0,Outside of Hotspots
2013-10-09,2013,22.1666666667,90.8333333333,20,90,61,PIRATES,FISHING TRAWLERS,BGD,0,Outside of Hotspots
2013-10-09,2013,22,90.85,20,90,61,ROBBERS,TRAWLER,BGD,0,Outside of Hotspots
2013-09-14,2013,21.8,89.5,20,85,89,Robbers,Fishing vessels,BGD,0,Outside of Hotspots
2013-08-27,2013,22.1833333333,91.7,20,90,61,ROBBERS,CONTAINER SHIP NADIR,BGD,0,Outside of Hotspots
2013-08-16,2013,22.1666666667,91.7,20,90,61,Robbers,Container ship,BGD,0,Outside of Hotspots
2013-08-15,2013,22.8,90.7,20,90,61,Pirates,Trawler,BGD,0,Outside of Hotspots
2013-08-14,2013,22.8,90.7,20,90,61,Hijackers,Trawlers,BGD,0,Outside of Hotspots
2013-08-10,2013,22.15,91.7833333333,20,90,61,Robbers,Container ship,BGD,0,Outside of Hotspots
2013-08-04,2013,22.1833333333,91.6833333333,20,90,61,ROBBERS,PRODUCT TANKER ST. MICHAELIS,BGD,0,Outside of Hotspots
2013-07-27,2013,22.2166666667,91.7666666667,20,90,61,ROBBERS,Chemical tanker,BGD,0,Outside of Hotspots
2013-07-24,2013,22.8,70.05,20,70,58,ROBBERS,CHEMICAL TANKER,IND,0,Outside of Hotspots
2013-06-30,2013,22.9666666667,70.2333333333,20,70,58,ROBBERS,BULK CARRIER,IND,0,Outside of Hotspots
2013-06-26,2013,1.22133333333,55.4028333333,0,55,41,PIRATES,FISHING VESSEL CHUN YING,High Seas,0,Outside of Hotspots
2013-06-26,2013,0.566666666667,54.8,0,50,35,PIRATES,FISHING VESSEL CHUN YING,High Seas,0,Outside of Hotspots
2013-06-15,2013,22.15,91.7833333333,20,90,61,ROBBERS,CHEMICAL TANKER GOLDEN AVENUE,BGD,0,Outside of Hotspots
2013-06-05,2013,17.2,66.7833333333,15,65,54,SUSPICIOUS CRAFT,OIL TANKER TAIZAN,High Seas,0,Outside of Hotspots
2013-05-23,2013,22.2666666667,91.8,20,90,61,ROBBERS,TANKER GOLDEN ADVENTURE,High Seas,0,Outside of Hotspots
2013-05-06,2013,1.81666666667,51.1833333333,0,50,35,SUSPICIOUS CRAFT,FISHING VESSEL,High Seas,0,Outside of Hotspots
2013-04-05,2013,17.65,83.4,15,80,60,ROBBERS,TANKER NEW CENTURY,IND,0,Outside of Hotspots
2013-04-01,2013,22.25,91.7333333333,20,90,61,ROBBERS,BULK CARRIER CRANE,BGD,0,Outside of Hotspots
2013-03-27,2013,7.66833333333,74.2416666667,5,70,56,SUSPICIOUS CRAFT,VESSEL SEA PIONEER,MDV,0,Outside of Hotspots
2013-03-25,2013,21.4333333333,91.5833333333,20,90,61,PIRATES,FISHING TRAWLERS,BGD,0,Outside of Hotspots
2013-03-22,2013,22.25,91.7333333333,20,90,61,ROBBERS,TANKER NORD OPTIMISER,BGD,0,Outside of Hotspots
2013-02-18,2013,22.1833333333,91.7666666667,20,90,61,SUSPICIOUS CRAFT,TANKER,BGD,0,Outside of Hotspots
2013-02-15,2013,22.25,91.7,20,90,61,ROBBERS,BULK CARRIER,BGD,0,Outside of Hotspots
2013-02-14,2013,9.9,76.1333333333,5,75,59,ROBBERS,CHEMICAL TANKER,IND,0,Outside of Hotspots
2013-01-29,2013,22.0166666667,88.1,20,85,89,ROBBERS,TANKER BW YANGTZE,IND,0,Outside of Hotspots
2013-01-27,2013,17.0166666667,82.4,15,80,60,ROBBERS,CHEMICAL TANKER CHAMPION TRUST,IND,0,Outside of Hotspots
2013-01-16,2013,22.2833333333,91.7166666667,20,90,61,ROBBERS,BULK CARRIER,BGD,0,Outside of Hotspots
2013-01-03,2013,22.8166666667,70.05,20,70,58,ROBBERS,CARGO VESSEL JADE SKY,IND,0,Outside of Hotspots
2012-11-30,2012,9.95,76.2166666667,5,75,59,ROBBERS,TANKER,IND,0,Outside of Hotspots
2012-11-28,2012,6.66666666667,59.0833333333,5,55,84,PIRATES,MERCHANT VESSEL,High Seas,0,Outside of Hotspots
2012-11-24,2012,17.0333333333,82.4166666667,15,80,60,ROBBERS,BULK CARRIER,IND,0,Outside of Hotspots
2012-10-15,2012,5.53333333333,81.2166666667,5,80,88,PIRATES,FISHING VESSEL,LKA,0,Outside of Hotspots
2012-10-13,2012,22.25,91.7333333333,20,90,61,ROBBERS,BULK CARRIER,BGD,0,Outside of Hotspots
2012-10-08,2012,22.25,91.7333333333,20,90,61,PIRATES,TUGBOAT,BGD,0,Outside of Hotspots
2012-09-19,2012,22.25,91.75,20,90,61,PIRATES,BULK CARRIER,BGD,0,Outside of Hotspots
2012-09-07,2012,21.6666666667,88.0166666667,20,85,89,PIRATES,CHEMICAL TANKER,IND,0,Outside of Hotspots
2012-08-17,2012,21.8666666667,91.6833333333,20,90,61,PIRATES,BULK CARRIER,BGD,0,Outside of Hotspots
2012-08-17,2012,1.26666666667,58.1166666667,0,55,41,PIRATES,MERCHANT VESSEL,High Seas,0,Outside of Hotspots
2012-08-09,2012,22.15,91.7333333333,20,90,61,PIRATES,CONTAINER SHIP,BGD,0,Outside of Hotspots
2012-07-04,2012,17.65,83.3833333333,15,80,60,PIRATES,LPG CARRIER,IND,0,Outside of Hotspots
2012-06-26,2012,22.1666666667,91.7,20,90,61,PIRATES,CONTAINER SHIP,BGD,0,Outside of Hotspots
2012-06-17,2012,17,82.3,15,80,60,PIRATES,BULK CARRIER,IND,0,Outside of Hotspots
2012-05-22,2012,22.25,91.7333333333,20,90,61,PIRATES,TANKER,BGD,0,Outside of Hotspots
2012-05-09,2012,10.6666666667,60.0666666667,10,60,47,PIRATES,OIL TANKER,High Seas,0,Outside of Hotspots
2012-05-07,2012,8.08333333333,56.3,5,55,84,PIRATES,MERCHANT VESSEL,High Seas,0,Outside of Hotspots
2012-05-07,2012,8.28333333333,56.4833333333,5,55,84,PIRATES,CONTAINER SHIP,High Seas,0,Outside of Hotspots
2012-05-07,2012,8.13333333333,56.3,5,55,84,PIRATES,MERCHANT VESSEL,High Seas,0,Outside of Hotspots
2012-04-24,2012,4.81666666667,54.7833333333,0,50,35,Suspicious Craft,Merchant Vessel,High Seas,0,Outside of Hotspots
2012-04-14,2012,16.9,65.9833333333,15,65,54,Pirates,Chemical Tanker,High Seas,0,Outside of Hotspots
2012-04-09,2012,12.2333333333,61.75,10,60,47,PIRATES,MERCHANT VESSEL,High Seas,0,Outside of Hotspots
2012-03-26,2012,7,69.8166666667,5,65,52,Pirates,Merchant Vessel,MDV,0,Outside of Hotspots
2012-03-26,2012,7,69.75,5,65,52,PIRATES,BULK CARRIER,MDV,0,Outside of Hotspots
2012-03-22,2012,22.9666666667,65.9666666667,20,65,55,Pirates,Merchant Vessel,PAK,0,Outside of Hotspots
2012-03-03,2012,17.0333333333,82.4166666667,15,80,60,PIRATES,BULK CARRIER,IND,0,Outside of Hotspots
2012-02-29,2012,21.7333333333,91.6166666667,20,90,61,PIRATES,CONTAINER SHIP,BGD,0,Outside of Hotspots
2012-02-15,2012,9.95,76.0333333333,5,75,59,PIRATES,TANKER,IND,0,Outside of Hotspots
2012-01-28,2012,4.91666666667,58.2333333333,0,55,41,PIRATES,CARGO SHIP,High Seas,0,Outside of Hotspots
2012-01-25,2012,23.0166666667,70.2166666667,20,70,58,PIRATES,CARGO SHIP,High Seas,0,Outside of Hotspots
2012-01-21,2012,22.2333333333,91.7366666667,20,90,61,PIRATES,BULK CARRIER,BGD,0,Outside of Hotspots
2012-01-21,2012,22.205,91.7016666667,20,90,61,PIRATES,RO-RO SHIP,BGD,0,Outside of Hotspots
2012-01-19,2012,21.3016666667,91.7266666667,20,90,61,PIRATES,MERCHANT VESSEL/LIFERAFTS,BGD,0,Outside of Hotspots
2011-12-26,2011,22.1666666667,91.75,20,90,61,PIRATES,CONTAINER SHIP,BGD,0,Outside of Hotspots
2011-11-20,2011,22.2,91.75,20,90,61,PIRATES,BULK CARRIER,BGD,0,Outside of Hotspots
2011-11-16,2011,22.205,91.7033333333,20,90,61,PIRATES,CONTAINER SHIP,BGD,0,Outside of Hotspots
2011-10-23,2011,4.98333333333,54.4833333333,0,50,35,PIRATES,TANKER,High Seas,0,Outside of Hotspots
2011-10-10,2011,12.5166666667,61.8,10,60,47,PIRATES,BULK CARRIER,High Seas,0,Outside of Hotspots
2011-10-08,2011,11.85,60.8333333333,10,60,47,PIRATES,MERCHANT VESSEL,High Seas,0,Outside of Hotspots
2011-10-07,2011,8.88333333333,76.0166666667,5,75,59,PIRATES,CONTAINER SHIP,IND,0,Outside of Hotspots
2011-10-03,2011,4.98333333333,58,0,55,41,PIRATES,FISHING VESSEL,High Seas,0,Outside of Hotspots
2011-10-02,2011,3.835,56.39,0,55,41,PIRATES,CHEMICAL TANKER,High Seas,0,Outside of Hotspots
2011-10-02,2011,3.91666666667,56.3333333333,0,55,41,PIRATES,MERCHANT VESSEL,High Seas,0,Outside of Hotspots
2011-09-29,2011,11.6666666667,63.0833333333,10,60,47,PIRATES,CHEMICAL TANKER,High Seas,0,Outside of Hotspots
2011-09-20,2011,17.05,82.4,15,80,60,PIRATES,CARGO SHIP,IND,0,Outside of Hotspots
2011-09-15,2011,22.2691666667,91.8198333333,20,90,61,PIRATES,CHEMICAL TANKER,High Seas,0,Outside of Hotspots
2011-08-03,2011,22.1766666667,91.7216666667,20,90,61,PIRATES,CONTAINER SHIP,BGD,0,Outside of Hotspots
2011-07-29,2011,22.0626666667,91.7718333333,20,90,61,PIRATES,CARGO SHIP,BGD,0,Outside of Hotspots
2011-06-18,2011,8.48333333333,76.6666666667,5,75,59,PIRATES,CHEMICAL TANKER,IND,0,Outside of Hotspots
2011-06-18,2011,8.61666666667,76.4333333333,5,75,59,PIRATES,CHEMICAL TANKER,IND,0,Outside of Hotspots
2011-06-12,2011,12.55,61.7666666667,10,60,47,PIRATES,BULK CARRIER,High Seas,0,Outside of Hotspots
2011-06-11,2011,12.3166666667,61.5,10,60,47,PIRATES,CHEMICAL TANKER,High Seas,0,Outside of Hotspots
2011-06-11,2011,12.1666666667,61.75,10,60,47,PIRATES,BULK CARRIER,High Seas,0,Outside of Hotspots
2011-06-11,2011,12.2833333333,61.45,10,60,47,PIRATES,BULK CARRIER,High Seas,0,Outside of Hotspots
2011-05-29,2011,16.6333333333,96.25,15,95,63,PIRATES,CONTAINER SHIP,MMR,hotspot_malacca_straits,Malacca Straits
2011-05-26,2011,9.92333333333,76.0816666667,5,75,59,PIRATES,CONTAINER SHIP,IND,0,Outside of Hotspots
2011-05-14,2011,8.53333333333,67.8833333333,5,65,52,PIRATES,TANKER,High Seas,0,Outside of Hotspots
2011-05-08,2011,12.15,59.3383333333,10,55,42,PIRATES,BULK CARRIER,High Seas,0,Outside of Hotspots
2011-05-05,2011,14.8333333333,66.8,10,65,53,PIRATES,BULK CARRIER,High Seas,0,Outside of Hotspots
2011-05-05,2011,14.9666666667,66.6333333333,10,65,53,PIRATES,BULK CARRIER,High Seas,0,Outside of Hotspots
2011-05-04,2011,13.8333333333,65.9,10,65,53,PIRATES,CONTAINER SHIP,High Seas,0,Outside of Hotspots
2011-04-24,2011,13.2166666667,60.4,10,60,47,PIRATES,CONTAINER SHIP,High Seas,0,Outside of Hotspots
2011-04-22,2011,9.97694444444,76.27,5,75,59,PIRATES,TANKER,IND,0,Outside of Hotspots
2011-04-01,2011,19.2833333333,65.2333333333,15,65,54,PIRATES,BULK CARRIER,High Seas,0,Outside of Hotspots
2011-03-26,2011,9.85,67.0833333333,5,65,52,PIRATES,INDIAN NAVAL VESSEL,High Seas,0,Outside of Hotspots
2011-03-26,2011,9.94166666667,76.0983333333,5,75,59,PIRATES,PRODUCT TANKER,IND,0,Outside of Hotspots
2011-03-25,2011,11.65,65.1,10,65,53,PIRATES,BULK CARRIER,High Seas,0,Outside of Hotspots
2011-03-25,2011,9.93333333333,76.0833333333,5,75,59,PIRATES,TANKER,IND,0,Outside of Hotspots
2011-03-24,2011,22.8333333333,63.7333333333,20,60,49,PIRATES,MERCHANT VESSEL,PAK,0,Outside of Hotspots
2011-03-24,2011,22.9666666667,63.7333333333,20,60,49,PIRATES,TANKER,PAK,0,Outside of Hotspots
2011-03-23,2011,9,66.45,5,65,52,PIRATES,MERCHANT VESSEL,High Seas,0,Outside of Hotspots
2011-03-23,2011,9,66.4575,5,65,52,PIRATES,CONTAINER SHIP,High Seas,0,Outside of Hotspots
2011-03-15,2011,11.9333333333,58.05,10,55,42,PIRATES,BULK CARRIER,High Seas,0,Outside of Hotspots
2011-03-14,2011,22.8166666667,70.0333333333,20,70,58,PIRATES,BULK CARRIER,IND,0,Outside of Hotspots
2011-03-12,2011,22.3166666667,91.8166666667,20,90,61,PIRATES,BULK CARRIER,High Seas,0,Outside of Hotspots
2011-03-12,2011,12.4,66.7,10,65,53,PIRATES,VEHICLE CARRIER,High Seas,0,Outside of Hotspots
2011-03-11,2011,10.9166666667,66.55,10,65,53,PIRATES,CONTAINER SHIP,High Seas,0,Outside of Hotspots
2011-03-10,2011,13.65,65.3333333333,10,65,53,PIRATES,TUG BOAT,High Seas,0,Outside of Hotspots
2011-03-10,2011,13.8166666667,65.35,10,65,53,PIRATES,MERCHANT VESSEL,High Seas,0,Outside of Hotspots
2011-03-05,2011,12.0333333333,66.2333333333,10,65,53,PIRATES,BULK CARRIER,High Seas,0,Outside of Hotspots
2011-03-05,2011,16,62.9,15,60,48,PIRATES,OIL TANKER,High Seas,0,Outside of Hotspots
2011-03-04,2011,17.5666666667,63.7833333333,15,60,48,PIRATES,MERCHANT VESSEL,High Seas,0,Outside of Hotspots
2011-03-04,2011,11.05,64.7,10,60,47,PIRATES,CONTAINER SHIP,High Seas,0,Outside of Hotspots
2011-03-03,2011,9.98333333333,62.4333333333,5,60,46,PIRATES,TANKER,High Seas,0,Outside of Hotspots
2011-03-03,2011,11.8333333333,58.8,10,55,42,PIRATES,MERCHANT VESSEL,High Seas,0,Outside of Hotspots
2011-03-03,2011,11.9166666667,58.0333333333,10,55,42,PIRATES,TANKER,High Seas,0,Outside of Hotspots
2011-03-02,2011,12.1833333333,63.9666666667,10,60,47,PIRATES,YACHT,High Seas,0,Outside of Hotspots
2011-02-28,2011,11.2916666667,63.5566666667,10,60,47,PIRATES,TANKER,High Seas,0,Outside of Hotspots
2011-02-25,2011,11.6833333333,61.4833333333,10,60,47,PIRATES,TANKER,High Seas,0,Outside of Hotspots
2011-02-25,2011,11.6833333333,61.4833333333,10,60,47,PIRATES,MERCHANT VESSEL,High Seas,0,Outside of Hotspots
2011-02-23,2011,22.1903333333,91.7258333333,20,90,61,PIRATES,CONTAINER SHIP,BGD,0,Outside of Hotspots
2011-02-21,2011,22.25,91.7833333333,20,90,61,PIRATES,CONTAINER SHIP,BGD,0,Outside of Hotspots
2011-02-16,2011,20.8866666667,69.6516666667,20,65,55,PIRATES,TANKER,IND,0,Outside of Hotspots
2011-02-08,2011,13.1,64.15,10,60,47,PIRATES,VEHICLE CARRIER,High Seas,0,Outside of Hotspots
2011-02-08,2011,12.1666666667,66,10,65,53,PIRATES,TANKER,High Seas,0,Outside of Hotspots
2011-02-05,2011,10.3533333333,65.4616666667,10,65,53,PIRATES,CONTAINER SHIP,High Seas,0,Outside of Hotspots
2011-02-05,2011,10.6,65.4333333333,10,65,53,PIRATES,CONTAINER SHIP,High Seas,0,Outside of Hotspots
2011-02-05,2011,10.0666666667,70.9,10,70,57,PIRATES,MERCHANT VESSEL,IND,0,Outside of Hotspots
2011-02-05,2011,10.0016666667,70.99,10,70,57,PIRATES,TANKER,IND,0,Outside of Hotspots
2011-02-03,2011,16.4833333333,65.95,15,65,54,PIRATES,MERCHANT VESSEL,High Seas,0,Outside of Hotspots
2011-02-02,2011,24.2416666667,63.3351666667,20,60,49,PIRATES,MERCHANT VESSEL,PAK,0,Outside of Hotspots
2011-02-02,2011,13.05,63.5,10,60,47,PIRATES,TANKER,High Seas,0,Outside of Hotspots
2011-02-01,2011,6.73333333333,69.4,5,65,52,PIRATES,BULK CARRIER,MDV,0,Outside of Hotspots
2011-02-01,2011,11.2166666667,56.2666666667,10,55,42,PIRATES,TANKER,YEM,0,Outside of Hotspots
2011-01-30,2011,4.33333333333,66.3333333333,0,65,51,PIRATES,CARGO SHIP,High Seas,0,Outside of Hotspots
2011-01-28,2011,11.2333333333,63.4666666667,10,60,47,PIRATES,MERCHANT VESSEL,High Seas,0,Outside of Hotspots
2011-01-28,2011,9.41666666667,73.0333333333,5,70,56,PIRATES,CONTAINER SHIP,IND,0,Outside of Hotspots
2011-01-26,2011,11.2333333333,62.8333333333,10,60,47,PIRATES,CARGO SHIP,High Seas,0,Outside of Hotspots
2011-01-22,2011,1.81666666667,56.5833333333,0,55,41,PIRATES,CARGO SHIP,High Seas,0,Outside of Hotspots
2011-01-21,2011,12.6166666667,65,10,65,53,PIRATES,MERCHANT VESSEL,High Seas,0,Outside of Hotspots
2011-01-19,2011,20.2666666667,64.65,20,60,49,PIRATES,MERCHANT VESSEL,High Seas,0,Outside of Hotspots
2011-01-19,2011,13.4666666667,65.1,10,65,53,PIRATES,RORO,High Seas,0,Outside of Hotspots
2011-01-17,2011,13.2833333333,61.7,10,60,47,PIRATES,BULK CARRIER,High Seas,0,Outside of Hotspots
2011-01-17,2011,18.6,64.3666666667,15,60,48,PIRATES,BULK CARRIER,High Seas,0,Outside of Hotspots
2011-01-16,2011,12.5,61.0833333333,10,60,47,PIRATES,TANKER,High Seas,0,Outside of Hotspots
2011-01-14,2011,16.65,67.6,15,65,54,PIRATES,MERCHANT VESSEL,High Seas,0,Outside of Hotspots
2011-01-11,2011,14,67.4166666667,10,65,53,PIRATES,TANKER,High Seas,0,Outside of Hotspots
2011-01-11,2011,14.05,67.4833333333,10,65,53,PIRATES,MERCHANT VESSEL,High Seas,0,Outside of Hotspots
2011-01-03,2011,19.5833333333,65.2166666667,15,65,54,PIRATES,TANKER,High Seas,0,Outside of Hotspots
2011-01-03,2011,19.5833333333,65.2166666667,15,65,54,PIRATES,TANKER,High Seas,0,Outside of Hotspots
2011-01-03,2011,19.5833333333,65.2166666667,15,65,54,PIRATES,MERCHANT VESSEL,High Seas,0,Outside of Hotspots
2011-01-02,2011,17.95,66.1666666667,15,65,54,PIRATES,MERCHANT VESSEL,High Seas,0,Outside of Hotspots
2011-01-01,2011,14.8833333333,63.765,10,60,47,PIRATES,TANKER,High Seas,0,Outside of Hotspots
2011-01-01,2011,2.68333333333,59.2833333333,0,55,41,PIRATES,TUG BOAT,High Seas,0,Outside of Hotspots
2011-01-01,2011,3.93333333333,59.55,0,55,41,PIRATES,TUG BOAT,High Seas,0,Outside of Hotspots
2017-12-28,2017,1.26666666667,104.033333333,0,100,64,Robbers,Bulk Carrier,IDN,hotspot_malacca_straits,Malacca Straits
2017-12-13,2017,1.25,104.033333333,0,100,64,Robbers,Tanker,IDN,hotspot_malacca_straits,Malacca Straits
2017-12-08,2017,1.45,104.65,0,100,64,Robbers,Tanker,IDN,hotspot_malacca_straits,Malacca Straits
2017-12-07,2017,0.716666666667,104.166666667,0,100,64,Robbers,Offshore Supply Vessel,IDN,hotspot_malacca_straits,Malacca Straits
2017-12-07,2017,0.733333333333,104.133333333,0,100,64,Robbers,Offshore Supply Vessel,IDN,hotspot_malacca_straits,Malacca Straits
2017-11-26,2017,1.41666666667,104.683333333,0,100,64,Robbers,Tanker,IDN,hotspot_malacca_straits,Malacca Straits
2017-11-20,2017,1.03333333333,103.65,0,100,64,Robbers,Bulk Carrier,IDN,hotspot_malacca_straits,Malacca Straits
2017-11-17,2017,1.41666666667,104.583333333,0,100,64,Robbers,Tanker,IDN,hotspot_malacca_straits,Malacca Straits
2017-11-10,2017,1.46666666667,104.633333333,0,100,64,Robbers,Tanker,IDN,hotspot_malacca_straits,Malacca Straits
2017-11-07,2017,2.88333333333,105.283333333,0,105,66,Robbers,Bulk Carrier,IDN,hotspot_malacca_straits,Malacca Straits
2017-11-03,2017,1.18333333333,103.983333333,0,100,64,Robbers,Vessel,IDN,hotspot_malacca_straits,Malacca Straits
2017-10-29,2017,1.26666666667,104.216666667,0,100,64,Robbers,Tanker,IDN,hotspot_malacca_straits,Malacca Straits
2017-10-29,2017,1.28333333333,104.233333333,0,100,64,Robbers,Tanker,MYS,hotspot_malacca_straits,Malacca Straits
2017-10-27,2017,1.45,104.633333333,0,100,64,Robbers,Tanker,IDN,hotspot_malacca_straits,Malacca Straits
2017-10-25,2017,1.05,103.683333333,0,100,64,Suspicious Approach,Cargo Vessel,IDN,hotspot_malacca_straits,Malacca Straits
2017-10-17,2017,1.26666666667,104.2,0,100,64,Robbers,Bulk Carrier,IDN,hotspot_malacca_straits,Malacca Straits
2017-10-12,2017,1.18333333333,103.566666667,0,100,64,Pirates,Vessel,IDN,hotspot_malacca_straits,Malacca Straits
2017-09-30,2017,0.516666666667,104.883333333,0,100,64,Pirates,Tug,IDN,hotspot_malacca_straits,Malacca Straits
2017-09-07,2017,2.06666666667,104.983333333,0,100,64,Robbers,LNG Carrier,MYS,hotspot_malacca_straits,Malacca Straits
2017-08-20,2017,1.06666666667,103.683333333,0,100,64,Robbers,Bulk Carrier,IDN,hotspot_malacca_straits,Malacca Straits
2017-08-02,2017,1.4,104.55,0,100,64,Robbers,Tanker,IDN,hotspot_malacca_straits,Malacca Straits
2017-06-21,2017,1.06666666667,104.133333333,0,100,64,Robbers,Cargo Vessel,High Seas,hotspot_malacca_straits,Malacca Straits
2017-06-13,2017,1,104.233333333,0,100,64,Suspicious Approach,Offshore Supply Vessel,IDN,hotspot_malacca_straits,Malacca Straits
2017-06-13,2017,0.75,104.133333333,0,100,64,Robbers,Research Vessel,IDN,hotspot_malacca_straits,Malacca Straits
2017-06-07,2017,1.35,104.6,0,100,64,Robbers,Tanker,IDN,hotspot_malacca_straits,Malacca Straits
2017-06-03,2017,3.78333333333,98.6833333333,0,95,62,Robbers,Vessel,High Seas,hotspot_malacca_straits,Malacca Straits
2017-05-28,2017,2.81666666667,105.283333333,0,105,66,Robbers,Tanker,IDN,hotspot_malacca_straits,Malacca Straits
2017-05-24,2017,1.71666666667,101.416666667,0,100,64,Robbers,Tanker,IDN,hotspot_malacca_straits,Malacca Straits
2017-05-20,2017,1.71666666667,101.383333333,0,100,64,Robbers,Chemical Tanker,High Seas,hotspot_malacca_straits,Malacca Straits
2017-05-03,2017,1.28333333333,103.3,0,100,64,Robbers,Tanker,MYS,hotspot_malacca_straits,Malacca Straits
2017-05-02,2017,-5.95,106.916666667,-10,105,65,Robbers,Bulk Carrier,IDN,hotspot_malacca_straits,Malacca Straits
2017-03-26,2017,1.11666666667,103.533333333,0,100,64,Sucpicious Approach,Tanker,IDN,hotspot_malacca_straits,Malacca Straits
2017-03-26,2017,1.71666666667,101.433333333,0,100,64,Robbers,Product Tanker,IDN,hotspot_malacca_straits,Malacca Straits
2017-03-19,2017,1.7,101.466666667,0,100,64,Robbers,Tanker,IDN,hotspot_malacca_straits,Malacca Straits
2017-03-11,2017,1.7,101.433333333,0,100,64,Robbers,Chemical Tanker,IDN,hotspot_malacca_straits,Malacca Straits
2017-03-09,2017,-5.86666666667,105.983333333,-10,105,65,Robbers,Product Tanker,IDN,hotspot_malacca_straits,Malacca Straits
2017-03-05,2017,6.35,118.133333333,5,115,73,Suspicious Approach,Cargo Vessel,PHL,hotspot_south_china_sea,South China Sea
2017-02-23,2017,1.16666666667,103.983333333,0,100,64,Robbers,Tug,High Seas,hotspot_malacca_straits,Malacca Straits
2016-12-29,2016,1.7,101.5,0,100,64,Robbers,Tanker,IDN,hotspot_malacca_straits,Malacca Straits
2016-12-05,2016,5.28333333333,115.216666667,5,115,73,Pirates,Fishing Vessel,High Seas,hotspot_south_china_sea,South China Sea
2016-12-02,2016,1.08333333333,104.166666667,0,100,64,Robbers,Cargo Vessel,IDN,hotspot_malacca_straits,Malacca Straits
2016-11-26,2016,1.18333333333,103.65,0,100,64,Robbers,Tug,SGP,hotspot_malacca_straits,Malacca Straits
2016-11-15,2016,1.41666666667,104.683333333,0,100,64,Robbers,Bulk Carrier,IDN,hotspot_malacca_straits,Malacca Straits
2016-11-09,2016,1.68333333333,101.5,0,100,64,Robbers,Tanker,IDN,hotspot_malacca_straits,Malacca Straits
2016-11-05,2016,-6.03333333333,106.883333333,-10,105,65,Robbers,LPG Tanker,IDN,hotspot_malacca_straits,Malacca Straits
2016-10-25,2016,4.15,113.066666667,0,110,94,Pirates,Tug,MYS,hotspot_malacca_straits,Malacca Straits
2016-10-25,2016,4.15,112.5,0,110,94,Pirates,Tug and Barge,MYS,hotspot_malacca_straits,Malacca Straits
2016-10-24,2016,6.76666666667,117.516666667,5,115,73,Pirates,Fishing Trawler,MYS,hotspot_south_china_sea,South China Sea
2016-10-20,2016,1.71666666667,101.45,0,100,64,Robbers,Tanker,IDN,hotspot_malacca_straits,Malacca Straits
2016-10-12,2016,1.71666666667,101.483333333,0,100,64,Robbers,Bulk Carrier,High Seas,hotspot_malacca_straits,Malacca Straits
2016-10-12,2016,6.91666666667,117.466666667,5,115,73,Pirates,Fishing Vessel,MYS,hotspot_south_china_sea,South China Sea
2016-10-07,2016,2.88333333333,100.133333333,0,100,64,Pirates,Vessel,IDN,hotspot_malacca_straits,Malacca Straits
2016-10-02,2016,-5.5,105.283333333,-10,105,65,Robbers,Bulk Carrier,IDN,hotspot_malacca_straits,Malacca Straits
2016-09-16,2016,0.716666666667,104.166666667,0,100,64,Robbers,Offshore Supply Vessel,IDN,hotspot_malacca_straits,Malacca Straits
2016-09-16,2016,0.716666666667,104.166666667,0,100,64,Robbers,Vessel,IDN,hotspot_malacca_straits,Malacca Straits
2016-09-14,2016,1.73333333333,101.383333333,0,100,64,Robbers,Bulk Carrier,IDN,hotspot_malacca_straits,Malacca Straits
2016-09-08,2016,1.7,101.5,0,100,64,Robbers,Tanker,IDN,hotspot_malacca_straits,Malacca Straits
2016-09-06,2016,1.68333333333,101.683333333,0,100,64,Robbers,Bulk Carrier,IDN,hotspot_malacca_straits,Malacca Straits
2016-08-19,2016,1.18333333333,103.866666667,0,100,64,Robbers,Tug,IDN,hotspot_malacca_straits,Malacca Straits
2016-08-18,2016,2.34833333333,104.935,0,100,64,Robbers,Vessel,MYS,hotspot_malacca_straits,Malacca Straits
2016-08-07,2016,2.01666666667,104.883333333,0,100,64,Pirates,Tanker,MYS,hotspot_malacca_straits,Malacca Straits
2016-07-28,2016,1.75,101.383333333,0,100,64,Robbers,Product Tanker,IDN,hotspot_malacca_straits,Malacca Straits
2016-07-16,2016,2.91666666667,105.316666667,0,105,66,Pirates,Bulk Carrier,IDN,hotspot_malacca_straits,Malacca Straits
2016-06-28,2016,3,105.166666667,0,105,66,Pirates,Tanker,IDN,hotspot_malacca_straits,Malacca Straits
2016-06-21,2016,1.68333333333,101.5,0,100,64,Robbers,Bulk Carrier,IDN,hotspot_malacca_straits,Malacca Straits
2016-06-18,2016,1.7,101.483333333,0,100,64,Robbers,Product Tanker,IDN,hotspot_malacca_straits,Malacca Straits
2016-06-16,2016,1.16666666667,103.95,0,100,64,Robbers,Cargo Vessel,IDN,hotspot_malacca_straits,Malacca Straits
2016-06-02,2016,2.9,112.083333333,0,110,94,Pirates,Tug and Barge,High Seas,hotspot_malacca_straits,Malacca Straits
2016-06-02,2016,3.11666666667,112.583333333,0,110,94,Robbers,Tug and Barge,MYS,hotspot_malacca_straits,Malacca Straits
2016-05-21,2016,1.16666666667,103.966666667,0,100,64,Robbers,Tug,IDN,hotspot_malacca_straits,Malacca Straits
2016-05-21,2016,-6.05,106.9,-10,105,65,Robbers,Tanker,IDN,hotspot_malacca_straits,Malacca Straits
2016-05-19,2016,1.18333333333,103.95,0,100,64,Robbers,Research Veseel,IDN,hotspot_malacca_straits,Malacca Straits
2016-05-08,2016,3.33333333333,109.6,0,105,66,Robbers,Chemical Tanker,IDN,hotspot_malacca_straits,Malacca Straits
2016-05-08,2016,17.6183333333,83.3666666667,15,80,60,Robbers,LPG Tanker,IND,0,Outside of Hotspots
2016-05-07,2016,-2.06666666667,108.65,-5,105,112,Pirates,LNG Tanker,IDN,hotspot_malacca_straits,Malacca Straits
2016-04-25,2016,1.15,103.95,0,100,64,Robbers,Vessel,High Seas,hotspot_malacca_straits,Malacca Straits
2016-04-18,2016,3.93333333333,98.75,0,95,62,Robbers,Vessel,IDN,hotspot_malacca_straits,Malacca Straits
2016-04-17,2016,1.5,104.866666667,0,100,64,Robbers,Cargo Ship,IDN,hotspot_malacca_straits,Malacca Straits
2016-04-16,2016,1.38333333333,104.466666667,0,100,64,Robbers,Barge,MYS,hotspot_malacca_straits,Malacca Straits
2016-04-03,2016,-5.98333333333,106.9,-10,105,65,Robbers,Container Ship,IDN,hotspot_malacca_straits,Malacca Straits
2016-03-30,2016,-6,106.9,-10,105,65,Robbers,Bulk Carrier,IDN,hotspot_malacca_straits,Malacca Straits
2016-03-22,2016,-6.06666666667,106.816666667,-10,105,65,Robbers,Bulk Carrier,IDN,hotspot_malacca_straits,Malacca Straits
2016-02-27,2016,-6.1,106.8,-10,105,65,Robbers,Bulk Carrier,IDN,hotspot_malacca_straits,Malacca Straits
2016-01-15,2016,0.733333333333,104.15,0,100,64,Robbers,Offshore Support Vessel,IDN,hotspot_malacca_straits,Malacca Straits
2015-12-08,2015,3.95,98.7833333333,0,95,62,Robbers,Chemical Tanker,IDN,hotspot_malacca_straits,Malacca Straits
2015-12-02,2015,7.06666666667,98.3666666667,5,95,90,Pirates,Fishing Boat,THA,hotspot_malacca_straits,Malacca Straits
2015-11-20,2015,1.16666666667,103.666666667,0,100,64,Robbers,Barge,SGP,hotspot_malacca_straits,Malacca Straits
2015-11-13,2015,-6.06666666667,106.85,-10,105,65,Robbers,Bulk Carrier,IDN,hotspot_malacca_straits,Malacca Straits
2015-11-12,2015,3.93333333333,98.75,0,95,62,Robbers,Bulk Carrier,IDN,hotspot_malacca_straits,Malacca Straits
2015-11-06,2015,-6.06666666667,106.85,-10,105,65,Robbers,Bulk Carrier,IDN,hotspot_malacca_straits,Malacca Straits
2015-11-06,2015,3.78333333333,98.75,0,95,62,Robbers,Container Ship,IDN,hotspot_malacca_straits,Malacca Straits
2015-10-22,2015,1.1,103.533333333,0,100,64,Robbers,Bulk Carrier,IDN,hotspot_malacca_straits,Malacca Straits
2015-10-14,2015,1.18333333333,103.433333333,0,100,64,Robbers,Tanker,IDN,hotspot_malacca_straits,Malacca Straits
2015-10-14,2015,1.11666666667,103.533333333,0,100,64,Robbers,N/A,IDN,hotspot_malacca_straits,Malacca Straits
2015-10-14,2015,1.11666666667,103.5,0,100,64,Robbers,Bulk Carrier,IDN,hotspot_malacca_straits,Malacca Straits
2015-10-06,2015,5.81666666667,118.15,5,115,73,Robbers,Product Tanker,MYS,hotspot_south_china_sea,South China Sea
2015-10-05,2015,-6.01666666667,106.883333333,-10,105,65,Robbers,General Cargo Ship,IDN,hotspot_malacca_straits,Malacca Straits
2015-10-05,2015,3.93333333333,98.8166666667,0,95,62,Robbers,Product Tanker,IDN,hotspot_malacca_straits,Malacca Straits
2015-10-01,2015,5.81666666667,118.083333333,5,115,73,Robbers,Tanker,High Seas,hotspot_south_china_sea,South China Sea
2015-09-29,2015,1.7,101.5,0,100,64,Robbers,Product Tanker,IDN,hotspot_malacca_straits,Malacca Straits
2015-09-25,2015,3.93333333333,98.75,0,95,62,Robbers,Product Tanker,IDN,hotspot_malacca_straits,Malacca Straits
2015-09-20,2015,1.06666666667,103.683333333,0,100,64,Robbers,Bulk Carrier,IDN,hotspot_malacca_straits,Malacca Straits
2015-09-19,2015,1.18333333333,103.416666667,0,100,64,Robbers,Bulk Carrier,IDN,hotspot_malacca_straits,Malacca Straits
2015-09-15,2015,1.1,103.516666667,0,100,64,Robbers,Bulk Carrier,IDN,hotspot_malacca_straits,Malacca Straits
2015-09-08,2015,1.11666666667,103.516666667,0,100,64,Robbers,Container Ship,IDN,hotspot_malacca_straits,Malacca Straits
2015-09-07,2015,1.18333333333,103.416666667,0,100,64,Robbers,Bulk Carrier,IDN,hotspot_malacca_straits,Malacca Straits
2015-09-06,2015,1.26666666667,103.983333333,0,100,64,Robbers,Tanker,SGP,hotspot_malacca_straits,Malacca Straits
2015-09-01,2015,1.21666666667,103.916666667,0,100,64,Robbers,Tug Boat,IDN,hotspot_malacca_straits,Malacca Straits
2015-08-22,2015,1.11666666667,103.516666667,0,100,64,Robbers,Container Ship,IDN,hotspot_malacca_straits,Malacca Straits
2015-08-22,2015,1.16666666667,103.816666667,0,100,64,Robbers,Oil Tanker,IDN,hotspot_malacca_straits,Malacca Straits
2015-08-21,2015,1.1,103.733333333,0,100,64,Robbers,Product Tanker,IDN,hotspot_malacca_straits,Malacca Straits
2015-08-21,2015,1.11666666667,103.483333333,0,100,64,Robbers,Tanker,IDN,hotspot_malacca_straits,Malacca Straits
2015-08-21,2015,1.18333333333,103.45,0,100,64,Robbers,Tanker,IDN,hotspot_malacca_straits,Malacca Straits
2015-08-21,2015,1.16666666667,103.5,0,100,64,Robbers,Container Ship,IDN,hotspot_malacca_straits,Malacca Straits
2015-08-21,2015,1.06666666667,103.683333333,0,100,64,Robbers,Bulk Carrier,IDN,hotspot_malacca_straits,Malacca Straits
2015-08-20,2015,1.06666666667,103.6,0,100,64,Robbers,Bulk Carrier,IDN,hotspot_malacca_straits,Malacca Straits
2015-08-15,2015,1.26666666667,104.133333333,0,100,64,Robbers,Container Ship,IDN,hotspot_malacca_straits,Malacca Straits
2015-08-15,2015,6.23333333333,98.9833333333,5,95,90,Pirates,Fishing Boat,MYS,hotspot_malacca_straits,Malacca Straits
2015-08-12,2015,1.11666666667,103.516666667,0,100,64,Robbers,Container Ship,IDN,hotspot_malacca_straits,Malacca Straits
2015-08-12,2015,4,98.75,0,95,62,Robbers,Product Tanker,IDN,hotspot_malacca_straits,Malacca Straits
2015-08-09,2015,1.08333333333,103.583333333,0,100,64,Robbers,Tanker,IDN,hotspot_malacca_straits,Malacca Straits
2015-08-09,2015,1.1,103.566666667,0,100,64,Robbers,Bulk Carrier,IDN,hotspot_malacca_straits,Malacca Straits
2015-08-08,2015,2.05,101.983333333,0,100,64,Pirates,Tanker,IDN,hotspot_malacca_straits,Malacca Straits
2015-08-03,2015,3.93333333333,98.7333333333,0,95,62,Robbers,Chemical Tanker,IDN,hotspot_malacca_straits,Malacca Straits
2015-07-30,2015,1.08333333333,103.7,0,100,64,Robbers,Bulk Carrier,IDN,hotspot_malacca_straits,Malacca Straits
2015-07-26,2015,1.06666666667,103.616666667,0,100,64,Robbers,Product Tanker,IDN,hotspot_malacca_straits,Malacca Straits
2015-07-25,2015,1.06666666667,103.6,0,100,64,Suspicious Approach,Tanker,IDN,hotspot_malacca_straits,Malacca Straits
2015-07-24,2015,1.05,103.65,0,100,64,Robbers,Bulk Carrier,IDN,hotspot_malacca_straits,Malacca Straits
2015-07-04,2015,3.71666666667,98.7,0,95,62,Robbers,Container Ship,High Seas,hotspot_malacca_straits,Malacca Straits
2015-06-27,2015,1.1,103.533333333,0,100,64,Robbers,Tanker,IDN,hotspot_malacca_straits,Malacca Straits
2015-06-26,2015,1.1,103.733333333,0,100,64,Robbers,Bulk Carrier,IDN,hotspot_malacca_straits,Malacca Straits
2015-06-26,2015,1.18333333333,103.416666667,0,100,64,Robbers,Tanker,IDN,hotspot_malacca_straits,Malacca Straits
2015-06-17,2015,1.06666666667,103.6,0,100,64,Robbers,LPG Tanker,IDN,hotspot_malacca_straits,Malacca Straits
2015-06-17,2015,1.13333333333,103.766666667,0,100,64,Robbers,LNG Tanker,IDN,hotspot_malacca_straits,Malacca Straits
2015-06-17,2015,1.08333333333,103.7,0,100,64,Robbers,Bulk Carrier,IDN,hotspot_malacca_straits,Malacca Straits
2015-06-17,2015,1.05,103.6,0,100,64,Robbers,Oil Tanker,IDN,hotspot_malacca_straits,Malacca Straits
2015-06-16,2015,1.06666666667,103.566666667,0,100,64,Robbers,Tanker,IDN,hotspot_malacca_straits,Malacca Straits
2015-06-13,2015,1.58333333333,105,0,105,66,Robbers,Tug,IDN,hotspot_malacca_straits,Malacca Straits
2015-06-12,2015,4,98.9,0,95,62,Robbers,Wood Chip Carrier,IDN,hotspot_malacca_straits,Malacca Straits
2015-06-04,2015,2.35,104.366666667,0,100,64,Pirates,Product Tanker,MYS,hotspot_malacca_straits,Malacca Straits
2015-06-03,2015,-2.01666666667,106.55,-5,105,112,Pirates,Timber carrier,IDN,hotspot_malacca_straits,Malacca Straits
2015-05-23,2015,1.03333333333,103.65,0,100,64,Robbers,Container Ship,IDN,hotspot_malacca_straits,Malacca Straits
2015-05-20,2015,1.7,101.466666667,0,100,64,Robbers,Product Tanker,IDN,hotspot_malacca_straits,Malacca Straits
2015-05-17,2015,1.08333333333,103.6,0,100,64,Robbers,Tanker,IDN,hotspot_malacca_straits,Malacca Straits
2015-05-15,2015,2.58333333333,111.216666667,0,110,94,Pirates,Tanker,MYS,hotspot_malacca_straits,Malacca Straits
2015-05-10,2015,1.7,101.466666667,0,100,64,Robbers,Chemical Tanker,IDN,hotspot_malacca_straits,Malacca Straits
2015-05-08,2015,1.03333333333,103.65,0,100,64,Pirates,Tanker,IDN,hotspot_malacca_straits,Malacca Straits
2015-05-08,2015,1.16666666667,103.833333333,0,100,64,Robbers,Bulk Carrier,IDN,hotspot_malacca_straits,Malacca Straits
2015-05-06,2015,1.4,103.133333333,0,100,64,Robbers,General Cargo Ship,MYS,hotspot_malacca_straits,Malacca Straits
2015-05-05,2015,1.05,103.616666667,0,100,64,Robbers,Bulk Carrier,IDN,hotspot_malacca_straits,Malacca Straits
2015-05-04,2015,1.06666666667,103.616666667,0,100,64,Robbers,Bulk Carrier,IDN,hotspot_malacca_straits,Malacca Straits
2015-05-04,2015,1.08333333333,103.766666667,0,100,64,Robbers,Bulk Carrier,IDN,hotspot_malacca_straits,Malacca Straits
2015-05-02,2015,2.31666666667,101.666666667,0,100,64,Pirates,Tanker,IDN,hotspot_malacca_straits,Malacca Straits
2015-05-01,2015,1.71666666667,101.4,0,100,64,Robbers,Product Tanker,IDN,hotspot_malacca_straits,Malacca Straits
2015-04-26,2015,1.23333333333,103.416666667,0,100,64,Robbers,Container Ship,IDN,hotspot_malacca_straits,Malacca Straits
2015-04-25,2015,1.33333333333,104.4,0,100,64,Robbers,Bulk Carrier,MYS,hotspot_malacca_straits,Malacca Straits
2015-04-25,2015,1.28333333333,104.116666667,0,100,64,Robbers,Merchant Ship,MYS,hotspot_malacca_straits,Malacca Straits
2015-04-21,2015,2.46666666667,104.433333333,0,100,64,Robbers,Tanker,MYS,hotspot_malacca_straits,Malacca Straits
2015-04-19,2015,1.06666666667,103.666666667,0,100,64,Robbers,Tanker,IDN,hotspot_malacca_straits,Malacca Straits
2015-04-16,2015,1.05,103.666666667,0,100,64,Robbers,Bulk Carrier,IDN,hotspot_malacca_straits,Malacca Straits
2015-04-11,2015,1.41666666667,104.616666667,0,100,64,Robbers,Bulk Carrier,IDN,hotspot_malacca_straits,Malacca Straits
2015-04-03,2015,5.8,118.083333333,5,115,73,Robbers,General Cargo Ship,MYS,hotspot_south_china_sea,South China Sea
2015-04-01,2015,2.15,107.533333333,0,105,66,Pirates,Petroleum Product Tanker,IDN,hotspot_malacca_straits,Malacca Straits
2015-03-30,2015,1.13333333333,103.916666667,0,100,64,Robbers,Cargo Ship,IDN,hotspot_malacca_straits,Malacca Straits
2015-03-29,2015,1.08333333333,103.583333333,0,100,64,Robbers,Cargo Ship,IDN,hotspot_malacca_straits,Malacca Straits
2015-03-21,2015,3.93333333333,98.75,0,95,62,Robbers,Bulk Carrier,IDN,hotspot_malacca_straits,Malacca Straits
2015-03-20,2015,1.21666666667,103.966666667,0,100,64,Robbers,Bulk Carrier,IDN,hotspot_malacca_straits,Malacca Straits
2015-03-20,2015,1.11666666667,103.566666667,0,100,64,Robbers,Container Ship,IDN,hotspot_malacca_straits,Malacca Straits
2015-03-19,2015,1.26666666667,104.266666667,0,100,64,Robbers,Bulk Carrier,IDN,hotspot_malacca_straits,Malacca Straits
2015-03-18,2015,1.26666666667,104.266666667,0,100,64,Robbers,Bulk Carrier,IDN,hotspot_malacca_straits,Malacca Straits
2015-03-09,2015,1.71666666667,105.833333333,0,105,66,Pirates,Product tanker,IDN,hotspot_malacca_straits,Malacca Straits
2015-03-08,2015,1.71666666667,105.833333333,0,105,66,Pirates,Tanker,IDN,hotspot_malacca_straits,Malacca Straits
2015-02-25,2015,1.13333333333,103.466666667,0,100,64,Robbers,Bulk Carrier,IDN,hotspot_malacca_straits,Malacca Straits
2015-02-24,2015,1.13333333333,103.466666667,0,100,64,Robbers,Bulk Carrier,IDN,hotspot_malacca_straits,Malacca Straits
2015-02-20,2015,2.13333333333,104.65,0,100,64,Pirates,Product Tanker,MYS,hotspot_malacca_straits,Malacca Straits
2015-02-14,2015,3.78333333333,98.6833333333,0,95,62,Robbers,Bulk Carrier,High Seas,hotspot_malacca_straits,Malacca Straits
2015-02-13,2015,3.18333333333,100.716666667,0,100,64,Pirates,Tanker,MYS,hotspot_malacca_straits,Malacca Straits
2015-02-02,2015,1.06666666667,103.6,0,100,64,Robbers,Bulk Carrier,IDN,hotspot_malacca_straits,Malacca Straits
2015-01-29,2015,-6.01666666667,106.916666667,-10,105,65,Robbers,Bulk Carrier,IDN,hotspot_malacca_straits,Malacca Straits
2015-01-22,2015,-5.85,106.933333333,-10,105,65,Robbers,Anchored Ship,IDN,hotspot_malacca_straits,Malacca Straits
2015-01-18,2015,1.11666666667,103.516666667,0,100,64,Robbers,Bulk Carrier,IDN,hotspot_malacca_straits,Malacca Straits
2015-01-14,2015,1.03333333333,103.9,0,100,64,Robbers,Tug Boat,IDN,hotspot_malacca_straits,Malacca Straits
2015-01-10,2015,1.06666666667,104.166666667,0,100,64,Robbers,LPG Tanker,IDN,hotspot_malacca_straits,Malacca Straits
2015-01-08,2015,1.18333333333,104,0,100,64,Robber,Tanker,IDN,hotspot_malacca_straits,Malacca Straits
2015-01-08,2015,1.18333333333,103.616666667,0,100,64,Pirates,Barge,SGP,hotspot_malacca_straits,Malacca Straits
2014-12-25,2014,1.03333333333,103.633333333,0,100,64,Robbers,Product Tanker,IDN,hotspot_malacca_straits,Malacca Straits
2014-12-23,2014,1.1,103.533333333,0,100,64,Robbers,Underway Vessel,IDN,hotspot_malacca_straits,Malacca Straits
2014-12-20,2014,1.31666666667,104.133333333,0,100,64,Robbers,Product Tanker,MYS,hotspot_malacca_straits,Malacca Straits
2014-12-20,2014,1.38333333333,104.666666667,0,100,64,Robbers,Container Ship,IDN,hotspot_malacca_straits,Malacca Straits
2014-12-07,2014,2.25,104.816666667,0,100,64,Robbers,Bitumen Tanker,MYS,hotspot_malacca_straits,Malacca Straits
2014-12-07,2014,1.51666666667,104.583333333,0,100,64,Robbers,Product Tanker,MYS,hotspot_malacca_straits,Malacca Straits
2014-12-06,2014,2.25,104.816666667,0,100,64,Robbers,Tanker,MYS,hotspot_malacca_straits,Malacca Straits
2014-12-06,2014,1.51666666667,104.583333333,0,100,64,Robbers,Product Tanker,MYS,hotspot_malacca_straits,Malacca Straits
2014-11-23,2014,1.11666666667,103.483333333,0,100,64,Robbers,Bulk Carrier,IDN,hotspot_malacca_straits,Malacca Straits
2014-11-22,2014,1.4,104.683333333,0,100,64,Robbers,LPG Tanker,IDN,hotspot_malacca_straits,Malacca Straits
2014-11-22,2014,1.11666666667,103.5,0,100,64,Robbers,Chemical Tanker,IDN,hotspot_malacca_straits,Malacca Straits
2014-11-19,2014,1.48333333333,104.85,0,100,64,Robbers,Tanker,IDN,hotspot_malacca_straits,Malacca Straits
2014-11-16,2014,1.13333333333,103.5,0,100,64,Robbers,Chemical Tanker,IDN,hotspot_malacca_straits,Malacca Straits
2014-11-16,2014,1.63333333333,104.916666667,0,100,64,Robbers,Bulk Carrier,IDN,hotspot_malacca_straits,Malacca Straits
2014-11-15,2014,1.13333333333,103.5,0,100,64,Robbers,Chemical Tanker,IDN,hotspot_malacca_straits,Malacca Straits
2014-11-13,2014,1.23333333333,103.466666667,0,100,64,Robbers,Tanker,MYS,hotspot_malacca_straits,Malacca Straits
2014-11-11,2014,1.06666666667,104.2,0,100,64,Robbers,LPG Tanker,IDN,hotspot_malacca_straits,Malacca Straits
2014-11-08,2014,1.46666666667,104.633333333,0,100,64,Robbers,Chemical Tanker,IDN,hotspot_malacca_straits,Malacca Straits
2014-11-04,2014,1.48333333333,104.666666667,0,100,64,Robbers,LPG Tanker,IDN,hotspot_malacca_straits,Malacca Straits
2014-11-04,2014,1.21666666667,103.566666667,0,100,64,Robbers,Tug,SGP,hotspot_malacca_straits,Malacca Straits
2014-11-04,2014,1.43333333333,104.65,0,100,64,Robbers,Bulk Carrier,IDN,hotspot_malacca_straits,Malacca Straits
2014-10-27,2014,1.06666666667,103.6,0,100,64,Robbers,Bulk Carrier,IDN,hotspot_malacca_straits,Malacca Straits
2014-10-26,2014,1.4,104.583333333,0,100,64,Robbers,Container Ship,IDN,hotspot_malacca_straits,Malacca Straits
2014-10-22,2014,1.41666666667,104.583333333,0,100,64,Robbers,Bulk carrier,IDN,hotspot_malacca_straits,Malacca Straits
2014-10-21,2014,1.8,104.516666667,0,100,64,Pirates,Product tanker,MYS,hotspot_malacca_straits,Malacca Straits
2014-10-20,2014,1.13333333333,103.483333333,0,100,64,Pirates,Bulk carrier,IDN,hotspot_malacca_straits,Malacca Straits
2014-10-19,2014,1.16666666667,103.533333333,0,100,64,Pirates,LPG tanker,IDN,hotspot_malacca_straits,Malacca Straits
2014-10-17,2014,-5.5,105.3,-10,105,65,Robbers,Bulk carrier,IDN,hotspot_malacca_straits,Malacca Straits
2014-10-14,2014,-5.93333333333,106.766666667,-10,105,65,Robbers,LPG tanker,IDN,hotspot_malacca_straits,Malacca Straits
2014-10-14,2014,1.46666666667,104.616666667,0,100,64,Robbers,Bulk carrier,IDN,hotspot_malacca_straits,Malacca Straits
2014-10-05,2014,-5.58333333333,104.566666667,-10,100,91,Robbers,LPG tanker,IDN,hotspot_malacca_straits,Malacca Straits
2014-10-02,2014,1.3,104.5,0,100,64,Pirates,Oil Tanker,IDN,hotspot_malacca_straits,Malacca Straits
2014-09-25,2014,1.46666666667,104.683333333,0,100,64,Robbers,Tanker,IDN,hotspot_malacca_straits,Malacca Straits
2014-09-22,2014,7.16666666667,98.2,5,95,90,Pirates,Tanker,THA,hotspot_malacca_straits,Malacca Straits
2014-09-22,2014,7.2,98,5,95,90,Pirates,Product Tanker,THA,hotspot_malacca_straits,Malacca Straits
2014-09-17,2014,1.43333333333,104.833333333,0,100,64,Pirates,Product Tanker,IDN,hotspot_malacca_straits,Malacca Straits
2014-08-28,2014,2.5,104.25,0,100,64,Pirates,Oil Product Tanker,MYS,hotspot_malacca_straits,Malacca Straits
2014-08-22,2014,-6.01666666667,106.883333333,-10,105,65,Suspicious Approach,Chemical Tanker,IDN,hotspot_malacca_straits,Malacca Straits
2014-08-22,2014,1.16666666667,103.566666667,0,100,64,Pirates,Container Ship,IDN,hotspot_malacca_straits,Malacca Straits
2014-08-22,2014,1.43333333333,104.616666667,0,100,64,Robbers,Bulk Carrier,IDN,hotspot_malacca_straits,Malacca Straits
2014-08-20,2014,1.55,104.766666667,0,100,64,Pirates,Product Tanker,IDN,hotspot_malacca_straits,Malacca Straits
2014-08-11,2014,3.9,98.7666666667,0,95,62,Robbers,Chemical tanker,IDN,hotspot_malacca_straits,Malacca Straits
2014-08-04,2014,-5.56666666667,104.633333333,-10,100,91,Robbers,LPG tanker,IDN,hotspot_malacca_straits,Malacca Straits
2014-08-02,2014,5.4,100.083333333,5,100,92,Pirates,Product tanker,MYS,hotspot_malacca_straits,Malacca Straits
2014-07-25,2014,1.31666666667,104.25,0,100,64,Robbers,Product tanker,MYS,hotspot_malacca_straits,Malacca Straits
2014-07-25,2014,3.91666666667,98.75,0,95,62,Robbers,Product tanker,IDN,hotspot_malacca_straits,Malacca Straits
2014-07-15,2014,1.48333333333,104.716666667,0,100,64,Pirates,LPG tanker,IDN,hotspot_malacca_straits,Malacca Straits
2014-07-15,2014,1.73333333333,105.116666667,0,105,66,Pirates,Product tanker,IDN,hotspot_malacca_straits,Malacca Straits
2014-07-13,2014,2.01666666667,104.483333333,0,100,64,Pirates,Product Tanker,MYS,hotspot_malacca_straits,Malacca Straits
2014-07-09,2014,1.45,104.633333333,0,100,64,Robbers,Product tanker,IDN,hotspot_malacca_straits,Malacca Straits
2014-07-09,2014,1.98333333333,108.466666667,0,105,66,Pirates,General cargo ship,IDN,hotspot_malacca_straits,Malacca Straits
2014-07-04,2014,3.38333333333,105.133333333,0,105,66,Pirates,Product tanker,IDN,hotspot_malacca_straits,Malacca Straits
2014-07-02,2014,1.46666666667,104.666666667,0,100,64,Robbers,Tanker,IDN,hotspot_malacca_straits,Malacca Straits
2014-06-30,2014,-5.98333333333,106.9,-10,105,65,Robbers,Vehicle Carrier,IDN,hotspot_malacca_straits,Malacca Straits
2014-06-30,2014,1.41666666667,104.733333333,0,100,64,Robbers,Cargo Ship,IDN,hotspot_malacca_straits,Malacca Straits
2014-06-30,2014,1.11666666667,103.5,0,100,64,Pirates,LPG Tanker,IDN,hotspot_malacca_straits,Malacca Straits
2014-06-26,2014,1.4,104.666666667,0,100,64,Robbers,Container Ship,IDN,hotspot_malacca_straits,Malacca Straits
2014-06-25,2014,1.18333333333,103.866666667,0,100,64,Robbers,Chemical Tanker,IDN,hotspot_malacca_straits,Malacca Straits
2014-06-25,2014,1.41666666667,104.566666667,0,100,64,Robbers,Tanker,IDN,hotspot_malacca_straits,Malacca Straits
2014-06-17,2014,1.51666666667,104.483333333,0,100,64,Pirates,Product Tanker,MYS,hotspot_malacca_straits,Malacca Straits
2014-06-17,2014,3.95,98.7666666667,0,95,62,Robbers,Anchored Ship,IDN,hotspot_malacca_straits,Malacca Straits
2014-06-14,2014,2.1,104.65,0,100,64,Pirates,Product tanker,MYS,hotspot_malacca_straits,Malacca Straits
2014-06-07,2014,1.66666666667,104.416666667,0,100,64,Robbers,Cargo ship,MYS,hotspot_malacca_straits,Malacca Straits
2014-06-07,2014,3.38333333333,113.083333333,0,110,94,Pirates,Tanker,MYS,hotspot_malacca_straits,Malacca Straits
2014-06-03,2014,-6.01666666667,106.9,-10,105,65,Robbers,General cargo ship,IDN,hotspot_malacca_straits,Malacca Straits
2014-05-31,2014,4.05,112.433333333,0,110,94,Pirates,Tanker,MYS,hotspot_malacca_straits,Malacca Straits
2014-05-29,2014,1.16666666667,103.4,0,100,64,Intruders,Tugboat,IDN,hotspot_malacca_straits,Malacca Straits
2014-05-29,2014,1.13333333333,103.5,0,100,64,Robbers,Bulk carrier,IDN,hotspot_malacca_straits,Malacca Straits
2014-05-29,2014,1.56666666667,104.45,0,100,64,Robbers,Tanker,MYS,hotspot_malacca_straits,Malacca Straits
2014-05-29,2014,1.16666666667,103.683333333,0,100,64,Robbers,Bulk carrier,SGP,hotspot_malacca_straits,Malacca Straits
2014-05-28,2014,1.15,103.633333333,0,100,64,Robbers,Bulk Carrier,IDN,hotspot_malacca_straits,Malacca Straits
2014-05-27,2014,1.46666666667,104.616666667,0,100,64,Robbers,Processing Ship,IDN,hotspot_malacca_straits,Malacca Straits
2014-05-25,2014,1.85,104.516666667,0,100,64,Pirates,Tanker,MYS,hotspot_malacca_straits,Malacca Straits
2014-05-23,2014,-6.01666666667,106.9,-10,105,65,Robbers,Bulk Carrier,IDN,hotspot_malacca_straits,Malacca Straits
2014-05-22,2014,3.78333333333,98.6833333333,0,95,62,Robbers,Chemical tanker,High Seas,hotspot_malacca_straits,Malacca Straits
2014-05-12,2014,1.58333333333,104.533333333,0,100,64,Robbers,Tanker,MYS,hotspot_malacca_straits,Malacca Straits
2014-05-07,2014,1.46666666667,104.666666667,0,100,64,Robbers,Product Tanker,IDN,hotspot_malacca_straits,Malacca Straits
2014-05-04,2014,1.45,104.583333333,0,100,64,Robber,Chemical Tanker,IDN,hotspot_malacca_straits,Malacca Straits
2014-05-03,2014,1.4,104.683333333,0,100,64,Robbers,Chemical Tanker,IDN,hotspot_malacca_straits,Malacca Straits
2014-05-01,2014,1.4,104.583333333,0,100,64,Robbers,General Cargo Ship,IDN,hotspot_malacca_straits,Malacca Straits
2014-05-01,2014,1.48972222222,104.783333333,0,100,64,Robbers,Product Tanker,IDN,hotspot_malacca_straits,Malacca Straits
2014-04-30,2014,1.4,104.683333333,0,100,64,Robbers,Chemical Tanker,IDN,hotspot_malacca_straits,Malacca Straits
2014-04-22,2014,2.98333333333,100.9,0,100,64,Pirates,Product tanker,MYS,hotspot_malacca_straits,Malacca Straits
2014-04-21,2014,1.4,104.566666667,0,100,64,Robbers,Anchored product tanker,IDN,hotspot_malacca_straits,Malacca Straits
2014-04-20,2014,1.43333333333,104.633333333,0,100,64,Robbers,Anchored product tanker,IDN,hotspot_malacca_straits,Malacca Straits
2014-04-19,2014,3.91666666667,98.7666666667,0,95,62,Robbers,Anchored general cargo ship,IDN,hotspot_malacca_straits,Malacca Straits
2014-04-17,2014,1.98333333333,104.416666667,0,100,64,Pirates,Underway product tanker,MYS,hotspot_malacca_straits,Malacca Straits
2014-04-09,2014,3.9,98.7666666667,0,95,62,Robbers,Anchored Bulk Carrier,IDN,hotspot_malacca_straits,Malacca Straits
2014-04-03,2014,5.8,118.083333333,5,115,73,Robbers,General Cargo Ship,MYS,hotspot_south_china_sea,South China Sea
2014-04-02,2014,1.4,104.716666667,0,100,64,Robbers,Tanker,IDN,hotspot_malacca_straits,Malacca Straits
2014-03-31,2014,1.4,104.683333333,0,100,64,Robbers,Tanker,IDN,hotspot_malacca_straits,Malacca Straits
2014-03-31,2014,1.1,103.566666667,0,100,64,Robbers,Bulk carrier,IDN,hotspot_malacca_straits,Malacca Straits
2014-03-29,2014,1.11666666667,103.5,0,100,64,Robbers,Product tanker,IDN,hotspot_malacca_straits,Malacca Straits
2014-03-20,2014,-5.98333333333,105.916666667,-10,105,65,Robbers,Tanker,IDN,hotspot_malacca_straits,Malacca Straits
2014-03-11,2014,-6.2,100.9,-10,100,91,Pirates,Anchor handling tug,IDN,hotspot_malacca_straits,Malacca Straits
2014-03-10,2014,1.2,103.9,0,100,64,Robbers,Bulk carrier,IDN,hotspot_malacca_straits,Malacca Straits
2014-03-06,2014,1.16666666667,103.416666667,0,100,64,Robbers,Crude oil tanker,IDN,hotspot_malacca_straits,Malacca Straits
2014-03-06,2014,1.16666666667,103.416666667,0,100,64,Robbers,Crude oil tanker,IDN,hotspot_malacca_straits,Malacca Straits
2014-03-06,2014,1.18333333333,103.433333333,0,100,64,Robbers,Underway tanker,IDN,hotspot_malacca_straits,Malacca Straits
2014-03-03,2014,1.15,103.5,0,100,64,Robbers,Underway tanker,IDN,hotspot_malacca_straits,Malacca Straits
2014-02-23,2014,1.18333333333,103.566666667,0,100,64,Robbers on fishing boats,Barge under tow,IDN,hotspot_malacca_straits,Malacca Straits
2014-02-14,2014,-5.98333333333,106.916666667,-10,105,65,Robber(s),Anchored container ship,IDN,hotspot_malacca_straits,Malacca Straits
2014-02-10,2014,1.35,104.683333333,0,100,64,Robbers,Bulk carrier,IDN,hotspot_malacca_straits,Malacca Straits
2014-02-06,2014,1.08333333333,103.55,0,100,64,Robbers,Underway container ship,IDN,hotspot_malacca_straits,Malacca Straits
2014-02-06,2014,1.05,103.6,0,100,64,Robber(s),Underway cargo ship,IDN,hotspot_malacca_straits,Malacca Straits
2014-02-05,2014,1.41666666667,104.566666667,0,100,64,Robbers,Chemical tanker,IDN,hotspot_malacca_straits,Malacca Straits
2014-02-01,2014,1.7,101.416666667,0,100,64,Robbers,Chemical tanker,IDN,hotspot_malacca_straits,Malacca Straits
2014-01-18,2014,1.11666666667,104.15,0,100,64,Robbers,Bulk carrier,IDN,hotspot_malacca_straits,Malacca Straits
2014-01-16,2014,-6.03333333333,106.883333333,-10,105,65,Robbers,General cargo ship,IDN,hotspot_malacca_straits,Malacca Straits
2014-01-10,2014,-6.1,106.883333333,-10,105,65,Robbers,Container ship,IDN,hotspot_malacca_straits,Malacca Straits
2014-01-06,2014,3.91666666667,98.7666666667,0,95,62,Robbers,Chemical tanker,IDN,hotspot_malacca_straits,Malacca Straits
2014-01-03,2014,3.95,98.7833333333,0,95,62,Robbers,Chemical tanker,IDN,hotspot_malacca_straits,Malacca Straits
2013-12-20,2013,3.9,98.7833333333,0,95,62,Robbers,Chemical tanker,IDN,hotspot_malacca_straits,Malacca Straits
2013-12-19,2013,1.31666666667,104.266666667,0,100,64,SUSPICIOUS APPROACH,CHEMICAL TANKER,MYS,hotspot_malacca_straits,Malacca Straits
2013-12-19,2013,3.91666666667,98.8,0,95,62,ROBBERS,CHEMICAL TANKER,IDN,hotspot_malacca_straits,Malacca Straits
2013-12-18,2013,3.78333333333,98.7,0,95,62,Robbers,Tanker,High Seas,hotspot_malacca_straits,Malacca Straits
2013-12-18,2013,1.25,104.116666667,0,100,64,Robbers,Barge,IDN,hotspot_malacca_straits,Malacca Straits
2013-12-13,2013,1.23333333333,104.05,0,100,64,Robbers,Barge,IDN,hotspot_malacca_straits,Malacca Straits
2013-12-10,2013,1.41666666667,104.683333333,0,100,64,ROBBERS,TANKER,IDN,hotspot_malacca_straits,Malacca Straits
2013-12-07,2013,1.11666666667,103.583333333,0,100,64,ROBBERS,TANKER,IDN,hotspot_malacca_straits,Malacca Straits
2013-12-01,2013,1.1,103.633333333,0,100,64,ROBBER,TANKER,IDN,hotspot_malacca_straits,Malacca Straits
2013-11-29,2013,1.1,103.6,0,100,64,SUSPICIOUS CRAFT,TANKER,IDN,hotspot_malacca_straits,Malacca Straits
2013-11-27,2013,1.1,103.633333333,0,100,64,ROBBERS,OIL TANKER,IDN,hotspot_malacca_straits,Malacca Straits
2013-11-24,2013,1.7,101.483333333,0,100,64,ROBBERS,CHEMICAL TANKER,IDN,hotspot_malacca_straits,Malacca Straits
2013-11-23,2013,-5.98333333333,105.916666667,-10,105,65,ROBBERS,GENERAL CARGO SHIP,IDN,hotspot_malacca_straits,Malacca Straits
2013-11-23,2013,3.91666666667,98.75,0,95,62,ROBBER,CARGO SHIP,IDN,hotspot_malacca_straits,Malacca Straits
2013-11-22,2013,1.68333333333,101.45,0,100,64,ROBBERS,PRODUCT TANKER,IDN,hotspot_malacca_straits,Malacca Straits
2013-11-16,2013,3.9,98.7666666667,0,95,62,ROBBER,PRODUCT TANKER,IDN,hotspot_malacca_straits,Malacca Straits
2013-11-14,2013,1.38333333333,104.7,0,100,64,ROBBERS,TANKER,IDN,hotspot_malacca_straits,Malacca Straits
2013-11-07,2013,1.33333333333,103.3,0,100,64,PIRATES,Petroleum product tanker,MYS,hotspot_malacca_straits,Malacca Straits
2013-11-06,2013,1.41666666667,104.383333333,0,100,64,ROBBERS,BARGE/TUG,MYS,hotspot_malacca_straits,Malacca Straits
2013-11-04,2013,3.9,98.7666666667,0,95,62,robbers,CHEMICAL TANKER,IDN,hotspot_malacca_straits,Malacca Straits
2013-10-30,2013,1.35,104.4,0,100,64,Robbers,Asphalt tanker,MYS,hotspot_malacca_straits,Malacca Straits
2013-10-27,2013,3.93333333333,98.75,0,95,62,Robbers,Chemical tanker,IDN,hotspot_malacca_straits,Malacca Straits
2013-10-26,2013,3.66666666667,103.916666667,0,100,64,SUSPICIOUS CRAFT,Chemical tanker,MYS,hotspot_malacca_straits,Malacca Straits
2013-10-22,2013,3.78333333333,98.7666666667,0,95,62,Robbers,Chemical tanker,IDN,hotspot_malacca_straits,Malacca Straits
2013-10-22,2013,1.7,101.433333333,0,100,64,Robbers,Chemical tanker,IDN,hotspot_malacca_straits,Malacca Straits
2013-10-19,2013,1.41666666667,104.566666667,0,100,64,Robbers,Tanker,IDN,hotspot_malacca_straits,Malacca Straits
2013-10-18,2013,1.13333333333,103.466666667,0,100,64,Pirates,Tanker,IDN,hotspot_malacca_straits,Malacca Straits
2013-10-12,2013,-6.16666666667,106.8,-10,105,65,ROBBERS,CHEMICAL TANKER NORD NIGHTINGALE,High Seas,hotspot_malacca_straits,Malacca Straits
2013-10-10,2013,2.2,104.75,0,100,64,PIRATES,OIL PRODUCT TANKER DANAI 4,MYS,hotspot_malacca_straits,Malacca Straits
2013-10-07,2013,1.13333333333,103.416666667,0,100,64,Robbers,Tanker,IDN,hotspot_malacca_straits,Malacca Straits
2013-10-07,2013,1.13333333333,103.416666667,0,100,64,Robbers,Product tanker SKS DONGGANG,IDN,hotspot_malacca_straits,Malacca Straits
2013-10-06,2013,1.15,103.583333333,0,100,64,Robbers,Tanker,IDN,hotspot_malacca_straits,Malacca Straits
2013-10-06,2013,1.15,103.583333333,0,100,64,Robbers,Tanker,IDN,hotspot_malacca_straits,Malacca Straits
2013-10-01,2013,1.16666666667,103.966666667,0,100,64,Robbers,Chemical tanker,IDN,hotspot_malacca_straits,Malacca Straits
2013-09-27,2013,3.96666666667,98.75,0,95,62,Robbers,Tanker,IDN,hotspot_malacca_straits,Malacca Straits
2013-09-26,2013,-1.03333333333,117.25,-5,115,72,Robbers,Bulk carrier,IDN,hotspot_south_china_sea,South China Sea
2013-09-23,2013,4.86666666667,104.083333333,0,100,64,Pirates,Offshore supply tug,MYS,hotspot_malacca_straits,Malacca Straits
2013-09-23,2013,1.11666666667,103.616666667,0,100,64,Robbers,Tanker,IDN,hotspot_malacca_straits,Malacca Straits
2013-09-22,2013,1.1,103.7,0,100,64,Robbers,Tugboat,IDN,hotspot_malacca_straits,Malacca Straits
2013-09-21,2013,-6.08333333333,106.883333333,-10,105,65,Robbers,Tanker,IDN,hotspot_malacca_straits,Malacca Straits
2013-09-21,2013,-0.3,117.683333333,-5,115,72,Robbers,Bulk freighter,IDN,hotspot_south_china_sea,South China Sea
2013-09-15,2013,1.06666666667,103.633333333,0,100,64,ROBBERS,CHEMICAL TANKER,IDN,hotspot_malacca_straits,Malacca Straits
2013-09-11,2013,-1,104.2,-5,100,111,Robbers,Tanker,IDN,hotspot_malacca_straits,Malacca Straits
2013-08-23,2013,3.78333333333,98.7,0,95,62,Robbers,Livestock carrier BRAHMAN EXPRESS,High Seas,hotspot_malacca_straits,Malacca Straits
2013-08-18,2013,1.25,104.116666667,0,100,64,ROBBERS,BARGE M3320,IDN,hotspot_malacca_straits,Malacca Straits
2013-08-17,2013,1.33333333333,104.266666667,0,100,64,ROBBERS,PRODUCT TANKER MORESBY 9,MYS,hotspot_malacca_straits,Malacca Straits
2013-08-04,2013,-10,105,-10,105,65,Robbers,Chemical/gas tanker,CXR,hotspot_malacca_straits,Malacca Straits
2013-08-02,2013,1.38333333333,104.5,0,100,64,Pirates,Product tanker,IDN,hotspot_malacca_straits,Malacca Straits
2013-08-02,2013,1.1,103.633333333,0,100,64,robber,tanker MARE NOSTRUM,IDN,hotspot_malacca_straits,Malacca Straits
2013-07-30,2013,-10,105,-10,105,65,Robbers,Oil/chemical tanker,CXR,hotspot_malacca_straits,Malacca Straits
2013-07-29,2013,1.1,104.166666667,0,100,64,ROBBERS,LPG TANKER,IDN,hotspot_malacca_straits,Malacca Straits
2013-07-28,2013,1.105,104.181666667,0,100,64,ROBBERS,LPG TANKER,IDN,hotspot_malacca_straits,Malacca Straits
2013-07-25,2013,1.3,104.683333333,0,100,64,PIRATES,TUG SURYA WIRA 2,IDN,hotspot_malacca_straits,Malacca Straits
2013-07-24,2013,1.3,104.683333333,0,100,64,PIRATES,TUG,IDN,hotspot_malacca_straits,Malacca Straits
2013-07-24,2013,1.26666666667,104.616666667,0,100,64,PIRATES,TUG SURYA WIRA 5,IDN,hotspot_malacca_straits,Malacca Straits
2013-07-17,2013,1.11666666667,104.866666667,0,100,64,ROBBERS,CARGO SHIP,IDN,hotspot_malacca_straits,Malacca Straits
2013-07-12,2013,3.21666666667,104.966666667,0,100,64,PIRATES,TUG CREST APACHE & BARGE TERAS 3717,IDN,hotspot_malacca_straits,Malacca Straits
2013-07-11,2013,1.11666666667,103.616666667,0,100,64,ROBBERS,TANKER,IDN,hotspot_malacca_straits,Malacca Straits
2013-07-10,2013,3.98333333333,100.1,0,100,64,ROBBERS,TANKER GUANABARA,MYS,hotspot_malacca_straits,Malacca Straits
2013-07-07,2013,1.06666666667,103.633333333,0,100,64,ROBBERS,TANKER AFRAMAX RIO,IDN,hotspot_malacca_straits,Malacca Straits
2013-07-01,2013,6.45,99.7666666667,5,95,90,SUSPICIOUS CRAFT,BARGE,High Seas,hotspot_malacca_straits,Malacca Straits
2013-06-27,2013,-6.16666666667,106.883333333,-10,105,65,ROBBERS,CHEMICAL TANKER,High Seas,hotspot_malacca_straits,Malacca Straits
2013-06-20,2013,1.15,103.633333333,0,100,64,ROBBERS,LPG TANKER SENNA JUMBO,IDN,hotspot_malacca_straits,Malacca Straits
2013-06-17,2013,4.51666666667,113.866666667,0,110,94,PIRATES,TANKER KING RIVER,MYS,hotspot_malacca_straits,Malacca Straits
2013-06-16,2013,-6.08333333333,106.9,-10,105,65,ROBBERS,CONTAINER SHIP CMA CGM KAILAS,IDN,hotspot_malacca_straits,Malacca Straits
2013-06-13,2013,1.1,103.6,0,100,64,ROBBERS,OIL TANKER EAGLE SAN JUAN,IDN,hotspot_malacca_straits,Malacca Straits
2013-06-08,2013,3.9,98.7666666667,0,95,62,ROBBERS,CHEMICAL TANKER BANDAI V,IDN,hotspot_malacca_straits,Malacca Straits
2013-06-03,2013,3.91666666667,98.7666666667,0,95,62,robbers,chemical tanker Atlantic Canyon,IDN,hotspot_malacca_straits,Malacca Straits
2013-05-24,2013,-5.98333333333,105.95,-10,105,65,ROBBERS,BULK CARRIER ANNA BARBARA,High Seas,hotspot_malacca_straits,Malacca Straits
2013-05-20,2013,3.78333333333,98.7,0,95,62,ROBBERS,CARGO SHIP KOHINOOR,High Seas,hotspot_malacca_straits,Malacca Straits
2013-05-12,2013,1.25,104.116666667,0,100,64,ROBBERS,BARGE/TUG CREST 2825/CREST JADE 1,IDN,hotspot_malacca_straits,Malacca Straits
2013-05-07,2013,3.98333333333,100.1,0,100,64,PIRATES,FISHING VESSEL PKFB (U2) 1532,MYS,hotspot_malacca_straits,Malacca Straits
2013-04-30,2013,3.78333333333,98.7,0,95,62,ROBBERS,CARGO SHIP KOHINOOR,High Seas,hotspot_malacca_straits,Malacca Straits
2013-04-29,2013,1.21666666667,103.966666667,0,100,64,ROBBERS,BARGE CREST 2821,IDN,hotspot_malacca_straits,Malacca Straits
2013-04-27,2013,3.78333333333,98.7,0,95,62,ROBBERS,TANKER FAIRCHEM MAVERICK,High Seas,hotspot_malacca_straits,Malacca Straits
2013-04-24,2013,1.28333333333,104.833333333,0,100,64,PIRATES,TANKER NADIYA MELISENDE,IDN,hotspot_malacca_straits,Malacca Straits
2013-04-24,2013,1.6,105.383333333,0,105,66,PIRATES,TUG HUB 21,IDN,hotspot_malacca_straits,Malacca Straits
2013-04-24,2013,4.16666666667,5.5,0,5,15,PIRATES,TUG,NGA,hotspot_gulf_of_guinea,Gulf of Guinea
2013-04-23,2013,1.31666666667,104.783333333,0,100,64,PIRATES,TANKER AD PHOENIX,IDN,hotspot_malacca_straits,Malacca Straits
2013-04-23,2013,1.6,105.383333333,0,105,66,PIRATES,TUG,IDN,hotspot_malacca_straits,Malacca Straits
2013-04-22,2013,1.31666666667,104.166666667,0,100,64,SUSPICIOUS CRAFT,CARGO BARGE,MYS,hotspot_malacca_straits,Malacca Straits
2013-04-19,2013,1.68333333333,101.5,0,100,64,ROBBERS,TANKER SINGAPORE RIVER,IDN,hotspot_malacca_straits,Malacca Straits
2013-04-06,2013,3.93333333333,98.6833333333,0,95,62,ROBBERS,TANKER MAERSK BERING,IDN,hotspot_malacca_straits,Malacca Straits
2013-04-04,2013,1.7,101.483333333,0,100,64,ROBBERS,TANKER GARDEN CITY RIVER,IDN,hotspot_malacca_straits,Malacca Straits
2013-04-03,2013,1.7,101.416666667,0,100,64,PIRATES,CHEMICAL TANKER IVER EXACT,IDN,hotspot_malacca_straits,Malacca Straits
2013-03-30,2013,1.33333333333,104.066666667,0,100,64,PIRATES,TUG BOURBON LIBERTY 308,SGP,hotspot_malacca_straits,Malacca Straits
2013-03-27,2013,3.93333333333,98.7833333333,0,95,62,ROBBERS,BULK CARRIER,IDN,hotspot_malacca_straits,Malacca Straits
2013-03-25,2013,1.7,101.45,0,100,64,ROBBERS,CARGO SHIP,IDN,hotspot_malacca_straits,Malacca Straits
2013-03-24,2013,-5.98333333333,106.9,-10,105,65,ROBBERS,CONTAINER SHIP CAPE NORVIEGA,IDN,hotspot_malacca_straits,Malacca Straits
2013-03-23,2013,1.7,101.466666667,0,100,64,ROBBERS,TANKER,IDN,hotspot_malacca_straits,Malacca Straits
2013-03-12,2013,3.93333333333,98.7833333333,0,95,62,ROBBERS,CHEMICAL TANKER,IDN,hotspot_malacca_straits,Malacca Straits
2013-02-27,2013,1.7,101.483333333,0,100,64,ROBBERS,TANKER STOLT RINDO,IDN,hotspot_malacca_straits,Malacca Straits
2013-02-20,2013,-5.56666666667,104.583333333,-10,100,91,ROBBERS,TANKER RED RUM,IDN,hotspot_malacca_straits,Malacca Straits
2013-02-18,2013,1.7,101.45,0,100,64,ROBBERS,TANKER,IDN,hotspot_malacca_straits,Malacca Straits
2013-02-18,2013,0.133333333333,106.3,0,105,66,PIRATES,CONTAINER SHIP,IDN,hotspot_malacca_straits,Malacca Straits
2013-02-13,2013,1.1,103.6,0,100,64,ROBBERS,TANKER FORWARD FORTUNE,IDN,hotspot_malacca_straits,Malacca Straits
2013-02-12,2013,1.7,101.45,0,100,64,ROBBERS,BULK CARRIER STARGATE,IDN,hotspot_malacca_straits,Malacca Straits
2013-02-02,2013,3.91666666667,98.8,0,95,62,ROBBERS,CHEMICAL TANKER,IDN,hotspot_malacca_straits,Malacca Straits
2013-01-24,2013,2.13333333333,108.75,0,105,66,PIRATES,BARGE,IDN,hotspot_malacca_straits,Malacca Straits
2013-01-22,2013,1.7,101.483333333,0,100,64,ROBBERS,CHEMICAL TANKER SIVA MUMBAI,IDN,hotspot_malacca_straits,Malacca Straits
2013-01-08,2013,1.18333333333,103.616666667,0,100,64,ROBBERS,TUG DE HUI/BARGE HAIYANGSHIYOU,SGP,hotspot_malacca_straits,Malacca Straits
2012-12-20,2012,3.95,98.7666666667,0,95,62,ROBBERS,TANKER,IDN,hotspot_malacca_straits,Malacca Straits
2012-12-11,2012,1.33333333333,104.133333333,0,100,64,ROBBERS,TANKER,MYS,hotspot_malacca_straits,Malacca Straits
2012-12-08,2012,3.91666666667,98.7833333333,0,95,62,ROBBERS,TANKER,IDN,hotspot_malacca_straits,Malacca Straits
2012-12-05,2012,3.78333333333,98.7,0,95,62,ROBBERS,BULK CARRIER,High Seas,hotspot_malacca_straits,Malacca Straits
2012-11-30,2012,1.43722222222,104.5675,0,100,64,PIRATES,TUG,IDN,hotspot_malacca_straits,Malacca Straits
2012-11-29,2012,-6.01666666667,106.9,-10,105,65,ROBBERS,TANKWE,IDN,hotspot_malacca_straits,Malacca Straits
2012-11-28,2012,3.91666666667,98.75,0,95,62,ROBBERS,TANKER,IDN,hotspot_malacca_straits,Malacca Straits
2012-11-21,2012,-6.01666666667,106.916666667,-10,105,65,ROBBERS,CARGO SHIP,IDN,hotspot_malacca_straits,Malacca Straits
2012-11-19,2012,7.16666666667,109.15,5,105,93,PIRATES,TANKER,VNM,hotspot_malacca_straits,Malacca Straits
2012-11-16,2012,3.91666666667,98.8,0,95,62,ROBBERS,TANKER,IDN,hotspot_malacca_straits,Malacca Straits
2012-11-11,2012,1.31666666667,104.283333333,0,100,64,ROBBERS,TANKER,MYS,hotspot_malacca_straits,Malacca Straits
2012-11-06,2012,1.73333333333,106.183333333,0,105,66,ROBBERS,TUGBOAT,IDN,hotspot_malacca_straits,Malacca Straits
2012-11-03,2012,-6,106.9,-10,105,65,ROBBERS,CONTAINER SHIP,IDN,hotspot_malacca_straits,Malacca Straits
2012-10-27,2012,3.88333333333,98.7666666667,0,95,62,ROBBERS,BULK CARRIER,IDN,hotspot_malacca_straits,Malacca Straits
2012-10-27,2012,3.93333333333,98.7833333333,0,95,62,ROBERS,CONTAINER SHIP,IDN,hotspot_malacca_straits,Malacca Straits
2012-10-21,2012,3.78333333333,98.7,0,95,62,ROBBERS,CONTAINER SHIP,High Seas,hotspot_malacca_straits,Malacca Straits
2012-10-20,2012,3.91666666667,98.7666666667,0,95,62,ROBBERS,CONTAINER SHIP,IDN,hotspot_malacca_straits,Malacca Straits
2012-10-19,2012,1.1,103.466666667,0,100,64,ROBBERS,TANKER,IDN,hotspot_malacca_straits,Malacca Straits
2012-10-18,2012,4.21666666667,108.25,0,105,66,ROBBERS,TUGBOAT,IDN,hotspot_malacca_straits,Malacca Straits
2012-10-18,2012,1.3,104.8,0,100,64,TUG BOAT,PIRATES,IDN,hotspot_malacca_straits,Malacca Straits
2012-10-17,2012,0.983333333333,105.166666667,0,105,66,ROBBERS,SALVAGE VESSEL,IDN,hotspot_malacca_straits,Malacca Straits
2012-10-17,2012,1.3,104.8,0,100,64,PIRATES,TUG/BARGE,IDN,hotspot_malacca_straits,Malacca Straits
2012-10-15,2012,1.1,104.166666667,0,100,64,ROBBERS,CARGO SHIP,IDN,hotspot_malacca_straits,Malacca Straits
2012-10-14,2012,5.26666666667,115.233333333,5,115,73,PIRATES,TANKER,High Seas,hotspot_south_china_sea,South China Sea
2012-09-29,2012,3.91666666667,98.7666666667,0,95,62,PIRATES,CHEMICAL TANKER,IDN,hotspot_malacca_straits,Malacca Straits
2012-09-25,2012,1.01666666667,104.016666667,0,100,64,PIRATES,TUG/BARGE,High Seas,hotspot_malacca_straits,Malacca Straits
2012-09-24,2012,1.01666666667,103.066666667,0,100,64,PIRATES,TANKER,IDN,hotspot_malacca_straits,Malacca Straits
2012-09-22,2012,1.15,103.083333333,0,100,64,PIRATES,TANKER,IDN,hotspot_malacca_straits,Malacca Straits
2012-09-16,2012,-6.03333333333,106.916666667,-10,105,65,PIRATES,CONTAINER SHIP,IDN,hotspot_malacca_straits,Malacca Straits
2012-09-14,2012,1.15,103.083333333,0,100,64,PIRATES,TANKER,IDN,hotspot_malacca_straits,Malacca Straits
2012-09-14,2012,1.25,103.15,0,100,64,PIRATES,TANKER,IDN,hotspot_malacca_straits,Malacca Straits
2012-09-13,2012,1.13333333333,103.083333333,0,100,64,PIRATES,TANKER,IDN,hotspot_malacca_straits,Malacca Straits
2012-09-11,2012,3.9,98.7666666667,0,95,62,PIRATES,CONTAINER SHIP,IDN,hotspot_malacca_straits,Malacca Straits
2012-09-08,2012,-5.56666666667,104.6,-10,100,91,PIRATES,LPG TANKER,IDN,hotspot_malacca_straits,Malacca Straits
2012-09-08,2012,1.82,103.81,0,100,64,PIRATES,TANKER,High Seas,hotspot_malacca_straits,Malacca Straits
2012-09-04,2012,1.06666666667,104.133333333,0,100,64,PIRATES,CHEMICAL TANKER,High Seas,hotspot_malacca_straits,Malacca Straits
2012-09-03,2012,3.91666666667,98.7666666667,0,95,62,PIRATES,CHEMICAL TANKER,IDN,hotspot_malacca_straits,Malacca Straits
2012-08-31,2012,1.7,101.45,0,100,64,PIRATES,BULK CARRIER,IDN,hotspot_malacca_straits,Malacca Straits
2012-08-19,2012,0.950833333333,103.653333333,0,100,64,PIRATES,TUG/BARGE,IDN,hotspot_malacca_straits,Malacca Straits
2012-08-19,2012,1,103.65,0,100,64,PIRATES,TUG,IDN,hotspot_malacca_straits,Malacca Straits
2012-08-17,2012,1.10666666667,104.175,0,100,64,PIRATES,MERCHANT VESSEL,IDN,hotspot_malacca_straits,Malacca Straits
2012-08-17,2012,1.06666666667,103.7,0,100,64,PIRATES,TUG,IDN,hotspot_malacca_straits,Malacca Straits
2012-08-06,2012,-6,106.883333333,-10,105,65,PIRATES,BULK CARRIER,IDN,hotspot_malacca_straits,Malacca Straits
2012-08-02,2012,1.725,101.433333333,0,100,64,PIRATES,CHEMICAL TANKER,IDN,hotspot_malacca_straits,Malacca Straits
2012-07-28,2012,-7.18333333333,112.716666667,-10,110,69,PIRATES,CHEMICAL TANKER,IDN,hotspot_malacca_straits,Malacca Straits
2012-07-27,2012,7.93888888889,117.284166667,5,115,73,PIRATES,TUG WITH BARGE,PHL,hotspot_south_china_sea,South China Sea
2012-07-23,2012,1.23333333333,103.016666667,0,100,64,PIRATES,TUG,IDN,hotspot_malacca_straits,Malacca Straits
2012-07-22,2012,1.1,103.466666667,0,100,64,PIRATES,TANKER,IDN,hotspot_malacca_straits,Malacca Straits
2012-07-17,2012,1.71666666667,101.45,0,100,64,PIRATES,BULK CARRIER,IDN,hotspot_malacca_straits,Malacca Straits
2012-07-13,2012,-5.2,100.233333333,-10,100,91,PIRATES,BARGE/TUGBOAT,IDN,hotspot_malacca_straits,Malacca Straits
2012-06-17,2012,1.63333333333,110.466666667,0,110,94,PIRATES,TUGBOAT,High Seas,hotspot_malacca_straits,Malacca Straits
2012-06-04,2012,3.95,98.7666666667,0,95,62,PIRATES,BULK CARRIER,IDN,hotspot_malacca_straits,Malacca Straits
2012-05-23,2012,4.83333333333,99.0666666667,0,95,62,PIRATES,FISHING VESSEL,MYS,hotspot_malacca_straits,Malacca Straits
2012-05-12,2012,1.23333333333,104.133333333,0,100,64,PIRATES,BARGE,IDN,hotspot_malacca_straits,Malacca Straits
2012-05-08,2012,1.21666666667,104.883333333,0,100,64,PIRATES,PRODUCT TANKE,IDN,hotspot_malacca_straits,Malacca Straits
2012-05-08,2012,1.22333333333,104.883333333,0,100,64,Pirates,Product Tanker,IDN,hotspot_malacca_straits,Malacca Straits
2012-04-24,2012,1.23333333333,103.583333333,0,100,64,PIRATES,CONTAINER SHIP,SGP,hotspot_malacca_straits,Malacca Straits
2012-04-17,2012,6.45,99.7666666667,5,95,90,PIRATES,TUG BOAT,High Seas,hotspot_malacca_straits,Malacca Straits
2012-04-15,2012,1.58333333333,104.616666667,0,100,64,PIRATES,TANKER,MYS,hotspot_malacca_straits,Malacca Straits
2012-04-06,2012,1.7,103.45,0,100,64,PIRATES,CHEMICAL TANKER,High Seas,hotspot_malacca_straits,Malacca Straits
2012-04-03,2012,1.68333333333,101.483333333,0,100,64,PIRATES,CHEMICAL TANKER,IDN,hotspot_malacca_straits,Malacca Straits
2012-04-02,2012,3.38333333333,99.45,0,95,62,PIRATES,BULK CARRIER,IDN,hotspot_malacca_straits,Malacca Straits
2012-04-02,2012,1.7,103.45,0,100,64,PIRATES,CHEMICAL TANKER,High Seas,hotspot_malacca_straits,Malacca Straits
2012-03-25,2012,1.83333333333,104.466666667,0,100,64,PIRATES,TANKER,MYS,hotspot_malacca_straits,Malacca Straits
2012-03-11,2012,-6.01666666667,106.883333333,-10,105,65,Pirates,Fishing Vessel,IDN,hotspot_malacca_straits,Malacca Straits
2012-03-11,2012,-6.01666666667,106.883333333,-10,105,65,PIRATES,BULK CARRIER,IDN,hotspot_malacca_straits,Malacca Straits
2012-03-08,2012,1.70666666667,101.485,0,100,64,PIRATES,OIL TANKER,IDN,hotspot_malacca_straits,Malacca Straits
2012-02-26,2012,1.26833333333,104.293333333,0,100,64,PIRATES,TUG AND BARGE,IDN,hotspot_malacca_straits,Malacca Straits
2012-02-23,2012,3.38333333333,99.45,0,95,62,PIRATES,CHEMICAL TANKER,IDN,hotspot_malacca_straits,Malacca Straits
2012-02-07,2012,1.10333333333,103.478333333,0,100,64,PIRATES,PRODUCT TANKER,IDN,hotspot_malacca_straits,Malacca Straits
2012-02-01,2012,1.11666666667,104.166666667,0,100,64,PIRATES,CHEMICAL TANKER,IDN,hotspot_malacca_straits,Malacca Straits
2012-01-30,2012,1.08333333333,103.5,0,100,64,PIRATES,TANKER,IDN,hotspot_malacca_straits,Malacca Straits
2012-01-23,2012,1.7,101.433333333,0,100,64,PIRATES,CHEMICAL TANKER,IDN,hotspot_malacca_straits,Malacca Straits
2012-01-22,2012,1.705,101.456666667,0,100,64,PIRATES,TANKER,IDN,hotspot_malacca_straits,Malacca Straits
2012-01-14,2012,1.40472222222,104.701388889,0,100,64,PIRATES,CONTAINER SHIP,IDN,hotspot_malacca_straits,Malacca Straits
2012-01-07,2012,6.10333333333,106.855,5,105,93,PIRATES,CONTAINER SHIP,IDN,hotspot_malacca_straits,Malacca Straits
2011-12-29,2011,1.7,101.466666667,0,100,64,PIRATES,TANKER,IDN,hotspot_malacca_straits,Malacca Straits
2011-12-25,2011,1.70666666667,101.476666667,0,100,64,PIRATES,CHEMICAL TANKER,IDN,hotspot_malacca_straits,Malacca Straits
2011-12-24,2011,1.16666666667,103.65,0,100,64,PIRATES,TUG AND BARGE,SGP,hotspot_malacca_straits,Malacca Straits
2011-12-13,2011,1.2175,103.35,0,100,64,PIRATES,TUG AND BARGE,IDN,hotspot_malacca_straits,Malacca Straits
2011-12-12,2011,1.225,103.35,0,100,64,PIRATES,TUG AND BARGE,IDN,hotspot_malacca_straits,Malacca Straits
2011-12-10,2011,1.7,101.483333333,0,100,64,PIRATES,TANKER,IDN,hotspot_malacca_straits,Malacca Straits
2011-12-08,2011,1.70833333333,101.493333333,0,100,64,PIRATES,TANKER,IDN,hotspot_malacca_straits,Malacca Straits
2011-12-07,2011,4.41666666667,99.8333333333,0,95,62,PIRATES,FISHING VESSELS,MYS,hotspot_malacca_straits,Malacca Straits
2011-12-01,2011,1.68888888889,101.464444444,0,100,64,PIRATES,TANKER,IDN,hotspot_malacca_straits,Malacca Straits
2011-11-30,2011,1.7,101.5,0,100,64,PIRATES,TANKER,IDN,hotspot_malacca_straits,Malacca Straits
2011-11-16,2011,3.93333333333,98.8,0,95,62,PIRATES,CHEMICAL TANKER,IDN,hotspot_malacca_straits,Malacca Straits
2011-11-16,2011,3.93666666667,98.7916666667,0,95,62,PIRATES,CHEMICAL TANKER,IDN,hotspot_malacca_straits,Malacca Straits
2011-10-27,2011,1.4,104.566666667,0,100,64,PIRATES,TANKER,IDN,hotspot_malacca_straits,Malacca Straits
2011-10-26,2011,1.70333333333,101.488333333,0,100,64,PIRATES,CHEMICAL TANKER,IDN,hotspot_malacca_straits,Malacca Straits
2011-10-25,2011,1.5,105.3,0,105,66,PIRATES,TUG BOAT AND BARGE,IDN,hotspot_malacca_straits,Malacca Straits
2011-10-25,2011,1.25833333333,104.033333333,0,100,64,PIRATES,TUG BOAT AND BARGE,IDN,hotspot_malacca_straits,Malacca Straits
2011-10-10,2011,1.04666666667,103.638333333,0,100,64,PIRATES,TUG BOAT,IDN,hotspot_malacca_straits,Malacca Straits
2011-10-10,2011,1.03333333333,103.633333333,0,100,64,PIRATES,TUG BOAT,IDN,hotspot_malacca_straits,Malacca Straits
2011-09-09,2011,1.06388888889,103.510555556,0,100,64,PIRATES,CHEMICAL TANKER,IDN,hotspot_malacca_straits,Malacca Straits
2011-09-09,2011,1.66666666667,101.45,0,100,64,PIRATES,CHEMICAL TANKER,High Seas,hotspot_malacca_straits,Malacca Straits
2011-09-08,2011,1.12416666667,103.595833333,0,100,64,PIRATES,TANKER,IDN,hotspot_malacca_straits,Malacca Straits
2011-08-26,2011,1.41666666667,104.483333333,0,100,64,PIRATES,TANKER,MYS,hotspot_malacca_straits,Malacca Straits
2011-08-20,2011,3.78833333333,98.7016666667,0,95,62,PIRATES,BULK CARRIER,High Seas,hotspot_malacca_straits,Malacca Straits
2011-08-12,2011,1.7045,101.478333333,0,100,64,PIRATES,CHEMICAL TANKER,IDN,hotspot_malacca_straits,Malacca Straits
2011-08-11,2011,3,101.4,0,100,64,PIRATES,TUG BOAT,High Seas,hotspot_malacca_straits,Malacca Straits
2011-08-08,2011,1.26111111111,103.459722222,0,100,64,PIRATES,TANKER,MYS,hotspot_malacca_straits,Malacca Straits
2011-08-06,2011,2.19277777778,109.258611111,0,105,66,PIRATES,TUG BOAT,IDN,hotspot_malacca_straits,Malacca Straits
2011-07-20,2011,3.93166666667,98.7633333333,0,95,62,PIRATES,CHEMICAL TANKER,IDN,hotspot_malacca_straits,Malacca Straits
2011-07-04,2011,-6.09833333333,106.883333333,-10,105,65,PIRATES,BULK CARRIER,IDN,hotspot_malacca_straits,Malacca Straits
2011-07-01,2011,1.27666666667,104.213333333,0,100,64,PIRATES,BULK CARRIER,MYS,hotspot_malacca_straits,Malacca Straits
2011-07-01,2011,1.52666666667,104.536666667,0,100,64,PIRATES,TUG BOAT,MYS,hotspot_malacca_straits,Malacca Straits
2011-06-06,2011,1.15,103.8,0,100,64,PIRATES,TANKER,IDN,hotspot_malacca_straits,Malacca Straits
2011-06-01,2011,1.16666666667,103.85,0,100,64,PIRATES,CARGO SHIP,IDN,hotspot_malacca_straits,Malacca Straits
2011-06-01,2011,-5.38333333333,106.216666667,-10,105,65,PIRATES,CONTAINER SHIP,IDN,hotspot_malacca_straits,Malacca Straits
2011-05-29,2011,1.31666666667,104.9,0,100,64,PIRATES,TANKER,IDN,hotspot_malacca_straits,Malacca Straits
2011-05-26,2011,1.18333333333,103.933333333,0,100,64,PIRATES,BARGE,IDN,hotspot_malacca_straits,Malacca Straits
2011-05-21,2011,-5.38333333333,106.216666667,-10,105,65,PIRATES,CONTAINER SHIP,IDN,hotspot_malacca_straits,Malacca Straits
2011-05-18,2011,-6.01666666667,106.9,-10,105,65,PIRATES,OIL TANKER,IDN,hotspot_malacca_straits,Malacca Straits
2011-05-15,2011,3.91666666667,98.75,0,95,62,PIRATES,CHEMICAL TANKER,IDN,hotspot_malacca_straits,Malacca Straits
2011-05-15,2011,1.2495,104.1135,0,100,64,PIRATES,BARGE,IDN,hotspot_malacca_straits,Malacca Straits
2011-05-05,2011,1.71666666667,101.433333333,0,100,64,PIRATES,CHEMICAL TANKER,IDN,hotspot_malacca_straits,Malacca Straits
2011-04-30,2011,1.33333333333,104.1,0,100,64,PIRATES,BARGE,MYS,hotspot_malacca_straits,Malacca Straits
2011-04-25,2011,2.95,105.283333333,0,105,66,PIRATES,CARGO SHIP,IDN,hotspot_malacca_straits,Malacca Straits
2011-04-24,2011,3.13333333333,105.266666667,0,105,66,PIRATES,BULK CARRIER,IDN,hotspot_malacca_straits,Malacca Straits
2011-04-18,2011,1.7055,101.452666667,0,100,64,PIRATES,CHEMICAL TANKER,IDN,hotspot_malacca_straits,Malacca Straits
2011-04-17,2011,1.25333333333,104.053333333,0,100,64,PIRATES,BARGE,IDN,hotspot_malacca_straits,Malacca Straits
2011-04-15,2011,1.69333333333,101.496666667,0,100,64,PIRATES,TANKER,IDN,hotspot_malacca_straits,Malacca Straits
2011-04-05,2011,1.75361111111,101.369444444,0,100,64,PIRATES,CHEMICAL TANKER,IDN,hotspot_malacca_straits,Malacca Straits
2011-04-01,2011,2.8,105.516666667,0,105,66,PIRATES,TUG BOAT,IDN,hotspot_malacca_straits,Malacca Straits
2011-03-31,2011,2.06666666667,106,0,105,66,PIRATES,TUG BOAT,IDN,hotspot_malacca_straits,Malacca Straits
2011-03-25,2011,3.18333333333,105.383333333,0,105,66,PIRATES,CHEMICAL TANKER,IDN,hotspot_malacca_straits,Malacca Straits
2011-03-25,2011,2.05,104.85,0,100,64,PIRATES,CHEMICAL TANKER,MYS,hotspot_malacca_straits,Malacca Straits
2011-03-21,2011,1.585,105.126111111,0,105,66,PIRATES,CARGO SHIP,IDN,hotspot_malacca_straits,Malacca Straits
2011-03-21,2011,1.585,105.123333333,0,105,66,PIRATES,CARGO SHIP,IDN,hotspot_malacca_straits,Malacca Straits
2011-03-20,2011,2.91833333333,105.286666667,0,105,66,PIRATES,CARGO SHIP,IDN,hotspot_malacca_straits,Malacca Straits
2011-03-18,2011,1.08333333333,103.583333333,0,100,64,PIRATES,BULK CARRIER,IDN,hotspot_malacca_straits,Malacca Straits
2011-03-16,2011,3.93333333333,98.7666666667,0,95,62,PIRATES,CARGO SHIP,IDN,hotspot_malacca_straits,Malacca Straits
2011-03-12,2011,3.00833333333,105.371666667,0,105,66,PIRATES,TANKER,IDN,hotspot_malacca_straits,Malacca Straits
2011-03-09,2011,-6,106.883333333,-10,105,65,PIRATES,TANKER,IDN,hotspot_malacca_straits,Malacca Straits
2011-03-08,2011,1.32833333333,104.288333333,0,100,64,PIRATES,TANKER,MYS,hotspot_malacca_straits,Malacca Straits
2011-03-03,2011,1.32783333333,104.287166667,0,100,64,PIRATES,TANKER,MYS,hotspot_malacca_straits,Malacca Straits
2011-02-17,2011,1.135,103.536666667,0,100,64,PIRATES,TUG BOAT,IDN,hotspot_malacca_straits,Malacca Straits
2011-02-17,2011,5.98333333333,116.066666667,5,115,73,PIRATES,TANKER,MYS,hotspot_south_china_sea,South China Sea
2011-02-14,2011,1.083,103.585,0,100,64,PIRATES,TUG BOAT,IDN,hotspot_malacca_straits,Malacca Straits
2011-02-11,2011,1.18333333333,103.583333333,0,100,64,PIRATES,TUG BOAT,IDN,hotspot_malacca_straits,Malacca Straits
2011-01-27,2011,-6.13333333333,106.9,-10,105,65,PIRATES,TANKER,High Seas,hotspot_malacca_straits,Malacca Straits
2011-01-13,2011,1.30166666667,104.202333333,0,100,64,PIRATES,TANKER,MYS,hotspot_malacca_straits,Malacca Straits
2011-01-11,2011,1.2215,103.506,0,100,64,PIRATES,TUG BOAT,MYS,hotspot_malacca_straits,Malacca Straits
2017-12-25,2017,-7.76666666667,109.066666667,-10,105,65,Robbbers,Tanker,IDN,hotspot_malacca_straits,Malacca Straits
2017-11-22,2017,-7.18333333333,116.45,-10,115,113,Pirates,Tug,IDN,0,Outside of Hotspots
2017-11-03,2017,-0.25,117.566666667,-5,115,72,Robbers,Bulk Carrier,IDN,hotspot_south_china_sea,South China Sea
2017-10-27,2017,-7.85,109.066666667,-10,105,65,Robbers,Tanker,IDN,hotspot_malacca_straits,Malacca Straits
2017-10-25,2017,-7.73333333333,109.066666667,-10,105,65,Robbers,Tanker,IDN,hotspot_malacca_straits,Malacca Straits
2017-10-13,2017,-0.216666666667,117.583333333,-5,115,72,Robbers,Bulk Carrier,IDN,hotspot_south_china_sea,South China Sea
2017-09-07,2017,-0.216666666667,117.55,-5,115,72,Robbers,LPG Tanker,IDN,hotspot_south_china_sea,South China Sea
2017-08-13,2017,5.8,118.083333333,5,115,73,Robbers,Tanker,MYS,hotspot_south_china_sea,South China Sea
2017-08-13,2017,5.8,118.066666667,5,115,73,Robbers,Tanker,MYS,hotspot_south_china_sea,South China Sea
2017-05-31,2017,-7.75,109.066666667,-10,105,65,Robbers,Bulk Carrier,IDN,hotspot_malacca_straits,Malacca Straits
2017-04-20,2017,-0.266666666667,117.583333333,-5,115,72,Pirates,Bulk Carrier,IDN,hotspot_south_china_sea,South China Sea
2017-04-19,2017,-0.25,117.566666667,-5,115,72,Robbers,Bulk Carrier,IDN,hotspot_south_china_sea,South China Sea
2017-03-26,2017,-3.71666666667,114.416666667,-5,110,70,Robbers,Bulk Carrier,IDN,hotspot_malacca_straits,Malacca Straits
2017-02-22,2017,6.08333333333,118.316666667,5,115,73,Suspicous Approach,Bulk Carrier,PHL,hotspot_south_china_sea,South China Sea
2017-01-19,2017,5.96666666667,118.15,5,115,73,Pirates,Fishing Vessel,MYS,hotspot_south_china_sea,South China Sea
2017-01-16,2017,5.78333333333,118.016666667,5,115,73,Robbers,Product Tanker,MYS,hotspot_south_china_sea,South China Sea
2017-01-08,2017,-0.25,117.566666667,-5,115,72,Robbers,Bulk Carrier,IDN,hotspot_south_china_sea,South China Sea
2016-12-08,2016,-0.283333333333,117.65,-5,115,72,Robbers,Bulk Carrier,IDN,hotspot_south_china_sea,South China Sea
2016-12-08,2016,4.8,118.65,0,115,114,Pirates,Vessel,MYS,hotspot_south_china_sea,South China Sea
2016-12-07,2016,-0.233333333333,117.583333333,-5,115,72,Robbers,Bulk Carrier,IDN,hotspot_south_china_sea,South China Sea
2016-12-01,2016,-3.66666666667,114.45,-5,110,70,Robbers,Cargo Vessel,IDN,hotspot_malacca_straits,Malacca Straits
2016-11-30,2016,-7.76666666667,109.066666667,-10,105,65,Robbers,Tanker,IDN,hotspot_malacca_straits,Malacca Straits
2016-11-20,2016,-3.68333333333,114.416666667,-5,110,70,Robbers,Bulk Carrier,IDN,hotspot_malacca_straits,Malacca Straits
2016-11-19,2016,0.266666666667,117.616666667,0,115,114,Robbers,Bulk Carrier,IDN,hotspot_south_china_sea,South China Sea
2016-11-19,2016,4.81666666667,118.766666667,0,115,114,Pirates,Fishing Vessel,MYS,hotspot_south_china_sea,South China Sea
2016-11-16,2016,4.38333333333,119.616666667,0,115,114,Suspicious Approach,Vessel,PHL,hotspot_south_china_sea,South China Sea
2016-11-13,2016,3.66666666667,119.85,0,115,114,Suspicious Approach,Tanker,PHL,hotspot_south_china_sea,South China Sea
2016-11-05,2016,5.7,118.766666667,5,115,73,Pirates,Fishing Vessel,MYS,hotspot_south_china_sea,South China Sea
2016-11-05,2016,5.7,118.783333333,5,115,73,Pirates,Fishing Vessel,MYS,hotspot_south_china_sea,South China Sea
2016-09-27,2016,5.16666666667,119.283333333,5,115,73,Robbers,Fishing Vessel,MYS,hotspot_south_china_sea,South China Sea
2016-09-27,2016,5.16666666667,119.283333333,5,115,73,Pirates,Fishing Vessel,MYS,hotspot_south_china_sea,South China Sea
2016-09-25,2016,-7.76666666667,109.066666667,-10,105,65,Robbers,Bulk Carrier,IDN,hotspot_malacca_straits,Malacca Straits
2016-09-10,2016,4.4,118.866666667,0,115,114,Pirates,Fishing Vessel,MYS,hotspot_south_china_sea,South China Sea
2016-08-03,2016,1,114,0,110,94,Pirates,Fishing Vessel,High Seas,hotspot_malacca_straits,Malacca Straits
2016-07-24,2016,-0.216666666667,117.566666667,-5,115,72,Robbers,Bulk Carrier,IDN,hotspot_south_china_sea,South China Sea
2016-07-18,2016,5.26666666667,119.25,5,115,73,Pirates,Tug and Barge,High Seas,hotspot_south_china_sea,South China Sea
2016-07-15,2016,-0.3,117.666666667,-5,115,72,Robbers,Bulk Carrier,IDN,hotspot_south_china_sea,South China Sea
2016-07-10,2016,-3.68333333333,114.416666667,-5,110,70,Robbers,Bulk Carrier,IDN,hotspot_malacca_straits,Malacca Straits
2016-07-09,2016,3.5,117.966666667,0,115,114,Pirates,Vessel,IDN,hotspot_south_china_sea,South China Sea
2016-07-03,2016,-0.266666666667,117.616666667,-5,115,72,Robbers,Bulk Carrier,IDN,hotspot_south_china_sea,South China Sea
2016-06-28,2016,-1.46666666667,116.8,-5,115,72,Robbers,Tanker,IDN,hotspot_south_china_sea,South China Sea
2016-05-18,2016,-0.233333333333,117.566666667,-5,115,72,Robbers,Bulk Carrier,IDN,hotspot_south_china_sea,South China Sea
2016-05-04,2016,-0.25,117.666666667,-5,115,72,Robbers,Bulk Carrier,IDN,hotspot_south_china_sea,South China Sea
2016-05-04,2016,-1.33333333333,116.866666667,-5,115,72,Robbers,Bulk Carrier,IDN,hotspot_south_china_sea,South China Sea
2016-04-15,2016,4.66666666667,119.4,0,115,114,Pirates,Tug,PHL,hotspot_south_china_sea,South China Sea
2016-04-15,2016,4.51666666667,119,0,115,114,Pirates,Tug,MYS,hotspot_south_china_sea,South China Sea
2016-04-12,2016,-6.9,110.366666667,-10,110,69,Robbers,Container Ship,IDN,hotspot_malacca_straits,Malacca Straits
2016-04-01,2016,4.11666666667,118.916666667,0,115,114,Pirates,Tug,MYS,hotspot_south_china_sea,South China Sea
2016-04-01,2016,-0.25,117.583333333,-5,115,72,Robbers,Bulk Carrier,IDN,hotspot_south_china_sea,South China Sea
2016-03-25,2016,4.81666666667,119.216666667,0,115,114,Pirates,Tug and Barge,PHL,hotspot_south_china_sea,South China Sea
2015-12-27,2015,-3.73333333333,114.433333333,-5,110,70,Robbers,Bulk Carrier,IDN,hotspot_malacca_straits,Malacca Straits
2015-11-03,2015,-3.7,114.433333333,-5,110,70,Robbers,Bulk Carrier,IDN,hotspot_malacca_straits,Malacca Straits
2015-10-26,2015,-8.76666666667,115.733333333,-10,115,113,Hijacking,Sailing Yacht,IDN,0,Outside of Hotspots
2015-09-02,2015,-8.36666666667,117.183333333,-10,115,113,Robbers,Sailing Yacht,IDN,0,Outside of Hotspots
2015-08-09,2015,-3.7,114.466666667,-5,110,70,Robber,Bulk Carrier,IDN,hotspot_malacca_straits,Malacca Straits
2015-06-24,2015,-0.3,117.666666667,-5,115,72,Robbers,Bulk Carrier,IDN,hotspot_south_china_sea,South China Sea
2015-05-16,2015,4.16666666667,121.166666667,0,120,75,Suspicious Approach,Passenger Vessel,PHL,hotspot_south_china_sea,South China Sea
2015-03-20,2015,6,119.216666667,5,115,73,Pirates,Bulk Carrier,PHL,hotspot_south_china_sea,South China Sea
2015-02-12,2015,-3.68333333333,114.466666667,-5,110,70,Robbers,Bulk Carrier,IDN,hotspot_malacca_straits,Malacca Straits
2014-11-16,2014,-1.23333333333,117.583333333,-5,115,72,Robbers,Bulk Carrier,IDN,hotspot_south_china_sea,South China Sea
2014-11-08,2014,-0.283333333333,117.6,-5,115,72,Robbers,Bulk Carrier,IDN,hotspot_south_china_sea,South China Sea
2014-10-14,2014,-6.25,111.5,-10,110,69,Pirates,Oil/Chemical Tanker,IDN,hotspot_malacca_straits,Malacca Straits
2014-10-12,2014,-3.7,114.416666667,-5,110,70,Robbers,Bulk carrier,IDN,hotspot_malacca_straits,Malacca Straits
2014-08-20,2014,-0.233333333333,117.666666667,-5,115,72,Robbers,Bulk Carrier,IDN,hotspot_south_china_sea,South China Sea
2014-08-08,2014,-0.283333333333,117.683333333,-5,115,72,Robbers,Bulk carrier,IDN,hotspot_south_china_sea,South China Sea
2014-07-25,2014,0.25,117.566666667,0,115,114,Robbers,Bulk carrier,IDN,hotspot_south_china_sea,South China Sea
2014-06-27,2014,-1.3,116.8,-5,115,72,Robbers,Cargo Ship,IDN,hotspot_south_china_sea,South China Sea
2014-04-18,2014,-0.216666666667,117.583333333,-5,115,72,Robbers,Bulk Carrier,IDN,hotspot_south_china_sea,South China Sea
2014-04-08,2014,-0.216666666667,117.583333333,-5,115,72,Robbers,Anchored bulk carrier,IDN,hotspot_south_china_sea,South China Sea
2014-01-09,2014,-3.7,114.433333333,-5,110,70,Robbers,Bulk carrier,IDN,hotspot_malacca_straits,Malacca Straits
2014-01-07,2014,-7.08333333333,112.65,-10,110,69,Robbers,Chemical tanker,IDN,hotspot_malacca_straits,Malacca Straits
2014-01-03,2014,-0.283333333333,117.666666667,-5,115,72,Robbers,Bulk carrier,IDN,hotspot_south_china_sea,South China Sea
2013-12-18,2013,-0.25,117.583333333,-5,115,72,ROBBERS,BULK CARRIER,IDN,hotspot_south_china_sea,South China Sea
2013-12-16,2013,-0.1,117.566666667,-5,115,72,ROBBER,CRUDE OIL TANKER,IDN,hotspot_south_china_sea,South China Sea
2013-12-12,2013,1.1,103.616666667,0,100,64,ROBBERS,TANKER,IDN,hotspot_malacca_straits,Malacca Straits
2013-12-05,2013,-3.71666666667,114.416666667,-5,110,70,ROBBER,BULK CARRIER,IDN,hotspot_malacca_straits,Malacca Straits
2013-11-11,2013,-3.66666666667,114.433333333,-5,110,70,Robbers,Bulk carrier,IDN,hotspot_malacca_straits,Malacca Straits
2013-11-09,2013,-3.66666666667,114.433333333,-5,110,70,ROBBERS,BULK CARRIER,IDN,hotspot_malacca_straits,Malacca Straits
2013-11-09,2013,-1.36666666667,109.333333333,-5,105,112,ROBBERS,YACHT,IDN,hotspot_malacca_straits,Malacca Straits
2013-11-08,2013,-1.71666666667,116.633333333,-5,115,72,Robbers,Bulk carrier,IDN,hotspot_south_china_sea,South China Sea
2013-10-23,2013,-7.08333333333,112.65,-10,110,69,Robbers,Tanker,IDN,hotspot_malacca_straits,Malacca Straits
2013-10-19,2013,-0.233333333333,117.55,-5,115,72,Robbers,Bulk carrier,IDN,hotspot_south_china_sea,South China Sea
2013-10-10,2013,1.95,118.083333333,0,115,114,ROBBERS,BULK CARRIER PORT HAINAN,IDN,hotspot_south_china_sea,South China Sea
2013-10-05,2013,-8.16666666667,117.55,-10,115,113,Robbers,Tanker,High Seas,0,Outside of Hotspots
2013-09-16,2013,-7.15,112.666666667,-10,110,69,ROBBER,CHEMICAL TANKER FEN,IDN,hotspot_malacca_straits,Malacca Straits
2013-08-23,2013,-1.25,117.6,-5,115,72,Robbers,Bulk carrier,IDN,hotspot_south_china_sea,South China Sea
2013-08-23,2013,-0.266666666667,117.6,-5,115,72,Robbers,Bulk carrier,IDN,hotspot_south_china_sea,South China Sea
2013-08-16,2013,-0.266666666667,117.6,-5,115,72,ROBBERS,BULK CARRIER KAYU EBONI,IDN,hotspot_south_china_sea,South China Sea
2013-08-10,2013,-0.266666666667,117.6,-5,115,72,Robbers,Bulk carrier,IDN,hotspot_south_china_sea,South China Sea
2013-07-04,2013,-3.66666666667,114.416666667,-5,110,70,ROBBERS,BULK CARRIER SANKO MERCURY,IDN,hotspot_malacca_straits,Malacca Straits
2013-06-19,2013,-1.18333333333,117.2,-5,115,72,ROBBERS,BULK CARRIER OCEAN GARNET,IDN,hotspot_south_china_sea,South China Sea
2013-06-15,2013,-3.68333333333,114.416666667,-5,110,70,ROBBERS,BULK CARRIER EMERALD STAR,IDN,hotspot_malacca_straits,Malacca Straits
2013-06-13,2013,-1.2,117.216666667,-5,115,72,ROBBERS,OIL TANKER CSK BRILLIANCE,IDN,hotspot_south_china_sea,South China Sea
2013-06-12,2013,-1.08333333333,117.233333333,-5,115,72,ROBBERS,OIL TANKER SENTOSA RIVER,IDN,hotspot_south_china_sea,South China Sea
2013-06-10,2013,-3.7,114.466666667,-5,110,70,ROBBERS,BULK CARRIER ANNA BARBARA,IDN,hotspot_malacca_straits,Malacca Straits
2013-06-03,2013,-1.16666666667,117.25,-5,115,72,robbers,bulk carrier Spar Libra,IDN,hotspot_south_china_sea,South China Sea
2013-05-12,2013,-3.68333333333,114.45,-5,110,70,ROBBERS,BULK CARRIER SAM HAWK,IDN,hotspot_malacca_straits,Malacca Straits
2013-04-30,2013,-7.2,112.716666667,-10,110,69,PIRATE,PASSENGER SHIP KM LAMBELU,IDN,hotspot_malacca_straits,Malacca Straits
2013-04-13,2013,-7.08333333333,112.65,-10,110,69,ROBBERS,BULK CARRIER DENSA JAGUAR,IDN,hotspot_malacca_straits,Malacca Straits
2013-04-03,2013,-1.71666666667,116.633333333,-5,115,72,ROBBERS,BULK CARRIER SHER E PUNJAB,IDN,hotspot_south_china_sea,South China Sea
2013-03-29,2013,-1.18333333333,117.266666667,-5,115,72,ROBBERS,BULK CARRIER,IDN,hotspot_south_china_sea,South China Sea
2013-03-28,2013,-1.13333333333,117.25,-5,115,72,ROBBERS,BULK CARRIER THEOMETOR,IDN,hotspot_south_china_sea,South China Sea
2013-03-26,2013,-3.66666666667,114.433333333,-5,110,70,ROBBERS,BULK CARRIER,IDN,hotspot_malacca_straits,Malacca Straits
2013-03-21,2013,-7.08333333333,112.65,-10,110,69,ROBBERS,BULK CARRIER GLOBAL ANDES,IDN,hotspot_malacca_straits,Malacca Straits
2013-03-14,2013,-1.66666666667,116.65,-5,115,72,ROBBERS,BULK CARRIER KILIAN S,IDN,hotspot_south_china_sea,South China Sea
2013-03-04,2013,-3.55,114.433333333,-5,110,70,ROBBERS,BULK CARRIER CASTLEGATE,IDN,hotspot_malacca_straits,Malacca Straits
2013-02-20,2013,-7.15,112.666666667,-10,110,69,ROBBERS,BULK CARRIER,IDN,hotspot_malacca_straits,Malacca Straits
2013-02-20,2013,-1.38333333333,116.933333333,-5,115,72,ROBBERS,TANKER,IDN,hotspot_south_china_sea,South China Sea
2013-02-12,2013,-1.28333333333,116.783333333,-5,115,72,ROBBERS,TANKER TORM GARRONE,IDN,hotspot_south_china_sea,South China Sea
2013-02-06,2013,-1.68333333333,116.633333333,-5,115,72,ROBBERS,BULK CARRIER INCE INEBOLU,IDN,hotspot_south_china_sea,South China Sea
2013-01-17,2013,-1.36666666667,116.933333333,-5,115,72,ROBBERS,TANKER TORM OHIO,IDN,hotspot_south_china_sea,South China Sea
2013-01-12,2013,-1.18333333333,116.766666667,-5,115,72,ROBBERS,BULK  CARRIER HUA HENG 167,IDN,hotspot_south_china_sea,South China Sea
2013-01-04,2013,-1.26666666667,116.816666667,-5,115,72,ROBBERS,CHEMICAL TANKER HISTRIA PRINCE,High Seas,hotspot_south_china_sea,South China Sea
2012-12-29,2012,-3.71666666667,114.45,-5,110,70,ROBBERS,BULK CARRIER,IDN,hotspot_malacca_straits,Malacca Straits
2012-12-29,2012,-3.73333333333,114.416666667,-5,110,70,ROBBERS,BULK CARRIER,IDN,hotspot_malacca_straits,Malacca Straits
2012-12-10,2012,-3.71666666667,114.433333333,-5,110,70,ROBBERS,BULK CARRIER,IDN,hotspot_malacca_straits,Malacca Straits
2012-12-01,2012,-1.38333333333,116.983333333,-5,115,72,ROBBERS,BULK CARRIER,IDN,hotspot_south_china_sea,South China Sea
2012-11-28,2012,-0.3,117.666666667,-5,115,72,PIRATES,BULK CARRIER,IDN,hotspot_south_china_sea,South China Sea
2012-11-24,2012,-1.45,116.783333333,-5,115,72,ROBBERS,TANKER,IDN,hotspot_south_china_sea,South China Sea
2012-11-21,2012,-1.7,116.633333333,-5,115,72,ROBBERS,BULK CARRIER,IDN,hotspot_south_china_sea,South China Sea
2012-11-17,2012,-7.08333333333,112.65,-10,110,69,PIRATES,CARGO SHIP,IDN,hotspot_malacca_straits,Malacca Straits
2012-11-02,2012,-1.68333333333,116.633333333,-5,115,72,ROBBERS,BULK CARRIER,IDN,hotspot_south_china_sea,South China Sea
2012-10-27,2012,-3.68333333333,114.45,-5,110,70,ROBBERS,BULK CARRIER,IDN,hotspot_malacca_straits,Malacca Straits
2012-10-16,2012,-0.216666666667,117.55,-5,115,72,ROBBERS,BULK CARRIER,IDN,hotspot_south_china_sea,South China Sea
2012-10-05,2012,-0.216666666667,117.55,-5,115,72,PIRATES,BULK CARRIER,IDN,hotspot_south_china_sea,South China Sea
2012-09-02,2012,-0.216666666667,117.583333333,-5,115,72,PIRATES,BULK CARRIER,IDN,hotspot_south_china_sea,South China Sea
2012-08-31,2012,-0.216666666667,117.583333333,-5,115,72,PIRATES,BULK CARRIER,IDN,hotspot_south_china_sea,South China Sea
2012-08-28,2012,-0.25,117.583333333,-5,115,72,PIRATES,BULK CARRIER,IDN,hotspot_south_china_sea,South China Sea
2012-05-18,2012,-3.7,114.433333333,-5,110,70,PIRATES,TANKER,IDN,hotspot_malacca_straits,Malacca Straits
2012-05-12,2012,-1.18333333333,117.216666667,-5,115,72,PIRATES,BULK CARRIER,IDN,hotspot_south_china_sea,South China Sea
2012-05-10,2012,-3.7,114.45,-5,110,70,PIRATES,BULK CARRIER,IDN,hotspot_malacca_straits,Malacca Straits
2012-04-20,2012,-1.16666666667,117.25,-5,115,72,PIRATES,BULK CARRIER,IDN,hotspot_south_china_sea,South China Sea
2012-04-07,2012,-1.18333333333,117.183333333,-5,115,72,PIRATES,BULK CARRIER,IDN,hotspot_south_china_sea,South China Sea
2012-03-18,2012,-1.3,116.783333333,-5,115,72,Pirates,Merchant Vessel,IDN,hotspot_south_china_sea,South China Sea
2012-02-10,2012,-7.10833333333,112.663333333,-10,110,69,PIRATES,CARGO SHIP,IDN,hotspot_malacca_straits,Malacca Straits
2012-01-28,2012,-1.71666666667,116.633333333,-5,115,72,PIRATES,BULK CARRIER,IDN,hotspot_south_china_sea,South China Sea
2012-01-28,2012,5.8,118.083333333,5,115,73,PIRATES,CHEMICAL TANKER,MYS,hotspot_south_china_sea,South China Sea
2012-01-13,2012,-1.68333333333,116.633333333,-5,115,72,PIRATES,BULK CARRIER,IDN,hotspot_south_china_sea,South China Sea
2012-01-11,2012,-1.28333333333,116.8,-5,115,72,PIRATES,TANKER,IDN,hotspot_south_china_sea,South China Sea
2012-01-01,2012,-3.73333333333,114.45,-5,110,70,PIRATES,BULK CARRIER,IDN,hotspot_malacca_straits,Malacca Straits
2011-12-30,2011,3.5,121.066666667,0,120,75,PIRATES,BULK CARRIER,PHL,hotspot_south_china_sea,South China Sea
2011-12-22,2011,-7.08333333333,112.662777778,-10,110,69,PIRATES,BULK CARRIER,IDN,hotspot_malacca_straits,Malacca Straits
2011-12-08,2011,-3.7,114.433333333,-5,110,70,PIRATES,BULK CARRIER,IDN,hotspot_malacca_straits,Malacca Straits
2011-12-06,2011,-1.7,116.633333333,-5,115,72,PIRATES,CEMENT CARRIER,IDN,hotspot_south_china_sea,South China Sea
2011-11-14,2011,-1.36666666667,116.933333333,-5,115,72,PIRATES,BULK CARRIER,IDN,hotspot_south_china_sea,South China Sea
2011-11-14,2011,5.81666666667,118.083333333,5,115,73,PIRATES,CHEMICAL TANKER,High Seas,hotspot_south_china_sea,South China Sea
2011-10-18,2011,5.81888888889,118.117222222,5,115,73,PIRATES,TUG BOAT,MYS,hotspot_south_china_sea,South China Sea
2011-08-27,2011,-1.46,116.81,-5,115,72,PIRATES,TANKER,IDN,hotspot_south_china_sea,South China Sea
2011-07-17,2011,-0.224444444444,117.594444444,-5,115,72,PIRATES,BULK CARRIER,IDN,hotspot_south_china_sea,South China Sea
2011-06-23,2011,-7.19166666667,112.725,-10,110,69,PIRATES,BULK CARRIER,IDN,hotspot_malacca_straits,Malacca Straits
2011-05-27,2011,-1.16666666667,117.266666667,-5,115,72,PIRATES,BULK CARRIER,IDN,hotspot_south_china_sea,South China Sea
2011-05-23,2011,-1.16666666667,117.266666667,-5,115,72,PIRATES,BULK CARRIER,IDN,hotspot_south_china_sea,South China Sea
2011-05-22,2011,-7.11666666667,112.666666667,-10,110,69,PIRATES,BULK CARRIER,IDN,hotspot_malacca_straits,Malacca Straits
2011-05-15,2011,-1.16666666667,117.283333333,-5,115,72,PIRATES,BULK CARRIER,IDN,hotspot_south_china_sea,South China Sea
2011-04-03,2011,-1.11666666667,117.25,-5,115,72,PIRATES,CARGO SHIP,IDN,hotspot_south_china_sea,South China Sea
2011-02-19,2011,-3.73666666667,114.426666667,-5,110,70,PIRATES,BULK CARRIER,IDN,hotspot_malacca_straits,Malacca Straits
2017-05-16,2017,3.53333333333,126.383333333,0,125,138,Suspicious Approach,Offshore Supply Vessel,IDN,hotspot_south_china_sea,South China Sea
2017-03-30,2017,-9.4,150.666666667,-10,150,168,Pirates,Vessel,PNG,0,Outside of Hotspots
2017-01-08,2017,-0.9,131.266666667,-5,130,166,Robbers,Sailing Vessel,IDN,0,Outside of Hotspots
2016-09-10,2016,-5.03333333333,145.933333333,-10,145,154,Robbers,Vessel,PNG,0,Outside of Hotspots
2016-08-28,2016,-10.3666666667,150.5,-15,150,141,Robbers,Vessel,PNG,0,Outside of Hotspots
2016-03-22,2016,1.43333333333,125.183333333,0,125,138,Robbers,Chemical Tanker,IDN,hotspot_south_china_sea,South China Sea
2015-12-01,2015,-3.51666666667,143.616666667,-5,140,139,Robbers,Yacht,PNG,0,Outside of Hotspots
2015-02-03,2015,-10.3166666667,150.416666667,-15,150,141,Pirates,Merchant Vessel,PNG,0,Outside of Hotspots
2015-01-28,2015,1.41666666667,125.266666667,0,125,138,Pirates,Chemical Tanker,IDN,hotspot_south_china_sea,South China Sea
2014-06-19,2014,-7.85,120.266666667,-10,120,122,Pirates,Fishing Boat,IDN,0,Outside of Hotspots
2017-05-11,2017,-14.8333333333,117.533333333,-15,115,163,Robbers,Bulk Carrier,AUS,0,Outside of Hotspots
2013-07-27,2013,-7.08333333333,112.65,-10,110,69,ROBBERS,Chemical tanker,IDN,hotspot_malacca_straits,Malacca Straits
2016-05-15,2016,8.28333333333,150.883333333,5,150,155,Suspicious Approach,Vehicle Carrier,FSM,0,Outside of Hotspots
2015-10-18,2015,4.18333333333,144.883333333,0,140,140,Robbers,Sailing Yacht,FSM,0,Outside of Hotspots
2014-10-21,2014,7.63333333333,130.683333333,5,130,123,Pirates,Fishing boat,PLW,0,Outside of Hotspots
2014-11-26,2014,-4.33333333333,152.266666667,-5,150,124,Robbers,Sailing Yacht,PNG,0,Outside of Hotspots
2017-05-31,2017,-17.3166666667,177.116666667,-20,175,156,Robbers,Sailing Vessel,FJI,0,Outside of Hotspots
2017-01-25,2017,-18.1333333333,178.433333333,-20,175,156,Robbers,Sailing Vessel,High Seas,0,Outside of Hotspots
2016-10-09,2016,-17.65,177.4,-20,175,156,Robbers,Sailing Vessel,FJI,0,Outside of Hotspots
2016-09-28,2016,2,-174,0,-175,142,Robbers,Sailing Vessel,UMI,0,Outside of Hotspots
2015-10-16,2015,-17.4833333333,-149.833333333,-20,-150,126,Robbers,Sailing Yacht,High Seas,0,Outside of Hotspots
2015-06-01,2015,-16.7333333333,-151.416666667,-20,-155,125,Robbers,Sailing Yachts,PYF,0,Outside of Hotspots
2017-12-09,2017,14.5833333333,120.916666667,10,120,76,Robbers,Container Vessel,PHL,hotspot_south_china_sea,South China Sea
2017-12-07,2017,14.5833333333,120.85,10,120,76,Robbers,Cargo Vessel,PHL,hotspot_south_china_sea,South China Sea
2017-12-03,2017,14.5666666667,120.916666667,10,120,76,Robbers,Cargo Vessel,PHL,hotspot_south_china_sea,South China Sea
2017-12-03,2017,14.55,120.916666667,10,120,76,Robbers,Cargo Vessel,PHL,hotspot_south_china_sea,South China Sea
2017-10-04,2017,14.55,120.9,10,120,76,Robbers,Container Vessel,PHL,hotspot_south_china_sea,South China Sea
2017-09-30,2017,14.5833333333,120.95,10,120,76,Robbers,Container Vessel,PHL,hotspot_south_china_sea,South China Sea
2017-08-15,2017,14.55,120.916666667,10,120,76,Robbers,Vessel,PHL,hotspot_south_china_sea,South China Sea
2017-08-15,2017,14.5666666667,120.933333333,10,120,76,Robbers,Container Vessel,PHL,hotspot_south_china_sea,South China Sea
2017-08-09,2017,14.5333333333,120.916666667,10,120,76,Robbers,Container Vessel,PHL,hotspot_south_china_sea,South China Sea
2017-07-14,2017,14.55,120.916666667,10,120,76,Robbers,Container Vessel,PHL,hotspot_south_china_sea,South China Sea
2017-07-10,2017,14.55,120.9,10,120,76,Robbers,Container Vessel,PHL,hotspot_south_china_sea,South China Sea
2017-06-14,2017,13.7333333333,121.016666667,10,120,76,Robbers,Tanker,High Seas,hotspot_south_china_sea,South China Sea
2017-04-22,2017,13.6666666667,121.05,10,120,76,Robbers,Tanker,PHL,hotspot_south_china_sea,South China Sea
2017-03-26,2017,13.7166666667,121.033333333,10,120,76,Robbers,Tanker,PHL,hotspot_south_china_sea,South China Sea
2017-03-21,2017,13.6666666667,121.05,10,120,76,Robbers,LPG Tanker,PHL,hotspot_south_china_sea,South China Sea
2017-03-15,2017,13.75,121.05,10,120,76,Robbers,Chemical Tanker,High Seas,hotspot_south_china_sea,South China Sea
2017-01-07,2017,13.7333333333,121.033333333,10,120,76,Robbers,Product Tanker,High Seas,hotspot_south_china_sea,South China Sea
2016-02-14,2016,13.7166666667,121.033333333,10,120,76,Robbers,Product Tanker,PHL,hotspot_south_china_sea,South China Sea
2015-12-19,2015,14.5833333333,120.816666667,10,120,76,Robbers,Tanker,PHL,hotspot_south_china_sea,South China Sea
2015-09-18,2015,13.6666666667,121.05,10,120,76,Robbers,Product Tanker,PHL,hotspot_south_china_sea,South China Sea
2015-06-27,2015,13.7333333333,121.033333333,10,120,76,Robbers,Tanker,High Seas,hotspot_south_china_sea,South China Sea
2015-05-20,2015,13.7333333333,121.033333333,10,120,76,Robbers,Product Tanker,High Seas,hotspot_south_china_sea,South China Sea
2014-12-20,2014,14.5666666667,120.9,10,120,76,Robbers,Container Ship,PHL,hotspot_south_china_sea,South China Sea
2014-07-19,2014,13.7333333333,121.033333333,10,120,76,Robbers,Tanker,High Seas,hotspot_south_china_sea,South China Sea
2014-06-25,2014,13.75,121.033333333,10,120,76,Robbers,Tanker,High Seas,hotspot_south_china_sea,South China Sea
2013-07-26,2013,14.55,120.916666667,10,120,76,ROBBERS,CONTAINER SHIP,PHL,hotspot_south_china_sea,South China Sea
2013-07-25,2013,14.4833333333,120.783333333,10,120,76,robbers,container ship APL LOS ANGELES,PHL,hotspot_south_china_sea,South China Sea
2013-07-21,2013,14.4833333333,120.783333333,10,120,76,robbers,container ship HELMUTH RAMBOW,PHL,hotspot_south_china_sea,South China Sea
2013-07-10,2013,14.4833333333,120.783333333,10,120,76,ROBBERS,CONTAINER SHIP CAPE MAHORN,PHL,hotspot_south_china_sea,South China Sea
2013-01-31,2013,14.55,120.9,10,120,76,ROBBERS,CARGO SHIP,PHL,hotspot_south_china_sea,South China Sea
2012-02-06,2012,14.6116666667,120.888333333,10,120,76,PIRATES,CONTAINER SHIP,PHL,hotspot_south_china_sea,South China Sea
2012-01-03,2012,14.61,120.885,10,120,76,PIRATES,CONTAINER SHIP,PHL,hotspot_south_china_sea,South China Sea
2011-07-08,2011,14.5333333333,120.916666667,10,120,76,PIRATES,CONTAINER SHIP,PHL,hotspot_south_china_sea,South China Sea
2011-02-21,2011,14.6,120.866666667,10,120,76,PIRATES,MERCHANT VESSEL,PHL,hotspot_south_china_sea,South China Sea
2017-10-14,2017,6.31666666667,120.533333333,5,120,115,Robbers,Fishing Vessel,High Seas,hotspot_south_china_sea,South China Sea
2017-05-10,2017,7.53333333333,122.516666667,5,120,115,Pirates,Vessel,PHL,hotspot_south_china_sea,South China Sea
2017-04-23,2017,11.1666666667,123.716666667,10,120,76,Pirates,Fishing Vessel,High Seas,hotspot_south_china_sea,South China Sea
2017-04-22,2017,7.16666666667,122.65,5,120,115,Robbers,Container Vessel,PHL,hotspot_south_china_sea,South China Sea
2017-04-18,2017,8.16666666667,122.516666667,5,120,115,Pirates,Cargo Vessel,PHL,hotspot_south_china_sea,South China Sea
2017-03-23,2017,6.53333333333,122.566666667,5,120,115,Pirates,Cargo Vessel,PHL,hotspot_south_china_sea,South China Sea
2017-02-19,2017,6.15,119.65,5,115,73,Pirates,Vessel,PHL,hotspot_south_china_sea,South China Sea
2017-01-09,2017,6.45,122.333333333,5,120,115,Pirates,Fishing Vessel,PHL,hotspot_south_china_sea,South China Sea
2017-01-03,2017,6.6,122.683333333,5,120,115,Pirates,Cargo Vessel,PHL,hotspot_south_china_sea,South China Sea
2016-12-20,2016,5.78333333333,122.583333333,5,120,115,Pirates,Fishing Vessel,PHL,hotspot_south_china_sea,South China Sea
2016-12-08,2016,5.48333333333,119.633333333,5,115,73,Suspicious Approach,Bulk Carrier,PHL,hotspot_south_china_sea,South China Sea
2016-11-24,2016,5.93333333333,119.833333333,5,115,73,Suspicious Approach,Bulk Carrier,PHL,hotspot_south_china_sea,South China Sea
2016-11-24,2016,5.8,119.866666667,5,115,73,Suspicious Approach,Bulk Carrier,PHL,hotspot_south_china_sea,South China Sea
2016-11-23,2016,6.36666666667,119.9,5,115,73,Pirates,Bulk Carrier,PHL,hotspot_south_china_sea,South China Sea
2016-11-20,2016,5.58333333333,119.8,5,115,73,Suspicious Approach,Bulk Carrier,PHL,hotspot_south_china_sea,South China Sea
2016-11-11,2016,6.66666666667,122.516666667,5,120,115,Pirates,Bulk Carrier,PHL,hotspot_south_china_sea,South China Sea
2016-11-06,2016,5.01666666667,119.566666667,5,115,73,Pirates,Sailing Vessel,PHL,hotspot_south_china_sea,South China Sea
2016-11-06,2016,7.33333333333,125.616666667,5,125,96,Robbers,Tanker,High Seas,hotspot_south_china_sea,South China Sea
2016-10-20,2016,4.53333333333,119.55,0,115,114,Pirates,Cargo Vessel,PHL,hotspot_south_china_sea,South China Sea
2016-09-02,2016,7.16666666667,125.666666667,5,125,96,Robbers,Product Tanker,PHL,hotspot_south_china_sea,South China Sea
2016-08-25,2016,12.8166666667,123.233333333,10,120,76,Pirates,Cruise Ship,High Seas,hotspot_south_china_sea,South China Sea
2016-07-16,2016,7.16666666667,125.666666667,5,125,96,Robbers,Product Tanker,PHL,hotspot_south_china_sea,South China Sea
2016-06-22,2016,5.88333333333,121.733333333,5,120,115,Pirates,Tug,PHL,hotspot_south_china_sea,South China Sea
2016-04-21,2016,10.6333333333,120.566666667,10,120,76,Suspicious Approach,Bulk Carrier,PHL,hotspot_south_china_sea,South China Sea
2016-03-26,2016,6.13333333333,120.216666667,5,120,115,Pirates,Tug and Barge,PHL,hotspot_south_china_sea,South China Sea
2016-02-14,2016,6.8,122.016666667,5,120,115,Pirates,Fishing Boat,PHL,hotspot_south_china_sea,South China Sea
2016-02-09,2016,7.58333333333,122.75,5,120,115,Pirates,Fishing Boat,PHL,hotspot_south_china_sea,South China Sea
2015-12-18,2015,5.95,119.833333333,5,115,73,Robbers,Bulk Carrier,PHL,hotspot_south_china_sea,South China Sea
2015-10-10,2015,5.45,125.533333333,5,125,96,Robbers,Cargo Ship,PHL,hotspot_south_china_sea,South China Sea
2015-08-20,2015,7.03333333333,125.65,5,125,96,Robbers,Product Tanker,PHL,hotspot_south_china_sea,South China Sea
2015-03-07,2015,6.21666666667,119.833333333,5,115,73,Pirates,Bulk Carrier,PHL,hotspot_south_china_sea,South China Sea
2014-10-14,2014,7.26666666667,117.65,5,115,73,Pirates,Fishing boat,PHL,hotspot_south_china_sea,South China Sea
2014-07-05,2014,6.96666666667,118.5,5,115,73,Armed robebrs,Fishing boat,High Seas,hotspot_south_china_sea,South China Sea
2014-06-10,2014,7.6,123.15,5,120,115,Robbers,Fishing boat,PHL,hotspot_south_china_sea,South China Sea
2014-04-30,2014,9.835,118.738333333,5,115,73,Kidnappers,Yacht,High Seas,hotspot_south_china_sea,South China Sea
2013-12-25,2013,6.86666666667,122.083333333,5,120,115,Pirates,Fishing vessels,PHL,hotspot_south_china_sea,South China Sea
2012-05-17,2012,6.81666666667,125.766666667,5,125,96,PIRATES,TUG BOAT,PHL,hotspot_south_china_sea,South China Sea
2011-10-24,2011,6.99833333333,119.746666667,5,115,73,PIRATES,BULK CARRIER,PHL,hotspot_south_china_sea,South China Sea
2017-12-16,2017,20.9,107.283333333,20,105,68,Robbers,Bulk Carrier,VNM,hotspot_malacca_straits,Malacca Straits
2017-09-19,2017,20.9,107.266666667,20,105,68,Robbers,Bulk Carrier,VNM,hotspot_malacca_straits,Malacca Straits
2017-09-06,2017,5.63333333333,103.2,5,100,92,Pirates,Tanker,MYS,hotspot_malacca_straits,Malacca Straits
2017-06-23,2017,3.91666666667,103.866666667,0,100,64,Pirates,Tanker,MYS,hotspot_malacca_straits,Malacca Straits
2016-11-23,2016,10.2666666667,107,10,105,67,Robbers,Bulk Carrier,VNM,hotspot_malacca_straits,Malacca Straits
2016-11-01,2016,16.9333333333,112.316666667,15,110,121,Pirates,Fishing Vessel,CHN,hotspot_malacca_straits,Malacca Straits
2016-10-30,2016,16.9166666667,112.316666667,15,110,121,Pirates,Fishing Vessel,CHN,hotspot_malacca_straits,Malacca Straits
2016-10-26,2016,10.3833333333,107.05,10,105,67,Robbers,Container Ship,VNM,hotspot_malacca_straits,Malacca Straits
2016-10-12,2016,10.2666666667,107.05,10,105,67,Robbers,Bulk Carrier,VNM,hotspot_malacca_straits,Malacca Straits
2016-09-26,2016,10.25,107.016666667,10,105,67,Robbers,Cargo Vessel,VNM,hotspot_malacca_straits,Malacca Straits
2016-08-07,2016,10.2666666667,107.016666667,10,105,67,Robbers,Bulk Carrier,VNM,hotspot_malacca_straits,Malacca Straits
2016-07-29,2016,10.2666666667,107.033333333,10,105,67,Robbers,Bulk Carrier,VNM,hotspot_malacca_straits,Malacca Straits
2016-07-09,2016,16.6666666667,112.333333333,15,110,121,Pirates,Fishing Vessel,CHN,hotspot_malacca_straits,Malacca Straits
2016-06-16,2016,16.1833333333,112.5,15,110,121,Pirates,Fishing Vessel,CHN,hotspot_malacca_straits,Malacca Straits
2016-05-09,2016,10.1833333333,107.066666667,10,105,67,Robbers,Container Ship,VNM,hotspot_malacca_straits,Malacca Straits
2016-05-03,2016,16.6666666667,112.333333333,15,110,121,Pirates,Fishing Vessel,CHN,hotspot_malacca_straits,Malacca Straits
2016-03-07,2016,16.6666666667,112.333333333,15,110,121,Pirates,Fishing Trawler,CHN,hotspot_malacca_straits,Malacca Straits
2016-03-06,2016,16.5,112,15,110,121,Robbers,Fishing Boat,CHN,hotspot_malacca_straits,Malacca Straits
2016-03-04,2016,21.0333333333,89.9666666667,20,85,89,Pirates,Fishing Boats,BGD,0,Outside of Hotspots
2016-01-07,2016,20.7166666667,107.15,20,105,68,Robbers,Bulk Carrier,VNM,hotspot_malacca_straits,Malacca Straits
2016-01-05,2016,20.6833333333,107.166666667,20,105,68,Robbers,Bulk Carrier,VNM,hotspot_malacca_straits,Malacca Straits
2015-12-16,2015,20.8333333333,107.333333333,20,105,68,Robbers,Bulk Carrier,VNM,hotspot_malacca_straits,Malacca Straits
2015-12-15,2015,10.2333333333,107.033333333,10,105,67,Robbers,Container Ship,VNM,hotspot_malacca_straits,Malacca Straits
2015-12-04,2015,20.7,107.166666667,20,105,68,Robbers,Bulk Carrier,VNM,hotspot_malacca_straits,Malacca Straits
2015-11-26,2015,9.08333333333,115.45,5,115,73,Pirates,Fishing Boat,PHL,hotspot_south_china_sea,South China Sea
2015-11-14,2015,10.2333333333,107.033333333,10,105,67,Robbers,Container Ship,VNM,hotspot_malacca_straits,Malacca Straits
2015-11-10,2015,10.25,107.05,10,105,67,Robbers,Container Ship,VNM,hotspot_malacca_straits,Malacca Straits
2015-10-22,2015,20.6833333333,107.216666667,20,105,68,Robbers,Bulk Carrier,VNM,hotspot_malacca_straits,Malacca Straits
2015-10-18,2015,10.1,107.1,10,105,67,Robbers,Tanker,VNM,hotspot_malacca_straits,Malacca Straits
2015-09-30,2015,10.7666666667,106.733333333,10,105,67,Robbers,Container Ship,VNM,hotspot_malacca_straits,Malacca Straits
2015-09-29,2015,16.5333333333,111.733333333,15,110,121,Pirates,Fishing Boat,CHN,hotspot_malacca_straits,Malacca Straits
2015-09-16,2015,10.2333333333,107.033333333,10,105,67,Robbers,Bulk Carrier,VNM,hotspot_malacca_straits,Malacca Straits
2015-08-15,2015,10.2333333333,107.05,10,105,67,Robbers,Bulk Carrier,VNM,hotspot_malacca_straits,Malacca Straits
2015-07-31,2015,16.5,112,15,110,121,Pirates,Fishing Ship,CHN,hotspot_malacca_straits,Malacca Straits
2015-07-28,2015,3.41666666667,103.916666667,0,100,64,Robbers,Tug Boat,MYS,hotspot_malacca_straits,Malacca Straits
2015-07-15,2015,10.75,106.7,10,105,67,Robbers,Bulk Carrier,High Seas,hotspot_malacca_straits,Malacca Straits
2015-07-11,2015,10.1666666667,107.083333333,10,105,67,Robbers,Product Tanker,VNM,hotspot_malacca_straits,Malacca Straits
2015-06-04,2015,10.0833333333,107.033333333,10,105,67,Robbers,Container ship,VNM,hotspot_malacca_straits,Malacca Straits
2015-05-22,2015,10.1833333333,107.05,10,105,67,Robbers,Container Ship,VNM,hotspot_malacca_straits,Malacca Straits
2015-05-15,2015,8.31666666667,108.866666667,5,105,93,Robbers,Cargo Ship,VNM,hotspot_malacca_straits,Malacca Straits
2015-05-11,2015,10.2,107.066666667,10,105,67,Robbers,Bulk Carrier,VNM,hotspot_malacca_straits,Malacca Straits
2015-04-21,2015,2.46666666667,104.433333333,0,100,64,Robbers,Tanker,MYS,hotspot_malacca_straits,Malacca Straits
2015-04-20,2015,3.6,104.3,0,100,64,Pirates,Bulk Carrier,MYS,hotspot_malacca_straits,Malacca Straits
2015-03-25,2015,13.2833333333,100.516666667,10,100,137,Robbers,Bulk Carrier,THA,hotspot_malacca_straits,Malacca Straits
2015-03-25,2015,20.6833333333,107.283333333,20,105,68,Robbers,Bulk Carrier,VNM,hotspot_malacca_straits,Malacca Straits
2015-03-23,2015,20.7166666667,107.183333333,20,105,68,Robbers,Wood Chip Carrier,VNM,hotspot_malacca_straits,Malacca Straits
2015-03-22,2015,2.85,104.516666667,0,100,64,Pirates,Tug Boat,MYS,hotspot_malacca_straits,Malacca Straits
2015-03-11,2015,10.25,107.033333333,10,105,67,Robbers,Bulk Carrier,VNM,hotspot_malacca_straits,Malacca Straits
2015-02-12,2015,20.6833333333,107.2,20,105,68,Robbers,Bulk Carrier,VNM,hotspot_malacca_straits,Malacca Straits
2015-02-10,2015,20.8666666667,106.666666667,20,105,68,Robbers,Container Ship,High Seas,hotspot_malacca_straits,Malacca Straits
2015-02-04,2015,10.2,107.05,10,105,67,Robbers,Container Ship,VNM,hotspot_malacca_straits,Malacca Straits
2015-01-07,2015,16.25,110.9,15,110,121,Pirates,Fishing vessels,VNM,hotspot_malacca_straits,Malacca Straits
2014-12-25,2014,20.6833333333,107.2,20,105,68,Robbers,General Cargo Ship,VNM,hotspot_malacca_straits,Malacca Straits
2014-11-20,2014,10.25,107.15,10,105,67,Robbers,LPG Tanker,VNM,hotspot_malacca_straits,Malacca Straits
2014-11-19,2014,10.2,107.25,10,105,67,Robbers,Container Ship,VNM,hotspot_malacca_straits,Malacca Straits
2014-10-21,2014,10.15,107.1,10,105,67,Pirates,Container ship,VNM,hotspot_malacca_straits,Malacca Straits
2014-10-11,2014,10.7166666667,106.766666667,10,105,67,Robbers,Bulk carrier,High Seas,hotspot_malacca_straits,Malacca Straits
2014-09-17,2014,10.2333333333,107.05,10,105,67,Robbers,Tanker,VNM,hotspot_malacca_straits,Malacca Straits
2014-08-15,2014,16.8333333333,112.316666667,15,110,121,Pirates,Fishing boat,CHN,hotspot_malacca_straits,Malacca Straits
2014-06-22,2014,8.2,115.766666667,5,115,73,Pirates,Merchant tug,PHL,hotspot_south_china_sea,South China Sea
2014-05-27,2014,7.35,103.4,5,100,92,Robbers,Product tanker,MYS,hotspot_malacca_straits,Malacca Straits
2014-04-01,2014,20.8666666667,107.116666667,20,105,68,Robbers,Container ship,VNM,hotspot_malacca_straits,Malacca Straits
2014-02-14,2014,20.6166666667,106.85,20,105,68,Robbers,Anchored Vessel,VNM,hotspot_malacca_straits,Malacca Straits
2013-12-02,2013,20.6166666667,107.166666667,20,105,68,ROBBERS,CONTAINER VESSEL,VNM,hotspot_malacca_straits,Malacca Straits
2013-11-08,2013,10.65,107.016666667,10,105,67,ROBBERS,LPG TANKER,High Seas,hotspot_malacca_straits,Malacca Straits
2013-09-03,2013,10.2166666667,107.033333333,10,105,67,ROBBERS,CHEMICAL TANKER,VNM,hotspot_malacca_straits,Malacca Straits
2013-08-28,2013,20.9333333333,107.316666667,20,105,68,ROBBERS,BULK CARRIER,VNM,hotspot_malacca_straits,Malacca Straits
2013-07-21,2013,10.7,106.75,10,105,67,ROBBERS,PRODUCT TANKER,High Seas,hotspot_malacca_straits,Malacca Straits
2013-07-10,2013,3.03333333333,104.3,0,100,64,PIRATES,TANKER LG ASPHALT 1,MYS,hotspot_malacca_straits,Malacca Straits
2013-06-09,2013,4.5,103.983333333,0,100,64,PIRATES,TUG,MYS,hotspot_malacca_straits,Malacca Straits
2013-06-09,2013,4.3,103.6,0,100,64,ROBBERS,TUG PU2417,MYS,hotspot_malacca_straits,Malacca Straits
2013-05-15,2013,3.28333333333,103.8,0,100,64,ROBBERS,BARGE/TUG CREST 289/TCL4401,MYS,hotspot_malacca_straits,Malacca Straits
2013-04-17,2013,20.9666666667,107.316666667,20,105,68,ROBBERS,BULK CARRIER IVS MAGPIE,VNM,hotspot_malacca_straits,Malacca Straits
2013-04-09,2013,10.5666666667,107.016666667,10,105,67,ROBBERS,BULK CARRIER WESTGATE,High Seas,hotspot_malacca_straits,Malacca Straits
2013-04-02,2013,10.75,106.7,10,105,67,ROBBERS,CARGO SHIP WEHR BLANKENESE,High Seas,hotspot_malacca_straits,Malacca Straits
2013-02-14,2013,20.6166666667,106.85,20,105,68,ROBBERS,CONTAINER SHIP,VNM,hotspot_malacca_straits,Malacca Straits
2012-09-06,2012,9.68333333333,103.8,5,100,92,PIRATES,BARGE,VNM,hotspot_malacca_straits,Malacca Straits
2012-06-27,2012,10.6833333333,106.75,10,105,67,PIRATES,CHEMICAL TANKER,High Seas,hotspot_malacca_straits,Malacca Straits
2012-02-12,2012,20.6666666667,107.233333333,20,105,68,PIRATES,BULK CARRIER,VNM,hotspot_malacca_straits,Malacca Straits
2012-01-27,2012,20.6333333333,106.883333333,20,105,68,PIRATES,CONTAINER SHIP,VNM,hotspot_malacca_straits,Malacca Straits
2012-01-07,2012,10.7666666667,106.716666667,10,105,67,PIRATES,CONTAINER SHIP,VNM,hotspot_malacca_straits,Malacca Straits
2011-11-17,2011,10.2166666667,107.066666667,10,105,67,PIRATES,TANKER,VNM,hotspot_malacca_straits,Malacca Straits
2011-10-10,2011,10.1516666667,107.223333333,10,105,67,PIRATES,BULK CARRIER,VNM,hotspot_malacca_straits,Malacca Straits
2011-09-30,2011,10.2258333333,107.067333333,10,105,67,PIRATES,CONTAINER SHIP,VNM,hotspot_malacca_straits,Malacca Straits
2011-07-20,2011,22.75,113.645,20,110,71,PIRATES,BULK CARRIER,CHN,0,Outside of Hotspots
2011-07-13,2011,20.6533333333,106.893333333,20,105,68,PIRATES,CONTAINER SHIP,VNM,hotspot_malacca_straits,Malacca Straits
2011-06-30,2011,10.7666666667,106.783333333,10,105,67,PIRATES,CONTAINER SHIP,High Seas,hotspot_malacca_straits,Malacca Straits
2011-05-24,2011,20.6833333333,107.233333333,20,105,68,PIRATES,BULK CARRIER,VNM,hotspot_malacca_straits,Malacca Straits
2011-04-11,2011,3.37833333333,104.825,0,100,64,PIRATES,CHEMICAL TANKER,IDN,hotspot_malacca_straits,Malacca Straits
2011-03-22,2011,2.75361111111,104.404722222,0,100,64,PIRATES,TUG BOAT,MYS,hotspot_malacca_straits,Malacca Straits
2011-03-07,2011,20.6833333333,107.216666667,20,105,68,PIRATES,CARGO SHIP,VNM,hotspot_malacca_straits,Malacca Straits
2011-02-26,2011,20.7166666667,107.211666667,20,105,68,PIRATES,BULK CARRIER,VNM,hotspot_malacca_straits,Malacca Straits
2011-01-24,2011,10.7,109.733333333,10,105,67,PIRATES,TANKER,VNM,hotspot_malacca_straits,Malacca Straits
2017-12-29,2017,38.7666666667,118.5,35,115,74,Robbers,Bulk Carrier,CHN,0,Outside of Hotspots
2017-07-13,2017,21.9166666667,118.316666667,20,115,164,Robbers,Fishing Vessel,TWN,0,Outside of Hotspots
2017-02-14,2017,38.8666666667,119.166666667,35,115,74,Robbers,Bulk Carrier,CHN,0,Outside of Hotspots
2016-10-09,2016,37.0666666667,123.666666667,35,120,152,Pirates,Vessel,CHN,0,Outside of Hotspots
2016-04-29,2016,38.9333333333,119.233333333,35,115,74,Robbers,Ore Carrier,CHN,0,Outside of Hotspots
2016-04-24,2016,35.35,119.533333333,35,115,74,Robbers,Bulk Carrier,CHN,0,Outside of Hotspots
2016-04-23,2016,37.8333333333,120.016666667,35,120,152,Robbers,Vessel,CHN,0,Outside of Hotspots
2016-03-27,2016,32.2666666667,119.416666667,30,115,151,Robbers,Bulk Carrier,High Seas,0,Outside of Hotspots
2016-01-01,2016,38.8,118.316666667,35,115,74,Robbers,Bulk Carrier,CHN,0,Outside of Hotspots
2015-12-29,2015,38.8,118.266666667,35,115,74,Robbers,Bulk Carrier,CHN,0,Outside of Hotspots
2015-12-14,2015,38.3166666667,118.333333333,35,115,74,Robbers,Bulk Carrier,CHN,0,Outside of Hotspots
2015-12-08,2015,38.9833333333,117.85,35,115,74,Robbers,Bulk Carrier,CHN,0,Outside of Hotspots
2015-12-08,2015,38.7,118.8,35,115,74,Robbers,Ore Carrier,CHN,0,Outside of Hotspots
2012-12-14,2012,32,120.75,30,120,95,ROBBERS,BULK CARRIER,CHN,0,Outside of Hotspots
2011-10-30,2011,38.9205555556,117.945,35,115,74,PIRATES,OFFSHORE SUPPORT VESSEL,CHN,0,Outside of Hotspots
2017-07-07,2017,36.6666666667,133.2,35,130,167,Suspicious Approach,Vessel,JPN,0,Outside of Hotspots
2017-02-16,2017,33.5333333333,125.1,30,125,165,Pirates,Vessel,KOR,0,Outside of Hotspots
2016-11-01,2016,37.4333333333,126.5,35,125,153,Coast Guard,Fishing Trawler,KOR,0,Outside of Hotspots
