date,fuel_index,price_usd_mt
2012-01-01,BIX 380 CST,683.71
2012-01-02,BIX 380 CST,683.71
2012-01-03,BIX 380 CST,683.71
2012-01-04,BIX 380 CST,699.97
2012-01-05,BIX 380 CST,705.23
2012-01-06,BIX 380 CST,708.71
2012-01-07,BIX 380 CST,708.71
2012-01-08,BIX 380 CST,708.71
2012-01-09,BIX 380 CST,709.22
2012-01-10,BIX 380 CST,711.41
2012-01-11,BIX 380 CST,716.88
2012-01-12,BIX 380 CST,716.87
2012-01-13,BIX 380 CST,713.35
2012-01-14,BIX 380 CST,713.35
2012-01-15,BIX 380 CST,713.35
2012-01-16,BIX 380 CST,712.45
2012-01-17,BIX 380 CST,715.15
2012-01-18,BIX 380 CST,715
2012-01-19,BIX 380 CST,714.9
2012-01-20,BIX 380 CST,714.73
2012-01-21,BIX 380 CST,714.73
2012-01-22,BIX 380 CST,714.73
2012-01-23,BIX 380 CST,711.25
2012-01-24,BIX 380 CST,711.73
2012-01-25,BIX 380 CST,712.49
2012-01-26,BIX 380 CST,714.98
2012-01-27,BIX 380 CST,714.98
2012-01-28,BIX 380 CST,714.98
2012-01-29,BIX 380 CST,714.98
2012-01-30,BIX 380 CST,714.16
2012-01-31,BIX 380 CST,714.75
2012-02-01,BIX 380 CST,716.23
2012-02-02,BIX 380 CST,718.33
2012-02-03,BIX 380 CST,716.9
2012-02-04,BIX 380 CST,716.9
2012-02-05,BIX 380 CST,716.9
2012-02-06,BIX 380 CST,720.12
2012-02-07,BIX 380 CST,726.56
2012-02-08,BIX 380 CST,729.59
2012-02-09,BIX 380 CST,733.02
2012-02-10,BIX 380 CST,735.58
2012-02-11,BIX 380 CST,735.58
2012-02-12,BIX 380 CST,735.58
2012-02-13,BIX 380 CST,735.24
2012-02-14,BIX 380 CST,734.46
2012-02-15,BIX 380 CST,735.62
2012-02-16,BIX 380 CST,736.4
2012-02-17,BIX 380 CST,738.57
2012-02-18,BIX 380 CST,738.57
2012-02-19,BIX 380 CST,738.57
2012-02-20,BIX 380 CST,737.97
2012-02-21,BIX 380 CST,737.97
2012-02-22,BIX 380 CST,737.97
2012-02-23,BIX 380 CST,748.46
2012-02-24,BIX 380 CST,748.76
2012-02-25,BIX 380 CST,748.76
2012-02-26,BIX 380 CST,748.76
2012-02-27,BIX 380 CST,749.58
2012-02-28,BIX 380 CST,748.32
2012-02-29,BIX 380 CST,745.84
2012-03-01,BIX 380 CST,745.32
2012-03-02,BIX 380 CST,757.63
2012-03-03,BIX 380 CST,757.63
2012-03-04,BIX 380 CST,757.63
2012-03-05,BIX 380 CST,756.21
2012-03-06,BIX 380 CST,756.41
2012-03-07,BIX 380 CST,755.69
2012-03-08,BIX 380 CST,755.39
2012-03-09,BIX 380 CST,756.17
2012-03-10,BIX 380 CST,756.17
2012-03-11,BIX 380 CST,756.17
2012-03-12,BIX 380 CST,755.8
2012-03-13,BIX 380 CST,756.71
2012-03-14,BIX 380 CST,759.61
2012-03-15,BIX 380 CST,759.61
2012-03-16,BIX 380 CST,751.53
2012-03-17,BIX 380 CST,751.53
2012-03-18,BIX 380 CST,751.53
2012-03-19,BIX 380 CST,755.7
2012-03-20,BIX 380 CST,755.75
2012-03-21,BIX 380 CST,752.35
2012-03-22,BIX 380 CST,749.99
2012-03-23,BIX 380 CST,748.57
2012-03-24,BIX 380 CST,748.57
2012-03-25,BIX 380 CST,748.57
2012-03-26,BIX 380 CST,751.23
2012-03-27,BIX 380 CST,752.24
2012-03-28,BIX 380 CST,753.47
2012-03-29,BIX 380 CST,752.9
2012-03-30,BIX 380 CST,751.32
2012-03-31,BIX 380 CST,751.32
2012-04-01,BIX 380 CST,751.32
2012-04-02,BIX 380 CST,751.9
2012-04-03,BIX 380 CST,753.03
2012-04-04,BIX 380 CST,751.77
2012-04-05,BIX 380 CST,748.26
2012-04-06,BIX 380 CST,748.26
2012-04-07,BIX 380 CST,748.26
2012-04-08,BIX 380 CST,748.26
2012-04-09,BIX 380 CST,748.26
2012-04-10,BIX 380 CST,744.19
2012-04-11,BIX 380 CST,742.42
2012-04-12,BIX 380 CST,742.54
2012-04-13,BIX 380 CST,743.05
2012-04-14,BIX 380 CST,743.05
2012-04-15,BIX 380 CST,743.05
2012-04-16,BIX 380 CST,740.84
2012-04-17,BIX 380 CST,739.88
2012-04-18,BIX 380 CST,738.77
2012-04-19,BIX 380 CST,736.06
2012-04-20,BIX 380 CST,733.41
2012-04-21,BIX 380 CST,733.41
2012-04-22,BIX 380 CST,733.41
2012-04-23,BIX 380 CST,733.01
2012-04-24,BIX 380 CST,732.21
2012-04-25,BIX 380 CST,734.93
2012-04-26,BIX 380 CST,734.71
2012-04-27,BIX 380 CST,737.59
2012-04-28,BIX 380 CST,737.59
2012-04-29,BIX 380 CST,737.59
2012-04-30,BIX 380 CST,737.47
2012-05-01,BIX 380 CST,737.47
2012-05-02,BIX 380 CST,737.77
2012-05-03,BIX 380 CST,735.52
2012-05-04,BIX 380 CST,731.31
2012-05-05,BIX 380 CST,731.31
2012-05-06,BIX 380 CST,731.31
2012-05-07,BIX 380 CST,731.31
2012-05-08,BIX 380 CST,714.06
2012-05-09,BIX 380 CST,711.69
2012-05-10,BIX 380 CST,710.35
2012-05-11,BIX 380 CST,707.96
2012-05-12,BIX 380 CST,707.96
2012-05-13,BIX 380 CST,707.96
2012-05-14,BIX 380 CST,697.42
2012-05-15,BIX 380 CST,695.81
2012-05-16,BIX 380 CST,693.09
2012-05-17,BIX 380 CST,691.34
2012-05-18,BIX 380 CST,686.35
2012-05-19,BIX 380 CST,686.35
2012-05-20,BIX 380 CST,686.35
2012-05-21,BIX 380 CST,679.91
2012-05-22,BIX 380 CST,680.49
2012-05-23,BIX 380 CST,678.03
2012-05-24,BIX 380 CST,674.28
2012-05-25,BIX 380 CST,676.5
2012-05-26,BIX 380 CST,676.5
2012-05-27,BIX 380 CST,676.5
2012-05-28,BIX 380 CST,675.9
2012-05-29,BIX 380 CST,675.36
2012-05-30,BIX 380 CST,671.02
2012-05-31,BIX 380 CST,664.14
2012-06-01,BIX 380 CST,656.62
2012-06-02,BIX 380 CST,656.62
2012-06-03,BIX 380 CST,656.62
2012-06-04,BIX 380 CST,656.62
2012-06-05,BIX 380 CST,641.5
2012-06-06,BIX 380 CST,637.03
2012-06-07,BIX 380 CST,636.19
2012-06-08,BIX 380 CST,632.65
2012-06-09,BIX 380 CST,632.65
2012-06-10,BIX 380 CST,632.65
2012-06-11,BIX 380 CST,631.64
2012-06-12,BIX 380 CST,630.2
2012-06-13,BIX 380 CST,629.3
2012-06-14,BIX 380 CST,628.8
2012-06-15,BIX 380 CST,630.24
2012-06-16,BIX 380 CST,630.24
2012-06-17,BIX 380 CST,630.24
2012-06-18,BIX 380 CST,629.76
2012-06-19,BIX 380 CST,623.93
2012-06-20,BIX 380 CST,622.54
2012-06-21,BIX 380 CST,617.13
2012-06-22,BIX 380 CST,606.2
2012-06-23,BIX 380 CST,606.2
2012-06-24,BIX 380 CST,606.2
2012-06-25,BIX 380 CST,603.68
2012-06-26,BIX 380 CST,601.76
2012-06-27,BIX 380 CST,601.6
2012-06-28,BIX 380 CST,602.59
2012-06-29,BIX 380 CST,602.49
2012-06-30,BIX 380 CST,602.49
2012-07-01,BIX 380 CST,602.49
2012-07-02,BIX 380 CST,609.68
2012-07-03,BIX 380 CST,613.62
2012-07-04,BIX 380 CST,622.14
2012-07-05,BIX 380 CST,624.99
2012-07-06,BIX 380 CST,626.24
2012-07-07,BIX 380 CST,626.24
2012-07-08,BIX 380 CST,626.24
2012-07-09,BIX 380 CST,621.99
2012-07-10,BIX 380 CST,620.1
2012-07-11,BIX 380 CST,620.45
2012-07-12,BIX 380 CST,621.52
2012-07-13,BIX 380 CST,622.08
2012-07-14,BIX 380 CST,622.08
2012-07-15,BIX 380 CST,622.08
2012-07-16,BIX 380 CST,624.35
2012-07-17,BIX 380 CST,632.58
2012-07-18,BIX 380 CST,637.34
2012-07-19,BIX 380 CST,644.76
2012-07-20,BIX 380 CST,651.48
2012-07-21,BIX 380 CST,651.48
2012-07-22,BIX 380 CST,651.48
2012-07-23,BIX 380 CST,648.26
2012-07-24,BIX 380 CST,640.06
2012-07-25,BIX 380 CST,639.19
2012-07-26,BIX 380 CST,641.28
2012-07-27,BIX 380 CST,644.21
2012-07-28,BIX 380 CST,644.21
2012-07-29,BIX 380 CST,644.21
2012-07-30,BIX 380 CST,648.96
2012-07-31,BIX 380 CST,648.3
2012-08-01,BIX 380 CST,647.75
2012-08-02,BIX 380 CST,646.43
2012-08-03,BIX 380 CST,646.05
2012-08-04,BIX 380 CST,646.05
2012-08-05,BIX 380 CST,646.05
2012-08-06,BIX 380 CST,650.84
2012-08-07,BIX 380 CST,652.9
2012-08-08,BIX 380 CST,661.47
2012-08-09,BIX 380 CST,665.3
2012-08-10,BIX 380 CST,668.92
2012-08-11,BIX 380 CST,668.92
2012-08-12,BIX 380 CST,668.92
2012-08-13,BIX 380 CST,669.89
2012-08-14,BIX 380 CST,673.19
2012-08-15,BIX 380 CST,675.54
2012-08-16,BIX 380 CST,684.05
2012-08-17,BIX 380 CST,686.31
2012-08-18,BIX 380 CST,686.31
2012-08-19,BIX 380 CST,686.31
2012-08-20,BIX 380 CST,686.68
2012-08-21,BIX 380 CST,687.31
2012-08-22,BIX 380 CST,690.75
2012-08-23,BIX 380 CST,693.64
2012-08-24,BIX 380 CST,693.65
2012-08-25,BIX 380 CST,693.65
2012-08-26,BIX 380 CST,693.65
2012-08-27,BIX 380 CST,693.65
2012-08-28,BIX 380 CST,691.52
2012-08-29,BIX 380 CST,688.78
2012-08-30,BIX 380 CST,688.38
2012-08-31,BIX 380 CST,688.27
2012-09-01,BIX 380 CST,688.27
2012-09-02,BIX 380 CST,688.27
2012-09-03,BIX 380 CST,692.13
2012-09-04,BIX 380 CST,695.85
2012-09-05,BIX 380 CST,691.38
2012-09-06,BIX 380 CST,692.46
2012-09-07,BIX 380 CST,694.12
2012-09-08,BIX 380 CST,694.12
2012-09-09,BIX 380 CST,694.12
2012-09-10,BIX 380 CST,694.01
2012-09-11,BIX 380 CST,697.53
2012-09-12,BIX 380 CST,699.53
2012-09-13,BIX 380 CST,700.7
2012-09-14,BIX 380 CST,704.79
2012-09-15,BIX 380 CST,704.79
2012-09-16,BIX 380 CST,704.79
2012-09-17,BIX 380 CST,706.5
2012-09-18,BIX 380 CST,701.76
2012-09-19,BIX 380 CST,694.84
2012-09-20,BIX 380 CST,680.25
2012-09-21,BIX 380 CST,681.23
2012-09-22,BIX 380 CST,681.23
2012-09-23,BIX 380 CST,681.23
2012-09-24,BIX 380 CST,683.56
2012-09-25,BIX 380 CST,681.01
2012-09-26,BIX 380 CST,680.75
2012-09-27,BIX 380 CST,677.61
2012-09-28,BIX 380 CST,681.22
2012-09-29,BIX 380 CST,681.22
2012-09-30,BIX 380 CST,681.22
2012-10-01,BIX 380 CST,682.78
2012-10-02,BIX 380 CST,681.84
2012-10-03,BIX 380 CST,679.04
2012-10-04,BIX 380 CST,671.31
2012-10-05,BIX 380 CST,674.38
2012-10-06,BIX 380 CST,674.38
2012-10-07,BIX 380 CST,674.38
2012-10-08,BIX 380 CST,668.76
2012-10-09,BIX 380 CST,666.2
2012-10-10,BIX 380 CST,673.51
2012-10-11,BIX 380 CST,675.73
2012-10-12,BIX 380 CST,675.3
2012-10-13,BIX 380 CST,675.3
2012-10-14,BIX 380 CST,675.3
2012-10-15,BIX 380 CST,673.09
2012-10-16,BIX 380 CST,671.68
2012-10-17,BIX 380 CST,671.11
2012-10-18,BIX 380 CST,669.21
2012-10-19,BIX 380 CST,668.79
2012-10-20,BIX 380 CST,668.79
2012-10-21,BIX 380 CST,668.79
2012-10-22,BIX 380 CST,666.61
2012-10-23,BIX 380 CST,663.28
2012-10-24,BIX 380 CST,663.28
2012-10-25,BIX 380 CST,658.22
2012-10-26,BIX 380 CST,657.96
2012-10-27,BIX 380 CST,657.96
2012-10-28,BIX 380 CST,657.96
2012-10-29,BIX 380 CST,659.57
2012-10-30,BIX 380 CST,657.96
2012-10-31,BIX 380 CST,654.34
2012-11-01,BIX 380 CST,652.48
2012-11-02,BIX 380 CST,651.54
2012-11-03,BIX 380 CST,651.54
2012-11-04,BIX 380 CST,651.54
2012-11-05,BIX 380 CST,642.75
2012-11-06,BIX 380 CST,640.71
2012-11-07,BIX 380 CST,644.52
2012-11-08,BIX 380 CST,640.82
2012-11-09,BIX 380 CST,636.55
2012-11-10,BIX 380 CST,636.55
2012-11-11,BIX 380 CST,636.55
2012-11-12,BIX 380 CST,639.71
2012-11-13,BIX 380 CST,640.33
2012-11-14,BIX 380 CST,640.05
2012-11-15,BIX 380 CST,642.2
2012-11-16,BIX 380 CST,643.13
2012-11-17,BIX 380 CST,643.13
2012-11-18,BIX 380 CST,643.13
2012-11-19,BIX 380 CST,644.84
2012-11-20,BIX 380 CST,649.13
2012-11-21,BIX 380 CST,645.72
2012-11-22,BIX 380 CST,645.86
2012-11-23,BIX 380 CST,645.94
2012-11-24,BIX 380 CST,645.94
2012-11-25,BIX 380 CST,645.94
2012-11-26,BIX 380 CST,647.64
2012-11-27,BIX 380 CST,647.06
2012-11-28,BIX 380 CST,643.45
2012-11-29,BIX 380 CST,641.46
2012-11-30,BIX 380 CST,642.21
2012-12-01,BIX 380 CST,642.21
2012-12-02,BIX 380 CST,642.21
2012-12-03,BIX 380 CST,643.18
2012-12-04,BIX 380 CST,644.4
2012-12-05,BIX 380 CST,642.15
2012-12-06,BIX 380 CST,641.15
2012-12-07,BIX 380 CST,637.61
2012-12-08,BIX 380 CST,637.61
2012-12-09,BIX 380 CST,637.61
2012-12-10,BIX 380 CST,634.66
2012-12-11,BIX 380 CST,636.15
2012-12-12,BIX 380 CST,635.64
2012-12-13,BIX 380 CST,635.93
2012-12-14,BIX 380 CST,635.15
2012-12-15,BIX 380 CST,635.15
2012-12-16,BIX 380 CST,635.15
2012-12-17,BIX 380 CST,635.73
2012-12-18,BIX 380 CST,635.6
2012-12-19,BIX 380 CST,637.31
2012-12-20,BIX 380 CST,638.79
2012-12-21,BIX 380 CST,639.3
2012-12-22,BIX 380 CST,639.3
2012-12-23,BIX 380 CST,639.3
2012-12-24,BIX 380 CST,639.3
2012-12-25,BIX 380 CST,639.3
2012-12-26,BIX 380 CST,639.3
2012-12-27,BIX 380 CST,642.03
2012-12-28,BIX 380 CST,644.29
2012-12-29,BIX 380 CST,644.29
2012-12-30,BIX 380 CST,644.29
2012-12-31,BIX 380 CST,643.61
2013-01-01,BIX 380 CST,643.61
2013-01-02,BIX 380 CST,645.83
2013-01-03,BIX 380 CST,649.83
2013-01-04,BIX 380 CST,653.46
2013-01-05,BIX 380 CST,653.46
2013-01-06,BIX 380 CST,653.46
2013-01-07,BIX 380 CST,652.42
2013-01-08,BIX 380 CST,654.99
2013-01-09,BIX 380 CST,658.89
2013-01-10,BIX 380 CST,663.33
2013-01-11,BIX 380 CST,666
2013-01-12,BIX 380 CST,666
2013-01-13,BIX 380 CST,666
2013-01-14,BIX 380 CST,661.71
2013-01-15,BIX 380 CST,660.35
2013-01-16,BIX 380 CST,658.08
2013-01-17,BIX 380 CST,657.58
2013-01-18,BIX 380 CST,658.73
2013-01-19,BIX 380 CST,658.73
2013-01-20,BIX 380 CST,658.73
2013-01-21,BIX 380 CST,661.03
2013-01-22,BIX 380 CST,660.48
2013-01-23,BIX 380 CST,661.01
2013-01-24,BIX 380 CST,662.71
2013-01-25,BIX 380 CST,664.14
2013-01-26,BIX 380 CST,664.14
2013-01-27,BIX 380 CST,664.14
2013-01-28,BIX 380 CST,663.94
2013-01-29,BIX 380 CST,665.08
2013-01-30,BIX 380 CST,666.99
2013-01-31,BIX 380 CST,669.3
2013-02-01,BIX 380 CST,673.36
2013-02-02,BIX 380 CST,673.36
2013-02-03,BIX 380 CST,673.36
2013-02-04,BIX 380 CST,675.53
2013-02-05,BIX 380 CST,675.01
2013-02-06,BIX 380 CST,676.73
2013-02-07,BIX 380 CST,678.91
2013-02-08,BIX 380 CST,681.57
2013-02-09,BIX 380 CST,681.57
2013-02-10,BIX 380 CST,681.57
2013-02-11,BIX 380 CST,683.43
2013-02-12,BIX 380 CST,683.3
2013-02-13,BIX 380 CST,683.1
2013-02-14,BIX 380 CST,684.33
2013-02-15,BIX 380 CST,684.47
2013-02-16,BIX 380 CST,684.47
2013-02-17,BIX 380 CST,684.47
2013-02-18,BIX 380 CST,680.38
2013-02-19,BIX 380 CST,680.64
2013-02-20,BIX 380 CST,678.24
2013-02-21,BIX 380 CST,674.82
2013-02-22,BIX 380 CST,671.14
2013-02-23,BIX 380 CST,671.14
2013-02-24,BIX 380 CST,671.14
2013-02-25,BIX 380 CST,670.45
2013-02-26,BIX 380 CST,669.06
2013-02-27,BIX 380 CST,666.12
2013-02-28,BIX 380 CST,665.2
2013-03-01,BIX 380 CST,663.56
2013-03-02,BIX 380 CST,663.56
2013-03-03,BIX 380 CST,663.56
2013-03-04,BIX 380 CST,658.54
2013-03-05,BIX 380 CST,659.44
2013-03-06,BIX 380 CST,663.45
2013-03-07,BIX 380 CST,663.51
2013-03-08,BIX 380 CST,662.49
2013-03-09,BIX 380 CST,662.49
2013-03-10,BIX 380 CST,662.49
2013-03-11,BIX 380 CST,660.55
2013-03-12,BIX 380 CST,660.39
2013-03-13,BIX 380 CST,661.32
2013-03-14,BIX 380 CST,658.12
2013-03-15,BIX 380 CST,659.78
2013-03-16,BIX 380 CST,659.78
2013-03-17,BIX 380 CST,659.78
2013-03-18,BIX 380 CST,660.28
2013-03-19,BIX 380 CST,659.66
2013-03-20,BIX 380 CST,657.34
2013-03-21,BIX 380 CST,656.74
2013-03-22,BIX 380 CST,655.03
2013-03-23,BIX 380 CST,655.03
2013-03-24,BIX 380 CST,655.03
2013-03-25,BIX 380 CST,655.66
2013-03-26,BIX 380 CST,656.49
2013-03-27,BIX 380 CST,657.68
2013-03-28,BIX 380 CST,659.83
2013-03-29,BIX 380 CST,659.83
2013-03-30,BIX 380 CST,659.83
2013-03-31,BIX 380 CST,659.83
2013-04-01,BIX 380 CST,659.83
2013-04-02,BIX 380 CST,662.1
2013-04-03,BIX 380 CST,661.43
2013-04-04,BIX 380 CST,654.11
2013-04-05,BIX 380 CST,649.28
2013-04-06,BIX 380 CST,649.28
2013-04-07,BIX 380 CST,649.28
2013-04-08,BIX 380 CST,648.42
2013-04-09,BIX 380 CST,648.24
2013-04-10,BIX 380 CST,650.04
2013-04-11,BIX 380 CST,650.71
2013-04-12,BIX 380 CST,647.42
2013-04-13,BIX 380 CST,647.42
2013-04-14,BIX 380 CST,647.42
2013-04-15,BIX 380 CST,641.34
2013-04-16,BIX 380 CST,634.6
2013-04-17,BIX 380 CST,634.37
2013-04-18,BIX 380 CST,629.38
2013-04-19,BIX 380 CST,630.91
2013-04-20,BIX 380 CST,630.91
2013-04-21,BIX 380 CST,630.91
2013-04-22,BIX 380 CST,630.33
2013-04-23,BIX 380 CST,628.04
2013-04-24,BIX 380 CST,628.86
2013-04-25,BIX 380 CST,633.27
2013-04-26,BIX 380 CST,637.87
2013-04-27,BIX 380 CST,637.87
2013-04-28,BIX 380 CST,637.87
2013-04-29,BIX 380 CST,638.14
2013-04-30,BIX 380 CST,639.4
2013-05-01,BIX 380 CST,639.4
2013-05-02,BIX 380 CST,633.24
2013-05-03,BIX 380 CST,638.94
2013-05-04,BIX 380 CST,638.94
2013-05-05,BIX 380 CST,638.94
2013-05-06,BIX 380 CST,638.94
2013-05-07,BIX 380 CST,645.52
2013-05-08,BIX 380 CST,643.52
2013-05-09,BIX 380 CST,643.96
2013-05-10,BIX 380 CST,641.64
2013-05-11,BIX 380 CST,641.64
2013-05-12,BIX 380 CST,641.64
2013-05-13,BIX 380 CST,639.39
2013-05-14,BIX 380 CST,637.39
2013-05-15,BIX 380 CST,635.15
2013-05-16,BIX 380 CST,632.21
2013-05-17,BIX 380 CST,636.05
2013-05-18,BIX 380 CST,636.05
2013-05-19,BIX 380 CST,636.05
2013-05-20,BIX 380 CST,638.2
2013-05-21,BIX 380 CST,638.85
2013-05-22,BIX 380 CST,635.12
2013-05-23,BIX 380 CST,632.37
2013-05-24,BIX 380 CST,630.86
2013-05-25,BIX 380 CST,630.86
2013-05-26,BIX 380 CST,630.86
2013-05-27,BIX 380 CST,630.86
2013-05-28,BIX 380 CST,631.44
2013-05-29,BIX 380 CST,636.38
2013-05-30,BIX 380 CST,634.22
2013-05-31,BIX 380 CST,632.18
2013-06-01,BIX 380 CST,632.18
2013-06-02,BIX 380 CST,632.18
2013-06-03,BIX 380 CST,629.63
2013-06-04,BIX 380 CST,630.6
2013-06-05,BIX 380 CST,632.33
2013-06-06,BIX 380 CST,634.93
2013-06-07,BIX 380 CST,634.92
2013-06-08,BIX 380 CST,634.92
2013-06-09,BIX 380 CST,634.92
2013-06-10,BIX 380 CST,637.04
2013-06-11,BIX 380 CST,635.95
2013-06-12,BIX 380 CST,635.65
2013-06-13,BIX 380 CST,638.55
2013-06-14,BIX 380 CST,639.67
2013-06-15,BIX 380 CST,639.67
2013-06-16,BIX 380 CST,639.67
2013-06-17,BIX 380 CST,644.92
2013-06-18,BIX 380 CST,644.74
2013-06-19,BIX 380 CST,644.01
2013-06-20,BIX 380 CST,640.49
2013-06-21,BIX 380 CST,632.5
2013-06-22,BIX 380 CST,632.5
2013-06-23,BIX 380 CST,632.5
2013-06-24,BIX 380 CST,628.18
2013-06-25,BIX 380 CST,628
2013-06-26,BIX 380 CST,626.62
2013-06-27,BIX 380 CST,625.22
2013-06-28,BIX 380 CST,626.61
2013-06-29,BIX 380 CST,626.61
2013-06-30,BIX 380 CST,626.61
2013-07-01,BIX 380 CST,627.36
2013-07-02,BIX 380 CST,629.35
2013-07-03,BIX 380 CST,630
2013-07-04,BIX 380 CST,631.1
2013-07-05,BIX 380 CST,633.8
2013-07-06,BIX 380 CST,633.8
2013-07-07,BIX 380 CST,633.8
2013-07-08,BIX 380 CST,635.56
2013-07-09,BIX 380 CST,635.18
2013-07-10,BIX 380 CST,636.25
2013-07-11,BIX 380 CST,637.67
2013-07-12,BIX 380 CST,638.71
2013-07-13,BIX 380 CST,638.71
2013-07-14,BIX 380 CST,638.71
2013-07-15,BIX 380 CST,638.81
2013-07-16,BIX 380 CST,636.76
2013-07-17,BIX 380 CST,636.23
2013-07-18,BIX 380 CST,639.16
2013-07-19,BIX 380 CST,639.2
2013-07-20,BIX 380 CST,639.2
2013-07-21,BIX 380 CST,639.2
2013-07-22,BIX 380 CST,637.87
2013-07-23,BIX 380 CST,636.68
2013-07-24,BIX 380 CST,637.66
2013-07-25,BIX 380 CST,636.19
2013-07-26,BIX 380 CST,635.26
2013-07-27,BIX 380 CST,635.26
2013-07-28,BIX 380 CST,635.26
2013-07-29,BIX 380 CST,634.66
2013-07-30,BIX 380 CST,635.64
2013-07-31,BIX 380 CST,634.56
2013-08-01,BIX 380 CST,635.29
2013-08-02,BIX 380 CST,638.98
2013-08-03,BIX 380 CST,638.98
2013-08-04,BIX 380 CST,638.98
2013-08-05,BIX 380 CST,638.73
2013-08-06,BIX 380 CST,637.6
2013-08-07,BIX 380 CST,633.69
2013-08-08,BIX 380 CST,631.71
2013-08-09,BIX 380 CST,628.86
2013-08-10,BIX 380 CST,628.86
2013-08-11,BIX 380 CST,628.86
2013-08-12,BIX 380 CST,628.88
2013-08-13,BIX 380 CST,632.54
2013-08-14,BIX 380 CST,633.38
2013-08-15,BIX 380 CST,633.92
2013-08-16,BIX 380 CST,636.21
2013-08-17,BIX 380 CST,636.21
2013-08-18,BIX 380 CST,636.21
2013-08-19,BIX 380 CST,636.78
2013-08-20,BIX 380 CST,636.85
2013-08-21,BIX 380 CST,636.92
2013-08-22,BIX 380 CST,636.75
2013-08-23,BIX 380 CST,636.5
2013-08-24,BIX 380 CST,636.5
2013-08-25,BIX 380 CST,636.5
2013-08-26,BIX 380 CST,637.29
2013-08-27,BIX 380 CST,639.86
2013-08-28,BIX 380 CST,646.79
2013-08-29,BIX 380 CST,648.8
2013-08-30,BIX 380 CST,646.8
2013-08-31,BIX 380 CST,646.8
2013-09-01,BIX 380 CST,646.8
2013-09-02,BIX 380 CST,643.43
2013-09-03,BIX 380 CST,639.96
2013-09-04,BIX 380 CST,641.18
2013-09-05,BIX 380 CST,641.84
2013-09-06,BIX 380 CST,643.93
2013-09-07,BIX 380 CST,643.93
2013-09-08,BIX 380 CST,643.93
2013-09-09,BIX 380 CST,644.43
2013-09-10,BIX 380 CST,640.76
2013-09-11,BIX 380 CST,637.05
2013-09-12,BIX 380 CST,636.43
2013-09-13,BIX 380 CST,637.51
2013-09-14,BIX 380 CST,637.51
2013-09-15,BIX 380 CST,637.51
2013-09-16,BIX 380 CST,632.56
2013-09-17,BIX 380 CST,632.5
2013-09-18,BIX 380 CST,633.17
2013-09-19,BIX 380 CST,635.2
2013-09-20,BIX 380 CST,634.79
2013-09-21,BIX 380 CST,634.79
2013-09-22,BIX 380 CST,634.79
2013-09-23,BIX 380 CST,631.28
2013-09-24,BIX 380 CST,631.62
2013-09-25,BIX 380 CST,632.9
2013-09-26,BIX 380 CST,635.03
2013-09-27,BIX 380 CST,634.63
2013-09-28,BIX 380 CST,634.63
2013-09-29,BIX 380 CST,634.63
2013-09-30,BIX 380 CST,634.55
2013-10-01,BIX 380 CST,633.91
2013-10-02,BIX 380 CST,633.35
2013-10-03,BIX 380 CST,634.84
2013-10-04,BIX 380 CST,635.12
2013-10-05,BIX 380 CST,635.12
2013-10-06,BIX 380 CST,635.12
2013-10-07,BIX 380 CST,632.11
2013-10-08,BIX 380 CST,631.21
2013-10-09,BIX 380 CST,629.63
2013-10-10,BIX 380 CST,630.52
2013-10-11,BIX 380 CST,632.52
2013-10-12,BIX 380 CST,632.52
2013-10-13,BIX 380 CST,632.52
2013-10-14,BIX 380 CST,632.43
2013-10-15,BIX 380 CST,629.59
2013-10-16,BIX 380 CST,630.17
2013-10-17,BIX 380 CST,631.3
2013-10-18,BIX 380 CST,629.72
2013-10-19,BIX 380 CST,629.72
2013-10-20,BIX 380 CST,629.72
2013-10-21,BIX 380 CST,630.18
2013-10-22,BIX 380 CST,630.06
2013-10-23,BIX 380 CST,628
2013-10-24,BIX 380 CST,626.54
2013-10-25,BIX 380 CST,625.44
2013-10-26,BIX 380 CST,625.44
2013-10-27,BIX 380 CST,625.44
2013-10-28,BIX 380 CST,625.08
2013-10-29,BIX 380 CST,628.24
2013-10-30,BIX 380 CST,627.31
2013-10-31,BIX 380 CST,627.78
2013-11-01,BIX 380 CST,627.2
2013-11-02,BIX 380 CST,627.2
2013-11-03,BIX 380 CST,627.2
2013-11-04,BIX 380 CST,623.31
2013-11-05,BIX 380 CST,621.21
2013-11-06,BIX 380 CST,620.06
2013-11-07,BIX 380 CST,618.09
2013-11-08,BIX 380 CST,615.63
2013-11-09,BIX 380 CST,615.63
2013-11-10,BIX 380 CST,615.63
2013-11-11,BIX 380 CST,616.69
2013-11-12,BIX 380 CST,616.68
2013-11-13,BIX 380 CST,617.24
2013-11-14,BIX 380 CST,617.19
2013-11-15,BIX 380 CST,618.39
2013-11-16,BIX 380 CST,618.39
2013-11-17,BIX 380 CST,618.39
2013-11-18,BIX 380 CST,619.14
2013-11-19,BIX 380 CST,620.26
2013-11-20,BIX 380 CST,618.5
2013-11-21,BIX 380 CST,618.87
2013-11-22,BIX 380 CST,622.54
2013-11-23,BIX 380 CST,622.54
2013-11-24,BIX 380 CST,622.54
2013-11-25,BIX 380 CST,621.91
2013-11-26,BIX 380 CST,622.87
2013-11-27,BIX 380 CST,623.74
2013-11-28,BIX 380 CST,624.56
2013-11-29,BIX 380 CST,623.42
2013-11-30,BIX 380 CST,623.42
2013-12-01,BIX 380 CST,623.42
2013-12-02,BIX 380 CST,623.56
2013-12-03,BIX 380 CST,626.92
2013-12-04,BIX 380 CST,627.93
2013-12-05,BIX 380 CST,628.06
2013-12-06,BIX 380 CST,626.34
2013-12-07,BIX 380 CST,626.34
2013-12-08,BIX 380 CST,626.34
2013-12-09,BIX 380 CST,626.15
2013-12-10,BIX 380 CST,624.63
2013-12-11,BIX 380 CST,625.63
2013-12-12,BIX 380 CST,626.72
2013-12-13,BIX 380 CST,626.89
2013-12-14,BIX 380 CST,626.89
2013-12-15,BIX 380 CST,626.89
2013-12-16,BIX 380 CST,626.12
2013-12-17,BIX 380 CST,626.36
2013-12-18,BIX 380 CST,626.31
2013-12-19,BIX 380 CST,628.51
2013-12-20,BIX 380 CST,630.11
2013-12-21,BIX 380 CST,630.11
2013-12-22,BIX 380 CST,630.11
2013-12-23,BIX 380 CST,631.05
2013-12-24,BIX 380 CST,632.86
2013-12-25,BIX 380 CST,632.86
2013-12-26,BIX 380 CST,632.86
2013-12-27,BIX 380 CST,634.06
2013-12-28,BIX 380 CST,634.06
2013-12-29,BIX 380 CST,634.06
2013-12-30,BIX 380 CST,636.46
2013-12-31,BIX 380 CST,635.05
2014-01-01,BIX 380 CST,635.05
2014-01-02,BIX 380 CST,634.56
2014-01-03,BIX 380 CST,631.96
2014-01-04,BIX 380 CST,631.96
2014-01-05,BIX 380 CST,631.96
2014-01-06,BIX 380 CST,630.35
2014-01-07,BIX 380 CST,628.79
2014-01-08,BIX 380 CST,629.04
2014-01-09,BIX 380 CST,627.85
2014-01-10,BIX 380 CST,624.41
2014-01-11,BIX 380 CST,624.41
2014-01-12,BIX 380 CST,624.41
2014-01-13,BIX 380 CST,623.51
2014-01-14,BIX 380 CST,623.74
2014-01-15,BIX 380 CST,623.49
2014-01-16,BIX 380 CST,624.28
2014-01-17,BIX 380 CST,623.07
2014-01-18,BIX 380 CST,623.07
2014-01-19,BIX 380 CST,623.07
2014-01-20,BIX 380 CST,623.16
2014-01-21,BIX 380 CST,623.93
2014-01-22,BIX 380 CST,623.49
2014-01-23,BIX 380 CST,624.09
2014-01-24,BIX 380 CST,624.45
2014-01-25,BIX 380 CST,624.45
2014-01-26,BIX 380 CST,624.45
2014-01-27,BIX 380 CST,623.11
2014-01-28,BIX 380 CST,624.72
2014-01-29,BIX 380 CST,626.68
2014-01-30,BIX 380 CST,627.9
2014-01-31,BIX 380 CST,628.72
2014-02-01,BIX 380 CST,628.72
2014-02-02,BIX 380 CST,628.72
2014-02-03,BIX 380 CST,628.04
2014-02-04,BIX 380 CST,627.23
2014-02-05,BIX 380 CST,626.17
2014-02-06,BIX 380 CST,626.92
2014-02-07,BIX 380 CST,627.78
2014-02-08,BIX 380 CST,627.78
2014-02-09,BIX 380 CST,627.78
2014-02-10,BIX 380 CST,630.75
2014-02-11,BIX 380 CST,629.94
2014-02-12,BIX 380 CST,628.93
2014-02-13,BIX 380 CST,628.56
2014-02-14,BIX 380 CST,628.88
2014-02-15,BIX 380 CST,628.88
2014-02-16,BIX 380 CST,628.88
2014-02-17,BIX 380 CST,629.42
2014-02-18,BIX 380 CST,630.29
2014-02-19,BIX 380 CST,632.02
2014-02-20,BIX 380 CST,634.42
2014-02-21,BIX 380 CST,635.17
2014-02-22,BIX 380 CST,635.17
2014-02-23,BIX 380 CST,635.17
2014-02-24,BIX 380 CST,635.88
2014-02-25,BIX 380 CST,635.7
2014-02-26,BIX 380 CST,635.11
2014-02-27,BIX 380 CST,634.5
2014-02-28,BIX 380 CST,633.44
2014-03-01,BIX 380 CST,633.44
2014-03-02,BIX 380 CST,633.44
2014-03-03,BIX 380 CST,636.56
2014-03-04,BIX 380 CST,636.81
2014-03-05,BIX 380 CST,633.32
2014-03-06,BIX 380 CST,632.6
2014-03-07,BIX 380 CST,631.87
2014-03-08,BIX 380 CST,631.87
2014-03-09,BIX 380 CST,631.87
2014-03-10,BIX 380 CST,631.41
2014-03-11,BIX 380 CST,629.77
2014-03-12,BIX 380 CST,631.07
2014-03-13,BIX 380 CST,629.46
2014-03-14,BIX 380 CST,628.72
2014-03-15,BIX 380 CST,628.72
2014-03-16,BIX 380 CST,628.72
2014-03-17,BIX 380 CST,630.26
2014-03-18,BIX 380 CST,628.13
2014-03-19,BIX 380 CST,627.47
2014-03-20,BIX 380 CST,627.83
2014-03-21,BIX 380 CST,627.96
2014-03-22,BIX 380 CST,627.96
2014-03-23,BIX 380 CST,627.96
2014-03-24,BIX 380 CST,627.77
2014-03-25,BIX 380 CST,626.27
2014-03-26,BIX 380 CST,625.01
2014-03-27,BIX 380 CST,625.76
2014-03-28,BIX 380 CST,626.22
2014-03-29,BIX 380 CST,626.22
2014-03-30,BIX 380 CST,626.22
2014-03-31,BIX 380 CST,627.63
2014-04-01,BIX 380 CST,625.71
2014-04-02,BIX 380 CST,627.28
2014-04-03,BIX 380 CST,622.81
2014-04-04,BIX 380 CST,624.16
2014-04-05,BIX 380 CST,624.16
2014-04-06,BIX 380 CST,624.16
2014-04-07,BIX 380 CST,624.44
2014-04-08,BIX 380 CST,621.51
2014-04-09,BIX 380 CST,621.88
2014-04-10,BIX 380 CST,624.54
2014-04-11,BIX 380 CST,624.83
2014-04-12,BIX 380 CST,624.83
2014-04-13,BIX 380 CST,624.83
2014-04-14,BIX 380 CST,624.53
2014-04-15,BIX 380 CST,625.23
2014-04-16,BIX 380 CST,625.63
2014-04-17,BIX 380 CST,625.25
2014-04-18,BIX 380 CST,625.25
2014-04-19,BIX 380 CST,625.25
2014-04-20,BIX 380 CST,625.25
2014-04-21,BIX 380 CST,625.25
2014-04-22,BIX 380 CST,624.83
2014-04-23,BIX 380 CST,625.21
2014-04-24,BIX 380 CST,624.75
2014-04-25,BIX 380 CST,623.32
2014-04-26,BIX 380 CST,623.32
2014-04-27,BIX 380 CST,623.32
2014-04-28,BIX 380 CST,624.76
2014-04-29,BIX 380 CST,623.79
2014-04-30,BIX 380 CST,623.16
2014-05-01,BIX 380 CST,623.16
2014-05-02,BIX 380 CST,620.83
2014-05-03,BIX 380 CST,620.83
2014-05-04,BIX 380 CST,620.83
2014-05-05,BIX 380 CST,620.34
2014-05-06,BIX 380 CST,619.78
2014-05-07,BIX 380 CST,619.83
2014-05-08,BIX 380 CST,620.49
2014-05-09,BIX 380 CST,620.62
2014-05-10,BIX 380 CST,620.62
2014-05-11,BIX 380 CST,620.62
2014-05-12,BIX 380 CST,620.95
2014-05-13,BIX 380 CST,621.16
2014-05-14,BIX 380 CST,622.78
2014-05-15,BIX 380 CST,623.48
2014-05-16,BIX 380 CST,623.29
2014-05-17,BIX 380 CST,623.29
2014-05-18,BIX 380 CST,623.29
2014-05-19,BIX 380 CST,625.21
2014-05-20,BIX 380 CST,625.27
2014-05-21,BIX 380 CST,625.86
2014-05-22,BIX 380 CST,625.96
2014-05-23,BIX 380 CST,627.15
2014-05-24,BIX 380 CST,627.15
2014-05-25,BIX 380 CST,627.15
2014-05-26,BIX 380 CST,627.15
2014-05-27,BIX 380 CST,626.45
2014-05-28,BIX 380 CST,625.62
2014-05-29,BIX 380 CST,625.86
2014-05-30,BIX 380 CST,626.37
2014-05-31,BIX 380 CST,626.37
2014-06-01,BIX 380 CST,626.37
2014-06-02,BIX 380 CST,625.49
2014-06-03,BIX 380 CST,625.39
2014-06-04,BIX 380 CST,626.18
2014-06-05,BIX 380 CST,625.01
2014-06-06,BIX 380 CST,624.73
2014-06-07,BIX 380 CST,624.73
2014-06-08,BIX 380 CST,624.73
2014-06-09,BIX 380 CST,624.47
2014-06-10,BIX 380 CST,625.85
2014-06-11,BIX 380 CST,624.81
2014-06-12,BIX 380 CST,628.38
2014-06-13,BIX 380 CST,632.11
2014-06-14,BIX 380 CST,632.11
2014-06-15,BIX 380 CST,632.11
2014-06-16,BIX 380 CST,632.28
2014-06-17,BIX 380 CST,633.06
2014-06-18,BIX 380 CST,635.35
2014-06-19,BIX 380 CST,636.37
2014-06-20,BIX 380 CST,637.96
2014-06-21,BIX 380 CST,637.96
2014-06-22,BIX 380 CST,637.96
2014-06-23,BIX 380 CST,638.75
2014-06-24,BIX 380 CST,638.19
2014-06-25,BIX 380 CST,638.26
2014-06-26,BIX 380 CST,638.33
2014-06-27,BIX 380 CST,636.73
2014-06-28,BIX 380 CST,636.73
2014-06-29,BIX 380 CST,636.73
2014-06-30,BIX 380 CST,636.22
2014-07-01,BIX 380 CST,635.89
2014-07-02,BIX 380 CST,635.3
2014-07-03,BIX 380 CST,632.51
2014-07-04,BIX 380 CST,630.39
2014-07-05,BIX 380 CST,630.39
2014-07-06,BIX 380 CST,630.39
2014-07-07,BIX 380 CST,631.58
2014-07-08,BIX 380 CST,630.22
2014-07-09,BIX 380 CST,626.95
2014-07-10,BIX 380 CST,624.02
2014-07-11,BIX 380 CST,623.97
2014-07-12,BIX 380 CST,623.97
2014-07-13,BIX 380 CST,623.97
2014-07-14,BIX 380 CST,622.71
2014-07-15,BIX 380 CST,622.44
2014-07-16,BIX 380 CST,621.88
2014-07-17,BIX 380 CST,623.02
2014-07-18,BIX 380 CST,623.75
2014-07-19,BIX 380 CST,623.75
2014-07-20,BIX 380 CST,623.75
2014-07-21,BIX 380 CST,623.96
2014-07-22,BIX 380 CST,623.19
2014-07-23,BIX 380 CST,622.61
2014-07-24,BIX 380 CST,624.3
2014-07-25,BIX 380 CST,624.06
2014-07-26,BIX 380 CST,624.06
2014-07-27,BIX 380 CST,624.06
2014-07-28,BIX 380 CST,624.61
2014-07-29,BIX 380 CST,623.39
2014-07-30,BIX 380 CST,624.4
2014-07-31,BIX 380 CST,623.91
2014-08-01,BIX 380 CST,622.99
2014-08-02,BIX 380 CST,622.99
2014-08-03,BIX 380 CST,622.99
2014-08-04,BIX 380 CST,621.56
2014-08-05,BIX 380 CST,621.8
2014-08-06,BIX 380 CST,618.87
2014-08-07,BIX 380 CST,618.52
2014-08-08,BIX 380 CST,619.26
2014-08-09,BIX 380 CST,619.26
2014-08-10,BIX 380 CST,619.26
2014-08-11,BIX 380 CST,620.43
2014-08-12,BIX 380 CST,620.84
2014-08-13,BIX 380 CST,618.27
2014-08-14,BIX 380 CST,617.47
2014-08-15,BIX 380 CST,616.54
2014-08-16,BIX 380 CST,616.54
2014-08-17,BIX 380 CST,616.54
2014-08-18,BIX 380 CST,615.56
2014-08-19,BIX 380 CST,611.81
2014-08-20,BIX 380 CST,611.57
2014-08-21,BIX 380 CST,612.07
2014-08-22,BIX 380 CST,612.21
2014-08-23,BIX 380 CST,612.21
2014-08-24,BIX 380 CST,612.21
2014-08-25,BIX 380 CST,610.2
2014-08-26,BIX 380 CST,609.35
2014-08-27,BIX 380 CST,610.09
2014-08-28,BIX 380 CST,612.51
2014-08-29,BIX 380 CST,612.55
2014-08-30,BIX 380 CST,612.55
2014-08-31,BIX 380 CST,612.55
2014-09-01,BIX 380 CST,612.1
2014-09-02,BIX 380 CST,610.88
2014-09-03,BIX 380 CST,607.68
2014-09-04,BIX 380 CST,610.64
2014-09-05,BIX 380 CST,610.15
2014-09-06,BIX 380 CST,610.15
2014-09-07,BIX 380 CST,610.15
2014-09-08,BIX 380 CST,608.1
2014-09-09,BIX 380 CST,606.5
2014-09-10,BIX 380 CST,605.4
2014-09-11,BIX 380 CST,602.17
2014-09-12,BIX 380 CST,601.12
2014-09-13,BIX 380 CST,601.12
2014-09-14,BIX 380 CST,601.12
2014-09-15,BIX 380 CST,598.57
2014-09-16,BIX 380 CST,596.8
2014-09-17,BIX 380 CST,595.92
2014-09-18,BIX 380 CST,596.89
2014-09-19,BIX 380 CST,595.34
2014-09-20,BIX 380 CST,595.34
2014-09-21,BIX 380 CST,595.34
2014-09-22,BIX 380 CST,593.56
2014-09-23,BIX 380 CST,593.49
2014-09-24,BIX 380 CST,592.1
2014-09-25,BIX 380 CST,591.63
2014-09-26,BIX 380 CST,592.16
2014-09-27,BIX 380 CST,592.16
2014-09-28,BIX 380 CST,592.16
2014-09-29,BIX 380 CST,591.46
2014-09-30,BIX 380 CST,591.52
2014-10-01,BIX 380 CST,590.13
2014-10-02,BIX 380 CST,589.67
2014-10-03,BIX 380 CST,585.41
2014-10-04,BIX 380 CST,585.41
2014-10-05,BIX 380 CST,585.41
2014-10-06,BIX 380 CST,578.76
2014-10-07,BIX 380 CST,576.76
2014-10-08,BIX 380 CST,571.48
2014-10-09,BIX 380 CST,566
2014-10-10,BIX 380 CST,559.35
2014-10-11,BIX 380 CST,559.35
2014-10-12,BIX 380 CST,559.35
2014-10-13,BIX 380 CST,555.58
2014-10-14,BIX 380 CST,548.79
2014-10-15,BIX 380 CST,541.38
2014-10-16,BIX 380 CST,527.4
2014-10-17,BIX 380 CST,527.34
2014-10-18,BIX 380 CST,527.34
2014-10-19,BIX 380 CST,527.34
2014-10-20,BIX 380 CST,527.61
2014-10-21,BIX 380 CST,524.22
2014-10-22,BIX 380 CST,523.97
2014-10-23,BIX 380 CST,524.54
2014-10-24,BIX 380 CST,520.55
2014-10-25,BIX 380 CST,520.55
2014-10-26,BIX 380 CST,520.55
2014-10-27,BIX 380 CST,517.49
2014-10-28,BIX 380 CST,515.78
2014-10-29,BIX 380 CST,517.44
2014-10-30,BIX 380 CST,519.65
2014-10-31,BIX 380 CST,516.75
2014-11-01,BIX 380 CST,516.75
2014-11-02,BIX 380 CST,516.75
2014-11-03,BIX 380 CST,514.32
2014-11-04,BIX 380 CST,511.31
2014-11-05,BIX 380 CST,504.3
2014-11-06,BIX 380 CST,505.73
2014-11-07,BIX 380 CST,501.36
2014-11-08,BIX 380 CST,501.36
2014-11-09,BIX 380 CST,501.36
2014-11-10,BIX 380 CST,505.78
2014-11-11,BIX 380 CST,505.45
2014-11-12,BIX 380 CST,498.51
2014-11-13,BIX 380 CST,497.04
2014-11-14,BIX 380 CST,490.29
2014-11-15,BIX 380 CST,490.29
2014-11-16,BIX 380 CST,490.29
2014-11-17,BIX 380 CST,486.15
2014-11-18,BIX 380 CST,483.44
2014-11-19,BIX 380 CST,481.11
2014-11-20,BIX 380 CST,475.1
2014-11-21,BIX 380 CST,477
2014-11-22,BIX 380 CST,477
2014-11-23,BIX 380 CST,477
2014-11-24,BIX 380 CST,480.56
2014-11-25,BIX 380 CST,477.3
2014-11-26,BIX 380 CST,474.28
2014-11-27,BIX 380 CST,471.68
2014-11-28,BIX 380 CST,458.72
2014-11-29,BIX 380 CST,458.72
2014-11-30,BIX 380 CST,458.72
2014-12-01,BIX 380 CST,457.03
2014-12-02,BIX 380 CST,450.52
2014-12-03,BIX 380 CST,447.02
2014-12-04,BIX 380 CST,442.91
2014-12-05,BIX 380 CST,435.52
2014-12-06,BIX 380 CST,435.52
2014-12-07,BIX 380 CST,435.52
2014-12-08,BIX 380 CST,431.49
2014-12-09,BIX 380 CST,421.47
2014-12-10,BIX 380 CST,418.68
2014-12-11,BIX 380 CST,407.75
2014-12-12,BIX 380 CST,398.91
2014-12-13,BIX 380 CST,398.91
2014-12-14,BIX 380 CST,398.91
2014-12-15,BIX 380 CST,391.13
2014-12-16,BIX 380 CST,383.08
2014-12-17,BIX 380 CST,377.88
2014-12-18,BIX 380 CST,372.94
2014-12-19,BIX 380 CST,368.69
2014-12-20,BIX 380 CST,368.69
2014-12-21,BIX 380 CST,368.69
2014-12-22,BIX 380 CST,369.63
2014-12-23,BIX 380 CST,368.14
2014-12-24,BIX 380 CST,368.21
2014-12-25,BIX 380 CST,368.21
2014-12-26,BIX 380 CST,368.21
2014-12-27,BIX 380 CST,368.21
2014-12-28,BIX 380 CST,368.21
2014-12-29,BIX 380 CST,368.09
2014-12-30,BIX 380 CST,365.01
2014-12-31,BIX 380 CST,362.76
2015-01-01,BIX 380 CST,362.76
2015-01-02,BIX 380 CST,357.17
2015-01-03,BIX 380 CST,357.17
2015-01-04,BIX 380 CST,357.17
2015-01-05,BIX 380 CST,352.26
2015-01-06,BIX 380 CST,342.43
2015-01-07,BIX 380 CST,334.93
2015-01-08,BIX 380 CST,331.73
2015-01-09,BIX 380 CST,329.34
2015-01-10,BIX 380 CST,329.34
2015-01-11,BIX 380 CST,329.34
2015-01-12,BIX 380 CST,325.83
2015-01-13,BIX 380 CST,319.91
2015-01-14,BIX 380 CST,318.18
2015-01-15,BIX 380 CST,315.81
2015-01-16,BIX 380 CST,313.1
2015-01-17,BIX 380 CST,313.1
2015-01-18,BIX 380 CST,313.1
2015-01-19,BIX 380 CST,309.65
2015-01-20,BIX 380 CST,308.96
2015-01-21,BIX 380 CST,307.77
2015-01-22,BIX 380 CST,308.42
2015-01-23,BIX 380 CST,308.16
2015-01-24,BIX 380 CST,308.16
2015-01-25,BIX 380 CST,308.16
2015-01-26,BIX 380 CST,308.04
2015-01-27,BIX 380 CST,306.13
2015-01-28,BIX 380 CST,304.77
2015-01-29,BIX 380 CST,305.73
2015-01-30,BIX 380 CST,306.42
2015-01-31,BIX 380 CST,306.42
2015-02-01,BIX 380 CST,306.42
2015-02-02,BIX 380 CST,312.44
2015-02-03,BIX 380 CST,324.22
2015-02-04,BIX 380 CST,325.92
2015-02-05,BIX 380 CST,339.18
2015-02-06,BIX 380 CST,347.8
2015-02-07,BIX 380 CST,347.8
2015-02-08,BIX 380 CST,347.8
2015-02-09,BIX 380 CST,353.9
2015-02-10,BIX 380 CST,356.79
2015-02-11,BIX 380 CST,354.84
2015-02-12,BIX 380 CST,351.51
2015-02-13,BIX 380 CST,364.94
2015-02-14,BIX 380 CST,364.94
2015-02-15,BIX 380 CST,364.94
2015-02-16,BIX 380 CST,370.04
2015-02-17,BIX 380 CST,374.16
2015-02-18,BIX 380 CST,378.74
2015-02-19,BIX 380 CST,377.2
2015-02-20,BIX 380 CST,377.26
2015-02-21,BIX 380 CST,377.26
2015-02-22,BIX 380 CST,377.26
2015-02-23,BIX 380 CST,376.27
2015-02-24,BIX 380 CST,373.15
2015-02-25,BIX 380 CST,371.86
2015-02-26,BIX 380 CST,375.61
2015-02-27,BIX 380 CST,377.12
2015-02-28,BIX 380 CST,377.12
2015-03-01,BIX 380 CST,377.12
2015-03-02,BIX 380 CST,379.54
2015-03-03,BIX 380 CST,375.86
2015-03-04,BIX 380 CST,376.39
2015-03-05,BIX 380 CST,372.82
2015-03-06,BIX 380 CST,373.18
2015-03-07,BIX 380 CST,373.18
2015-03-08,BIX 380 CST,373.18
2015-03-09,BIX 380 CST,369.66
2015-03-10,BIX 380 CST,366.7
2015-03-11,BIX 380 CST,361.69
2015-03-12,BIX 380 CST,362.62
2015-03-13,BIX 380 CST,362.51
2015-03-14,BIX 380 CST,362.51
2015-03-15,BIX 380 CST,362.51
2015-03-16,BIX 380 CST,355.89
2015-03-17,BIX 380 CST,351.13
2015-03-18,BIX 380 CST,348.58
2015-03-19,BIX 380 CST,351.4
2015-03-20,BIX 380 CST,350.5
2015-03-21,BIX 380 CST,350.5
2015-03-22,BIX 380 CST,350.5
2015-03-23,BIX 380 CST,352.4
2015-03-24,BIX 380 CST,357.44
2015-03-25,BIX 380 CST,356.21
2015-03-26,BIX 380 CST,365.79
2015-03-27,BIX 380 CST,361.6
2015-03-28,BIX 380 CST,361.6
2015-03-29,BIX 380 CST,361.6
2015-03-30,BIX 380 CST,357.28
2015-03-31,BIX 380 CST,354.59
2015-04-01,BIX 380 CST,350.12
2015-04-02,BIX 380 CST,354.47
2015-04-03,BIX 380 CST,354.47
2015-04-04,BIX 380 CST,354.47
2015-04-05,BIX 380 CST,354.47
2015-04-06,BIX 380 CST,354.84
2015-04-07,BIX 380 CST,357.26
2015-04-08,BIX 380 CST,359.24
2015-04-09,BIX 380 CST,355.73
2015-04-10,BIX 380 CST,356.83
2015-04-11,BIX 380 CST,356.83
2015-04-12,BIX 380 CST,356.83
2015-04-13,BIX 380 CST,362.61
2015-04-14,BIX 380 CST,362.59
2015-04-15,BIX 380 CST,364.56
2015-04-16,BIX 380 CST,371.26
2015-04-17,BIX 380 CST,374.69
2015-04-18,BIX 380 CST,374.69
2015-04-19,BIX 380 CST,374.69
2015-04-20,BIX 380 CST,376.72
2015-04-21,BIX 380 CST,376.93
2015-04-22,BIX 380 CST,374.36
2015-04-23,BIX 380 CST,373.45
2015-04-24,BIX 380 CST,381.3
2015-04-25,BIX 380 CST,381.3
2015-04-26,BIX 380 CST,381.3
2015-04-27,BIX 380 CST,382.57
2015-04-28,BIX 380 CST,382.78
2015-04-29,BIX 380 CST,383.95
2015-04-30,BIX 380 CST,387.42
2015-05-01,BIX 380 CST,388.41
2015-05-02,BIX 380 CST,388.41
2015-05-03,BIX 380 CST,388.41
2015-05-04,BIX 380 CST,391.75
2015-05-05,BIX 380 CST,393.97
2015-05-06,BIX 380 CST,402.87
2015-05-07,BIX 380 CST,403.75
2015-05-08,BIX 380 CST,400.57
2015-05-09,BIX 380 CST,400.57
2015-05-10,BIX 380 CST,400.57
2015-05-11,BIX 380 CST,398.85
2015-05-12,BIX 380 CST,399.05
2015-05-13,BIX 380 CST,403.58
2015-05-14,BIX 380 CST,402.62
2015-05-15,BIX 380 CST,402.55
2015-05-16,BIX 380 CST,402.55
2015-05-17,BIX 380 CST,402.55
2015-05-18,BIX 380 CST,399.98
2015-05-19,BIX 380 CST,400.9
2015-05-20,BIX 380 CST,398.46
2015-05-21,BIX 380 CST,398.3
2015-05-22,BIX 380 CST,402.54
2015-05-23,BIX 380 CST,402.54
2015-05-24,BIX 380 CST,402.54
2015-05-25,BIX 380 CST,400.7
2015-05-26,BIX 380 CST,399.5
2015-05-27,BIX 380 CST,398.21
2015-05-28,BIX 380 CST,396.06
2015-05-29,BIX 380 CST,396.11
2015-05-30,BIX 380 CST,396.11
2015-05-31,BIX 380 CST,396.11
2015-06-01,BIX 380 CST,400.47
2015-06-02,BIX 380 CST,399.48
2015-06-03,BIX 380 CST,402.47
2015-06-04,BIX 380 CST,398.01
2015-06-05,BIX 380 CST,392.19
2015-06-06,BIX 380 CST,392.19
2015-06-07,BIX 380 CST,392.19
2015-06-08,BIX 380 CST,391.59
2015-06-09,BIX 380 CST,391.79
2015-06-10,BIX 380 CST,395.68
2015-06-11,BIX 380 CST,397.08
2015-06-12,BIX 380 CST,394.35
2015-06-13,BIX 380 CST,394.35
2015-06-14,BIX 380 CST,394.35
2015-06-15,BIX 380 CST,394.5
2015-06-16,BIX 380 CST,391.39
2015-06-17,BIX 380 CST,392.22
2015-06-18,BIX 380 CST,393.02
2015-06-19,BIX 380 CST,393.41
2015-06-20,BIX 380 CST,393.41
2015-06-21,BIX 380 CST,393.41
2015-06-22,BIX 380 CST,390.66
2015-06-23,BIX 380 CST,390.59
2015-06-24,BIX 380 CST,391.45
2015-06-25,BIX 380 CST,389.32
2015-06-26,BIX 380 CST,385.29
2015-06-27,BIX 380 CST,385.29
2015-06-28,BIX 380 CST,385.29
2015-06-29,BIX 380 CST,383.99
2015-06-30,BIX 380 CST,383.03
2015-07-01,BIX 380 CST,383.98
2015-07-02,BIX 380 CST,382.2
2015-07-03,BIX 380 CST,380.94
2015-07-04,BIX 380 CST,380.94
2015-07-05,BIX 380 CST,380.94
2015-07-06,BIX 380 CST,371.95
2015-07-07,BIX 380 CST,362.88
2015-07-08,BIX 380 CST,359.44
2015-07-09,BIX 380 CST,360.8
2015-07-10,BIX 380 CST,361.53
2015-07-11,BIX 380 CST,361.53
2015-07-12,BIX 380 CST,361.53
2015-07-13,BIX 380 CST,359.73
2015-07-14,BIX 380 CST,359.25
2015-07-15,BIX 380 CST,358.63
2015-07-16,BIX 380 CST,356.91
2015-07-17,BIX 380 CST,354.33
2015-07-18,BIX 380 CST,354.33
2015-07-19,BIX 380 CST,354.33
2015-07-20,BIX 380 CST,351.69
2015-07-21,BIX 380 CST,351.3
2015-07-22,BIX 380 CST,348.32
2015-07-23,BIX 380 CST,345.82
2015-07-24,BIX 380 CST,339.85
2015-07-25,BIX 380 CST,339.85
2015-07-26,BIX 380 CST,339.85
2015-07-27,BIX 380 CST,335.4
2015-07-28,BIX 380 CST,331.92
2015-07-29,BIX 380 CST,330.71
2015-07-30,BIX 380 CST,330.56
2015-07-31,BIX 380 CST,329.43
2015-08-01,BIX 380 CST,329.43
2015-08-02,BIX 380 CST,329.43
2015-08-03,BIX 380 CST,323.26
2015-08-04,BIX 380 CST,317.91
2015-08-05,BIX 380 CST,317.23
2015-08-06,BIX 380 CST,314.18
2015-08-07,BIX 380 CST,311.29
2015-08-08,BIX 380 CST,311.29
2015-08-09,BIX 380 CST,311.29
2015-08-10,BIX 380 CST,315.61
2015-08-11,BIX 380 CST,316.63
2015-08-12,BIX 380 CST,315.81
2015-08-13,BIX 380 CST,313.65
2015-08-14,BIX 380 CST,311.09
2015-08-15,BIX 380 CST,311.09
2015-08-16,BIX 380 CST,311.09
2015-08-17,BIX 380 CST,307.41
2015-08-18,BIX 380 CST,305.75
2015-08-19,BIX 380 CST,303.36
2015-08-20,BIX 380 CST,299.15
2015-08-21,BIX 380 CST,286.69
2015-08-22,BIX 380 CST,286.69
2015-08-23,BIX 380 CST,286.69
2015-08-24,BIX 380 CST,277.08
2015-08-25,BIX 380 CST,270.08
2015-08-26,BIX 380 CST,269.27
2015-08-27,BIX 380 CST,268.5
2015-08-28,BIX 380 CST,280.27
2015-08-29,BIX 380 CST,280.27
2015-08-30,BIX 380 CST,280.27
2015-08-31,BIX 380 CST,286.4
2015-09-01,BIX 380 CST,297.11
2015-09-02,BIX 380 CST,293.26
2015-09-03,BIX 380 CST,296.19
2015-09-04,BIX 380 CST,295.96
2015-09-05,BIX 380 CST,295.96
2015-09-06,BIX 380 CST,295.96
2015-09-07,BIX 380 CST,293.71
2015-09-08,BIX 380 CST,287.7
2015-09-09,BIX 380 CST,287.12
2015-09-10,BIX 380 CST,283.26
2015-09-11,BIX 380 CST,281.95
2015-09-12,BIX 380 CST,281.95
2015-09-13,BIX 380 CST,281.95
2015-09-14,BIX 380 CST,284.16
2015-09-15,BIX 380 CST,280.97
2015-09-16,BIX 380 CST,282.7
2015-09-17,BIX 380 CST,286.39
2015-09-18,BIX 380 CST,286.2
2015-09-19,BIX 380 CST,286.2
2015-09-20,BIX 380 CST,286.2
2015-09-21,BIX 380 CST,281.33
2015-09-22,BIX 380 CST,280.5
2015-09-23,BIX 380 CST,281.91
2015-09-24,BIX 380 CST,281.96
2015-09-25,BIX 380 CST,281.25
2015-09-26,BIX 380 CST,281.25
2015-09-27,BIX 380 CST,281.25
2015-09-28,BIX 380 CST,285.93
2015-09-29,BIX 380 CST,281.58
2015-09-30,BIX 380 CST,282.21
2015-10-01,BIX 380 CST,282.83
2015-10-02,BIX 380 CST,283.14
2015-10-03,BIX 380 CST,283.14
2015-10-04,BIX 380 CST,283.14
2015-10-05,BIX 380 CST,284.02
2015-10-06,BIX 380 CST,286.8
2015-10-07,BIX 380 CST,293.39
2015-10-08,BIX 380 CST,293.84
2015-10-09,BIX 380 CST,295.4
2015-10-10,BIX 380 CST,295.4
2015-10-11,BIX 380 CST,295.4
2015-10-12,BIX 380 CST,295.92
2015-10-13,BIX 380 CST,293.57
2015-10-14,BIX 380 CST,288.73
2015-10-15,BIX 380 CST,285.8
2015-10-16,BIX 380 CST,286.81
2015-10-17,BIX 380 CST,286.81
2015-10-18,BIX 380 CST,286.81
2015-10-19,BIX 380 CST,286.91
2015-10-20,BIX 380 CST,283.64
2015-10-21,BIX 380 CST,282.54
2015-10-22,BIX 380 CST,276.65
2015-10-23,BIX 380 CST,277.18
2015-10-24,BIX 380 CST,277.18
2015-10-25,BIX 380 CST,277.18
2015-10-26,BIX 380 CST,276.62
2015-10-27,BIX 380 CST,276.11
2015-10-28,BIX 380 CST,275.68
2015-10-29,BIX 380 CST,278.73
2015-10-30,BIX 380 CST,278.57
2015-10-31,BIX 380 CST,278.57
2015-11-01,BIX 380 CST,278.57
2015-11-02,BIX 380 CST,279.94
2015-11-03,BIX 380 CST,278.89
2015-11-04,BIX 380 CST,283.84
2015-11-05,BIX 380 CST,280.06
2015-11-06,BIX 380 CST,281.85
2015-11-07,BIX 380 CST,281.85
2015-11-08,BIX 380 CST,281.85
2015-11-09,BIX 380 CST,279.7
2015-11-10,BIX 380 CST,278.36
2015-11-11,BIX 380 CST,276.7
2015-11-12,BIX 380 CST,271.35
2015-11-13,BIX 380 CST,267.52
2015-11-14,BIX 380 CST,267.52
2015-11-15,BIX 380 CST,267.52
2015-11-16,BIX 380 CST,265.63
2015-11-17,BIX 380 CST,264.09
2015-11-18,BIX 380 CST,263.86
2015-11-19,BIX 380 CST,261.69
2015-11-20,BIX 380 CST,261.7
2015-11-21,BIX 380 CST,261.7
2015-11-22,BIX 380 CST,261.7
2015-11-23,BIX 380 CST,260.62
2015-11-24,BIX 380 CST,263.03
2015-11-25,BIX 380 CST,263.45
2015-11-26,BIX 380 CST,262.56
2015-11-27,BIX 380 CST,260.35
2015-11-28,BIX 380 CST,260.35
2015-11-29,BIX 380 CST,260.35
2015-11-30,BIX 380 CST,259.72
2015-12-01,BIX 380 CST,256.36
2015-12-02,BIX 380 CST,253.8
2015-12-03,BIX 380 CST,250.44
2015-12-04,BIX 380 CST,249.35
2015-12-05,BIX 380 CST,249.35
2015-12-06,BIX 380 CST,249.35
2015-12-07,BIX 380 CST,246.28
2015-12-08,BIX 380 CST,240.58
2015-12-09,BIX 380 CST,237.14
2015-12-10,BIX 380 CST,234.89
2015-12-11,BIX 380 CST,233.55
2015-12-12,BIX 380 CST,233.55
2015-12-13,BIX 380 CST,233.55
2015-12-14,BIX 380 CST,228.07
2015-12-15,BIX 380 CST,225.26
2015-12-16,BIX 380 CST,225.09
2015-12-17,BIX 380 CST,222.02
2015-12-18,BIX 380 CST,220.01
2015-12-19,BIX 380 CST,220.01
2015-12-20,BIX 380 CST,220.01
2015-12-21,BIX 380 CST,218.68
2015-12-22,BIX 380 CST,216.3
2015-12-23,BIX 380 CST,214.41
2015-12-24,BIX 380 CST,214.08
2015-12-25,BIX 380 CST,214.08
2015-12-26,BIX 380 CST,214.08
2015-12-27,BIX 380 CST,214.08
2015-12-28,BIX 380 CST,214.38
2015-12-29,BIX 380 CST,213.54
2015-12-30,BIX 380 CST,215.66
2015-12-31,BIX 380 CST,214.62
2016-01-01,BIX 380 CST,214.62
2016-01-02,BIX 380 CST,214.62
2016-01-03,BIX 380 CST,214.62
2016-01-04,BIX 380 CST,213.84
2016-01-05,BIX 380 CST,213.38
2016-01-06,BIX 380 CST,212.6
2016-01-07,BIX 380 CST,206.55
2016-01-08,BIX 380 CST,207.01
2016-01-09,BIX 380 CST,207.01
2016-01-10,BIX 380 CST,207.01
2016-01-11,BIX 380 CST,202.98
2016-01-12,BIX 380 CST,197.08
2016-01-13,BIX 380 CST,195.64
2016-01-14,BIX 380 CST,193.72
2016-01-15,BIX 380 CST,193.14
2016-01-16,BIX 380 CST,193.14
2016-01-17,BIX 380 CST,193.14
2016-01-18,BIX 380 CST,191.82
2016-01-19,BIX 380 CST,189.5
2016-01-20,BIX 380 CST,189.24
2016-01-21,BIX 380 CST,188.18
2016-01-22,BIX 380 CST,193.55
2016-01-23,BIX 380 CST,193.55
2016-01-24,BIX 380 CST,193.55
2016-01-25,BIX 380 CST,197.95
2016-01-26,BIX 380 CST,195.79
2016-01-27,BIX 380 CST,196.59
2016-01-28,BIX 380 CST,201.37
2016-01-29,BIX 380 CST,206.1
2016-01-30,BIX 380 CST,206.1
2016-01-31,BIX 380 CST,206.1
2016-02-01,BIX 380 CST,208.06
2016-02-02,BIX 380 CST,205.97
2016-02-03,BIX 380 CST,203.76
2016-02-04,BIX 380 CST,207.71
2016-02-05,BIX 380 CST,207.6
2016-02-06,BIX 380 CST,207.6
2016-02-07,BIX 380 CST,207.6
2016-02-08,BIX 380 CST,206.96
2016-02-09,BIX 380 CST,206.44
2016-02-10,BIX 380 CST,202.95
2016-02-11,BIX 380 CST,200.5
2016-02-12,BIX 380 CST,200.26
2016-02-13,BIX 380 CST,200.26
2016-02-14,BIX 380 CST,200.26
2016-02-15,BIX 380 CST,202.87
2016-02-16,BIX 380 CST,204.13
2016-02-17,BIX 380 CST,200.65
2016-02-18,BIX 380 CST,204.83
2016-02-19,BIX 380 CST,202.57
2016-02-20,BIX 380 CST,202.57
2016-02-21,BIX 380 CST,202.57
2016-02-22,BIX 380 CST,201.36
2016-02-23,BIX 380 CST,202.68
2016-02-24,BIX 380 CST,200.23
2016-02-25,BIX 380 CST,200.2
2016-02-26,BIX 380 CST,202.48
2016-02-27,BIX 380 CST,202.48
2016-02-28,BIX 380 CST,202.48
2016-02-29,BIX 380 CST,203.23
2016-03-01,BIX 380 CST,204.41
2016-03-02,BIX 380 CST,204.7
2016-03-03,BIX 380 CST,204.64
2016-03-04,BIX 380 CST,204.86
2016-03-05,BIX 380 CST,204.86
2016-03-06,BIX 380 CST,204.86
2016-03-07,BIX 380 CST,208.89
2016-03-08,BIX 380 CST,214.29
2016-03-09,BIX 380 CST,216.57
2016-03-10,BIX 380 CST,219.12
2016-03-11,BIX 380 CST,219.67
2016-03-12,BIX 380 CST,219.67
2016-03-13,BIX 380 CST,219.67
2016-03-14,BIX 380 CST,221.52
2016-03-15,BIX 380 CST,218.08
2016-03-16,BIX 380 CST,216.9
2016-03-17,BIX 380 CST,218.49
2016-03-18,BIX 380 CST,222.06
2016-03-19,BIX 380 CST,222.06
2016-03-20,BIX 380 CST,222.06
2016-03-21,BIX 380 CST,221.45
2016-03-22,BIX 380 CST,221.64
2016-03-23,BIX 380 CST,222.8
2016-03-24,BIX 380 CST,222.34
2016-03-25,BIX 380 CST,222.34
2016-03-26,BIX 380 CST,222.34
2016-03-27,BIX 380 CST,222.34
2016-03-28,BIX 380 CST,222.07
2016-03-29,BIX 380 CST,221.39
2016-03-30,BIX 380 CST,220
2016-03-31,BIX 380 CST,220.89
2016-04-01,BIX 380 CST,222.69
2016-04-02,BIX 380 CST,222.69
2016-04-03,BIX 380 CST,222.69
2016-04-04,BIX 380 CST,219.5
2016-04-05,BIX 380 CST,216.28
2016-04-06,BIX 380 CST,216.08
2016-04-07,BIX 380 CST,219.7
2016-04-08,BIX 380 CST,220.47
2016-04-09,BIX 380 CST,220.47
2016-04-10,BIX 380 CST,220.47
2016-04-11,BIX 380 CST,220.47
2016-04-12,BIX 380 CST,228.27
2016-04-13,BIX 380 CST,229.62
2016-04-14,BIX 380 CST,231.47
2016-04-15,BIX 380 CST,232.21
2016-04-16,BIX 380 CST,232.21
2016-04-17,BIX 380 CST,232.21
2016-04-18,BIX 380 CST,227.94
2016-04-19,BIX 380 CST,229.51
2016-04-20,BIX 380 CST,228.52
2016-04-21,BIX 380 CST,233.35
2016-04-22,BIX 380 CST,234.72
2016-04-23,BIX 380 CST,234.72
2016-04-24,BIX 380 CST,234.72
2016-04-25,BIX 380 CST,235.99
2016-04-26,BIX 380 CST,235.84
2016-04-27,BIX 380 CST,241.38
2016-04-28,BIX 380 CST,244.21
2016-04-29,BIX 380 CST,247.9
2016-04-30,BIX 380 CST,247.9
2016-05-01,BIX 380 CST,247.9
2016-05-02,BIX 380 CST,251.63
2016-05-03,BIX 380 CST,250.3
2016-05-04,BIX 380 CST,250.1
2016-05-05,BIX 380 CST,250.95
2016-05-06,BIX 380 CST,249.55
2016-05-07,BIX 380 CST,249.55
2016-05-08,BIX 380 CST,249.55
2016-05-09,BIX 380 CST,252.99
2016-05-10,BIX 380 CST,250.15
2016-05-11,BIX 380 CST,253.45
2016-05-12,BIX 380 CST,259.26
2016-05-13,BIX 380 CST,260.71
2016-05-14,BIX 380 CST,260.71
2016-05-15,BIX 380 CST,260.71
2016-05-16,BIX 380 CST,263.41
2016-05-17,BIX 380 CST,266.82
2016-05-18,BIX 380 CST,267.36
2016-05-19,BIX 380 CST,267.17
2016-05-20,BIX 380 CST,269.09
2016-05-21,BIX 380 CST,269.09
2016-05-22,BIX 380 CST,269.09
2016-05-23,BIX 380 CST,268.93
2016-05-24,BIX 380 CST,267.99
2016-05-25,BIX 380 CST,269.62
2016-05-26,BIX 380 CST,270.55
2016-05-27,BIX 380 CST,272.21
2016-05-28,BIX 380 CST,272.21
2016-05-29,BIX 380 CST,272.21
2016-05-30,BIX 380 CST,272.85
2016-05-31,BIX 380 CST,273.37
2016-06-01,BIX 380 CST,274.97
2016-06-02,BIX 380 CST,275.17
2016-06-03,BIX 380 CST,276.29
2016-06-04,BIX 380 CST,276.29
2016-06-05,BIX 380 CST,276.29
2016-06-06,BIX 380 CST,276.53
2016-06-07,BIX 380 CST,279.5
2016-06-08,BIX 380 CST,283.09
2016-06-09,BIX 380 CST,285.56
2016-06-10,BIX 380 CST,287.25
2016-06-11,BIX 380 CST,287.25
2016-06-12,BIX 380 CST,287.25
2016-06-13,BIX 380 CST,285.95
2016-06-14,BIX 380 CST,284.54
2016-06-15,BIX 380 CST,282.95
2016-06-16,BIX 380 CST,281.82
2016-06-17,BIX 380 CST,281.97
2016-06-18,BIX 380 CST,281.97
2016-06-19,BIX 380 CST,281.97
2016-06-20,BIX 380 CST,283.39
2016-06-21,BIX 380 CST,286.89
2016-06-22,BIX 380 CST,288.52
2016-06-23,BIX 380 CST,289.24
2016-06-24,BIX 380 CST,288.98
2016-06-25,BIX 380 CST,288.98
2016-06-26,BIX 380 CST,288.98
2016-06-27,BIX 380 CST,287.31
2016-06-28,BIX 380 CST,286.56
2016-06-29,BIX 380 CST,289.68
2016-06-30,BIX 380 CST,295.06
2016-07-01,BIX 380 CST,296.56
2016-07-02,BIX 380 CST,296.56
2016-07-03,BIX 380 CST,296.56
2016-07-04,BIX 380 CST,296.4
2016-07-05,BIX 380 CST,295.09
2016-07-06,BIX 380 CST,292.32
2016-07-07,BIX 380 CST,293.4
2016-07-08,BIX 380 CST,292.22
2016-07-09,BIX 380 CST,292.22
2016-07-10,BIX 380 CST,292.22
2016-07-11,BIX 380 CST,288.26
2016-07-12,BIX 380 CST,288.25
2016-07-13,BIX 380 CST,290.56
2016-07-14,BIX 380 CST,287.34
2016-07-15,BIX 380 CST,288.79
2016-07-16,BIX 380 CST,288.79
2016-07-17,BIX 380 CST,288.79
2016-07-18,BIX 380 CST,290.02
2016-07-19,BIX 380 CST,289.41
2016-07-20,BIX 380 CST,289.02
2016-07-21,BIX 380 CST,288.76
2016-07-22,BIX 380 CST,287.52
2016-07-23,BIX 380 CST,287.52
2016-07-24,BIX 380 CST,287.52
2016-07-25,BIX 380 CST,286.05
2016-07-26,BIX 380 CST,283.89
2016-07-27,BIX 380 CST,283.77
2016-07-28,BIX 380 CST,281.32
2016-07-29,BIX 380 CST,279.21
2016-07-30,BIX 380 CST,279.21
2016-07-31,BIX 380 CST,279.21
2016-08-01,BIX 380 CST,278.76
2016-08-02,BIX 380 CST,275.53
2016-08-03,BIX 380 CST,272.35
2016-08-04,BIX 380 CST,272.22
2016-08-05,BIX 380 CST,271.26
2016-08-06,BIX 380 CST,271.26
2016-08-07,BIX 380 CST,271.26
2016-08-08,BIX 380 CST,271.49
2016-08-09,BIX 380 CST,272.98
2016-08-10,BIX 380 CST,273.7
2016-08-11,BIX 380 CST,272.88
2016-08-12,BIX 380 CST,275.1
2016-08-13,BIX 380 CST,275.1
2016-08-14,BIX 380 CST,275.1
2016-08-15,BIX 380 CST,277.83
2016-08-16,BIX 380 CST,281.46
2016-08-17,BIX 380 CST,283.79
2016-08-18,BIX 380 CST,289.16
2016-08-19,BIX 380 CST,293.75
2016-08-20,BIX 380 CST,293.75
2016-08-21,BIX 380 CST,293.75
2016-08-22,BIX 380 CST,293.92
2016-08-23,BIX 380 CST,291.45
2016-08-24,BIX 380 CST,292.96
2016-08-25,BIX 380 CST,291.9
2016-08-26,BIX 380 CST,292.94
2016-08-27,BIX 380 CST,292.94
2016-08-28,BIX 380 CST,292.94
2016-08-29,BIX 380 CST,294.25
2016-08-30,BIX 380 CST,293.26
2016-08-31,BIX 380 CST,291.55
2016-09-01,BIX 380 CST,288.72
2016-09-02,BIX 380 CST,286.17
2016-09-03,BIX 380 CST,286.17
2016-09-04,BIX 380 CST,286.17
2016-09-05,BIX 380 CST,291.01
2016-09-06,BIX 380 CST,291.11
2016-09-07,BIX 380 CST,291.47
2016-09-08,BIX 380 CST,293.36
2016-09-09,BIX 380 CST,296.86
2016-09-10,BIX 380 CST,296.86
2016-09-11,BIX 380 CST,296.86
2016-09-12,BIX 380 CST,295.62
2016-09-13,BIX 380 CST,293.1
2016-09-14,BIX 380 CST,294.24
2016-09-15,BIX 380 CST,292.82
2016-09-16,BIX 380 CST,291.85
2016-09-17,BIX 380 CST,291.85
2016-09-18,BIX 380 CST,291.85
2016-09-19,BIX 380 CST,291.51
2016-09-20,BIX 380 CST,288.65
2016-09-21,BIX 380 CST,288.87
2016-09-22,BIX 380 CST,289.26
2016-09-23,BIX 380 CST,291.52
2016-09-24,BIX 380 CST,291.52
2016-09-25,BIX 380 CST,291.52
2016-09-26,BIX 380 CST,291.95
2016-09-27,BIX 380 CST,291.27
2016-09-28,BIX 380 CST,290.72
2016-09-29,BIX 380 CST,296.77
2016-09-30,BIX 380 CST,299.28
2016-10-01,BIX 380 CST,299.28
2016-10-02,BIX 380 CST,299.28
2016-10-03,BIX 380 CST,301.49
2016-10-04,BIX 380 CST,300.48
2016-10-05,BIX 380 CST,304.99
2016-10-06,BIX 380 CST,307.53
2016-10-07,BIX 380 CST,311.37
2016-10-08,BIX 380 CST,311.37
2016-10-09,BIX 380 CST,311.37
2016-10-10,BIX 380 CST,312.97
2016-10-11,BIX 380 CST,313.75
2016-10-12,BIX 380 CST,313.69
2016-10-13,BIX 380 CST,312.29
2016-10-14,BIX 380 CST,315.93
2016-10-15,BIX 380 CST,315.93
2016-10-16,BIX 380 CST,315.93
2016-10-17,BIX 380 CST,315.98
2016-10-18,BIX 380 CST,317.05
2016-10-19,BIX 380 CST,319.1
2016-10-20,BIX 380 CST,321.65
2016-10-21,BIX 380 CST,321.41
2016-10-22,BIX 380 CST,321.41
2016-10-23,BIX 380 CST,321.41
2016-10-24,BIX 380 CST,323.09
2016-10-25,BIX 380 CST,322.95
2016-10-26,BIX 380 CST,322.59
2016-10-27,BIX 380 CST,321.57
2016-10-28,BIX 380 CST,320.94
2016-10-29,BIX 380 CST,320.94
2016-10-30,BIX 380 CST,320.94
2016-10-31,BIX 380 CST,320.46
2016-11-01,BIX 380 CST,316.82
2016-11-02,BIX 380 CST,313.24
2016-11-03,BIX 380 CST,309.81
2016-11-04,BIX 380 CST,307.98
2016-11-05,BIX 380 CST,307.98
2016-11-06,BIX 380 CST,307.98
2016-11-07,BIX 380 CST,307.49
2016-11-08,BIX 380 CST,308.68
2016-11-09,BIX 380 CST,308.72
2016-11-10,BIX 380 CST,308.41
2016-11-11,BIX 380 CST,306.93
2016-11-12,BIX 380 CST,306.93
2016-11-13,BIX 380 CST,306.93
2016-11-14,BIX 380 CST,305.64
2016-11-15,BIX 380 CST,302.5
2016-11-16,BIX 380 CST,305.21
2016-11-17,BIX 380 CST,306.41
2016-11-18,BIX 380 CST,305.72
2016-11-19,BIX 380 CST,305.72
2016-11-20,BIX 380 CST,305.72
2016-11-21,BIX 380 CST,308.61
2016-11-22,BIX 380 CST,312.38
2016-11-23,BIX 380 CST,313.62
2016-11-24,BIX 380 CST,313.97
2016-11-25,BIX 380 CST,315.94
2016-11-26,BIX 380 CST,315.94
2016-11-27,BIX 380 CST,315.94
2016-11-28,BIX 380 CST,314.75
2016-11-29,BIX 380 CST,316.5
2016-11-30,BIX 380 CST,316.89
2016-12-01,BIX 380 CST,324.19
2016-12-02,BIX 380 CST,329.22
2016-12-03,BIX 380 CST,329.22
2016-12-04,BIX 380 CST,329.22
2016-12-05,BIX 380 CST,334
2016-12-06,BIX 380 CST,336.58
2016-12-07,BIX 380 CST,338.11
2016-12-08,BIX 380 CST,338.09
2016-12-09,BIX 380 CST,340.99
2016-12-10,BIX 380 CST,340.99
2016-12-11,BIX 380 CST,340.99
2016-12-12,BIX 380 CST,347.33
2016-12-13,BIX 380 CST,349.49
2016-12-14,BIX 380 CST,350.16
2016-12-15,BIX 380 CST,352.55
2016-12-16,BIX 380 CST,352.82
2016-12-17,BIX 380 CST,352.82
2016-12-18,BIX 380 CST,352.82
2016-12-19,BIX 380 CST,355.91
2016-12-20,BIX 380 CST,355.24
2016-12-21,BIX 380 CST,355.97
2016-12-22,BIX 380 CST,355.99
2016-12-23,BIX 380 CST,355.57
2016-12-24,BIX 380 CST,355.57
2016-12-25,BIX 380 CST,355.57
2016-12-26,BIX 380 CST,355.57
2016-12-27,BIX 380 CST,356.5
2016-12-28,BIX 380 CST,360.8
2016-12-29,BIX 380 CST,364.7
2016-12-30,BIX 380 CST,364.59
2016-12-31,BIX 380 CST,364.59
2017-01-01,BIX 380 CST,364.59
2017-01-02,BIX 380 CST,364.48
2017-01-03,BIX 380 CST,368.69
2017-01-04,BIX 380 CST,367.35
2017-01-05,BIX 380 CST,369.89
2017-01-06,BIX 380 CST,373.33
2017-01-07,BIX 380 CST,373.33
2017-01-08,BIX 380 CST,373.33
2017-01-09,BIX 380 CST,374.22
2017-01-10,BIX 380 CST,370.53
2017-01-11,BIX 380 CST,367.5
2017-01-12,BIX 380 CST,369.53
2017-01-13,BIX 380 CST,371.97
2017-01-14,BIX 380 CST,371.97
2017-01-15,BIX 380 CST,371.97
2017-01-16,BIX 380 CST,370.74
2017-01-17,BIX 380 CST,372.83
2017-01-18,BIX 380 CST,371.5
2017-01-19,BIX 380 CST,369.14
2017-01-20,BIX 380 CST,367.42
2017-01-21,BIX 380 CST,367.42
2017-01-22,BIX 380 CST,367.42
2017-01-23,BIX 380 CST,368.88
2017-01-24,BIX 380 CST,368.44
2017-01-25,BIX 380 CST,366.75
2017-01-26,BIX 380 CST,366.56
2017-01-27,BIX 380 CST,366.77
2017-01-28,BIX 380 CST,366.77
2017-01-29,BIX 380 CST,366.77
2017-01-30,BIX 380 CST,365.24
2017-01-31,BIX 380 CST,361.93
2017-02-01,BIX 380 CST,362.18
2017-02-02,BIX 380 CST,363.61
2017-02-03,BIX 380 CST,363.84
2017-02-04,BIX 380 CST,363.84
2017-02-05,BIX 380 CST,363.84
2017-02-06,BIX 380 CST,363.6
2017-02-07,BIX 380 CST,363.24
2017-02-08,BIX 380 CST,359.21
2017-02-09,BIX 380 CST,359.99
2017-02-10,BIX 380 CST,362.18
2017-02-11,BIX 380 CST,362.18
2017-02-12,BIX 380 CST,362.18
2017-02-13,BIX 380 CST,364.27
2017-02-14,BIX 380 CST,362.69
2017-02-15,BIX 380 CST,362.28
2017-02-16,BIX 380 CST,362.79
2017-02-17,BIX 380 CST,361.31
2017-02-18,BIX 380 CST,361.31
2017-02-19,BIX 380 CST,361.31
2017-02-20,BIX 380 CST,361.27
2017-02-21,BIX 380 CST,361.86
2017-02-22,BIX 380 CST,362.11
2017-02-23,BIX 380 CST,361.56
2017-02-24,BIX 380 CST,361.86
2017-02-25,BIX 380 CST,361.86
2017-02-26,BIX 380 CST,361.86
2017-02-27,BIX 380 CST,362.74
2017-02-28,BIX 380 CST,363.96
2017-03-01,BIX 380 CST,363.77
2017-03-02,BIX 380 CST,362.51
2017-03-03,BIX 380 CST,359.32
2017-03-04,BIX 380 CST,359.32
2017-03-05,BIX 380 CST,359.32
2017-03-06,BIX 380 CST,359.31
2017-03-07,BIX 380 CST,358.35
2017-03-08,BIX 380 CST,359.24
2017-03-09,BIX 380 CST,355.08
2017-03-10,BIX 380 CST,349.38
2017-03-11,BIX 380 CST,349.38
2017-03-12,BIX 380 CST,349.38
2017-03-13,BIX 380 CST,346.41
2017-03-14,BIX 380 CST,343.32
2017-03-15,BIX 380 CST,342.21
2017-03-16,BIX 380 CST,343.37
2017-03-17,BIX 380 CST,342.22
2017-03-18,BIX 380 CST,342.22
2017-03-19,BIX 380 CST,342.22
2017-03-20,BIX 380 CST,341.03
2017-03-21,BIX 380 CST,340.67
2017-03-22,BIX 380 CST,338.97
2017-03-23,BIX 380 CST,337.84
2017-03-24,BIX 380 CST,337.01
2017-03-25,BIX 380 CST,337.01
2017-03-26,BIX 380 CST,337.01
2017-03-27,BIX 380 CST,336.33
2017-03-28,BIX 380 CST,336.86
2017-03-29,BIX 380 CST,337.89
2017-03-30,BIX 380 CST,339.66
2017-03-31,BIX 380 CST,341.75
2017-04-01,BIX 380 CST,341.75
2017-04-02,BIX 380 CST,341.75
2017-04-03,BIX 380 CST,342.6
2017-04-04,BIX 380 CST,343.57
2017-04-05,BIX 380 CST,346.96
2017-04-06,BIX 380 CST,348.98
2017-04-07,BIX 380 CST,352.48
2017-04-08,BIX 380 CST,352.48
2017-04-09,BIX 380 CST,352.48
2017-04-10,BIX 380 CST,354.5
2017-04-11,BIX 380 CST,355.46
2017-04-12,BIX 380 CST,352.83
2017-04-13,BIX 380 CST,355.97
2017-04-14,BIX 380 CST,355.97
2017-04-15,BIX 380 CST,355.97
2017-04-16,BIX 380 CST,355.97
2017-04-17,BIX 380 CST,357.43
2017-04-18,BIX 380 CST,357.15
2017-04-19,BIX 380 CST,357.13
2017-04-20,BIX 380 CST,354.52
2017-04-21,BIX 380 CST,350.79
2017-04-22,BIX 380 CST,350.79
2017-04-23,BIX 380 CST,350.79
2017-04-24,BIX 380 CST,348.58
2017-04-25,BIX 380 CST,347.42
2017-04-26,BIX 380 CST,347.03
2017-04-27,BIX 380 CST,346.18
2017-04-28,BIX 380 CST,344.2
2017-04-29,BIX 380 CST,344.2
2017-04-30,BIX 380 CST,344.2
2017-05-01,BIX 380 CST,344.44
2017-05-02,BIX 380 CST,344.66
2017-05-03,BIX 380 CST,342.78
2017-05-04,BIX 380 CST,341.68
2017-05-05,BIX 380 CST,338.59
2017-05-06,BIX 380 CST,338.59
2017-05-07,BIX 380 CST,338.59
2017-05-08,BIX 380 CST,337.78
2017-05-09,BIX 380 CST,338.09
2017-05-10,BIX 380 CST,337.74
2017-05-11,BIX 380 CST,340.01
2017-05-12,BIX 380 CST,342.53
2017-05-13,BIX 380 CST,342.53
2017-05-14,BIX 380 CST,342.53
2017-05-15,BIX 380 CST,343.88
2017-05-16,BIX 380 CST,346.95
2017-05-17,BIX 380 CST,346.5
2017-05-18,BIX 380 CST,347.5
2017-05-19,BIX 380 CST,349.25
2017-05-20,BIX 380 CST,349.25
2017-05-21,BIX 380 CST,349.25
2017-05-22,BIX 380 CST,351.24
2017-05-23,BIX 380 CST,350.93
2017-05-24,BIX 380 CST,352.43
2017-05-25,BIX 380 CST,353.57
2017-05-26,BIX 380 CST,350.1
2017-05-27,BIX 380 CST,350.1
2017-05-28,BIX 380 CST,350.1
2017-05-29,BIX 380 CST,348.84
2017-05-30,BIX 380 CST,346.67
2017-05-31,BIX 380 CST,345.87
2017-06-01,BIX 380 CST,344.74
2017-06-02,BIX 380 CST,343.16
2017-06-03,BIX 380 CST,343.16
2017-06-04,BIX 380 CST,343.16
2017-06-05,BIX 380 CST,342.02
2017-06-06,BIX 380 CST,341.5
2017-06-07,BIX 380 CST,340.59
2017-06-08,BIX 380 CST,338.81
2017-06-09,BIX 380 CST,338.63
2017-06-10,BIX 380 CST,338.63
2017-06-11,BIX 380 CST,338.63
2017-06-12,BIX 380 CST,338.4
2017-06-13,BIX 380 CST,338.9
2017-06-14,BIX 380 CST,338.45
2017-06-15,BIX 380 CST,335.43
2017-06-16,BIX 380 CST,335.43
2017-06-17,BIX 380 CST,335.43
2017-06-18,BIX 380 CST,335.43
2017-06-19,BIX 380 CST,335.09
2017-06-20,BIX 380 CST,333.8
2017-06-21,BIX 380 CST,331.82
2017-06-22,BIX 380 CST,330.49
2017-06-23,BIX 380 CST,330.13
2017-06-24,BIX 380 CST,330.13
2017-06-25,BIX 380 CST,330.13
2017-06-26,BIX 380 CST,330.73
2017-06-27,BIX 380 CST,331.07
2017-06-28,BIX 380 CST,333.35
2017-06-29,BIX 380 CST,336.11
2017-06-30,BIX 380 CST,338.54
2017-07-01,BIX 380 CST,338.54
2017-07-02,BIX 380 CST,338.54
2017-07-03,BIX 380 CST,340.51
2017-07-04,BIX 380 CST,342.12
2017-07-05,BIX 380 CST,341.53
2017-07-06,BIX 380 CST,339.18
2017-07-07,BIX 380 CST,338.08
2017-07-08,BIX 380 CST,338.08
2017-07-09,BIX 380 CST,338.08
2017-07-10,BIX 380 CST,335.56
2017-07-11,BIX 380 CST,335.24
2017-07-12,BIX 380 CST,336.27
2017-07-13,BIX 380 CST,338.2
2017-07-14,BIX 380 CST,339.18
2017-07-15,BIX 380 CST,339.18
2017-07-16,BIX 380 CST,339.18
2017-07-17,BIX 380 CST,339.63
2017-07-18,BIX 380 CST,340.94
2017-07-19,BIX 380 CST,340.73
2017-07-20,BIX 380 CST,343.33
2017-07-21,BIX 380 CST,344.93
2017-07-22,BIX 380 CST,344.93
2017-07-23,BIX 380 CST,344.93
2017-07-24,BIX 380 CST,343.52
2017-07-25,BIX 380 CST,337.66
2017-07-26,BIX 380 CST,345.86
2017-07-27,BIX 380 CST,347.99
2017-07-28,BIX 380 CST,349.79
2017-07-29,BIX 380 CST,349.79
2017-07-30,BIX 380 CST,349.79
2017-07-31,BIX 380 CST,351.22
2017-08-01,BIX 380 CST,352.45
2017-08-02,BIX 380 CST,351.18
2017-08-03,BIX 380 CST,351.4
2017-08-04,BIX 380 CST,352.28
2017-08-05,BIX 380 CST,352.28
2017-08-06,BIX 380 CST,352.28
2017-08-07,BIX 380 CST,352.77
2017-08-08,BIX 380 CST,353.93
2017-08-09,BIX 380 CST,354.69
2017-08-10,BIX 380 CST,355.7
2017-08-11,BIX 380 CST,354.03
2017-08-12,BIX 380 CST,354.03
2017-08-13,BIX 380 CST,354.03
2017-08-14,BIX 380 CST,353.33
2017-08-15,BIX 380 CST,352.21
2017-08-16,BIX 380 CST,350.57
2017-08-17,BIX 380 CST,349.67
2017-08-18,BIX 380 CST,348.08
2017-08-19,BIX 380 CST,348.08
2017-08-20,BIX 380 CST,348.08
2017-08-21,BIX 380 CST,350.89
2017-08-22,BIX 380 CST,350.85
2017-08-23,BIX 380 CST,349.71
2017-08-24,BIX 380 CST,350.62
2017-08-25,BIX 380 CST,350.98
2017-08-26,BIX 380 CST,350.98
2017-08-27,BIX 380 CST,350.98
2017-08-28,BIX 380 CST,352.55
2017-08-29,BIX 380 CST,352.49
2017-08-30,BIX 380 CST,353.48
2017-08-31,BIX 380 CST,353.16
2017-09-01,BIX 380 CST,356.64
2017-09-02,BIX 380 CST,356.64
2017-09-03,BIX 380 CST,356.64
2017-09-04,BIX 380 CST,357.09
2017-09-05,BIX 380 CST,358.29
2017-09-06,BIX 380 CST,362.92
2017-09-07,BIX 380 CST,366.83
2017-09-08,BIX 380 CST,369.36
2017-09-09,BIX 380 CST,369.36
2017-09-10,BIX 380 CST,369.36
2017-09-11,BIX 380 CST,366.88
2017-09-12,BIX 380 CST,365.67
2017-09-13,BIX 380 CST,367.38
2017-09-14,BIX 380 CST,371.46
2017-09-15,BIX 380 CST,373.33
2017-09-16,BIX 380 CST,373.33
2017-09-17,BIX 380 CST,373.33
2017-09-18,BIX 380 CST,373.7
2017-09-19,BIX 380 CST,373.07
2017-09-20,BIX 380 CST,372.8
2017-09-21,BIX 380 CST,373.72
2017-09-22,BIX 380 CST,375.33
2017-09-23,BIX 380 CST,375.33
2017-09-24,BIX 380 CST,375.33
2017-09-25,BIX 380 CST,375.77
2017-09-26,BIX 380 CST,378.39
2017-09-27,BIX 380 CST,377.68
2017-09-28,BIX 380 CST,377.62
2017-09-29,BIX 380 CST,378.46
2017-09-30,BIX 380 CST,378.46
2017-10-01,BIX 380 CST,378.46
2017-10-02,BIX 380 CST,377.09
2017-10-03,BIX 380 CST,374.83
2017-10-04,BIX 380 CST,373.28
2017-10-05,BIX 380 CST,373.6
2017-10-06,BIX 380 CST,375.36
2017-10-07,BIX 380 CST,375.36
2017-10-08,BIX 380 CST,375.36
2017-10-09,BIX 380 CST,374.57
2017-10-10,BIX 380 CST,372.38
2017-10-11,BIX 380 CST,375.55
2017-10-12,BIX 380 CST,375.97
2017-10-13,BIX 380 CST,377.52
2017-10-14,BIX 380 CST,377.52
2017-10-15,BIX 380 CST,377.52
2017-10-16,BIX 380 CST,379.6
2017-10-17,BIX 380 CST,380.74
2017-10-18,BIX 380 CST,380.46
2017-10-19,BIX 380 CST,379.38
2017-10-20,BIX 380 CST,377.86
2017-10-21,BIX 380 CST,377.86
2017-10-22,BIX 380 CST,377.86
2017-10-23,BIX 380 CST,378.77
2017-10-24,BIX 380 CST,379.72
2017-10-25,BIX 380 CST,380.2
2017-10-26,BIX 380 CST,380.62
2017-10-27,BIX 380 CST,382.44
2017-10-28,BIX 380 CST,382.44
2017-10-29,BIX 380 CST,382.44
2017-10-30,BIX 380 CST,386.63
2017-10-31,BIX 380 CST,388.83
2017-11-01,BIX 380 CST,392.52
2017-11-02,BIX 380 CST,395.07
2017-11-03,BIX 380 CST,397.06
2017-11-04,BIX 380 CST,397.06
2017-11-05,BIX 380 CST,397.06
2017-11-06,BIX 380 CST,401.57
2017-11-07,BIX 380 CST,407.38
2017-11-08,BIX 380 CST,406.47
2017-11-09,BIX 380 CST,406.96
2017-11-10,BIX 380 CST,408.55
2017-11-11,BIX 380 CST,408.55
2017-11-12,BIX 380 CST,408.55
2017-11-13,BIX 380 CST,408.1
2017-11-14,BIX 380 CST,409.08
2017-11-15,BIX 380 CST,406.91
2017-11-16,BIX 380 CST,407.14
2017-11-17,BIX 380 CST,407.34
2017-11-18,BIX 380 CST,407.34
2017-11-19,BIX 380 CST,407.34
2017-11-20,BIX 380 CST,407.93
2017-11-21,BIX 380 CST,407.4
2017-11-22,BIX 380 CST,407.36
2017-11-23,BIX 380 CST,408.61
2017-11-24,BIX 380 CST,408.46
2017-11-25,BIX 380 CST,408.46
2017-11-26,BIX 380 CST,408.46
2017-11-27,BIX 380 CST,408.5
2017-11-28,BIX 380 CST,407.92
2017-11-29,BIX 380 CST,407.2
2017-11-30,BIX 380 CST,407.31
2017-12-01,BIX 380 CST,407.4
2017-12-02,BIX 380 CST,407.4
2017-12-03,BIX 380 CST,407.4
2017-12-04,BIX 380 CST,407.77
2017-12-05,BIX 380 CST,405.96
2017-12-06,BIX 380 CST,403.63
2017-12-07,BIX 380 CST,400.4
2017-12-08,BIX 380 CST,400.24
2017-12-09,BIX 380 CST,400.24
2017-12-10,BIX 380 CST,400.24
2017-12-11,BIX 380 CST,401.11
2017-12-12,BIX 380 CST,405.76
2017-12-13,BIX 380 CST,404.8
2017-12-14,BIX 380 CST,402.23
2017-12-15,BIX 380 CST,403.42
2017-12-16,BIX 380 CST,403.42
2017-12-17,BIX 380 CST,403.42
2017-12-18,BIX 380 CST,404.07
2017-12-19,BIX 380 CST,405.17
2017-12-20,BIX 380 CST,406.03
2017-12-21,BIX 380 CST,407.84
2017-12-22,BIX 380 CST,409.07
2017-12-23,BIX 380 CST,409.07
2017-12-24,BIX 380 CST,409.07
2017-12-25,BIX 380 CST,409.07
2017-12-26,BIX 380 CST,409.07
2017-12-27,BIX 380 CST,414.03
2017-12-28,BIX 380 CST,415.69
2017-12-29,BIX 380 CST,415.93
2017-12-30,BIX 380 CST,415.93
2017-12-31,BIX 380 CST,415.93
2012-01-01,BIX 180 CST,415.93
2012-01-02,BIX 180 CST,415.93
2012-01-03,BIX 180 CST,712.91
2012-01-04,BIX 180 CST,729.38
2012-01-05,BIX 180 CST,735.27
2012-01-06,BIX 180 CST,736.25
2012-01-07,BIX 180 CST,736.25
2012-01-08,BIX 180 CST,736.25
2012-01-09,BIX 180 CST,738.04
2012-01-10,BIX 180 CST,739.55
2012-01-11,BIX 180 CST,746.97
2012-01-12,BIX 180 CST,746.1
2012-01-13,BIX 180 CST,743.22
2012-01-14,BIX 180 CST,743.22
2012-01-15,BIX 180 CST,743.22
2012-01-16,BIX 180 CST,741.59
2012-01-17,BIX 180 CST,743.61
2012-01-18,BIX 180 CST,746
2012-01-19,BIX 180 CST,744.4
2012-01-20,BIX 180 CST,744.19
2012-01-21,BIX 180 CST,744.19
2012-01-22,BIX 180 CST,744.19
2012-01-23,BIX 180 CST,740.86
2012-01-24,BIX 180 CST,741.42
2012-01-25,BIX 180 CST,741.27
2012-01-26,BIX 180 CST,744.12
2012-01-27,BIX 180 CST,744.12
2012-01-28,BIX 180 CST,744.12
2012-01-29,BIX 180 CST,744.12
2012-01-30,BIX 180 CST,744.79
2012-01-31,BIX 180 CST,743.39
2012-02-01,BIX 180 CST,743.87
2012-02-02,BIX 180 CST,747.79
2012-02-03,BIX 180 CST,746.06
2012-02-04,BIX 180 CST,746.06
2012-02-05,BIX 180 CST,746.06
2012-02-06,BIX 180 CST,748.55
2012-02-07,BIX 180 CST,756.03
2012-02-08,BIX 180 CST,757.84
2012-02-09,BIX 180 CST,761.36
2012-02-10,BIX 180 CST,764.35
2012-02-11,BIX 180 CST,764.35
2012-02-12,BIX 180 CST,764.35
2012-02-13,BIX 180 CST,762.57
2012-02-14,BIX 180 CST,761.18
2012-02-15,BIX 180 CST,760.9
2012-02-16,BIX 180 CST,765.6
2012-02-17,BIX 180 CST,768.58
2012-02-18,BIX 180 CST,768.58
2012-02-19,BIX 180 CST,768.58
2012-02-20,BIX 180 CST,768.14
2012-02-21,BIX 180 CST,768.14
2012-02-22,BIX 180 CST,768.14
2012-02-23,BIX 180 CST,779.07
2012-02-24,BIX 180 CST,778.46
2012-02-25,BIX 180 CST,778.46
2012-02-26,BIX 180 CST,778.46
2012-02-27,BIX 180 CST,780.21
2012-02-28,BIX 180 CST,778.97
2012-02-29,BIX 180 CST,773.6
2012-03-01,BIX 180 CST,774.19
2012-03-02,BIX 180 CST,789.68
2012-03-03,BIX 180 CST,789.68
2012-03-04,BIX 180 CST,789.68
2012-03-05,BIX 180 CST,787.77
2012-03-06,BIX 180 CST,787.77
2012-03-07,BIX 180 CST,786.23
2012-03-08,BIX 180 CST,786.66
2012-03-09,BIX 180 CST,787.83
2012-03-10,BIX 180 CST,787.83
2012-03-11,BIX 180 CST,787.83
2012-03-12,BIX 180 CST,786.98
2012-03-13,BIX 180 CST,788.27
2012-03-14,BIX 180 CST,791.34
2012-03-15,BIX 180 CST,791.34
2012-03-16,BIX 180 CST,786.01
2012-03-17,BIX 180 CST,786.01
2012-03-18,BIX 180 CST,786.01
2012-03-19,BIX 180 CST,791.62
2012-03-20,BIX 180 CST,789.26
2012-03-21,BIX 180 CST,789.14
2012-03-22,BIX 180 CST,786.67
2012-03-23,BIX 180 CST,785.57
2012-03-24,BIX 180 CST,785.57
2012-03-25,BIX 180 CST,785.57
2012-03-26,BIX 180 CST,788.39
2012-03-27,BIX 180 CST,789.67
2012-03-28,BIX 180 CST,789.13
2012-03-29,BIX 180 CST,788.34
2012-03-30,BIX 180 CST,786.94
2012-03-31,BIX 180 CST,786.94
2012-04-01,BIX 180 CST,786.94
2012-04-02,BIX 180 CST,785.69
2012-04-03,BIX 180 CST,786.8
2012-04-04,BIX 180 CST,787.68
2012-04-05,BIX 180 CST,783.25
2012-04-06,BIX 180 CST,783.25
2012-04-07,BIX 180 CST,783.25
2012-04-08,BIX 180 CST,783.25
2012-04-09,BIX 180 CST,783.25
2012-04-10,BIX 180 CST,779.22
2012-04-11,BIX 180 CST,774.74
2012-04-12,BIX 180 CST,774.21
2012-04-13,BIX 180 CST,775.25
2012-04-14,BIX 180 CST,775.25
2012-04-15,BIX 180 CST,775.25
2012-04-16,BIX 180 CST,770.79
2012-04-17,BIX 180 CST,769.97
2012-04-18,BIX 180 CST,769.19
2012-04-19,BIX 180 CST,765.22
2012-04-20,BIX 180 CST,762.59
2012-04-21,BIX 180 CST,762.59
2012-04-22,BIX 180 CST,762.59
2012-04-23,BIX 180 CST,761.16
2012-04-24,BIX 180 CST,762.78
2012-04-25,BIX 180 CST,763.47
2012-04-26,BIX 180 CST,766.02
2012-04-27,BIX 180 CST,768.49
2012-04-28,BIX 180 CST,768.49
2012-04-29,BIX 180 CST,768.49
2012-04-30,BIX 180 CST,765.79
2012-05-01,BIX 180 CST,765.79
2012-05-02,BIX 180 CST,770.79
2012-05-03,BIX 180 CST,769.53
2012-05-04,BIX 180 CST,764.54
2012-05-05,BIX 180 CST,764.54
2012-05-06,BIX 180 CST,764.54
2012-05-07,BIX 180 CST,764.54
2012-05-08,BIX 180 CST,747.96
2012-05-09,BIX 180 CST,740.63
2012-05-10,BIX 180 CST,742.36
2012-05-11,BIX 180 CST,738.01
2012-05-12,BIX 180 CST,738.01
2012-05-13,BIX 180 CST,738.01
2012-05-14,BIX 180 CST,731
2012-05-15,BIX 180 CST,728.06
2012-05-16,BIX 180 CST,726.89
2012-05-17,BIX 180 CST,722.68
2012-05-18,BIX 180 CST,716.68
2012-05-19,BIX 180 CST,716.68
2012-05-20,BIX 180 CST,716.68
2012-05-21,BIX 180 CST,712.97
2012-05-22,BIX 180 CST,713.99
2012-05-23,BIX 180 CST,709.5
2012-05-24,BIX 180 CST,706.17
2012-05-25,BIX 180 CST,708.86
2012-05-26,BIX 180 CST,708.86
2012-05-27,BIX 180 CST,708.86
2012-05-28,BIX 180 CST,706.44
2012-05-29,BIX 180 CST,711.27
2012-05-30,BIX 180 CST,706.02
2012-05-31,BIX 180 CST,698.6
2012-06-01,BIX 180 CST,691.17
2012-06-02,BIX 180 CST,691.17
2012-06-03,BIX 180 CST,691.17
2012-06-04,BIX 180 CST,691.17
2012-06-05,BIX 180 CST,673.95
2012-06-06,BIX 180 CST,670.79
2012-06-07,BIX 180 CST,672.88
2012-06-08,BIX 180 CST,669.41
2012-06-09,BIX 180 CST,669.41
2012-06-10,BIX 180 CST,669.41
2012-06-11,BIX 180 CST,667.75
2012-06-12,BIX 180 CST,665.31
2012-06-13,BIX 180 CST,662.73
2012-06-14,BIX 180 CST,662.61
2012-06-15,BIX 180 CST,663.54
2012-06-16,BIX 180 CST,663.54
2012-06-17,BIX 180 CST,663.54
2012-06-18,BIX 180 CST,663.93
2012-06-19,BIX 180 CST,656.88
2012-06-20,BIX 180 CST,653.9
2012-06-21,BIX 180 CST,648.12
2012-06-22,BIX 180 CST,640.23
2012-06-23,BIX 180 CST,640.23
2012-06-24,BIX 180 CST,640.23
2012-06-25,BIX 180 CST,636.67
2012-06-26,BIX 180 CST,636.12
2012-06-27,BIX 180 CST,635.74
2012-06-28,BIX 180 CST,637
2012-06-29,BIX 180 CST,636.46
2012-06-30,BIX 180 CST,636.46
2012-07-01,BIX 180 CST,636.46
2012-07-02,BIX 180 CST,643.95
2012-07-03,BIX 180 CST,645.82
2012-07-04,BIX 180 CST,655.03
2012-07-05,BIX 180 CST,656.36
2012-07-06,BIX 180 CST,655.18
2012-07-07,BIX 180 CST,655.18
2012-07-08,BIX 180 CST,655.18
2012-07-09,BIX 180 CST,652.15
2012-07-10,BIX 180 CST,647.84
2012-07-11,BIX 180 CST,650.14
2012-07-12,BIX 180 CST,649.33
2012-07-13,BIX 180 CST,650.91
2012-07-14,BIX 180 CST,650.91
2012-07-15,BIX 180 CST,650.91
2012-07-16,BIX 180 CST,652.67
2012-07-17,BIX 180 CST,662.68
2012-07-18,BIX 180 CST,668.19
2012-07-19,BIX 180 CST,674.5
2012-07-20,BIX 180 CST,682.08
2012-07-21,BIX 180 CST,682.08
2012-07-22,BIX 180 CST,682.08
2012-07-23,BIX 180 CST,677.86
2012-07-24,BIX 180 CST,668.7
2012-07-25,BIX 180 CST,669
2012-07-26,BIX 180 CST,671.27
2012-07-27,BIX 180 CST,673.33
2012-07-28,BIX 180 CST,673.33
2012-07-29,BIX 180 CST,673.33
2012-07-30,BIX 180 CST,679.53
2012-07-31,BIX 180 CST,681.1
2012-08-01,BIX 180 CST,678.3
2012-08-02,BIX 180 CST,678.06
2012-08-03,BIX 180 CST,675.68
2012-08-04,BIX 180 CST,675.68
2012-08-05,BIX 180 CST,675.68
2012-08-06,BIX 180 CST,682.76
2012-08-07,BIX 180 CST,684.11
2012-08-08,BIX 180 CST,693.15
2012-08-09,BIX 180 CST,697.06
2012-08-10,BIX 180 CST,701.03
2012-08-11,BIX 180 CST,701.03
2012-08-12,BIX 180 CST,701.03
2012-08-13,BIX 180 CST,701.05
2012-08-14,BIX 180 CST,706.49
2012-08-15,BIX 180 CST,705.15
2012-08-16,BIX 180 CST,713.42
2012-08-17,BIX 180 CST,715.85
2012-08-18,BIX 180 CST,715.85
2012-08-19,BIX 180 CST,715.85
2012-08-20,BIX 180 CST,715.73
2012-08-21,BIX 180 CST,717.71
2012-08-22,BIX 180 CST,717.97
2012-08-23,BIX 180 CST,722.35
2012-08-24,BIX 180 CST,722.49
2012-08-25,BIX 180 CST,722.49
2012-08-26,BIX 180 CST,722.49
2012-08-27,BIX 180 CST,722.49
2012-08-28,BIX 180 CST,721.93
2012-08-29,BIX 180 CST,717.12
2012-08-30,BIX 180 CST,720.95
2012-08-31,BIX 180 CST,720.44
2012-09-01,BIX 180 CST,720.44
2012-09-02,BIX 180 CST,720.44
2012-09-03,BIX 180 CST,725.58
2012-09-04,BIX 180 CST,728
2012-09-05,BIX 180 CST,724.8
2012-09-06,BIX 180 CST,722.86
2012-09-07,BIX 180 CST,727.79
2012-09-08,BIX 180 CST,727.79
2012-09-09,BIX 180 CST,727.79
2012-09-10,BIX 180 CST,728.04
2012-09-11,BIX 180 CST,727.04
2012-09-12,BIX 180 CST,731.67
2012-09-13,BIX 180 CST,731.44
2012-09-14,BIX 180 CST,735.2
2012-09-15,BIX 180 CST,735.2
2012-09-16,BIX 180 CST,735.2
2012-09-17,BIX 180 CST,737.28
2012-09-18,BIX 180 CST,732.82
2012-09-19,BIX 180 CST,726.33
2012-09-20,BIX 180 CST,711.95
2012-09-21,BIX 180 CST,714.18
2012-09-22,BIX 180 CST,714.18
2012-09-23,BIX 180 CST,714.18
2012-09-24,BIX 180 CST,714.8
2012-09-25,BIX 180 CST,712.78
2012-09-26,BIX 180 CST,712.63
2012-09-27,BIX 180 CST,709.5
2012-09-28,BIX 180 CST,714.94
2012-09-29,BIX 180 CST,714.94
2012-09-30,BIX 180 CST,714.94
2012-10-01,BIX 180 CST,712.34
2012-10-02,BIX 180 CST,714.68
2012-10-03,BIX 180 CST,711.36
2012-10-04,BIX 180 CST,704.96
2012-10-05,BIX 180 CST,707.14
2012-10-06,BIX 180 CST,707.14
2012-10-07,BIX 180 CST,707.14
2012-10-08,BIX 180 CST,700.05
2012-10-09,BIX 180 CST,697.12
2012-10-10,BIX 180 CST,701.58
2012-10-11,BIX 180 CST,708.15
2012-10-12,BIX 180 CST,704.73
2012-10-13,BIX 180 CST,704.73
2012-10-14,BIX 180 CST,704.73
2012-10-15,BIX 180 CST,705.38
2012-10-16,BIX 180 CST,703.89
2012-10-17,BIX 180 CST,702.79
2012-10-18,BIX 180 CST,700.25
2012-10-19,BIX 180 CST,697.55
2012-10-20,BIX 180 CST,697.55
2012-10-21,BIX 180 CST,697.55
2012-10-22,BIX 180 CST,696.79
2012-10-23,BIX 180 CST,694.14
2012-10-24,BIX 180 CST,694.14
2012-10-25,BIX 180 CST,696.39
2012-10-26,BIX 180 CST,697.38
2012-10-27,BIX 180 CST,697.38
2012-10-28,BIX 180 CST,697.38
2012-10-29,BIX 180 CST,699.35
2012-10-30,BIX 180 CST,696.34
2012-10-31,BIX 180 CST,694.23
2012-11-01,BIX 180 CST,689.05
2012-11-02,BIX 180 CST,688.15
2012-11-03,BIX 180 CST,688.15
2012-11-04,BIX 180 CST,688.15
2012-11-05,BIX 180 CST,682.41
2012-11-06,BIX 180 CST,680.62
2012-11-07,BIX 180 CST,685.6
2012-11-08,BIX 180 CST,681.95
2012-11-09,BIX 180 CST,678.86
2012-11-10,BIX 180 CST,678.86
2012-11-11,BIX 180 CST,678.86
2012-11-12,BIX 180 CST,679.25
2012-11-13,BIX 180 CST,680.46
2012-11-14,BIX 180 CST,680.14
2012-11-15,BIX 180 CST,682.17
2012-11-16,BIX 180 CST,682.25
2012-11-17,BIX 180 CST,682.25
2012-11-18,BIX 180 CST,682.25
2012-11-19,BIX 180 CST,683.56
2012-11-20,BIX 180 CST,688.35
2012-11-21,BIX 180 CST,686.09
2012-11-22,BIX 180 CST,685.94
2012-11-23,BIX 180 CST,686.96
2012-11-24,BIX 180 CST,686.96
2012-11-25,BIX 180 CST,686.96
2012-11-26,BIX 180 CST,688.24
2012-11-27,BIX 180 CST,684.48
2012-11-28,BIX 180 CST,682.9
2012-11-29,BIX 180 CST,681.74
2012-11-30,BIX 180 CST,682.17
2012-12-01,BIX 180 CST,682.17
2012-12-02,BIX 180 CST,682.17
2012-12-03,BIX 180 CST,684.06
2012-12-04,BIX 180 CST,684.35
2012-12-05,BIX 180 CST,681.1
2012-12-06,BIX 180 CST,681.82
2012-12-07,BIX 180 CST,678.78
2012-12-08,BIX 180 CST,678.78
2012-12-09,BIX 180 CST,678.78
2012-12-10,BIX 180 CST,668.64
2012-12-11,BIX 180 CST,669.73
2012-12-12,BIX 180 CST,670.36
2012-12-13,BIX 180 CST,670.29
2012-12-14,BIX 180 CST,669.67
2012-12-15,BIX 180 CST,669.67
2012-12-16,BIX 180 CST,669.67
2012-12-17,BIX 180 CST,667.79
2012-12-18,BIX 180 CST,670.12
2012-12-19,BIX 180 CST,671.38
2012-12-20,BIX 180 CST,672.58
2012-12-21,BIX 180 CST,670.25
2012-12-22,BIX 180 CST,670.25
2012-12-23,BIX 180 CST,670.25
2012-12-24,BIX 180 CST,670.25
2012-12-25,BIX 180 CST,670.25
2012-12-26,BIX 180 CST,670.25
2012-12-27,BIX 180 CST,674.41
2012-12-28,BIX 180 CST,676.45
2012-12-29,BIX 180 CST,676.45
2012-12-30,BIX 180 CST,676.45
2012-12-31,BIX 180 CST,677.69
2013-01-01,BIX 180 CST,677.69
2013-01-02,BIX 180 CST,675.82
2013-01-03,BIX 180 CST,680.08
2013-01-04,BIX 180 CST,683.45
2013-01-05,BIX 180 CST,683.45
2013-01-06,BIX 180 CST,683.45
2013-01-07,BIX 180 CST,683.24
2013-01-08,BIX 180 CST,687.1
2013-01-09,BIX 180 CST,690.43
2013-01-10,BIX 180 CST,694.54
2013-01-11,BIX 180 CST,697.18
2013-01-12,BIX 180 CST,697.18
2013-01-13,BIX 180 CST,697.18
2013-01-14,BIX 180 CST,693.49
2013-01-15,BIX 180 CST,691.1
2013-01-16,BIX 180 CST,688.82
2013-01-17,BIX 180 CST,688.47
2013-01-18,BIX 180 CST,690.03
2013-01-19,BIX 180 CST,690.03
2013-01-20,BIX 180 CST,690.03
2013-01-21,BIX 180 CST,691.55
2013-01-22,BIX 180 CST,691.12
2013-01-23,BIX 180 CST,692.65
2013-01-24,BIX 180 CST,694.78
2013-01-25,BIX 180 CST,696.04
2013-01-26,BIX 180 CST,696.04
2013-01-27,BIX 180 CST,696.04
2013-01-28,BIX 180 CST,698.55
2013-01-29,BIX 180 CST,697.94
2013-01-30,BIX 180 CST,701.03
2013-01-31,BIX 180 CST,702.36
2013-02-01,BIX 180 CST,706.7
2013-02-02,BIX 180 CST,706.7
2013-02-03,BIX 180 CST,706.7
2013-02-04,BIX 180 CST,709.41
2013-02-05,BIX 180 CST,709.27
2013-02-06,BIX 180 CST,711.42
2013-02-07,BIX 180 CST,711.66
2013-02-08,BIX 180 CST,716.02
2013-02-09,BIX 180 CST,716.02
2013-02-10,BIX 180 CST,716.02
2013-02-11,BIX 180 CST,715.42
2013-02-12,BIX 180 CST,717.35
2013-02-13,BIX 180 CST,717.27
2013-02-14,BIX 180 CST,717.44
2013-02-15,BIX 180 CST,717.86
2013-02-16,BIX 180 CST,717.86
2013-02-17,BIX 180 CST,717.86
2013-02-18,BIX 180 CST,714.82
2013-02-19,BIX 180 CST,714.77
2013-02-20,BIX 180 CST,709.14
2013-02-21,BIX 180 CST,707.67
2013-02-22,BIX 180 CST,703.11
2013-02-23,BIX 180 CST,703.11
2013-02-24,BIX 180 CST,703.11
2013-02-25,BIX 180 CST,702.95
2013-02-26,BIX 180 CST,702.2
2013-02-27,BIX 180 CST,699.12
2013-02-28,BIX 180 CST,697.87
2013-03-01,BIX 180 CST,695.28
2013-03-02,BIX 180 CST,695.28
2013-03-03,BIX 180 CST,695.28
2013-03-04,BIX 180 CST,689.71
2013-03-05,BIX 180 CST,691.01
2013-03-06,BIX 180 CST,695.73
2013-03-07,BIX 180 CST,696.18
2013-03-08,BIX 180 CST,694.65
2013-03-09,BIX 180 CST,694.65
2013-03-10,BIX 180 CST,694.65
2013-03-11,BIX 180 CST,692.95
2013-03-12,BIX 180 CST,692.65
2013-03-13,BIX 180 CST,694.84
2013-03-14,BIX 180 CST,690.51
2013-03-15,BIX 180 CST,692.3
2013-03-16,BIX 180 CST,692.3
2013-03-17,BIX 180 CST,692.3
2013-03-18,BIX 180 CST,692.69
2013-03-19,BIX 180 CST,691.55
2013-03-20,BIX 180 CST,689.42
2013-03-21,BIX 180 CST,685.57
2013-03-22,BIX 180 CST,687.76
2013-03-23,BIX 180 CST,687.76
2013-03-24,BIX 180 CST,687.76
2013-03-25,BIX 180 CST,686.86
2013-03-26,BIX 180 CST,689.34
2013-03-27,BIX 180 CST,690.77
2013-03-28,BIX 180 CST,689.53
2013-03-29,BIX 180 CST,689.53
2013-03-30,BIX 180 CST,689.53
2013-03-31,BIX 180 CST,689.53
2013-04-01,BIX 180 CST,689.53
2013-04-02,BIX 180 CST,695.17
2013-04-03,BIX 180 CST,694.98
2013-04-04,BIX 180 CST,687.14
2013-04-05,BIX 180 CST,681.44
2013-04-06,BIX 180 CST,681.44
2013-04-07,BIX 180 CST,681.44
2013-04-08,BIX 180 CST,680.4
2013-04-09,BIX 180 CST,680.07
2013-04-10,BIX 180 CST,681.94
2013-04-11,BIX 180 CST,680.58
2013-04-12,BIX 180 CST,676.58
2013-04-13,BIX 180 CST,676.58
2013-04-14,BIX 180 CST,676.58
2013-04-15,BIX 180 CST,670.66
2013-04-16,BIX 180 CST,661.44
2013-04-17,BIX 180 CST,663.22
2013-04-18,BIX 180 CST,658.72
2013-04-19,BIX 180 CST,660.93
2013-04-20,BIX 180 CST,660.93
2013-04-21,BIX 180 CST,660.93
2013-04-22,BIX 180 CST,660.34
2013-04-23,BIX 180 CST,656.86
2013-04-24,BIX 180 CST,657.31
2013-04-25,BIX 180 CST,659.7
2013-04-26,BIX 180 CST,666.66
2013-04-27,BIX 180 CST,666.66
2013-04-28,BIX 180 CST,666.66
2013-04-29,BIX 180 CST,668.92
2013-04-30,BIX 180 CST,669.39
2013-05-01,BIX 180 CST,669.39
2013-05-02,BIX 180 CST,664.31
2013-05-03,BIX 180 CST,669.64
2013-05-04,BIX 180 CST,669.64
2013-05-05,BIX 180 CST,669.64
2013-05-06,BIX 180 CST,669.64
2013-05-07,BIX 180 CST,675.93
2013-05-08,BIX 180 CST,674.9
2013-05-09,BIX 180 CST,675.29
2013-05-10,BIX 180 CST,671.81
2013-05-11,BIX 180 CST,671.81
2013-05-12,BIX 180 CST,671.81
2013-05-13,BIX 180 CST,671.61
2013-05-14,BIX 180 CST,669.14
2013-05-15,BIX 180 CST,667.27
2013-05-16,BIX 180 CST,663.94
2013-05-17,BIX 180 CST,667.13
2013-05-18,BIX 180 CST,667.13
2013-05-19,BIX 180 CST,667.13
2013-05-20,BIX 180 CST,669.74
2013-05-21,BIX 180 CST,671.08
2013-05-22,BIX 180 CST,665.86
2013-05-23,BIX 180 CST,662.46
2013-05-24,BIX 180 CST,661.04
2013-05-25,BIX 180 CST,661.04
2013-05-26,BIX 180 CST,661.04
2013-05-27,BIX 180 CST,661.04
2013-05-28,BIX 180 CST,662.6
2013-05-29,BIX 180 CST,667.55
2013-05-30,BIX 180 CST,665.46
2013-05-31,BIX 180 CST,663.25
2013-06-01,BIX 180 CST,663.25
2013-06-02,BIX 180 CST,663.25
2013-06-03,BIX 180 CST,660.06
2013-06-04,BIX 180 CST,663.04
2013-06-05,BIX 180 CST,665
2013-06-06,BIX 180 CST,667.07
2013-06-07,BIX 180 CST,667.84
2013-06-08,BIX 180 CST,667.84
2013-06-09,BIX 180 CST,667.84
2013-06-10,BIX 180 CST,666.74
2013-06-11,BIX 180 CST,666.52
2013-06-12,BIX 180 CST,666.24
2013-06-13,BIX 180 CST,669.16
2013-06-14,BIX 180 CST,669.86
2013-06-15,BIX 180 CST,669.86
2013-06-16,BIX 180 CST,669.86
2013-06-17,BIX 180 CST,675.73
2013-06-18,BIX 180 CST,674.58
2013-06-19,BIX 180 CST,675.43
2013-06-20,BIX 180 CST,673.63
2013-06-21,BIX 180 CST,665.42
2013-06-22,BIX 180 CST,665.42
2013-06-23,BIX 180 CST,665.42
2013-06-24,BIX 180 CST,661.8
2013-06-25,BIX 180 CST,661.17
2013-06-26,BIX 180 CST,660.16
2013-06-27,BIX 180 CST,658.69
2013-06-28,BIX 180 CST,659.51
2013-06-29,BIX 180 CST,659.51
2013-06-30,BIX 180 CST,659.51
2013-07-01,BIX 180 CST,660.07
2013-07-02,BIX 180 CST,661.29
2013-07-03,BIX 180 CST,663.33
2013-07-04,BIX 180 CST,662.2
2013-07-05,BIX 180 CST,665.5
2013-07-06,BIX 180 CST,665.5
2013-07-07,BIX 180 CST,665.5
2013-07-08,BIX 180 CST,666
2013-07-09,BIX 180 CST,667.18
2013-07-10,BIX 180 CST,668.42
2013-07-11,BIX 180 CST,668.9
2013-07-12,BIX 180 CST,668.32
2013-07-13,BIX 180 CST,668.32
2013-07-14,BIX 180 CST,668.32
2013-07-15,BIX 180 CST,668.17
2013-07-16,BIX 180 CST,667.12
2013-07-17,BIX 180 CST,667.73
2013-07-18,BIX 180 CST,669.96
2013-07-19,BIX 180 CST,669.9
2013-07-20,BIX 180 CST,669.9
2013-07-21,BIX 180 CST,669.9
2013-07-22,BIX 180 CST,668.52
2013-07-23,BIX 180 CST,666.63
2013-07-24,BIX 180 CST,665.99
2013-07-25,BIX 180 CST,665.03
2013-07-26,BIX 180 CST,666.28
2013-07-27,BIX 180 CST,666.28
2013-07-28,BIX 180 CST,666.28
2013-07-29,BIX 180 CST,665.41
2013-07-30,BIX 180 CST,664.13
2013-07-31,BIX 180 CST,664.16
2013-08-01,BIX 180 CST,665.52
2013-08-02,BIX 180 CST,671.46
2013-08-03,BIX 180 CST,671.46
2013-08-04,BIX 180 CST,671.46
2013-08-05,BIX 180 CST,671.11
2013-08-06,BIX 180 CST,670.76
2013-08-07,BIX 180 CST,666.71
2013-08-08,BIX 180 CST,663.61
2013-08-09,BIX 180 CST,658.17
2013-08-10,BIX 180 CST,658.17
2013-08-11,BIX 180 CST,658.17
2013-08-12,BIX 180 CST,660.74
2013-08-13,BIX 180 CST,663.87
2013-08-14,BIX 180 CST,665.37
2013-08-15,BIX 180 CST,663.06
2013-08-16,BIX 180 CST,667.6
2013-08-17,BIX 180 CST,667.6
2013-08-18,BIX 180 CST,667.6
2013-08-19,BIX 180 CST,667.76
2013-08-20,BIX 180 CST,667.79
2013-08-21,BIX 180 CST,667.25
2013-08-22,BIX 180 CST,666.5
2013-08-23,BIX 180 CST,664.41
2013-08-24,BIX 180 CST,664.41
2013-08-25,BIX 180 CST,664.41
2013-08-26,BIX 180 CST,667.09
2013-08-27,BIX 180 CST,670.48
2013-08-28,BIX 180 CST,676.58
2013-08-29,BIX 180 CST,679.9
2013-08-30,BIX 180 CST,678.01
2013-08-31,BIX 180 CST,678.01
2013-09-01,BIX 180 CST,678.01
2013-09-02,BIX 180 CST,675.19
2013-09-03,BIX 180 CST,670.53
2013-09-04,BIX 180 CST,669.4
2013-09-05,BIX 180 CST,672.04
2013-09-06,BIX 180 CST,670.15
2013-09-07,BIX 180 CST,670.15
2013-09-08,BIX 180 CST,670.15
2013-09-09,BIX 180 CST,672.48
2013-09-10,BIX 180 CST,668.52
2013-09-11,BIX 180 CST,663.97
2013-09-12,BIX 180 CST,663.89
2013-09-13,BIX 180 CST,665.23
2013-09-14,BIX 180 CST,665.23
2013-09-15,BIX 180 CST,665.23
2013-09-16,BIX 180 CST,662.97
2013-09-17,BIX 180 CST,660.87
2013-09-18,BIX 180 CST,661.34
2013-09-19,BIX 180 CST,663.66
2013-09-20,BIX 180 CST,660.4
2013-09-21,BIX 180 CST,660.4
2013-09-22,BIX 180 CST,660.4
2013-09-23,BIX 180 CST,659.02
2013-09-24,BIX 180 CST,659.59
2013-09-25,BIX 180 CST,660.23
2013-09-26,BIX 180 CST,662.76
2013-09-27,BIX 180 CST,662.14
2013-09-28,BIX 180 CST,662.14
2013-09-29,BIX 180 CST,662.14
2013-09-30,BIX 180 CST,662.11
2013-10-01,BIX 180 CST,661.52
2013-10-02,BIX 180 CST,659.23
2013-10-03,BIX 180 CST,662.22
2013-10-04,BIX 180 CST,662.44
2013-10-05,BIX 180 CST,662.44
2013-10-06,BIX 180 CST,662.44
2013-10-07,BIX 180 CST,659.98
2013-10-08,BIX 180 CST,659.39
2013-10-09,BIX 180 CST,658.05
2013-10-10,BIX 180 CST,659.19
2013-10-11,BIX 180 CST,661.1
2013-10-12,BIX 180 CST,661.1
2013-10-13,BIX 180 CST,661.1
2013-10-14,BIX 180 CST,659.09
2013-10-15,BIX 180 CST,658.92
2013-10-16,BIX 180 CST,660.53
2013-10-17,BIX 180 CST,661.12
2013-10-18,BIX 180 CST,659.75
2013-10-19,BIX 180 CST,659.75
2013-10-20,BIX 180 CST,659.75
2013-10-21,BIX 180 CST,660.62
2013-10-22,BIX 180 CST,661.08
2013-10-23,BIX 180 CST,658.75
2013-10-24,BIX 180 CST,657.63
2013-10-25,BIX 180 CST,657.85
2013-10-26,BIX 180 CST,657.85
2013-10-27,BIX 180 CST,657.85
2013-10-28,BIX 180 CST,657.63
2013-10-29,BIX 180 CST,659.08
2013-10-30,BIX 180 CST,658.74
2013-10-31,BIX 180 CST,659.38
2013-11-01,BIX 180 CST,655.22
2013-11-02,BIX 180 CST,655.22
2013-11-03,BIX 180 CST,655.22
2013-11-04,BIX 180 CST,654.66
2013-11-05,BIX 180 CST,651.72
2013-11-06,BIX 180 CST,651.03
2013-11-07,BIX 180 CST,649.1
2013-11-08,BIX 180 CST,646.77
2013-11-09,BIX 180 CST,646.77
2013-11-10,BIX 180 CST,646.77
2013-11-11,BIX 180 CST,648.51
2013-11-12,BIX 180 CST,649.63
2013-11-13,BIX 180 CST,647.07
2013-11-14,BIX 180 CST,647.58
2013-11-15,BIX 180 CST,651.52
2013-11-16,BIX 180 CST,651.52
2013-11-17,BIX 180 CST,651.52
2013-11-18,BIX 180 CST,650.52
2013-11-19,BIX 180 CST,651.37
2013-11-20,BIX 180 CST,653.04
2013-11-21,BIX 180 CST,654.25
2013-11-22,BIX 180 CST,657.38
2013-11-23,BIX 180 CST,657.38
2013-11-24,BIX 180 CST,657.38
2013-11-25,BIX 180 CST,656.5
2013-11-26,BIX 180 CST,657.67
2013-11-27,BIX 180 CST,657.96
2013-11-28,BIX 180 CST,658.05
2013-11-29,BIX 180 CST,654.65
2013-11-30,BIX 180 CST,654.65
2013-12-01,BIX 180 CST,654.65
2013-12-02,BIX 180 CST,657.34
2013-12-03,BIX 180 CST,660.3
2013-12-04,BIX 180 CST,660.98
2013-12-05,BIX 180 CST,662.5
2013-12-06,BIX 180 CST,657.92
2013-12-07,BIX 180 CST,657.92
2013-12-08,BIX 180 CST,657.92
2013-12-09,BIX 180 CST,657.34
2013-12-10,BIX 180 CST,658.63
2013-12-11,BIX 180 CST,658.69
2013-12-12,BIX 180 CST,660.14
2013-12-13,BIX 180 CST,660.71
2013-12-14,BIX 180 CST,660.71
2013-12-15,BIX 180 CST,660.71
2013-12-16,BIX 180 CST,657.18
2013-12-17,BIX 180 CST,660.62
2013-12-18,BIX 180 CST,658.87
2013-12-19,BIX 180 CST,659.35
2013-12-20,BIX 180 CST,661.19
2013-12-21,BIX 180 CST,661.19
2013-12-22,BIX 180 CST,661.19
2013-12-23,BIX 180 CST,662.48
2013-12-24,BIX 180 CST,664.06
2013-12-25,BIX 180 CST,664.06
2013-12-26,BIX 180 CST,664.06
2013-12-27,BIX 180 CST,663.29
2013-12-28,BIX 180 CST,663.29
2013-12-29,BIX 180 CST,663.29
2013-12-30,BIX 180 CST,665.25
2013-12-31,BIX 180 CST,663.01
2014-01-01,BIX 180 CST,663.01
2014-01-02,BIX 180 CST,664.73
2014-01-03,BIX 180 CST,661.42
2014-01-04,BIX 180 CST,661.42
2014-01-05,BIX 180 CST,661.42
2014-01-06,BIX 180 CST,657.47
2014-01-07,BIX 180 CST,658.87
2014-01-08,BIX 180 CST,656.99
2014-01-09,BIX 180 CST,656.08
2014-01-10,BIX 180 CST,654.4
2014-01-11,BIX 180 CST,654.4
2014-01-12,BIX 180 CST,654.4
2014-01-13,BIX 180 CST,653.48
2014-01-14,BIX 180 CST,653.05
2014-01-15,BIX 180 CST,653.13
2014-01-16,BIX 180 CST,654.76
2014-01-17,BIX 180 CST,653.8
2014-01-18,BIX 180 CST,653.8
2014-01-19,BIX 180 CST,653.8
2014-01-20,BIX 180 CST,653.86
2014-01-21,BIX 180 CST,653.95
2014-01-22,BIX 180 CST,653.85
2014-01-23,BIX 180 CST,654.3
2014-01-24,BIX 180 CST,654.71
2014-01-25,BIX 180 CST,654.71
2014-01-26,BIX 180 CST,654.71
2014-01-27,BIX 180 CST,651.87
2014-01-28,BIX 180 CST,655.52
2014-01-29,BIX 180 CST,657.72
2014-01-30,BIX 180 CST,658.87
2014-01-31,BIX 180 CST,659.06
2014-02-01,BIX 180 CST,659.06
2014-02-02,BIX 180 CST,659.06
2014-02-03,BIX 180 CST,656
2014-02-04,BIX 180 CST,655.5
2014-02-05,BIX 180 CST,656.77
2014-02-06,BIX 180 CST,658.28
2014-02-07,BIX 180 CST,658.29
2014-02-08,BIX 180 CST,658.29
2014-02-09,BIX 180 CST,658.29
2014-02-10,BIX 180 CST,662.31
2014-02-11,BIX 180 CST,660.66
2014-02-12,BIX 180 CST,659.93
2014-02-13,BIX 180 CST,658.81
2014-02-14,BIX 180 CST,657.86
2014-02-15,BIX 180 CST,657.86
2014-02-16,BIX 180 CST,657.86
2014-02-17,BIX 180 CST,660.29
2014-02-18,BIX 180 CST,661.9
2014-02-19,BIX 180 CST,663.62
2014-02-20,BIX 180 CST,666.18
2014-02-21,BIX 180 CST,666.52
2014-02-22,BIX 180 CST,666.52
2014-02-23,BIX 180 CST,666.52
2014-02-24,BIX 180 CST,666.68
2014-02-25,BIX 180 CST,667.47
2014-02-26,BIX 180 CST,666.29
2014-02-27,BIX 180 CST,664.98
2014-02-28,BIX 180 CST,664.13
2014-03-01,BIX 180 CST,664.13
2014-03-02,BIX 180 CST,664.13
2014-03-03,BIX 180 CST,664.36
2014-03-04,BIX 180 CST,667.73
2014-03-05,BIX 180 CST,663.97
2014-03-06,BIX 180 CST,665.04
2014-03-07,BIX 180 CST,664.73
2014-03-08,BIX 180 CST,664.73
2014-03-09,BIX 180 CST,664.73
2014-03-10,BIX 180 CST,664.63
2014-03-11,BIX 180 CST,663.55
2014-03-12,BIX 180 CST,660.58
2014-03-13,BIX 180 CST,661.74
2014-03-14,BIX 180 CST,661.22
2014-03-15,BIX 180 CST,661.22
2014-03-16,BIX 180 CST,661.22
2014-03-17,BIX 180 CST,662.47
2014-03-18,BIX 180 CST,660.35
2014-03-19,BIX 180 CST,658.42
2014-03-20,BIX 180 CST,658.46
2014-03-21,BIX 180 CST,658.01
2014-03-22,BIX 180 CST,658.01
2014-03-23,BIX 180 CST,658.01
2014-03-24,BIX 180 CST,658.63
2014-03-25,BIX 180 CST,656.52
2014-03-26,BIX 180 CST,657.79
2014-03-27,BIX 180 CST,657.17
2014-03-28,BIX 180 CST,654.16
2014-03-29,BIX 180 CST,654.16
2014-03-30,BIX 180 CST,654.16
2014-03-31,BIX 180 CST,656.36
2014-04-01,BIX 180 CST,653.87
2014-04-02,BIX 180 CST,659.61
2014-04-03,BIX 180 CST,654.98
2014-04-04,BIX 180 CST,652.59
2014-04-05,BIX 180 CST,652.59
2014-04-06,BIX 180 CST,652.59
2014-04-07,BIX 180 CST,658.76
2014-04-08,BIX 180 CST,655.88
2014-04-09,BIX 180 CST,656.02
2014-04-10,BIX 180 CST,658.89
2014-04-11,BIX 180 CST,657.91
2014-04-12,BIX 180 CST,657.91
2014-04-13,BIX 180 CST,657.91
2014-04-14,BIX 180 CST,657.45
2014-04-15,BIX 180 CST,658.68
2014-04-16,BIX 180 CST,658.78
2014-04-17,BIX 180 CST,657.39
2014-04-18,BIX 180 CST,657.39
2014-04-19,BIX 180 CST,657.39
2014-04-20,BIX 180 CST,657.39
2014-04-21,BIX 180 CST,657.39
2014-04-22,BIX 180 CST,657.9
2014-04-23,BIX 180 CST,658.78
2014-04-24,BIX 180 CST,659.32
2014-04-25,BIX 180 CST,657.56
2014-04-26,BIX 180 CST,657.56
2014-04-27,BIX 180 CST,657.56
2014-04-28,BIX 180 CST,659.3
2014-04-29,BIX 180 CST,658.9
2014-04-30,BIX 180 CST,657.96
2014-05-01,BIX 180 CST,657.96
2014-05-02,BIX 180 CST,656.47
2014-05-03,BIX 180 CST,656.47
2014-05-04,BIX 180 CST,656.47
2014-05-05,BIX 180 CST,653.22
2014-05-06,BIX 180 CST,655.43
2014-05-07,BIX 180 CST,655.75
2014-05-08,BIX 180 CST,655.74
2014-05-09,BIX 180 CST,655.35
2014-05-10,BIX 180 CST,655.35
2014-05-11,BIX 180 CST,655.35
2014-05-12,BIX 180 CST,655.47
2014-05-13,BIX 180 CST,656.81
2014-05-14,BIX 180 CST,658.32
2014-05-15,BIX 180 CST,659.48
2014-05-16,BIX 180 CST,657.8
2014-05-17,BIX 180 CST,657.8
2014-05-18,BIX 180 CST,657.8
2014-05-19,BIX 180 CST,659.72
2014-05-20,BIX 180 CST,658.78
2014-05-21,BIX 180 CST,656.41
2014-05-22,BIX 180 CST,659.53
2014-05-23,BIX 180 CST,660.99
2014-05-24,BIX 180 CST,660.99
2014-05-25,BIX 180 CST,660.99
2014-05-26,BIX 180 CST,660.99
2014-05-27,BIX 180 CST,660.37
2014-05-28,BIX 180 CST,657.18
2014-05-29,BIX 180 CST,660.18
2014-05-30,BIX 180 CST,660.3
2014-05-31,BIX 180 CST,660.3
2014-06-01,BIX 180 CST,660.3
2014-06-02,BIX 180 CST,657.29
2014-06-03,BIX 180 CST,659.29
2014-06-04,BIX 180 CST,656.3
2014-06-05,BIX 180 CST,657.89
2014-06-06,BIX 180 CST,658.12
2014-06-07,BIX 180 CST,658.12
2014-06-08,BIX 180 CST,658.12
2014-06-09,BIX 180 CST,657.87
2014-06-10,BIX 180 CST,658.86
2014-06-11,BIX 180 CST,658.89
2014-06-12,BIX 180 CST,662.48
2014-06-13,BIX 180 CST,665.46
2014-06-14,BIX 180 CST,665.46
2014-06-15,BIX 180 CST,665.46
2014-06-16,BIX 180 CST,664.84
2014-06-17,BIX 180 CST,665.29
2014-06-18,BIX 180 CST,667.2
2014-06-19,BIX 180 CST,669.23
2014-06-20,BIX 180 CST,669.78
2014-06-21,BIX 180 CST,669.78
2014-06-22,BIX 180 CST,669.78
2014-06-23,BIX 180 CST,671.84
2014-06-24,BIX 180 CST,671.32
2014-06-25,BIX 180 CST,671.76
2014-06-26,BIX 180 CST,671.42
2014-06-27,BIX 180 CST,669.61
2014-06-28,BIX 180 CST,669.61
2014-06-29,BIX 180 CST,669.61
2014-06-30,BIX 180 CST,669.03
2014-07-01,BIX 180 CST,668.26
2014-07-02,BIX 180 CST,667.34
2014-07-03,BIX 180 CST,660.27
2014-07-04,BIX 180 CST,660.69
2014-07-05,BIX 180 CST,660.69
2014-07-06,BIX 180 CST,660.69
2014-07-07,BIX 180 CST,660.38
2014-07-08,BIX 180 CST,661.23
2014-07-09,BIX 180 CST,657.48
2014-07-10,BIX 180 CST,651.34
2014-07-11,BIX 180 CST,654.05
2014-07-12,BIX 180 CST,654.05
2014-07-13,BIX 180 CST,654.05
2014-07-14,BIX 180 CST,653.76
2014-07-15,BIX 180 CST,653.36
2014-07-16,BIX 180 CST,654.23
2014-07-17,BIX 180 CST,655.23
2014-07-18,BIX 180 CST,655.29
2014-07-19,BIX 180 CST,655.29
2014-07-20,BIX 180 CST,655.29
2014-07-21,BIX 180 CST,656.63
2014-07-22,BIX 180 CST,655.73
2014-07-23,BIX 180 CST,654.85
2014-07-24,BIX 180 CST,656.32
2014-07-25,BIX 180 CST,655.48
2014-07-26,BIX 180 CST,655.48
2014-07-27,BIX 180 CST,655.48
2014-07-28,BIX 180 CST,655.97
2014-07-29,BIX 180 CST,655.52
2014-07-30,BIX 180 CST,656.79
2014-07-31,BIX 180 CST,656.61
2014-08-01,BIX 180 CST,654.99
2014-08-02,BIX 180 CST,654.99
2014-08-03,BIX 180 CST,654.99
2014-08-04,BIX 180 CST,654.18
2014-08-05,BIX 180 CST,654.6
2014-08-06,BIX 180 CST,652.3
2014-08-07,BIX 180 CST,650.57
2014-08-08,BIX 180 CST,653.43
2014-08-09,BIX 180 CST,653.43
2014-08-10,BIX 180 CST,653.43
2014-08-11,BIX 180 CST,653.23
2014-08-12,BIX 180 CST,653.11
2014-08-13,BIX 180 CST,650.52
2014-08-14,BIX 180 CST,649.78
2014-08-15,BIX 180 CST,648.72
2014-08-16,BIX 180 CST,648.72
2014-08-17,BIX 180 CST,648.72
2014-08-18,BIX 180 CST,648.88
2014-08-19,BIX 180 CST,646.69
2014-08-20,BIX 180 CST,646.37
2014-08-21,BIX 180 CST,647.27
2014-08-22,BIX 180 CST,647.34
2014-08-23,BIX 180 CST,647.34
2014-08-24,BIX 180 CST,647.34
2014-08-25,BIX 180 CST,645.95
2014-08-26,BIX 180 CST,645.98
2014-08-27,BIX 180 CST,647.54
2014-08-28,BIX 180 CST,650.64
2014-08-29,BIX 180 CST,650.33
2014-08-30,BIX 180 CST,650.33
2014-08-31,BIX 180 CST,650.33
2014-09-01,BIX 180 CST,649.83
2014-09-02,BIX 180 CST,648.97
2014-09-03,BIX 180 CST,644.83
2014-09-04,BIX 180 CST,647.45
2014-09-05,BIX 180 CST,647.45
2014-09-06,BIX 180 CST,647.45
2014-09-07,BIX 180 CST,647.45
2014-09-08,BIX 180 CST,644.61
2014-09-09,BIX 180 CST,642.36
2014-09-10,BIX 180 CST,642.12
2014-09-11,BIX 180 CST,639.7
2014-09-12,BIX 180 CST,639.64
2014-09-13,BIX 180 CST,639.64
2014-09-14,BIX 180 CST,639.64
2014-09-15,BIX 180 CST,636.43
2014-09-16,BIX 180 CST,634.29
2014-09-17,BIX 180 CST,634.5
2014-09-18,BIX 180 CST,633.95
2014-09-19,BIX 180 CST,632.39
2014-09-20,BIX 180 CST,632.39
2014-09-21,BIX 180 CST,632.39
2014-09-22,BIX 180 CST,631.11
2014-09-23,BIX 180 CST,630.41
2014-09-24,BIX 180 CST,630.18
2014-09-25,BIX 180 CST,630.23
2014-09-26,BIX 180 CST,630.56
2014-09-27,BIX 180 CST,630.56
2014-09-28,BIX 180 CST,630.56
2014-09-29,BIX 180 CST,629.65
2014-09-30,BIX 180 CST,629.23
2014-10-01,BIX 180 CST,627.25
2014-10-02,BIX 180 CST,628.23
2014-10-03,BIX 180 CST,624.81
2014-10-04,BIX 180 CST,624.81
2014-10-05,BIX 180 CST,624.81
2014-10-06,BIX 180 CST,617.82
2014-10-07,BIX 180 CST,616.8
2014-10-08,BIX 180 CST,609.58
2014-10-09,BIX 180 CST,603.66
2014-10-10,BIX 180 CST,598.96
2014-10-11,BIX 180 CST,598.96
2014-10-12,BIX 180 CST,598.96
2014-10-13,BIX 180 CST,594.69
2014-10-14,BIX 180 CST,587.82
2014-10-15,BIX 180 CST,579.13
2014-10-16,BIX 180 CST,565.51
2014-10-17,BIX 180 CST,564.42
2014-10-18,BIX 180 CST,564.42
2014-10-19,BIX 180 CST,564.42
2014-10-20,BIX 180 CST,566.31
2014-10-21,BIX 180 CST,562.51
2014-10-22,BIX 180 CST,561.28
2014-10-23,BIX 180 CST,561.29
2014-10-24,BIX 180 CST,556.19
2014-10-25,BIX 180 CST,556.19
2014-10-26,BIX 180 CST,556.19
2014-10-27,BIX 180 CST,553.25
2014-10-28,BIX 180 CST,552.44
2014-10-29,BIX 180 CST,553.48
2014-10-30,BIX 180 CST,555.56
2014-10-31,BIX 180 CST,552.47
2014-11-01,BIX 180 CST,552.47
2014-11-02,BIX 180 CST,552.47
2014-11-03,BIX 180 CST,549.95
2014-11-04,BIX 180 CST,547.77
2014-11-05,BIX 180 CST,540.46
2014-11-06,BIX 180 CST,539.47
2014-11-07,BIX 180 CST,536.57
2014-11-08,BIX 180 CST,536.57
2014-11-09,BIX 180 CST,536.57
2014-11-10,BIX 180 CST,539.44
2014-11-11,BIX 180 CST,539.28
2014-11-12,BIX 180 CST,538.92
2014-11-13,BIX 180 CST,537.04
2014-11-14,BIX 180 CST,531.44
2014-11-15,BIX 180 CST,531.44
2014-11-16,BIX 180 CST,531.44
2014-11-17,BIX 180 CST,527.28
2014-11-18,BIX 180 CST,526.26
2014-11-19,BIX 180 CST,523.58
2014-11-20,BIX 180 CST,521.33
2014-11-21,BIX 180 CST,517.99
2014-11-22,BIX 180 CST,517.99
2014-11-23,BIX 180 CST,517.99
2014-11-24,BIX 180 CST,521.48
2014-11-25,BIX 180 CST,518.5
2014-11-26,BIX 180 CST,516.44
2014-11-27,BIX 180 CST,512.53
2014-11-28,BIX 180 CST,499.55
2014-11-29,BIX 180 CST,499.55
2014-11-30,BIX 180 CST,499.55
2014-12-01,BIX 180 CST,496.82
2014-12-02,BIX 180 CST,489.7
2014-12-03,BIX 180 CST,485.74
2014-12-04,BIX 180 CST,481.14
2014-12-05,BIX 180 CST,474.53
2014-12-06,BIX 180 CST,474.53
2014-12-07,BIX 180 CST,474.53
2014-12-08,BIX 180 CST,468.6
2014-12-09,BIX 180 CST,462.78
2014-12-10,BIX 180 CST,459.49
2014-12-11,BIX 180 CST,449.46
2014-12-12,BIX 180 CST,441.05
2014-12-13,BIX 180 CST,441.05
2014-12-14,BIX 180 CST,441.05
2014-12-15,BIX 180 CST,432.8
2014-12-16,BIX 180 CST,420.34
2014-12-17,BIX 180 CST,416.29
2014-12-18,BIX 180 CST,411
2014-12-19,BIX 180 CST,407.09
2014-12-20,BIX 180 CST,407.09
2014-12-21,BIX 180 CST,407.09
2014-12-22,BIX 180 CST,409.52
2014-12-23,BIX 180 CST,408.64
2014-12-24,BIX 180 CST,407.65
2014-12-25,BIX 180 CST,407.65
2014-12-26,BIX 180 CST,407.65
2014-12-27,BIX 180 CST,407.65
2014-12-28,BIX 180 CST,407.65
2014-12-29,BIX 180 CST,411.18
2014-12-30,BIX 180 CST,407.5
2014-12-31,BIX 180 CST,406.24
2015-01-01,BIX 180 CST,406.24
2015-01-02,BIX 180 CST,393.08
2015-01-03,BIX 180 CST,393.08
2015-01-04,BIX 180 CST,393.08
2015-01-05,BIX 180 CST,389.94
2015-01-06,BIX 180 CST,385.31
2015-01-07,BIX 180 CST,379
2015-01-08,BIX 180 CST,375.22
2015-01-09,BIX 180 CST,372.77
2015-01-10,BIX 180 CST,372.77
2015-01-11,BIX 180 CST,372.77
2015-01-12,BIX 180 CST,369.6
2015-01-13,BIX 180 CST,368.95
2015-01-14,BIX 180 CST,363.11
2015-01-15,BIX 180 CST,361.5
2015-01-16,BIX 180 CST,360.56
2015-01-17,BIX 180 CST,360.56
2015-01-18,BIX 180 CST,360.56
2015-01-19,BIX 180 CST,356.85
2015-01-20,BIX 180 CST,355.93
2015-01-21,BIX 180 CST,354.92
2015-01-22,BIX 180 CST,356.36
2015-01-23,BIX 180 CST,355.83
2015-01-24,BIX 180 CST,355.83
2015-01-25,BIX 180 CST,355.83
2015-01-26,BIX 180 CST,355.26
2015-01-27,BIX 180 CST,352.67
2015-01-28,BIX 180 CST,350.78
2015-01-29,BIX 180 CST,351.98
2015-01-30,BIX 180 CST,352
2015-01-31,BIX 180 CST,352
2015-02-01,BIX 180 CST,352
2015-02-02,BIX 180 CST,357.71
2015-02-03,BIX 180 CST,367.68
2015-02-04,BIX 180 CST,375.46
2015-02-05,BIX 180 CST,377.04
2015-02-06,BIX 180 CST,383.93
2015-02-07,BIX 180 CST,383.93
2015-02-08,BIX 180 CST,383.93
2015-02-09,BIX 180 CST,388.99
2015-02-10,BIX 180 CST,391.1
2015-02-11,BIX 180 CST,390
2015-02-12,BIX 180 CST,386.11
2015-02-13,BIX 180 CST,397.69
2015-02-14,BIX 180 CST,397.69
2015-02-15,BIX 180 CST,397.69
2015-02-16,BIX 180 CST,402.67
2015-02-17,BIX 180 CST,405.51
2015-02-18,BIX 180 CST,412.51
2015-02-19,BIX 180 CST,409.87
2015-02-20,BIX 180 CST,409.58
2015-02-21,BIX 180 CST,409.58
2015-02-22,BIX 180 CST,409.58
2015-02-23,BIX 180 CST,409.7
2015-02-24,BIX 180 CST,406.29
2015-02-25,BIX 180 CST,404.28
2015-02-26,BIX 180 CST,408.19
2015-02-27,BIX 180 CST,413.73
2015-02-28,BIX 180 CST,413.73
2015-03-01,BIX 180 CST,413.73
2015-03-02,BIX 180 CST,414.84
2015-03-03,BIX 180 CST,412.1
2015-03-04,BIX 180 CST,408.2
2015-03-05,BIX 180 CST,407.18
2015-03-06,BIX 180 CST,406.33
2015-03-07,BIX 180 CST,406.33
2015-03-08,BIX 180 CST,406.33
2015-03-09,BIX 180 CST,403.48
2015-03-10,BIX 180 CST,399.98
2015-03-11,BIX 180 CST,394.78
2015-03-12,BIX 180 CST,395.89
2015-03-13,BIX 180 CST,396.72
2015-03-14,BIX 180 CST,396.72
2015-03-15,BIX 180 CST,396.72
2015-03-16,BIX 180 CST,387.34
2015-03-17,BIX 180 CST,384.8
2015-03-18,BIX 180 CST,381.02
2015-03-19,BIX 180 CST,384.27
2015-03-20,BIX 180 CST,384.26
2015-03-21,BIX 180 CST,384.26
2015-03-22,BIX 180 CST,384.26
2015-03-23,BIX 180 CST,383.08
2015-03-24,BIX 180 CST,389.79
2015-03-25,BIX 180 CST,389.71
2015-03-26,BIX 180 CST,399.76
2015-03-27,BIX 180 CST,395.98
2015-03-28,BIX 180 CST,395.98
2015-03-29,BIX 180 CST,395.98
2015-03-30,BIX 180 CST,392.24
2015-03-31,BIX 180 CST,388.92
2015-04-01,BIX 180 CST,383.4
2015-04-02,BIX 180 CST,386.73
2015-04-03,BIX 180 CST,386.73
2015-04-04,BIX 180 CST,386.73
2015-04-05,BIX 180 CST,386.73
2015-04-06,BIX 180 CST,385.87
2015-04-07,BIX 180 CST,388.02
2015-04-08,BIX 180 CST,390.89
2015-04-09,BIX 180 CST,387.69
2015-04-10,BIX 180 CST,388.19
2015-04-11,BIX 180 CST,388.19
2015-04-12,BIX 180 CST,388.19
2015-04-13,BIX 180 CST,394.5
2015-04-14,BIX 180 CST,394.87
2015-04-15,BIX 180 CST,396.95
2015-04-16,BIX 180 CST,402.01
2015-04-17,BIX 180 CST,406.11
2015-04-18,BIX 180 CST,406.11
2015-04-19,BIX 180 CST,406.11
2015-04-20,BIX 180 CST,409.48
2015-04-21,BIX 180 CST,409.64
2015-04-22,BIX 180 CST,408.49
2015-04-23,BIX 180 CST,406.55
2015-04-24,BIX 180 CST,413.32
2015-04-25,BIX 180 CST,413.32
2015-04-26,BIX 180 CST,413.32
2015-04-27,BIX 180 CST,414.36
2015-04-28,BIX 180 CST,415.07
2015-04-29,BIX 180 CST,416.35
2015-04-30,BIX 180 CST,420.38
2015-05-01,BIX 180 CST,420.41
2015-05-02,BIX 180 CST,420.41
2015-05-03,BIX 180 CST,420.41
2015-05-04,BIX 180 CST,424.22
2015-05-05,BIX 180 CST,427.78
2015-05-06,BIX 180 CST,435.59
2015-05-07,BIX 180 CST,435.33
2015-05-08,BIX 180 CST,432.04
2015-05-09,BIX 180 CST,432.04
2015-05-10,BIX 180 CST,432.04
2015-05-11,BIX 180 CST,431.64
2015-05-12,BIX 180 CST,430.32
2015-05-13,BIX 180 CST,435.6
2015-05-14,BIX 180 CST,434.76
2015-05-15,BIX 180 CST,434.5
2015-05-16,BIX 180 CST,434.5
2015-05-17,BIX 180 CST,434.5
2015-05-18,BIX 180 CST,433.39
2015-05-19,BIX 180 CST,432.73
2015-05-20,BIX 180 CST,426.97
2015-05-21,BIX 180 CST,426.99
2015-05-22,BIX 180 CST,431.5
2015-05-23,BIX 180 CST,431.5
2015-05-24,BIX 180 CST,431.5
2015-05-25,BIX 180 CST,429.96
2015-05-26,BIX 180 CST,427.38
2015-05-27,BIX 180 CST,425.06
2015-05-28,BIX 180 CST,421.79
2015-05-29,BIX 180 CST,422.96
2015-05-30,BIX 180 CST,422.96
2015-05-31,BIX 180 CST,422.96
2015-06-01,BIX 180 CST,427.02
2015-06-02,BIX 180 CST,424.51
2015-06-03,BIX 180 CST,427.49
2015-06-04,BIX 180 CST,422.14
2015-06-05,BIX 180 CST,416
2015-06-06,BIX 180 CST,416
2015-06-07,BIX 180 CST,416
2015-06-08,BIX 180 CST,415.29
2015-06-09,BIX 180 CST,416.01
2015-06-10,BIX 180 CST,420.08
2015-06-11,BIX 180 CST,420.47
2015-06-12,BIX 180 CST,418.2
2015-06-13,BIX 180 CST,418.2
2015-06-14,BIX 180 CST,418.2
2015-06-15,BIX 180 CST,417.79
2015-06-16,BIX 180 CST,414.31
2015-06-17,BIX 180 CST,416.02
2015-06-18,BIX 180 CST,417.04
2015-06-19,BIX 180 CST,417.32
2015-06-20,BIX 180 CST,417.32
2015-06-21,BIX 180 CST,417.32
2015-06-22,BIX 180 CST,413.76
2015-06-23,BIX 180 CST,414.27
2015-06-24,BIX 180 CST,415.54
2015-06-25,BIX 180 CST,413.68
2015-06-26,BIX 180 CST,409.56
2015-06-27,BIX 180 CST,409.56
2015-06-28,BIX 180 CST,409.56
2015-06-29,BIX 180 CST,408.49
2015-06-30,BIX 180 CST,408.64
2015-07-01,BIX 180 CST,408.7
2015-07-02,BIX 180 CST,406.68
2015-07-03,BIX 180 CST,406.01
2015-07-04,BIX 180 CST,406.01
2015-07-05,BIX 180 CST,406.01
2015-07-06,BIX 180 CST,397.6
2015-07-07,BIX 180 CST,389.82
2015-07-08,BIX 180 CST,385.6
2015-07-09,BIX 180 CST,386.71
2015-07-10,BIX 180 CST,389.27
2015-07-11,BIX 180 CST,389.27
2015-07-12,BIX 180 CST,389.27
2015-07-13,BIX 180 CST,386.75
2015-07-14,BIX 180 CST,385.96
2015-07-15,BIX 180 CST,385.34
2015-07-16,BIX 180 CST,383.58
2015-07-17,BIX 180 CST,382.36
2015-07-18,BIX 180 CST,382.36
2015-07-19,BIX 180 CST,382.36
2015-07-20,BIX 180 CST,379.71
2015-07-21,BIX 180 CST,379.19
2015-07-22,BIX 180 CST,377.62
2015-07-23,BIX 180 CST,374.89
2015-07-24,BIX 180 CST,369.84
2015-07-25,BIX 180 CST,369.84
2015-07-26,BIX 180 CST,369.84
2015-07-27,BIX 180 CST,364.61
2015-07-28,BIX 180 CST,362.59
2015-07-29,BIX 180 CST,361.51
2015-07-30,BIX 180 CST,361.17
2015-07-31,BIX 180 CST,360.96
2015-08-01,BIX 180 CST,360.96
2015-08-02,BIX 180 CST,360.96
2015-08-03,BIX 180 CST,353.8
2015-08-04,BIX 180 CST,350.76
2015-08-05,BIX 180 CST,349.41
2015-08-06,BIX 180 CST,347.56
2015-08-07,BIX 180 CST,345.52
2015-08-08,BIX 180 CST,345.52
2015-08-09,BIX 180 CST,345.52
2015-08-10,BIX 180 CST,344.59
2015-08-11,BIX 180 CST,345.64
2015-08-12,BIX 180 CST,342.75
2015-08-13,BIX 180 CST,341.52
2015-08-14,BIX 180 CST,339.86
2015-08-15,BIX 180 CST,339.86
2015-08-16,BIX 180 CST,339.86
2015-08-17,BIX 180 CST,335.65
2015-08-18,BIX 180 CST,333.9
2015-08-19,BIX 180 CST,331.19
2015-08-20,BIX 180 CST,325.39
2015-08-21,BIX 180 CST,319.25
2015-08-22,BIX 180 CST,319.25
2015-08-23,BIX 180 CST,319.25
2015-08-24,BIX 180 CST,307.21
2015-08-25,BIX 180 CST,299.52
2015-08-26,BIX 180 CST,300.54
2015-08-27,BIX 180 CST,299.75
2015-08-28,BIX 180 CST,312.13
2015-08-29,BIX 180 CST,312.13
2015-08-30,BIX 180 CST,312.13
2015-08-31,BIX 180 CST,317.18
2015-09-01,BIX 180 CST,326.63
2015-09-02,BIX 180 CST,325.01
2015-09-03,BIX 180 CST,327.97
2015-09-04,BIX 180 CST,328.78
2015-09-05,BIX 180 CST,328.78
2015-09-06,BIX 180 CST,328.78
2015-09-07,BIX 180 CST,326.41
2015-09-08,BIX 180 CST,318.93
2015-09-09,BIX 180 CST,317.97
2015-09-10,BIX 180 CST,315.2
2015-09-11,BIX 180 CST,313.43
2015-09-12,BIX 180 CST,313.43
2015-09-13,BIX 180 CST,313.43
2015-09-14,BIX 180 CST,312.13
2015-09-15,BIX 180 CST,307.13
2015-09-16,BIX 180 CST,309.44
2015-09-17,BIX 180 CST,314.76
2015-09-18,BIX 180 CST,311.86
2015-09-19,BIX 180 CST,311.86
2015-09-20,BIX 180 CST,311.86
2015-09-21,BIX 180 CST,308.34
2015-09-22,BIX 180 CST,308.21
2015-09-23,BIX 180 CST,308.2
2015-09-24,BIX 180 CST,308.62
2015-09-25,BIX 180 CST,308.32
2015-09-26,BIX 180 CST,308.32
2015-09-27,BIX 180 CST,308.32
2015-09-28,BIX 180 CST,313.36
2015-09-29,BIX 180 CST,311.27
2015-09-30,BIX 180 CST,311.64
2015-10-01,BIX 180 CST,312.57
2015-10-02,BIX 180 CST,312.75
2015-10-03,BIX 180 CST,312.75
2015-10-04,BIX 180 CST,312.75
2015-10-05,BIX 180 CST,314.02
2015-10-06,BIX 180 CST,316.9
2015-10-07,BIX 180 CST,324.46
2015-10-08,BIX 180 CST,324.61
2015-10-09,BIX 180 CST,325.72
2015-10-10,BIX 180 CST,325.72
2015-10-11,BIX 180 CST,325.72
2015-10-12,BIX 180 CST,325.42
2015-10-13,BIX 180 CST,322.95
2015-10-14,BIX 180 CST,319.68
2015-10-15,BIX 180 CST,316.66
2015-10-16,BIX 180 CST,317.27
2015-10-17,BIX 180 CST,317.27
2015-10-18,BIX 180 CST,317.27
2015-10-19,BIX 180 CST,317.85
2015-10-20,BIX 180 CST,315.08
2015-10-21,BIX 180 CST,314.72
2015-10-22,BIX 180 CST,321.06
2015-10-23,BIX 180 CST,321.72
2015-10-24,BIX 180 CST,321.72
2015-10-25,BIX 180 CST,321.72
2015-10-26,BIX 180 CST,307.72
2015-10-27,BIX 180 CST,306.78
2015-10-28,BIX 180 CST,306.26
2015-10-29,BIX 180 CST,308.94
2015-10-30,BIX 180 CST,309.2
2015-10-31,BIX 180 CST,309.2
2015-11-01,BIX 180 CST,309.2
2015-11-02,BIX 180 CST,309.31
2015-11-03,BIX 180 CST,307.99
2015-11-04,BIX 180 CST,313.67
2015-11-05,BIX 180 CST,309.95
2015-11-06,BIX 180 CST,312.35
2015-11-07,BIX 180 CST,312.35
2015-11-08,BIX 180 CST,312.35
2015-11-09,BIX 180 CST,310.77
2015-11-10,BIX 180 CST,308.82
2015-11-11,BIX 180 CST,307.96
2015-11-12,BIX 180 CST,303.63
2015-11-13,BIX 180 CST,299.63
2015-11-14,BIX 180 CST,299.63
2015-11-15,BIX 180 CST,299.63
2015-11-16,BIX 180 CST,298.76
2015-11-17,BIX 180 CST,297.53
2015-11-18,BIX 180 CST,295.83
2015-11-19,BIX 180 CST,292.61
2015-11-20,BIX 180 CST,293.36
2015-11-21,BIX 180 CST,293.36
2015-11-22,BIX 180 CST,293.36
2015-11-23,BIX 180 CST,292.37
2015-11-24,BIX 180 CST,294.87
2015-11-25,BIX 180 CST,294.3
2015-11-26,BIX 180 CST,293.13
2015-11-27,BIX 180 CST,291.56
2015-11-28,BIX 180 CST,291.56
2015-11-29,BIX 180 CST,291.56
2015-11-30,BIX 180 CST,291.14
2015-12-01,BIX 180 CST,286.23
2015-12-02,BIX 180 CST,284.5
2015-12-03,BIX 180 CST,280.58
2015-12-04,BIX 180 CST,282.06
2015-12-05,BIX 180 CST,282.06
2015-12-06,BIX 180 CST,282.06
2015-12-07,BIX 180 CST,278.88
2015-12-08,BIX 180 CST,272.35
2015-12-09,BIX 180 CST,267.7
2015-12-10,BIX 180 CST,266.34
2015-12-11,BIX 180 CST,265.63
2015-12-12,BIX 180 CST,265.63
2015-12-13,BIX 180 CST,265.63
2015-12-14,BIX 180 CST,262.27
2015-12-15,BIX 180 CST,256.39
2015-12-16,BIX 180 CST,255.44
2015-12-17,BIX 180 CST,251.47
2015-12-18,BIX 180 CST,251.65
2015-12-19,BIX 180 CST,251.65
2015-12-20,BIX 180 CST,251.65
2015-12-21,BIX 180 CST,251.92
2015-12-22,BIX 180 CST,248.73
2015-12-23,BIX 180 CST,247.55
2015-12-24,BIX 180 CST,248
2015-12-25,BIX 180 CST,248
2015-12-26,BIX 180 CST,248
2015-12-27,BIX 180 CST,248
2015-12-28,BIX 180 CST,248.28
2015-12-29,BIX 180 CST,247.63
2015-12-30,BIX 180 CST,248.75
2015-12-31,BIX 180 CST,246.61
2016-01-01,BIX 180 CST,246.61
2016-01-02,BIX 180 CST,246.61
2016-01-03,BIX 180 CST,246.61
2016-01-04,BIX 180 CST,244.81
2016-01-05,BIX 180 CST,243.96
2016-01-06,BIX 180 CST,241.7
2016-01-07,BIX 180 CST,234.81
2016-01-08,BIX 180 CST,237.72
2016-01-09,BIX 180 CST,237.72
2016-01-10,BIX 180 CST,237.72
2016-01-11,BIX 180 CST,231.78
2016-01-12,BIX 180 CST,225.95
2016-01-13,BIX 180 CST,224.45
2016-01-14,BIX 180 CST,223.35
2016-01-15,BIX 180 CST,221
2016-01-16,BIX 180 CST,221
2016-01-17,BIX 180 CST,221
2016-01-18,BIX 180 CST,219.46
2016-01-19,BIX 180 CST,215.18
2016-01-20,BIX 180 CST,217.65
2016-01-21,BIX 180 CST,216.43
2016-01-22,BIX 180 CST,222.2
2016-01-23,BIX 180 CST,222.2
2016-01-24,BIX 180 CST,222.2
2016-01-25,BIX 180 CST,226.27
2016-01-26,BIX 180 CST,223.57
2016-01-27,BIX 180 CST,224.46
2016-01-28,BIX 180 CST,227.51
2016-01-29,BIX 180 CST,232.98
2016-01-30,BIX 180 CST,232.98
2016-01-31,BIX 180 CST,232.98
2016-02-01,BIX 180 CST,233.91
2016-02-02,BIX 180 CST,232.22
2016-02-03,BIX 180 CST,230.35
2016-02-04,BIX 180 CST,233.77
2016-02-05,BIX 180 CST,232.71
2016-02-06,BIX 180 CST,232.71
2016-02-07,BIX 180 CST,232.71
2016-02-08,BIX 180 CST,230.97
2016-02-09,BIX 180 CST,231.35
2016-02-10,BIX 180 CST,228.89
2016-02-11,BIX 180 CST,225.88
2016-02-12,BIX 180 CST,225.75
2016-02-13,BIX 180 CST,225.75
2016-02-14,BIX 180 CST,225.75
2016-02-15,BIX 180 CST,228.26
2016-02-16,BIX 180 CST,230.39
2016-02-17,BIX 180 CST,228.26
2016-02-18,BIX 180 CST,232.79
2016-02-19,BIX 180 CST,230.66
2016-02-20,BIX 180 CST,230.66
2016-02-21,BIX 180 CST,230.66
2016-02-22,BIX 180 CST,228.65
2016-02-23,BIX 180 CST,230.09
2016-02-24,BIX 180 CST,226.6
2016-02-25,BIX 180 CST,227.31
2016-02-26,BIX 180 CST,229.14
2016-02-27,BIX 180 CST,229.14
2016-02-28,BIX 180 CST,229.14
2016-02-29,BIX 180 CST,229.84
2016-03-01,BIX 180 CST,230.6
2016-03-02,BIX 180 CST,230.72
2016-03-03,BIX 180 CST,230.35
2016-03-04,BIX 180 CST,241.7
2016-03-05,BIX 180 CST,241.7
2016-03-06,BIX 180 CST,241.7
2016-03-07,BIX 180 CST,234.42
2016-03-08,BIX 180 CST,240.41
2016-03-09,BIX 180 CST,240.81
2016-03-10,BIX 180 CST,244.23
2016-03-11,BIX 180 CST,243.19
2016-03-12,BIX 180 CST,243.19
2016-03-13,BIX 180 CST,243.19
2016-03-14,BIX 180 CST,244.6
2016-03-15,BIX 180 CST,242.25
2016-03-16,BIX 180 CST,240.97
2016-03-17,BIX 180 CST,243.13
2016-03-18,BIX 180 CST,245.2
2016-03-19,BIX 180 CST,245.2
2016-03-20,BIX 180 CST,245.2
2016-03-21,BIX 180 CST,243.98
2016-03-22,BIX 180 CST,243.96
2016-03-23,BIX 180 CST,246
2016-03-24,BIX 180 CST,245.35
2016-03-25,BIX 180 CST,245.35
2016-03-26,BIX 180 CST,245.35
2016-03-27,BIX 180 CST,245.35
2016-03-28,BIX 180 CST,245.22
2016-03-29,BIX 180 CST,244.64
2016-03-30,BIX 180 CST,242.85
2016-03-31,BIX 180 CST,244.18
2016-04-01,BIX 180 CST,245.07
2016-04-02,BIX 180 CST,245.07
2016-04-03,BIX 180 CST,245.07
2016-04-04,BIX 180 CST,241.86
2016-04-05,BIX 180 CST,238.06
2016-04-06,BIX 180 CST,238.22
2016-04-07,BIX 180 CST,241.8
2016-04-08,BIX 180 CST,243.45
2016-04-09,BIX 180 CST,243.45
2016-04-10,BIX 180 CST,243.45
2016-04-11,BIX 180 CST,246.09
2016-04-12,BIX 180 CST,250.82
2016-04-13,BIX 180 CST,252.97
2016-04-14,BIX 180 CST,254.71
2016-04-15,BIX 180 CST,255.5
2016-04-16,BIX 180 CST,255.5
2016-04-17,BIX 180 CST,255.5
2016-04-18,BIX 180 CST,251.63
2016-04-19,BIX 180 CST,252.8
2016-04-20,BIX 180 CST,253.23
2016-04-21,BIX 180 CST,258.35
2016-04-22,BIX 180 CST,259.46
2016-04-23,BIX 180 CST,259.46
2016-04-24,BIX 180 CST,259.46
2016-04-25,BIX 180 CST,261.57
2016-04-26,BIX 180 CST,259.94
2016-04-27,BIX 180 CST,266.11
2016-04-28,BIX 180 CST,268.98
2016-04-29,BIX 180 CST,273.15
2016-04-30,BIX 180 CST,273.15
2016-05-01,BIX 180 CST,273.15
2016-05-02,BIX 180 CST,275.28
2016-05-03,BIX 180 CST,274.37
2016-05-04,BIX 180 CST,273.29
2016-05-05,BIX 180 CST,274.31
2016-05-06,BIX 180 CST,271.87
2016-05-07,BIX 180 CST,271.87
2016-05-08,BIX 180 CST,271.87
2016-05-09,BIX 180 CST,275.49
2016-05-10,BIX 180 CST,273.26
2016-05-11,BIX 180 CST,275.47
2016-05-12,BIX 180 CST,280.56
2016-05-13,BIX 180 CST,282.13
2016-05-14,BIX 180 CST,282.13
2016-05-15,BIX 180 CST,282.13
2016-05-16,BIX 180 CST,284.85
2016-05-17,BIX 180 CST,287.27
2016-05-18,BIX 180 CST,288.19
2016-05-19,BIX 180 CST,287.74
2016-05-20,BIX 180 CST,288.87
2016-05-21,BIX 180 CST,288.87
2016-05-22,BIX 180 CST,288.87
2016-05-23,BIX 180 CST,290.02
2016-05-24,BIX 180 CST,288.98
2016-05-25,BIX 180 CST,290.8
2016-05-26,BIX 180 CST,292
2016-05-27,BIX 180 CST,292.25
2016-05-28,BIX 180 CST,292.25
2016-05-29,BIX 180 CST,292.25
2016-05-30,BIX 180 CST,292.57
2016-05-31,BIX 180 CST,293.68
2016-06-01,BIX 180 CST,294.27
2016-06-02,BIX 180 CST,295.19
2016-06-03,BIX 180 CST,295.59
2016-06-04,BIX 180 CST,295.59
2016-06-05,BIX 180 CST,295.59
2016-06-06,BIX 180 CST,296.43
2016-06-07,BIX 180 CST,299.05
2016-06-08,BIX 180 CST,302.19
2016-06-09,BIX 180 CST,304.44
2016-06-10,BIX 180 CST,305.93
2016-06-11,BIX 180 CST,305.93
2016-06-12,BIX 180 CST,305.93
2016-06-13,BIX 180 CST,303.38
2016-06-14,BIX 180 CST,302.01
2016-06-15,BIX 180 CST,300.86
2016-06-16,BIX 180 CST,299.64
2016-06-17,BIX 180 CST,297.56
2016-06-18,BIX 180 CST,297.56
2016-06-19,BIX 180 CST,297.56
2016-06-20,BIX 180 CST,301.59
2016-06-21,BIX 180 CST,304.14
2016-06-22,BIX 180 CST,305.41
2016-06-23,BIX 180 CST,306.88
2016-06-24,BIX 180 CST,305.82
2016-06-25,BIX 180 CST,305.82
2016-06-26,BIX 180 CST,305.82
2016-06-27,BIX 180 CST,304.4
2016-06-28,BIX 180 CST,302.39
2016-06-29,BIX 180 CST,305.84
2016-06-30,BIX 180 CST,311.36
2016-07-01,BIX 180 CST,311.71
2016-07-02,BIX 180 CST,311.71
2016-07-03,BIX 180 CST,311.71
2016-07-04,BIX 180 CST,311.76
2016-07-05,BIX 180 CST,310.32
2016-07-06,BIX 180 CST,308.74
2016-07-07,BIX 180 CST,310.57
2016-07-08,BIX 180 CST,308.5
2016-07-09,BIX 180 CST,308.5
2016-07-10,BIX 180 CST,308.5
2016-07-11,BIX 180 CST,308.61
2016-07-12,BIX 180 CST,308.72
2016-07-13,BIX 180 CST,310.87
2016-07-14,BIX 180 CST,307.09
2016-07-15,BIX 180 CST,309.25
2016-07-16,BIX 180 CST,309.25
2016-07-17,BIX 180 CST,309.25
2016-07-18,BIX 180 CST,309.26
2016-07-19,BIX 180 CST,308.53
2016-07-20,BIX 180 CST,307.64
2016-07-21,BIX 180 CST,306.79
2016-07-22,BIX 180 CST,305.22
2016-07-23,BIX 180 CST,305.22
2016-07-24,BIX 180 CST,305.22
2016-07-25,BIX 180 CST,303.28
2016-07-26,BIX 180 CST,300.54
2016-07-27,BIX 180 CST,300.15
2016-07-28,BIX 180 CST,298.42
2016-07-29,BIX 180 CST,296.79
2016-07-30,BIX 180 CST,296.79
2016-07-31,BIX 180 CST,296.79
2016-08-01,BIX 180 CST,295.94
2016-08-02,BIX 180 CST,292.65
2016-08-03,BIX 180 CST,289.12
2016-08-04,BIX 180 CST,290.49
2016-08-05,BIX 180 CST,291.54
2016-08-06,BIX 180 CST,291.54
2016-08-07,BIX 180 CST,291.54
2016-08-08,BIX 180 CST,291.79
2016-08-09,BIX 180 CST,292.69
2016-08-10,BIX 180 CST,293.24
2016-08-11,BIX 180 CST,293.16
2016-08-12,BIX 180 CST,297.62
2016-08-13,BIX 180 CST,297.62
2016-08-14,BIX 180 CST,297.62
2016-08-15,BIX 180 CST,300.91
2016-08-16,BIX 180 CST,304.4
2016-08-17,BIX 180 CST,308.3
2016-08-18,BIX 180 CST,311.56
2016-08-19,BIX 180 CST,316.75
2016-08-20,BIX 180 CST,316.75
2016-08-21,BIX 180 CST,316.75
2016-08-22,BIX 180 CST,316.9
2016-08-23,BIX 180 CST,314.33
2016-08-24,BIX 180 CST,315.86
2016-08-25,BIX 180 CST,313.95
2016-08-26,BIX 180 CST,315.35
2016-08-27,BIX 180 CST,315.35
2016-08-28,BIX 180 CST,315.35
2016-08-29,BIX 180 CST,317.16
2016-08-30,BIX 180 CST,316.98
2016-08-31,BIX 180 CST,315.32
2016-09-01,BIX 180 CST,311.74
2016-09-02,BIX 180 CST,309.41
2016-09-03,BIX 180 CST,309.41
2016-09-04,BIX 180 CST,309.41
2016-09-05,BIX 180 CST,312.8
2016-09-06,BIX 180 CST,313.27
2016-09-07,BIX 180 CST,313.48
2016-09-08,BIX 180 CST,315.33
2016-09-09,BIX 180 CST,317.44
2016-09-10,BIX 180 CST,317.44
2016-09-11,BIX 180 CST,317.44
2016-09-12,BIX 180 CST,316.17
2016-09-13,BIX 180 CST,311.5
2016-09-14,BIX 180 CST,315.09
2016-09-15,BIX 180 CST,313.7
2016-09-16,BIX 180 CST,314.09
2016-09-17,BIX 180 CST,314.09
2016-09-18,BIX 180 CST,314.09
2016-09-19,BIX 180 CST,314.25
2016-09-20,BIX 180 CST,309.92
2016-09-21,BIX 180 CST,309.92
2016-09-22,BIX 180 CST,309.98
2016-09-23,BIX 180 CST,310.98
2016-09-24,BIX 180 CST,310.98
2016-09-25,BIX 180 CST,310.98
2016-09-26,BIX 180 CST,311.62
2016-09-27,BIX 180 CST,310.78
2016-09-28,BIX 180 CST,310.56
2016-09-29,BIX 180 CST,317.77
2016-09-30,BIX 180 CST,319.33
2016-10-01,BIX 180 CST,319.33
2016-10-02,BIX 180 CST,319.33
2016-10-03,BIX 180 CST,323.35
2016-10-04,BIX 180 CST,322.42
2016-10-05,BIX 180 CST,326.75
2016-10-06,BIX 180 CST,329.16
2016-10-07,BIX 180 CST,333.26
2016-10-08,BIX 180 CST,333.26
2016-10-09,BIX 180 CST,333.26
2016-10-10,BIX 180 CST,335.12
2016-10-11,BIX 180 CST,336.85
2016-10-12,BIX 180 CST,337.6
2016-10-13,BIX 180 CST,336.61
2016-10-14,BIX 180 CST,340.35
2016-10-15,BIX 180 CST,340.35
2016-10-16,BIX 180 CST,340.35
2016-10-17,BIX 180 CST,340.48
2016-10-18,BIX 180 CST,340.31
2016-10-19,BIX 180 CST,342.87
2016-10-20,BIX 180 CST,346.15
2016-10-21,BIX 180 CST,345.74
2016-10-22,BIX 180 CST,345.74
2016-10-23,BIX 180 CST,345.74
2016-10-24,BIX 180 CST,346.59
2016-10-25,BIX 180 CST,346.76
2016-10-26,BIX 180 CST,346.67
2016-10-27,BIX 180 CST,345.86
2016-10-28,BIX 180 CST,345.26
2016-10-29,BIX 180 CST,345.26
2016-10-30,BIX 180 CST,345.26
2016-10-31,BIX 180 CST,344.66
2016-11-01,BIX 180 CST,341.07
2016-11-02,BIX 180 CST,337.85
2016-11-03,BIX 180 CST,334.84
2016-11-04,BIX 180 CST,333.43
2016-11-05,BIX 180 CST,333.43
2016-11-06,BIX 180 CST,333.43
2016-11-07,BIX 180 CST,332.8
2016-11-08,BIX 180 CST,334.46
2016-11-09,BIX 180 CST,334.28
2016-11-10,BIX 180 CST,333.77
2016-11-11,BIX 180 CST,332.59
2016-11-12,BIX 180 CST,332.59
2016-11-13,BIX 180 CST,332.59
2016-11-14,BIX 180 CST,330.48
2016-11-15,BIX 180 CST,328.19
2016-11-16,BIX 180 CST,330.56
2016-11-17,BIX 180 CST,331.11
2016-11-18,BIX 180 CST,331.69
2016-11-19,BIX 180 CST,331.69
2016-11-20,BIX 180 CST,331.69
2016-11-21,BIX 180 CST,336.43
2016-11-22,BIX 180 CST,339.96
2016-11-23,BIX 180 CST,341.47
2016-11-24,BIX 180 CST,341.25
2016-11-25,BIX 180 CST,343.33
2016-11-26,BIX 180 CST,343.33
2016-11-27,BIX 180 CST,343.33
2016-11-28,BIX 180 CST,342.38
2016-11-29,BIX 180 CST,344.32
2016-11-30,BIX 180 CST,344.65
2016-12-01,BIX 180 CST,350.98
2016-12-02,BIX 180 CST,355.18
2016-12-03,BIX 180 CST,355.18
2016-12-04,BIX 180 CST,355.18
2016-12-05,BIX 180 CST,360.21
2016-12-06,BIX 180 CST,362.73
2016-12-07,BIX 180 CST,363.87
2016-12-08,BIX 180 CST,363.88
2016-12-09,BIX 180 CST,366.98
2016-12-10,BIX 180 CST,366.98
2016-12-11,BIX 180 CST,366.98
2016-12-12,BIX 180 CST,373.82
2016-12-13,BIX 180 CST,375.02
2016-12-14,BIX 180 CST,375.03
2016-12-15,BIX 180 CST,375.88
2016-12-16,BIX 180 CST,376.47
2016-12-17,BIX 180 CST,376.47
2016-12-18,BIX 180 CST,376.47
2016-12-19,BIX 180 CST,379.38
2016-12-20,BIX 180 CST,377.71
2016-12-21,BIX 180 CST,379.03
2016-12-22,BIX 180 CST,378.85
2016-12-23,BIX 180 CST,378.91
2016-12-24,BIX 180 CST,378.91
2016-12-25,BIX 180 CST,378.91
2016-12-26,BIX 180 CST,378.91
2016-12-27,BIX 180 CST,379.54
2016-12-28,BIX 180 CST,382.52
2016-12-29,BIX 180 CST,387.15
2016-12-30,BIX 180 CST,387.31
2016-12-31,BIX 180 CST,387.31
2017-01-01,BIX 180 CST,387.31
2017-01-02,BIX 180 CST,387.28
2017-01-03,BIX 180 CST,390.53
2017-01-04,BIX 180 CST,388.93
2017-01-05,BIX 180 CST,392.55
2017-01-06,BIX 180 CST,395.21
2017-01-07,BIX 180 CST,395.21
2017-01-08,BIX 180 CST,395.21
2017-01-09,BIX 180 CST,395.83
2017-01-10,BIX 180 CST,392.53
2017-01-11,BIX 180 CST,388.87
2017-01-12,BIX 180 CST,391.21
2017-01-13,BIX 180 CST,394.98
2017-01-14,BIX 180 CST,394.98
2017-01-15,BIX 180 CST,394.98
2017-01-16,BIX 180 CST,392.07
2017-01-17,BIX 180 CST,395.36
2017-01-18,BIX 180 CST,394.48
2017-01-19,BIX 180 CST,391.38
2017-01-20,BIX 180 CST,389.77
2017-01-21,BIX 180 CST,389.77
2017-01-22,BIX 180 CST,389.77
2017-01-23,BIX 180 CST,391.35
2017-01-24,BIX 180 CST,391.11
2017-01-25,BIX 180 CST,389.16
2017-01-26,BIX 180 CST,389.31
2017-01-27,BIX 180 CST,389.96
2017-01-28,BIX 180 CST,389.96
2017-01-29,BIX 180 CST,389.96
2017-01-30,BIX 180 CST,388.57
2017-01-31,BIX 180 CST,385.24
2017-02-01,BIX 180 CST,385.6
2017-02-02,BIX 180 CST,385.95
2017-02-03,BIX 180 CST,386.53
2017-02-04,BIX 180 CST,386.53
2017-02-05,BIX 180 CST,386.53
2017-02-06,BIX 180 CST,387.95
2017-02-07,BIX 180 CST,385.78
2017-02-08,BIX 180 CST,382.45
2017-02-09,BIX 180 CST,383.18
2017-02-10,BIX 180 CST,385.68
2017-02-11,BIX 180 CST,385.68
2017-02-12,BIX 180 CST,385.68
2017-02-13,BIX 180 CST,387.51
2017-02-14,BIX 180 CST,387.35
2017-02-15,BIX 180 CST,386.94
2017-02-16,BIX 180 CST,386.85
2017-02-17,BIX 180 CST,385.51
2017-02-18,BIX 180 CST,385.51
2017-02-19,BIX 180 CST,385.51
2017-02-20,BIX 180 CST,385.84
2017-02-21,BIX 180 CST,385.95
2017-02-22,BIX 180 CST,386.02
2017-02-23,BIX 180 CST,385.81
2017-02-24,BIX 180 CST,385.99
2017-02-25,BIX 180 CST,385.99
2017-02-26,BIX 180 CST,385.99
2017-02-27,BIX 180 CST,386.66
2017-02-28,BIX 180 CST,387.91
2017-03-01,BIX 180 CST,387.68
2017-03-02,BIX 180 CST,386.51
2017-03-03,BIX 180 CST,383.58
2017-03-04,BIX 180 CST,383.58
2017-03-05,BIX 180 CST,383.58
2017-03-06,BIX 180 CST,383.29
2017-03-07,BIX 180 CST,381.72
2017-03-08,BIX 180 CST,383.06
2017-03-09,BIX 180 CST,378.97
2017-03-10,BIX 180 CST,374.01
2017-03-11,BIX 180 CST,374.01
2017-03-12,BIX 180 CST,374.01
2017-03-13,BIX 180 CST,370.5
2017-03-14,BIX 180 CST,367.05
2017-03-15,BIX 180 CST,366.26
2017-03-16,BIX 180 CST,366.42
2017-03-17,BIX 180 CST,365.72
2017-03-18,BIX 180 CST,365.72
2017-03-19,BIX 180 CST,365.72
2017-03-20,BIX 180 CST,364.83
2017-03-21,BIX 180 CST,364.71
2017-03-22,BIX 180 CST,363.41
2017-03-23,BIX 180 CST,361.92
2017-03-24,BIX 180 CST,360.71
2017-03-25,BIX 180 CST,360.71
2017-03-26,BIX 180 CST,360.71
2017-03-27,BIX 180 CST,360.13
2017-03-28,BIX 180 CST,360.41
2017-03-29,BIX 180 CST,361.72
2017-03-30,BIX 180 CST,363.63
2017-03-31,BIX 180 CST,365.94
2017-04-01,BIX 180 CST,365.94
2017-04-02,BIX 180 CST,365.94
2017-04-03,BIX 180 CST,367
2017-04-04,BIX 180 CST,367.53
2017-04-05,BIX 180 CST,369.98
2017-04-06,BIX 180 CST,372.35
2017-04-07,BIX 180 CST,375.71
2017-04-08,BIX 180 CST,375.71
2017-04-09,BIX 180 CST,375.71
2017-04-10,BIX 180 CST,377.59
2017-04-11,BIX 180 CST,378.86
2017-04-12,BIX 180 CST,374.79
2017-04-13,BIX 180 CST,378.7
2017-04-14,BIX 180 CST,378.7
2017-04-15,BIX 180 CST,378.7
2017-04-16,BIX 180 CST,378.7
2017-04-17,BIX 180 CST,379.61
2017-04-18,BIX 180 CST,378.68
2017-04-19,BIX 180 CST,378.54
2017-04-20,BIX 180 CST,375.76
2017-04-21,BIX 180 CST,371.99
2017-04-22,BIX 180 CST,371.99
2017-04-23,BIX 180 CST,371.99
2017-04-24,BIX 180 CST,369.38
2017-04-25,BIX 180 CST,368.02
2017-04-26,BIX 180 CST,367.52
2017-04-27,BIX 180 CST,367.19
2017-04-28,BIX 180 CST,365.38
2017-04-29,BIX 180 CST,365.38
2017-04-30,BIX 180 CST,365.38
2017-05-01,BIX 180 CST,365.44
2017-05-02,BIX 180 CST,365.78
2017-05-03,BIX 180 CST,363.92
2017-05-04,BIX 180 CST,364.08
2017-05-05,BIX 180 CST,361.39
2017-05-06,BIX 180 CST,361.39
2017-05-07,BIX 180 CST,361.39
2017-05-08,BIX 180 CST,360.72
2017-05-09,BIX 180 CST,360.78
2017-05-10,BIX 180 CST,360.46
2017-05-11,BIX 180 CST,362.58
2017-05-12,BIX 180 CST,364.73
2017-05-13,BIX 180 CST,364.73
2017-05-14,BIX 180 CST,364.73
2017-05-15,BIX 180 CST,365.89
2017-05-16,BIX 180 CST,368.04
2017-05-17,BIX 180 CST,368.37
2017-05-18,BIX 180 CST,369.56
2017-05-19,BIX 180 CST,371.42
2017-05-20,BIX 180 CST,371.42
2017-05-21,BIX 180 CST,371.42
2017-05-22,BIX 180 CST,374.19
2017-05-23,BIX 180 CST,373.62
2017-05-24,BIX 180 CST,375.04
2017-05-25,BIX 180 CST,376.49
2017-05-26,BIX 180 CST,374.24
2017-05-27,BIX 180 CST,374.24
2017-05-28,BIX 180 CST,374.24
2017-05-29,BIX 180 CST,371.14
2017-05-30,BIX 180 CST,370.71
2017-05-31,BIX 180 CST,369.22
2017-06-01,BIX 180 CST,367.84
2017-06-02,BIX 180 CST,366.64
2017-06-03,BIX 180 CST,366.64
2017-06-04,BIX 180 CST,366.64
2017-06-05,BIX 180 CST,365.92
2017-06-06,BIX 180 CST,364.24
2017-06-07,BIX 180 CST,363.33
2017-06-08,BIX 180 CST,361.47
2017-06-09,BIX 180 CST,361.38
2017-06-10,BIX 180 CST,361.38
2017-06-11,BIX 180 CST,361.38
2017-06-12,BIX 180 CST,361.45
2017-06-13,BIX 180 CST,361.53
2017-06-14,BIX 180 CST,361.35
2017-06-15,BIX 180 CST,357.95
2017-06-16,BIX 180 CST,357.45
2017-06-17,BIX 180 CST,357.45
2017-06-18,BIX 180 CST,357.45
2017-06-19,BIX 180 CST,357.55
2017-06-20,BIX 180 CST,356.46
2017-06-21,BIX 180 CST,354.42
2017-06-22,BIX 180 CST,352.9
2017-06-23,BIX 180 CST,353.08
2017-06-24,BIX 180 CST,353.08
2017-06-25,BIX 180 CST,353.08
2017-06-26,BIX 180 CST,353.83
2017-06-27,BIX 180 CST,354.71
2017-06-28,BIX 180 CST,356.71
2017-06-29,BIX 180 CST,359.54
2017-06-30,BIX 180 CST,361.75
2017-07-01,BIX 180 CST,361.75
2017-07-02,BIX 180 CST,361.75
2017-07-03,BIX 180 CST,362.97
2017-07-04,BIX 180 CST,364.72
2017-07-05,BIX 180 CST,364.39
2017-07-06,BIX 180 CST,361.74
2017-07-07,BIX 180 CST,359.8
2017-07-08,BIX 180 CST,359.8
2017-07-09,BIX 180 CST,359.8
2017-07-10,BIX 180 CST,357.97
2017-07-11,BIX 180 CST,357.31
2017-07-12,BIX 180 CST,358.41
2017-07-13,BIX 180 CST,360.54
2017-07-14,BIX 180 CST,361.33
2017-07-15,BIX 180 CST,361.33
2017-07-16,BIX 180 CST,361.33
2017-07-17,BIX 180 CST,362.54
2017-07-18,BIX 180 CST,362.47
2017-07-19,BIX 180 CST,362.11
2017-07-20,BIX 180 CST,364.9
2017-07-21,BIX 180 CST,366.29
2017-07-22,BIX 180 CST,366.29
2017-07-23,BIX 180 CST,366.29
2017-07-24,BIX 180 CST,361.9
2017-07-25,BIX 180 CST,363.95
2017-07-26,BIX 180 CST,367.37
2017-07-27,BIX 180 CST,369.57
2017-07-28,BIX 180 CST,370.37
2017-07-29,BIX 180 CST,370.37
2017-07-30,BIX 180 CST,370.37
2017-07-31,BIX 180 CST,372.77
2017-08-01,BIX 180 CST,374.16
2017-08-02,BIX 180 CST,372.98
2017-08-03,BIX 180 CST,372.99
2017-08-04,BIX 180 CST,374.25
2017-08-05,BIX 180 CST,374.25
2017-08-06,BIX 180 CST,374.25
2017-08-07,BIX 180 CST,375.21
2017-08-08,BIX 180 CST,376.04
2017-08-09,BIX 180 CST,376.92
2017-08-10,BIX 180 CST,377.92
2017-08-11,BIX 180 CST,375.52
2017-08-12,BIX 180 CST,375.52
2017-08-13,BIX 180 CST,375.52
2017-08-14,BIX 180 CST,374.97
2017-08-15,BIX 180 CST,373.82
2017-08-16,BIX 180 CST,372.45
2017-08-17,BIX 180 CST,370.72
2017-08-18,BIX 180 CST,370.71
2017-08-19,BIX 180 CST,370.71
2017-08-20,BIX 180 CST,370.71
2017-08-21,BIX 180 CST,373
2017-08-22,BIX 180 CST,372.32
2017-08-23,BIX 180 CST,372.22
2017-08-24,BIX 180 CST,372.62
2017-08-25,BIX 180 CST,373.23
2017-08-26,BIX 180 CST,373.23
2017-08-27,BIX 180 CST,373.23
2017-08-28,BIX 180 CST,372.35
2017-08-29,BIX 180 CST,373.59
2017-08-30,BIX 180 CST,374.55
2017-08-31,BIX 180 CST,374.44
2017-09-01,BIX 180 CST,377.91
2017-09-02,BIX 180 CST,377.91
2017-09-03,BIX 180 CST,377.91
2017-09-04,BIX 180 CST,379.36
2017-09-05,BIX 180 CST,379.8
2017-09-06,BIX 180 CST,382.88
2017-09-07,BIX 180 CST,387.12
2017-09-08,BIX 180 CST,389.76
2017-09-09,BIX 180 CST,389.76
2017-09-10,BIX 180 CST,389.76
2017-09-11,BIX 180 CST,386.54
2017-09-12,BIX 180 CST,385.95
2017-09-13,BIX 180 CST,387.5
2017-09-14,BIX 180 CST,391.86
2017-09-15,BIX 180 CST,394.04
2017-09-16,BIX 180 CST,394.04
2017-09-17,BIX 180 CST,394.04
2017-09-18,BIX 180 CST,394.38
2017-09-19,BIX 180 CST,394.06
2017-09-20,BIX 180 CST,393.73
2017-09-21,BIX 180 CST,394.57
2017-09-22,BIX 180 CST,396.07
2017-09-23,BIX 180 CST,396.07
2017-09-24,BIX 180 CST,396.07
2017-09-25,BIX 180 CST,396.6
2017-09-26,BIX 180 CST,398.64
2017-09-27,BIX 180 CST,397.93
2017-09-28,BIX 180 CST,397.74
2017-09-29,BIX 180 CST,398.14
2017-09-30,BIX 180 CST,398.14
2017-10-01,BIX 180 CST,398.14
2017-10-02,BIX 180 CST,397.13
2017-10-03,BIX 180 CST,394.59
2017-10-04,BIX 180 CST,392.82
2017-10-05,BIX 180 CST,393.4
2017-10-06,BIX 180 CST,396.29
2017-10-07,BIX 180 CST,396.29
2017-10-08,BIX 180 CST,396.29
2017-10-09,BIX 180 CST,394.76
2017-10-10,BIX 180 CST,392.96
2017-10-11,BIX 180 CST,396.09
2017-10-12,BIX 180 CST,396.77
2017-10-13,BIX 180 CST,397.97
2017-10-14,BIX 180 CST,397.97
2017-10-15,BIX 180 CST,397.97
2017-10-16,BIX 180 CST,399.59
2017-10-17,BIX 180 CST,401.1
2017-10-18,BIX 180 CST,400.42
2017-10-19,BIX 180 CST,399.79
2017-10-20,BIX 180 CST,398.71
2017-10-21,BIX 180 CST,398.71
2017-10-22,BIX 180 CST,398.71
2017-10-23,BIX 180 CST,399.34
2017-10-24,BIX 180 CST,400.66
2017-10-25,BIX 180 CST,401.73
2017-10-26,BIX 180 CST,402.17
2017-10-27,BIX 180 CST,403.93
2017-10-28,BIX 180 CST,403.93
2017-10-29,BIX 180 CST,403.93
2017-10-30,BIX 180 CST,409.05
2017-10-31,BIX 180 CST,411.14
2017-11-01,BIX 180 CST,414.79
2017-11-02,BIX 180 CST,417.42
2017-11-03,BIX 180 CST,418.54
2017-11-04,BIX 180 CST,418.54
2017-11-05,BIX 180 CST,418.54
2017-11-06,BIX 180 CST,424.85
2017-11-07,BIX 180 CST,431.76
2017-11-08,BIX 180 CST,430.18
2017-11-09,BIX 180 CST,430.68
2017-11-10,BIX 180 CST,433.73
2017-11-11,BIX 180 CST,433.73
2017-11-12,BIX 180 CST,433.73
2017-11-13,BIX 180 CST,434.77
2017-11-14,BIX 180 CST,436.46
2017-11-15,BIX 180 CST,432.61
2017-11-16,BIX 180 CST,432.44
2017-11-17,BIX 180 CST,432.18
2017-11-18,BIX 180 CST,432.18
2017-11-19,BIX 180 CST,432.18
2017-11-20,BIX 180 CST,432.38
2017-11-21,BIX 180 CST,430.02
2017-11-22,BIX 180 CST,429.87
2017-11-23,BIX 180 CST,430.97
2017-11-24,BIX 180 CST,430.69
2017-11-25,BIX 180 CST,430.69
2017-11-26,BIX 180 CST,430.69
2017-11-27,BIX 180 CST,430.93
2017-11-28,BIX 180 CST,429.54
2017-11-29,BIX 180 CST,428.96
2017-11-30,BIX 180 CST,428.91
2017-12-01,BIX 180 CST,427.89
2017-12-02,BIX 180 CST,427.89
2017-12-03,BIX 180 CST,427.89
2017-12-04,BIX 180 CST,428.18
2017-12-05,BIX 180 CST,427.2
2017-12-06,BIX 180 CST,425.69
2017-12-07,BIX 180 CST,422.08
2017-12-08,BIX 180 CST,421.74
2017-12-09,BIX 180 CST,421.74
2017-12-10,BIX 180 CST,421.74
2017-12-11,BIX 180 CST,422.7
2017-12-12,BIX 180 CST,427.08
2017-12-13,BIX 180 CST,426.72
2017-12-14,BIX 180 CST,424.41
2017-12-15,BIX 180 CST,425.76
2017-12-16,BIX 180 CST,425.76
2017-12-17,BIX 180 CST,425.76
2017-12-18,BIX 180 CST,426.98
2017-12-19,BIX 180 CST,428.51
2017-12-20,BIX 180 CST,428.37
2017-12-21,BIX 180 CST,430.18
2017-12-22,BIX 180 CST,431.51
2017-12-23,BIX 180 CST,431.51
2017-12-24,BIX 180 CST,431.51
2017-12-25,BIX 180 CST,431.51
2017-12-26,BIX 180 CST,431.51
2017-12-27,BIX 180 CST,435.48
2017-12-28,BIX 180 CST,437.96
2017-12-29,BIX 180 CST,438.44
2017-12-30,BIX 180 CST,438.44
2017-12-31,BIX 180 CST,438.44
