hotspot_gulf_of_guinea,hotspot_southeast_asia,hotspot_gulf_of_aden,date,unique_hotspot_vessels_last_3_month,unique_hotspot_vessels_last_6_month,unique_hotspot_vessels_last_9_month,unique_hotspot_vessels_last_12_month
0,0,1,2012-01-01,NA,NA,NA,NA
0,0,1,2012-01-02,NA,NA,NA,NA
0,0,1,2012-01-03,NA,NA,NA,NA
0,0,1,2012-01-04,NA,NA,NA,NA
0,0,1,2012-01-05,NA,NA,NA,NA
0,0,1,2012-01-06,NA,NA,NA,NA
0,0,1,2012-01-07,NA,NA,NA,NA
0,0,1,2012-01-08,NA,NA,NA,NA
0,0,1,2012-01-09,NA,NA,NA,NA
0,0,1,2012-01-10,NA,NA,NA,NA
0,0,1,2012-01-11,NA,NA,NA,NA
0,0,1,2012-01-12,NA,NA,NA,NA
0,0,1,2012-01-13,NA,NA,NA,NA
0,0,1,2012-01-14,NA,NA,NA,NA
0,0,1,2012-01-15,NA,NA,NA,NA
0,0,1,2012-01-16,NA,NA,NA,NA
0,0,1,2012-01-17,NA,NA,NA,NA
0,0,1,2012-01-18,NA,NA,NA,NA
0,0,1,2012-01-19,NA,NA,NA,NA
0,0,1,2012-01-20,NA,NA,NA,NA
0,0,1,2012-01-21,NA,NA,NA,NA
0,0,1,2012-01-22,NA,NA,NA,NA
0,0,1,2012-01-23,NA,NA,NA,NA
0,0,1,2012-01-24,NA,NA,NA,NA
0,0,1,2012-01-25,NA,NA,NA,NA
0,0,1,2012-01-26,NA,NA,NA,NA
0,0,1,2012-01-27,NA,NA,NA,NA
0,0,1,2012-01-28,NA,NA,NA,NA
0,0,1,2012-01-29,NA,NA,NA,NA
0,0,1,2012-01-30,NA,NA,NA,NA
0,0,1,2012-01-31,NA,NA,NA,NA
0,0,1,2012-02-01,NA,NA,NA,NA
0,0,1,2012-02-02,NA,NA,NA,NA
0,0,1,2012-02-03,NA,NA,NA,NA
0,0,1,2012-02-04,NA,NA,NA,NA
0,0,1,2012-02-05,NA,NA,NA,NA
0,0,1,2012-02-06,NA,NA,NA,NA
0,0,1,2012-02-07,NA,NA,NA,NA
0,0,1,2012-02-08,NA,NA,NA,NA
0,0,1,2012-02-09,NA,NA,NA,NA
0,0,1,2012-02-10,NA,NA,NA,NA
0,0,1,2012-02-11,NA,NA,NA,NA
0,0,1,2012-02-12,NA,NA,NA,NA
0,0,1,2012-02-13,NA,NA,NA,NA
0,0,1,2012-02-14,NA,NA,NA,NA
0,0,1,2012-02-15,NA,NA,NA,NA
0,0,1,2012-02-16,NA,NA,NA,NA
0,0,1,2012-02-17,NA,NA,NA,NA
0,0,1,2012-02-18,NA,NA,NA,NA
0,0,1,2012-02-19,NA,NA,NA,NA
0,0,1,2012-02-20,NA,NA,NA,NA
0,0,1,2012-02-21,NA,NA,NA,NA
0,0,1,2012-02-22,NA,NA,NA,NA
0,0,1,2012-02-23,NA,NA,NA,NA
0,0,1,2012-02-24,NA,NA,NA,NA
0,0,1,2012-02-25,NA,NA,NA,NA
0,0,1,2012-02-26,NA,NA,NA,NA
0,0,1,2012-02-27,NA,NA,NA,NA
0,0,1,2012-02-28,NA,NA,NA,NA
0,0,1,2012-02-29,NA,NA,NA,NA
0,0,1,2012-03-01,NA,NA,NA,NA
0,0,1,2012-03-02,NA,NA,NA,NA
0,0,1,2012-03-03,NA,NA,NA,NA
0,0,1,2012-03-04,NA,NA,NA,NA
0,0,1,2012-03-05,NA,NA,NA,NA
0,0,1,2012-03-06,NA,NA,NA,NA
0,0,1,2012-03-07,NA,NA,NA,NA
0,0,1,2012-03-08,NA,NA,NA,NA
0,0,1,2012-03-09,NA,NA,NA,NA
0,0,1,2012-03-10,NA,NA,NA,NA
0,0,1,2012-03-11,NA,NA,NA,NA
0,0,1,2012-03-12,NA,NA,NA,NA
0,0,1,2012-03-13,NA,NA,NA,NA
0,0,1,2012-03-14,NA,NA,NA,NA
0,0,1,2012-03-15,NA,NA,NA,NA
0,0,1,2012-03-16,NA,NA,NA,NA
0,0,1,2012-03-17,NA,NA,NA,NA
0,0,1,2012-03-18,NA,NA,NA,NA
0,0,1,2012-03-19,NA,NA,NA,NA
0,0,1,2012-03-20,NA,NA,NA,NA
0,0,1,2012-03-21,NA,NA,NA,NA
0,0,1,2012-03-22,NA,NA,NA,NA
0,0,1,2012-03-23,NA,NA,NA,NA
0,0,1,2012-03-24,NA,NA,NA,NA
0,0,1,2012-03-25,NA,NA,NA,NA
0,0,1,2012-03-26,NA,NA,NA,NA
0,0,1,2012-03-27,NA,NA,NA,NA
0,0,1,2012-03-28,NA,NA,NA,NA
0,0,1,2012-03-29,NA,NA,NA,NA
0,0,1,2012-03-30,5480,NA,NA,NA
0,0,1,2012-03-31,5515,NA,NA,NA
0,0,1,2012-04-01,5540,NA,NA,NA
0,0,1,2012-04-02,5569,NA,NA,NA
0,0,1,2012-04-03,5592,NA,NA,NA
0,0,1,2012-04-04,5616,NA,NA,NA
0,0,1,2012-04-05,5631,NA,NA,NA
0,0,1,2012-04-06,5654,NA,NA,NA
0,0,1,2012-04-07,5680,NA,NA,NA
0,0,1,2012-04-08,5713,NA,NA,NA
0,0,1,2012-04-09,5737,NA,NA,NA
0,0,1,2012-04-10,5754,NA,NA,NA
0,0,1,2012-04-11,5763,NA,NA,NA
0,0,1,2012-04-12,5780,NA,NA,NA
0,0,1,2012-04-13,5806,NA,NA,NA
0,0,1,2012-04-14,5813,NA,NA,NA
0,0,1,2012-04-15,5835,NA,NA,NA
0,0,1,2012-04-16,5853,NA,NA,NA
0,0,1,2012-04-17,5858,NA,NA,NA
0,0,1,2012-04-18,5854,NA,NA,NA
0,0,1,2012-04-19,5862,NA,NA,NA
0,0,1,2012-04-20,5868,NA,NA,NA
0,0,1,2012-04-21,5877,NA,NA,NA
0,0,1,2012-04-22,5884,NA,NA,NA
0,0,1,2012-04-23,5892,NA,NA,NA
0,0,1,2012-04-24,5897,NA,NA,NA
0,0,1,2012-04-25,5920,NA,NA,NA
0,0,1,2012-04-26,5922,NA,NA,NA
0,0,1,2012-04-27,5922,NA,NA,NA
0,0,1,2012-04-28,5922,NA,NA,NA
0,0,1,2012-04-29,5927,NA,NA,NA
0,0,1,2012-04-30,5937,NA,NA,NA
0,0,1,2012-05-01,5943,NA,NA,NA
0,0,1,2012-05-02,5954,NA,NA,NA
0,0,1,2012-05-03,5955,NA,NA,NA
0,0,1,2012-05-04,5958,NA,NA,NA
0,0,1,2012-05-05,5957,NA,NA,NA
0,0,1,2012-05-06,5968,NA,NA,NA
0,0,1,2012-05-07,5966,NA,NA,NA
0,0,1,2012-05-08,5974,NA,NA,NA
0,0,1,2012-05-09,5975,NA,NA,NA
0,0,1,2012-05-10,5970,NA,NA,NA
0,0,1,2012-05-11,5983,NA,NA,NA
0,0,1,2012-05-12,5982,NA,NA,NA
0,0,1,2012-05-13,6001,NA,NA,NA
0,0,1,2012-05-14,6010,NA,NA,NA
0,0,1,2012-05-15,6010,NA,NA,NA
0,0,1,2012-05-16,6010,NA,NA,NA
0,0,1,2012-05-17,6020,NA,NA,NA
0,0,1,2012-05-18,6005,NA,NA,NA
0,0,1,2012-05-19,6009,NA,NA,NA
0,0,1,2012-05-20,6003,NA,NA,NA
0,0,1,2012-05-21,6004,NA,NA,NA
0,0,1,2012-05-22,6011,NA,NA,NA
0,0,1,2012-05-23,6010,NA,NA,NA
0,0,1,2012-05-24,6001,NA,NA,NA
0,0,1,2012-05-25,6014,NA,NA,NA
0,0,1,2012-05-26,6013,NA,NA,NA
0,0,1,2012-05-27,6008,NA,NA,NA
0,0,1,2012-05-28,6015,NA,NA,NA
0,0,1,2012-05-29,6015,NA,NA,NA
0,0,1,2012-05-30,6020,NA,NA,NA
0,0,1,2012-05-31,6017,NA,NA,NA
0,0,1,2012-06-01,6016,NA,NA,NA
0,0,1,2012-06-02,6023,NA,NA,NA
0,0,1,2012-06-03,6021,NA,NA,NA
0,0,1,2012-06-04,6017,NA,NA,NA
0,0,1,2012-06-05,6025,NA,NA,NA
0,0,1,2012-06-06,6029,NA,NA,NA
0,0,1,2012-06-07,6027,NA,NA,NA
0,0,1,2012-06-08,6023,NA,NA,NA
0,0,1,2012-06-09,6024,NA,NA,NA
0,0,1,2012-06-10,6036,NA,NA,NA
0,0,1,2012-06-11,6047,NA,NA,NA
0,0,1,2012-06-12,6048,NA,NA,NA
0,0,1,2012-06-13,6054,NA,NA,NA
0,0,1,2012-06-14,6042,NA,NA,NA
0,0,1,2012-06-15,6057,NA,NA,NA
0,0,1,2012-06-16,6058,NA,NA,NA
0,0,1,2012-06-17,6067,NA,NA,NA
0,0,1,2012-06-18,6066,NA,NA,NA
0,0,1,2012-06-19,6062,NA,NA,NA
0,0,1,2012-06-20,6057,NA,NA,NA
0,0,1,2012-06-21,6068,NA,NA,NA
0,0,1,2012-06-22,6076,NA,NA,NA
0,0,1,2012-06-23,6082,NA,NA,NA
0,0,1,2012-06-24,6093,NA,NA,NA
0,0,1,2012-06-25,6091,NA,NA,NA
0,0,1,2012-06-26,6088,NA,NA,NA
0,0,1,2012-06-27,6101,NA,NA,NA
0,0,1,2012-06-28,6115,7523,NA,NA
0,0,1,2012-06-29,6109,7541,NA,NA
0,0,1,2012-06-30,6112,7556,NA,NA
0,0,1,2012-07-01,6105,7568,NA,NA
0,0,1,2012-07-02,6095,7585,NA,NA
0,0,1,2012-07-03,6100,7608,NA,NA
0,0,1,2012-07-04,6105,7627,NA,NA
0,0,1,2012-07-05,6117,7650,NA,NA
0,0,1,2012-07-06,6125,7673,NA,NA
0,0,1,2012-07-07,6133,7688,NA,NA
0,0,1,2012-07-08,6140,7704,NA,NA
0,0,1,2012-07-09,6131,7713,NA,NA
0,0,1,2012-07-10,6134,7729,NA,NA
0,0,1,2012-07-11,6152,7750,NA,NA
0,0,1,2012-07-12,6158,7759,NA,NA
0,0,1,2012-07-13,6159,7763,NA,NA
0,0,1,2012-07-14,6158,7776,NA,NA
0,0,1,2012-07-15,6168,7783,NA,NA
0,0,1,2012-07-16,6166,7788,NA,NA
0,0,1,2012-07-17,6169,7791,NA,NA
0,0,1,2012-07-18,6170,7800,NA,NA
0,0,1,2012-07-19,6182,7818,NA,NA
0,0,1,2012-07-20,6182,7824,NA,NA
0,0,1,2012-07-21,6176,7827,NA,NA
0,0,1,2012-07-22,6168,7829,NA,NA
0,0,1,2012-07-23,6163,7826,NA,NA
0,0,1,2012-07-24,6167,7834,NA,NA
0,0,1,2012-07-25,6182,7838,NA,NA
0,0,1,2012-07-26,6174,7838,NA,NA
0,0,1,2012-07-27,6182,7833,NA,NA
0,0,1,2012-07-28,6183,7834,NA,NA
0,0,1,2012-07-29,6192,7847,NA,NA
0,0,1,2012-07-30,6194,7839,NA,NA
0,0,1,2012-07-31,6199,7848,NA,NA
0,0,1,2012-08-01,6203,7843,NA,NA
0,0,1,2012-08-02,6197,7842,NA,NA
0,0,1,2012-08-03,6189,7840,NA,NA
0,0,1,2012-08-04,6198,7842,NA,NA
0,0,1,2012-08-05,6197,7851,NA,NA
0,0,1,2012-08-06,6206,7862,NA,NA
0,0,1,2012-08-07,6219,7872,NA,NA
0,0,1,2012-08-08,6205,7868,NA,NA
0,0,1,2012-08-09,6207,7875,NA,NA
0,0,1,2012-08-10,6210,7880,NA,NA
0,0,1,2012-08-11,6217,7891,NA,NA
0,0,1,2012-08-12,6218,7898,NA,NA
0,0,1,2012-08-13,6208,7898,NA,NA
0,0,1,2012-08-14,6218,7904,NA,NA
0,0,1,2012-08-15,6228,7916,NA,NA
0,0,1,2012-08-16,6222,7914,NA,NA
0,0,1,2012-08-17,6244,7917,NA,NA
0,0,1,2012-08-18,6243,7912,NA,NA
0,0,1,2012-08-19,6245,7910,NA,NA
0,0,1,2012-08-20,6246,7915,NA,NA
0,0,1,2012-08-21,6247,7914,NA,NA
0,0,1,2012-08-22,6255,7919,NA,NA
0,0,1,2012-08-23,6265,7930,NA,NA
0,0,1,2012-08-24,6270,7932,NA,NA
0,0,1,2012-08-25,6274,7934,NA,NA
0,0,1,2012-08-26,6266,7939,NA,NA
0,0,1,2012-08-27,6271,7944,NA,NA
0,0,1,2012-08-28,6274,7946,NA,NA
0,0,1,2012-08-29,6276,7947,NA,NA
0,0,1,2012-08-30,6286,7957,NA,NA
0,0,1,2012-08-31,6298,7963,NA,NA
0,0,1,2012-09-01,6295,7970,NA,NA
0,0,1,2012-09-02,6297,7973,NA,NA
0,0,1,2012-09-03,6300,7981,NA,NA
0,0,1,2012-09-04,6296,7979,NA,NA
0,0,1,2012-09-05,6298,7983,NA,NA
0,0,1,2012-09-06,6288,7969,NA,NA
0,0,1,2012-09-07,6291,7967,NA,NA
0,0,1,2012-09-08,6284,7970,NA,NA
0,0,1,2012-09-09,6297,7980,NA,NA
0,0,1,2012-09-10,6302,7978,NA,NA
0,0,1,2012-09-11,6314,7980,NA,NA
0,0,1,2012-09-12,6329,7977,NA,NA
0,0,1,2012-09-13,6329,7975,NA,NA
0,0,1,2012-09-14,6331,7984,NA,NA
0,0,1,2012-09-15,6333,7980,NA,NA
0,0,1,2012-09-16,6337,7985,NA,NA
0,0,1,2012-09-17,6332,7982,NA,NA
0,0,1,2012-09-18,6337,7991,NA,NA
0,0,1,2012-09-19,6332,7993,NA,NA
0,0,1,2012-09-20,6331,7999,NA,NA
0,0,1,2012-09-21,6330,8001,NA,NA
0,0,1,2012-09-22,6329,8001,NA,NA
0,0,1,2012-09-23,6332,8003,NA,NA
0,0,1,2012-09-24,6340,8012,NA,NA
0,0,1,2012-09-25,6346,8023,NA,NA
0,0,1,2012-09-26,6350,8035,9036,NA
0,0,1,2012-09-27,6350,8033,9051,NA
0,0,1,2012-09-28,6357,8038,9068,NA
0,0,1,2012-09-29,6351,8038,9081,NA
0,0,1,2012-09-30,6346,8028,9094,NA
0,0,1,2012-10-01,6364,8036,9117,NA
0,0,1,2012-10-02,6377,8038,9128,NA
0,0,1,2012-10-03,6380,8039,9136,NA
0,0,1,2012-10-04,6389,8047,9155,NA
0,0,1,2012-10-05,6402,8048,9172,NA
0,0,1,2012-10-06,6401,8047,9180,NA
0,0,1,2012-10-07,6400,8046,9187,NA
0,0,1,2012-10-08,6403,8053,9202,NA
0,0,1,2012-10-09,6407,8060,9213,NA
0,0,1,2012-10-10,6406,8061,9219,NA
0,0,1,2012-10-11,6399,8057,9212,NA
0,0,1,2012-10-12,6405,8052,9220,NA
0,0,1,2012-10-13,6409,8054,9224,NA
0,0,1,2012-10-14,6415,8053,9228,NA
0,0,1,2012-10-15,6423,8065,9230,NA
0,0,1,2012-10-16,6432,8068,9243,NA
0,0,1,2012-10-17,6447,8077,9257,NA
0,0,1,2012-10-18,6449,8082,9264,NA
0,0,1,2012-10-19,6461,8090,9275,NA
0,0,1,2012-10-20,6467,8090,9282,NA
0,0,1,2012-10-21,6487,8095,9290,NA
0,0,1,2012-10-22,6493,8108,9304,NA
0,0,1,2012-10-23,6495,8116,9303,NA
0,0,1,2012-10-24,6501,8110,9300,NA
0,0,1,2012-10-25,6504,8115,9302,NA
0,0,1,2012-10-26,6504,8121,9307,NA
0,0,1,2012-10-27,6514,8128,9312,NA
0,0,1,2012-10-28,6528,8132,9316,NA
0,0,1,2012-10-29,6531,8135,9320,NA
0,0,1,2012-10-30,6531,8139,9321,NA
0,0,1,2012-10-31,6539,8141,9324,NA
0,0,1,2012-11-01,6544,8137,9324,NA
0,0,1,2012-11-02,6546,8137,9323,NA
0,0,1,2012-11-03,6563,8149,9338,NA
0,0,1,2012-11-04,6573,8157,9346,NA
0,0,1,2012-11-05,6583,8167,9353,NA
0,0,1,2012-11-06,6589,8162,9351,NA
0,0,1,2012-11-07,6584,8156,9354,NA
0,0,1,2012-11-08,6596,8156,9360,NA
0,0,1,2012-11-09,6608,8164,9368,NA
0,0,1,2012-11-10,6624,8175,9378,NA
0,0,1,2012-11-11,6623,8179,9387,NA
0,0,1,2012-11-12,6622,8187,9395,NA
0,0,1,2012-11-13,6618,8196,9402,NA
0,0,1,2012-11-14,6623,8194,9402,NA
0,0,1,2012-11-15,6630,8212,9406,NA
0,0,1,2012-11-16,6633,8216,9406,NA
0,0,1,2012-11-17,6622,8211,9403,NA
0,0,1,2012-11-18,6634,8216,9412,NA
0,0,1,2012-11-19,6629,8223,9415,NA
0,0,1,2012-11-20,6628,8222,9412,NA
0,0,1,2012-11-21,6631,8229,9418,NA
0,0,1,2012-11-22,6647,8237,9419,NA
0,0,1,2012-11-23,6645,8243,9422,NA
0,0,1,2012-11-24,6649,8243,9428,NA
0,0,1,2012-11-25,6659,8243,9433,NA
0,0,1,2012-11-26,6663,8244,9439,NA
0,0,1,2012-11-27,6673,8252,9449,NA
0,0,1,2012-11-28,6671,8254,9452,NA
0,0,1,2012-11-29,6681,8266,9456,NA
0,0,1,2012-11-30,6673,8260,9455,NA
0,0,1,2012-12-01,6667,8253,9458,NA
0,0,1,2012-12-02,6659,8249,9456,NA
0,0,1,2012-12-03,6663,8248,9455,NA
0,0,1,2012-12-04,6658,8248,9453,NA
0,0,1,2012-12-05,6658,8251,9450,NA
0,0,1,2012-12-06,6667,8252,9454,NA
0,0,1,2012-12-07,6672,8259,9462,NA
0,0,1,2012-12-08,6680,8268,9465,NA
0,0,1,2012-12-09,6683,8280,9470,NA
0,0,1,2012-12-10,6688,8284,9474,NA
0,0,1,2012-12-11,6676,8293,9471,NA
0,0,1,2012-12-12,6685,8294,9471,NA
0,0,1,2012-12-13,6695,8306,9483,NA
0,0,1,2012-12-14,6689,8304,9482,NA
0,0,1,2012-12-15,6697,8316,9492,NA
0,0,1,2012-12-16,6696,8321,9497,NA
0,0,1,2012-12-17,6682,8310,9495,NA
0,0,1,2012-12-18,6690,8319,9501,NA
0,0,1,2012-12-19,6692,8323,9508,NA
0,0,1,2012-12-20,6691,8322,9509,NA
0,0,1,2012-12-21,6709,8332,9521,NA
0,0,1,2012-12-22,6707,8342,9532,NA
0,0,1,2012-12-23,6707,8347,9544,NA
0,0,1,2012-12-24,6714,8357,9553,NA
0,0,1,2012-12-25,6712,8360,9563,10389
0,0,1,2012-12-26,6710,8354,9558,10402
0,0,1,2012-12-27,6703,8354,9556,10413
0,0,1,2012-12-28,6707,8351,9558,10423
0,0,1,2012-12-29,6721,8358,9556,10437
0,0,1,2012-12-30,6721,8363,9557,10452
0,0,1,2012-12-31,6720,8372,9559,10459
0,0,1,2013-01-01,6738,8383,9566,10472
0,0,1,2013-01-02,6747,8389,9566,10484
0,0,1,2013-01-03,6745,8401,9569,10498
0,0,1,2013-01-04,6749,8412,9581,10513
0,0,1,2013-01-05,6740,8413,9578,10523
0,0,1,2013-01-06,6740,8416,9583,10531
0,0,1,2013-01-07,6744,8420,9585,10540
0,0,1,2013-01-08,6746,8426,9595,10550
0,0,1,2013-01-09,6734,8420,9590,10540
0,0,1,2013-01-10,6728,8413,9583,10541
0,0,1,2013-01-11,6730,8422,9593,10549
0,0,1,2013-01-12,6728,8421,9585,10550
0,0,1,2013-01-13,6727,8427,9597,10553
0,0,1,2013-01-14,6737,8427,9602,10564
0,0,1,2013-01-15,6735,8431,9603,10570
0,0,1,2013-01-16,6740,8437,9611,10575
0,0,1,2013-01-17,6753,8441,9612,10582
0,0,1,2013-01-18,6753,8445,9614,10588
0,0,1,2013-01-19,6750,8450,9608,10585
0,0,1,2013-01-20,6752,8453,9613,10591
0,0,1,2013-01-21,6760,8451,9613,10587
0,0,1,2013-01-22,6774,8465,9620,10594
0,0,1,2013-01-23,6773,8473,9630,10599
0,0,1,2013-01-24,6763,8474,9633,10605
0,0,1,2013-01-25,6753,8481,9639,10611
0,0,1,2013-01-26,6752,8481,9631,10603
0,0,1,2013-01-27,6755,8487,9632,10609
0,0,1,2013-01-28,6750,8492,9637,10614
0,0,1,2013-01-29,6739,8495,9635,10613
0,0,1,2013-01-30,6738,8487,9624,10606
0,0,1,2013-01-31,6740,8496,9631,10612
0,0,1,2013-02-01,6741,8502,9634,10617
0,0,1,2013-02-02,6743,8510,9639,10620
0,0,1,2013-02-03,6745,8511,9644,10623
0,0,1,2013-02-04,6745,8518,9649,10627
0,0,1,2013-02-05,6738,8514,9649,10630
0,0,1,2013-02-06,6736,8526,9653,10633
0,0,1,2013-02-07,6741,8540,9660,10645
0,0,1,2013-02-08,6749,8549,9669,10651
0,0,1,2013-02-09,6749,8547,9673,10655
0,0,1,2013-02-10,6733,8547,9676,10661
0,0,1,2013-02-11,6737,8543,9683,10668
0,0,1,2013-02-12,6728,8549,9685,10672
0,0,1,2013-02-13,6723,8548,9690,10668
0,0,1,2013-02-14,6734,8557,9695,10668
0,0,1,2013-02-15,6735,8551,9693,10670
0,0,1,2013-02-16,6736,8565,9701,10678
0,0,1,2013-02-17,6749,8568,9713,10687
0,0,1,2013-02-18,6754,8576,9721,10688
0,0,1,2013-02-19,6761,8592,9735,10696
0,0,1,2013-02-20,6764,8597,9743,10700
0,0,1,2013-02-21,6766,8598,9750,10706
0,0,1,2013-02-22,6776,8603,9747,10710
0,0,1,2013-02-23,6775,8603,9744,10711
0,0,1,2013-02-24,6775,8611,9756,10724
0,0,1,2013-02-25,6767,8614,9761,10728
0,0,1,2013-02-26,6772,8613,9763,10731
0,0,1,2013-02-27,6786,8623,9781,10738
0,0,1,2013-02-28,6799,8631,9788,10749
0,0,1,2013-03-01,6808,8638,9789,10758
0,0,1,2013-03-02,6818,8639,9793,10768
0,0,1,2013-03-03,6829,8644,9798,10772
0,0,1,2013-03-04,6825,8652,9805,10776
0,0,1,2013-03-05,6819,8654,9809,10779
0,0,1,2013-03-06,6822,8664,9818,10790
0,0,1,2013-03-07,6821,8669,9822,10794
0,0,1,2013-03-08,6814,8677,9831,10797
0,0,1,2013-03-09,6828,8681,9844,10800
0,0,1,2013-03-10,6833,8687,9852,10805
0,0,1,2013-03-11,6825,8682,9856,10800
0,0,1,2013-03-12,6818,8690,9860,10804
0,0,1,2013-03-13,6830,8699,9875,10814
0,0,1,2013-03-14,6846,8703,9884,10823
0,0,1,2013-03-15,6853,8700,9894,10831
0,0,1,2013-03-16,6866,8709,9906,10842
0,0,1,2013-03-17,6874,8719,9915,10855
0,0,1,2013-03-18,6869,8715,9915,10855
0,0,1,2013-03-19,6871,8715,9917,10861
0,0,1,2013-03-20,6869,8717,9922,10869
0,0,1,2013-03-21,6875,8732,9931,10879
0,0,1,2013-03-22,6873,8725,9931,10882
0,0,1,2013-03-23,6868,8721,9936,10888
0,0,1,2013-03-24,6864,8720,9942,10890
0,0,1,2013-03-25,6869,8721,9948,10900
0,0,1,2013-03-26,6865,8730,9954,10905
0,0,1,2013-03-27,6865,8735,9963,10911
0,0,1,2013-03-28,6860,8737,9965,10916
0,0,1,2013-03-29,6864,8742,9960,10908
0,0,1,2013-03-30,6866,8737,9966,10914
0,0,1,2013-03-31,6880,8739,9975,10919
0,0,1,2013-04-01,6892,8759,9990,10928
0,0,1,2013-04-02,6894,8767,9996,10932
0,0,1,2013-04-03,6897,8769,10001,10929
0,0,1,2013-04-04,6906,8775,10013,10942
0,0,1,2013-04-05,6907,8767,10013,10938
0,0,1,2013-04-06,6914,8765,10017,10942
0,0,1,2013-04-07,6908,8776,10022,10946
0,0,1,2013-04-08,6916,8780,10027,10951
0,0,1,2013-04-09,6907,8781,10037,10961
0,0,1,2013-04-10,6902,8780,10036,10959
0,0,1,2013-04-11,6910,8782,10045,10969
0,0,1,2013-04-12,6913,8785,10049,10966
0,0,1,2013-04-13,6926,8797,10060,10982
0,0,1,2013-04-14,6941,8818,10069,10992
0,0,1,2013-04-15,6939,8825,10075,10999
0,0,1,2013-04-16,6951,8834,10076,11005
0,0,1,2013-04-17,6959,8846,10087,11019
0,0,1,2013-04-18,6964,8849,10099,11029
0,0,1,2013-04-19,6965,8848,10106,11033
0,0,1,2013-04-20,6978,8848,10111,11039
0,0,1,2013-04-21,6989,8863,10112,11041
0,0,1,2013-04-22,6990,8873,10124,11043
0,0,1,2013-04-23,6984,8873,10131,11049
0,0,1,2013-04-24,6976,8866,10133,11054
0,0,1,2013-04-25,6988,8855,10132,11054
0,0,1,2013-04-26,6983,8862,10139,11054
0,0,1,2013-04-27,6978,8867,10148,11058
0,0,1,2013-04-28,6981,8870,10159,11071
0,0,1,2013-04-29,6987,8870,10166,11073
0,0,1,2013-04-30,6993,8886,10176,11078
0,0,1,2013-05-01,7011,8893,10187,11088
0,0,1,2013-05-02,7021,8900,10198,11095
0,0,1,2013-05-03,7027,8906,10203,11100
0,0,1,2013-05-04,7034,8906,10205,11100
0,0,1,2013-05-05,7054,8929,10224,11114
0,0,1,2013-05-06,7060,8937,10228,11124
0,0,1,2013-05-07,7057,8923,10229,11120
0,0,1,2013-05-08,7057,8919,10238,11127
0,0,1,2013-05-09,7059,8925,10244,11134
0,0,1,2013-05-10,7049,8924,10244,11137
0,0,1,2013-05-11,7046,8919,10249,11143
0,0,1,2013-05-12,7056,8923,10244,11150
0,0,1,2013-05-13,7063,8918,10253,11157
0,0,1,2013-05-14,7063,8925,10260,11167
0,0,1,2013-05-15,7061,8930,10266,11172
0,0,1,2013-05-16,7074,8943,10276,11188
0,0,1,2013-05-17,7081,8954,10293,11205
0,0,1,2013-05-18,7076,8962,10292,11214
0,0,1,2013-05-19,7090,8973,10301,11225
0,0,1,2013-05-20,7080,8969,10308,11235
0,0,1,2013-05-21,7076,8968,10308,11241
0,0,1,2013-05-22,7080,8977,10311,11250
0,0,1,2013-05-23,7091,8984,10318,11256
0,0,1,2013-05-24,7096,8994,10323,11258
0,0,1,2013-05-25,7096,8993,10325,11268
0,0,1,2013-05-26,7098,8986,10329,11277
0,0,1,2013-05-27,7091,8989,10333,11282
0,0,1,2013-05-28,7091,8998,10344,11292
0,0,1,2013-05-29,7085,9002,10349,11295
0,0,1,2013-05-30,7089,9019,10366,11303
0,0,1,2013-05-31,7100,9029,10364,11303
0,0,1,2013-06-01,7102,9040,10373,11310
0,0,1,2013-06-02,7097,9039,10377,11316
0,0,1,2013-06-03,7111,9051,10391,11327
0,0,1,2013-06-04,7107,9053,10391,11330
0,0,1,2013-06-05,7121,9066,10410,11346
0,0,1,2013-06-06,7122,9064,10420,11354
0,0,1,2013-06-07,7123,9074,10424,11363
0,0,1,2013-06-08,7127,9085,10433,11377
0,0,1,2013-06-09,7130,9085,10430,11385
0,0,1,2013-06-10,7140,9092,10441,11395
0,0,1,2013-06-11,7133,9093,10445,11399
0,0,1,2013-06-12,7132,9100,10447,11407
0,0,1,2013-06-13,7138,9111,10448,11417
0,0,1,2013-06-14,7138,9122,10459,11428
0,0,1,2013-06-15,7143,9129,10461,11431
0,0,1,2013-06-16,7148,9139,10464,11439
0,0,1,2013-06-17,7142,9144,10472,11448
0,0,1,2013-06-18,7145,9142,10481,11456
0,0,1,2013-06-19,7145,9141,10491,11465
0,0,1,2013-06-20,7154,9142,10497,11473
0,0,1,2013-06-21,7173,9148,10505,11489
0,0,1,2013-06-22,7171,9147,10502,11490
0,0,1,2013-06-23,7175,9150,10505,11495
0,0,1,2013-06-24,7172,9158,10511,11499
0,0,1,2013-06-25,7187,9156,10515,11507
0,0,1,2013-06-26,7190,9151,10521,11514
0,0,1,2013-06-27,7199,9158,10528,11515
0,0,1,2013-06-28,7205,9166,10534,11528
0,0,1,2013-06-29,7209,9179,10542,11542
0,0,1,2013-06-30,7206,9185,10553,11550
0,0,1,2013-07-01,7212,9178,10560,11555
0,0,1,2013-07-02,7211,9173,10562,11563
0,0,1,2013-07-03,7207,9178,10562,11570
0,0,1,2013-07-04,7210,9182,10562,11572
0,0,1,2013-07-05,7219,9196,10568,11583
0,0,1,2013-07-06,7228,9202,10581,11591
0,0,1,2013-07-07,7230,9201,10578,11588
0,0,1,2013-07-08,7223,9199,10581,11594
0,0,1,2013-07-09,7228,9196,10585,11593
0,0,1,2013-07-10,7224,9195,10583,11600
0,0,1,2013-07-11,7218,9198,10582,11600
0,0,1,2013-07-12,7211,9204,10586,11603
0,0,1,2013-07-13,7215,9204,10591,11603
0,0,1,2013-07-14,7224,9197,10593,11605
0,0,1,2013-07-15,7205,9197,10595,11603
0,0,1,2013-07-16,7193,9204,10602,11609
0,0,1,2013-07-17,7189,9206,10603,11614
0,0,1,2013-07-18,7175,9212,10608,11624
0,0,1,2013-07-19,7185,9221,10609,11630
0,0,1,2013-07-20,7187,9232,10627,11638
0,0,1,2013-07-21,7190,9233,10632,11647
0,0,1,2013-07-22,7183,9224,10626,11652
0,0,1,2013-07-23,7190,9225,10627,11655
0,0,1,2013-07-24,7190,9241,10622,11664
0,0,1,2013-07-25,7197,9243,10629,11669
0,0,1,2013-07-26,7203,9249,10643,11685
0,0,1,2013-07-27,7216,9252,10640,11692
0,0,1,2013-07-28,7232,9263,10646,11702
0,0,1,2013-07-29,7232,9265,10655,11705
0,0,1,2013-07-30,7243,9275,10663,11713
0,0,1,2013-07-31,7238,9273,10664,11719
0,0,1,2013-08-01,7243,9286,10677,11728
0,0,1,2013-08-02,7260,9296,10687,11741
0,0,1,2013-08-03,7256,9297,10686,11742
0,0,1,2013-08-04,7244,9299,10687,11743
0,0,1,2013-08-05,7236,9301,10680,11747
0,0,1,2013-08-06,7231,9297,10670,11747
0,0,1,2013-08-07,7224,9287,10662,11742
0,0,1,2013-08-08,7220,9285,10666,11749
0,0,1,2013-08-09,7216,9280,10662,11754
0,0,1,2013-08-10,7222,9295,10671,11758
0,0,1,2013-08-11,7211,9290,10659,11758
0,0,1,2013-08-12,7212,9302,10665,11763
0,0,1,2013-08-13,7200,9300,10669,11768
0,0,1,2013-08-14,7203,9302,10670,11764
0,0,1,2013-08-15,7203,9303,10675,11775
0,0,1,2013-08-16,7207,9300,10680,11775
0,0,1,2013-08-17,7207,9309,10692,11783
0,0,1,2013-08-18,7209,9310,10694,11796
0,0,1,2013-08-19,7209,9307,10697,11800
0,0,1,2013-08-20,7209,9304,10699,11804
0,0,1,2013-08-21,7203,9310,10706,11808
0,0,1,2013-08-22,7201,9317,10716,11813
0,0,1,2013-08-23,7193,9317,10706,11813
0,0,1,2013-08-24,7195,9322,10703,11818
0,0,1,2013-08-25,7199,9316,10701,11817
0,0,1,2013-08-26,7186,9307,10701,11818
0,0,1,2013-08-27,7191,9303,10704,11825
0,0,1,2013-08-28,7217,9317,10721,11848
0,0,1,2013-08-29,7209,9328,10726,11847
0,0,1,2013-08-30,7212,9330,10731,11851
0,0,1,2013-08-31,7209,9331,10730,11854
0,0,1,2013-09-01,7207,9337,10742,11864
0,0,1,2013-09-02,7190,9333,10740,11859
0,0,1,2013-09-03,7186,9332,10735,11858
0,0,1,2013-09-04,7186,9336,10732,11866
0,0,1,2013-09-05,7179,9338,10738,11867
0,0,1,2013-09-06,7186,9336,10743,11873
0,0,1,2013-09-07,7174,9338,10735,11866
0,0,1,2013-09-08,7183,9349,10744,11880
0,0,1,2013-09-09,7172,9336,10739,11876
0,0,1,2013-09-10,7167,9329,10746,11879
0,0,1,2013-09-11,7175,9335,10756,11879
0,0,1,2013-09-12,7173,9327,10758,11883
0,0,1,2013-09-13,7164,9325,10763,11880
0,0,1,2013-09-14,7157,9323,10763,11877
0,0,1,2013-09-15,7153,9326,10768,11883
0,0,1,2013-09-16,7168,9329,10763,11887
0,0,1,2013-09-17,7184,9333,10766,11901
0,0,1,2013-09-18,7182,9346,10769,11903
0,0,1,2013-09-19,7183,9356,10771,11911
0,0,1,2013-09-20,7194,9358,10775,11913
0,0,1,2013-09-21,7190,9369,10786,11919
0,0,1,2013-09-22,7189,9368,10787,11921
0,0,1,2013-09-23,7190,9371,10788,11925
0,0,1,2013-09-24,7198,9369,10784,11930
0,0,1,2013-09-25,7195,9371,10789,11937
0,0,1,2013-09-26,7193,9363,10784,11930
0,0,1,2013-09-27,7191,9360,10790,11935
0,0,1,2013-09-28,7203,9370,10800,11950
0,0,1,2013-09-29,7205,9370,10802,11960
0,0,1,2013-09-30,7201,9370,10799,11962
0,0,1,2013-10-01,7203,9369,10801,11959
0,0,1,2013-10-02,7197,9372,10805,11962
0,0,1,2013-10-03,7202,9370,10812,11962
0,0,1,2013-10-04,7198,9375,10809,11970
0,0,1,2013-10-05,7199,9378,10814,11972
0,0,1,2013-10-06,7188,9363,10804,11965
0,0,1,2013-10-07,7179,9358,10791,11961
0,0,1,2013-10-08,7188,9366,10801,11965
0,0,1,2013-10-09,7191,9372,10812,11968
0,0,1,2013-10-10,7186,9368,10824,11970
0,0,1,2013-10-11,7190,9362,10819,11970
0,0,1,2013-10-12,7185,9357,10817,11973
0,0,1,2013-10-13,7206,9354,10828,11983
0,0,1,2013-10-14,7208,9353,10839,11996
0,0,1,2013-10-15,7197,9346,10838,11995
0,0,1,2013-10-16,7199,9337,10845,12000
0,0,1,2013-10-17,7202,9340,10848,11997
0,0,1,2013-10-18,7206,9334,10851,12003
0,0,1,2013-10-19,7201,9334,10848,12001
0,0,1,2013-10-20,7219,9345,10852,12010
0,0,1,2013-10-21,7216,9347,10852,12016
0,0,1,2013-10-22,7201,9343,10863,12004
0,0,1,2013-10-23,7190,9338,10860,12007
0,0,1,2013-10-24,7201,9333,10860,12014
0,0,1,2013-10-25,7198,9334,10856,12005
0,0,1,2013-10-26,7194,9337,10856,12007
0,0,1,2013-10-27,7201,9343,10867,12021
0,0,1,2013-10-28,7200,9344,10872,12022
0,0,1,2013-10-29,7203,9352,10884,12033
0,0,1,2013-10-30,7200,9340,10881,12030
0,0,1,2013-10-31,7202,9342,10878,12027
0,0,1,2013-11-01,7198,9336,10881,12030
0,0,1,2013-11-02,7197,9330,10885,12031
0,0,1,2013-11-03,7200,9324,10889,12029
0,0,1,2013-11-04,7188,9318,10890,12027
0,0,1,2013-11-05,7191,9316,10886,12024
0,0,1,2013-11-06,7180,9305,10871,12020
0,0,1,2013-11-07,7178,9308,10870,12015
0,0,1,2013-11-08,7165,9294,10871,12009
0,0,1,2013-11-09,7169,9293,10871,12002
0,0,1,2013-11-10,7180,9289,10877,12008
0,0,1,2013-11-11,7184,9279,10871,12005
0,0,1,2013-11-12,7177,9281,10877,12008
0,0,1,2013-11-13,7177,9280,10879,12012
0,0,1,2013-11-14,7179,9281,10880,12018
0,0,1,2013-11-15,7179,9269,10878,12016
0,0,1,2013-11-16,7182,9264,10869,12012
0,0,1,2013-11-17,7188,9270,10867,12014
0,0,1,2013-11-18,7182,9269,10867,12017
0,0,1,2013-11-19,7171,9265,10870,12022
0,0,1,2013-11-20,7167,9260,10867,12027
0,0,1,2013-11-21,7168,9256,10871,12024
0,0,1,2013-11-22,7159,9249,10871,12017
0,0,1,2013-11-23,7164,9249,10864,12011
0,0,1,2013-11-24,7163,9235,10856,12009
0,0,1,2013-11-25,7171,9231,10850,12010
0,0,1,2013-11-26,7149,9226,10840,12009
0,0,1,2013-11-27,7143,9222,10848,12013
0,0,1,2013-11-28,7154,9232,10854,12018
0,0,1,2013-11-29,7146,9226,10849,12015
0,0,1,2013-11-30,7151,9216,10847,12016
0,0,1,2013-12-01,7157,9211,10850,12017
0,0,1,2013-12-02,7152,9205,10847,12012
0,0,1,2013-12-03,7149,9203,10849,12009
0,0,1,2013-12-04,7134,9198,10850,12016
0,0,1,2013-12-05,7138,9200,10845,12019
0,0,1,2013-12-06,7129,9191,10846,12015
0,0,1,2013-12-07,7118,9185,10843,12012
0,0,1,2013-12-08,7111,9176,10836,12010
0,0,1,2013-12-09,7121,9187,10841,12024
0,0,1,2013-12-10,7107,9182,10836,12022
0,0,1,2013-12-11,7109,9182,10833,12025
0,0,1,2013-12-12,7110,9169,10834,12030
0,0,1,2013-12-13,7119,9171,10839,12045
0,0,1,2013-12-14,7105,9158,10832,12044
0,0,1,2013-12-15,7114,9175,10836,12045
0,0,1,2013-12-16,7102,9175,10828,12034
0,0,1,2013-12-17,7086,9165,10830,12033
0,0,1,2013-12-18,7077,9159,10835,12027
0,0,1,2013-12-19,7069,9153,10827,12021
0,0,1,2013-12-20,7063,9147,10832,12030
0,0,1,2013-12-21,7057,9144,10830,12031
0,0,1,2013-12-22,7055,9134,10820,12020
0,0,1,2013-12-23,7064,9139,10827,12021
0,0,1,2013-12-24,7052,9134,10824,12022
0,0,1,2013-12-25,7051,9136,10822,12022
0,0,1,2013-12-26,7055,9134,10823,12029
0,0,1,2013-12-27,7056,9130,10822,12032
0,0,1,2013-12-28,7058,9137,10821,12035
0,0,1,2013-12-29,7064,9133,10826,12039
0,0,1,2013-12-30,7067,9140,10833,12050
0,0,1,2013-12-31,7063,9132,10836,12056
0,0,1,2014-01-01,7065,9137,10835,12063
0,0,1,2014-01-02,7059,9128,10838,12060
0,0,1,2014-01-03,7033,9116,10832,12060
0,0,1,2014-01-04,7030,9114,10821,12055
0,0,1,2014-01-05,7028,9111,10825,12050
0,0,1,2014-01-06,7026,9108,10821,12052
0,0,1,2014-01-07,7021,9100,10812,12047
0,0,1,2014-01-08,7006,9090,10805,12056
0,0,1,2014-01-09,7014,9101,10808,12059
0,0,1,2014-01-10,7014,9110,10816,12063
0,0,1,2014-01-11,6993,9114,10803,12066
0,0,1,2014-01-12,6985,9116,10799,12069
0,0,1,2014-01-13,6981,9106,10798,12072
0,0,1,2014-01-14,6971,9113,10793,12079
0,0,1,2014-01-15,6961,9117,10798,12081
0,0,1,2014-01-16,6957,9117,10795,12087
0,0,1,2014-01-17,6960,9112,10799,12087
0,0,1,2014-01-18,6945,9113,10798,12080
0,0,1,2014-01-19,6954,9112,10798,12073
0,0,1,2014-01-20,6961,9105,10799,12084
0,0,1,2014-01-21,6970,9102,10803,12086
0,0,1,2014-01-22,6966,9106,10797,12085
0,0,1,2014-01-23,6964,9104,10794,12077
0,0,1,2014-01-24,6961,9102,10794,12077
0,0,1,2014-01-25,6969,9106,10796,12085
0,0,1,2014-01-26,6984,9111,10797,12090
0,0,1,2014-01-27,6973,9110,10793,12091
0,0,1,2014-01-28,6956,9095,10780,12087
0,0,1,2014-01-29,6954,9097,10788,12090
0,0,1,2014-01-30,6947,9096,10783,12096
0,0,1,2014-01-31,6942,9103,10784,12103
0,0,1,2014-02-01,6944,9107,10781,12112
0,0,1,2014-02-02,6951,9111,10785,12120
0,0,1,2014-02-03,6957,9116,10785,12118
0,0,1,2014-02-04,6961,9118,10786,12111
0,0,1,2014-02-05,6972,9127,10798,12120
0,0,1,2014-02-06,6974,9117,10791,12126
0,0,1,2014-02-07,6986,9125,10794,12132
0,0,1,2014-02-08,6987,9139,10795,12143
0,0,1,2014-02-09,6986,9152,10795,12147
0,0,1,2014-02-10,6987,9145,10795,12150
0,0,1,2014-02-11,6992,9146,10793,12150
0,0,1,2014-02-12,6997,9155,10805,12152
0,0,1,2014-02-13,6992,9155,10794,12148
0,0,1,2014-02-14,7010,9163,10790,12141
0,0,1,2014-02-15,7008,9166,10793,12138
0,0,1,2014-02-16,7012,9158,10787,12135
0,0,1,2014-02-17,7013,9143,10778,12134
0,0,1,2014-02-18,7008,9145,10775,12136
0,0,1,2014-02-19,7007,9150,10774,12142
0,0,1,2014-02-20,7015,9156,10777,12154
0,0,1,2014-02-21,7029,9161,10783,12152
0,0,1,2014-02-22,7027,9163,10777,12154
0,0,1,2014-02-23,7028,9165,10777,12151
0,0,1,2014-02-24,7032,9150,10777,12148
0,0,1,2014-02-25,7024,9147,10773,12151
0,0,1,2014-02-26,7021,9150,10780,12153
0,0,1,2014-02-27,7014,9146,10780,12147
0,0,1,2014-02-28,7013,9148,10769,12144
0,0,1,2014-03-01,7023,9162,10770,12154
0,0,1,2014-03-02,7024,9166,10774,12156
0,0,1,2014-03-03,7025,9172,10780,12164
0,0,1,2014-03-04,7022,9165,10776,12165
0,0,1,2014-03-05,7026,9175,10785,12166
0,0,1,2014-03-06,7019,9171,10779,12171
0,0,1,2014-03-07,7022,9171,10783,12176
0,0,1,2014-03-08,7031,9180,10786,12176
0,0,1,2014-03-09,7041,9177,10792,12175
0,0,1,2014-03-10,7040,9177,10792,12177
0,0,1,2014-03-11,7044,9181,10794,12176
0,0,1,2014-03-12,7054,9187,10789,12186
0,0,1,2014-03-13,7054,9191,10787,12187
0,0,1,2014-03-14,7053,9180,10780,12185
0,0,1,2014-03-15,7061,9175,10783,12179
0,0,1,2014-03-16,7062,9157,10776,12167
0,0,1,2014-03-17,7070,9152,10775,12175
0,0,1,2014-03-18,7079,9150,10771,12181
0,0,1,2014-03-19,7076,9148,10771,12180
0,0,1,2014-03-20,7065,9137,10764,12181
0,0,1,2014-03-21,7076,9139,10762,12186
0,0,1,2014-03-22,7065,9145,10756,12182
0,0,1,2014-03-23,7063,9142,10755,12182
0,0,1,2014-03-24,7064,9146,10762,12189
0,0,1,2014-03-25,7069,9155,10769,12193
0,0,1,2014-03-26,7068,9157,10767,12189
0,0,1,2014-03-27,7067,9161,10765,12188
0,0,1,2014-03-28,7051,9157,10771,12189
0,0,1,2014-03-29,7081,9174,10773,12198
0,0,1,2014-03-30,7098,9184,10779,12203
0,0,1,2014-03-31,7109,9186,10780,12211
0,0,1,2014-04-01,7114,9190,10789,12211
0,0,1,2014-04-02,7134,9203,10801,12225
0,0,1,2014-04-03,7136,9185,10794,12226
0,0,1,2014-04-04,7154,9189,10794,12220
0,0,1,2014-04-05,7164,9188,10792,12222
0,0,1,2014-04-06,7166,9179,10781,12212
0,0,1,2014-04-07,7178,9199,10794,12222
0,0,1,2014-04-08,7197,9203,10795,12223
0,0,1,2014-04-09,7201,9211,10804,12223
0,0,1,2014-04-10,7211,9211,10809,12225
0,0,1,2014-04-11,7224,9205,10818,12222
0,0,1,2014-04-12,7217,9208,10815,12220
0,0,1,2014-04-13,7226,9207,10810,12223
0,0,1,2014-04-14,7229,9209,10814,12223
0,0,1,2014-04-15,7236,9211,10814,12232
0,0,1,2014-04-16,7248,9221,10820,12233
0,0,1,2014-04-17,7249,9225,10815,12232
0,0,1,2014-04-18,7250,9214,10818,12227
0,0,1,2014-04-19,7252,9214,10812,12228
0,0,1,2014-04-20,7258,9222,10806,12233
0,0,1,2014-04-21,7267,9229,10800,12232
0,0,1,2014-04-22,7278,9219,10806,12229
0,0,1,2014-04-23,7276,9226,10807,12232
0,0,1,2014-04-24,7290,9229,10810,12232
0,0,1,2014-04-25,7309,9236,10816,12236
0,0,1,2014-04-26,7311,9249,10821,12241
0,0,1,2014-04-27,7326,9246,10824,12237
0,0,1,2014-04-28,7327,9250,10823,12235
0,0,1,2014-04-29,7324,9244,10827,12245
0,0,1,2014-04-30,7326,9244,10827,12241
0,0,1,2014-05-01,7328,9237,10825,12241
0,0,1,2014-05-02,7321,9234,10820,12229
0,0,1,2014-05-03,7314,9230,10814,12222
0,0,1,2014-05-04,7324,9244,10824,12227
0,0,1,2014-05-05,7325,9251,10828,12227
0,0,1,2014-05-06,7345,9263,10826,12236
0,0,1,2014-05-07,7356,9275,10827,12238
0,0,1,2014-05-08,7357,9278,10835,12238
0,0,1,2014-05-09,7354,9278,10841,12237
0,0,1,2014-05-10,7361,9281,10853,12241
0,0,1,2014-05-11,7349,9277,10840,12235
0,0,1,2014-05-12,7350,9273,10833,12228
0,0,1,2014-05-13,7359,9288,10847,12242
0,0,1,2014-05-14,7364,9295,10855,12242
0,0,1,2014-05-15,7362,9305,10859,12236
0,0,1,2014-05-16,7358,9308,10865,12242
0,0,1,2014-05-17,7348,9304,10861,12238
0,0,1,2014-05-18,7358,9310,10850,12232
0,0,1,2014-05-19,7359,9312,10858,12234
0,0,1,2014-05-20,7371,9316,10868,12234
0,0,1,2014-05-21,7374,9329,10871,12240
0,0,1,2014-05-22,7384,9345,10878,12246
0,0,1,2014-05-23,7396,9344,10886,12244
0,0,1,2014-05-24,7379,9340,10887,12240
0,0,1,2014-05-25,7388,9344,10879,12242
0,0,1,2014-05-26,7395,9348,10885,12244
0,0,1,2014-05-27,7411,9363,10896,12259
0,0,1,2014-05-28,7414,9363,10895,12259
0,0,1,2014-05-29,7407,9360,10894,12250
0,0,1,2014-05-30,7394,9365,10900,12246
0,0,1,2014-05-31,7399,9364,10901,12248
0,0,1,2014-06-01,7396,9369,10911,12254
0,0,1,2014-06-02,7402,9381,10911,12258
0,0,1,2014-06-03,7407,9387,10915,12262
0,0,1,2014-06-04,7409,9393,10916,12260
0,0,1,2014-06-05,7424,9407,10921,12267
0,0,1,2014-06-06,7431,9417,10927,12273
0,0,1,2014-06-07,7441,9425,10930,12276
0,0,1,2014-06-08,7436,9424,10929,12279
0,0,1,2014-06-09,7436,9433,10936,12284
0,0,1,2014-06-10,7450,9448,10949,12286
0,0,1,2014-06-11,7458,9455,10959,12289
0,0,1,2014-06-12,7466,9456,10955,12289
0,0,1,2014-06-13,7482,9473,10964,12304
0,0,1,2014-06-14,7485,9482,10965,12308
0,0,1,2014-06-15,7503,9489,10970,12308
0,0,1,2014-06-16,7510,9508,10976,12314
0,0,1,2014-06-17,7514,9522,10984,12324
0,0,1,2014-06-18,7525,9520,10986,12324
0,0,1,2014-06-19,7541,9527,10984,12323
0,0,1,2014-06-20,7551,9528,11006,12330
0,0,1,2014-06-21,7561,9532,11008,12333
0,0,1,2014-06-22,7560,9524,11009,12334
0,0,1,2014-06-23,7555,9520,11007,12330
0,0,1,2014-06-24,7558,9535,11020,12339
0,0,1,2014-06-25,7551,9537,11024,12337
0,0,1,2014-06-26,7561,9530,11024,12343
0,0,1,2014-06-27,7559,9541,11028,12341
0,0,1,2014-06-28,7547,9543,11022,12338
0,0,1,2014-06-29,7557,9554,11032,12346
0,0,1,2014-06-30,7565,9563,11034,12350
0,0,1,2014-07-01,7566,9566,11034,12349
0,0,1,2014-07-02,7564,9571,11025,12347
0,0,1,2014-07-03,7564,9573,11023,12348
0,0,1,2014-07-04,7567,9574,11026,12345
0,0,1,2014-07-05,7579,9584,11033,12350
0,0,1,2014-07-06,7584,9588,11043,12351
0,0,1,2014-07-07,7599,9596,11042,12349
0,0,1,2014-07-08,7588,9598,11051,12354
0,0,1,2014-07-09,7578,9611,11049,12355
0,0,1,2014-07-10,7570,9618,11042,12362
0,0,1,2014-07-11,7557,9606,11032,12356
0,0,1,2014-07-12,7560,9613,11031,12351
0,0,1,2014-07-13,7556,9614,11025,12350
0,0,1,2014-07-14,7547,9613,11019,12348
0,0,1,2014-07-15,7530,9615,11019,12346
0,0,1,2014-07-16,7529,9619,11026,12343
0,0,1,2014-07-17,7543,9625,11030,12354
0,0,1,2014-07-18,7554,9636,11035,12354
0,0,1,2014-07-19,7571,9642,11044,12354
0,0,1,2014-07-20,7566,9644,11045,12344
0,0,1,2014-07-21,7571,9657,11044,12355
0,0,1,2014-07-22,7575,9660,11053,12360
0,0,1,2014-07-23,7576,9673,11062,12370
0,0,1,2014-07-24,7572,9674,11062,12368
0,0,1,2014-07-25,7571,9677,11069,12369
0,0,1,2014-07-26,7568,9675,11068,12372
0,0,1,2014-07-27,7568,9680,11071,12370
0,0,1,2014-07-28,7573,9687,11078,12380
0,0,1,2014-07-29,7555,9686,11081,12375
0,0,1,2014-07-30,7554,9688,11076,12376
0,0,1,2014-07-31,7552,9690,11083,12381
0,0,1,2014-08-01,7549,9682,11081,12376
0,0,1,2014-08-02,7557,9678,11082,12375
0,0,1,2014-08-03,7551,9675,11087,12377
0,0,1,2014-08-04,7557,9681,11090,12372
0,0,1,2014-08-05,7555,9686,11088,12363
0,0,1,2014-08-06,7545,9683,11085,12363
0,0,1,2014-08-07,7549,9680,11078,12362
0,0,1,2014-08-08,7562,9689,11085,12377
0,0,1,2014-08-09,7561,9696,11087,12374
0,0,1,2014-08-10,7562,9702,11091,12374
0,0,1,2014-08-11,7565,9702,11090,12374
0,0,1,2014-08-12,7574,9708,11099,12385
0,0,1,2014-08-13,7578,9713,11107,12388
0,0,1,2014-08-14,7566,9711,11108,12392
0,0,1,2014-08-15,7567,9716,11120,12400
0,0,1,2014-08-16,7574,9729,11130,12392
0,0,1,2014-08-17,7579,9737,11138,12403
0,0,1,2014-08-18,7590,9751,11152,12420
0,0,1,2014-08-19,7587,9754,11161,12425
0,0,1,2014-08-20,7594,9763,11170,12431
0,0,1,2014-08-21,7581,9760,11164,12433
0,0,1,2014-08-22,7577,9759,11168,12438
0,0,1,2014-08-23,7569,9761,11167,12424
0,0,1,2014-08-24,7566,9758,11158,12419
0,0,1,2014-08-25,7560,9762,11157,12421
0,0,1,2014-08-26,7572,9777,11166,12429
0,0,1,2014-08-27,7562,9769,11169,12431
0,0,1,2014-08-28,7556,9764,11173,12441
0,0,1,2014-08-29,7552,9766,11170,12438
0,0,1,2014-08-30,7550,9766,11174,12450
0,0,1,2014-08-31,7545,9768,11180,12450
0,0,1,2014-09-01,7539,9780,11196,12465
0,0,1,2014-09-02,7545,9789,11212,12476
0,0,1,2014-09-03,7541,9794,11219,12474
0,0,1,2014-09-04,7559,9806,11235,12489
0,0,1,2014-09-05,7563,9807,11244,12493
0,0,1,2014-09-06,7564,9808,11242,12491
0,0,1,2014-09-07,7558,9807,11244,12493
0,0,1,2014-09-08,7558,9815,11250,12496
0,0,1,2014-09-09,7555,9820,11254,12503
0,0,1,2014-09-10,7558,9824,11257,12498
0,0,1,2014-09-11,7568,9838,11271,12508
0,0,1,2014-09-12,7566,9832,11278,12507
0,0,1,2014-09-13,7580,9849,11285,12510
0,0,1,2014-09-14,7576,9849,11293,12504
0,0,1,2014-09-15,7576,9850,11302,12507
0,0,1,2014-09-16,7571,9847,11295,12503
0,0,1,2014-09-17,7575,9858,11305,12504
0,0,1,2014-09-18,7582,9870,11311,12519
0,0,1,2014-09-19,7581,9875,11313,12519
0,0,1,2014-09-20,7589,9878,11310,12522
0,0,1,2014-09-21,7591,9874,11308,12524
0,0,1,2014-09-22,7598,9878,11322,12533
0,0,1,2014-09-23,7599,9877,11324,12536
0,0,1,2014-09-24,7601,9878,11322,12539
0,0,1,2014-09-25,7604,9878,11329,12538
0,0,1,2014-09-26,7589,9862,11324,12530
0,0,1,2014-09-27,7591,9862,11328,12532
0,0,1,2014-09-28,7578,9863,11333,12529
0,0,1,2014-09-29,7582,9869,11338,12530
0,0,1,2014-09-30,7583,9865,11344,12526
0,0,1,2014-10-01,7583,9857,11337,12522
0,0,1,2014-10-02,7590,9857,11339,12522
0,0,1,2014-10-03,7589,9856,11337,12518
0,0,1,2014-10-04,7588,9858,11344,12530
0,0,1,2014-10-05,7607,9867,11353,12530
0,0,1,2014-10-06,7619,9862,11356,12536
0,0,1,2014-10-07,7627,9862,11363,12535
0,0,1,2014-10-08,7621,9851,11365,12525
0,0,1,2014-10-09,7620,9845,11360,12520
0,0,1,2014-10-10,7625,9846,11359,12516
0,0,1,2014-10-11,7625,9841,11358,12513
0,0,1,2014-10-12,7631,9831,11356,12511
0,0,1,2014-10-13,7644,9823,11368,12518
0,0,1,2014-10-14,7646,9823,11371,12527
0,0,1,2014-10-15,7658,9835,11387,12537
0,0,1,2014-10-16,7678,9846,11400,12547
0,0,1,2014-10-17,7675,9853,11398,12551
0,0,1,2014-10-18,7677,9846,11402,12555
0,0,1,2014-10-19,7670,9846,11405,12545
0,0,1,2014-10-20,7682,9843,11404,12553
0,0,1,2014-10-21,7681,9848,11417,12561
0,0,1,2014-10-22,7692,9851,11425,12565
0,0,1,2014-10-23,7699,9853,11434,12574
0,0,1,2014-10-24,7715,9870,11453,12585
0,0,1,2014-10-25,7707,9861,11449,12586
0,0,1,2014-10-26,7698,9850,11439,12578
0,0,1,2014-10-27,7708,9849,11451,12588
0,0,1,2014-10-28,7712,9852,11454,12585
0,0,1,2014-10-29,7702,9853,11457,12591
0,0,1,2014-10-30,7703,9852,11450,12593
0,0,1,2014-10-31,7707,9859,11449,12598
0,0,1,2014-11-01,7700,9851,11444,12598
0,0,1,2014-11-02,7690,9848,11443,12599
0,0,1,2014-11-03,7688,9854,11449,12602
0,0,1,2014-11-04,7690,9853,11450,12602
0,0,1,2014-11-05,7689,9854,11449,12604
0,0,1,2014-11-06,7688,9859,11455,12609
0,0,1,2014-11-07,7685,9855,11456,12608
0,0,1,2014-11-08,7696,9862,11466,12612
0,0,1,2014-11-09,7707,9869,11461,12612
0,0,1,2014-11-10,7699,9867,11455,12606
0,0,1,2014-11-11,7699,9866,11458,12607
0,0,1,2014-11-12,7712,9873,11467,12612
0,0,1,2014-11-13,7708,9875,11464,12618
0,0,1,2014-11-14,7703,9880,11474,12623
0,0,1,2014-11-15,7704,9881,11474,12618
0,0,1,2014-11-16,7700,9886,11487,12631
0,0,1,2014-11-17,7700,9883,11482,12632
0,0,1,2014-11-18,7686,9876,11478,12630
0,0,1,2014-11-19,7685,9865,11480,12628
0,0,1,2014-11-20,7685,9861,11478,12631
0,0,1,2014-11-21,7681,9860,11482,12632
0,0,1,2014-11-22,7673,9860,11484,12634
0,0,1,2014-11-23,7672,9856,11488,12634
0,0,1,2014-11-24,7667,9853,11489,12634
0,0,1,2014-11-25,7677,9850,11487,12640
0,0,1,2014-11-26,7676,9840,11480,12639
0,0,1,2014-11-27,7658,9841,11482,12637
0,0,1,2014-11-28,7664,9839,11479,12630
0,0,1,2014-11-29,7658,9835,11480,12638
0,0,1,2014-11-30,7651,9824,11480,12641
0,0,1,2014-12-01,7658,9838,11494,12657
0,0,1,2014-12-02,7648,9834,11496,12660
0,0,1,2014-12-03,7648,9844,11499,12670
0,0,1,2014-12-04,7649,9840,11496,12668
0,0,1,2014-12-05,7634,9831,11496,12663
0,0,1,2014-12-06,7647,9827,11495,12669
0,0,1,2014-12-07,7653,9836,11506,12677
0,0,1,2014-12-08,7644,9818,11501,12668
0,0,1,2014-12-09,7633,9808,11494,12664
0,0,1,2014-12-10,7639,9813,11501,12669
0,0,1,2014-12-11,7648,9831,11510,12686
0,0,1,2014-12-12,7649,9840,11520,12689
0,0,1,2014-12-13,7650,9839,11517,12692
0,0,1,2014-12-14,7639,9828,11508,12690
0,0,1,2014-12-15,7645,9830,11511,12689
0,0,1,2014-12-16,7635,9821,11512,12692
0,0,1,2014-12-17,7626,9816,11512,12688
0,0,1,2014-12-18,7630,9819,11516,12695
0,0,1,2014-12-19,7619,9820,11514,12694
0,0,1,2014-12-20,7617,9814,11510,12695
0,0,1,2014-12-21,7618,9811,11515,12704
0,0,1,2014-12-22,7622,9810,11508,12703
0,0,1,2014-12-23,7614,9799,11504,12701
0,0,1,2014-12-24,7599,9799,11499,12704
0,0,1,2014-12-25,7601,9792,11493,12711
0,0,1,2014-12-26,7599,9791,11490,12711
0,0,1,2014-12-27,7609,9787,11494,12713
0,0,1,2014-12-28,7597,9785,11500,12720
0,0,1,2014-12-29,7606,9793,11503,12733
0,0,1,2014-12-30,7612,9792,11500,12732
0,0,1,2014-12-31,7622,9806,11510,12739
0,0,1,2015-01-01,7628,9814,11517,12743
0,0,1,2015-01-02,7632,9818,11514,12747
0,0,1,2015-01-03,7628,9821,11518,12748
0,0,1,2015-01-04,7631,9826,11516,12750
0,0,1,2015-01-05,7630,9826,11512,12751
0,0,1,2015-01-06,7640,9832,11514,12756
0,0,1,2015-01-07,7627,9823,11507,12748
0,0,1,2015-01-08,7626,9822,11510,12753
0,0,1,2015-01-09,7632,9824,11508,12759
0,0,1,2015-01-10,7630,9834,11506,12763
0,0,1,2015-01-11,7627,9849,11505,12774
0,0,1,2015-01-12,7624,9845,11504,12775
0,0,1,2015-01-13,7622,9846,11512,12781
0,0,1,2015-01-14,7621,9860,11515,12786
0,0,1,2015-01-15,7625,9868,11526,12789
0,0,1,2015-01-16,7630,9874,11520,12793
0,0,1,2015-01-17,7623,9877,11519,12798
0,0,1,2015-01-18,7627,9889,11524,12799
0,0,1,2015-01-19,7640,9894,11531,12808
0,0,1,2015-01-20,7645,9887,11525,12813
0,0,1,2015-01-21,7652,9893,11527,12821
0,0,1,2015-01-22,7648,9897,11528,12824
0,0,1,2015-01-23,7654,9894,11525,12820
0,0,1,2015-01-24,7645,9893,11523,12818
0,0,1,2015-01-25,7635,9894,11506,12817
0,0,1,2015-01-26,7626,9889,11503,12820
0,0,1,2015-01-27,7624,9881,11500,12824
0,0,1,2015-01-28,7618,9878,11495,12817
0,0,1,2015-01-29,7616,9879,11501,12815
0,0,1,2015-01-30,7634,9889,11508,12819
0,0,1,2015-01-31,7631,9892,11516,12823
0,0,1,2015-02-01,7635,9890,11520,12827
0,0,1,2015-02-02,7632,9899,11524,12834
0,0,1,2015-02-03,7637,9909,11533,12842
0,0,1,2015-02-04,7634,9906,11532,12840
0,0,1,2015-02-05,7626,9902,11527,12842
0,0,1,2015-02-06,7625,9909,11531,12850
0,0,1,2015-02-07,7635,9921,11541,12858
0,0,1,2015-02-08,7635,9922,11544,12858
0,0,1,2015-02-09,7634,9920,11541,12857
0,0,1,2015-02-10,7620,9921,11535,12858
0,0,1,2015-02-11,7621,9912,11533,12854
0,0,1,2015-02-12,7622,9900,11528,12860
0,0,1,2015-02-13,7635,9900,11531,12859
0,0,1,2015-02-14,7634,9902,11536,12873
0,0,1,2015-02-15,7633,9906,11532,12865
0,0,1,2015-02-16,7647,9910,11534,12870
0,0,1,2015-02-17,7651,9917,11528,12875
0,0,1,2015-02-18,7661,9918,11525,12873
0,0,1,2015-02-19,7655,9915,11525,12875
0,0,1,2015-02-20,7652,9915,11520,12875
0,0,1,2015-02-21,7663,9920,11522,12885
0,0,1,2015-02-22,7673,9917,11528,12891
0,0,1,2015-02-23,7664,9925,11526,12889
0,0,1,2015-02-24,7678,9929,11523,12888
0,0,1,2015-02-25,7688,9917,11520,12888
0,0,1,2015-02-26,7676,9920,11520,12889
0,0,1,2015-02-27,7676,9923,11518,12885
0,0,1,2015-02-28,7679,9925,11519,12894
0,0,1,2015-03-01,7676,9919,11521,12897
0,0,1,2015-03-02,7678,9910,11510,12898
0,0,1,2015-03-03,7672,9914,11519,12904
0,0,1,2015-03-04,7659,9910,11516,12899
0,0,1,2015-03-05,7661,9904,11521,12909
0,0,1,2015-03-06,7652,9907,11512,12906
0,0,1,2015-03-07,7632,9907,11515,12913
0,0,1,2015-03-08,7637,9925,11521,12926
0,0,1,2015-03-09,7639,9919,11513,12922
0,0,1,2015-03-10,7641,9920,11512,12922
0,0,1,2015-03-11,7630,9921,11518,12920
0,0,1,2015-03-12,7645,9926,11529,12933
0,0,1,2015-03-13,7644,9928,11529,12933
0,0,1,2015-03-14,7639,9927,11530,12941
0,0,1,2015-03-15,7653,9933,11531,12948
0,0,1,2015-03-16,7651,9931,11526,12953
0,0,1,2015-03-17,7648,9937,11525,12955
0,0,1,2015-03-18,7635,9939,11532,12963
0,0,1,2015-03-19,7650,9939,11542,12966
0,0,1,2015-03-20,7667,9951,11547,12972
0,0,1,2015-03-21,7661,9944,11542,12972
0,0,1,2015-03-22,7671,9948,11539,12968
0,0,1,2015-03-23,7661,9940,11528,12964
0,0,1,2015-03-24,7668,9940,11533,12965
0,0,1,2015-03-25,7670,9948,11531,12960
0,0,1,2015-03-26,7684,9956,11540,12968
0,0,1,2015-03-27,7681,9967,11542,12976
0,0,1,2015-03-28,7680,9962,11542,12979
0,0,1,2015-03-29,7673,9958,11546,12976
0,0,1,2015-03-30,7684,9966,11547,12978
0,0,1,2015-03-31,7701,9983,11566,12986
0,0,1,2015-04-01,7703,9984,11570,12989
0,0,1,2015-04-02,7704,9981,11566,12984
0,0,1,2015-04-03,7715,9988,11574,12989
0,0,1,2015-04-04,7699,9980,11573,12980
0,0,1,2015-04-05,7692,9975,11572,12979
0,0,1,2015-04-06,7713,9994,11578,12987
0,0,1,2015-04-07,7707,9997,11577,12986
0,0,1,2015-04-08,7708,9994,11577,12988
0,0,1,2015-04-09,7698,9993,11571,12982
0,0,1,2015-04-10,7696,9998,11579,12981
0,0,1,2015-04-11,7698,9992,11586,12975
0,0,1,2015-04-12,7703,10004,11594,12988
0,0,1,2015-04-13,7701,10006,11593,12995
0,0,1,2015-04-14,7710,10006,11607,13005
0,0,1,2015-04-15,7709,10013,11607,13010
0,0,1,2015-04-16,7719,10018,11616,13008
0,0,1,2015-04-17,7707,10007,11616,13004
0,0,1,2015-04-18,7714,10012,11633,13012
0,0,1,2015-04-19,7735,10025,11636,13016
0,0,1,2015-04-20,7729,10034,11639,13020
0,0,1,2015-04-21,7734,10034,11640,13015
0,0,1,2015-04-22,7730,10041,11649,13023
0,0,1,2015-04-23,7758,10063,11662,13031
0,0,1,2015-04-24,7758,10068,11665,13031
0,0,1,2015-04-25,7746,10057,11667,13020
0,0,1,2015-04-26,7759,10062,11668,13020
0,0,1,2015-04-27,7777,10076,11673,13022
0,0,1,2015-04-28,7776,10084,11679,13027
0,0,1,2015-04-29,7797,10089,11690,13039
0,0,1,2015-04-30,7813,10109,11707,13053
0,0,1,2015-05-01,7805,10116,11710,13058
0,0,1,2015-05-02,7809,10127,11713,13066
0,0,1,2015-05-03,7813,10124,11720,13067
0,0,1,2015-05-04,7807,10123,11722,13075
0,0,1,2015-05-05,7814,10129,11724,13078
0,0,1,2015-05-06,7800,10131,11724,13080
0,0,1,2015-05-07,7817,10137,11742,13092
0,0,1,2015-05-08,7813,10137,11746,13093
0,0,1,2015-05-09,7827,10154,11760,13105
0,0,1,2015-05-10,7831,10156,11757,13099
0,0,1,2015-05-11,7829,10148,11758,13091
0,0,1,2015-05-12,7838,10151,11752,13095
0,0,1,2015-05-13,7852,10164,11754,13101
0,0,1,2015-05-14,7848,10165,11745,13095
0,0,1,2015-05-15,7831,10157,11737,13098
0,0,1,2015-05-16,7852,10165,11757,13105
0,0,1,2015-05-17,7850,10165,11759,13103
0,0,1,2015-05-18,7834,10162,11759,13089
0,0,1,2015-05-19,7833,10169,11764,13090
0,0,1,2015-05-20,7844,10179,11777,13101
0,0,1,2015-05-21,7844,10179,11781,13098
0,0,1,2015-05-22,7854,10184,11780,13091
0,0,1,2015-05-23,7862,10202,11789,13105
0,0,1,2015-05-24,7853,10201,11790,13101
0,0,1,2015-05-25,7863,10208,11788,13091
0,0,1,2015-05-26,7873,10221,11785,13093
0,0,1,2015-05-27,7890,10213,11788,13094
0,0,1,2015-05-28,7896,10217,11791,13095
0,0,1,2015-05-29,7894,10214,11788,13089
0,0,1,2015-05-30,7919,10224,11792,13099
0,0,1,2015-05-31,7940,10235,11796,13096
0,0,1,2015-06-01,7947,10226,11803,13108
0,0,1,2015-06-02,7944,10219,11802,13107
0,0,1,2015-06-03,7948,10218,11799,13111
0,0,1,2015-06-04,7944,10212,11795,13100
0,0,1,2015-06-05,7947,10203,11803,13107
0,0,1,2015-06-06,7974,10228,11824,13120
0,0,1,2015-06-07,7975,10226,11826,13120
0,0,1,2015-06-08,7970,10229,11832,13118
0,0,1,2015-06-09,7980,10235,11840,13124
0,0,1,2015-06-10,7980,10247,11841,13134
0,0,1,2015-06-11,7965,10249,11849,13138
0,0,1,2015-06-12,7983,10260,11856,13138
0,0,1,2015-06-13,7988,10269,11861,13139
0,0,1,2015-06-14,7980,10262,11856,13132
0,0,1,2015-06-15,7986,10267,11868,13136
0,0,1,2015-06-16,7993,10264,11871,13139
0,0,1,2015-06-17,7989,10270,11873,13150
0,0,1,2015-06-18,7987,10262,11871,13145
0,0,1,2015-06-19,7992,10268,11879,13147
0,0,1,2015-06-20,8000,10272,11881,13145
0,0,1,2015-06-21,8006,10280,11888,13143
0,0,1,2015-06-22,8017,10288,11885,13146
0,0,1,2015-06-23,8015,10283,11894,13148
0,0,1,2015-06-24,8022,10298,11908,13161
0,0,1,2015-06-25,8010,10288,11910,13158
0,0,1,2015-06-26,8007,10283,11906,13164
0,0,1,2015-06-27,8014,10285,11908,13173
0,0,1,2015-06-28,8016,10287,11912,13174
0,0,1,2015-06-29,8013,10292,11924,13190
0,0,1,2015-06-30,8027,10291,11936,13196
0,0,1,2015-07-01,8019,10293,11934,13194
0,0,1,2015-07-02,8007,10297,11930,13197
0,0,1,2015-07-03,8021,10295,11936,13210
0,0,1,2015-07-04,8023,10299,11943,13218
0,0,1,2015-07-05,8014,10310,11954,13219
0,0,1,2015-07-06,8005,10296,11954,13212
0,0,1,2015-07-07,7996,10291,11950,13209
0,0,1,2015-07-08,7990,10297,11957,13214
0,0,1,2015-07-09,8006,10310,11972,13227
0,0,1,2015-07-10,7987,10304,11968,13225
0,0,1,2015-07-11,7992,10302,11970,13225
0,0,1,2015-07-12,7989,10300,11972,13226
0,0,1,2015-07-13,7988,10308,11972,13234
0,0,1,2015-07-14,7982,10306,11976,13236
0,0,1,2015-07-15,7999,10315,11985,13244
0,0,1,2015-07-16,7996,10308,11980,13250
0,0,1,2015-07-17,7983,10299,11975,13257
0,0,1,2015-07-18,7986,10297,11974,13252
0,0,1,2015-07-19,7989,10291,11978,13250
0,0,1,2015-07-20,7991,10292,11978,13254
0,0,1,2015-07-21,7991,10290,11983,13260
0,0,1,2015-07-22,7995,10304,11995,13264
0,0,1,2015-07-23,7998,10316,12005,13275
0,0,1,2015-07-24,7993,10313,12002,13274
0,0,1,2015-07-25,7998,10321,12003,13282
0,0,1,2015-07-26,8005,10330,12012,13287
0,0,1,2015-07-27,8001,10332,12025,13295
0,0,1,2015-07-28,8007,10342,12032,13308
0,0,1,2015-07-29,7987,10331,12031,13303
0,0,1,2015-07-30,7974,10326,12034,13305
0,0,1,2015-07-31,7971,10334,12046,13317
0,0,1,2015-08-01,7976,10325,12038,13322
0,0,1,2015-08-02,7978,10323,12037,13324
0,0,1,2015-08-03,7964,10321,12037,13320
0,0,1,2015-08-04,7975,10315,12043,13326
0,0,1,2015-08-05,7998,10342,12048,13345
0,0,1,2015-08-06,7997,10340,12050,13348
0,0,1,2015-08-07,8006,10346,12060,13354
0,0,1,2015-08-08,8018,10368,12074,13360
0,0,1,2015-08-09,8005,10364,12069,13357
0,0,1,2015-08-10,8014,10376,12075,13353
0,0,1,2015-08-11,8012,10376,12076,13345
0,0,1,2015-08-12,8028,10381,12085,13347
0,0,1,2015-08-13,8022,10372,12075,13337
0,0,1,2015-08-14,8011,10373,12067,13339
0,0,1,2015-08-15,8010,10382,12076,13348
0,0,1,2015-08-16,8013,10377,12083,13359
0,0,1,2015-08-17,8020,10381,12094,13367
0,0,1,2015-08-18,8006,10371,12089,13369
0,0,1,2015-08-19,8005,10378,12091,13378
0,0,1,2015-08-20,7999,10378,12085,13371
0,0,1,2015-08-21,7995,10373,12086,13364
0,0,1,2015-08-22,8001,10378,12093,13374
0,0,1,2015-08-23,8004,10397,12107,13379
0,0,1,2015-08-24,8014,10399,12116,13375
0,0,1,2015-08-25,8028,10404,12113,13378
0,0,1,2015-08-26,8025,10415,12120,13384
0,0,1,2015-08-27,8026,10417,12127,13391
0,0,1,2015-08-28,8034,10433,12142,13395
0,0,1,2015-08-29,8043,10442,12144,13391
0,0,1,2015-08-30,8048,10442,12130,13393
0,0,1,2015-08-31,8052,10443,12131,13395
0,0,1,2015-09-01,8070,10444,12137,13399
0,0,1,2015-09-02,8058,10443,12134,13400
0,0,1,2015-09-03,8062,10448,12122,13405
0,0,1,2015-09-04,8059,10445,12127,13409
0,0,1,2015-09-05,8062,10458,12129,13415
0,0,1,2015-09-06,8063,10460,12142,13431
0,0,1,2015-09-07,8081,10467,12143,13439
0,0,1,2015-09-08,8094,10465,12145,13436
0,0,1,2015-09-09,8109,10461,12148,13447
0,0,1,2015-09-10,8117,10460,12151,13452
0,0,1,2015-09-11,8132,10464,12160,13454
0,0,1,2015-09-12,8144,10467,12162,13456
0,0,1,2015-09-13,8155,10462,12160,13462
0,0,1,2015-09-14,8164,10471,12161,13458
0,0,1,2015-09-15,8173,10460,12161,13453
0,0,1,2015-09-16,8185,10468,12170,13463
0,0,1,2015-09-17,8192,10468,12164,13456
0,0,1,2015-09-18,8204,10471,12166,13457
0,0,1,2015-09-19,8209,10472,12169,13460
0,0,1,2015-09-20,8226,10481,12174,13459
0,0,1,2015-09-21,8235,10480,12169,13464
0,0,1,2015-09-22,8246,10472,12164,13463
0,0,1,2015-09-23,8253,10474,12164,13473
0,0,1,2015-09-24,8251,10468,12159,13469
0,0,1,2015-09-25,8252,10458,12148,13462
0,0,1,2015-09-26,8258,10457,12146,13468
0,0,1,2015-09-27,8274,10454,12140,13471
0,0,1,2015-09-28,8268,10460,12137,13478
0,0,1,2015-09-29,8286,10462,12143,13484
0,0,1,2015-09-30,8310,10468,12163,13494
0,0,1,2015-10-01,8291,10455,12148,13489
0,0,1,2015-10-02,8290,10462,12149,13489
0,0,1,2015-10-03,8301,10463,12150,13491
0,0,1,2015-10-04,8316,10464,12149,13494
0,0,1,2015-10-05,8333,10472,12155,13499
0,0,1,2015-10-06,8262,10477,12163,13507
0,0,1,2015-10-07,8125,10484,12174,13518
0,0,1,2015-10-08,8124,10473,12171,13521
0,0,1,2015-10-09,8124,10466,12166,13518
0,0,1,2015-10-10,8123,10458,12157,13514
0,0,1,2015-10-11,8126,10461,12168,13518
0,0,1,2015-10-12,8139,10471,12179,13527
0,0,1,2015-10-13,8142,10476,12180,13532
0,0,1,2015-10-14,8141,10470,12170,13520
0,0,1,2015-10-15,8148,10477,12176,13529
0,0,1,2015-10-16,8170,10502,12194,13547
0,0,1,2015-10-17,8169,10505,12191,13550
0,0,1,2015-10-18,8168,10497,12189,13549
0,0,1,2015-10-19,8167,10491,12182,13552
0,0,1,2015-10-20,8183,10502,12200,13570
0,0,1,2015-10-21,8177,10505,12208,13578
0,0,1,2015-10-22,8170,10501,12203,13573
0,0,1,2015-10-23,8175,10505,12211,13571
0,0,1,2015-10-24,8181,10512,12218,13576
0,0,1,2015-10-25,8178,10509,12215,13583
0,0,1,2015-10-26,8172,10494,12208,13573
0,0,1,2015-10-27,8171,10488,12206,13578
0,0,1,2015-10-28,8176,10481,12209,13586
0,0,1,2015-10-29,8179,10477,12215,13592
0,0,1,2015-10-30,8180,10476,12207,13582
0,0,1,2015-10-31,8164,10477,12205,13578
0,0,1,2015-11-01,8165,10479,12209,13580
0,0,1,2015-11-02,8148,10480,12193,13573
0,0,1,2015-11-03,8126,10471,12190,13563
0,0,1,2015-11-04,8137,10468,12184,13562
0,0,1,2015-11-05,8150,10479,12199,13578
0,0,1,2015-11-06,8147,10476,12206,13585
0,0,1,2015-11-07,8145,10472,12215,13589
0,0,1,2015-11-08,8151,10481,12221,13594
0,0,1,2015-11-09,8154,10481,12226,13600
0,0,1,2015-11-10,8143,10491,12225,13605
0,0,1,2015-11-11,8145,10493,12227,13606
0,0,1,2015-11-12,8153,10492,12230,13603
0,0,1,2015-11-13,8158,10494,12235,13609
0,0,1,2015-11-14,8162,10496,12233,13611
0,0,1,2015-11-15,8156,10499,12234,13614
0,0,1,2015-11-16,8153,10495,12234,13615
0,0,1,2015-11-17,8155,10497,12229,13605
0,0,1,2015-11-18,8141,10495,12236,13605
0,0,1,2015-11-19,8146,10498,12235,13610
0,0,1,2015-11-20,8162,10504,12240,13610
0,0,1,2015-11-21,8154,10495,12243,13612
0,0,1,2015-11-22,8150,10497,12243,13618
0,0,1,2015-11-23,8140,10494,12238,13608
0,0,1,2015-11-24,8134,10489,12248,13608
0,0,1,2015-11-25,8100,10476,12238,13604
0,0,1,2015-11-26,8081,10469,12240,13607
0,0,1,2015-11-27,8075,10473,12246,13613
0,0,1,2015-11-28,8067,10471,12242,13597
0,0,1,2015-11-29,8057,10464,12240,13596
0,0,1,2015-11-30,8050,10464,12231,13597
0,0,1,2015-12-01,8052,10452,12228,13596
0,0,1,2015-12-02,8043,10451,12228,13583
0,0,1,2015-12-03,8036,10451,12225,13585
0,0,1,2015-12-04,8020,10450,12227,13585
0,0,1,2015-12-05,8017,10443,12221,13587
0,0,1,2015-12-06,8013,10445,12220,13582
0,0,1,2015-12-07,8016,10463,12222,13590
0,0,1,2015-12-08,8011,10466,12214,13591
0,0,1,2015-12-09,8012,10471,12216,13592
0,0,1,2015-12-10,8022,10493,12228,13612
0,0,1,2015-12-11,8013,10508,12234,13617
0,0,1,2015-12-12,8005,10504,12222,13606
0,0,1,2015-12-13,8021,10509,12230,13615
0,0,1,2015-12-14,8032,10520,12227,13621
0,0,1,2015-12-15,8024,10515,12229,13620
0,0,1,2015-12-16,8034,10532,12234,13623
0,0,1,2015-12-17,8028,10532,12234,13625
0,0,1,2015-12-18,8037,10532,12234,13627
0,0,1,2015-12-19,8029,10544,12245,13633
0,0,1,2015-12-20,8055,10556,12240,13628
0,0,1,2015-12-21,8050,10570,12243,13632
0,0,1,2015-12-22,8052,10582,12243,13630
0,0,1,2015-12-23,8052,10590,12251,13631
0,0,1,2015-12-24,8062,10598,12253,13630
0,0,1,2015-12-25,8055,10603,12252,13627
0,0,1,2015-12-26,8059,10612,12249,13626
0,0,1,2015-12-27,8056,10618,12259,13630
0,0,1,2015-12-28,8051,10624,12256,13634
0,0,1,2015-12-29,8042,10638,12254,13642
0,0,1,2015-12-30,8076,10644,12252,13645
0,0,1,2015-12-31,8070,10626,12255,13647
0,0,1,2016-01-01,8082,10638,12263,13653
0,0,1,2016-01-02,8094,10656,12271,13659
0,0,1,2016-01-03,8097,10667,12277,13667
0,0,1,2016-01-04,8115,10628,12290,13681
0,0,1,2016-01-05,8105,10536,12295,13687
0,0,1,2016-01-06,8100,10532,12285,13686
0,0,1,2016-01-07,8109,10536,12286,13684
0,0,1,2016-01-08,8105,10541,12282,13681
0,0,1,2016-01-09,8101,10541,12279,13690
0,0,1,2016-01-10,8107,10543,12276,13692
0,0,1,2016-01-11,8108,10546,12276,13691
0,0,1,2016-01-12,8114,10553,12272,13686
0,0,1,2016-01-13,8105,10554,12273,13689
0,0,1,2016-01-14,8112,10565,12282,13693
0,0,1,2016-01-15,8115,10565,12289,13696
0,0,1,2016-01-16,8127,10566,12286,13696
0,0,1,2016-01-17,8123,10570,12285,13692
0,0,1,2016-01-18,8115,10569,12281,13694
0,0,1,2016-01-19,8109,10561,12286,13704
0,0,1,2016-01-20,8122,10570,12294,13710
0,0,1,2016-01-21,8136,10587,12301,13727
0,0,1,2016-01-22,8139,10588,12308,13735
0,0,1,2016-01-23,8143,10595,12310,13730
0,0,1,2016-01-24,8153,10610,12320,13746
0,0,1,2016-01-25,8161,10614,12313,13741
0,0,1,2016-01-26,8160,10617,12311,13743
0,0,1,2016-01-27,8161,10614,12303,13740
0,0,1,2016-01-28,8165,10620,12309,13740
0,0,1,2016-01-29,8178,10623,12323,13744
0,0,1,2016-01-30,8171,10614,12318,13741
0,0,1,2016-01-31,8179,10612,12325,13735
0,0,1,2016-02-01,8184,10608,12327,13743
0,0,1,2016-02-02,8183,10609,12326,13742
0,0,1,2016-02-03,8198,10623,12340,13754
0,0,1,2016-02-04,8208,10626,12346,13763
0,0,1,2016-02-05,8196,10627,12343,13774
0,0,1,2016-02-06,8198,10633,12346,13778
0,0,1,2016-02-07,8202,10649,12350,13784
0,0,1,2016-02-08,8201,10652,12367,13793
0,0,1,2016-02-09,8198,10651,12370,13793
0,0,1,2016-02-10,8198,10652,12367,13794
0,0,1,2016-02-11,8196,10660,12371,13801
0,0,1,2016-02-12,8200,10662,12367,13792
0,0,1,2016-02-13,8194,10669,12379,13799
0,0,1,2016-02-14,8192,10656,12369,13794
0,0,1,2016-02-15,8203,10672,12372,13797
0,0,1,2016-02-16,8209,10662,12370,13802
0,0,1,2016-02-17,8224,10672,12374,13808
0,0,1,2016-02-18,8213,10674,12373,13808
0,0,1,2016-02-19,8223,10678,12376,13819
0,0,1,2016-02-20,8235,10689,12391,13831
0,0,1,2016-02-21,8242,10694,12391,13832
0,0,1,2016-02-22,8241,10695,12389,13841
0,0,1,2016-02-23,8250,10678,12390,13843
0,0,1,2016-02-24,8264,10674,12397,13853
0,0,1,2016-02-25,8267,10672,12399,13858
0,0,1,2016-02-26,8264,10672,12400,13858
0,0,1,2016-02-27,8291,10675,12403,13866
0,0,1,2016-02-28,8288,10676,12407,13864
0,0,1,2016-02-29,8292,10686,12407,13875
0,0,1,2016-03-01,8290,10684,12410,13879
0,0,1,2016-03-02,8297,10684,12410,13878
0,0,1,2016-03-03,8306,10684,12412,13885
0,0,1,2016-03-04,8326,10682,12411,13887
0,0,1,2016-03-05,8353,10701,12429,13898
0,0,1,2016-03-06,8358,10701,12436,13895
0,0,1,2016-03-07,8372,10703,12448,13889
0,0,1,2016-03-08,8383,10717,12465,13895
0,0,1,2016-03-09,8394,10713,12475,13901
0,0,1,2016-03-10,8407,10711,12490,13909
0,0,1,2016-03-11,8429,10721,12502,13916
0,0,1,2016-03-12,8435,10728,12511,13926
0,0,1,2016-03-13,8442,10733,12521,13923
0,0,1,2016-03-14,8450,10743,12526,13931
0,0,1,2016-03-15,8440,10747,12538,13940
0,0,1,2016-03-16,8463,10760,12550,13945
0,0,1,2016-03-17,8483,10772,12561,13952
0,0,1,2016-03-18,8503,10769,12572,13963
0,0,1,2016-03-19,8506,10784,12587,13970
0,0,1,2016-03-20,8511,10790,12602,13975
0,0,1,2016-03-21,8509,10793,12606,13970
0,0,1,2016-03-22,8523,10803,12615,13985
0,0,1,2016-03-23,8542,10827,12633,13996
0,0,1,2016-03-24,8559,10846,12658,14011
0,0,1,2016-03-25,8559,10852,12675,14015
0,0,1,2016-03-26,8575,10859,12682,14024
0,0,1,2016-03-27,8580,10864,12686,14023
0,0,1,2016-03-28,8584,10860,12697,14022
0,0,1,2016-03-29,8582,10882,12708,14027
0,0,1,2016-03-30,8588,10888,12701,14037
0,0,1,2016-03-31,8599,10895,12713,14043
0,0,1,2016-04-01,8603,10905,12724,14047
0,0,1,2016-04-02,8608,10913,12737,14056
0,0,1,2016-04-03,8627,10933,12719,14070
0,0,1,2016-04-04,8625,10926,12646,14070
0,0,1,2016-04-05,8617,10923,12641,14060
0,0,1,2016-04-06,8624,10926,12646,14064
0,0,1,2016-04-07,8627,10930,12649,14062
0,0,1,2016-04-08,8651,10953,12668,14071
0,0,1,2016-04-09,8648,10959,12670,14075
0,0,1,2016-04-10,8645,10958,12668,14076
0,0,1,2016-04-11,8651,10973,12685,14085
0,0,1,2016-04-12,8652,10970,12686,14081
0,0,1,2016-04-13,8651,10973,12693,14085
0,0,1,2016-04-14,8656,10975,12700,14092
0,0,1,2016-04-15,8673,10981,12706,14091
0,0,1,2016-04-16,8683,10981,12709,14089
0,0,1,2016-04-17,8681,10973,12708,14086
0,0,1,2016-04-18,8676,10972,12706,14092
0,0,1,2016-04-19,8679,10976,12708,14097
0,0,1,2016-04-20,8681,10984,12718,14109
0,0,1,2016-04-21,8676,10991,12721,14117
0,0,1,2016-04-22,8670,10983,12715,14110
0,0,1,2016-04-23,8673,10998,12725,14113
0,0,1,2016-04-24,8683,11014,12743,14121
0,0,1,2016-04-25,8696,11028,12753,14127
0,0,1,2016-04-26,8704,11033,12752,14121
0,0,1,2016-04-27,8712,11039,12753,14126
0,0,1,2016-04-28,8724,11050,12745,14133
0,0,1,2016-04-29,8711,11045,12735,14127
0,0,1,2016-04-30,8722,11058,12739,14134
0,0,1,2016-05-01,8736,11062,12742,14144
0,0,1,2016-05-02,8743,11075,12750,14143
0,0,1,2016-05-03,8735,11079,12762,14151
0,0,1,2016-05-04,8737,11087,12765,14150
0,0,1,2016-05-05,8729,11087,12767,14146
0,0,1,2016-05-06,8730,11087,12777,14153
0,0,1,2016-05-07,8736,11093,12790,14154
0,0,1,2016-05-08,8733,11099,12789,14168
0,0,1,2016-05-09,8739,11107,12794,14173
0,0,1,2016-05-10,8744,11116,12809,14177
0,0,1,2016-05-11,8747,11121,12816,14183
0,0,1,2016-05-12,8746,11129,12825,14183
0,0,1,2016-05-13,8752,11130,12830,14191
0,0,1,2016-05-14,8763,11135,12831,14189
0,0,1,2016-05-15,8753,11139,12841,14191
0,0,1,2016-05-16,8758,11151,12838,14192
0,0,1,2016-05-17,8749,11152,12843,14194
0,0,1,2016-05-18,8757,11155,12856,14197
0,0,1,2016-05-19,8753,11154,12853,14195
0,0,1,2016-05-20,8755,11163,12860,14204
0,0,1,2016-05-21,8750,11168,12867,14205
0,0,1,2016-05-22,8745,11164,12871,14206
0,0,1,2016-05-23,8740,11173,12854,14203
0,0,1,2016-05-24,8740,11176,12848,14208
0,0,1,2016-05-25,8732,11185,12855,14213
0,0,1,2016-05-26,8721,11186,12857,14214
0,0,1,2016-05-27,8728,11203,12865,14222
0,0,1,2016-05-28,8735,11208,12862,14226
0,0,1,2016-05-29,8740,11209,12868,14226
0,0,1,2016-05-30,8746,11214,12875,14230
0,0,1,2016-05-31,8738,11215,12872,14229
0,0,1,2016-06-01,8745,11222,12872,14230
0,0,1,2016-06-02,8750,11229,12870,14230
0,0,1,2016-06-03,8746,11247,12881,14241
0,0,1,2016-06-04,8750,11252,12889,14254
0,0,1,2016-06-05,8752,11262,12891,14264
0,0,1,2016-06-06,8762,11277,12907,14280
0,0,1,2016-06-07,8767,11276,12904,14289
0,0,1,2016-06-08,8771,11285,12905,14300
0,0,1,2016-06-09,8762,11296,12909,14309
0,0,1,2016-06-10,8751,11294,12913,14312
0,0,1,2016-06-11,8742,11294,12912,14313
0,0,1,2016-06-12,8736,11298,12921,14319
0,0,1,2016-06-13,8738,11298,12926,14333
0,0,1,2016-06-14,8727,11299,12925,14332
0,0,1,2016-06-15,8742,11314,12941,14349
0,0,1,2016-06-16,8744,11331,12934,14352
0,0,1,2016-06-17,8747,11318,12941,14357
0,0,1,2016-06-18,8745,11317,12943,14362
0,0,1,2016-06-19,8751,11320,12947,14367
0,0,1,2016-06-20,8746,11330,12956,14379
0,0,1,2016-06-21,8740,11335,12967,14387
0,0,1,2016-06-22,8760,11344,12975,14405
0,0,1,2016-06-23,8754,11350,12985,14423
0,0,1,2016-06-24,8755,11358,12988,14426
0,0,1,2016-06-25,8756,11357,12990,14429
0,0,1,2016-06-26,8766,11359,12984,14434
0,0,1,2016-06-27,8771,11360,13001,14440
0,0,1,2016-06-28,8778,11373,13002,14438
0,0,1,2016-06-29,8780,11378,13007,14451
0,0,1,2016-06-30,8788,11385,13017,14459
0,0,1,2016-07-01,8796,11399,13027,14471
0,0,1,2016-07-02,8782,11406,13034,14451
0,0,1,2016-07-03,8770,11410,13029,14397
0,0,1,2016-07-04,8770,11413,13040,14409
0,0,1,2016-07-05,8758,11409,13037,14405
0,0,1,2016-07-06,8752,11404,13040,14413
0,0,1,2016-07-07,8764,11410,13044,14421
0,0,1,2016-07-08,8774,11412,13053,14429
0,0,1,2016-07-09,8777,11421,13062,14434
0,0,1,2016-07-10,8769,11417,13063,14440
0,0,1,2016-07-11,8776,11422,13072,14447
0,0,1,2016-07-12,8784,11424,13075,14455
0,0,1,2016-07-13,8795,11436,13083,14464
0,0,1,2016-07-14,8791,11436,13083,14469
0,0,1,2016-07-15,8776,11443,13082,14473
0,0,1,2016-07-16,8808,11465,13092,14489
0,0,1,2016-07-17,8816,11475,13095,14489
0,0,1,2016-07-18,8833,11486,13114,14502
0,0,1,2016-07-19,8822,11484,13120,14507
0,0,1,2016-07-20,8833,11491,13137,14516
0,0,1,2016-07-21,8826,11496,13140,14523
0,0,1,2016-07-22,8828,11498,13153,14529
0,0,1,2016-07-23,8819,11507,13170,14547
0,0,1,2016-07-24,8815,11504,13174,14552
0,0,1,2016-07-25,8815,11511,13184,14562
0,0,1,2016-07-26,8826,11515,13192,14569
0,0,1,2016-07-27,8825,11525,13203,14573
0,0,1,2016-07-28,8825,11526,13207,14573
0,0,1,2016-07-29,8820,11529,13215,14569
0,0,1,2016-07-30,8822,11542,13221,14569
0,0,1,2016-07-31,8820,11553,13235,14579
0,0,1,2016-08-01,8831,11545,13233,14584
0,0,1,2016-08-02,8816,11545,13237,14590
0,0,1,2016-08-03,8815,11548,13239,14595
0,0,1,2016-08-04,8818,11554,13245,14609
0,0,1,2016-08-05,8824,11553,13240,14613
0,0,1,2016-08-06,8840,11559,13248,14609
0,0,1,2016-08-07,8848,11563,13253,14616
0,0,1,2016-08-08,8858,11573,13258,14629
0,0,1,2016-08-09,8861,11577,13257,14633
0,0,1,2016-08-10,8857,11579,13266,14642
0,0,1,2016-08-11,8848,11582,13273,14648
0,0,1,2016-08-12,8838,11584,13276,14648
0,0,1,2016-08-13,8828,11579,13279,14656
0,0,1,2016-08-14,8839,11586,13289,14658
0,0,1,2016-08-15,8855,11591,13294,14666
0,0,1,2016-08-16,8855,11585,13292,14668
0,0,1,2016-08-17,8853,11590,13298,14671
0,0,1,2016-08-18,8872,11594,13312,14685
0,0,1,2016-08-19,8868,11593,13310,14682
0,0,1,2016-08-20,8871,11589,13305,14684
0,0,1,2016-08-21,8875,11596,13318,14674
0,0,1,2016-08-22,8868,11589,13318,14665
0,0,1,2016-08-23,8871,11578,13325,14669
0,0,1,2016-08-24,8900,11581,13332,14675
0,0,1,2016-08-25,8917,11591,13346,14679
0,0,1,2016-08-26,8924,11604,13353,14682
0,0,1,2016-08-27,8934,11606,13352,14682
0,0,1,2016-08-28,8930,11605,13351,14681
0,0,1,2016-08-29,8935,11607,13356,14683
0,0,1,2016-08-30,8917,11604,13355,14675
0,0,1,2016-08-31,8911,11607,13362,14677
0,0,1,2016-09-01,8905,11598,13367,14681
0,0,1,2016-09-02,8922,11609,13373,14687
0,0,1,2016-09-03,8905,11602,13380,14685
0,0,1,2016-09-04,8893,11591,13378,14685
0,0,1,2016-09-05,8899,11607,13389,14693
0,0,1,2016-09-06,8897,11616,13396,14695
0,0,1,2016-09-07,8882,11591,13394,14687
0,0,1,2016-09-08,8883,11579,13393,14687
0,0,1,2016-09-09,8886,11569,13390,14687
0,0,1,2016-09-10,8900,11562,13391,14688
0,0,1,2016-09-11,8913,11566,13389,14694
0,0,1,2016-09-12,8918,11557,13396,14698
0,0,1,2016-09-13,8921,11555,13400,14705
0,0,1,2016-09-14,8915,11559,13411,14702
0,0,1,2016-09-15,8916,11556,13399,14705
0,0,1,2016-09-16,8918,11561,13398,14706
0,0,1,2016-09-17,8913,11562,13397,14708
0,0,1,2016-09-18,8921,11557,13403,14709
0,0,1,2016-09-19,8917,11551,13404,14714
0,0,1,2016-09-20,8917,11552,13407,14714
0,0,1,2016-09-21,8918,11551,13414,14720
0,0,1,2016-09-22,8919,11553,13421,14724
0,0,1,2016-09-23,8915,11568,13426,14729
0,0,1,2016-09-24,8903,11573,13434,14729
0,0,1,2016-09-25,8887,11565,13430,14737
0,0,1,2016-09-26,8882,11565,13438,14738
0,0,1,2016-09-27,8882,11564,13440,14740
0,0,1,2016-09-28,8870,11563,13444,14747
0,0,1,2016-09-29,8861,11556,13448,14751
0,0,1,2016-09-30,8861,11561,13460,14764
0,0,1,2016-10-01,8853,11553,13469,14765
0,0,1,2016-10-02,8857,11552,13468,14768
0,0,1,2016-10-03,8848,11546,13469,14765
0,0,1,2016-10-04,8840,11543,13463,14766
0,0,1,2016-10-05,8854,11546,13465,14773
0,0,1,2016-10-06,8846,11549,13470,14784
0,0,1,2016-10-07,8848,11545,13468,14782
0,0,1,2016-10-08,8853,11547,13474,14796
0,0,1,2016-10-09,8848,11542,13468,14792
0,0,1,2016-10-10,8854,11544,13467,14793
0,0,1,2016-10-11,8856,11536,13463,14792
0,0,1,2016-10-12,8840,11520,13455,14787
0,0,1,2016-10-13,8851,11501,13461,14783
0,0,1,2016-10-14,8864,11514,13472,14788
0,0,1,2016-10-15,8858,11528,13477,14786
0,0,1,2016-10-16,8848,11531,13472,14791
0,0,1,2016-10-17,8851,11528,13471,14792
0,0,1,2016-10-18,8857,11531,13465,14800
0,0,1,2016-10-19,8865,11537,13477,14808
0,0,1,2016-10-20,8853,11522,13469,14811
0,0,1,2016-10-21,8846,11503,13463,14815
0,0,1,2016-10-22,8832,11494,13454,14814
0,0,1,2016-10-23,8831,11493,13453,14816
0,0,1,2016-10-24,8825,11496,13457,14823
0,0,1,2016-10-25,8808,11497,13467,14832
0,0,1,2016-10-26,8815,11499,13467,14835
0,0,1,2016-10-27,8798,11496,13461,14839
0,0,1,2016-10-28,8791,11499,13472,14846
0,0,1,2016-10-29,8790,11494,13473,14853
0,0,1,2016-10-30,8780,11490,13458,14844
0,0,1,2016-10-31,8775,11492,13469,14858
0,0,1,2016-11-01,8768,11486,13470,14860
0,0,1,2016-11-02,8770,11477,13468,14858
0,0,1,2016-11-03,8757,11478,13465,14854
0,0,1,2016-11-04,8752,11475,13468,14855
0,0,1,2016-11-05,8752,11474,13471,14858
0,0,1,2016-11-06,8746,11477,13479,14862
0,0,1,2016-11-07,8740,11478,13484,14863
0,0,1,2016-11-08,8734,11472,13483,14868
0,0,1,2016-11-09,8721,11467,13478,14868
0,0,1,2016-11-10,8713,11463,13485,14873
0,0,1,2016-11-11,8694,11452,13475,14872
0,0,1,2016-11-12,8705,11470,13482,14883
0,0,1,2016-11-13,8682,11464,13472,14882
0,0,1,2016-11-14,8682,11462,13465,14879
0,0,1,2016-11-15,8673,11455,13465,14877
0,0,1,2016-11-16,8660,11452,13454,14874
0,0,1,2016-11-17,8660,11454,13455,14876
0,0,1,2016-11-18,8652,11451,13448,14868
0,0,1,2016-11-19,8639,11446,13443,14872
0,0,1,2016-11-20,8635,11444,13436,14870
0,0,1,2016-11-21,8633,11449,13434,14877
0,0,1,2016-11-22,8624,11460,13438,14884
0,0,1,2016-11-23,8610,11459,13435,14892
0,0,1,2016-11-24,8610,11459,13440,14900
0,0,1,2016-11-25,8614,11468,13446,14902
0,0,1,2016-11-26,8605,11466,13456,14907
0,0,1,2016-11-27,8591,11466,13456,14908
0,0,1,2016-11-28,8586,11474,13464,14910
0,0,1,2016-11-29,8595,11473,13474,14925
0,0,1,2016-11-30,8597,11471,13473,14935
0,0,1,2016-12-01,8585,11474,13477,14936
0,0,1,2016-12-02,8586,11467,13479,14947
0,0,1,2016-12-03,8593,11466,13468,14947
0,0,1,2016-12-04,8586,11471,13475,14951
0,0,1,2016-12-05,8582,11464,13478,14952
0,0,1,2016-12-06,8598,11473,13468,14963
0,0,1,2016-12-07,8599,11467,13458,14960
0,0,1,2016-12-08,8610,11477,13457,14965
0,0,1,2016-12-09,8607,11483,13450,14965
0,0,1,2016-12-10,8598,11494,13454,14961
0,0,1,2016-12-11,8580,11496,13443,14964
0,0,1,2016-12-12,8576,11503,13443,14973
0,0,1,2016-12-13,8583,11501,13445,14977
0,0,1,2016-12-14,8582,11496,13444,14965
0,0,1,2016-12-15,8580,11502,13451,14965
0,0,1,2016-12-16,8579,11493,13450,14967
0,0,1,2016-12-17,8574,11483,13432,14968
0,0,1,2016-12-18,8570,11480,13426,14969
0,0,1,2016-12-19,8576,11473,13421,14964
0,0,1,2016-12-20,8593,11474,13421,14967
0,0,1,2016-12-21,8575,11465,13415,14961
0,0,1,2016-12-22,8559,11461,13419,14957
0,0,1,2016-12-23,8560,11454,13421,14958
0,0,1,2016-12-24,8554,11447,13413,14956
0,0,1,2016-12-25,8556,11435,13409,14959
0,0,1,2016-12-26,8541,11430,13407,14964
0,0,1,2016-12-27,8551,11434,13409,14967
0,0,1,2016-12-28,8543,11427,13402,14967
0,0,1,2016-12-29,8536,11427,13396,14966
0,0,1,2016-12-30,8537,11429,13393,14973
0,0,1,2016-12-31,8530,11421,13378,14963
0,0,1,2017-01-01,8542,11429,13385,14969
0,0,1,2017-01-02,8539,11424,13379,14968
0,0,1,2017-01-03,8528,11428,13381,14969
0,0,1,2017-01-04,8534,11428,13381,14969
0,0,1,2017-01-05,8528,11432,13386,14975
0,0,1,2017-01-06,8526,11430,13384,14977
0,0,1,2017-01-07,8533,11429,13378,14973
0,0,1,2017-01-08,8519,11432,13384,14973
0,0,1,2017-01-09,8527,11430,13380,14973
0,0,1,2017-01-10,8532,11425,13372,14973
0,0,1,2017-01-11,8539,11431,13363,14984
0,0,1,2017-01-12,8519,11422,13367,14987
0,0,1,2017-01-13,8525,11409,13367,14983
0,0,1,2017-01-14,8512,11404,13372,14981
0,0,1,2017-01-15,8494,11387,13359,14970
0,0,1,2017-01-16,8496,11385,13358,14962
0,0,1,2017-01-17,8509,11398,13364,14971
0,0,1,2017-01-18,8524,11413,13373,14983
0,0,1,2017-01-19,8508,11405,13365,14983
0,0,1,2017-01-20,8514,11409,13362,14980
0,0,1,2017-01-21,8514,11419,13373,14991
0,0,1,2017-01-22,8528,11413,13377,14997
0,0,1,2017-01-23,8522,11405,13380,15004
0,0,1,2017-01-24,8514,11416,13392,15012
0,0,1,2017-01-25,8508,11407,13387,15007
0,0,1,2017-01-26,8490,11400,13381,15004
0,0,1,2017-01-27,8488,11397,13381,15008
0,0,1,2017-01-28,8491,11395,13379,14998
0,0,1,2017-01-29,8490,11378,13368,14993
0,0,1,2017-01-30,8493,11378,13370,14998
0,0,1,2017-01-31,8510,11390,13372,15007
0,0,1,2017-02-01,8510,11380,13368,14999
0,0,1,2017-02-02,8512,11378,13365,15006
0,0,1,2017-02-03,8525,11382,13375,15015
0,0,1,2017-02-04,8525,11367,13374,15013
0,0,1,2017-02-05,8521,11363,13371,15017
0,0,1,2017-02-06,8521,11354,13364,15020
0,0,1,2017-02-07,8522,11341,13359,15017
0,0,1,2017-02-08,8519,11336,13362,15023
0,0,1,2017-02-09,8535,11335,13364,15021
0,0,1,2017-02-10,8534,11326,13367,15013
0,0,1,2017-02-11,8550,11322,13367,15012
0,0,1,2017-02-12,8555,11333,13370,15016
0,0,1,2017-02-13,8582,11344,13378,15035
0,0,1,2017-02-14,8583,11339,13377,15035
0,0,1,2017-02-15,8572,11337,13380,15040
0,0,1,2017-02-16,8565,11330,13378,15035
0,0,1,2017-02-17,8568,11329,13383,15037
0,0,1,2017-02-18,8562,11322,13384,15032
0,0,1,2017-02-19,8559,11327,13385,15028
0,0,1,2017-02-20,8543,11314,13389,15021
0,0,1,2017-02-21,8541,11305,13381,15019
0,0,1,2017-02-22,8550,11305,13381,15021
0,0,1,2017-02-23,8554,11311,13386,15022
0,0,1,2017-02-24,8557,11306,13379,15024
0,0,1,2017-02-25,8544,11300,13379,15023
0,0,1,2017-02-26,8531,11298,13390,15035
0,0,1,2017-02-27,8525,11294,13382,15037
0,0,1,2017-02-28,8522,11290,13374,15022
0,0,1,2017-03-01,8543,11290,13383,15033
0,0,1,2017-03-02,8543,11297,13378,15034
0,0,1,2017-03-03,8528,11286,13369,15023
0,0,1,2017-03-04,8531,11272,13367,15026
0,0,1,2017-03-05,8533,11277,13363,15026
0,0,1,2017-03-06,8527,11293,13368,15016
0,0,1,2017-03-07,8522,11296,13371,15014
0,0,1,2017-03-08,8508,11301,13374,15006
0,0,1,2017-03-09,8498,11303,13383,15000
0,0,1,2017-03-10,8515,11302,13390,15002
0,0,1,2017-03-11,8516,11301,13398,15001
0,0,1,2017-03-12,8514,11296,13402,15001
0,0,1,2017-03-13,8520,11297,13399,15008
0,0,1,2017-03-14,8530,11306,13412,15018
0,0,1,2017-03-15,8535,11300,13412,15022
0,0,1,2017-03-16,8552,11314,13419,15033
0,0,1,2017-03-17,8555,11311,13420,15027
0,0,1,2017-03-18,8563,11317,13425,15029
0,0,1,2017-03-19,8580,11325,13419,15026
0,0,1,2017-03-20,8590,11345,13425,15033
0,0,1,2017-03-21,8604,11353,13431,15041
0,0,1,2017-03-22,8617,11350,13440,15051
0,0,1,2017-03-23,8613,11347,13439,15050
0,0,1,2017-03-24,8603,11344,13428,15044
0,0,1,2017-03-25,8620,11347,13419,15037
0,0,1,2017-03-26,8619,11340,13419,15034
0,0,1,2017-03-27,8636,11348,13432,15040
0,0,1,2017-03-28,8655,11362,13442,15050
0,0,1,2017-03-29,8657,11364,13453,15053
0,0,1,2017-03-30,8658,11365,13450,15048
0,0,1,2017-03-31,8661,11365,13454,15041
0,0,1,2017-04-01,8670,11372,13462,15046
0,0,1,2017-04-02,8682,11386,13475,15050
0,0,1,2017-04-03,8692,11392,13492,15058
0,0,1,2017-04-04,8674,11389,13486,15055
0,0,1,2017-04-05,8698,11399,13503,15063
0,0,1,2017-04-06,8700,11403,13504,15067
0,0,1,2017-04-07,8701,11414,13516,15071
0,0,1,2017-04-08,8702,11403,13518,15074
0,0,1,2017-04-09,8702,11407,13519,15077
0,0,1,2017-04-10,8711,11414,13514,15069
0,0,1,2017-04-11,8710,11430,13525,15066
0,0,1,2017-04-12,8724,11435,13533,15082
0,0,1,2017-04-13,8715,11438,13524,15087
0,0,1,2017-04-14,8721,11426,13521,15087
0,0,1,2017-04-15,8730,11425,13522,15092
0,0,1,2017-04-16,8732,11435,13527,15096
0,0,1,2017-04-17,8739,11431,13521,15090
0,0,1,2017-04-18,8753,11445,13533,15096
0,0,1,2017-04-19,8754,11440,13532,15093
0,0,1,2017-04-20,8778,11458,13543,15102
0,0,1,2017-04-21,8792,11459,13544,15106
0,0,1,2017-04-22,8808,11482,13555,15122
0,0,1,2017-04-23,8812,11488,13548,15134
0,0,1,2017-04-24,8809,11484,13555,15139
0,0,1,2017-04-25,8810,11486,13555,15142
0,0,1,2017-04-26,8816,11477,13553,15141
0,0,1,2017-04-27,8833,11490,13564,15149
0,0,1,2017-04-28,8852,11510,13570,15150
0,0,1,2017-04-29,8857,11515,13573,15151
0,0,1,2017-04-30,8861,11522,13572,15154
0,0,1,2017-05-01,8856,11529,13575,15149
0,0,1,2017-05-02,8857,11532,13571,15154
0,0,1,2017-05-03,8864,11538,13579,15158
0,0,1,2017-05-04,8861,11534,13573,15156
0,0,1,2017-05-05,8865,11543,13570,15162
0,0,1,2017-05-06,8872,11544,13568,15160
0,0,1,2017-05-07,8887,11556,13573,15167
0,0,1,2017-05-08,8887,11555,13564,15161
0,0,1,2017-05-09,8905,11557,13570,15169
0,0,1,2017-05-10,8906,11569,13577,15169
0,0,1,2017-05-11,8917,11580,13573,15180
0,0,1,2017-05-12,8935,11596,13579,15183
0,0,1,2017-05-13,8939,11602,13587,15186
0,0,1,2017-05-14,8946,11619,13591,15184
0,0,1,2017-05-15,8935,11620,13584,15183
0,0,1,2017-05-16,8946,11621,13585,15193
0,0,1,2017-05-17,8968,11624,13591,15204
0,0,1,2017-05-18,8970,11628,13591,15208
0,0,1,2017-05-19,8970,11624,13587,15212
0,0,1,2017-05-20,8981,11623,13590,15212
0,0,1,2017-05-21,9000,11631,13600,15230
0,0,1,2017-05-22,8990,11639,13601,15231
0,0,1,2017-05-23,9002,11647,13604,15241
0,0,1,2017-05-24,9009,11646,13603,15241
0,0,1,2017-05-25,9019,11657,13607,15243
0,0,1,2017-05-26,9015,11649,13600,15249
0,0,1,2017-05-27,9029,11647,13611,15265
0,0,1,2017-05-28,9035,11654,13621,15267
0,0,1,2017-05-29,9041,11672,13630,15278
0,0,1,2017-05-30,9041,11692,13632,15294
0,0,1,2017-05-31,9055,11690,13637,15293
0,0,1,2017-06-01,9076,11688,13641,15292
0,0,1,2017-06-02,9090,11702,13648,15300
0,0,1,2017-06-03,9104,11714,13666,15305
0,0,1,2017-06-04,9128,11722,13678,15315
0,0,1,2017-06-05,9125,11730,13694,15331
0,0,1,2017-06-06,9136,11740,13714,15345
0,0,1,2017-06-07,9140,11746,13725,15355
0,0,1,2017-06-08,9140,11759,13730,15367
0,0,1,2017-06-09,9144,11770,13738,15378
0,0,1,2017-06-10,9157,11767,13742,15388
0,0,1,2017-06-11,9154,11774,13748,15383
0,0,1,2017-06-12,9152,11776,13750,15388
0,0,1,2017-06-13,9149,11773,13748,15389
0,0,1,2017-06-14,9139,11780,13751,15390
0,0,1,2017-06-15,9139,11790,13757,15395
0,0,1,2017-06-16,9151,11794,13759,15403
0,0,1,2017-06-17,9158,11811,13771,15413
0,0,1,2017-06-18,9156,11811,13784,15411
0,0,1,2017-06-19,9154,11821,13787,15420
0,0,1,2017-06-20,9159,11828,13783,15425
0,0,1,2017-06-21,9163,11845,13805,15439
0,0,1,2017-06-22,9173,11845,13809,15433
0,0,1,2017-06-23,9179,11854,13815,15426
0,0,1,2017-06-24,9198,11869,13822,15440
0,0,1,2017-06-25,9210,11883,13832,15455
0,0,1,2017-06-26,9192,11882,13830,15452
0,0,1,2017-06-27,9198,11890,13831,15460
0,0,1,2017-06-28,9199,11892,13841,15469
0,0,1,2017-06-29,9215,11912,13857,15484
0,0,1,2017-06-30,9234,11922,13862,15489
0,0,1,2017-07-01,9246,11931,13874,15498
0,0,1,2017-07-02,9266,11947,13893,15522
0,0,1,2017-07-03,9280,11956,13908,15536
0,0,1,2017-07-04,9303,11972,13914,15549
0,0,1,2017-07-05,9309,11986,13925,15557
0,0,1,2017-07-06,9312,12002,13943,15575
0,0,1,2017-07-07,9330,12017,13944,15589
0,0,1,2017-07-08,9338,12020,13949,15592
0,0,1,2017-07-09,9366,12051,13965,15601
0,0,1,2017-07-10,9371,12053,13981,15608
0,0,1,2017-07-11,9371,12061,13981,15617
0,0,1,2017-07-12,9362,12074,13991,15617
0,0,1,2017-07-13,9386,12095,14002,15634
0,0,1,2017-07-14,9409,12122,14019,15647
0,0,1,2017-07-15,9397,12117,14023,15652
0,0,1,2017-07-16,9397,12129,14033,15660
0,0,1,2017-07-17,9400,12150,14051,15671
0,0,1,2017-07-18,9405,12158,14050,15674
0,0,1,2017-07-19,9428,12183,14072,15690
0,0,1,2017-07-20,9454,12198,14089,15706
0,0,1,2017-07-21,9447,12218,14108,15715
0,0,1,2017-07-22,9458,12233,14126,15722
0,0,1,2017-07-23,9483,12251,14144,15747
0,0,1,2017-07-24,9496,12269,14165,15763
0,0,1,2017-07-25,9512,12283,14165,15775
0,0,1,2017-07-26,9550,12311,14186,15794
0,0,1,2017-07-27,9584,12338,14212,15808
0,0,1,2017-07-28,9590,12355,14224,15817
0,0,1,2017-07-29,9598,12363,14242,15828
0,0,1,2017-07-30,9617,12380,14262,15840
0,0,1,2017-07-31,9622,12390,14272,15839
0,0,1,2017-08-01,9635,12418,14295,15859
0,0,1,2017-08-02,9641,12436,14311,15876
0,0,1,2017-08-03,9676,12470,14340,15893
0,0,1,2017-08-04,9695,12489,14351,15906
0,0,1,2017-08-05,9705,12514,14363,15918
0,0,1,2017-08-06,9725,12534,14383,15923
0,0,1,2017-08-07,9743,12558,14390,15940
0,0,1,2017-08-08,9779,12579,14418,15956
0,0,1,2017-08-09,9807,12626,14453,15981
0,0,1,2017-08-10,9830,12647,14472,15992
0,0,1,2017-08-11,9854,12659,14490,16008
0,0,1,2017-08-12,9881,12672,14514,16022
0,0,1,2017-08-13,9917,12701,14537,16038
0,0,1,2017-08-14,12208,14942,16726,18205
0,0,1,2017-08-15,13730,16415,18161,19607
0,0,1,2017-08-16,14886,17544,19263,20681
0,0,1,2017-08-17,15643,18296,19995,21399
0,0,1,2017-08-18,16166,18803,20483,21882
0,0,1,2017-08-19,16660,19283,20936,22328
0,0,1,2017-08-20,17166,19768,21412,22783
0,0,1,2017-08-21,17518,20113,21742,23104
0,0,1,2017-08-22,17511,20122,21748,23117
0,0,1,2017-08-23,17525,20140,21766,23131
0,0,1,2017-08-24,17542,20152,21775,23136
0,0,1,2017-08-25,17529,20158,21767,23133
0,0,1,2017-08-26,17532,20154,21763,23136
0,0,1,2017-08-27,17535,20158,21771,23141
0,0,1,2017-08-28,17542,20168,21786,23147
0,0,1,2017-08-29,17558,20187,21792,23158
0,0,1,2017-08-30,17562,20209,21795,23169
0,0,1,2017-08-31,17564,20214,21801,23168
0,0,1,2017-09-01,17568,20213,21811,23181
0,0,1,2017-09-02,17576,20223,21814,23195
0,0,1,2017-09-03,17596,20231,21826,23212
0,0,1,2017-09-04,17603,20237,21830,23221
0,0,1,2017-09-05,17610,20244,21835,23239
0,0,1,2017-09-06,17608,20239,21842,23245
0,0,1,2017-09-07,17614,20248,21853,23258
0,0,1,2017-09-08,17632,20269,21861,23268
0,0,1,2017-09-09,17634,20267,21868,23269
0,0,1,2017-09-10,17639,20271,21880,23281
0,0,1,2017-09-11,17648,20276,21879,23281
0,0,1,2017-09-12,17665,20292,21895,23293
0,0,1,2017-09-13,17676,20303,21915,23313
0,0,1,2017-09-14,17672,20305,21925,23312
0,0,1,2017-09-15,17670,20310,21939,23320
0,0,1,2017-09-16,17681,20307,21944,23330
0,0,1,2017-09-17,17688,20304,21949,23331
0,0,1,2017-09-18,17689,20307,21956,23326
0,0,1,2017-09-19,17689,20303,21959,23335
0,0,1,2017-09-20,17670,20302,21949,23333
0,0,1,2017-09-21,17689,20319,21966,23347
0,0,1,2017-09-22,17691,20328,21974,23351
0,0,1,2017-09-23,17705,20335,21978,23354
0,0,1,2017-09-24,17708,20334,21989,23362
0,0,1,2017-09-25,17715,20347,22006,23375
0,0,1,2017-09-26,17723,20355,22012,23385
0,0,1,2017-09-27,17730,20361,22022,23397
0,0,1,2017-09-28,17733,20374,22026,23401
0,0,1,2017-09-29,17729,20373,22032,23410
0,0,1,2017-09-30,17735,20387,22050,23426
0,0,1,2017-10-01,17725,20385,22043,23429
0,0,1,2017-10-02,17742,20404,22060,23439
0,0,1,2017-10-03,17761,20407,22071,23445
0,0,1,2017-10-04,17772,20421,22084,23457
0,0,1,2017-10-05,17771,20428,22093,23459
0,0,1,2017-10-06,17773,20429,22098,23464
0,0,1,2017-10-07,17753,20438,22109,23474
0,0,1,2017-10-08,17768,20436,22113,23487
0,0,1,2017-10-09,17768,20438,22124,23491
0,0,1,2017-10-10,17755,20418,22121,23489
0,0,1,2017-10-11,17760,20434,22141,23504
0,0,1,2017-10-12,17756,20439,22152,23519
0,0,1,2017-10-13,17773,20448,22154,23522
0,0,1,2017-10-14,17778,20457,22164,23530
0,0,1,2017-10-15,17797,20461,22170,23540
0,0,1,2017-10-16,17787,20469,22170,23533
0,0,1,2017-10-17,17771,20463,22170,23538
0,0,1,2017-10-18,17763,20468,22177,23545
0,0,1,2017-10-19,17757,20468,22199,23564
0,0,1,2017-10-20,17758,20482,22212,23578
0,0,1,2017-10-21,17775,20492,22224,23591
0,0,1,2017-10-22,17777,20507,22240,23602
0,0,1,2017-10-23,17788,20523,22253,23610
0,0,1,2017-10-24,17768,20530,22257,23612
0,0,1,2017-10-25,17764,20544,22269,23628
0,0,1,2017-10-26,17765,20545,22279,23635
0,0,1,2017-10-27,17750,20548,22285,23646
0,0,1,2017-10-28,17736,20558,22295,23659
0,0,1,2017-10-29,17739,20578,22313,23681
0,0,1,2017-10-30,17727,20590,22324,23686
0,0,1,2017-10-31,17719,20595,22338,23695
0,0,1,2017-11-01,17711,20599,22355,23702
0,0,1,2017-11-02,17711,20605,22364,23705
0,0,1,2017-11-03,17698,20610,22381,23709
0,0,1,2017-11-04,17700,20623,22388,23720
0,0,1,2017-11-05,17693,20629,22401,23716
0,0,1,2017-11-06,17694,20644,22404,23723
0,0,1,2017-11-07,17676,20638,22413,23730
0,0,1,2017-11-08,17666,20639,22417,23739
0,0,1,2017-11-09,17670,20652,22425,23752
0,0,1,2017-11-10,17653,20660,22431,23766
0,0,1,2017-11-11,17648,20667,22437,23775
0,0,1,2017-11-12,17355,20671,22446,23784
0,0,1,2017-11-13,16934,20686,22454,23794
0,0,1,2017-11-14,16334,20680,22455,23793
0,0,1,2017-11-15,15593,20672,22464,23795
0,0,1,2017-11-16,14881,20686,22475,23804
0,0,1,2017-11-17,13988,20692,22481,23799
0,0,1,2017-11-18,12525,20694,22487,23802
0,0,1,2017-11-19,10140,20693,22487,23799
0,0,1,2017-11-20,10142,20701,22502,23807
0,0,1,2017-11-21,10126,20701,22508,23810
0,0,1,2017-11-22,10137,20713,22515,23817
0,0,1,2017-11-23,10140,20713,22532,23815
0,0,1,2017-11-24,10143,20732,22539,23822
0,0,1,2017-11-25,10153,20750,22554,23843
0,0,1,2017-11-26,10162,20758,22562,23856
0,0,1,2017-11-27,10173,20771,22576,23861
0,0,1,2017-11-28,10188,20775,22594,23865
0,0,1,2017-11-29,10212,20785,22603,23878
0,0,1,2017-11-30,10212,20799,22611,23890
0,0,1,2017-12-01,10190,20796,22612,23885
0,0,1,2017-12-02,10176,20796,22614,23890
0,0,1,2017-12-03,10177,20806,22629,23899
0,0,1,2017-12-04,10164,20809,22635,23900
0,0,1,2017-12-05,10166,20821,22643,23916
0,0,1,2017-12-06,10171,20818,22649,23922
0,0,1,2017-12-07,10159,20828,22657,23922
0,0,1,2017-12-08,10157,20831,22653,23924
0,0,1,2017-12-09,10149,20840,22658,23934
0,0,1,2017-12-10,10159,20850,22670,23941
0,0,1,2017-12-11,10151,20845,22665,23943
0,0,1,2017-12-12,10137,20836,22661,23945
0,0,1,2017-12-13,10136,20838,22662,23950
0,0,1,2017-12-14,10136,20843,22673,23962
0,0,1,2017-12-15,10127,20846,22671,23962
0,0,1,2017-12-16,10111,20853,22676,23971
0,0,1,2017-12-17,10108,20860,22688,23984
0,0,1,2017-12-18,10103,20863,22690,23989
0,0,1,2017-12-19,10080,20845,22685,23977
0,0,1,2017-12-20,10086,20866,22696,23993
0,0,1,2017-12-21,10092,20873,22707,24000
0,0,1,2017-12-22,10099,20878,22707,23998
0,0,1,2017-12-23,10078,20881,22703,24005
0,0,1,2017-12-24,10087,20876,22702,24007
0,0,1,2017-12-25,10061,20867,22703,24009
0,0,1,2017-12-26,10038,20862,22702,24009
0,0,1,2017-12-27,10021,20861,22712,24009
0,0,1,2017-12-28,10018,20861,22713,24013
0,0,1,2017-12-29,10033,20861,22722,24021
0,0,1,2017-12-30,10039,20860,22726,24016
0,0,1,2017-12-31,10014,20847,22730,24019
0,1,0,2012-01-01,NA,NA,NA,NA
0,1,0,2012-01-02,NA,NA,NA,NA
0,1,0,2012-01-03,NA,NA,NA,NA
0,1,0,2012-01-04,NA,NA,NA,NA
0,1,0,2012-01-05,NA,NA,NA,NA
0,1,0,2012-01-06,NA,NA,NA,NA
0,1,0,2012-01-07,NA,NA,NA,NA
0,1,0,2012-01-08,NA,NA,NA,NA
0,1,0,2012-01-09,NA,NA,NA,NA
0,1,0,2012-01-10,NA,NA,NA,NA
0,1,0,2012-01-11,NA,NA,NA,NA
0,1,0,2012-01-12,NA,NA,NA,NA
0,1,0,2012-01-13,NA,NA,NA,NA
0,1,0,2012-01-14,NA,NA,NA,NA
0,1,0,2012-01-15,NA,NA,NA,NA
0,1,0,2012-01-16,NA,NA,NA,NA
0,1,0,2012-01-17,NA,NA,NA,NA
0,1,0,2012-01-18,NA,NA,NA,NA
0,1,0,2012-01-19,NA,NA,NA,NA
0,1,0,2012-01-20,NA,NA,NA,NA
0,1,0,2012-01-21,NA,NA,NA,NA
0,1,0,2012-01-22,NA,NA,NA,NA
0,1,0,2012-01-23,NA,NA,NA,NA
0,1,0,2012-01-24,NA,NA,NA,NA
0,1,0,2012-01-25,NA,NA,NA,NA
0,1,0,2012-01-26,NA,NA,NA,NA
0,1,0,2012-01-27,NA,NA,NA,NA
0,1,0,2012-01-28,NA,NA,NA,NA
0,1,0,2012-01-29,NA,NA,NA,NA
0,1,0,2012-01-30,NA,NA,NA,NA
0,1,0,2012-01-31,NA,NA,NA,NA
0,1,0,2012-02-01,NA,NA,NA,NA
0,1,0,2012-02-02,NA,NA,NA,NA
0,1,0,2012-02-03,NA,NA,NA,NA
0,1,0,2012-02-04,NA,NA,NA,NA
0,1,0,2012-02-05,NA,NA,NA,NA
0,1,0,2012-02-06,NA,NA,NA,NA
0,1,0,2012-02-07,NA,NA,NA,NA
0,1,0,2012-02-08,NA,NA,NA,NA
0,1,0,2012-02-09,NA,NA,NA,NA
0,1,0,2012-02-10,NA,NA,NA,NA
0,1,0,2012-02-11,NA,NA,NA,NA
0,1,0,2012-02-12,NA,NA,NA,NA
0,1,0,2012-02-13,NA,NA,NA,NA
0,1,0,2012-02-14,NA,NA,NA,NA
0,1,0,2012-02-15,NA,NA,NA,NA
0,1,0,2012-02-16,NA,NA,NA,NA
0,1,0,2012-02-17,NA,NA,NA,NA
0,1,0,2012-02-18,NA,NA,NA,NA
0,1,0,2012-02-19,NA,NA,NA,NA
0,1,0,2012-02-20,NA,NA,NA,NA
0,1,0,2012-02-21,NA,NA,NA,NA
0,1,0,2012-02-22,NA,NA,NA,NA
0,1,0,2012-02-23,NA,NA,NA,NA
0,1,0,2012-02-24,NA,NA,NA,NA
0,1,0,2012-02-25,NA,NA,NA,NA
0,1,0,2012-02-26,NA,NA,NA,NA
0,1,0,2012-02-27,NA,NA,NA,NA
0,1,0,2012-02-28,NA,NA,NA,NA
0,1,0,2012-02-29,NA,NA,NA,NA
0,1,0,2012-03-01,NA,NA,NA,NA
0,1,0,2012-03-02,NA,NA,NA,NA
0,1,0,2012-03-03,NA,NA,NA,NA
0,1,0,2012-03-04,NA,NA,NA,NA
0,1,0,2012-03-05,NA,NA,NA,NA
0,1,0,2012-03-06,NA,NA,NA,NA
0,1,0,2012-03-07,NA,NA,NA,NA
0,1,0,2012-03-08,NA,NA,NA,NA
0,1,0,2012-03-09,NA,NA,NA,NA
0,1,0,2012-03-10,NA,NA,NA,NA
0,1,0,2012-03-11,NA,NA,NA,NA
0,1,0,2012-03-12,NA,NA,NA,NA
0,1,0,2012-03-13,NA,NA,NA,NA
0,1,0,2012-03-14,NA,NA,NA,NA
0,1,0,2012-03-15,NA,NA,NA,NA
0,1,0,2012-03-16,NA,NA,NA,NA
0,1,0,2012-03-17,NA,NA,NA,NA
0,1,0,2012-03-18,NA,NA,NA,NA
0,1,0,2012-03-19,NA,NA,NA,NA
0,1,0,2012-03-20,NA,NA,NA,NA
0,1,0,2012-03-21,NA,NA,NA,NA
0,1,0,2012-03-22,NA,NA,NA,NA
0,1,0,2012-03-23,NA,NA,NA,NA
0,1,0,2012-03-24,NA,NA,NA,NA
0,1,0,2012-03-25,NA,NA,NA,NA
0,1,0,2012-03-26,NA,NA,NA,NA
0,1,0,2012-03-27,NA,NA,NA,NA
0,1,0,2012-03-28,NA,NA,NA,NA
0,1,0,2012-03-29,NA,NA,NA,NA
0,1,0,2012-03-30,17669,NA,NA,NA
0,1,0,2012-03-31,17726,NA,NA,NA
0,1,0,2012-04-01,17786,NA,NA,NA
0,1,0,2012-04-02,17832,NA,NA,NA
0,1,0,2012-04-03,17894,NA,NA,NA
0,1,0,2012-04-04,17948,NA,NA,NA
0,1,0,2012-04-05,17992,NA,NA,NA
0,1,0,2012-04-06,18046,NA,NA,NA
0,1,0,2012-04-07,18118,NA,NA,NA
0,1,0,2012-04-08,18168,NA,NA,NA
0,1,0,2012-04-09,18204,NA,NA,NA
0,1,0,2012-04-10,18243,NA,NA,NA
0,1,0,2012-04-11,18277,NA,NA,NA
0,1,0,2012-04-12,18318,NA,NA,NA
0,1,0,2012-04-13,18344,NA,NA,NA
0,1,0,2012-04-14,18392,NA,NA,NA
0,1,0,2012-04-15,18414,NA,NA,NA
0,1,0,2012-04-16,18450,NA,NA,NA
0,1,0,2012-04-17,18471,NA,NA,NA
0,1,0,2012-04-18,18499,NA,NA,NA
0,1,0,2012-04-19,18517,NA,NA,NA
0,1,0,2012-04-20,18527,NA,NA,NA
0,1,0,2012-04-21,18544,NA,NA,NA
0,1,0,2012-04-22,18547,NA,NA,NA
0,1,0,2012-04-23,18584,NA,NA,NA
0,1,0,2012-04-24,18611,NA,NA,NA
0,1,0,2012-04-25,18628,NA,NA,NA
0,1,0,2012-04-26,18674,NA,NA,NA
0,1,0,2012-04-27,18715,NA,NA,NA
0,1,0,2012-04-28,18743,NA,NA,NA
0,1,0,2012-04-29,18755,NA,NA,NA
0,1,0,2012-04-30,18768,NA,NA,NA
0,1,0,2012-05-01,18789,NA,NA,NA
0,1,0,2012-05-02,18837,NA,NA,NA
0,1,0,2012-05-03,18857,NA,NA,NA
0,1,0,2012-05-04,18867,NA,NA,NA
0,1,0,2012-05-05,18895,NA,NA,NA
0,1,0,2012-05-06,18922,NA,NA,NA
0,1,0,2012-05-07,18950,NA,NA,NA
0,1,0,2012-05-08,18959,NA,NA,NA
0,1,0,2012-05-09,18973,NA,NA,NA
0,1,0,2012-05-10,19000,NA,NA,NA
0,1,0,2012-05-11,19004,NA,NA,NA
0,1,0,2012-05-12,19033,NA,NA,NA
0,1,0,2012-05-13,19044,NA,NA,NA
0,1,0,2012-05-14,19065,NA,NA,NA
0,1,0,2012-05-15,19073,NA,NA,NA
0,1,0,2012-05-16,19098,NA,NA,NA
0,1,0,2012-05-17,19122,NA,NA,NA
0,1,0,2012-05-18,19142,NA,NA,NA
0,1,0,2012-05-19,19154,NA,NA,NA
0,1,0,2012-05-20,19162,NA,NA,NA
0,1,0,2012-05-21,19188,NA,NA,NA
0,1,0,2012-05-22,19192,NA,NA,NA
0,1,0,2012-05-23,19202,NA,NA,NA
0,1,0,2012-05-24,19223,NA,NA,NA
0,1,0,2012-05-25,19224,NA,NA,NA
0,1,0,2012-05-26,19240,NA,NA,NA
0,1,0,2012-05-27,19250,NA,NA,NA
0,1,0,2012-05-28,19253,NA,NA,NA
0,1,0,2012-05-29,19245,NA,NA,NA
0,1,0,2012-05-30,19268,NA,NA,NA
0,1,0,2012-05-31,19278,NA,NA,NA
0,1,0,2012-06-01,19283,NA,NA,NA
0,1,0,2012-06-02,19300,NA,NA,NA
0,1,0,2012-06-03,19298,NA,NA,NA
0,1,0,2012-06-04,19312,NA,NA,NA
0,1,0,2012-06-05,19326,NA,NA,NA
0,1,0,2012-06-06,19328,NA,NA,NA
0,1,0,2012-06-07,19328,NA,NA,NA
0,1,0,2012-06-08,19332,NA,NA,NA
0,1,0,2012-06-09,19334,NA,NA,NA
0,1,0,2012-06-10,19319,NA,NA,NA
0,1,0,2012-06-11,19317,NA,NA,NA
0,1,0,2012-06-12,19299,NA,NA,NA
0,1,0,2012-06-13,19291,NA,NA,NA
0,1,0,2012-06-14,19276,NA,NA,NA
0,1,0,2012-06-15,19283,NA,NA,NA
0,1,0,2012-06-16,19296,NA,NA,NA
0,1,0,2012-06-17,19315,NA,NA,NA
0,1,0,2012-06-18,19323,NA,NA,NA
0,1,0,2012-06-19,19296,NA,NA,NA
0,1,0,2012-06-20,19305,NA,NA,NA
0,1,0,2012-06-21,19297,NA,NA,NA
0,1,0,2012-06-22,19318,NA,NA,NA
0,1,0,2012-06-23,19318,NA,NA,NA
0,1,0,2012-06-24,19313,NA,NA,NA
0,1,0,2012-06-25,19291,NA,NA,NA
0,1,0,2012-06-26,19267,NA,NA,NA
0,1,0,2012-06-27,19269,NA,NA,NA
0,1,0,2012-06-28,19281,21214,NA,NA
0,1,0,2012-06-29,19289,21241,NA,NA
0,1,0,2012-06-30,19303,21272,NA,NA
0,1,0,2012-07-01,19319,21302,NA,NA
0,1,0,2012-07-02,19342,21337,NA,NA
0,1,0,2012-07-03,19339,21362,NA,NA
0,1,0,2012-07-04,19340,21376,NA,NA
0,1,0,2012-07-05,19359,21397,NA,NA
0,1,0,2012-07-06,19333,21422,NA,NA
0,1,0,2012-07-07,19315,21440,NA,NA
0,1,0,2012-07-08,19340,21467,NA,NA
0,1,0,2012-07-09,19356,21493,NA,NA
0,1,0,2012-07-10,19362,21512,NA,NA
0,1,0,2012-07-11,19394,21546,NA,NA
0,1,0,2012-07-12,19391,21560,NA,NA
0,1,0,2012-07-13,19420,21595,NA,NA
0,1,0,2012-07-14,19444,21618,NA,NA
0,1,0,2012-07-15,19449,21632,NA,NA
0,1,0,2012-07-16,19446,21639,NA,NA
0,1,0,2012-07-17,19442,21650,NA,NA
0,1,0,2012-07-18,19449,21666,NA,NA
0,1,0,2012-07-19,19496,21694,NA,NA
0,1,0,2012-07-20,19561,21738,NA,NA
0,1,0,2012-07-21,19590,21765,NA,NA
0,1,0,2012-07-22,19600,21786,NA,NA
0,1,0,2012-07-23,19596,21792,NA,NA
0,1,0,2012-07-24,19622,21820,NA,NA
0,1,0,2012-07-25,19646,21850,NA,NA
0,1,0,2012-07-26,19653,21873,NA,NA
0,1,0,2012-07-27,19674,21896,NA,NA
0,1,0,2012-07-28,19702,21923,NA,NA
0,1,0,2012-07-29,19706,21933,NA,NA
0,1,0,2012-07-30,19712,21952,NA,NA
0,1,0,2012-07-31,19722,21968,NA,NA
0,1,0,2012-08-01,19724,21972,NA,NA
0,1,0,2012-08-02,19729,21981,NA,NA
0,1,0,2012-08-03,19728,21998,NA,NA
0,1,0,2012-08-04,19770,22049,NA,NA
0,1,0,2012-08-05,19753,22073,NA,NA
0,1,0,2012-08-06,19763,22091,NA,NA
0,1,0,2012-08-07,19764,22105,NA,NA
0,1,0,2012-08-08,19751,22124,NA,NA
0,1,0,2012-08-09,19752,22134,NA,NA
0,1,0,2012-08-10,19773,22151,NA,NA
0,1,0,2012-08-11,19811,22180,NA,NA
0,1,0,2012-08-12,19849,22206,NA,NA
0,1,0,2012-08-13,19855,22222,NA,NA
0,1,0,2012-08-14,19860,22235,NA,NA
0,1,0,2012-08-15,19860,22262,NA,NA
0,1,0,2012-08-16,19872,22277,NA,NA
0,1,0,2012-08-17,19878,22288,NA,NA
0,1,0,2012-08-18,19889,22304,NA,NA
0,1,0,2012-08-19,19886,22312,NA,NA
0,1,0,2012-08-20,19895,22329,NA,NA
0,1,0,2012-08-21,19901,22345,NA,NA
0,1,0,2012-08-22,19912,22362,NA,NA
0,1,0,2012-08-23,19990,22413,NA,NA
0,1,0,2012-08-24,20170,22600,NA,NA
0,1,0,2012-08-25,20376,22810,NA,NA
0,1,0,2012-08-26,20591,23039,NA,NA
0,1,0,2012-08-27,20851,23296,NA,NA
0,1,0,2012-08-28,21154,23608,NA,NA
0,1,0,2012-08-29,21510,23970,NA,NA
0,1,0,2012-08-30,21839,24297,NA,NA
0,1,0,2012-08-31,22196,24637,NA,NA
0,1,0,2012-09-01,22471,24916,NA,NA
0,1,0,2012-09-02,22766,25220,NA,NA
0,1,0,2012-09-03,22997,25469,NA,NA
0,1,0,2012-09-04,23292,25753,NA,NA
0,1,0,2012-09-05,23523,25999,NA,NA
0,1,0,2012-09-06,23766,26243,NA,NA
0,1,0,2012-09-07,24003,26480,NA,NA
0,1,0,2012-09-08,24235,26705,NA,NA
0,1,0,2012-09-09,24434,26915,NA,NA
0,1,0,2012-09-10,24668,27131,NA,NA
0,1,0,2012-09-11,24868,27331,NA,NA
0,1,0,2012-09-12,25051,27526,NA,NA
0,1,0,2012-09-13,25252,27732,NA,NA
0,1,0,2012-09-14,25456,27950,NA,NA
0,1,0,2012-09-15,25636,28133,NA,NA
0,1,0,2012-09-16,25807,28310,NA,NA
0,1,0,2012-09-17,25949,28452,NA,NA
0,1,0,2012-09-18,26129,28646,NA,NA
0,1,0,2012-09-19,26294,28802,NA,NA
0,1,0,2012-09-20,26478,28981,NA,NA
0,1,0,2012-09-21,26673,29171,NA,NA
0,1,0,2012-09-22,26831,29332,NA,NA
0,1,0,2012-09-23,26983,29483,NA,NA
0,1,0,2012-09-24,27133,29624,NA,NA
0,1,0,2012-09-25,27270,29767,NA,NA
0,1,0,2012-09-26,27396,29901,30936,NA
0,1,0,2012-09-27,27534,30039,31094,NA
0,1,0,2012-09-28,27691,30192,31256,NA
0,1,0,2012-09-29,27858,30366,31439,NA
0,1,0,2012-09-30,27995,30505,31584,NA
0,1,0,2012-10-01,28123,30636,31725,NA
0,1,0,2012-10-02,28250,30759,31853,NA
0,1,0,2012-10-03,28355,30871,31974,NA
0,1,0,2012-10-04,28492,30980,32115,NA
0,1,0,2012-10-05,28605,31086,32235,NA
0,1,0,2012-10-06,28737,31221,32375,NA
0,1,0,2012-10-07,28847,31329,32494,NA
0,1,0,2012-10-08,28957,31447,32625,NA
0,1,0,2012-10-09,29083,31573,32761,NA
0,1,0,2012-10-10,29208,31697,32886,NA
0,1,0,2012-10-11,29301,31816,33007,NA
0,1,0,2012-10-12,29423,31942,33131,NA
0,1,0,2012-10-13,29550,32058,33259,NA
0,1,0,2012-10-14,29676,32169,33375,NA
0,1,0,2012-10-15,29758,32243,33455,NA
0,1,0,2012-10-16,29836,32332,33545,NA
0,1,0,2012-10-17,29922,32412,33628,NA
0,1,0,2012-10-18,30036,32530,33745,NA
0,1,0,2012-10-19,30135,32636,33848,NA
0,1,0,2012-10-20,30220,32715,33935,NA
0,1,0,2012-10-21,30312,32804,34038,NA
0,1,0,2012-10-22,30415,32911,34148,NA
0,1,0,2012-10-23,30546,33040,34278,NA
0,1,0,2012-10-24,30669,33145,34395,NA
0,1,0,2012-10-25,30745,33215,34488,NA
0,1,0,2012-10-26,30875,33343,34626,NA
0,1,0,2012-10-27,30992,33459,34742,NA
0,1,0,2012-10-28,31100,33553,34847,NA
0,1,0,2012-10-29,31202,33646,34947,NA
0,1,0,2012-10-30,31321,33751,35059,NA
0,1,0,2012-10-31,31424,33850,35157,NA
0,1,0,2012-11-01,31533,33947,35263,NA
0,1,0,2012-11-02,31632,34053,35377,NA
0,1,0,2012-11-03,31716,34137,35482,NA
0,1,0,2012-11-04,31784,34208,35552,NA
0,1,0,2012-11-05,31884,34299,35646,NA
0,1,0,2012-11-06,31996,34408,35766,NA
0,1,0,2012-11-07,32082,34495,35853,NA
0,1,0,2012-11-08,32161,34590,35947,NA
0,1,0,2012-11-09,32258,34689,36037,NA
0,1,0,2012-11-10,32338,34778,36119,NA
0,1,0,2012-11-11,32382,34838,36186,NA
0,1,0,2012-11-12,32470,34922,36279,NA
0,1,0,2012-11-13,32552,34986,36358,NA
0,1,0,2012-11-14,32611,35060,36433,NA
0,1,0,2012-11-15,32694,35143,36518,NA
0,1,0,2012-11-16,32782,35222,36606,NA
0,1,0,2012-11-17,32874,35307,36699,NA
0,1,0,2012-11-18,32966,35404,36794,NA
0,1,0,2012-11-19,33046,35481,36883,NA
0,1,0,2012-11-20,33115,35562,36969,NA
0,1,0,2012-11-21,33176,35631,37038,NA
0,1,0,2012-11-22,33267,35700,37115,NA
0,1,0,2012-11-23,33338,35773,37197,NA
0,1,0,2012-11-24,33423,35846,37272,NA
0,1,0,2012-11-25,33525,35932,37347,NA
0,1,0,2012-11-26,33580,35994,37417,NA
0,1,0,2012-11-27,33651,36070,37498,NA
0,1,0,2012-11-28,33711,36136,37563,NA
0,1,0,2012-11-29,33780,36203,37633,NA
0,1,0,2012-11-30,33851,36263,37706,NA
0,1,0,2012-12-01,33908,36318,37782,NA
0,1,0,2012-12-02,33960,36375,37852,NA
0,1,0,2012-12-03,34005,36435,37907,NA
0,1,0,2012-12-04,34054,36491,37975,NA
0,1,0,2012-12-05,34105,36548,38039,NA
0,1,0,2012-12-06,34164,36611,38102,NA
0,1,0,2012-12-07,34242,36707,38195,NA
0,1,0,2012-12-08,34312,36777,38278,NA
0,1,0,2012-12-09,34358,36842,38342,NA
0,1,0,2012-12-10,34425,36912,38410,NA
0,1,0,2012-12-11,34486,36983,38485,NA
0,1,0,2012-12-12,34555,37063,38559,NA
0,1,0,2012-12-13,34636,37130,38633,NA
0,1,0,2012-12-14,34703,37201,38710,NA
0,1,0,2012-12-15,34782,37272,38791,NA
0,1,0,2012-12-16,34851,37353,38868,NA
0,1,0,2012-12-17,34913,37424,38950,NA
0,1,0,2012-12-18,34962,37472,39002,NA
0,1,0,2012-12-19,35047,37576,39108,NA
0,1,0,2012-12-20,35108,37671,39196,NA
0,1,0,2012-12-21,35159,37748,39272,NA
0,1,0,2012-12-22,35205,37803,39332,NA
0,1,0,2012-12-23,35271,37879,39396,NA
0,1,0,2012-12-24,35316,37946,39469,NA
0,1,0,2012-12-25,35376,38023,39545,40296
0,1,0,2012-12-26,35409,38071,39589,40356
0,1,0,2012-12-27,35463,38140,39658,40432
0,1,0,2012-12-28,35513,38213,39733,40513
0,1,0,2012-12-29,35540,38249,39776,40559
0,1,0,2012-12-30,35567,38295,39819,40608
0,1,0,2012-12-31,35624,38362,39888,40682
0,1,0,2013-01-01,35683,38433,39964,40763
0,1,0,2013-01-02,35740,38508,40024,40841
0,1,0,2013-01-03,35773,38554,40066,40896
0,1,0,2013-01-04,35833,38629,40145,40978
0,1,0,2013-01-05,35870,38676,40198,41034
0,1,0,2013-01-06,35911,38720,40246,41096
0,1,0,2013-01-07,35966,38791,40316,41169
0,1,0,2013-01-08,36015,38853,40382,41240
0,1,0,2013-01-09,36082,38907,40450,41310
0,1,0,2013-01-10,36129,38977,40522,41380
0,1,0,2013-01-11,36197,39063,40602,41471
0,1,0,2013-01-12,36256,39117,40637,41514
0,1,0,2013-01-13,36319,39178,40694,41583
0,1,0,2013-01-14,36367,39256,40777,41662
0,1,0,2013-01-15,36448,39339,40854,41739
0,1,0,2013-01-16,36497,39411,40926,41809
0,1,0,2013-01-17,36546,39491,41006,41891
0,1,0,2013-01-18,36599,39552,41068,41958
0,1,0,2013-01-19,36669,39627,41139,42040
0,1,0,2013-01-20,36740,39705,41213,42116
0,1,0,2013-01-21,36806,39779,41284,42191
0,1,0,2013-01-22,36874,39860,41357,42271
0,1,0,2013-01-23,36946,39934,41431,42357
0,1,0,2013-01-24,37009,40012,41502,42434
0,1,0,2013-01-25,37072,40083,41572,42504
0,1,0,2013-01-26,37127,40156,41630,42572
0,1,0,2013-01-27,37157,40203,41672,42619
0,1,0,2013-01-28,37215,40261,41724,42674
0,1,0,2013-01-29,37284,40332,41799,42743
0,1,0,2013-01-30,37365,40413,41879,42829
0,1,0,2013-01-31,37394,40451,41918,42877
0,1,0,2013-02-01,37456,40518,41987,42955
0,1,0,2013-02-02,37509,40574,42045,43018
0,1,0,2013-02-03,37556,40612,42083,43063
0,1,0,2013-02-04,37602,40674,42146,43135
0,1,0,2013-02-05,37639,40726,42198,43186
0,1,0,2013-02-06,37672,40760,42242,43233
0,1,0,2013-02-07,37707,40798,42281,43269
0,1,0,2013-02-08,37702,40810,42304,43288
0,1,0,2013-02-09,37686,40805,42312,43303
0,1,0,2013-02-10,37673,40819,42325,43327
0,1,0,2013-02-11,37684,40851,42343,43360
0,1,0,2013-02-12,37696,40869,42371,43395
0,1,0,2013-02-13,37704,40882,42386,43412
0,1,0,2013-02-14,37705,40904,42408,43440
0,1,0,2013-02-15,37718,40944,42440,43479
0,1,0,2013-02-16,37739,40977,42473,43516
0,1,0,2013-02-17,37767,41026,42512,43567
0,1,0,2013-02-18,37797,41072,42556,43616
0,1,0,2013-02-19,37816,41124,42625,43683
0,1,0,2013-02-20,37857,41200,42694,43761
0,1,0,2013-02-21,37913,41282,42773,43847
0,1,0,2013-02-22,37967,41349,42834,43909
0,1,0,2013-02-23,38023,41432,42907,43978
0,1,0,2013-02-24,38072,41498,42965,44042
0,1,0,2013-02-25,38138,41586,43055,44130
0,1,0,2013-02-26,38213,41662,43136,44209
0,1,0,2013-02-27,38283,41744,43219,44292
0,1,0,2013-02-28,38357,41838,43298,44387
0,1,0,2013-03-01,38383,41891,43354,44456
0,1,0,2013-03-02,38447,41963,43430,44536
0,1,0,2013-03-03,38529,42056,43532,44632
0,1,0,2013-03-04,38603,42144,43619,44722
0,1,0,2013-03-05,38693,42227,43709,44812
0,1,0,2013-03-06,38768,42308,43798,44900
0,1,0,2013-03-07,38854,42381,43880,44981
0,1,0,2013-03-08,38932,42453,43957,45066
0,1,0,2013-03-09,38995,42529,44044,45149
0,1,0,2013-03-10,39057,42595,44113,45220
0,1,0,2013-03-11,39157,42674,44191,45299
0,1,0,2013-03-12,39234,42761,44281,45390
0,1,0,2013-03-13,39278,42824,44334,45447
0,1,0,2013-03-14,39351,42911,44429,45540
0,1,0,2013-03-15,39454,43007,44510,45628
0,1,0,2013-03-16,39505,43078,44587,45703
0,1,0,2013-03-17,39550,43134,44647,45764
0,1,0,2013-03-18,39615,43209,44723,45842
0,1,0,2013-03-19,39674,43291,44815,45939
0,1,0,2013-03-20,39741,43349,44895,46017
0,1,0,2013-03-21,39825,43421,44984,46106
0,1,0,2013-03-22,39923,43509,45077,46205
0,1,0,2013-03-23,40018,43608,45178,46303
0,1,0,2013-03-24,40052,43669,45244,46377
0,1,0,2013-03-25,40110,43740,45325,46456
0,1,0,2013-03-26,40217,43829,45425,46552
0,1,0,2013-03-27,40313,43914,45520,46650
0,1,0,2013-03-28,40388,43984,45605,46735
0,1,0,2013-03-29,40490,44072,45699,46826
0,1,0,2013-03-30,40552,44126,45765,46897
0,1,0,2013-03-31,40598,44190,45832,46962
0,1,0,2013-04-01,40675,44264,45920,47049
0,1,0,2013-04-02,40761,44341,46019,47134
0,1,0,2013-04-03,40852,44426,46108,47218
0,1,0,2013-04-04,40906,44491,46181,47289
0,1,0,2013-04-05,40929,44551,46242,47353
0,1,0,2013-04-06,40966,44608,46302,47413
0,1,0,2013-04-07,41030,44686,46384,47496
0,1,0,2013-04-08,41104,44775,46472,47584
0,1,0,2013-04-09,41135,44838,46535,47659
0,1,0,2013-04-10,41196,44899,46610,47737
0,1,0,2013-04-11,41239,44950,46675,47790
0,1,0,2013-04-12,41322,45033,46759,47864
0,1,0,2013-04-13,41380,45096,46817,47923
0,1,0,2013-04-14,41430,45146,46870,47979
0,1,0,2013-04-15,41476,45219,46941,48049
0,1,0,2013-04-16,41535,45277,47005,48121
0,1,0,2013-04-17,41612,45343,47078,48201
0,1,0,2013-04-18,41649,45395,47130,48251
0,1,0,2013-04-19,41711,45465,47200,48325
0,1,0,2013-04-20,41776,45537,47267,48394
0,1,0,2013-04-21,41834,45610,47340,48461
0,1,0,2013-04-22,41889,45690,47416,48537
0,1,0,2013-04-23,41971,45775,47506,48627
0,1,0,2013-04-24,42017,45833,47572,48691
0,1,0,2013-04-25,42075,45906,47654,48772
0,1,0,2013-04-26,42144,45976,47733,48842
0,1,0,2013-04-27,42196,46036,47796,48898
0,1,0,2013-04-28,42235,46093,47859,48957
0,1,0,2013-04-29,42302,46160,47933,49030
0,1,0,2013-04-30,42379,46263,48036,49134
0,1,0,2013-05-01,42465,46353,48124,49223
0,1,0,2013-05-02,42503,46406,48181,49277
0,1,0,2013-05-03,42557,46481,48256,49355
0,1,0,2013-05-04,42633,46572,48338,49433
0,1,0,2013-05-05,42681,46628,48396,49487
0,1,0,2013-05-06,42736,46669,48453,49544
0,1,0,2013-05-07,42774,46719,48499,49592
0,1,0,2013-05-08,42841,46770,48551,49651
0,1,0,2013-05-09,42904,46825,48614,49725
0,1,0,2013-05-10,42974,46897,48682,49802
0,1,0,2013-05-11,43053,46950,48744,49859
0,1,0,2013-05-12,43111,47011,48814,49917
0,1,0,2013-05-13,43200,47081,48877,49989
0,1,0,2013-05-14,43272,47139,48945,50055
0,1,0,2013-05-15,43361,47213,49023,50133
0,1,0,2013-05-16,43422,47264,49085,50189
0,1,0,2013-05-17,43496,47318,49151,50255
0,1,0,2013-05-18,43550,47372,49216,50312
0,1,0,2013-05-19,43609,47439,49274,50370
0,1,0,2013-05-20,43677,47494,49336,50444
0,1,0,2013-05-21,43747,47535,49394,50492
0,1,0,2013-05-22,43814,47598,49464,50561
0,1,0,2013-05-23,43876,47671,49535,50635
0,1,0,2013-05-24,43922,47725,49598,50693
0,1,0,2013-05-25,43967,47782,49653,50741
0,1,0,2013-05-26,44000,47817,49694,50785
0,1,0,2013-05-27,44067,47881,49755,50849
0,1,0,2013-05-28,44134,47946,49828,50926
0,1,0,2013-05-29,44180,47995,49893,50981
0,1,0,2013-05-30,44241,48066,49953,51043
0,1,0,2013-05-31,44298,48114,50005,51097
0,1,0,2013-06-01,44346,48156,50066,51163
0,1,0,2013-06-02,44384,48222,50124,51220
0,1,0,2013-06-03,44432,48270,50174,51278
0,1,0,2013-06-04,44469,48327,50241,51346
0,1,0,2013-06-05,44520,48393,50296,51413
0,1,0,2013-06-06,44526,48428,50328,51452
0,1,0,2013-06-07,44557,48458,50366,51499
0,1,0,2013-06-08,44572,48489,50405,51537
0,1,0,2013-06-09,44636,48572,50487,51621
0,1,0,2013-06-10,44667,48624,50553,51685
0,1,0,2013-06-11,44727,48687,50624,51756
0,1,0,2013-06-12,44745,48735,50684,51817
0,1,0,2013-06-13,44789,48790,50757,51880
0,1,0,2013-06-14,44811,48831,50806,51931
0,1,0,2013-06-15,44851,48887,50874,52001
0,1,0,2013-06-16,44922,48961,50943,52070
0,1,0,2013-06-17,44979,49017,51020,52153
0,1,0,2013-06-18,45043,49099,51099,52247
0,1,0,2013-06-19,45072,49145,51146,52307
0,1,0,2013-06-20,45111,49202,51199,52367
0,1,0,2013-06-21,45172,49278,51282,52447
0,1,0,2013-06-22,45236,49337,51349,52519
0,1,0,2013-06-23,45272,49385,51409,52579
0,1,0,2013-06-24,45324,49438,51462,52640
0,1,0,2013-06-25,45358,49481,51512,52699
0,1,0,2013-06-26,45410,49544,51576,52776
0,1,0,2013-06-27,45470,49616,51648,52851
0,1,0,2013-06-28,45518,49665,51704,52916
0,1,0,2013-06-29,45584,49722,51771,52987
0,1,0,2013-06-30,45648,49793,51844,53065
0,1,0,2013-07-01,45690,49859,51908,53138
0,1,0,2013-07-02,45710,49914,51957,53193
0,1,0,2013-07-03,45815,50014,52057,53290
0,1,0,2013-07-04,45868,50057,52118,53346
0,1,0,2013-07-05,45895,50091,52160,53389
0,1,0,2013-07-06,45940,50137,52222,53448
0,1,0,2013-07-07,45976,50191,52285,53510
0,1,0,2013-07-08,45983,50238,52338,53561
0,1,0,2013-07-09,46045,50314,52406,53637
0,1,0,2013-07-10,46091,50357,52448,53690
0,1,0,2013-07-11,46145,50419,52517,53755
0,1,0,2013-07-12,46186,50469,52569,53811
0,1,0,2013-07-13,46231,50514,52624,53871
0,1,0,2013-07-14,46223,50538,52667,53911
0,1,0,2013-07-15,46249,50572,52721,53968
0,1,0,2013-07-16,46303,50633,52782,54039
0,1,0,2013-07-17,46339,50675,52840,54092
0,1,0,2013-07-18,46362,50717,52886,54140
0,1,0,2013-07-19,46394,50753,52937,54189
0,1,0,2013-07-20,46447,50807,53013,54261
0,1,0,2013-07-21,46525,50879,53090,54339
0,1,0,2013-07-22,46547,50901,53129,54389
0,1,0,2013-07-23,46592,50954,53184,54455
0,1,0,2013-07-24,46620,50997,53246,54518
0,1,0,2013-07-25,46663,51068,53313,54591
0,1,0,2013-07-26,46705,51123,53382,54665
0,1,0,2013-07-27,46731,51158,53425,54710
0,1,0,2013-07-28,46750,51202,53469,54765
0,1,0,2013-07-29,46755,51243,53524,54816
0,1,0,2013-07-30,46771,51287,53586,54875
0,1,0,2013-07-31,46816,51318,53622,54914
0,1,0,2013-08-01,46855,51362,53682,54971
0,1,0,2013-08-02,46891,51425,53753,55037
0,1,0,2013-08-03,46923,51473,53800,55088
0,1,0,2013-08-04,46983,51527,53860,55154
0,1,0,2013-08-05,47031,51560,53899,55196
0,1,0,2013-08-06,47041,51595,53932,55231
0,1,0,2013-08-07,47067,51642,53979,55277
0,1,0,2013-08-08,47074,51663,54005,55298
0,1,0,2013-08-09,47090,51720,54047,55348
0,1,0,2013-08-10,47111,51761,54094,55393
0,1,0,2013-08-11,47122,51808,54135,55431
0,1,0,2013-08-12,47147,51851,54174,55479
0,1,0,2013-08-13,47176,51896,54209,55516
0,1,0,2013-08-14,47171,51921,54238,55558
0,1,0,2013-08-15,47191,51957,54268,55605
0,1,0,2013-08-16,47269,52008,54317,55663
0,1,0,2013-08-17,47299,52047,54362,55704
0,1,0,2013-08-18,47306,52078,54391,55743
0,1,0,2013-08-19,47290,52109,54408,55773
0,1,0,2013-08-20,47287,52132,54440,55812
0,1,0,2013-08-21,47290,52169,54485,55859
0,1,0,2013-08-22,47281,52196,54519,55899
0,1,0,2013-08-23,47286,52242,54569,55953
0,1,0,2013-08-24,47349,52284,54619,56007
0,1,0,2013-08-25,47351,52323,54663,56045
0,1,0,2013-08-26,47360,52367,54708,56094
0,1,0,2013-08-27,47384,52418,54747,56144
0,1,0,2013-08-28,47382,52454,54787,56177
0,1,0,2013-08-29,47346,52484,54822,56222
0,1,0,2013-08-30,47339,52511,54860,56262
0,1,0,2013-08-31,47373,52543,54904,56305
0,1,0,2013-09-01,47428,52611,54969,56371
0,1,0,2013-09-02,47421,52603,54976,56389
0,1,0,2013-09-03,47432,52626,55009,56416
0,1,0,2013-09-04,47464,52649,55053,56459
0,1,0,2013-09-05,47519,52702,55107,56515
0,1,0,2013-09-06,47569,52751,55154,56571
0,1,0,2013-09-07,47581,52780,55189,56606
0,1,0,2013-09-08,47624,52830,55237,56667
0,1,0,2013-09-09,47667,52898,55297,56738
0,1,0,2013-09-10,47683,52926,55341,56786
0,1,0,2013-09-11,47731,52979,55386,56846
0,1,0,2013-09-12,47754,53007,55420,56892
0,1,0,2013-09-13,47763,53038,55451,56935
0,1,0,2013-09-14,47800,53109,55520,57004
0,1,0,2013-09-15,47816,53146,55545,57044
0,1,0,2013-09-16,47916,53182,55588,57080
0,1,0,2013-09-17,47906,53208,55631,57123
0,1,0,2013-09-18,47909,53251,55685,57180
0,1,0,2013-09-19,47894,53273,55722,57223
0,1,0,2013-09-20,47908,53307,55765,57269
0,1,0,2013-09-21,47911,53335,55793,57312
0,1,0,2013-09-22,47937,53380,55836,57354
0,1,0,2013-09-23,47966,53413,55874,57397
0,1,0,2013-09-24,48026,53451,55922,57440
0,1,0,2013-09-25,48045,53464,55953,57469
0,1,0,2013-09-26,48068,53491,55980,57505
0,1,0,2013-09-27,48127,53551,56035,57563
0,1,0,2013-09-28,48200,53603,56108,57632
0,1,0,2013-09-29,48249,53657,56162,57690
0,1,0,2013-09-30,48258,53668,56196,57720
0,1,0,2013-10-01,48244,53704,56235,57768
0,1,0,2013-10-02,48273,53737,56260,57810
0,1,0,2013-10-03,48304,53775,56298,57860
0,1,0,2013-10-04,48332,53816,56340,57915
0,1,0,2013-10-05,48346,53843,56372,57954
0,1,0,2013-10-06,48350,53840,56393,57984
0,1,0,2013-10-07,48356,53841,56408,58005
0,1,0,2013-10-08,48393,53881,56441,58039
0,1,0,2013-10-09,48403,53920,56493,58095
0,1,0,2013-10-10,48425,53957,56529,58132
0,1,0,2013-10-11,48475,53994,56574,58180
0,1,0,2013-10-12,48546,54021,56604,58223
0,1,0,2013-10-13,48567,54057,56632,58264
0,1,0,2013-10-14,48594,54100,56679,58312
0,1,0,2013-10-15,48585,54123,56708,58354
0,1,0,2013-10-16,48613,54151,56753,58402
0,1,0,2013-10-17,48637,54180,56780,58442
0,1,0,2013-10-18,48674,54220,56831,58500
0,1,0,2013-10-19,48688,54236,56850,58526
0,1,0,2013-10-20,48739,54277,56879,58565
0,1,0,2013-10-21,48749,54298,56908,58602
0,1,0,2013-10-22,48768,54319,56931,58633
0,1,0,2013-10-23,48779,54341,56970,58668
0,1,0,2013-10-24,48806,54363,57000,58711
0,1,0,2013-10-25,48814,54373,57029,58748
0,1,0,2013-10-26,48843,54404,57074,58792
0,1,0,2013-10-27,48863,54405,57092,58825
0,1,0,2013-10-28,48883,54425,57126,58862
0,1,0,2013-10-29,48918,54468,57161,58906
0,1,0,2013-10-30,48943,54481,57179,58935
0,1,0,2013-10-31,48966,54509,57219,58979
0,1,0,2013-11-01,49006,54526,57250,59011
0,1,0,2013-11-02,49048,54559,57284,59044
0,1,0,2013-11-03,49079,54581,57311,59072
0,1,0,2013-11-04,49094,54610,57346,59106
0,1,0,2013-11-05,49123,54635,57390,59150
0,1,0,2013-11-06,49157,54658,57427,59191
0,1,0,2013-11-07,49188,54683,57470,59228
0,1,0,2013-11-08,49212,54712,57502,59264
0,1,0,2013-11-09,49249,54745,57556,59307
0,1,0,2013-11-10,49256,54763,57589,59336
0,1,0,2013-11-11,49312,54796,57625,59367
0,1,0,2013-11-12,49367,54827,57671,59411
0,1,0,2013-11-13,49394,54863,57705,59436
0,1,0,2013-11-14,49439,54914,57741,59471
0,1,0,2013-11-15,49477,54942,57777,59511
0,1,0,2013-11-16,49504,54958,57806,59533
0,1,0,2013-11-17,49552,54977,57848,59564
0,1,0,2013-11-18,49558,54989,57865,59590
0,1,0,2013-11-19,49599,55018,57903,59632
0,1,0,2013-11-20,49634,55026,57930,59669
0,1,0,2013-11-21,49686,55056,57974,59716
0,1,0,2013-11-22,49742,55109,58019,59766
0,1,0,2013-11-23,49769,55132,58057,59807
0,1,0,2013-11-24,49760,55126,58068,59830
0,1,0,2013-11-25,49784,55153,58105,59862
0,1,0,2013-11-26,49830,55175,58150,59911
0,1,0,2013-11-27,49848,55186,58186,59944
0,1,0,2013-11-28,49902,55206,58201,59973
0,1,0,2013-11-29,49944,55233,58235,60018
0,1,0,2013-11-30,49973,55261,58273,60055
0,1,0,2013-12-01,50039,55308,58308,60105
0,1,0,2013-12-02,50137,55365,58371,60178
0,1,0,2013-12-03,50159,55383,58391,60209
0,1,0,2013-12-04,50188,55421,58421,60238
0,1,0,2013-12-05,50210,55446,58443,60260
0,1,0,2013-12-06,50258,55469,58485,60305
0,1,0,2013-12-07,50300,55490,58517,60335
0,1,0,2013-12-08,50315,55515,58556,60367
0,1,0,2013-12-09,50335,55515,58557,60381
0,1,0,2013-12-10,50363,55559,58612,60422
0,1,0,2013-12-11,50401,55587,58632,60443
0,1,0,2013-12-12,50425,55616,58669,60479
0,1,0,2013-12-13,50452,55626,58705,60509
0,1,0,2013-12-14,50497,55627,58731,60529
0,1,0,2013-12-15,50519,55640,58756,60562
0,1,0,2013-12-16,50551,55656,58794,60612
0,1,0,2013-12-17,50581,55650,58817,60644
0,1,0,2013-12-18,50618,55646,58839,60671
0,1,0,2013-12-19,50668,55678,58874,60713
0,1,0,2013-12-20,50718,55718,58914,60749
0,1,0,2013-12-21,50725,55734,58940,60772
0,1,0,2013-12-22,50751,55772,58975,60807
0,1,0,2013-12-23,50787,55822,59016,60850
0,1,0,2013-12-24,50810,55849,59051,60886
0,1,0,2013-12-25,50826,55866,59066,60898
0,1,0,2013-12-26,50837,55878,59082,60917
0,1,0,2013-12-27,50858,55905,59105,60950
0,1,0,2013-12-28,50887,55947,59142,60985
0,1,0,2013-12-29,50908,55966,59166,61025
0,1,0,2013-12-30,50937,55983,59197,61053
0,1,0,2013-12-31,50968,56009,59224,61069
0,1,0,2014-01-01,51019,56038,59259,61105
0,1,0,2014-01-02,51058,56064,59298,61145
0,1,0,2014-01-03,51112,56085,59335,61183
0,1,0,2014-01-04,51166,56111,59354,61218
0,1,0,2014-01-05,51228,56142,59376,61246
0,1,0,2014-01-06,51264,56174,59420,61288
0,1,0,2014-01-07,51277,56177,59446,61319
0,1,0,2014-01-08,51279,56199,59471,61349
0,1,0,2014-01-09,51309,56228,59489,61372
0,1,0,2014-01-10,51338,56278,59509,61402
0,1,0,2014-01-11,51383,56315,59540,61429
0,1,0,2014-01-12,51390,56341,59576,61466
0,1,0,2014-01-13,51435,56362,59599,61489
0,1,0,2014-01-14,51433,56387,59615,61514
0,1,0,2014-01-15,51484,56450,59672,61567
0,1,0,2014-01-16,51525,56505,59724,61618
0,1,0,2014-01-17,51573,56543,59752,61653
0,1,0,2014-01-18,51598,56573,59787,61677
0,1,0,2014-01-19,51619,56593,59806,61701
0,1,0,2014-01-20,51668,56635,59841,61743
0,1,0,2014-01-21,51674,56641,59846,61766
0,1,0,2014-01-22,51725,56682,59872,61797
0,1,0,2014-01-23,51743,56710,59891,61836
0,1,0,2014-01-24,51750,56725,59905,61853
0,1,0,2014-01-25,51752,56735,59903,61864
0,1,0,2014-01-26,51750,56734,59910,61887
0,1,0,2014-01-27,51747,56749,59925,61902
0,1,0,2014-01-28,51733,56756,59922,61905
0,1,0,2014-01-29,51725,56762,59923,61922
0,1,0,2014-01-30,51682,56749,59919,61937
0,1,0,2014-01-31,51636,56752,59922,61947
0,1,0,2014-02-01,51595,56746,59930,61957
0,1,0,2014-02-02,51551,56724,59923,61961
0,1,0,2014-02-03,51511,56696,59903,61957
0,1,0,2014-02-04,51471,56698,59889,61958
0,1,0,2014-02-05,51427,56690,59880,61972
0,1,0,2014-02-06,51405,56686,59889,61987
0,1,0,2014-02-07,51380,56700,59894,62008
0,1,0,2014-02-08,51378,56705,59901,62026
0,1,0,2014-02-09,51352,56706,59906,62040
0,1,0,2014-02-10,51331,56715,59906,62056
0,1,0,2014-02-11,51336,56717,59927,62079
0,1,0,2014-02-12,51341,56742,59963,62100
0,1,0,2014-02-13,51357,56765,59982,62120
0,1,0,2014-02-14,51345,56771,59988,62134
0,1,0,2014-02-15,51364,56812,60007,62172
0,1,0,2014-02-16,51380,56828,60025,62187
0,1,0,2014-02-17,51376,56841,60023,62201
0,1,0,2014-02-18,51365,56849,60022,62215
0,1,0,2014-02-19,51390,56868,60032,62244
0,1,0,2014-02-20,51410,56889,60050,62265
0,1,0,2014-02-21,51426,56913,60078,62302
0,1,0,2014-02-22,51470,56938,60089,62328
0,1,0,2014-02-23,51487,56956,60121,62362
0,1,0,2014-02-24,51473,56965,60116,62383
0,1,0,2014-02-25,51498,56992,60118,62411
0,1,0,2014-02-26,51558,57033,60150,62442
0,1,0,2014-02-27,51591,57080,60181,62474
0,1,0,2014-02-28,51597,57108,60191,62495
0,1,0,2014-03-01,51620,57150,60232,62525
0,1,0,2014-03-02,51628,57194,60260,62555
0,1,0,2014-03-03,51628,57195,60282,62584
0,1,0,2014-03-04,51638,57227,60324,62622
0,1,0,2014-03-05,51660,57265,60370,62661
0,1,0,2014-03-06,51678,57309,60391,62699
0,1,0,2014-03-07,51691,57332,60418,62733
0,1,0,2014-03-08,51688,57345,60429,62759
0,1,0,2014-03-09,51722,57390,60464,62798
0,1,0,2014-03-10,51731,57413,60504,62838
0,1,0,2014-03-11,51733,57432,60542,62874
0,1,0,2014-03-12,51723,57431,60555,62886
0,1,0,2014-03-13,51749,57449,60568,62924
0,1,0,2014-03-14,51776,57490,60589,62956
0,1,0,2014-03-15,51780,57513,60604,62985
0,1,0,2014-03-16,51804,57544,60623,63014
0,1,0,2014-03-17,51851,57577,60632,63051
0,1,0,2014-03-18,51922,57641,60666,63097
0,1,0,2014-03-19,51938,57694,60703,63129
0,1,0,2014-03-20,51944,57725,60728,63161
0,1,0,2014-03-21,52021,57787,60784,63222
0,1,0,2014-03-22,52068,57824,60839,63279
0,1,0,2014-03-23,52112,57838,60878,63317
0,1,0,2014-03-24,52153,57862,60908,63347
0,1,0,2014-03-25,52175,57901,60953,63386
0,1,0,2014-03-26,52201,57939,60990,63425
0,1,0,2014-03-27,52254,57992,61041,63470
0,1,0,2014-03-28,52275,58021,61072,63500
0,1,0,2014-03-29,52311,58049,61092,63526
0,1,0,2014-03-30,52315,58090,61123,63561
0,1,0,2014-03-31,52297,58116,61144,63586
0,1,0,2014-04-01,52319,58153,61182,63628
0,1,0,2014-04-02,52352,58207,61222,63669
0,1,0,2014-04-03,52393,58249,61249,63702
0,1,0,2014-04-04,52449,58303,61283,63731
0,1,0,2014-04-05,52472,58351,61319,63766
0,1,0,2014-04-06,52471,58375,61346,63797
0,1,0,2014-04-07,52492,58413,61368,63828
0,1,0,2014-04-08,52552,58463,61417,63868
0,1,0,2014-04-09,52583,58511,61460,63910
0,1,0,2014-04-10,52619,58539,61509,63945
0,1,0,2014-04-11,52630,58561,61535,63972
0,1,0,2014-04-12,52681,58575,61571,64005
0,1,0,2014-04-13,52735,58624,61607,64041
0,1,0,2014-04-14,52771,58660,61648,64068
0,1,0,2014-04-15,52784,58705,61694,64119
0,1,0,2014-04-16,52798,58729,61724,64157
0,1,0,2014-04-17,52863,58790,61790,64214
0,1,0,2014-04-18,52878,58812,61824,64248
0,1,0,2014-04-19,52911,58857,61858,64282
0,1,0,2014-04-20,52938,58875,61866,64296
0,1,0,2014-04-21,52971,58919,61896,64326
0,1,0,2014-04-22,53027,58983,61955,64371
0,1,0,2014-04-23,53080,59025,62009,64417
0,1,0,2014-04-24,53121,59054,62039,64444
0,1,0,2014-04-25,53161,59079,62069,64461
0,1,0,2014-04-26,53240,59116,62101,64488
0,1,0,2014-04-27,53278,59152,62134,64527
0,1,0,2014-04-28,53336,59192,62178,64559
0,1,0,2014-04-29,53418,59267,62244,64619
0,1,0,2014-04-30,53515,59300,62282,64657
0,1,0,2014-05-01,53584,59325,62315,64684
0,1,0,2014-05-02,53687,59364,62363,64735
0,1,0,2014-05-03,53757,59396,62391,64773
0,1,0,2014-05-04,53819,59428,62425,64801
0,1,0,2014-05-05,53884,59473,62475,64830
0,1,0,2014-05-06,53935,59492,62501,64858
0,1,0,2014-05-07,54014,59541,62536,64895
0,1,0,2014-05-08,54068,59581,62585,64936
0,1,0,2014-05-09,54099,59617,62613,64966
0,1,0,2014-05-10,54149,59628,62635,64989
0,1,0,2014-05-11,54215,59666,62665,65004
0,1,0,2014-05-12,54272,59712,62702,65043
0,1,0,2014-05-13,54301,59756,62749,65096
0,1,0,2014-05-14,54354,59788,62782,65132
0,1,0,2014-05-15,54395,59822,62819,65167
0,1,0,2014-05-16,54428,59855,62859,65193
0,1,0,2014-05-17,54494,59897,62894,65229
0,1,0,2014-05-18,54521,59911,62916,65245
0,1,0,2014-05-19,54562,59952,62958,65271
0,1,0,2014-05-20,54586,59990,62986,65292
0,1,0,2014-05-21,54596,60022,63023,65323
0,1,0,2014-05-22,54620,60053,63047,65351
0,1,0,2014-05-23,54666,60090,63078,65369
0,1,0,2014-05-24,54696,60111,63100,65404
0,1,0,2014-05-25,54758,60143,63143,65439
0,1,0,2014-05-26,54803,60178,63186,65462
0,1,0,2014-05-27,54823,60214,63221,65488
0,1,0,2014-05-28,54840,60245,63258,65514
0,1,0,2014-05-29,54883,60281,63303,65543
0,1,0,2014-05-30,54925,60317,63343,65578
0,1,0,2014-05-31,54929,60345,63377,65601
0,1,0,2014-06-01,54934,60352,63380,65618
0,1,0,2014-06-02,54954,60376,63396,65646
0,1,0,2014-06-03,54983,60384,63416,65662
0,1,0,2014-06-04,55006,60414,63464,65689
0,1,0,2014-06-05,55032,60451,63506,65731
0,1,0,2014-06-06,55065,60476,63542,65762
0,1,0,2014-06-07,55087,60512,63577,65797
0,1,0,2014-06-08,55107,60534,63603,65836
0,1,0,2014-06-09,55109,60549,63608,65861
0,1,0,2014-06-10,55181,60576,63643,65908
0,1,0,2014-06-11,55174,60581,63652,65916
0,1,0,2014-06-12,55201,60617,63694,65951
0,1,0,2014-06-13,55228,60642,63733,65986
0,1,0,2014-06-14,55254,60665,63762,66001
0,1,0,2014-06-15,55268,60700,63792,66019
0,1,0,2014-06-16,55277,60730,63823,66029
0,1,0,2014-06-17,55285,60742,63848,66050
0,1,0,2014-06-18,55299,60769,63887,66089
0,1,0,2014-06-19,55323,60807,63919,66114
0,1,0,2014-06-20,55329,60825,63932,66135
0,1,0,2014-06-21,55335,60841,63935,66149
0,1,0,2014-06-22,55357,60859,63951,66173
0,1,0,2014-06-23,55344,60866,63974,66197
0,1,0,2014-06-24,55358,60879,64000,66221
0,1,0,2014-06-25,55374,60888,64025,66246
0,1,0,2014-06-26,55409,60902,64057,66278
0,1,0,2014-06-27,55446,60930,64094,66306
0,1,0,2014-06-28,55459,60930,64126,66324
0,1,0,2014-06-29,55480,60927,64169,66358
0,1,0,2014-06-30,55523,60956,64193,66387
0,1,0,2014-07-01,55543,60995,64237,66425
0,1,0,2014-07-02,55564,61017,64277,66450
0,1,0,2014-07-03,55585,61027,64314,66473
0,1,0,2014-07-04,55592,61034,64351,66499
0,1,0,2014-07-05,55597,61047,64380,66523
0,1,0,2014-07-06,55605,61045,64398,66534
0,1,0,2014-07-07,55636,61067,64434,66571
0,1,0,2014-07-08,55619,61081,64456,66600
0,1,0,2014-07-09,55609,61089,64472,66630
0,1,0,2014-07-10,55647,61126,64512,66670
0,1,0,2014-07-11,55652,61144,64540,66707
0,1,0,2014-07-12,55675,61171,64568,66730
0,1,0,2014-07-13,55683,61189,64592,66760
0,1,0,2014-07-14,55678,61201,64618,66789
0,1,0,2014-07-15,55656,61200,64632,66811
0,1,0,2014-07-16,55687,61220,64669,66853
0,1,0,2014-07-17,55717,61220,64683,66870
0,1,0,2014-07-18,55754,61240,64707,66889
0,1,0,2014-07-19,55771,61266,64733,66912
0,1,0,2014-07-20,55764,61265,64756,66926
0,1,0,2014-07-21,55779,61295,64793,66966
0,1,0,2014-07-22,55790,61301,64811,66995
0,1,0,2014-07-23,55814,61340,64839,67025
0,1,0,2014-07-24,55828,61351,64855,67043
0,1,0,2014-07-25,55841,61383,64882,67067
0,1,0,2014-07-26,55875,61414,64914,67100
0,1,0,2014-07-27,55896,61452,64941,67134
0,1,0,2014-07-28,55880,61478,64975,67170
0,1,0,2014-07-29,55886,61518,64994,67194
0,1,0,2014-07-30,55925,61567,65023,67227
0,1,0,2014-07-31,55935,61613,65049,67265
0,1,0,2014-08-01,55940,61647,65073,67285
0,1,0,2014-08-02,55956,61677,65084,67304
0,1,0,2014-08-03,55985,61712,65114,67344
0,1,0,2014-08-04,56001,61736,65123,67364
0,1,0,2014-08-05,56025,61782,65154,67396
0,1,0,2014-08-06,56021,61809,65176,67428
0,1,0,2014-08-07,56043,61831,65205,67448
0,1,0,2014-08-08,56072,61863,65222,67472
0,1,0,2014-08-09,56059,61891,65245,67495
0,1,0,2014-08-10,56071,61905,65267,67512
0,1,0,2014-08-11,56056,61923,65286,67534
0,1,0,2014-08-12,56061,61967,65321,67574
0,1,0,2014-08-13,56041,61982,65336,67591
0,1,0,2014-08-14,56055,61994,65346,67611
0,1,0,2014-08-15,56045,62010,65360,67626
0,1,0,2014-08-16,56049,62045,65369,67647
0,1,0,2014-08-17,56067,62062,65389,67672
0,1,0,2014-08-18,56061,62092,65414,67696
0,1,0,2014-08-19,56067,62086,65427,67719
0,1,0,2014-08-20,56062,62100,65451,67738
0,1,0,2014-08-21,56043,62110,65469,67755
0,1,0,2014-08-22,56053,62128,65488,67769
0,1,0,2014-08-23,56067,62160,65511,67803
0,1,0,2014-08-24,56030,62160,65511,67813
0,1,0,2014-08-25,56017,62169,65525,67832
0,1,0,2014-08-26,56019,62180,65535,67851
0,1,0,2014-08-27,55964,62191,65533,67864
0,1,0,2014-08-28,55954,62209,65554,67884
0,1,0,2014-08-29,55925,62247,65599,67931
0,1,0,2014-08-30,55893,62249,65610,67936
0,1,0,2014-08-31,55893,62260,65625,67948
0,1,0,2014-09-01,55891,62273,65635,67968
0,1,0,2014-09-02,55918,62291,65660,68001
0,1,0,2014-09-03,55929,62291,65675,68025
0,1,0,2014-09-04,55937,62305,65678,68042
0,1,0,2014-09-05,55945,62322,65699,68065
0,1,0,2014-09-06,55956,62338,65722,68085
0,1,0,2014-09-07,55947,62338,65728,68079
0,1,0,2014-09-08,55938,62356,65721,68084
0,1,0,2014-09-09,55929,62356,65731,68090
0,1,0,2014-09-10,55953,62367,65746,68110
0,1,0,2014-09-11,55945,62381,65753,68126
0,1,0,2014-09-12,55927,62393,65766,68141
0,1,0,2014-09-13,55919,62406,65786,68161
0,1,0,2014-09-14,55899,62411,65808,68180
0,1,0,2014-09-15,55895,62415,65803,68199
0,1,0,2014-09-16,56013,62463,65836,68235
0,1,0,2014-09-17,56006,62468,65854,68252
0,1,0,2014-09-18,55983,62476,65867,68268
0,1,0,2014-09-19,56006,62498,65895,68285
0,1,0,2014-09-20,56003,62511,65907,68293
0,1,0,2014-09-21,55990,62497,65902,68302
0,1,0,2014-09-22,55992,62495,65910,68317
0,1,0,2014-09-23,56016,62498,65913,68332
0,1,0,2014-09-24,56023,62542,65941,68361
0,1,0,2014-09-25,56062,62568,65955,68387
0,1,0,2014-09-26,56064,62588,65969,68421
0,1,0,2014-09-27,56048,62580,65944,68431
0,1,0,2014-09-28,56061,62606,65961,68450
0,1,0,2014-09-29,56086,62616,65974,68485
0,1,0,2014-09-30,56066,62615,65973,68499
0,1,0,2014-10-01,56051,62626,65985,68531
0,1,0,2014-10-02,56087,62646,66004,68569
0,1,0,2014-10-03,56096,62646,66009,68590
0,1,0,2014-10-04,56092,62654,66010,68604
0,1,0,2014-10-05,56090,62670,66023,68627
0,1,0,2014-10-06,56112,62674,66030,68645
0,1,0,2014-10-07,56106,62661,66022,68647
0,1,0,2014-10-08,56097,62678,66034,68669
0,1,0,2014-10-09,56077,62675,66027,68669
0,1,0,2014-10-10,56075,62685,66038,68684
0,1,0,2014-10-11,56050,62707,66056,68711
0,1,0,2014-10-12,56053,62703,66060,68722
0,1,0,2014-10-13,56053,62680,66054,68722
0,1,0,2014-10-14,56073,62686,66069,68753
0,1,0,2014-10-15,56110,62723,66080,68777
0,1,0,2014-10-16,56119,62752,66108,68803
0,1,0,2014-10-17,56107,62768,66132,68822
0,1,0,2014-10-18,56123,62783,66142,68855
0,1,0,2014-10-19,56139,62795,66156,68872
0,1,0,2014-10-20,56142,62805,66168,68894
0,1,0,2014-10-21,56165,62819,66192,68914
0,1,0,2014-10-22,56229,62843,66215,68937
0,1,0,2014-10-23,56250,62855,66245,68963
0,1,0,2014-10-24,56230,62881,66278,68997
0,1,0,2014-10-25,56244,62893,66302,69015
0,1,0,2014-10-26,56261,62899,66326,69039
0,1,0,2014-10-27,56240,62900,66355,69058
0,1,0,2014-10-28,56259,62932,66390,69079
0,1,0,2014-10-29,56262,62939,66431,69105
0,1,0,2014-10-30,56280,62925,66443,69112
0,1,0,2014-10-31,56316,62957,66485,69136
0,1,0,2014-11-01,56342,62974,66500,69152
0,1,0,2014-11-02,56323,62985,66524,69154
0,1,0,2014-11-03,56322,62984,66542,69158
0,1,0,2014-11-04,56339,62983,66559,69166
0,1,0,2014-11-05,56361,63015,66583,69200
0,1,0,2014-11-06,56366,63021,66602,69203
0,1,0,2014-11-07,56356,63012,66615,69208
0,1,0,2014-11-08,56386,63000,66625,69220
0,1,0,2014-11-09,56395,62985,66636,69226
0,1,0,2014-11-10,56411,62985,66652,69235
0,1,0,2014-11-11,56425,63000,66670,69253
0,1,0,2014-11-12,56428,63014,66674,69261
0,1,0,2014-11-13,56482,63040,66708,69293
0,1,0,2014-11-14,56523,63054,66731,69303
0,1,0,2014-11-15,56554,63075,66753,69318
0,1,0,2014-11-16,56613,63086,66777,69343
0,1,0,2014-11-17,56654,63106,66778,69362
0,1,0,2014-11-18,56663,63119,66794,69382
0,1,0,2014-11-19,56701,63130,66821,69418
0,1,0,2014-11-20,56777,63149,66841,69443
0,1,0,2014-11-21,56785,63165,66857,69453
0,1,0,2014-11-22,56806,63174,66888,69473
0,1,0,2014-11-23,56836,63183,66913,69498
0,1,0,2014-11-24,56851,63207,66929,69514
0,1,0,2014-11-25,56871,63202,66940,69520
0,1,0,2014-11-26,56890,63214,66957,69544
0,1,0,2014-11-27,56900,63230,66973,69568
0,1,0,2014-11-28,56901,63240,66985,69582
0,1,0,2014-11-29,56942,63244,66996,69600
0,1,0,2014-11-30,56951,63243,66994,69601
0,1,0,2014-12-01,56939,63236,66990,69606
0,1,0,2014-12-02,56935,63229,66985,69607
0,1,0,2014-12-03,56979,63260,67017,69627
0,1,0,2014-12-04,57013,63279,67033,69642
0,1,0,2014-12-05,57032,63286,67050,69659
0,1,0,2014-12-06,57070,63310,67057,69673
0,1,0,2014-12-07,57116,63336,67089,69696
0,1,0,2014-12-08,57135,63351,67101,69717
0,1,0,2014-12-09,57180,63361,67104,69729
0,1,0,2014-12-10,57196,63378,67125,69745
0,1,0,2014-12-11,57224,63371,67129,69757
0,1,0,2014-12-12,57236,63365,67148,69778
0,1,0,2014-12-13,57282,63378,67171,69806
0,1,0,2014-12-14,57328,63387,67177,69815
0,1,0,2014-12-15,57336,63395,67196,69832
0,1,0,2014-12-16,57324,63382,67199,69848
0,1,0,2014-12-17,57304,63361,67197,69846
0,1,0,2014-12-18,57328,63382,67220,69872
0,1,0,2014-12-19,57355,63389,67239,69889
0,1,0,2014-12-20,57397,63397,67233,69883
0,1,0,2014-12-21,57423,63419,67234,69890
0,1,0,2014-12-22,57476,63448,67250,69903
0,1,0,2014-12-23,57467,63449,67272,69911
0,1,0,2014-12-24,57468,63469,67295,69923
0,1,0,2014-12-25,57490,63494,67306,69923
0,1,0,2014-12-26,57501,63505,67308,69906
0,1,0,2014-12-27,57522,63540,67339,69924
0,1,0,2014-12-28,57489,63542,67348,69927
0,1,0,2014-12-29,57554,63560,67374,69943
0,1,0,2014-12-30,57574,63555,67384,69949
0,1,0,2014-12-31,57583,63562,67387,69948
0,1,0,2015-01-01,57589,63585,67401,69962
0,1,0,2015-01-02,57609,63592,67414,69965
0,1,0,2015-01-03,57648,63634,67454,70002
0,1,0,2015-01-04,57651,63648,67460,70013
0,1,0,2015-01-05,57658,63664,67459,70021
0,1,0,2015-01-06,57671,63678,67478,70033
0,1,0,2015-01-07,57703,63696,67506,70061
0,1,0,2015-01-08,57728,63716,67537,70085
0,1,0,2015-01-09,57784,63726,67562,70101
0,1,0,2015-01-10,57825,63749,67572,70115
0,1,0,2015-01-11,57839,63778,67579,70126
0,1,0,2015-01-12,57844,63794,67587,70146
0,1,0,2015-01-13,57847,63808,67607,70154
0,1,0,2015-01-14,57874,63823,67628,70173
0,1,0,2015-01-15,57889,63840,67658,70204
0,1,0,2015-01-16,57934,63865,67685,70221
0,1,0,2015-01-17,57954,63877,67705,70246
0,1,0,2015-01-18,57974,63891,67718,70256
0,1,0,2015-01-19,57965,63920,67744,70281
0,1,0,2015-01-20,57981,63950,67768,70301
0,1,0,2015-01-21,57985,63970,67769,70319
0,1,0,2015-01-22,57991,63979,67783,70343
0,1,0,2015-01-23,58033,64013,67823,70384
0,1,0,2015-01-24,58045,64033,67850,70416
0,1,0,2015-01-25,58067,64032,67862,70447
0,1,0,2015-01-26,58056,64043,67876,70477
0,1,0,2015-01-27,58069,64058,67873,70497
0,1,0,2015-01-28,58085,64075,67876,70523
0,1,0,2015-01-29,58098,64095,67900,70551
0,1,0,2015-01-30,58119,64103,67902,70559
0,1,0,2015-01-31,58140,64098,67917,70580
0,1,0,2015-02-01,58175,64119,67946,70622
0,1,0,2015-02-02,58174,64123,67950,70633
0,1,0,2015-02-03,58171,64135,67970,70654
0,1,0,2015-02-04,58188,64140,67989,70683
0,1,0,2015-02-05,58169,64138,67995,70705
0,1,0,2015-02-06,58181,64162,68001,70725
0,1,0,2015-02-07,58209,64182,68018,70751
0,1,0,2015-02-08,58202,64201,68034,70777
0,1,0,2015-02-09,58226,64213,68045,70784
0,1,0,2015-02-10,58244,64218,68070,70795
0,1,0,2015-02-11,58259,64231,68082,70812
0,1,0,2015-02-12,58219,64219,68071,70817
0,1,0,2015-02-13,58197,64219,68070,70821
0,1,0,2015-02-14,58180,64234,68070,70837
0,1,0,2015-02-15,58159,64240,68079,70826
0,1,0,2015-02-16,58098,64232,68075,70830
0,1,0,2015-02-17,58066,64209,68049,70816
0,1,0,2015-02-18,57985,64198,68035,70805
0,1,0,2015-02-19,57912,64186,68027,70804
0,1,0,2015-02-20,57801,64157,68010,70799
0,1,0,2015-02-21,57750,64142,67993,70801
0,1,0,2015-02-22,57694,64124,67979,70798
0,1,0,2015-02-23,57671,64118,67973,70799
0,1,0,2015-02-24,57630,64094,67946,70796
0,1,0,2015-02-25,57595,64093,67947,70803
0,1,0,2015-02-26,57584,64099,67959,70803
0,1,0,2015-02-27,57544,64105,67943,70800
0,1,0,2015-02-28,57495,64100,67932,70792
0,1,0,2015-03-01,57453,64071,67929,70788
0,1,0,2015-03-02,57455,64084,67944,70803
0,1,0,2015-03-03,57412,64077,67950,70820
0,1,0,2015-03-04,57411,64095,67958,70830
0,1,0,2015-03-05,57409,64097,67963,70843
0,1,0,2015-03-06,57411,64130,67991,70854
0,1,0,2015-03-07,57388,64146,67986,70862
0,1,0,2015-03-08,57359,64150,67992,70865
0,1,0,2015-03-09,57341,64165,67997,70869
0,1,0,2015-03-10,57354,64199,68020,70887
0,1,0,2015-03-11,57341,64211,68025,70896
0,1,0,2015-03-12,57356,64245,68034,70920
0,1,0,2015-03-13,57374,64302,68060,70961
0,1,0,2015-03-14,57413,64333,68081,70989
0,1,0,2015-03-15,57374,64333,68074,70998
0,1,0,2015-03-16,57387,64347,68075,71008
0,1,0,2015-03-17,57371,64359,68081,71030
0,1,0,2015-03-18,57391,64401,68089,71052
0,1,0,2015-03-19,57425,64435,68107,71079
0,1,0,2015-03-20,57454,64475,68124,71093
0,1,0,2015-03-21,57468,64514,68161,71114
0,1,0,2015-03-22,57467,64556,68189,71132
0,1,0,2015-03-23,57487,64572,68197,71163
0,1,0,2015-03-24,57483,64588,68222,71184
0,1,0,2015-03-25,57496,64628,68256,71211
0,1,0,2015-03-26,57496,64647,68270,71226
0,1,0,2015-03-27,57546,64681,68306,71267
0,1,0,2015-03-28,57555,64688,68324,71283
0,1,0,2015-03-29,57566,64729,68340,71318
0,1,0,2015-03-30,57549,64759,68353,71338
0,1,0,2015-03-31,57560,64796,68394,71365
0,1,0,2015-04-01,57569,64813,68414,71368
0,1,0,2015-04-02,57564,64838,68417,71376
0,1,0,2015-04-03,57584,64873,68455,71402
0,1,0,2015-04-04,57603,64891,68479,71425
0,1,0,2015-04-05,57632,64910,68503,71432
0,1,0,2015-04-06,57626,64927,68509,71446
0,1,0,2015-04-07,57614,64941,68514,71453
0,1,0,2015-04-08,57593,64950,68522,71464
0,1,0,2015-04-09,57597,64980,68539,71495
0,1,0,2015-04-10,57594,65014,68574,71515
0,1,0,2015-04-11,57607,65038,68596,71521
0,1,0,2015-04-12,57641,65051,68618,71539
0,1,0,2015-04-13,57637,65069,68624,71555
0,1,0,2015-04-14,57637,65091,68645,71580
0,1,0,2015-04-15,57670,65120,68665,71613
0,1,0,2015-04-16,57661,65147,68681,71632
0,1,0,2015-04-17,57691,65159,68687,71647
0,1,0,2015-04-18,57724,65191,68698,71669
0,1,0,2015-04-19,57720,65196,68717,71678
0,1,0,2015-04-20,57697,65207,68737,71696
0,1,0,2015-04-21,57721,65240,68772,71718
0,1,0,2015-04-22,57719,65255,68795,71738
0,1,0,2015-04-23,57715,65288,68829,71764
0,1,0,2015-04-24,57727,65312,68855,71790
0,1,0,2015-04-25,57719,65337,68867,71813
0,1,0,2015-04-26,57690,65315,68884,71823
0,1,0,2015-04-27,57686,65337,68913,71842
0,1,0,2015-04-28,57707,65368,68939,71852
0,1,0,2015-04-29,57708,65401,68951,71872
0,1,0,2015-04-30,57726,65428,68970,71890
0,1,0,2015-05-01,57715,65462,68983,71917
0,1,0,2015-05-02,57721,65496,69002,71943
0,1,0,2015-05-03,57689,65494,69009,71954
0,1,0,2015-05-04,57692,65509,69035,71979
0,1,0,2015-05-05,57668,65538,69048,72000
0,1,0,2015-05-06,57650,65535,69062,72014
0,1,0,2015-05-07,57660,65563,69096,72037
0,1,0,2015-05-08,57670,65599,69117,72058
0,1,0,2015-05-09,57700,65609,69138,72073
0,1,0,2015-05-10,57754,65645,69159,72098
0,1,0,2015-05-11,57755,65647,69165,72112
0,1,0,2015-05-12,57767,65664,69180,72131
0,1,0,2015-05-13,57794,65669,69192,72138
0,1,0,2015-05-14,57843,65691,69223,72163
0,1,0,2015-05-15,57893,65718,69260,72179
0,1,0,2015-05-16,57966,65714,69283,72197
0,1,0,2015-05-17,58024,65717,69301,72208
0,1,0,2015-05-18,58089,65734,69327,72225
0,1,0,2015-05-19,58184,65762,69361,72245
0,1,0,2015-05-20,58242,65764,69383,72261
0,1,0,2015-05-21,58309,65743,69391,72274
0,1,0,2015-05-22,58375,65763,69413,72281
0,1,0,2015-05-23,58443,65779,69441,72296
0,1,0,2015-05-24,58494,65795,69473,72312
0,1,0,2015-05-25,58523,65789,69477,72299
0,1,0,2015-05-26,58552,65799,69498,72309
0,1,0,2015-05-27,58584,65805,69509,72326
0,1,0,2015-05-28,58675,65830,69552,72343
0,1,0,2015-05-29,58750,65851,69587,72374
0,1,0,2015-05-30,58785,65874,69598,72394
0,1,0,2015-05-31,58825,65886,69612,72409
0,1,0,2015-06-01,58863,65889,69624,72415
0,1,0,2015-06-02,58855,65898,69645,72421
0,1,0,2015-06-03,58882,65908,69657,72429
0,1,0,2015-06-04,58902,65901,69669,72438
0,1,0,2015-06-05,58918,65907,69705,72455
0,1,0,2015-06-06,58938,65914,69727,72473
0,1,0,2015-06-07,58974,65924,69755,72486
0,1,0,2015-06-08,58998,65920,69774,72490
0,1,0,2015-06-09,58998,65909,69779,72489
0,1,0,2015-06-10,59025,65919,69799,72495
0,1,0,2015-06-11,59038,65943,69842,72517
0,1,0,2015-06-12,59049,65968,69865,72529
0,1,0,2015-06-13,59060,65972,69876,72544
0,1,0,2015-06-14,59062,65982,69893,72547
0,1,0,2015-06-15,59081,65999,69901,72549
0,1,0,2015-06-16,59055,65996,69923,72554
0,1,0,2015-06-17,59047,66009,69938,72557
0,1,0,2015-06-18,59031,66010,69963,72568
0,1,0,2015-06-19,59039,66016,69991,72593
0,1,0,2015-06-20,59023,66009,70027,72621
0,1,0,2015-06-21,59009,66008,70031,72613
0,1,0,2015-06-22,59024,66017,70047,72640
0,1,0,2015-06-23,59023,65997,70054,72647
0,1,0,2015-06-24,59006,65976,70052,72645
0,1,0,2015-06-25,59003,65975,70070,72665
0,1,0,2015-06-26,58980,65963,70060,72671
0,1,0,2015-06-27,58987,65955,70083,72683
0,1,0,2015-06-28,58968,65909,70088,72679
0,1,0,2015-06-29,58981,65896,70108,72707
0,1,0,2015-06-30,59000,65912,70125,72733
0,1,0,2015-07-01,59022,65927,70143,72751
0,1,0,2015-07-02,59008,65935,70159,72775
0,1,0,2015-07-03,59020,65943,70167,72792
0,1,0,2015-07-04,59044,65969,70194,72816
0,1,0,2015-07-05,59082,65991,70222,72840
0,1,0,2015-07-06,59094,65992,70227,72841
0,1,0,2015-07-07,59106,65986,70243,72851
0,1,0,2015-07-08,59103,65983,70257,72861
0,1,0,2015-07-09,59112,65970,70279,72881
0,1,0,2015-07-10,59072,65952,70281,72884
0,1,0,2015-07-11,59042,65933,70265,72880
0,1,0,2015-07-12,59061,65911,70282,72874
0,1,0,2015-07-13,59065,65914,70300,72891
0,1,0,2015-07-14,59077,65941,70327,72903
0,1,0,2015-07-15,59097,65928,70349,72921
0,1,0,2015-07-16,59070,65943,70360,72932
0,1,0,2015-07-17,59045,65946,70366,72932
0,1,0,2015-07-18,59075,65958,70383,72960
0,1,0,2015-07-19,59117,65965,70396,72980
0,1,0,2015-07-20,59118,65975,70419,73003
0,1,0,2015-07-21,59111,65974,70430,73019
0,1,0,2015-07-22,59112,65978,70443,73036
0,1,0,2015-07-23,59083,65982,70462,73055
0,1,0,2015-07-24,59081,65959,70471,73053
0,1,0,2015-07-25,59085,65957,70462,73076
0,1,0,2015-07-26,59068,65971,70489,73102
0,1,0,2015-07-27,59042,65956,70497,73116
0,1,0,2015-07-28,59058,65975,70537,73145
0,1,0,2015-07-29,59016,65979,70560,73160
0,1,0,2015-07-30,59045,65994,70600,73183
0,1,0,2015-07-31,59047,65997,70627,73199
0,1,0,2015-08-01,59102,66026,70661,73226
0,1,0,2015-08-02,59115,66034,70682,73249
0,1,0,2015-08-03,59118,66026,70701,73266
0,1,0,2015-08-04,59095,66021,70703,73277
0,1,0,2015-08-05,59053,66011,70710,73294
0,1,0,2015-08-06,59038,66007,70728,73315
0,1,0,2015-08-07,59053,66020,70739,73341
0,1,0,2015-08-08,59044,66027,70750,73344
0,1,0,2015-08-09,59028,66017,70744,73343
0,1,0,2015-08-10,59025,66022,70753,73348
0,1,0,2015-08-11,59012,66035,70759,73365
0,1,0,2015-08-12,59002,66065,70784,73388
0,1,0,2015-08-13,58978,66086,70799,73407
0,1,0,2015-08-14,59012,66142,70816,73439
0,1,0,2015-08-15,59061,66202,70843,73474
0,1,0,2015-08-16,59081,66229,70856,73493
0,1,0,2015-08-17,59054,66262,70863,73506
0,1,0,2015-08-18,59043,66294,70869,73534
0,1,0,2015-08-19,59066,66322,70852,73546
0,1,0,2015-08-20,59070,66357,70876,73569
0,1,0,2015-08-21,59061,66384,70892,73585
0,1,0,2015-08-22,59078,66415,70911,73608
0,1,0,2015-08-23,59094,66435,70917,73614
0,1,0,2015-08-24,59097,66455,70921,73628
0,1,0,2015-08-25,59080,66472,70926,73638
0,1,0,2015-08-26,59060,66499,70933,73658
0,1,0,2015-08-27,59056,66531,70948,73673
0,1,0,2015-08-28,59019,66555,70970,73686
0,1,0,2015-08-29,58973,66569,70984,73710
0,1,0,2015-08-30,58967,66594,70982,73720
0,1,0,2015-08-31,59029,66618,71019,73763
0,1,0,2015-09-01,59073,66660,71052,73795
0,1,0,2015-09-02,59109,66689,71073,73818
0,1,0,2015-09-03,59124,66703,71084,73854
0,1,0,2015-09-04,59151,66730,71101,73885
0,1,0,2015-09-05,59174,66739,71099,73907
0,1,0,2015-09-06,59213,66777,71128,73952
0,1,0,2015-09-07,59238,66777,71127,73970
0,1,0,2015-09-08,59273,66802,71135,73993
0,1,0,2015-09-09,59303,66803,71149,74019
0,1,0,2015-09-10,59332,66819,71170,74043
0,1,0,2015-09-11,59351,66817,71175,74056
0,1,0,2015-09-12,59329,66823,71186,74071
0,1,0,2015-09-13,59344,66836,71201,74086
0,1,0,2015-09-14,59375,66827,71201,74109
0,1,0,2015-09-15,59411,66828,71223,74133
0,1,0,2015-09-16,59588,66859,71253,74179
0,1,0,2015-09-17,59603,66862,71252,74202
0,1,0,2015-09-18,59628,66855,71242,74216
0,1,0,2015-09-19,59622,66841,71245,74225
0,1,0,2015-09-20,59603,66830,71235,74217
0,1,0,2015-09-21,59612,66825,71218,74228
0,1,0,2015-09-22,59596,66810,71216,74238
0,1,0,2015-09-23,59580,66803,71209,74246
0,1,0,2015-09-24,59675,66815,71213,74253
0,1,0,2015-09-25,59638,66794,71185,74255
0,1,0,2015-09-26,59635,66799,71149,74262
0,1,0,2015-09-27,59616,66815,71125,74272
0,1,0,2015-09-28,59598,66799,71108,74265
0,1,0,2015-09-29,59576,66778,71098,74267
0,1,0,2015-09-30,59552,66763,71075,74263
0,1,0,2015-10-01,59424,66707,71031,74233
0,1,0,2015-10-02,59477,66737,71059,74268
0,1,0,2015-10-03,59453,66748,71043,74277
0,1,0,2015-10-04,59440,66735,71029,74273
0,1,0,2015-10-05,59408,66726,71015,74283
0,1,0,2015-10-06,59269,66712,71005,74281
0,1,0,2015-10-07,59055,66680,70964,74275
0,1,0,2015-10-08,59042,66654,70953,74274
0,1,0,2015-10-09,59078,66660,70949,74268
0,1,0,2015-10-10,59090,66681,70935,74286
0,1,0,2015-10-11,59052,66680,70926,74297
0,1,0,2015-10-12,58989,66667,70918,74304
0,1,0,2015-10-13,58918,66649,70896,74314
0,1,0,2015-10-14,58870,66602,70890,74308
0,1,0,2015-10-15,58835,66588,70889,74310
0,1,0,2015-10-16,58784,66579,70878,74316
0,1,0,2015-10-17,58758,66567,70853,74302
0,1,0,2015-10-18,58690,66545,70837,74299
0,1,0,2015-10-19,58624,66515,70808,74287
0,1,0,2015-10-20,58561,66494,70790,74288
0,1,0,2015-10-21,58514,66484,70788,74299
0,1,0,2015-10-22,58459,66485,70762,74303
0,1,0,2015-10-23,58445,66480,70743,74284
0,1,0,2015-10-24,58435,66453,70726,74284
0,1,0,2015-10-25,58415,66417,70706,74279
0,1,0,2015-10-26,58370,66401,70696,74283
0,1,0,2015-10-27,58335,66376,70692,74292
0,1,0,2015-10-28,58281,66347,70670,74296
0,1,0,2015-10-29,58218,66323,70640,74294
0,1,0,2015-10-30,58170,66328,70639,74311
0,1,0,2015-10-31,58148,66316,70649,74321
0,1,0,2015-11-01,58116,66305,70628,74324
0,1,0,2015-11-02,58078,66281,70606,74309
0,1,0,2015-11-03,58079,66280,70607,74317
0,1,0,2015-11-04,58062,66277,70592,74323
0,1,0,2015-11-05,58097,66295,70617,74343
0,1,0,2015-11-06,58139,66309,70628,74350
0,1,0,2015-11-07,58158,66318,70648,74373
0,1,0,2015-11-08,58182,66321,70653,74388
0,1,0,2015-11-09,58205,66321,70661,74391
0,1,0,2015-11-10,58193,66326,70677,74407
0,1,0,2015-11-11,58191,66314,70684,74420
0,1,0,2015-11-12,58162,66317,70720,74429
0,1,0,2015-11-13,58164,66340,70755,74454
0,1,0,2015-11-14,58133,66330,70768,74454
0,1,0,2015-11-15,58135,66320,70787,74457
0,1,0,2015-11-16,58110,66305,70806,74461
0,1,0,2015-11-17,58078,66325,70840,74465
0,1,0,2015-11-18,57999,66311,70852,74477
0,1,0,2015-11-19,57986,66300,70868,74491
0,1,0,2015-11-20,57971,66288,70876,74492
0,1,0,2015-11-21,57948,66291,70878,74488
0,1,0,2015-11-22,57917,66290,70886,74486
0,1,0,2015-11-23,57867,66284,70896,74496
0,1,0,2015-11-24,57786,66257,70900,74485
0,1,0,2015-11-25,57720,66236,70906,74479
0,1,0,2015-11-26,57658,66233,70912,74490
0,1,0,2015-11-27,57637,66242,70919,74503
0,1,0,2015-11-28,57628,66271,70945,74512
0,1,0,2015-11-29,57601,66277,70939,74525
0,1,0,2015-11-30,57555,66271,70945,74529
0,1,0,2015-12-01,57486,66269,70948,74530
0,1,0,2015-12-02,57436,66256,70936,74517
0,1,0,2015-12-03,57385,66251,70936,74516
0,1,0,2015-12-04,57345,66266,70948,74517
0,1,0,2015-12-05,57275,66260,70950,74511
0,1,0,2015-12-06,57232,66275,70955,74515
0,1,0,2015-12-07,57189,66273,70963,74521
0,1,0,2015-12-08,57119,66299,70976,74546
0,1,0,2015-12-09,56983,66297,70980,74549
0,1,0,2015-12-10,56866,66309,70984,74554
0,1,0,2015-12-11,56791,66291,70989,74559
0,1,0,2015-12-12,56655,66299,70991,74565
0,1,0,2015-12-13,56553,66308,70980,74565
0,1,0,2015-12-14,56389,66320,70979,74578
0,1,0,2015-12-15,56186,66342,70978,74576
0,1,0,2015-12-16,56115,66343,70974,74560
0,1,0,2015-12-17,56075,66361,70969,74553
0,1,0,2015-12-18,56094,66374,70963,74555
0,1,0,2015-12-19,56119,66383,70985,74577
0,1,0,2015-12-20,56126,66396,70992,74562
0,1,0,2015-12-21,56132,66400,70994,74563
0,1,0,2015-12-22,56106,66401,70989,74553
0,1,0,2015-12-23,55969,66404,70978,74536
0,1,0,2015-12-24,55964,66413,70989,74527
0,1,0,2015-12-25,55962,66423,70994,74495
0,1,0,2015-12-26,55952,66418,70989,74466
0,1,0,2015-12-27,55927,66422,70979,74455
0,1,0,2015-12-28,55945,66428,70981,74457
0,1,0,2015-12-29,55878,66400,70974,74441
0,1,0,2015-12-30,56016,66404,70981,74441
0,1,0,2015-12-31,56025,66405,70989,74443
0,1,0,2016-01-01,56015,66407,71000,74442
0,1,0,2016-01-02,56042,66412,71015,74443
0,1,0,2016-01-03,56108,66437,71037,74454
0,1,0,2016-01-04,56141,66396,71048,74457
0,1,0,2016-01-05,56149,66310,71047,74438
0,1,0,2016-01-06,56157,66330,71054,74447
0,1,0,2016-01-07,56169,66370,71071,74452
0,1,0,2016-01-08,56146,66379,71083,74441
0,1,0,2016-01-09,56141,66378,71095,74434
0,1,0,2016-01-10,56090,66344,71087,74428
0,1,0,2016-01-11,56108,66340,71104,74428
0,1,0,2016-01-12,56124,66339,71092,74444
0,1,0,2016-01-13,56142,66341,71098,74449
0,1,0,2016-01-14,56178,66351,71117,74475
0,1,0,2016-01-15,56180,66350,71130,74477
0,1,0,2016-01-16,56213,66349,71147,74485
0,1,0,2016-01-17,56184,66319,71133,74463
0,1,0,2016-01-18,56205,66309,71136,74464
0,1,0,2016-01-19,56177,66282,71125,74458
0,1,0,2016-01-20,56153,66254,71127,74435
0,1,0,2016-01-21,56317,66303,71151,74450
0,1,0,2016-01-22,56640,66366,71187,74471
0,1,0,2016-01-23,56833,66413,71205,74490
0,1,0,2016-01-24,56964,66441,71232,74511
0,1,0,2016-01-25,57182,66530,71272,74554
0,1,0,2016-01-26,57359,66562,71301,74578
0,1,0,2016-01-27,57546,66614,71342,74604
0,1,0,2016-01-28,57702,66638,71370,74623
0,1,0,2016-01-29,57837,66684,71403,74660
0,1,0,2016-01-30,57949,66716,71432,74671
0,1,0,2016-01-31,58024,66723,71448,74693
0,1,0,2016-02-01,58078,66732,71446,74693
0,1,0,2016-02-02,58122,66725,71459,74698
0,1,0,2016-02-03,58160,66744,71481,74716
0,1,0,2016-02-04,58164,66769,71502,74736
0,1,0,2016-02-05,58140,66762,71497,74745
0,1,0,2016-02-06,58123,66765,71492,74748
0,1,0,2016-02-07,58052,66754,71476,74743
0,1,0,2016-02-08,57990,66728,71457,74749
0,1,0,2016-02-09,57921,66710,71437,74746
0,1,0,2016-02-10,57896,66690,71436,74772
0,1,0,2016-02-11,57861,66675,71444,74785
0,1,0,2016-02-12,57820,66650,71436,74791
0,1,0,2016-02-13,57821,66646,71431,74812
0,1,0,2016-02-14,57807,66629,71426,74827
0,1,0,2016-02-15,57850,66619,71441,74853
0,1,0,2016-02-16,57917,66614,71445,74881
0,1,0,2016-02-17,58005,66637,71455,74897
0,1,0,2016-02-18,58070,66654,71464,74917
0,1,0,2016-02-19,58180,66691,71508,74959
0,1,0,2016-02-20,58273,66711,71546,74996
0,1,0,2016-02-21,58364,66706,71560,75013
0,1,0,2016-02-22,58418,66678,71549,75024
0,1,0,2016-02-23,58558,66709,71578,75070
0,1,0,2016-02-24,58705,66757,71622,75112
0,1,0,2016-02-25,58841,66811,71680,75155
0,1,0,2016-02-26,58991,66884,71747,75207
0,1,0,2016-02-27,59160,66950,71803,75239
0,1,0,2016-02-28,59267,66986,71846,75286
0,1,0,2016-02-29,59382,67018,71878,75321
0,1,0,2016-03-01,59559,67085,71931,75372
0,1,0,2016-03-02,59711,67160,71987,75412
0,1,0,2016-03-03,59882,67249,72064,75486
0,1,0,2016-03-04,60063,67334,72131,75547
0,1,0,2016-03-05,60224,67386,72181,75576
0,1,0,2016-03-06,60377,67458,72247,75642
0,1,0,2016-03-07,60512,67484,72299,75673
0,1,0,2016-03-08,60620,67498,72335,75712
0,1,0,2016-03-09,60725,67515,72376,75734
0,1,0,2016-03-10,60853,67589,72441,75790
0,1,0,2016-03-11,60990,67652,72511,75855
0,1,0,2016-03-12,61122,67694,72560,75873
0,1,0,2016-03-13,61217,67723,72608,75917
0,1,0,2016-03-14,61328,67751,72675,75969
0,1,0,2016-03-15,61470,67819,72729,76012
0,1,0,2016-03-16,61577,67890,72796,76063
0,1,0,2016-03-17,61715,67988,72872,76110
0,1,0,2016-03-18,61841,68077,72930,76162
0,1,0,2016-03-19,61964,68164,72996,76219
0,1,0,2016-03-20,62113,68278,73075,76281
0,1,0,2016-03-21,62204,68344,73137,76324
0,1,0,2016-03-22,62343,68441,73225,76378
0,1,0,2016-03-23,62429,68501,73268,76425
0,1,0,2016-03-24,62504,68579,73330,76470
0,1,0,2016-03-25,62591,68651,73373,76518
0,1,0,2016-03-26,62706,68732,73438,76566
0,1,0,2016-03-27,62773,68812,73500,76617
0,1,0,2016-03-28,62856,68869,73526,76657
0,1,0,2016-03-29,62976,69016,73594,76714
0,1,0,2016-03-30,63073,69097,73655,76769
0,1,0,2016-03-31,63194,69194,73716,76829
0,1,0,2016-04-01,63306,69288,73766,76892
0,1,0,2016-04-02,63401,69357,73796,76936
0,1,0,2016-04-03,63482,69418,73810,76968
0,1,0,2016-04-04,63556,69496,73790,77004
0,1,0,2016-04-05,63649,69565,73848,77042
0,1,0,2016-04-06,63733,69637,73909,77090
0,1,0,2016-04-07,63844,69701,73963,77138
0,1,0,2016-04-08,63945,69786,74006,77183
0,1,0,2016-04-09,64047,69839,74040,77222
0,1,0,2016-04-10,64148,69928,74099,77271
0,1,0,2016-04-11,64246,70009,74141,77302
0,1,0,2016-04-12,64338,70085,74191,77355
0,1,0,2016-04-13,64393,70147,74217,77378
0,1,0,2016-04-14,64489,70218,74267,77424
0,1,0,2016-04-15,64540,70256,74282,77453
0,1,0,2016-04-16,64614,70314,74327,77491
0,1,0,2016-04-17,64689,70382,74357,77522
0,1,0,2016-04-18,64769,70420,74384,77550
0,1,0,2016-04-19,64847,70486,74430,77602
0,1,0,2016-04-20,64915,70569,74486,77652
0,1,0,2016-04-21,65005,70638,74528,77682
0,1,0,2016-04-22,65071,70706,74576,77709
0,1,0,2016-04-23,65156,70760,74613,77756
0,1,0,2016-04-24,65181,70801,74647,77779
0,1,0,2016-04-25,65214,70854,74700,77836
0,1,0,2016-04-26,65262,70926,74749,77876
0,1,0,2016-04-27,65318,70985,74796,77918
0,1,0,2016-04-28,65389,71071,74877,77976
0,1,0,2016-04-29,65455,71148,74932,78013
0,1,0,2016-04-30,65510,71206,74970,78041
0,1,0,2016-05-01,65557,71258,75007,78062
0,1,0,2016-05-02,65598,71291,75026,78091
0,1,0,2016-05-03,65665,71342,75054,78123
0,1,0,2016-05-04,65737,71383,75094,78160
0,1,0,2016-05-05,65828,71435,75133,78193
0,1,0,2016-05-06,65937,71500,75188,78235
0,1,0,2016-05-07,66037,71566,75242,78280
0,1,0,2016-05-08,66132,71609,75275,78305
0,1,0,2016-05-09,66212,71657,75310,78345
0,1,0,2016-05-10,66287,71692,75332,78376
0,1,0,2016-05-11,66346,71739,75363,78415
0,1,0,2016-05-12,66396,71759,75367,78425
0,1,0,2016-05-13,66462,71803,75419,78463
0,1,0,2016-05-14,66550,71862,75465,78503
0,1,0,2016-05-15,66576,71896,75478,78529
0,1,0,2016-05-16,66631,71951,75521,78572
0,1,0,2016-05-17,66728,72023,75587,78622
0,1,0,2016-05-18,66785,72074,75611,78652
0,1,0,2016-05-19,66841,72141,75658,78700
0,1,0,2016-05-20,66863,72186,75682,78731
0,1,0,2016-05-21,66892,72223,75704,78760
0,1,0,2016-05-22,66937,72276,75731,78786
0,1,0,2016-05-23,66985,72338,75776,78826
0,1,0,2016-05-24,67019,72388,75815,78860
0,1,0,2016-05-25,67108,72471,75878,78932
0,1,0,2016-05-26,67156,72532,75915,78979
0,1,0,2016-05-27,67209,72592,75952,79017
0,1,0,2016-05-28,67244,72630,75985,79050
0,1,0,2016-05-29,67258,72673,76003,79073
0,1,0,2016-05-30,67295,72721,76038,79085
0,1,0,2016-05-31,67307,72769,76061,79112
0,1,0,2016-06-01,67317,72794,76081,79135
0,1,0,2016-06-02,67360,72861,76120,79164
0,1,0,2016-06-03,67398,72918,76156,79197
0,1,0,2016-06-04,67453,72967,76204,79242
0,1,0,2016-06-05,67497,73009,76232,79287
0,1,0,2016-06-06,67529,73051,76263,79317
0,1,0,2016-06-07,67549,73082,76272,79334
0,1,0,2016-06-08,67606,73115,76306,79358
0,1,0,2016-06-09,67633,73150,76325,79384
0,1,0,2016-06-10,67622,73188,76334,79403
0,1,0,2016-06-11,67645,73216,76346,79419
0,1,0,2016-06-12,67656,73248,76360,79455
0,1,0,2016-06-13,67658,73284,76379,79486
0,1,0,2016-06-14,67674,73322,76419,79527
0,1,0,2016-06-15,67657,73340,76452,79554
0,1,0,2016-06-16,67675,73387,76497,79584
0,1,0,2016-06-17,67694,73415,76538,79615
0,1,0,2016-06-18,67687,73433,76574,79632
0,1,0,2016-06-19,67700,73469,76605,79667
0,1,0,2016-06-20,67693,73485,76627,79689
0,1,0,2016-06-21,67730,73559,76697,79753
0,1,0,2016-06-22,67756,73591,76732,79787
0,1,0,2016-06-23,67781,73638,76787,79835
0,1,0,2016-06-24,67783,73672,76829,79879
0,1,0,2016-06-25,67799,73691,76858,79906
0,1,0,2016-06-26,67791,73701,76869,79914
0,1,0,2016-06-27,67786,73737,76938,79954
0,1,0,2016-06-28,67807,73767,76978,79993
0,1,0,2016-06-29,67828,73799,77010,80016
0,1,0,2016-06-30,67823,73821,77049,80040
0,1,0,2016-07-01,67874,73867,77098,80072
0,1,0,2016-07-02,67911,73900,77135,80080
0,1,0,2016-07-03,67887,73924,77156,80050
0,1,0,2016-07-04,67881,73970,77185,80074
0,1,0,2016-07-05,67863,73984,77200,80094
0,1,0,2016-07-06,67854,74006,77215,80111
0,1,0,2016-07-07,67846,74022,77240,80122
0,1,0,2016-07-08,67838,74042,77253,80126
0,1,0,2016-07-09,67811,74051,77289,80142
0,1,0,2016-07-10,67797,74074,77322,80166
0,1,0,2016-07-11,67796,74098,77348,80183
0,1,0,2016-07-12,67836,74145,77399,80214
0,1,0,2016-07-13,67858,74196,77445,80244
0,1,0,2016-07-14,67870,74227,77482,80270
0,1,0,2016-07-15,67895,74268,77522,80290
0,1,0,2016-07-16,67890,74307,77569,80311
0,1,0,2016-07-17,67914,74357,77598,80332
0,1,0,2016-07-18,67935,74396,77642,80372
0,1,0,2016-07-19,67953,74419,77685,80406
0,1,0,2016-07-20,67968,74461,77738,80452
0,1,0,2016-07-21,68005,74504,77797,80502
0,1,0,2016-07-22,68035,74559,77836,80525
0,1,0,2016-07-23,68071,74601,77885,80571
0,1,0,2016-07-24,68064,74608,77913,80594
0,1,0,2016-07-25,68086,74608,77942,80610
0,1,0,2016-07-26,68084,74610,77969,80624
0,1,0,2016-07-27,68051,74624,77999,80653
0,1,0,2016-07-28,68050,74650,78041,80677
0,1,0,2016-07-29,68047,74681,78075,80708
0,1,0,2016-07-30,68023,74712,78111,80734
0,1,0,2016-07-31,68071,74750,78140,80759
0,1,0,2016-08-01,68093,74784,78189,80793
0,1,0,2016-08-02,68084,74822,78215,80829
0,1,0,2016-08-03,68119,74861,78240,80860
0,1,0,2016-08-04,68148,74908,78270,80892
0,1,0,2016-08-05,68166,74956,78298,80923
0,1,0,2016-08-06,68167,75011,78331,80946
0,1,0,2016-08-07,68195,75049,78361,80973
0,1,0,2016-08-08,68181,75093,78401,80998
0,1,0,2016-08-09,68199,75119,78425,81021
0,1,0,2016-08-10,68219,75157,78453,81046
0,1,0,2016-08-11,68236,75187,78478,81085
0,1,0,2016-08-12,68252,75246,78528,81117
0,1,0,2016-08-13,68260,75277,78561,81138
0,1,0,2016-08-14,68242,75297,78587,81156
0,1,0,2016-08-15,68275,75333,78623,81197
0,1,0,2016-08-16,68287,75363,78650,81221
0,1,0,2016-08-17,68320,75404,78701,81261
0,1,0,2016-08-18,68328,75430,78739,81282
0,1,0,2016-08-19,68359,75463,78779,81307
0,1,0,2016-08-20,68382,75494,78821,81327
0,1,0,2016-08-21,68393,75520,78854,81348
0,1,0,2016-08-22,68416,75525,78874,81365
0,1,0,2016-08-23,68436,75556,78912,81392
0,1,0,2016-08-24,68445,75557,78934,81407
0,1,0,2016-08-25,68457,75584,78968,81433
0,1,0,2016-08-26,68479,75601,78990,81455
0,1,0,2016-08-27,68489,75620,79030,81473
0,1,0,2016-08-28,68436,75634,79057,81490
0,1,0,2016-08-29,68368,75649,79091,81508
0,1,0,2016-08-30,68401,75661,79125,81546
0,1,0,2016-08-31,68383,75677,79157,81574
0,1,0,2016-09-01,68394,75691,79188,81591
0,1,0,2016-09-02,68426,75719,79220,81630
0,1,0,2016-09-03,68459,75744,79249,81657
0,1,0,2016-09-04,68455,75752,79272,81672
0,1,0,2016-09-05,68455,75771,79309,81693
0,1,0,2016-09-06,68499,75802,79330,81725
0,1,0,2016-09-07,68535,75841,79375,81759
0,1,0,2016-09-08,68607,75859,79421,81800
0,1,0,2016-09-09,68633,75875,79449,81820
0,1,0,2016-09-10,68658,75910,79488,81843
0,1,0,2016-09-11,68690,75915,79503,81850
0,1,0,2016-09-12,68728,75934,79535,81880
0,1,0,2016-09-13,68758,75925,79552,81904
0,1,0,2016-09-14,68766,75944,79588,81937
0,1,0,2016-09-15,68781,75966,79604,81962
0,1,0,2016-09-16,68820,75980,79633,81999
0,1,0,2016-09-17,68787,75987,79658,82018
0,1,0,2016-09-18,68824,75982,79674,82034
0,1,0,2016-09-19,68954,76009,79705,82062
0,1,0,2016-09-20,69008,76048,79746,82112
0,1,0,2016-09-21,69036,76077,79780,82155
0,1,0,2016-09-22,69057,76099,79804,82188
0,1,0,2016-09-23,69102,76132,79819,82221
0,1,0,2016-09-24,69156,76166,79852,82249
0,1,0,2016-09-25,69179,76188,79887,82310
0,1,0,2016-09-26,69241,76226,79915,82346
0,1,0,2016-09-27,69304,76241,79937,82376
0,1,0,2016-09-28,69339,76243,79950,82405
0,1,0,2016-09-29,69351,76251,79967,82429
0,1,0,2016-09-30,69437,76309,80015,82479
0,1,0,2016-10-01,69481,76328,80058,82519
0,1,0,2016-10-02,69486,76336,80096,82541
0,1,0,2016-10-03,69526,76343,80110,82568
0,1,0,2016-10-04,69544,76364,80147,82587
0,1,0,2016-10-05,69606,76387,80176,82621
0,1,0,2016-10-06,69640,76400,80205,82647
0,1,0,2016-10-07,69690,76406,80218,82678
0,1,0,2016-10-08,69742,76420,80253,82725
0,1,0,2016-10-09,69755,76435,80279,82749
0,1,0,2016-10-10,69776,76439,80292,82774
0,1,0,2016-10-11,69781,76466,80322,82802
0,1,0,2016-10-12,69823,76487,80353,82838
0,1,0,2016-10-13,69847,76509,80385,82875
0,1,0,2016-10-14,69854,76502,80395,82890
0,1,0,2016-10-15,69842,76501,80417,82896
0,1,0,2016-10-16,69852,76498,80430,82903
0,1,0,2016-10-17,69872,76514,80444,82933
0,1,0,2016-10-18,69923,76531,80466,82969
0,1,0,2016-10-19,69938,76560,80495,83002
0,1,0,2016-10-20,69988,76594,80541,83042
0,1,0,2016-10-21,70029,76611,80558,83061
0,1,0,2016-10-22,70057,76643,80581,83096
0,1,0,2016-10-23,70083,76667,80594,83127
0,1,0,2016-10-24,70112,76700,80620,83172
0,1,0,2016-10-25,70144,76695,80647,83205
0,1,0,2016-10-26,70145,76720,80681,83244
0,1,0,2016-10-27,70160,76713,80695,83261
0,1,0,2016-10-28,70183,76720,80728,83294
0,1,0,2016-10-29,70194,76739,80740,83315
0,1,0,2016-10-30,70218,76745,80761,83350
0,1,0,2016-10-31,70240,76749,80790,83368
0,1,0,2016-11-01,70292,76768,80814,83380
0,1,0,2016-11-02,70339,76792,80841,83403
0,1,0,2016-11-03,70369,76824,80885,83437
0,1,0,2016-11-04,70412,76855,80941,83472
0,1,0,2016-11-05,70466,76898,80985,83511
0,1,0,2016-11-06,70496,76905,81019,83548
0,1,0,2016-11-07,70542,76929,81054,83589
0,1,0,2016-11-08,70560,76945,81081,83611
0,1,0,2016-11-09,70576,76946,81097,83616
0,1,0,2016-11-10,70598,76957,81138,83655
0,1,0,2016-11-11,70657,76989,81170,83685
0,1,0,2016-11-12,70724,77015,81193,83716
0,1,0,2016-11-13,70750,77029,81216,83739
0,1,0,2016-11-14,70801,77062,81254,83779
0,1,0,2016-11-15,70822,77086,81270,83801
0,1,0,2016-11-16,70858,77100,81302,83838
0,1,0,2016-11-17,70907,77125,81331,83872
0,1,0,2016-11-18,70956,77152,81359,83916
0,1,0,2016-11-19,70979,77166,81387,83949
0,1,0,2016-11-20,70993,77180,81396,83973
0,1,0,2016-11-21,71015,77200,81416,84005
0,1,0,2016-11-22,70996,77211,81421,84022
0,1,0,2016-11-23,71010,77221,81435,84043
0,1,0,2016-11-24,71054,77244,81457,84061
0,1,0,2016-11-25,71108,77280,81479,84091
0,1,0,2016-11-26,71137,77276,81498,84111
0,1,0,2016-11-27,71185,77311,81522,84153
0,1,0,2016-11-28,71238,77336,81534,84179
0,1,0,2016-11-29,71236,77311,81539,84192
0,1,0,2016-11-30,71282,77328,81566,84228
0,1,0,2016-12-01,71291,77350,81580,84245
0,1,0,2016-12-02,71317,77373,81588,84259
0,1,0,2016-12-03,71351,77381,81593,84273
0,1,0,2016-12-04,71382,77393,81606,84298
0,1,0,2016-12-05,71409,77409,81630,84319
0,1,0,2016-12-06,71438,77425,81645,84345
0,1,0,2016-12-07,71468,77435,81645,84371
0,1,0,2016-12-08,71506,77482,81667,84409
0,1,0,2016-12-09,71562,77504,81688,84446
0,1,0,2016-12-10,71597,77547,81729,84487
0,1,0,2016-12-11,71608,77560,81721,84494
0,1,0,2016-12-12,71642,77601,81735,84521
0,1,0,2016-12-13,71657,77611,81748,84548
0,1,0,2016-12-14,71691,77623,81758,84556
0,1,0,2016-12-15,71723,77629,81759,84565
0,1,0,2016-12-16,71737,77633,81771,84582
0,1,0,2016-12-17,71767,77658,81788,84609
0,1,0,2016-12-18,71795,77665,81789,84623
0,1,0,2016-12-19,71800,77689,81801,84638
0,1,0,2016-12-20,71825,77692,81811,84651
0,1,0,2016-12-21,71841,77708,81825,84673
0,1,0,2016-12-22,71819,77727,81833,84670
0,1,0,2016-12-23,71818,77739,81830,84676
0,1,0,2016-12-24,71833,77744,81834,84684
0,1,0,2016-12-25,71834,77765,81849,84692
0,1,0,2016-12-26,71834,77784,81852,84699
0,1,0,2016-12-27,71825,77785,81844,84701
0,1,0,2016-12-28,71834,77782,81840,84704
0,1,0,2016-12-29,71828,77804,81847,84717
0,1,0,2016-12-30,71837,77828,81864,84751
0,1,0,2016-12-31,71857,77834,81873,84793
0,1,0,2017-01-01,71941,77920,81935,84867
0,1,0,2017-01-02,72002,77977,81991,84932
0,1,0,2017-01-03,72091,78074,82070,85002
0,1,0,2017-01-04,72179,78154,82145,85077
0,1,0,2017-01-05,72240,78224,82199,85139
0,1,0,2017-01-06,72296,78275,82227,85182
0,1,0,2017-01-07,72337,78303,82260,85210
0,1,0,2017-01-08,72352,78329,82286,85239
0,1,0,2017-01-09,72385,78373,82331,85284
0,1,0,2017-01-10,72443,78423,82364,85326
0,1,0,2017-01-11,72505,78477,82410,85384
0,1,0,2017-01-12,72554,78535,82459,85445
0,1,0,2017-01-13,72602,78575,82495,85493
0,1,0,2017-01-14,72639,78615,82539,85541
0,1,0,2017-01-15,72672,78653,82571,85573
0,1,0,2017-01-16,72730,78715,82610,85617
0,1,0,2017-01-17,72765,78739,82630,85640
0,1,0,2017-01-18,72789,78775,82664,85684
0,1,0,2017-01-19,72800,78798,82686,85699
0,1,0,2017-01-20,72807,78819,82711,85721
0,1,0,2017-01-21,72793,78832,82726,85724
0,1,0,2017-01-22,72780,78834,82735,85732
0,1,0,2017-01-23,72767,78840,82719,85739
0,1,0,2017-01-24,72750,78818,82722,85746
0,1,0,2017-01-25,72729,78826,82718,85767
0,1,0,2017-01-26,72704,78816,82708,85773
0,1,0,2017-01-27,72637,78795,82700,85767
0,1,0,2017-01-28,72588,78759,82685,85759
0,1,0,2017-01-29,72598,78772,82699,85779
0,1,0,2017-01-30,72555,78782,82695,85780
0,1,0,2017-01-31,72502,78783,82693,85787
0,1,0,2017-02-01,72459,78764,82695,85791
0,1,0,2017-02-02,72403,78750,82688,85806
0,1,0,2017-02-03,72345,78743,82678,85809
0,1,0,2017-02-04,72329,78753,82672,85833
0,1,0,2017-02-05,72278,78749,82661,85828
0,1,0,2017-02-06,72253,78752,82674,85843
0,1,0,2017-02-07,72255,78755,82679,85859
0,1,0,2017-02-08,72215,78740,82664,85874
0,1,0,2017-02-09,72219,78762,82679,85884
0,1,0,2017-02-10,72202,78784,82683,85891
0,1,0,2017-02-11,72208,78817,82703,85919
0,1,0,2017-02-12,72224,78870,82735,85949
0,1,0,2017-02-13,72232,78879,82767,85971
0,1,0,2017-02-14,72218,78899,82767,85988
0,1,0,2017-02-15,72240,78936,82787,86014
0,1,0,2017-02-16,72267,78968,82819,86043
0,1,0,2017-02-17,72319,79013,82864,86085
0,1,0,2017-02-18,72367,79049,82910,86122
0,1,0,2017-02-19,72378,79077,82932,86148
0,1,0,2017-02-20,72408,79096,82960,86176
0,1,0,2017-02-21,72430,79122,82984,86207
0,1,0,2017-02-22,72427,79146,83007,86220
0,1,0,2017-02-23,72443,79194,83045,86260
0,1,0,2017-02-24,72499,79248,83072,86297
0,1,0,2017-02-25,72558,79308,83127,86349
0,1,0,2017-02-26,72569,79357,83173,86378
0,1,0,2017-02-27,72619,79425,83211,86434
0,1,0,2017-02-28,72675,79480,83249,86480
0,1,0,2017-03-01,72680,79524,83294,86521
0,1,0,2017-03-02,72708,79568,83347,86564
0,1,0,2017-03-03,72771,79631,83403,86615
0,1,0,2017-03-04,72853,79702,83470,86675
0,1,0,2017-03-05,72905,79724,83499,86706
0,1,0,2017-03-06,72948,79777,83543,86751
0,1,0,2017-03-07,72958,79799,83564,86762
0,1,0,2017-03-08,72984,79843,83607,86795
0,1,0,2017-03-09,72994,79900,83645,86829
0,1,0,2017-03-10,73024,79945,83682,86863
0,1,0,2017-03-11,73086,79992,83742,86910
0,1,0,2017-03-12,73105,80016,83768,86929
0,1,0,2017-03-13,73102,80038,83788,86949
0,1,0,2017-03-14,73123,80114,83849,87007
0,1,0,2017-03-15,73192,80176,83913,87058
0,1,0,2017-03-16,73227,80221,83951,87106
0,1,0,2017-03-17,73285,80279,84003,87154
0,1,0,2017-03-18,73334,80343,84065,87209
0,1,0,2017-03-19,73352,80355,84097,87241
0,1,0,2017-03-20,73346,80369,84103,87260
0,1,0,2017-03-21,73376,80411,84138,87296
0,1,0,2017-03-22,73376,80412,84163,87317
0,1,0,2017-03-23,73416,80435,84188,87342
0,1,0,2017-03-24,73430,80468,84221,87373
0,1,0,2017-03-25,73442,80497,84266,87412
0,1,0,2017-03-26,73455,80528,84294,87427
0,1,0,2017-03-27,73501,80564,84332,87451
0,1,0,2017-03-28,73500,80600,84357,87487
0,1,0,2017-03-29,73506,80622,84400,87521
0,1,0,2017-03-30,73493,80643,84440,87551
0,1,0,2017-03-31,73451,80674,84457,87567
0,1,0,2017-04-01,73466,80687,84489,87579
0,1,0,2017-04-02,73482,80729,84523,87617
0,1,0,2017-04-03,73501,80766,84566,87645
0,1,0,2017-04-04,73469,80786,84587,87668
0,1,0,2017-04-05,73472,80812,84624,87689
0,1,0,2017-04-06,73468,80848,84662,87703
0,1,0,2017-04-07,73482,80853,84667,87717
0,1,0,2017-04-08,73507,80871,84684,87738
0,1,0,2017-04-09,73449,80869,84700,87763
0,1,0,2017-04-10,73463,80893,84721,87781
0,1,0,2017-04-11,73441,80911,84745,87797
0,1,0,2017-04-12,73398,80923,84754,87801
0,1,0,2017-04-13,73408,80956,84778,87819
0,1,0,2017-04-14,73407,80963,84803,87843
0,1,0,2017-04-15,73393,80965,84816,87855
0,1,0,2017-04-16,73402,80990,84848,87874
0,1,0,2017-04-17,73370,80993,84853,87880
0,1,0,2017-04-18,73344,80993,84868,87896
0,1,0,2017-04-19,73345,80997,84884,87911
0,1,0,2017-04-20,73367,81009,84900,87936
0,1,0,2017-04-21,73389,81002,84918,87950
0,1,0,2017-04-22,73438,81026,84941,87978
0,1,0,2017-04-23,73472,81030,84957,87976
0,1,0,2017-04-24,73540,81060,84966,88001
0,1,0,2017-04-25,73559,81071,84994,88005
0,1,0,2017-04-26,73593,81068,84999,88015
0,1,0,2017-04-27,73670,81073,85013,88035
0,1,0,2017-04-28,73760,81100,85036,88068
0,1,0,2017-04-29,73801,81126,85060,88092
0,1,0,2017-04-30,73855,81127,85087,88109
0,1,0,2017-05-01,73906,81143,85111,88123
0,1,0,2017-05-02,73945,81155,85126,88144
0,1,0,2017-05-03,73973,81153,85142,88157
0,1,0,2017-05-04,74028,81163,85171,88182
0,1,0,2017-05-05,74062,81179,85201,88199
0,1,0,2017-05-06,74082,81172,85213,88213
0,1,0,2017-05-07,74094,81175,85235,88233
0,1,0,2017-05-08,74090,81188,85229,88237
0,1,0,2017-05-09,74150,81194,85241,88243
0,1,0,2017-05-10,74184,81218,85268,88267
0,1,0,2017-05-11,74214,81233,85288,88277
0,1,0,2017-05-12,74217,81241,85309,88289
0,1,0,2017-05-13,74257,81257,85350,88319
0,1,0,2017-05-14,74254,81260,85349,88330
0,1,0,2017-05-15,74229,81260,85355,88327
0,1,0,2017-05-16,74239,81269,85388,88349
0,1,0,2017-05-17,74252,81279,85395,88358
0,1,0,2017-05-18,74256,81299,85405,88371
0,1,0,2017-05-19,74249,81313,85417,88391
0,1,0,2017-05-20,74254,81318,85420,88404
0,1,0,2017-05-21,74265,81335,85424,88417
0,1,0,2017-05-22,74290,81345,85439,88423
0,1,0,2017-05-23,74266,81330,85453,88436
0,1,0,2017-05-24,74272,81351,85490,88455
0,1,0,2017-05-25,74286,81383,85527,88475
0,1,0,2017-05-26,74303,81412,85560,88508
0,1,0,2017-05-27,74330,81417,85598,88544
0,1,0,2017-05-28,74331,81421,85631,88554
0,1,0,2017-05-29,74361,81449,85650,88565
0,1,0,2017-05-30,74365,81442,85674,88594
0,1,0,2017-05-31,74339,81431,85684,88606
0,1,0,2017-06-01,74344,81449,85709,88625
0,1,0,2017-06-02,74333,81460,85732,88648
0,1,0,2017-06-03,74311,81445,85720,88647
0,1,0,2017-06-04,74322,81468,85753,88671
0,1,0,2017-06-05,74308,81467,85758,88681
0,1,0,2017-06-06,74326,81495,85798,88728
0,1,0,2017-06-07,74339,81515,85841,88759
0,1,0,2017-06-08,74337,81543,85874,88798
0,1,0,2017-06-09,74342,81563,85890,88823
0,1,0,2017-06-10,74354,81562,85900,88833
0,1,0,2017-06-11,74327,81559,85904,88840
0,1,0,2017-06-12,74313,81554,85928,88860
0,1,0,2017-06-13,74302,81577,85965,88897
0,1,0,2017-06-14,74297,81577,85985,88908
0,1,0,2017-06-15,74284,81595,86016,88941
0,1,0,2017-06-16,74263,81594,86032,88963
0,1,0,2017-06-17,74220,81572,86017,88965
0,1,0,2017-06-18,74228,81568,86032,88975
0,1,0,2017-06-19,74211,81550,86037,88987
0,1,0,2017-06-20,74196,81534,86013,88996
0,1,0,2017-06-21,74155,81557,86032,89010
0,1,0,2017-06-22,74141,81539,86045,89017
0,1,0,2017-06-23,74148,81544,86062,89051
0,1,0,2017-06-24,74113,81538,86075,89064
0,1,0,2017-06-25,74071,81555,86085,89081
0,1,0,2017-06-26,74003,81524,86090,89079
0,1,0,2017-06-27,73955,81501,86094,89093
0,1,0,2017-06-28,73907,81469,86095,89105
0,1,0,2017-06-29,73889,81429,86112,89118
0,1,0,2017-06-30,73854,81426,86115,89137
0,1,0,2017-07-01,73808,81408,86111,89132
0,1,0,2017-07-02,73742,81397,86111,89144
0,1,0,2017-07-03,73674,81374,86121,89153
0,1,0,2017-07-04,73606,81351,86126,89174
0,1,0,2017-07-05,73573,81346,86148,89196
0,1,0,2017-07-06,73533,81341,86159,89206
0,1,0,2017-07-07,73464,81324,86159,89206
0,1,0,2017-07-08,73431,81297,86157,89219
0,1,0,2017-07-09,73419,81284,86157,89219
0,1,0,2017-07-10,73429,81264,86165,89237
0,1,0,2017-07-11,73396,81238,86166,89238
0,1,0,2017-07-12,73367,81243,86174,89248
0,1,0,2017-07-13,73353,81248,86180,89270
0,1,0,2017-07-14,73335,81246,86197,89298
0,1,0,2017-07-15,73341,81232,86209,89321
0,1,0,2017-07-16,73291,81210,86215,89327
0,1,0,2017-07-17,73262,81195,86208,89330
0,1,0,2017-07-18,73235,81184,86198,89334
0,1,0,2017-07-19,73185,81191,86203,89353
0,1,0,2017-07-20,73165,81218,86204,89374
0,1,0,2017-07-21,73131,81233,86216,89391
0,1,0,2017-07-22,73099,81248,86220,89396
0,1,0,2017-07-23,73059,81283,86237,89400
0,1,0,2017-07-24,72981,81296,86241,89415
0,1,0,2017-07-25,72952,81301,86240,89415
0,1,0,2017-07-26,72920,81332,86239,89418
0,1,0,2017-07-27,72879,81349,86248,89424
0,1,0,2017-07-28,72817,81367,86268,89449
0,1,0,2017-07-29,72666,81414,86280,89478
0,1,0,2017-07-30,72617,81436,86281,89488
0,1,0,2017-07-31,72595,81440,86273,89480
0,1,0,2017-08-01,72608,81455,86272,89493
0,1,0,2017-08-02,72619,81483,86270,89509
0,1,0,2017-08-03,72633,81507,86280,89526
0,1,0,2017-08-04,72670,81540,86285,89548
0,1,0,2017-08-05,72682,81559,86298,89572
0,1,0,2017-08-06,72700,81570,86327,89577
0,1,0,2017-08-07,72702,81590,86331,89580
0,1,0,2017-08-08,72690,81607,86337,89595
0,1,0,2017-08-09,72695,81627,86351,89612
0,1,0,2017-08-10,72682,81628,86358,89629
0,1,0,2017-08-11,72708,81655,86359,89651
0,1,0,2017-08-12,72712,81638,86361,89653
0,1,0,2017-08-13,72737,81626,86366,89665
0,1,0,2017-08-14,72693,81632,86358,89683
0,1,0,2017-08-15,72714,81659,86368,89700
0,1,0,2017-08-16,72834,81663,86382,89706
0,1,0,2017-08-17,72862,81659,86399,89717
0,1,0,2017-08-18,72903,81660,86426,89737
0,1,0,2017-08-19,72900,81667,86445,89741
0,1,0,2017-08-20,72928,81683,86445,89743
0,1,0,2017-08-21,72939,81682,86453,89768
0,1,0,2017-08-22,72951,81674,86463,89791
0,1,0,2017-08-23,72933,81667,86462,89796
0,1,0,2017-08-24,72951,81658,86461,89802
0,1,0,2017-08-25,72915,81648,86451,89820
0,1,0,2017-08-26,72949,81652,86450,89838
0,1,0,2017-08-27,72951,81654,86459,89846
0,1,0,2017-08-28,72968,81653,86456,89862
0,1,0,2017-08-29,72962,81639,86452,89864
0,1,0,2017-08-30,72934,81629,86452,89874
0,1,0,2017-08-31,72916,81612,86444,89877
0,1,0,2017-09-01,72914,81616,86442,89870
0,1,0,2017-09-02,72924,81613,86454,89890
0,1,0,2017-09-03,72917,81612,86450,89891
0,1,0,2017-09-04,72933,81600,86446,89900
0,1,0,2017-09-05,72931,81597,86454,89921
0,1,0,2017-09-06,72922,81570,86458,89927
0,1,0,2017-09-07,72911,81545,86458,89914
0,1,0,2017-09-08,72923,81546,86454,89914
0,1,0,2017-09-09,72921,81531,86451,89914
0,1,0,2017-09-10,72958,81522,86457,89944
0,1,0,2017-09-11,72952,81514,86464,89966
0,1,0,2017-09-12,72998,81510,86464,89985
0,1,0,2017-09-13,72989,81487,86457,89990
0,1,0,2017-09-14,72961,81454,86438,89991
0,1,0,2017-09-15,72961,81431,86420,89977
0,1,0,2017-09-16,73008,81430,86418,89988
0,1,0,2017-09-17,73071,81439,86409,90004
0,1,0,2017-09-18,73112,81428,86403,89990
0,1,0,2017-09-19,73092,81398,86422,90006
0,1,0,2017-09-20,73054,81375,86397,90006
0,1,0,2017-09-21,73062,81372,86392,90016
0,1,0,2017-09-22,73092,81379,86400,90046
0,1,0,2017-09-23,73088,81355,86413,90067
0,1,0,2017-09-24,73082,81317,86380,90068
0,1,0,2017-09-25,73075,81295,86369,90084
0,1,0,2017-09-26,73119,81282,86349,90092
0,1,0,2017-09-27,73118,81273,86311,90110
0,1,0,2017-09-28,73162,81256,86326,90122
0,1,0,2017-09-29,73188,81240,86309,90124
0,1,0,2017-09-30,73198,81222,86311,90125
0,1,0,2017-10-01,73208,81193,86281,90127
0,1,0,2017-10-02,73206,81168,86271,90133
0,1,0,2017-10-03,73177,81151,86259,90153
0,1,0,2017-10-04,73180,81132,86251,90154
0,1,0,2017-10-05,73198,81120,86240,90157
0,1,0,2017-10-06,73194,81127,86226,90162
0,1,0,2017-10-07,73192,81110,86212,90154
0,1,0,2017-10-08,73203,81118,86201,90163
0,1,0,2017-10-09,73225,81098,86177,90169
0,1,0,2017-10-10,73214,81076,86169,90166
0,1,0,2017-10-11,73228,81045,86148,90151
0,1,0,2017-10-12,73219,81033,86132,90148
0,1,0,2017-10-13,73210,81027,86109,90155
0,1,0,2017-10-14,73227,81013,86091,90157
0,1,0,2017-10-15,73201,80998,86075,90146
0,1,0,2017-10-16,73180,80971,86066,90130
0,1,0,2017-10-17,73186,80966,86076,90137
0,1,0,2017-10-18,73189,80962,86087,90131
0,1,0,2017-10-19,73188,80944,86094,90130
0,1,0,2017-10-20,73182,80912,86095,90124
0,1,0,2017-10-21,73176,80889,86109,90121
0,1,0,2017-10-22,73137,80865,86107,90117
0,1,0,2017-10-23,73151,80857,86111,90120
0,1,0,2017-10-24,73150,80859,86136,90122
0,1,0,2017-10-25,73131,80842,86151,90131
0,1,0,2017-10-26,73118,80815,86156,90129
0,1,0,2017-10-27,73130,80817,86184,90128
0,1,0,2017-10-28,73120,80816,86202,90129
0,1,0,2017-10-29,73144,80829,86221,90144
0,1,0,2017-10-30,73182,80827,86240,90145
0,1,0,2017-10-31,73171,80823,86272,90149
0,1,0,2017-11-01,73188,80819,86278,90162
0,1,0,2017-11-02,73159,80824,86293,90156
0,1,0,2017-11-03,73179,80799,86297,90157
0,1,0,2017-11-04,73159,80796,86282,90163
0,1,0,2017-11-05,73161,80803,86293,90168
0,1,0,2017-11-06,73163,80787,86291,90168
0,1,0,2017-11-07,73150,80783,86303,90177
0,1,0,2017-11-08,73139,80768,86291,90179
0,1,0,2017-11-09,73123,80752,86296,90171
0,1,0,2017-11-10,73104,80753,86290,90179
0,1,0,2017-11-11,73101,80760,86283,90179
0,1,0,2017-11-12,73094,80726,86284,90161
0,1,0,2017-11-13,73074,80720,86291,90162
0,1,0,2017-11-14,73077,80728,86282,90167
0,1,0,2017-11-15,73073,80748,86285,90180
0,1,0,2017-11-16,73113,80749,86284,90195
0,1,0,2017-11-17,73094,80755,86292,90213
0,1,0,2017-11-18,73076,80745,86311,90206
0,1,0,2017-11-19,73044,80730,86299,90197
0,1,0,2017-11-20,73038,80718,86286,90194
0,1,0,2017-11-21,73059,80708,86290,90203
0,1,0,2017-11-22,73068,80708,86283,90201
0,1,0,2017-11-23,73081,80703,86288,90203
0,1,0,2017-11-24,73081,80694,86274,90192
0,1,0,2017-11-25,73072,80698,86271,90198
0,1,0,2017-11-26,73098,80700,86266,90186
0,1,0,2017-11-27,73120,80684,86250,90175
0,1,0,2017-11-28,73137,80670,86238,90168
0,1,0,2017-11-29,73144,80672,86227,90171
0,1,0,2017-11-30,73157,80657,86210,90155
0,1,0,2017-12-01,73148,80656,86202,90156
0,1,0,2017-12-02,73168,80664,86208,90160
0,1,0,2017-12-03,73182,80665,86193,90155
0,1,0,2017-12-04,73167,80650,86175,90137
0,1,0,2017-12-05,73154,80647,86150,90143
0,1,0,2017-12-06,73145,80623,86137,90148
0,1,0,2017-12-07,73126,80622,86136,90140
0,1,0,2017-12-08,73097,80609,86120,90130
0,1,0,2017-12-09,73084,80588,86082,90108
0,1,0,2017-12-10,73061,80570,86059,90104
0,1,0,2017-12-11,73040,80553,86028,90087
0,1,0,2017-12-12,73018,80534,86002,90085
0,1,0,2017-12-13,73015,80506,85974,90058
0,1,0,2017-12-14,73035,80523,85967,90053
0,1,0,2017-12-15,73018,80522,85944,90036
0,1,0,2017-12-16,72977,80518,85924,90014
0,1,0,2017-12-17,72972,80519,85910,90008
0,1,0,2017-12-18,72952,80489,85871,90008
0,1,0,2017-12-19,73000,80477,85858,89993
0,1,0,2017-12-20,72959,80472,85842,89983
0,1,0,2017-12-21,72910,80464,85828,89976
0,1,0,2017-12-22,72908,80450,85809,89985
0,1,0,2017-12-23,72901,80450,85794,89960
0,1,0,2017-12-24,72896,80432,85762,89933
0,1,0,2017-12-25,72888,80424,85726,89882
0,1,0,2017-12-26,72884,80412,85711,89835
0,1,0,2017-12-27,72880,80403,85661,89818
0,1,0,2017-12-28,72865,80422,85650,89808
0,1,0,2017-12-29,72859,80436,85624,89804
0,1,0,2017-12-30,72841,80445,85599,89776
0,1,0,2017-12-31,72820,80452,85579,89762
0,1,1,2012-01-01,NA,NA,NA,NA
0,1,1,2012-01-02,NA,NA,NA,NA
0,1,1,2012-01-03,NA,NA,NA,NA
0,1,1,2012-01-04,NA,NA,NA,NA
0,1,1,2012-01-05,NA,NA,NA,NA
0,1,1,2012-01-06,NA,NA,NA,NA
0,1,1,2012-01-07,NA,NA,NA,NA
0,1,1,2012-01-08,NA,NA,NA,NA
0,1,1,2012-01-09,NA,NA,NA,NA
0,1,1,2012-01-10,NA,NA,NA,NA
0,1,1,2012-01-11,NA,NA,NA,NA
0,1,1,2012-01-12,NA,NA,NA,NA
0,1,1,2012-01-13,NA,NA,NA,NA
0,1,1,2012-01-14,NA,NA,NA,NA
0,1,1,2012-01-15,NA,NA,NA,NA
0,1,1,2012-01-16,NA,NA,NA,NA
0,1,1,2012-01-17,NA,NA,NA,NA
0,1,1,2012-01-18,NA,NA,NA,NA
0,1,1,2012-01-19,NA,NA,NA,NA
0,1,1,2012-01-20,NA,NA,NA,NA
0,1,1,2012-01-21,NA,NA,NA,NA
0,1,1,2012-01-22,NA,NA,NA,NA
0,1,1,2012-01-23,NA,NA,NA,NA
0,1,1,2012-01-24,NA,NA,NA,NA
0,1,1,2012-01-25,NA,NA,NA,NA
0,1,1,2012-01-26,NA,NA,NA,NA
0,1,1,2012-01-27,NA,NA,NA,NA
0,1,1,2012-01-28,NA,NA,NA,NA
0,1,1,2012-01-29,NA,NA,NA,NA
0,1,1,2012-01-30,NA,NA,NA,NA
0,1,1,2012-01-31,NA,NA,NA,NA
0,1,1,2012-02-01,NA,NA,NA,NA
0,1,1,2012-02-02,NA,NA,NA,NA
0,1,1,2012-02-03,NA,NA,NA,NA
0,1,1,2012-02-04,NA,NA,NA,NA
0,1,1,2012-02-05,NA,NA,NA,NA
0,1,1,2012-02-06,NA,NA,NA,NA
0,1,1,2012-02-07,NA,NA,NA,NA
0,1,1,2012-02-08,NA,NA,NA,NA
0,1,1,2012-02-09,NA,NA,NA,NA
0,1,1,2012-02-10,NA,NA,NA,NA
0,1,1,2012-02-11,NA,NA,NA,NA
0,1,1,2012-02-12,NA,NA,NA,NA
0,1,1,2012-02-13,NA,NA,NA,NA
0,1,1,2012-02-14,NA,NA,NA,NA
0,1,1,2012-02-15,NA,NA,NA,NA
0,1,1,2012-02-16,NA,NA,NA,NA
0,1,1,2012-02-17,NA,NA,NA,NA
0,1,1,2012-02-18,NA,NA,NA,NA
0,1,1,2012-02-19,NA,NA,NA,NA
0,1,1,2012-02-20,NA,NA,NA,NA
0,1,1,2012-02-21,NA,NA,NA,NA
0,1,1,2012-02-22,NA,NA,NA,NA
0,1,1,2012-02-23,NA,NA,NA,NA
0,1,1,2012-02-24,NA,NA,NA,NA
0,1,1,2012-02-25,NA,NA,NA,NA
0,1,1,2012-02-26,NA,NA,NA,NA
0,1,1,2012-02-27,NA,NA,NA,NA
0,1,1,2012-02-28,NA,NA,NA,NA
0,1,1,2012-02-29,NA,NA,NA,NA
0,1,1,2012-03-01,NA,NA,NA,NA
0,1,1,2012-03-02,NA,NA,NA,NA
0,1,1,2012-03-03,NA,NA,NA,NA
0,1,1,2012-03-04,NA,NA,NA,NA
0,1,1,2012-03-05,NA,NA,NA,NA
0,1,1,2012-03-06,NA,NA,NA,NA
0,1,1,2012-03-07,NA,NA,NA,NA
0,1,1,2012-03-08,NA,NA,NA,NA
0,1,1,2012-03-09,NA,NA,NA,NA
0,1,1,2012-03-10,NA,NA,NA,NA
0,1,1,2012-03-11,NA,NA,NA,NA
0,1,1,2012-03-12,NA,NA,NA,NA
0,1,1,2012-03-13,NA,NA,NA,NA
0,1,1,2012-03-14,NA,NA,NA,NA
0,1,1,2012-03-15,NA,NA,NA,NA
0,1,1,2012-03-16,NA,NA,NA,NA
0,1,1,2012-03-17,NA,NA,NA,NA
0,1,1,2012-03-18,NA,NA,NA,NA
0,1,1,2012-03-19,NA,NA,NA,NA
0,1,1,2012-03-20,NA,NA,NA,NA
0,1,1,2012-03-21,NA,NA,NA,NA
0,1,1,2012-03-22,NA,NA,NA,NA
0,1,1,2012-03-23,NA,NA,NA,NA
0,1,1,2012-03-24,NA,NA,NA,NA
0,1,1,2012-03-25,NA,NA,NA,NA
0,1,1,2012-03-26,NA,NA,NA,NA
0,1,1,2012-03-27,NA,NA,NA,NA
0,1,1,2012-03-28,NA,NA,NA,NA
0,1,1,2012-03-29,NA,NA,NA,NA
0,1,1,2012-03-30,19558,NA,NA,NA
0,1,1,2012-03-31,19627,NA,NA,NA
0,1,1,2012-04-01,19691,NA,NA,NA
0,1,1,2012-04-02,19743,NA,NA,NA
0,1,1,2012-04-03,19804,NA,NA,NA
0,1,1,2012-04-04,19857,NA,NA,NA
0,1,1,2012-04-05,19899,NA,NA,NA
0,1,1,2012-04-06,19951,NA,NA,NA
0,1,1,2012-04-07,20023,NA,NA,NA
0,1,1,2012-04-08,20081,NA,NA,NA
0,1,1,2012-04-09,20119,NA,NA,NA
0,1,1,2012-04-10,20159,NA,NA,NA
0,1,1,2012-04-11,20184,NA,NA,NA
0,1,1,2012-04-12,20224,NA,NA,NA
0,1,1,2012-04-13,20256,NA,NA,NA
0,1,1,2012-04-14,20312,NA,NA,NA
0,1,1,2012-04-15,20355,NA,NA,NA
0,1,1,2012-04-16,20398,NA,NA,NA
0,1,1,2012-04-17,20422,NA,NA,NA
0,1,1,2012-04-18,20453,NA,NA,NA
0,1,1,2012-04-19,20473,NA,NA,NA
0,1,1,2012-04-20,20480,NA,NA,NA
0,1,1,2012-04-21,20497,NA,NA,NA
0,1,1,2012-04-22,20511,NA,NA,NA
0,1,1,2012-04-23,20553,NA,NA,NA
0,1,1,2012-04-24,20582,NA,NA,NA
0,1,1,2012-04-25,20608,NA,NA,NA
0,1,1,2012-04-26,20644,NA,NA,NA
0,1,1,2012-04-27,20682,NA,NA,NA
0,1,1,2012-04-28,20712,NA,NA,NA
0,1,1,2012-04-29,20727,NA,NA,NA
0,1,1,2012-04-30,20744,NA,NA,NA
0,1,1,2012-05-01,20768,NA,NA,NA
0,1,1,2012-05-02,20818,NA,NA,NA
0,1,1,2012-05-03,20843,NA,NA,NA
0,1,1,2012-05-04,20846,NA,NA,NA
0,1,1,2012-05-05,20876,NA,NA,NA
0,1,1,2012-05-06,20904,NA,NA,NA
0,1,1,2012-05-07,20921,NA,NA,NA
0,1,1,2012-05-08,20932,NA,NA,NA
0,1,1,2012-05-09,20944,NA,NA,NA
0,1,1,2012-05-10,20966,NA,NA,NA
0,1,1,2012-05-11,20991,NA,NA,NA
0,1,1,2012-05-12,21014,NA,NA,NA
0,1,1,2012-05-13,21025,NA,NA,NA
0,1,1,2012-05-14,21048,NA,NA,NA
0,1,1,2012-05-15,21046,NA,NA,NA
0,1,1,2012-05-16,21075,NA,NA,NA
0,1,1,2012-05-17,21098,NA,NA,NA
0,1,1,2012-05-18,21108,NA,NA,NA
0,1,1,2012-05-19,21116,NA,NA,NA
0,1,1,2012-05-20,21117,NA,NA,NA
0,1,1,2012-05-21,21143,NA,NA,NA
0,1,1,2012-05-22,21149,NA,NA,NA
0,1,1,2012-05-23,21163,NA,NA,NA
0,1,1,2012-05-24,21188,NA,NA,NA
0,1,1,2012-05-25,21200,NA,NA,NA
0,1,1,2012-05-26,21219,NA,NA,NA
0,1,1,2012-05-27,21227,NA,NA,NA
0,1,1,2012-05-28,21241,NA,NA,NA
0,1,1,2012-05-29,21232,NA,NA,NA
0,1,1,2012-05-30,21253,NA,NA,NA
0,1,1,2012-05-31,21263,NA,NA,NA
0,1,1,2012-06-01,21268,NA,NA,NA
0,1,1,2012-06-02,21297,NA,NA,NA
0,1,1,2012-06-03,21288,NA,NA,NA
0,1,1,2012-06-04,21299,NA,NA,NA
0,1,1,2012-06-05,21317,NA,NA,NA
0,1,1,2012-06-06,21325,NA,NA,NA
0,1,1,2012-06-07,21317,NA,NA,NA
0,1,1,2012-06-08,21315,NA,NA,NA
0,1,1,2012-06-09,21314,NA,NA,NA
0,1,1,2012-06-10,21308,NA,NA,NA
0,1,1,2012-06-11,21312,NA,NA,NA
0,1,1,2012-06-12,21289,NA,NA,NA
0,1,1,2012-06-13,21288,NA,NA,NA
0,1,1,2012-06-14,21275,NA,NA,NA
0,1,1,2012-06-15,21289,NA,NA,NA
0,1,1,2012-06-16,21299,NA,NA,NA
0,1,1,2012-06-17,21322,NA,NA,NA
0,1,1,2012-06-18,21330,NA,NA,NA
0,1,1,2012-06-19,21303,NA,NA,NA
0,1,1,2012-06-20,21315,NA,NA,NA
0,1,1,2012-06-21,21314,NA,NA,NA
0,1,1,2012-06-22,21333,NA,NA,NA
0,1,1,2012-06-23,21343,NA,NA,NA
0,1,1,2012-06-24,21336,NA,NA,NA
0,1,1,2012-06-25,21317,NA,NA,NA
0,1,1,2012-06-26,21294,NA,NA,NA
0,1,1,2012-06-27,21298,NA,NA,NA
0,1,1,2012-06-28,21317,23207,NA,NA
0,1,1,2012-06-29,21312,23231,NA,NA
0,1,1,2012-06-30,21316,23256,NA,NA
0,1,1,2012-07-01,21329,23287,NA,NA
0,1,1,2012-07-02,21349,23323,NA,NA
0,1,1,2012-07-03,21341,23351,NA,NA
0,1,1,2012-07-04,21350,23369,NA,NA
0,1,1,2012-07-05,21363,23387,NA,NA
0,1,1,2012-07-06,21349,23417,NA,NA
0,1,1,2012-07-07,21333,23432,NA,NA
0,1,1,2012-07-08,21353,23456,NA,NA
0,1,1,2012-07-09,21377,23482,NA,NA
0,1,1,2012-07-10,21391,23502,NA,NA
0,1,1,2012-07-11,21428,23538,NA,NA
0,1,1,2012-07-12,21438,23555,NA,NA
0,1,1,2012-07-13,21477,23593,NA,NA
0,1,1,2012-07-14,21501,23625,NA,NA
0,1,1,2012-07-15,21499,23636,NA,NA
0,1,1,2012-07-16,21488,23652,NA,NA
0,1,1,2012-07-17,21498,23676,NA,NA
0,1,1,2012-07-18,21498,23698,NA,NA
0,1,1,2012-07-19,21548,23740,NA,NA
0,1,1,2012-07-20,21610,23778,NA,NA
0,1,1,2012-07-21,21644,23809,NA,NA
0,1,1,2012-07-22,21647,23830,NA,NA
0,1,1,2012-07-23,21643,23837,NA,NA
0,1,1,2012-07-24,21673,23867,NA,NA
0,1,1,2012-07-25,21699,23895,NA,NA
0,1,1,2012-07-26,21713,23922,NA,NA
0,1,1,2012-07-27,21745,23945,NA,NA
0,1,1,2012-07-28,21771,23973,NA,NA
0,1,1,2012-07-29,21779,23984,NA,NA
0,1,1,2012-07-30,21791,23999,NA,NA
0,1,1,2012-07-31,21811,24026,NA,NA
0,1,1,2012-08-01,21815,24036,NA,NA
0,1,1,2012-08-02,21813,24040,NA,NA
0,1,1,2012-08-03,21810,24056,NA,NA
0,1,1,2012-08-04,21850,24102,NA,NA
0,1,1,2012-08-05,21836,24130,NA,NA
0,1,1,2012-08-06,21846,24152,NA,NA
0,1,1,2012-08-07,21863,24173,NA,NA
0,1,1,2012-08-08,21848,24185,NA,NA
0,1,1,2012-08-09,21856,24205,NA,NA
0,1,1,2012-08-10,21878,24222,NA,NA
0,1,1,2012-08-11,21916,24247,NA,NA
0,1,1,2012-08-12,21952,24270,NA,NA
0,1,1,2012-08-13,21962,24278,NA,NA
0,1,1,2012-08-14,21978,24296,NA,NA
0,1,1,2012-08-15,21989,24329,NA,NA
0,1,1,2012-08-16,21994,24342,NA,NA
0,1,1,2012-08-17,22006,24349,NA,NA
0,1,1,2012-08-18,22015,24361,NA,NA
0,1,1,2012-08-19,22012,24369,NA,NA
0,1,1,2012-08-20,22023,24389,NA,NA
0,1,1,2012-08-21,22032,24403,NA,NA
0,1,1,2012-08-22,22046,24427,NA,NA
0,1,1,2012-08-23,22126,24487,NA,NA
0,1,1,2012-08-24,22313,24675,NA,NA
0,1,1,2012-08-25,22527,24887,NA,NA
0,1,1,2012-08-26,22739,25127,NA,NA
0,1,1,2012-08-27,23008,25390,NA,NA
0,1,1,2012-08-28,23320,25705,NA,NA
0,1,1,2012-08-29,23680,26062,NA,NA
0,1,1,2012-08-30,24016,26396,NA,NA
0,1,1,2012-08-31,24378,26736,NA,NA
0,1,1,2012-09-01,24656,27026,NA,NA
0,1,1,2012-09-02,24951,27322,NA,NA
0,1,1,2012-09-03,25190,27581,NA,NA
0,1,1,2012-09-04,25488,27875,NA,NA
0,1,1,2012-09-05,25724,28120,NA,NA
0,1,1,2012-09-06,25961,28355,NA,NA
0,1,1,2012-09-07,26201,28596,NA,NA
0,1,1,2012-09-08,26434,28824,NA,NA
0,1,1,2012-09-09,26645,29041,NA,NA
0,1,1,2012-09-10,26887,29253,NA,NA
0,1,1,2012-09-11,27105,29457,NA,NA
0,1,1,2012-09-12,27310,29654,NA,NA
0,1,1,2012-09-13,27502,29859,NA,NA
0,1,1,2012-09-14,27704,30080,NA,NA
0,1,1,2012-09-15,27886,30261,NA,NA
0,1,1,2012-09-16,28052,30439,NA,NA
0,1,1,2012-09-17,28200,30589,NA,NA
0,1,1,2012-09-18,28389,30791,NA,NA
0,1,1,2012-09-19,28559,30955,NA,NA
0,1,1,2012-09-20,28750,31132,NA,NA
0,1,1,2012-09-21,28944,31318,NA,NA
0,1,1,2012-09-22,29099,31478,NA,NA
0,1,1,2012-09-23,29261,31628,NA,NA
0,1,1,2012-09-24,29408,31769,NA,NA
0,1,1,2012-09-25,29558,31917,NA,NA
0,1,1,2012-09-26,29690,32054,33061,NA
0,1,1,2012-09-27,29831,32194,33222,NA
0,1,1,2012-09-28,29992,32350,33392,NA
0,1,1,2012-09-29,30170,32524,33575,NA
0,1,1,2012-09-30,30309,32662,33725,NA
0,1,1,2012-10-01,30453,32796,33872,NA
0,1,1,2012-10-02,30586,32922,33999,NA
0,1,1,2012-10-03,30696,33035,34118,NA
0,1,1,2012-10-04,30835,33155,34264,NA
0,1,1,2012-10-05,30957,33268,34388,NA
0,1,1,2012-10-06,31086,33396,34522,NA
0,1,1,2012-10-07,31194,33507,34644,NA
0,1,1,2012-10-08,31310,33633,34780,NA
0,1,1,2012-10-09,31438,33760,34914,NA
0,1,1,2012-10-10,31561,33893,35039,NA
0,1,1,2012-10-11,31654,34007,35156,NA
0,1,1,2012-10-12,31775,34121,35282,NA
0,1,1,2012-10-13,31894,34238,35406,NA
0,1,1,2012-10-14,32019,34339,35525,NA
0,1,1,2012-10-15,32105,34423,35612,NA
0,1,1,2012-10-16,32188,34510,35710,NA
0,1,1,2012-10-17,32280,34592,35798,NA
0,1,1,2012-10-18,32393,34710,35916,NA
0,1,1,2012-10-19,32492,34822,36023,NA
0,1,1,2012-10-20,32580,34908,36112,NA
0,1,1,2012-10-21,32682,35009,36223,NA
0,1,1,2012-10-22,32788,35124,36334,NA
0,1,1,2012-10-23,32917,35253,36461,NA
0,1,1,2012-10-24,33036,35359,36579,NA
0,1,1,2012-10-25,33125,35442,36678,NA
0,1,1,2012-10-26,33251,35575,36818,NA
0,1,1,2012-10-27,33374,35696,36933,NA
0,1,1,2012-10-28,33490,35798,37043,NA
0,1,1,2012-10-29,33591,35899,37148,NA
0,1,1,2012-10-30,33706,35998,37257,NA
0,1,1,2012-10-31,33814,36100,37358,NA
0,1,1,2012-11-01,33935,36199,37470,NA
0,1,1,2012-11-02,34035,36305,37579,NA
0,1,1,2012-11-03,34129,36393,37686,NA
0,1,1,2012-11-04,34199,36465,37761,NA
0,1,1,2012-11-05,34294,36554,37855,NA
0,1,1,2012-11-06,34415,36660,37972,NA
0,1,1,2012-11-07,34500,36737,38067,NA
0,1,1,2012-11-08,34586,36836,38169,NA
0,1,1,2012-11-09,34683,36934,38261,NA
0,1,1,2012-11-10,34777,37031,38350,NA
0,1,1,2012-11-11,34819,37097,38418,NA
0,1,1,2012-11-12,34906,37190,38516,NA
0,1,1,2012-11-13,34979,37266,38602,NA
0,1,1,2012-11-14,35041,37337,38675,NA
0,1,1,2012-11-15,35136,37432,38760,NA
0,1,1,2012-11-16,35219,37511,38841,NA
0,1,1,2012-11-17,35306,37595,38928,NA
0,1,1,2012-11-18,35407,37694,39024,NA
0,1,1,2012-11-19,35492,37783,39118,NA
0,1,1,2012-11-20,35563,37873,39209,NA
0,1,1,2012-11-21,35630,37939,39281,NA
0,1,1,2012-11-22,35724,38011,39357,NA
0,1,1,2012-11-23,35795,38091,39443,NA
0,1,1,2012-11-24,35882,38165,39520,NA
0,1,1,2012-11-25,35978,38252,39596,NA
0,1,1,2012-11-26,36037,38318,39668,NA
0,1,1,2012-11-27,36108,38393,39746,NA
0,1,1,2012-11-28,36160,38458,39814,NA
0,1,1,2012-11-29,36246,38539,39892,NA
0,1,1,2012-11-30,36312,38603,39967,NA
0,1,1,2012-12-01,36366,38656,40037,NA
0,1,1,2012-12-02,36417,38714,40109,NA
0,1,1,2012-12-03,36465,38774,40165,NA
0,1,1,2012-12-04,36511,38831,40228,NA
0,1,1,2012-12-05,36564,38886,40288,NA
0,1,1,2012-12-06,36616,38951,40353,NA
0,1,1,2012-12-07,36695,39052,40446,NA
0,1,1,2012-12-08,36770,39127,40529,NA
0,1,1,2012-12-09,36814,39198,40590,NA
0,1,1,2012-12-10,36878,39273,40660,NA
0,1,1,2012-12-11,36941,39350,40734,NA
0,1,1,2012-12-12,37013,39423,40808,NA
0,1,1,2012-12-13,37088,39497,40887,NA
0,1,1,2012-12-14,37144,39569,40964,NA
0,1,1,2012-12-15,37226,39647,41048,NA
0,1,1,2012-12-16,37298,39724,41130,NA
0,1,1,2012-12-17,37354,39796,41216,NA
0,1,1,2012-12-18,37410,39850,41276,NA
0,1,1,2012-12-19,37492,39958,41386,NA
0,1,1,2012-12-20,37555,40054,41480,NA
0,1,1,2012-12-21,37612,40129,41554,NA
0,1,1,2012-12-22,37668,40198,41622,NA
0,1,1,2012-12-23,37732,40278,41696,NA
0,1,1,2012-12-24,37783,40354,41777,NA
0,1,1,2012-12-25,37844,40429,41852,42582
0,1,1,2012-12-26,37874,40475,41894,42643
0,1,1,2012-12-27,37927,40542,41958,42719
0,1,1,2012-12-28,37987,40621,42036,42803
0,1,1,2012-12-29,38027,40667,42083,42855
0,1,1,2012-12-30,38044,40706,42120,42902
0,1,1,2012-12-31,38108,40778,42185,42972
0,1,1,2013-01-01,38171,40853,42262,43052
0,1,1,2013-01-02,38228,40928,42327,43130
0,1,1,2013-01-03,38262,40982,42371,43190
0,1,1,2013-01-04,38321,41064,42457,43277
0,1,1,2013-01-05,38349,41112,42510,43336
0,1,1,2013-01-06,38387,41155,42560,43394
0,1,1,2013-01-07,38435,41227,42628,43471
0,1,1,2013-01-08,38487,41291,42701,43543
0,1,1,2013-01-09,38542,41343,42766,43609
0,1,1,2013-01-10,38592,41412,42832,43688
0,1,1,2013-01-11,38658,41490,42912,43773
0,1,1,2013-01-12,38711,41539,42940,43821
0,1,1,2013-01-13,38770,41602,43004,43894
0,1,1,2013-01-14,38827,41681,43078,43974
0,1,1,2013-01-15,38912,41762,43156,44054
0,1,1,2013-01-16,38967,41840,43235,44129
0,1,1,2013-01-17,39011,41916,43319,44212
0,1,1,2013-01-18,39062,41978,43380,44281
0,1,1,2013-01-19,39128,42056,43454,44363
0,1,1,2013-01-20,39195,42139,43534,44443
0,1,1,2013-01-21,39266,42217,43609,44517
0,1,1,2013-01-22,39346,42299,43687,44601
0,1,1,2013-01-23,39419,42376,43769,44689
0,1,1,2013-01-24,39475,42449,43845,44768
0,1,1,2013-01-25,39529,42523,43924,44843
0,1,1,2013-01-26,39589,42594,43990,44912
0,1,1,2013-01-27,39622,42645,44039,44967
0,1,1,2013-01-28,39684,42706,44091,45026
0,1,1,2013-01-29,39740,42775,44162,45093
0,1,1,2013-01-30,39808,42851,44234,45174
0,1,1,2013-01-31,39842,42900,44281,45231
0,1,1,2013-02-01,39904,42975,44352,45310
0,1,1,2013-02-02,39956,43034,44413,45379
0,1,1,2013-02-03,39994,43071,44450,45421
0,1,1,2013-02-04,40030,43135,44512,45491
0,1,1,2013-02-05,40054,43185,44557,45547
0,1,1,2013-02-06,40079,43226,44603,45593
0,1,1,2013-02-07,40112,43265,44645,45631
0,1,1,2013-02-08,40108,43291,44679,45659
0,1,1,2013-02-09,40090,43282,44685,45670
0,1,1,2013-02-10,40075,43304,44704,45697
0,1,1,2013-02-11,40082,43326,44726,45731
0,1,1,2013-02-12,40098,43349,44756,45765
0,1,1,2013-02-13,40104,43362,44774,45779
0,1,1,2013-02-14,40109,43385,44797,45805
0,1,1,2013-02-15,40123,43422,44830,45846
0,1,1,2013-02-16,40144,43461,44866,45885
0,1,1,2013-02-17,40176,43510,44912,45938
0,1,1,2013-02-18,40209,43559,44964,45991
0,1,1,2013-02-19,40240,43627,45041,46065
0,1,1,2013-02-20,40280,43700,45114,46142
0,1,1,2013-02-21,40334,43781,45195,46228
0,1,1,2013-02-22,40391,43845,45250,46287
0,1,1,2013-02-23,40447,43926,45326,46356
0,1,1,2013-02-24,40494,43997,45391,46422
0,1,1,2013-02-25,40558,44089,45483,46513
0,1,1,2013-02-26,40632,44159,45565,46597
0,1,1,2013-02-27,40710,44243,45656,46684
0,1,1,2013-02-28,40788,44332,45740,46785
0,1,1,2013-03-01,40821,44387,45794,46853
0,1,1,2013-03-02,40881,44462,45872,46940
0,1,1,2013-03-03,40966,44554,45975,47041
0,1,1,2013-03-04,41041,44646,46068,47133
0,1,1,2013-03-05,41129,44739,46156,47218
0,1,1,2013-03-06,41206,44813,46247,47307
0,1,1,2013-03-07,41289,44887,46335,47388
0,1,1,2013-03-08,41370,44966,46418,47472
0,1,1,2013-03-09,41443,45040,46509,47555
0,1,1,2013-03-10,41500,45108,46587,47627
0,1,1,2013-03-11,41588,45180,46668,47706
0,1,1,2013-03-12,41654,45266,46753,47795
0,1,1,2013-03-13,41691,45330,46813,47857
0,1,1,2013-03-14,41776,45426,46916,47961
0,1,1,2013-03-15,41884,45514,46998,48048
0,1,1,2013-03-16,41947,45595,47076,48130
0,1,1,2013-03-17,42003,45655,47140,48198
0,1,1,2013-03-18,42062,45719,47208,48272
0,1,1,2013-03-19,42122,45796,47300,48369
0,1,1,2013-03-20,42180,45851,47381,48450
0,1,1,2013-03-21,42273,45934,47475,48542
0,1,1,2013-03-22,42370,46022,47572,48640
0,1,1,2013-03-23,42450,46113,47672,48737
0,1,1,2013-03-24,42484,46165,47739,48811
0,1,1,2013-03-25,42542,46240,47817,48893
0,1,1,2013-03-26,42639,46335,47918,48990
0,1,1,2013-03-27,42738,46427,48018,49086
0,1,1,2013-03-28,42795,46500,48106,49171
0,1,1,2013-03-29,42893,46583,48197,49261
0,1,1,2013-03-30,42956,46639,48270,49336
0,1,1,2013-03-31,43003,46701,48339,49403
0,1,1,2013-04-01,43090,46787,48435,49496
0,1,1,2013-04-02,43178,46864,48531,49589
0,1,1,2013-04-03,43272,46950,48622,49671
0,1,1,2013-04-04,43316,47005,48691,49739
0,1,1,2013-04-05,43344,47049,48752,49800
0,1,1,2013-04-06,43393,47110,48816,49869
0,1,1,2013-04-07,43459,47188,48897,49950
0,1,1,2013-04-08,43542,47275,48981,50039
0,1,1,2013-04-09,43570,47335,49046,50113
0,1,1,2013-04-10,43625,47400,49119,50184
0,1,1,2013-04-11,43678,47460,49189,50251
0,1,1,2013-04-12,43766,47542,49271,50317
0,1,1,2013-04-13,43831,47614,49338,50388
0,1,1,2013-04-14,43886,47669,49394,50442
0,1,1,2013-04-15,43921,47743,49463,50513
0,1,1,2013-04-16,43979,47804,49527,50582
0,1,1,2013-04-17,44054,47872,49602,50667
0,1,1,2013-04-18,44104,47931,49665,50724
0,1,1,2013-04-19,44166,48002,49741,50803
0,1,1,2013-04-20,44231,48063,49805,50870
0,1,1,2013-04-21,44283,48131,49874,50937
0,1,1,2013-04-22,44339,48216,49955,51015
0,1,1,2013-04-23,44418,48308,50052,51111
0,1,1,2013-04-24,44460,48358,50115,51176
0,1,1,2013-04-25,44523,48420,50193,51257
0,1,1,2013-04-26,44591,48491,50268,51326
0,1,1,2013-04-27,44644,48553,50333,51388
0,1,1,2013-04-28,44690,48618,50403,51451
0,1,1,2013-04-29,44755,48681,50472,51516
0,1,1,2013-04-30,44835,48790,50581,51622
0,1,1,2013-05-01,44933,48883,50679,51721
0,1,1,2013-05-02,44974,48934,50739,51778
0,1,1,2013-05-03,45040,49010,50814,51856
0,1,1,2013-05-04,45116,49092,50894,51930
0,1,1,2013-05-05,45175,49152,50959,51992
0,1,1,2013-05-06,45244,49201,51026,52054
0,1,1,2013-05-07,45293,49242,51072,52099
0,1,1,2013-05-08,45350,49291,51121,52156
0,1,1,2013-05-09,45414,49348,51190,52232
0,1,1,2013-05-10,45479,49419,51258,52311
0,1,1,2013-05-11,45557,49469,51323,52371
0,1,1,2013-05-12,45623,49527,51385,52437
0,1,1,2013-05-13,45711,49595,51454,52511
0,1,1,2013-05-14,45779,49656,51521,52582
0,1,1,2013-05-15,45864,49734,51598,52658
0,1,1,2013-05-16,45933,49797,51664,52723
0,1,1,2013-05-17,46011,49855,51738,52795
0,1,1,2013-05-18,46069,49912,51798,52856
0,1,1,2013-05-19,46124,49969,51852,52920
0,1,1,2013-05-20,46184,50021,51917,52991
0,1,1,2013-05-21,46257,50071,51980,53049
0,1,1,2013-05-22,46332,50133,52053,53123
0,1,1,2013-05-23,46394,50208,52126,53200
0,1,1,2013-05-24,46449,50267,52193,53264
0,1,1,2013-05-25,46492,50318,52246,53313
0,1,1,2013-05-26,46531,50357,52290,53360
0,1,1,2013-05-27,46594,50424,52351,53426
0,1,1,2013-05-28,46658,50492,52430,53507
0,1,1,2013-05-29,46703,50544,52494,53566
0,1,1,2013-05-30,46770,50620,52563,53633
0,1,1,2013-05-31,46839,50672,52620,53687
0,1,1,2013-06-01,46897,50726,52687,53758
0,1,1,2013-06-02,46945,50793,52747,53822
0,1,1,2013-06-03,46999,50849,52811,53882
0,1,1,2013-06-04,47027,50905,52867,53949
0,1,1,2013-06-05,47087,50977,52931,54021
0,1,1,2013-06-06,47091,51007,52965,54058
0,1,1,2013-06-07,47115,51037,52999,54105
0,1,1,2013-06-08,47143,51077,53044,54155
0,1,1,2013-06-09,47212,51165,53126,54246
0,1,1,2013-06-10,47248,51221,53198,54315
0,1,1,2013-06-11,47300,51280,53266,54385
0,1,1,2013-06-12,47325,51334,53329,54452
0,1,1,2013-06-13,47371,51390,53395,54516
0,1,1,2013-06-14,47395,51439,53453,54571
0,1,1,2013-06-15,47438,51496,53521,54640
0,1,1,2013-06-16,47512,51575,53593,54712
0,1,1,2013-06-17,47566,51631,53667,54797
0,1,1,2013-06-18,47636,51700,53745,54888
0,1,1,2013-06-19,47664,51739,53796,54950
0,1,1,2013-06-20,47702,51795,53854,55016
0,1,1,2013-06-21,47777,51869,53939,55102
0,1,1,2013-06-22,47844,51927,53996,55172
0,1,1,2013-06-23,47881,51970,54049,55228
0,1,1,2013-06-24,47923,52015,54102,55286
0,1,1,2013-06-25,47968,52055,54153,55346
0,1,1,2013-06-26,48032,52116,54222,55431
0,1,1,2013-06-27,48094,52186,54290,55504
0,1,1,2013-06-28,48138,52238,54348,55571
0,1,1,2013-06-29,48209,52306,54421,55648
0,1,1,2013-06-30,48268,52381,54498,55728
0,1,1,2013-07-01,48310,52443,54565,55799
0,1,1,2013-07-02,48334,52500,54620,55862
0,1,1,2013-07-03,48425,52595,54718,55961
0,1,1,2013-07-04,48472,52642,54772,56017
0,1,1,2013-07-05,48496,52688,54819,56064
0,1,1,2013-07-06,48555,52735,54883,56130
0,1,1,2013-07-07,48593,52795,54944,56188
0,1,1,2013-07-08,48597,52841,54998,56237
0,1,1,2013-07-09,48666,52911,55069,56311
0,1,1,2013-07-10,48706,52954,55113,56362
0,1,1,2013-07-11,48757,53021,55184,56429
0,1,1,2013-07-12,48798,53074,55240,56489
0,1,1,2013-07-13,48840,53122,55294,56546
0,1,1,2013-07-14,48827,53129,55332,56580
0,1,1,2013-07-15,48844,53168,55392,56641
0,1,1,2013-07-16,48891,53228,55454,56712
0,1,1,2013-07-17,48931,53281,55516,56775
0,1,1,2013-07-18,48963,53332,55568,56831
0,1,1,2013-07-19,48998,53369,55616,56883
0,1,1,2013-07-20,49046,53413,55686,56952
0,1,1,2013-07-21,49109,53484,55765,57029
0,1,1,2013-07-22,49126,53502,55807,57080
0,1,1,2013-07-23,49173,53555,55859,57144
0,1,1,2013-07-24,49202,53603,55916,57208
0,1,1,2013-07-25,49247,53679,55984,57276
0,1,1,2013-07-26,49294,53744,56064,57358
0,1,1,2013-07-27,49319,53774,56105,57401
0,1,1,2013-07-28,49362,53825,56156,57461
0,1,1,2013-07-29,49382,53878,56214,57515
0,1,1,2013-07-30,49411,53928,56281,57583
0,1,1,2013-07-31,49452,53962,56322,57629
0,1,1,2013-08-01,49496,54013,56386,57689
0,1,1,2013-08-02,49543,54077,56453,57761
0,1,1,2013-08-03,49575,54127,56498,57815
0,1,1,2013-08-04,49622,54185,56555,57883
0,1,1,2013-08-05,49660,54220,56586,57925
0,1,1,2013-08-06,49657,54252,56614,57954
0,1,1,2013-08-07,49674,54293,56651,57999
0,1,1,2013-08-08,49671,54310,56677,58018
0,1,1,2013-08-09,49680,54361,56718,58069
0,1,1,2013-08-10,49705,54408,56763,58110
0,1,1,2013-08-11,49711,54449,56797,58151
0,1,1,2013-08-12,49731,54496,56836,58194
0,1,1,2013-08-13,49753,54537,56871,58229
0,1,1,2013-08-14,49747,54571,56908,58270
0,1,1,2013-08-15,49780,54621,56947,58322
0,1,1,2013-08-16,49854,54672,57002,58382
0,1,1,2013-08-17,49893,54724,57052,58428
0,1,1,2013-08-18,49891,54753,57083,58472
0,1,1,2013-08-19,49878,54784,57103,58503
0,1,1,2013-08-20,49881,54808,57130,58540
0,1,1,2013-08-21,49869,54843,57171,58584
0,1,1,2013-08-22,49871,54877,57211,58629
0,1,1,2013-08-23,49875,54923,57256,58683
0,1,1,2013-08-24,49940,54982,57314,58742
0,1,1,2013-08-25,49951,55017,57357,58775
0,1,1,2013-08-26,49952,55052,57401,58824
0,1,1,2013-08-27,49981,55103,57446,58873
0,1,1,2013-08-28,49986,55140,57486,58910
0,1,1,2013-08-29,49940,55174,57517,58954
0,1,1,2013-08-30,49941,55210,57558,59001
0,1,1,2013-08-31,49969,55239,57597,59038
0,1,1,2013-09-01,50030,55308,57670,59117
0,1,1,2013-09-02,50018,55301,57685,59130
0,1,1,2013-09-03,50025,55328,57718,59163
0,1,1,2013-09-04,50055,55356,57762,59214
0,1,1,2013-09-05,50110,55410,57818,59270
0,1,1,2013-09-06,50159,55457,57866,59322
0,1,1,2013-09-07,50170,55492,57899,59355
0,1,1,2013-09-08,50226,55543,57945,59419
0,1,1,2013-09-09,50264,55608,58004,59488
0,1,1,2013-09-10,50280,55635,58048,59541
0,1,1,2013-09-11,50334,55691,58098,59599
0,1,1,2013-09-12,50358,55716,58133,59646
0,1,1,2013-09-13,50364,55748,58169,59690
0,1,1,2013-09-14,50401,55817,58241,59758
0,1,1,2013-09-15,50421,55856,58272,59797
0,1,1,2013-09-16,50533,55895,58312,59836
0,1,1,2013-09-17,50541,55925,58352,59883
0,1,1,2013-09-18,50543,55972,58404,59942
0,1,1,2013-09-19,50533,55994,58433,59983
0,1,1,2013-09-20,50557,56032,58475,60025
0,1,1,2013-09-21,50556,56067,58503,60068
0,1,1,2013-09-22,50575,56111,58542,60109
0,1,1,2013-09-23,50615,56150,58584,60158
0,1,1,2013-09-24,50672,56186,58628,60206
0,1,1,2013-09-25,50683,56195,58654,60231
0,1,1,2013-09-26,50703,56217,58680,60263
0,1,1,2013-09-27,50766,56270,58739,60323
0,1,1,2013-09-28,50849,56321,58811,60397
0,1,1,2013-09-29,50903,56377,58869,60462
0,1,1,2013-09-30,50911,56388,58900,60496
0,1,1,2013-10-01,50910,56433,58943,60544
0,1,1,2013-10-02,50935,56467,58975,60584
0,1,1,2013-10-03,50975,56501,59019,60633
0,1,1,2013-10-04,51010,56547,59063,60689
0,1,1,2013-10-05,51013,56573,59103,60728
0,1,1,2013-10-06,51013,56566,59121,60753
0,1,1,2013-10-07,51007,56565,59128,60773
0,1,1,2013-10-08,51049,56607,59166,60810
0,1,1,2013-10-09,51064,56648,59225,60868
0,1,1,2013-10-10,51091,56684,59269,60909
0,1,1,2013-10-11,51143,56720,59314,60958
0,1,1,2013-10-12,51218,56751,59346,61011
0,1,1,2013-10-13,51240,56777,59374,61056
0,1,1,2013-10-14,51256,56821,59424,61107
0,1,1,2013-10-15,51241,56842,59456,61148
0,1,1,2013-10-16,51272,56880,59506,61201
0,1,1,2013-10-17,51298,56919,59532,61239
0,1,1,2013-10-18,51338,56953,59576,61292
0,1,1,2013-10-19,51350,56960,59595,61321
0,1,1,2013-10-20,51405,56999,59623,61367
0,1,1,2013-10-21,51415,57020,59651,61403
0,1,1,2013-10-22,51422,57043,59677,61427
0,1,1,2013-10-23,51418,57064,59717,61464
0,1,1,2013-10-24,51447,57083,59749,61506
0,1,1,2013-10-25,51457,57097,59774,61542
0,1,1,2013-10-26,51480,57129,59813,61584
0,1,1,2013-10-27,51505,57142,59839,61619
0,1,1,2013-10-28,51522,57166,59871,61656
0,1,1,2013-10-29,51543,57203,59911,61704
0,1,1,2013-10-30,51566,57220,59930,61732
0,1,1,2013-10-31,51590,57253,59968,61770
0,1,1,2013-11-01,51636,57269,59999,61801
0,1,1,2013-11-02,51685,57301,60038,61835
0,1,1,2013-11-03,51723,57320,60071,61859
0,1,1,2013-11-04,51737,57345,60106,61895
0,1,1,2013-11-05,51772,57364,60150,61936
0,1,1,2013-11-06,51812,57387,60186,61978
0,1,1,2013-11-07,51849,57410,60230,62014
0,1,1,2013-11-08,51863,57433,60261,62046
0,1,1,2013-11-09,51905,57462,60312,62087
0,1,1,2013-11-10,51930,57482,60349,62118
0,1,1,2013-11-11,51989,57509,60382,62153
0,1,1,2013-11-12,52039,57537,60431,62198
0,1,1,2013-11-13,52063,57573,60470,62227
0,1,1,2013-11-14,52097,57619,60507,62262
0,1,1,2013-11-15,52136,57648,60545,62298
0,1,1,2013-11-16,52167,57660,60569,62320
0,1,1,2013-11-17,52215,57677,60611,62353
0,1,1,2013-11-18,52218,57694,60636,62378
0,1,1,2013-11-19,52243,57712,60670,62419
0,1,1,2013-11-20,52285,57719,60700,62461
0,1,1,2013-11-21,52338,57745,60747,62509
0,1,1,2013-11-22,52382,57791,60796,62559
0,1,1,2013-11-23,52414,57815,60829,62597
0,1,1,2013-11-24,52410,57803,60838,62620
0,1,1,2013-11-25,52438,57833,60876,62656
0,1,1,2013-11-26,52481,57860,60923,62708
0,1,1,2013-11-27,52495,57862,60961,62734
0,1,1,2013-11-28,52545,57885,60981,62762
0,1,1,2013-11-29,52579,57909,61013,62802
0,1,1,2013-11-30,52616,57935,61051,62839
0,1,1,2013-12-01,52680,57979,61086,62888
0,1,1,2013-12-02,52769,58027,61146,62956
0,1,1,2013-12-03,52791,58041,61168,62985
0,1,1,2013-12-04,52818,58083,61201,63020
0,1,1,2013-12-05,52846,58103,61219,63044
0,1,1,2013-12-06,52889,58128,61261,63084
0,1,1,2013-12-07,52931,58149,61291,63106
0,1,1,2013-12-08,52935,58163,61326,63133
0,1,1,2013-12-09,52968,58179,61336,63155
0,1,1,2013-12-10,52977,58212,61382,63194
0,1,1,2013-12-11,53012,58240,61403,63220
0,1,1,2013-12-12,53046,58263,61436,63255
0,1,1,2013-12-13,53081,58275,61475,63294
0,1,1,2013-12-14,53116,58282,61501,63318
0,1,1,2013-12-15,53137,58304,61529,63349
0,1,1,2013-12-16,53153,58317,61554,63385
0,1,1,2013-12-17,53189,58310,61584,63417
0,1,1,2013-12-18,53217,58308,61602,63433
0,1,1,2013-12-19,53264,58341,61643,63476
0,1,1,2013-12-20,53315,58381,61689,63512
0,1,1,2013-12-21,53324,58393,61715,63532
0,1,1,2013-12-22,53351,58429,61749,63565
0,1,1,2013-12-23,53385,58476,61793,63604
0,1,1,2013-12-24,53399,58496,61827,63641
0,1,1,2013-12-25,53414,58519,61842,63657
0,1,1,2013-12-26,53415,58525,61854,63680
0,1,1,2013-12-27,53444,58557,61876,63718
0,1,1,2013-12-28,53466,58594,61904,63747
0,1,1,2013-12-29,53489,58615,61930,63788
0,1,1,2013-12-30,53516,58635,61963,63817
0,1,1,2013-12-31,53541,58654,61990,63835
0,1,1,2014-01-01,53584,58682,62015,63872
0,1,1,2014-01-02,53621,58704,62057,63911
0,1,1,2014-01-03,53668,58718,62089,63949
0,1,1,2014-01-04,53712,58739,62099,63979
0,1,1,2014-01-05,53752,58759,62120,64000
0,1,1,2014-01-06,53789,58790,62160,64047
0,1,1,2014-01-07,53795,58793,62180,64075
0,1,1,2014-01-08,53787,58815,62199,64105
0,1,1,2014-01-09,53810,58843,62217,64126
0,1,1,2014-01-10,53838,58896,62237,64155
0,1,1,2014-01-11,53882,58930,62259,64187
0,1,1,2014-01-12,53892,58951,62294,64231
0,1,1,2014-01-13,53945,58971,62322,64259
0,1,1,2014-01-14,53951,58999,62347,64289
0,1,1,2014-01-15,53991,59058,62407,64338
0,1,1,2014-01-16,54030,59115,62452,64389
0,1,1,2014-01-17,54072,59151,62474,64421
0,1,1,2014-01-18,54085,59179,62500,64438
0,1,1,2014-01-19,54108,59196,62520,64461
0,1,1,2014-01-20,54157,59236,62558,64504
0,1,1,2014-01-21,54172,59246,62574,64536
0,1,1,2014-01-22,54217,59284,62602,64574
0,1,1,2014-01-23,54234,59313,62624,64606
0,1,1,2014-01-24,54234,59326,62640,64621
0,1,1,2014-01-25,54238,59335,62645,64635
0,1,1,2014-01-26,54242,59335,62650,64656
0,1,1,2014-01-27,54233,59342,62662,64673
0,1,1,2014-01-28,54205,59337,62657,64674
0,1,1,2014-01-29,54192,59344,62663,64690
0,1,1,2014-01-30,54145,59333,62658,64707
0,1,1,2014-01-31,54086,59333,62655,64718
0,1,1,2014-02-01,54039,59326,62654,64728
0,1,1,2014-02-02,53997,59310,62650,64735
0,1,1,2014-02-03,53950,59290,62629,64734
0,1,1,2014-02-04,53902,59289,62613,64733
0,1,1,2014-02-05,53860,59287,62604,64747
0,1,1,2014-02-06,53846,59276,62610,64764
0,1,1,2014-02-07,53825,59293,62613,64782
0,1,1,2014-02-08,53829,59303,62619,64806
0,1,1,2014-02-09,53801,59309,62624,64820
0,1,1,2014-02-10,53778,59310,62619,64838
0,1,1,2014-02-11,53778,59307,62637,64864
0,1,1,2014-02-12,53780,59325,62668,64887
0,1,1,2014-02-13,53796,59343,62681,64904
0,1,1,2014-02-14,53784,59352,62686,64918
0,1,1,2014-02-15,53797,59384,62704,64953
0,1,1,2014-02-16,53818,59395,62720,64975
0,1,1,2014-02-17,53819,59398,62713,64985
0,1,1,2014-02-18,53808,59411,62711,65002
0,1,1,2014-02-19,53818,59430,62717,65032
0,1,1,2014-02-20,53836,59445,62734,65057
0,1,1,2014-02-21,53862,59474,62763,65092
0,1,1,2014-02-22,53903,59507,62771,65117
0,1,1,2014-02-23,53918,59525,62800,65149
0,1,1,2014-02-24,53907,59533,62797,65170
0,1,1,2014-02-25,53933,59565,62803,65208
0,1,1,2014-02-26,53986,59602,62839,65240
0,1,1,2014-02-27,54010,59642,62871,65270
0,1,1,2014-02-28,54010,59671,62878,65292
0,1,1,2014-03-01,54034,59721,62921,65327
0,1,1,2014-03-02,54043,59760,62943,65356
0,1,1,2014-03-03,54037,59762,62964,65382
0,1,1,2014-03-04,54044,59791,63001,65424
0,1,1,2014-03-05,54066,59835,63044,65460
0,1,1,2014-03-06,54091,59878,63067,65499
0,1,1,2014-03-07,54105,59900,63102,65536
0,1,1,2014-03-08,54108,59921,63115,65565
0,1,1,2014-03-09,54142,59965,63154,65602
0,1,1,2014-03-10,54158,59982,63188,65644
0,1,1,2014-03-11,54162,60001,63226,65677
0,1,1,2014-03-12,54150,60003,63240,65692
0,1,1,2014-03-13,54179,60029,63250,65734
0,1,1,2014-03-14,54202,60070,63275,65766
0,1,1,2014-03-15,54204,60093,63292,65797
0,1,1,2014-03-16,54231,60113,63309,65818
0,1,1,2014-03-17,54279,60142,63315,65856
0,1,1,2014-03-18,54357,60204,63354,65905
0,1,1,2014-03-19,54367,60248,63390,65941
0,1,1,2014-03-20,54358,60272,63405,65973
0,1,1,2014-03-21,54432,60337,63462,66034
0,1,1,2014-03-22,54473,60374,63509,66090
0,1,1,2014-03-23,54516,60389,63549,66131
0,1,1,2014-03-24,54553,60418,63584,66168
0,1,1,2014-03-25,54574,60451,63625,66202
0,1,1,2014-03-26,54610,60486,63660,66239
0,1,1,2014-03-27,54663,60541,63713,66279
0,1,1,2014-03-28,54676,60569,63746,66309
0,1,1,2014-03-29,54732,60597,63768,66337
0,1,1,2014-03-30,54744,60638,63799,66377
0,1,1,2014-03-31,54744,60670,63825,66411
0,1,1,2014-04-01,54776,60711,63872,66449
0,1,1,2014-04-02,54815,60768,63912,66500
0,1,1,2014-04-03,54856,60805,63934,66531
0,1,1,2014-04-04,54919,60860,63973,66559
0,1,1,2014-04-05,54954,60907,64007,66599
0,1,1,2014-04-06,54956,60930,64027,66627
0,1,1,2014-04-07,54985,60968,64057,66661
0,1,1,2014-04-08,55050,61015,64110,66708
0,1,1,2014-04-09,55089,61063,64159,66755
0,1,1,2014-04-10,55129,61088,64203,66782
0,1,1,2014-04-11,55148,61110,64231,66805
0,1,1,2014-04-12,55191,61131,64259,66839
0,1,1,2014-04-13,55256,61188,64301,66882
0,1,1,2014-04-14,55295,61225,64348,66918
0,1,1,2014-04-15,55310,61271,64395,66974
0,1,1,2014-04-16,55335,61300,64432,67011
0,1,1,2014-04-17,55405,61364,64491,67063
0,1,1,2014-04-18,55426,61391,64526,67093
0,1,1,2014-04-19,55458,61439,64557,67124
0,1,1,2014-04-20,55484,61459,64567,67139
0,1,1,2014-04-21,55529,61505,64597,67177
0,1,1,2014-04-22,55574,61551,64645,67215
0,1,1,2014-04-23,55620,61594,64702,67266
0,1,1,2014-04-24,55665,61624,64734,67294
0,1,1,2014-04-25,55719,61650,64768,67322
0,1,1,2014-04-26,55797,61688,64793,67345
0,1,1,2014-04-27,55841,61722,64818,67382
0,1,1,2014-04-28,55893,61763,64858,67419
0,1,1,2014-04-29,55977,61829,64923,67485
0,1,1,2014-04-30,56077,61868,64968,67525
0,1,1,2014-05-01,56145,61892,65003,67549
0,1,1,2014-05-02,56246,61925,65044,67590
0,1,1,2014-05-03,56320,61962,65074,67623
0,1,1,2014-05-04,56395,62004,65120,67649
0,1,1,2014-05-05,56474,62056,65174,67682
0,1,1,2014-05-06,56537,62071,65203,67708
0,1,1,2014-05-07,56623,62126,65233,67744
0,1,1,2014-05-08,56685,62170,65285,67783
0,1,1,2014-05-09,56723,62212,65321,67813
0,1,1,2014-05-10,56774,62223,65347,67836
0,1,1,2014-05-11,56837,62258,65367,67844
0,1,1,2014-05-12,56907,62308,65401,67883
0,1,1,2014-05-13,56938,62354,65450,67937
0,1,1,2014-05-14,56976,62389,65481,67969
0,1,1,2014-05-15,57020,62424,65519,67996
0,1,1,2014-05-16,57041,62457,65553,68023
0,1,1,2014-05-17,57092,62489,65577,68051
0,1,1,2014-05-18,57119,62510,65589,68060
0,1,1,2014-05-19,57155,62546,65631,68079
0,1,1,2014-05-20,57182,62583,65666,68102
0,1,1,2014-05-21,57190,62610,65696,68133
0,1,1,2014-05-22,57220,62648,65726,68166
0,1,1,2014-05-23,57275,62684,65761,68186
0,1,1,2014-05-24,57299,62705,65782,68217
0,1,1,2014-05-25,57367,62737,65821,68252
0,1,1,2014-05-26,57421,62771,65870,68277
0,1,1,2014-05-27,57456,62819,65912,68315
0,1,1,2014-05-28,57482,62842,65944,68341
0,1,1,2014-05-29,57529,62869,65994,68368
0,1,1,2014-05-30,57570,62909,66038,68406
0,1,1,2014-05-31,57583,62940,66069,68424
0,1,1,2014-06-01,57599,62952,66082,68444
0,1,1,2014-06-02,57626,62979,66100,68477
0,1,1,2014-06-03,57662,63003,66133,68502
0,1,1,2014-06-04,57688,63030,66176,68528
0,1,1,2014-06-05,57724,63061,66216,68573
0,1,1,2014-06-06,57762,63086,66252,68602
0,1,1,2014-06-07,57797,63118,66289,68637
0,1,1,2014-06-08,57824,63144,66309,68675
0,1,1,2014-06-09,57822,63164,66317,68701
0,1,1,2014-06-10,57892,63198,66357,68745
0,1,1,2014-06-11,57893,63206,66375,68754
0,1,1,2014-06-12,57925,63247,66416,68792
0,1,1,2014-06-13,57958,63276,66461,68832
0,1,1,2014-06-14,57983,63310,66490,68854
0,1,1,2014-06-15,58004,63343,66522,68871
0,1,1,2014-06-16,58024,63380,66554,68891
0,1,1,2014-06-17,58033,63397,66579,68914
0,1,1,2014-06-18,58062,63427,66624,68949
0,1,1,2014-06-19,58092,63460,66655,68970
0,1,1,2014-06-20,58105,63482,66676,68992
0,1,1,2014-06-21,58120,63501,66684,69011
0,1,1,2014-06-22,58133,63512,66700,69033
0,1,1,2014-06-23,58127,63526,66729,69057
0,1,1,2014-06-24,58155,63548,66760,69084
0,1,1,2014-06-25,58161,63556,66783,69108
0,1,1,2014-06-26,58196,63565,66810,69140
0,1,1,2014-06-27,58223,63599,66843,69171
0,1,1,2014-06-28,58243,63607,66871,69187
0,1,1,2014-06-29,58268,63612,66912,69220
0,1,1,2014-06-30,58310,63643,66938,69255
0,1,1,2014-07-01,58320,63674,66978,69288
0,1,1,2014-07-02,58333,63692,67012,69306
0,1,1,2014-07-03,58364,63707,67048,69334
0,1,1,2014-07-04,58382,63724,67085,69356
0,1,1,2014-07-05,58393,63740,67115,69383
0,1,1,2014-07-06,58398,63739,67134,69400
0,1,1,2014-07-07,58434,63763,67164,69434
0,1,1,2014-07-08,58427,63778,67192,69464
0,1,1,2014-07-09,58403,63796,67206,69493
0,1,1,2014-07-10,58432,63834,67248,69534
0,1,1,2014-07-11,58427,63849,67282,69569
0,1,1,2014-07-12,58448,63873,67310,69588
0,1,1,2014-07-13,58452,63888,67325,69616
0,1,1,2014-07-14,58447,63901,67347,69645
0,1,1,2014-07-15,58432,63904,67363,69674
0,1,1,2014-07-16,58466,63924,67399,69709
0,1,1,2014-07-17,58504,63930,67415,69728
0,1,1,2014-07-18,58540,63948,67443,69749
0,1,1,2014-07-19,58566,63970,67470,69773
0,1,1,2014-07-20,58558,63973,67494,69781
0,1,1,2014-07-21,58574,64000,67522,69816
0,1,1,2014-07-22,58586,64009,67541,69848
0,1,1,2014-07-23,58612,64048,67570,69882
0,1,1,2014-07-24,58620,64062,67581,69897
0,1,1,2014-07-25,58640,64102,67615,69922
0,1,1,2014-07-26,58674,64132,67640,69945
0,1,1,2014-07-27,58696,64169,67666,69974
0,1,1,2014-07-28,58679,64195,67695,70007
0,1,1,2014-07-29,58680,64234,67711,70033
0,1,1,2014-07-30,58713,64281,67735,70065
0,1,1,2014-07-31,58731,64332,67762,70100
0,1,1,2014-08-01,58730,64371,67784,70116
0,1,1,2014-08-02,58743,64397,67795,70138
0,1,1,2014-08-03,58770,64432,67822,70175
0,1,1,2014-08-04,58783,64457,67826,70192
0,1,1,2014-08-05,58793,64507,67854,70214
0,1,1,2014-08-06,58791,64541,67880,70248
0,1,1,2014-08-07,58816,64568,67910,70273
0,1,1,2014-08-08,58859,64608,67935,70305
0,1,1,2014-08-09,58846,64634,67956,70320
0,1,1,2014-08-10,58854,64648,67977,70334
0,1,1,2014-08-11,58848,64670,67997,70355
0,1,1,2014-08-12,58850,64715,68039,70396
0,1,1,2014-08-13,58828,64735,68056,70414
0,1,1,2014-08-14,58835,64748,68073,70438
0,1,1,2014-08-15,58829,64772,68087,70449
0,1,1,2014-08-16,58847,64815,68108,70464
0,1,1,2014-08-17,58871,64837,68133,70497
0,1,1,2014-08-18,58871,64875,68168,70533
0,1,1,2014-08-19,58886,64871,68181,70552
0,1,1,2014-08-20,58880,64887,68203,70570
0,1,1,2014-08-21,58850,64900,68214,70587
0,1,1,2014-08-22,58851,64917,68235,70605
0,1,1,2014-08-23,58870,64954,68259,70637
0,1,1,2014-08-24,58838,64949,68255,70648
0,1,1,2014-08-25,58817,64951,68262,70661
0,1,1,2014-08-26,58828,64970,68273,70680
0,1,1,2014-08-27,58770,64983,68264,70694
0,1,1,2014-08-28,58757,65006,68289,70718
0,1,1,2014-08-29,58728,65040,68330,70754
0,1,1,2014-08-30,58707,65059,68349,70773
0,1,1,2014-08-31,58706,65075,68367,70788
0,1,1,2014-09-01,58703,65091,68389,70819
0,1,1,2014-09-02,58739,65115,68420,70857
0,1,1,2014-09-03,58756,65126,68436,70881
0,1,1,2014-09-04,58768,65150,68444,70902
0,1,1,2014-09-05,58787,65179,68467,70924
0,1,1,2014-09-06,58796,65195,68487,70938
0,1,1,2014-09-07,58783,65193,68497,70933
0,1,1,2014-09-08,58772,65212,68493,70942
0,1,1,2014-09-09,58752,65216,68497,70954
0,1,1,2014-09-10,58778,65227,68512,70970
0,1,1,2014-09-11,58784,65243,68524,70994
0,1,1,2014-09-12,58774,65251,68538,71003
0,1,1,2014-09-13,58774,65266,68563,71022
0,1,1,2014-09-14,58757,65279,68584,71036
0,1,1,2014-09-15,58746,65281,68576,71049
0,1,1,2014-09-16,58861,65328,68610,71085
0,1,1,2014-09-17,58849,65338,68632,71109
0,1,1,2014-09-18,58831,65351,68649,71124
0,1,1,2014-09-19,58851,65374,68674,71143
0,1,1,2014-09-20,58849,65383,68683,71152
0,1,1,2014-09-21,58846,65368,68679,71164
0,1,1,2014-09-22,58842,65369,68685,71174
0,1,1,2014-09-23,58851,65372,68685,71188
0,1,1,2014-09-24,58870,65416,68710,71218
0,1,1,2014-09-25,58907,65445,68732,71241
0,1,1,2014-09-26,58905,65456,68745,71267
0,1,1,2014-09-27,58897,65456,68724,71274
0,1,1,2014-09-28,58904,65480,68739,71290
0,1,1,2014-09-29,58936,65490,68753,71322
0,1,1,2014-09-30,58918,65491,68752,71334
0,1,1,2014-10-01,58908,65507,68762,71361
0,1,1,2014-10-02,58944,65526,68786,71394
0,1,1,2014-10-03,58950,65528,68789,71412
0,1,1,2014-10-04,58942,65537,68796,71429
0,1,1,2014-10-05,58954,65558,68810,71450
0,1,1,2014-10-06,58980,65573,68817,71474
0,1,1,2014-10-07,58983,65560,68821,71479
0,1,1,2014-10-08,58971,65568,68832,71500
0,1,1,2014-10-09,58948,65559,68828,71509
0,1,1,2014-10-10,58957,65569,68834,71526
0,1,1,2014-10-11,58944,65590,68851,71550
0,1,1,2014-10-12,58943,65577,68853,71559
0,1,1,2014-10-13,58947,65561,68853,71559
0,1,1,2014-10-14,58961,65562,68869,71591
0,1,1,2014-10-15,58984,65589,68881,71610
0,1,1,2014-10-16,58989,65609,68905,71634
0,1,1,2014-10-17,58975,65633,68925,71652
0,1,1,2014-10-18,58983,65644,68937,71680
0,1,1,2014-10-19,59002,65657,68950,71691
0,1,1,2014-10-20,59023,65671,68966,71717
0,1,1,2014-10-21,59035,65683,68986,71735
0,1,1,2014-10-22,59099,65709,69012,71757
0,1,1,2014-10-23,59120,65722,69045,71785
0,1,1,2014-10-24,59108,65757,69087,71818
0,1,1,2014-10-25,59123,65765,69111,71834
0,1,1,2014-10-26,59134,65760,69135,71848
0,1,1,2014-10-27,59126,65766,69167,71869
0,1,1,2014-10-28,59148,65788,69199,71883
0,1,1,2014-10-29,59143,65797,69240,71910
0,1,1,2014-10-30,59169,65787,69258,71918
0,1,1,2014-10-31,59202,65823,69299,71943
0,1,1,2014-11-01,59227,65839,69320,71962
0,1,1,2014-11-02,59206,65841,69339,71959
0,1,1,2014-11-03,59208,65830,69360,71966
0,1,1,2014-11-04,59236,65831,69380,71975
0,1,1,2014-11-05,59260,65862,69410,72013
0,1,1,2014-11-06,59257,65861,69428,72017
0,1,1,2014-11-07,59246,65847,69438,72019
0,1,1,2014-11-08,59266,65831,69443,72029
0,1,1,2014-11-09,59281,65825,69456,72038
0,1,1,2014-11-10,59294,65821,69468,72049
0,1,1,2014-11-11,59307,65832,69485,72070
0,1,1,2014-11-12,59316,65850,69495,72087
0,1,1,2014-11-13,59365,65883,69535,72121
0,1,1,2014-11-14,59408,65908,69565,72138
0,1,1,2014-11-15,59430,65925,69583,72148
0,1,1,2014-11-16,59477,65936,69608,72169
0,1,1,2014-11-17,59507,65958,69607,72183
0,1,1,2014-11-18,59513,65968,69622,72203
0,1,1,2014-11-19,59545,65980,69650,72232
0,1,1,2014-11-20,59623,65995,69670,72257
0,1,1,2014-11-21,59631,66017,69690,72268
0,1,1,2014-11-22,59651,66028,69715,72287
0,1,1,2014-11-23,59684,66038,69743,72312
0,1,1,2014-11-24,59675,66052,69757,72320
0,1,1,2014-11-25,59702,66045,69772,72323
0,1,1,2014-11-26,59704,66046,69788,72344
0,1,1,2014-11-27,59704,66068,69805,72369
0,1,1,2014-11-28,59724,66081,69824,72377
0,1,1,2014-11-29,59763,66088,69844,72399
0,1,1,2014-11-30,59765,66084,69841,72404
0,1,1,2014-12-01,59758,66096,69849,72413
0,1,1,2014-12-02,59752,66092,69845,72408
0,1,1,2014-12-03,59801,66132,69882,72434
0,1,1,2014-12-04,59824,66146,69891,72440
0,1,1,2014-12-05,59827,66146,69906,72451
0,1,1,2014-12-06,59859,66163,69909,72470
0,1,1,2014-12-07,59907,66186,69940,72492
0,1,1,2014-12-08,59925,66190,69953,72506
0,1,1,2014-12-09,59957,66194,69955,72517
0,1,1,2014-12-10,59979,66213,69967,72526
0,1,1,2014-12-11,60008,66217,69975,72542
0,1,1,2014-12-12,60021,66223,69998,72570
0,1,1,2014-12-13,60062,66230,70022,72598
0,1,1,2014-12-14,60099,66235,70033,72608
0,1,1,2014-12-15,60114,66248,70057,72629
0,1,1,2014-12-16,60101,66229,70061,72643
0,1,1,2014-12-17,60077,66202,70059,72644
0,1,1,2014-12-18,60100,66226,70088,72671
0,1,1,2014-12-19,60117,66234,70102,72688
0,1,1,2014-12-20,60162,66244,70098,72688
0,1,1,2014-12-21,60195,66263,70107,72697
0,1,1,2014-12-22,60255,66295,70130,72712
0,1,1,2014-12-23,60241,66294,70150,72717
0,1,1,2014-12-24,60238,66312,70182,72739
0,1,1,2014-12-25,60265,66335,70194,72746
0,1,1,2014-12-26,60272,66347,70204,72734
0,1,1,2014-12-27,60302,66381,70238,72754
0,1,1,2014-12-28,60271,66379,70243,72760
0,1,1,2014-12-29,60348,66400,70276,72784
0,1,1,2014-12-30,60373,66402,70296,72793
0,1,1,2014-12-31,60378,66411,70303,72800
0,1,1,2015-01-01,60382,66447,70328,72820
0,1,1,2015-01-02,60410,66457,70344,72829
0,1,1,2015-01-03,60441,66491,70380,72861
0,1,1,2015-01-04,60433,66504,70392,72873
0,1,1,2015-01-05,60443,66517,70385,72884
0,1,1,2015-01-06,60455,66528,70398,72895
0,1,1,2015-01-07,60482,66542,70422,72919
0,1,1,2015-01-08,60508,66562,70452,72942
0,1,1,2015-01-09,60566,66572,70471,72951
0,1,1,2015-01-10,60607,66599,70477,72964
0,1,1,2015-01-11,60624,66631,70489,72979
0,1,1,2015-01-12,60616,66642,70498,73003
0,1,1,2015-01-13,60621,66655,70513,73013
0,1,1,2015-01-14,60646,66674,70530,73034
0,1,1,2015-01-15,60659,66682,70563,73060
0,1,1,2015-01-16,60700,66705,70589,73078
0,1,1,2015-01-17,60719,66730,70611,73105
0,1,1,2015-01-18,60746,66758,70631,73123
0,1,1,2015-01-19,60748,66786,70660,73148
0,1,1,2015-01-20,60773,66812,70685,73172
0,1,1,2015-01-21,60785,66838,70697,73197
0,1,1,2015-01-22,60792,66845,70712,73222
0,1,1,2015-01-23,60835,66879,70752,73260
0,1,1,2015-01-24,60841,66890,70767,73293
0,1,1,2015-01-25,60857,66888,70771,73318
0,1,1,2015-01-26,60845,66899,70781,73348
0,1,1,2015-01-27,60851,66909,70782,73368
0,1,1,2015-01-28,60869,66926,70782,73395
0,1,1,2015-01-29,60869,66941,70801,73416
0,1,1,2015-01-30,60895,66951,70805,73431
0,1,1,2015-01-31,60921,66956,70816,73452
0,1,1,2015-02-01,60963,66982,70841,73501
0,1,1,2015-02-02,60970,66993,70854,73522
0,1,1,2015-02-03,60971,67003,70873,73547
0,1,1,2015-02-04,60989,67009,70892,73576
0,1,1,2015-02-05,60966,67007,70896,73598
0,1,1,2015-02-06,60979,67034,70908,73619
0,1,1,2015-02-07,61012,67061,70930,73652
0,1,1,2015-02-08,60995,67079,70946,73676
0,1,1,2015-02-09,61009,67087,70951,73682
0,1,1,2015-02-10,61024,67089,70968,73687
0,1,1,2015-02-11,61043,67103,70982,73708
0,1,1,2015-02-12,61005,67085,70975,73715
0,1,1,2015-02-13,60992,67082,70974,73719
0,1,1,2015-02-14,60984,67100,70976,73742
0,1,1,2015-02-15,60963,67105,70988,73732
0,1,1,2015-02-16,60912,67101,70990,73742
0,1,1,2015-02-17,60878,67075,70962,73735
0,1,1,2015-02-18,60792,67059,70944,73727
0,1,1,2015-02-19,60709,67040,70937,73720
0,1,1,2015-02-20,60610,67018,70914,73707
0,1,1,2015-02-21,60564,67013,70901,73720
0,1,1,2015-02-22,60506,66986,70888,73720
0,1,1,2015-02-23,60476,66981,70875,73717
0,1,1,2015-02-24,60440,66960,70849,73718
0,1,1,2015-02-25,60415,66951,70852,73727
0,1,1,2015-02-26,60392,66957,70859,73733
0,1,1,2015-02-27,60351,66961,70840,73733
0,1,1,2015-02-28,60310,66954,70833,73732
0,1,1,2015-03-01,60267,66929,70828,73727
0,1,1,2015-03-02,60279,66941,70849,73744
0,1,1,2015-03-03,60226,66937,70859,73763
0,1,1,2015-03-04,60227,66960,70869,73771
0,1,1,2015-03-05,60233,66959,70879,73790
0,1,1,2015-03-06,60227,66991,70903,73804
0,1,1,2015-03-07,60203,67006,70895,73813
0,1,1,2015-03-08,60183,67019,70899,73821
0,1,1,2015-03-09,60167,67031,70906,73829
0,1,1,2015-03-10,60182,67064,70929,73845
0,1,1,2015-03-11,60155,67071,70934,73856
0,1,1,2015-03-12,60175,67106,70954,73883
0,1,1,2015-03-13,60196,67167,70980,73927
0,1,1,2015-03-14,60223,67197,70998,73955
0,1,1,2015-03-15,60187,67205,70994,73966
0,1,1,2015-03-16,60206,67220,70991,73981
0,1,1,2015-03-17,60188,67236,70994,74002
0,1,1,2015-03-18,60199,67274,71004,74025
0,1,1,2015-03-19,60228,67299,71019,74042
0,1,1,2015-03-20,60269,67355,71039,74060
0,1,1,2015-03-21,60280,67397,71075,74086
0,1,1,2015-03-22,60285,67434,71098,74105
0,1,1,2015-03-23,60305,67449,71109,74136
0,1,1,2015-03-24,60302,67463,71127,74158
0,1,1,2015-03-25,60301,67503,71158,74186
0,1,1,2015-03-26,60299,67516,71170,74202
0,1,1,2015-03-27,60338,67551,71201,74239
0,1,1,2015-03-28,60349,67558,71217,74253
0,1,1,2015-03-29,60348,67592,71225,74287
0,1,1,2015-03-30,60331,67620,71236,74313
0,1,1,2015-03-31,60345,67660,71276,74337
0,1,1,2015-04-01,60357,67677,71303,74347
0,1,1,2015-04-02,60351,67698,71298,74351
0,1,1,2015-04-03,60378,67735,71335,74381
0,1,1,2015-04-04,60389,67745,71358,74409
0,1,1,2015-04-05,60406,67753,71375,74413
0,1,1,2015-04-06,60417,67774,71383,74426
0,1,1,2015-04-07,60400,67786,71385,74428
0,1,1,2015-04-08,60390,67799,71398,74445
0,1,1,2015-04-09,60388,67837,71419,74476
0,1,1,2015-04-10,60388,67878,71463,74499
0,1,1,2015-04-11,60401,67900,71480,74503
0,1,1,2015-04-12,60441,67916,71505,74524
0,1,1,2015-04-13,60434,67936,71514,74538
0,1,1,2015-04-14,60441,67957,71544,74564
0,1,1,2015-04-15,60466,67980,71554,74595
0,1,1,2015-04-16,60466,68012,71575,74617
0,1,1,2015-04-17,60500,68024,71591,74630
0,1,1,2015-04-18,60531,68056,71610,74652
0,1,1,2015-04-19,60537,68067,71622,74662
0,1,1,2015-04-20,60510,68083,71637,74680
0,1,1,2015-04-21,60526,68112,71673,74707
0,1,1,2015-04-22,60527,68128,71694,74723
0,1,1,2015-04-23,60537,68168,71734,74752
0,1,1,2015-04-24,60538,68190,71754,74775
0,1,1,2015-04-25,60530,68217,71771,74792
0,1,1,2015-04-26,60509,68203,71787,74802
0,1,1,2015-04-27,60515,68229,71819,74826
0,1,1,2015-04-28,60528,68255,71844,74836
0,1,1,2015-04-29,60552,68289,71864,74859
0,1,1,2015-04-30,60575,68322,71888,74884
0,1,1,2015-05-01,60556,68359,71908,74911
0,1,1,2015-05-02,60560,68398,71927,74930
0,1,1,2015-05-03,60535,68408,71942,74949
0,1,1,2015-05-04,60533,68420,71959,74971
0,1,1,2015-05-05,60511,68448,71970,74990
0,1,1,2015-05-06,60484,68448,71989,75004
0,1,1,2015-05-07,60502,68474,72029,75029
0,1,1,2015-05-08,60510,68506,72046,75045
0,1,1,2015-05-09,60549,68517,72071,75064
0,1,1,2015-05-10,60608,68554,72094,75087
0,1,1,2015-05-11,60604,68546,72096,75093
0,1,1,2015-05-12,60634,68571,72114,75117
0,1,1,2015-05-13,60675,68576,72131,75128
0,1,1,2015-05-14,60726,68599,72158,75153
0,1,1,2015-05-15,60777,68624,72192,75170
0,1,1,2015-05-16,60861,68631,72225,75197
0,1,1,2015-05-17,60921,68640,72242,75212
0,1,1,2015-05-18,60977,68659,72269,75226
0,1,1,2015-05-19,61078,68687,72297,75247
0,1,1,2015-05-20,61148,68692,72323,75274
0,1,1,2015-05-21,61213,68688,72345,75293
0,1,1,2015-05-22,61297,68710,72372,75297
0,1,1,2015-05-23,61369,68734,72399,75315
0,1,1,2015-05-24,61422,68756,72436,75331
0,1,1,2015-05-25,61457,68757,72438,75316
0,1,1,2015-05-26,61488,68769,72444,75324
0,1,1,2015-05-27,61523,68772,72459,75341
0,1,1,2015-05-28,61612,68796,72503,75358
0,1,1,2015-05-29,61681,68815,72531,75380
0,1,1,2015-05-30,61724,68836,72543,75400
0,1,1,2015-05-31,61771,68851,72562,75418
0,1,1,2015-06-01,61815,68844,72576,75429
0,1,1,2015-06-02,61801,68852,72599,75437
0,1,1,2015-06-03,61823,68868,72609,75445
0,1,1,2015-06-04,61833,68852,72618,75451
0,1,1,2015-06-05,61841,68854,72652,75462
0,1,1,2015-06-06,61867,68876,72687,75482
0,1,1,2015-06-07,61902,68880,72716,75502
0,1,1,2015-06-08,61923,68880,72735,75505
0,1,1,2015-06-09,61921,68863,72738,75504
0,1,1,2015-06-10,61945,68873,72757,75516
0,1,1,2015-06-11,61955,68896,72801,75537
0,1,1,2015-06-12,61974,68920,72822,75547
0,1,1,2015-06-13,61991,68924,72841,75563
0,1,1,2015-06-14,61991,68939,72862,75562
0,1,1,2015-06-15,62015,68959,72876,75564
0,1,1,2015-06-16,62004,68965,72905,75575
0,1,1,2015-06-17,61993,68977,72920,75582
0,1,1,2015-06-18,61968,68973,72948,75591
0,1,1,2015-06-19,61977,68969,72975,75610
0,1,1,2015-06-20,61956,68955,73000,75628
0,1,1,2015-06-21,61943,68959,73004,75618
0,1,1,2015-06-22,61961,68973,73025,75644
0,1,1,2015-06-23,61959,68950,73031,75651
0,1,1,2015-06-24,61947,68943,73038,75654
0,1,1,2015-06-25,61945,68945,73060,75675
0,1,1,2015-06-26,61933,68931,73049,75679
0,1,1,2015-06-27,61932,68924,73069,75689
0,1,1,2015-06-28,61906,68873,73074,75683
0,1,1,2015-06-29,61921,68860,73094,75715
0,1,1,2015-06-30,61950,68884,73117,75745
0,1,1,2015-07-01,61967,68893,73140,75762
0,1,1,2015-07-02,61946,68895,73152,75780
0,1,1,2015-07-03,61968,68895,73157,75795
0,1,1,2015-07-04,62002,68915,73185,75823
0,1,1,2015-07-05,62030,68936,73210,75845
0,1,1,2015-07-06,62034,68926,73212,75839
0,1,1,2015-07-07,62047,68921,73231,75854
0,1,1,2015-07-08,62047,68924,73252,75868
0,1,1,2015-07-09,62064,68918,73281,75895
0,1,1,2015-07-10,62018,68900,73282,75894
0,1,1,2015-07-11,61997,68888,73270,75895
0,1,1,2015-07-12,61999,68855,73277,75891
0,1,1,2015-07-13,61997,68855,73288,75912
0,1,1,2015-07-14,62003,68882,73313,75916
0,1,1,2015-07-15,62037,68881,73336,75940
0,1,1,2015-07-16,62017,68894,73350,75961
0,1,1,2015-07-17,61994,68892,73355,75970
0,1,1,2015-07-18,62029,68906,73378,75995
0,1,1,2015-07-19,62073,68921,73393,76013
0,1,1,2015-07-20,62075,68925,73409,76035
0,1,1,2015-07-21,62062,68926,73424,76052
0,1,1,2015-07-22,62066,68934,73441,76071
0,1,1,2015-07-23,62038,68941,73466,76091
0,1,1,2015-07-24,62029,68917,73475,76092
0,1,1,2015-07-25,62036,68923,73474,76120
0,1,1,2015-07-26,62021,68935,73495,76142
0,1,1,2015-07-27,61998,68928,73507,76162
0,1,1,2015-07-28,62020,68959,73547,76202
0,1,1,2015-07-29,61972,68952,73560,76209
0,1,1,2015-07-30,61995,68962,73600,76233
0,1,1,2015-07-31,61993,68969,73633,76253
0,1,1,2015-08-01,62050,68985,73664,76278
0,1,1,2015-08-02,62066,68998,73688,76295
0,1,1,2015-08-03,62061,68990,73708,76314
0,1,1,2015-08-04,62061,68982,73712,76328
0,1,1,2015-08-05,62034,68987,73726,76354
0,1,1,2015-08-06,62018,68982,73746,76378
0,1,1,2015-08-07,62028,69003,73759,76403
0,1,1,2015-08-08,62020,69011,73771,76405
0,1,1,2015-08-09,61987,68991,73757,76396
0,1,1,2015-08-10,61989,69001,73763,76398
0,1,1,2015-08-11,61964,69017,73769,76412
0,1,1,2015-08-12,61963,69056,73800,76438
0,1,1,2015-08-13,61942,69082,73814,76456
0,1,1,2015-08-14,61961,69130,73824,76485
0,1,1,2015-08-15,62026,69203,73864,76526
0,1,1,2015-08-16,62042,69226,73881,76548
0,1,1,2015-08-17,62014,69261,73891,76559
0,1,1,2015-08-18,62004,69293,73894,76585
0,1,1,2015-08-19,62021,69325,73884,76599
0,1,1,2015-08-20,62032,69370,73910,76622
0,1,1,2015-08-21,62015,69394,73926,76634
0,1,1,2015-08-22,62040,69436,73949,76660
0,1,1,2015-08-23,62061,69470,73968,76675
0,1,1,2015-08-24,62069,69492,73978,76684
0,1,1,2015-08-25,62049,69500,73981,76698
0,1,1,2015-08-26,62029,69522,73987,76719
0,1,1,2015-08-27,62027,69558,74011,76737
0,1,1,2015-08-28,62002,69588,74039,76755
0,1,1,2015-08-29,61959,69609,74054,76775
0,1,1,2015-08-30,61940,69631,74036,76780
0,1,1,2015-08-31,62009,69645,74070,76822
0,1,1,2015-09-01,62077,69688,74108,76855
0,1,1,2015-09-02,62111,69718,74130,76880
0,1,1,2015-09-03,62130,69732,74139,76915
0,1,1,2015-09-04,62153,69754,74160,76946
0,1,1,2015-09-05,62171,69767,74156,76967
0,1,1,2015-09-06,62209,69805,74190,77014
0,1,1,2015-09-07,62233,69808,74188,77036
0,1,1,2015-09-08,62265,69829,74196,77053
0,1,1,2015-09-09,62298,69825,74207,77078
0,1,1,2015-09-10,62332,69847,74229,77100
0,1,1,2015-09-11,62353,69850,74236,77118
0,1,1,2015-09-12,62336,69857,74243,77134
0,1,1,2015-09-13,62356,69868,74255,77151
0,1,1,2015-09-14,62398,69862,74258,77175
0,1,1,2015-09-15,62436,69858,74276,77193
0,1,1,2015-09-16,62617,69889,74316,77254
0,1,1,2015-09-17,62626,69889,74309,77276
0,1,1,2015-09-18,62647,69878,74297,77286
0,1,1,2015-09-19,62656,69876,74311,77299
0,1,1,2015-09-20,62638,69870,74302,77295
0,1,1,2015-09-21,62652,69868,74283,77307
0,1,1,2015-09-22,62649,69853,74283,77315
0,1,1,2015-09-23,62643,69848,74278,77322
0,1,1,2015-09-24,62745,69871,74282,77327
0,1,1,2015-09-25,62708,69841,74250,77323
0,1,1,2015-09-26,62704,69845,74214,77332
0,1,1,2015-09-27,62692,69852,74186,77343
0,1,1,2015-09-28,62675,69837,74174,77339
0,1,1,2015-09-29,62649,69809,74160,77347
0,1,1,2015-09-30,62638,69792,74142,77349
0,1,1,2015-10-01,62514,69745,74101,77322
0,1,1,2015-10-02,62532,69769,74113,77350
0,1,1,2015-10-03,62515,69774,74103,77358
0,1,1,2015-10-04,62504,69766,74083,77351
0,1,1,2015-10-05,62484,69761,74072,77364
0,1,1,2015-10-06,62348,69750,74062,77371
0,1,1,2015-10-07,62118,69724,74030,77374
0,1,1,2015-10-08,62104,69703,74022,77377
0,1,1,2015-10-09,62145,69707,74017,77372
0,1,1,2015-10-10,62154,69720,73999,77389
0,1,1,2015-10-11,62123,69717,73987,77395
0,1,1,2015-10-12,62067,69703,73983,77403
0,1,1,2015-10-13,61991,69685,73957,77408
0,1,1,2015-10-14,61939,69648,73945,77401
0,1,1,2015-10-15,61922,69644,73945,77412
0,1,1,2015-10-16,61894,69644,73941,77425
0,1,1,2015-10-17,61870,69628,73915,77411
0,1,1,2015-10-18,61809,69604,73896,77407
0,1,1,2015-10-19,61736,69565,73864,77393
0,1,1,2015-10-20,61684,69547,73853,77399
0,1,1,2015-10-21,61635,69538,73847,77414
0,1,1,2015-10-22,61571,69533,73818,77412
0,1,1,2015-10-23,61556,69526,73802,77394
0,1,1,2015-10-24,61546,69503,73786,77394
0,1,1,2015-10-25,61520,69465,73767,77389
0,1,1,2015-10-26,61475,69445,73759,77386
0,1,1,2015-10-27,61439,69416,73748,77388
0,1,1,2015-10-28,61374,69392,73728,77393
0,1,1,2015-10-29,61314,69374,73707,77399
0,1,1,2015-10-30,61257,69371,73690,77412
0,1,1,2015-10-31,61234,69360,73698,77423
0,1,1,2015-11-01,61199,69343,73674,77424
0,1,1,2015-11-02,61156,69333,73648,77410
0,1,1,2015-11-03,61157,69322,73650,77417
0,1,1,2015-11-04,61149,69319,73638,77427
0,1,1,2015-11-05,61180,69330,73667,77450
0,1,1,2015-11-06,61224,69343,73675,77455
0,1,1,2015-11-07,61245,69355,73701,77481
0,1,1,2015-11-08,61266,69352,73705,77490
0,1,1,2015-11-09,61287,69347,73713,77488
0,1,1,2015-11-10,61277,69357,73731,77502
0,1,1,2015-11-11,61271,69346,73741,77513
0,1,1,2015-11-12,61250,69346,73770,77516
0,1,1,2015-11-13,61246,69367,73802,77541
0,1,1,2015-11-14,61229,69358,73815,77546
0,1,1,2015-11-15,61225,69337,73833,77548
0,1,1,2015-11-16,61189,69317,73851,77546
0,1,1,2015-11-17,61164,69339,73889,77555
0,1,1,2015-11-18,61075,69330,73909,77564
0,1,1,2015-11-19,61065,69320,73928,77581
0,1,1,2015-11-20,61057,69308,73940,77584
0,1,1,2015-11-21,61024,69304,73944,77582
0,1,1,2015-11-22,60992,69305,73956,77586
0,1,1,2015-11-23,60928,69293,73959,77590
0,1,1,2015-11-24,60844,69270,73961,77577
0,1,1,2015-11-25,60758,69238,73960,77573
0,1,1,2015-11-26,60689,69238,73967,77582
0,1,1,2015-11-27,60666,69247,73985,77602
0,1,1,2015-11-28,60647,69267,74010,77598
0,1,1,2015-11-29,60624,69273,73999,77607
0,1,1,2015-11-30,60582,69283,74010,77621
0,1,1,2015-12-01,60513,69277,74012,77619
0,1,1,2015-12-02,60470,69261,73999,77606
0,1,1,2015-12-03,60408,69251,73995,77609
0,1,1,2015-12-04,60355,69262,74006,77610
0,1,1,2015-12-05,60288,69258,74005,77605
0,1,1,2015-12-06,60234,69263,74004,77601
0,1,1,2015-12-07,60189,69262,74008,77607
0,1,1,2015-12-08,60124,69287,74016,77631
0,1,1,2015-12-09,60006,69293,74027,77640
0,1,1,2015-12-10,59890,69315,74040,77652
0,1,1,2015-12-11,59807,69298,74044,77653
0,1,1,2015-12-12,59670,69300,74043,77658
0,1,1,2015-12-13,59572,69318,74036,77661
0,1,1,2015-12-14,59411,69336,74031,77672
0,1,1,2015-12-15,59202,69350,74026,77671
0,1,1,2015-12-16,59130,69353,74026,77655
0,1,1,2015-12-17,59087,69368,74019,77647
0,1,1,2015-12-18,59102,69380,74013,77651
0,1,1,2015-12-19,59121,69385,74035,77669
0,1,1,2015-12-20,59140,69400,74046,77653
0,1,1,2015-12-21,59126,69399,74040,77654
0,1,1,2015-12-22,59101,69408,74036,77649
0,1,1,2015-12-23,58954,69417,74035,77634
0,1,1,2015-12-24,58955,69425,74042,77624
0,1,1,2015-12-25,58940,69432,74045,77590
0,1,1,2015-12-26,58931,69430,74033,77558
0,1,1,2015-12-27,58914,69440,74029,77553
0,1,1,2015-12-28,58928,69443,74030,77554
0,1,1,2015-12-29,58856,69408,74013,77538
0,1,1,2015-12-30,58988,69409,74017,77535
0,1,1,2015-12-31,59008,69403,74033,77536
0,1,1,2016-01-01,59005,69410,74042,77539
0,1,1,2016-01-02,59029,69418,74054,77533
0,1,1,2016-01-03,59078,69444,74077,77546
0,1,1,2016-01-04,59119,69405,74083,77551
0,1,1,2016-01-05,59114,69298,74082,77537
0,1,1,2016-01-06,59121,69323,74091,77548
0,1,1,2016-01-07,59142,69366,74113,77559
0,1,1,2016-01-08,59112,69375,74120,77549
0,1,1,2016-01-09,59106,69372,74133,77544
0,1,1,2016-01-10,59052,69345,74122,77540
0,1,1,2016-01-11,59070,69334,74135,77535
0,1,1,2016-01-12,59086,69324,74124,77540
0,1,1,2016-01-13,59091,69329,74129,77544
0,1,1,2016-01-14,59133,69344,74148,77568
0,1,1,2016-01-15,59144,69354,74169,77578
0,1,1,2016-01-16,59177,69355,74188,77583
0,1,1,2016-01-17,59143,69317,74166,77560
0,1,1,2016-01-18,59169,69312,74172,77566
0,1,1,2016-01-19,59141,69279,74161,77555
0,1,1,2016-01-20,59129,69258,74173,77547
0,1,1,2016-01-21,59297,69310,74199,77567
0,1,1,2016-01-22,59616,69379,74233,77587
0,1,1,2016-01-23,59810,69427,74252,77604
0,1,1,2016-01-24,59938,69457,74278,77631
0,1,1,2016-01-25,60169,69547,74317,77669
0,1,1,2016-01-26,60335,69579,74350,77692
0,1,1,2016-01-27,60525,69631,74384,77712
0,1,1,2016-01-28,60681,69652,74415,77720
0,1,1,2016-01-29,60815,69713,74459,77762
0,1,1,2016-01-30,60926,69747,74487,77776
0,1,1,2016-01-31,61004,69754,74510,77791
0,1,1,2016-02-01,61059,69760,74498,77792
0,1,1,2016-02-02,61114,69757,74514,77800
0,1,1,2016-02-03,61156,69773,74530,77819
0,1,1,2016-02-04,61168,69801,74556,77844
0,1,1,2016-02-05,61136,69798,74546,77853
0,1,1,2016-02-06,61118,69797,74535,77854
0,1,1,2016-02-07,61046,69786,74518,77849
0,1,1,2016-02-08,60983,69754,74504,77857
0,1,1,2016-02-09,60913,69745,74484,77853
0,1,1,2016-02-10,60881,69730,74480,77876
0,1,1,2016-02-11,60856,69727,74493,77892
0,1,1,2016-02-12,60811,69710,74476,77890
0,1,1,2016-02-13,60807,69703,74468,77913
0,1,1,2016-02-14,60793,69683,74457,77930
0,1,1,2016-02-15,60840,69679,74471,77958
0,1,1,2016-02-16,60908,69670,74478,77990
0,1,1,2016-02-17,60992,69692,74483,78009
0,1,1,2016-02-18,61050,69701,74489,78031
0,1,1,2016-02-19,61169,69729,74530,78075
0,1,1,2016-02-20,61260,69744,74572,78114
0,1,1,2016-02-21,61339,69733,74580,78123
0,1,1,2016-02-22,61397,69712,74577,78136
0,1,1,2016-02-23,61540,69742,74606,78182
0,1,1,2016-02-24,61692,69792,74658,78232
0,1,1,2016-02-25,61832,69855,74716,78285
0,1,1,2016-02-26,61973,69922,74781,78339
0,1,1,2016-02-27,62171,70001,74836,78362
0,1,1,2016-02-28,62286,70039,74894,78414
0,1,1,2016-02-29,62392,70075,74930,78454
0,1,1,2016-03-01,62563,70147,74985,78508
0,1,1,2016-03-02,62707,70213,75040,78548
0,1,1,2016-03-03,62896,70314,75121,78625
0,1,1,2016-03-04,63069,70391,75187,78681
0,1,1,2016-03-05,63234,70450,75237,78711
0,1,1,2016-03-06,63399,70520,75301,78775
0,1,1,2016-03-07,63560,70563,75362,78807
0,1,1,2016-03-08,63671,70588,75408,78853
0,1,1,2016-03-09,63777,70596,75449,78877
0,1,1,2016-03-10,63917,70679,75521,78941
0,1,1,2016-03-11,64064,70741,75587,79006
0,1,1,2016-03-12,64204,70786,75641,79025
0,1,1,2016-03-13,64309,70805,75687,79061
0,1,1,2016-03-14,64420,70832,75752,79114
0,1,1,2016-03-15,64561,70903,75810,79162
0,1,1,2016-03-16,64679,70973,75880,79213
0,1,1,2016-03-17,64820,71074,75962,79266
0,1,1,2016-03-18,64955,71162,76019,79325
0,1,1,2016-03-19,65079,71253,76086,79389
0,1,1,2016-03-20,65227,71366,76170,79451
0,1,1,2016-03-21,65313,71430,76233,79489
0,1,1,2016-03-22,65458,71526,76321,79552
0,1,1,2016-03-23,65547,71593,76368,79601
0,1,1,2016-03-24,65630,71671,76439,79656
0,1,1,2016-03-25,65719,71746,76480,79698
0,1,1,2016-03-26,65845,71831,76548,79752
0,1,1,2016-03-27,65918,71922,76610,79800
0,1,1,2016-03-28,66003,71972,76636,79832
0,1,1,2016-03-29,66112,72117,76705,79887
0,1,1,2016-03-30,66207,72201,76756,79944
0,1,1,2016-03-31,66343,72300,76825,80004
0,1,1,2016-04-01,66468,72395,76876,80064
0,1,1,2016-04-02,66566,72464,76916,80110
0,1,1,2016-04-03,66651,72539,76938,80139
0,1,1,2016-04-04,66734,72611,76905,80171
0,1,1,2016-04-05,66823,72687,76967,80213
0,1,1,2016-04-06,66905,72758,77029,80260
0,1,1,2016-04-07,67010,72820,77076,80301
0,1,1,2016-04-08,67117,72903,77121,80344
0,1,1,2016-04-09,67220,72963,77158,80384
0,1,1,2016-04-10,67315,73048,77209,80433
0,1,1,2016-04-11,67418,73138,77250,80468
0,1,1,2016-04-12,67516,73205,77305,80517
0,1,1,2016-04-13,67569,73272,77341,80541
0,1,1,2016-04-14,67662,73343,77395,80591
0,1,1,2016-04-15,67718,73385,77413,80621
0,1,1,2016-04-16,67791,73439,77450,80656
0,1,1,2016-04-17,67864,73503,77482,80686
0,1,1,2016-04-18,67943,73550,77510,80721
0,1,1,2016-04-19,68026,73616,77552,80773
0,1,1,2016-04-20,68099,73694,77606,80823
0,1,1,2016-04-21,68184,73762,77653,80857
0,1,1,2016-04-22,68249,73834,77704,80886
0,1,1,2016-04-23,68327,73884,77747,80933
0,1,1,2016-04-24,68353,73936,77789,80959
0,1,1,2016-04-25,68386,73989,77843,81022
0,1,1,2016-04-26,68450,74062,77889,81056
0,1,1,2016-04-27,68515,74129,77932,81105
0,1,1,2016-04-28,68596,74221,78021,81172
0,1,1,2016-04-29,68647,74295,78073,81205
0,1,1,2016-04-30,68713,74360,78111,81237
0,1,1,2016-05-01,68758,74416,78149,81257
0,1,1,2016-05-02,68791,74454,78161,81284
0,1,1,2016-05-03,68847,74497,78185,81307
0,1,1,2016-05-04,68922,74545,78230,81347
0,1,1,2016-05-05,69015,74606,78279,81380
0,1,1,2016-05-06,69110,74665,78332,81420
0,1,1,2016-05-07,69207,74722,78384,81464
0,1,1,2016-05-08,69310,74766,78416,81495
0,1,1,2016-05-09,69393,74822,78457,81531
0,1,1,2016-05-10,69457,74852,78486,81563
0,1,1,2016-05-11,69523,74904,78525,81604
0,1,1,2016-05-12,69587,74935,78545,81616
0,1,1,2016-05-13,69664,74976,78592,81647
0,1,1,2016-05-14,69757,75035,78638,81683
0,1,1,2016-05-15,69780,75062,78657,81710
0,1,1,2016-05-16,69831,75120,78694,81757
0,1,1,2016-05-17,69924,75189,78760,81808
0,1,1,2016-05-18,69983,75234,78782,81842
0,1,1,2016-05-19,70046,75305,78829,81892
0,1,1,2016-05-20,70079,75357,78859,81930
0,1,1,2016-05-21,70101,75389,78883,81958
0,1,1,2016-05-22,70140,75434,78909,81983
0,1,1,2016-05-23,70178,75490,78952,82023
0,1,1,2016-05-24,70211,75535,78987,82062
0,1,1,2016-05-25,70287,75611,79050,82128
0,1,1,2016-05-26,70335,75669,79085,82172
0,1,1,2016-05-27,70396,75740,79131,82212
0,1,1,2016-05-28,70436,75781,79160,82252
0,1,1,2016-05-29,70458,75816,79181,82278
0,1,1,2016-05-30,70500,75859,79221,82292
0,1,1,2016-05-31,70510,75904,79242,82318
0,1,1,2016-06-01,70520,75931,79261,82337
0,1,1,2016-06-02,70566,76000,79301,82366
0,1,1,2016-06-03,70593,76054,79334,82399
0,1,1,2016-06-04,70653,76104,79384,82444
0,1,1,2016-06-05,70692,76157,79421,82496
0,1,1,2016-06-06,70721,76199,79455,82526
0,1,1,2016-06-07,70743,76229,79460,82545
0,1,1,2016-06-08,70783,76259,79495,82566
0,1,1,2016-06-09,70803,76298,79515,82589
0,1,1,2016-06-10,70781,76334,79518,82606
0,1,1,2016-06-11,70805,76365,79525,82623
0,1,1,2016-06-12,70824,76391,79539,82652
0,1,1,2016-06-13,70831,76428,79564,82687
0,1,1,2016-06-14,70836,76465,79592,82723
0,1,1,2016-06-15,70829,76489,79630,82754
0,1,1,2016-06-16,70839,76541,79672,82779
0,1,1,2016-06-17,70850,76566,79716,82807
0,1,1,2016-06-18,70844,76580,79748,82823
0,1,1,2016-06-19,70855,76616,79777,82859
0,1,1,2016-06-20,70852,76634,79797,82879
0,1,1,2016-06-21,70886,76706,79870,82944
0,1,1,2016-06-22,70918,76731,79896,82977
0,1,1,2016-06-23,70943,76787,79962,83031
0,1,1,2016-06-24,70947,76828,80005,83074
0,1,1,2016-06-25,70963,76851,80044,83098
0,1,1,2016-06-26,70957,76860,80050,83103
0,1,1,2016-06-27,70951,76897,80116,83141
0,1,1,2016-06-28,70974,76932,80159,83176
0,1,1,2016-06-29,70995,76973,80187,83203
0,1,1,2016-06-30,71001,77004,80234,83232
0,1,1,2016-07-01,71053,77053,80278,83266
0,1,1,2016-07-02,71076,77084,80316,83273
0,1,1,2016-07-03,71064,77118,80338,83231
0,1,1,2016-07-04,71067,77164,80370,83256
0,1,1,2016-07-05,71048,77177,80388,83277
0,1,1,2016-07-06,71032,77201,80404,83293
0,1,1,2016-07-07,71029,77222,80430,83305
0,1,1,2016-07-08,71016,77240,80442,83308
0,1,1,2016-07-09,70993,77263,80485,83322
0,1,1,2016-07-10,70975,77288,80521,83345
0,1,1,2016-07-11,70978,77317,80543,83366
0,1,1,2016-07-12,71027,77363,80597,83406
0,1,1,2016-07-13,71060,77415,80642,83438
0,1,1,2016-07-14,71071,77447,80678,83465
0,1,1,2016-07-15,71083,77491,80714,83480
0,1,1,2016-07-16,71101,77542,80768,83511
0,1,1,2016-07-17,71124,77592,80797,83531
0,1,1,2016-07-18,71151,77635,80840,83573
0,1,1,2016-07-19,71160,77659,80878,83605
0,1,1,2016-07-20,71179,77700,80936,83655
0,1,1,2016-07-21,71209,77746,81000,83708
0,1,1,2016-07-22,71232,77797,81037,83731
0,1,1,2016-07-23,71274,77843,81098,83788
0,1,1,2016-07-24,71269,77842,81121,83810
0,1,1,2016-07-25,71280,77852,81149,83821
0,1,1,2016-07-26,71289,77854,81178,83835
0,1,1,2016-07-27,71251,77863,81207,83869
0,1,1,2016-07-28,71247,77885,81247,83895
0,1,1,2016-07-29,71245,77919,81283,83925
0,1,1,2016-07-30,71221,77947,81321,83946
0,1,1,2016-07-31,71267,77984,81355,83964
0,1,1,2016-08-01,71307,78018,81401,83997
0,1,1,2016-08-02,71289,78046,81426,84031
0,1,1,2016-08-03,71309,78082,81453,84069
0,1,1,2016-08-04,71339,78128,81482,84103
0,1,1,2016-08-05,71365,78169,81504,84133
0,1,1,2016-08-06,71386,78226,81540,84151
0,1,1,2016-08-07,71411,78268,81572,84185
0,1,1,2016-08-08,71403,78312,81608,84214
0,1,1,2016-08-09,71415,78348,81641,84247
0,1,1,2016-08-10,71432,78389,81672,84277
0,1,1,2016-08-11,71457,78426,81702,84315
0,1,1,2016-08-12,71454,78488,81756,84352
0,1,1,2016-08-13,71467,78516,81783,84377
0,1,1,2016-08-14,71457,78530,81815,84390
0,1,1,2016-08-15,71490,78562,81848,84431
0,1,1,2016-08-16,71499,78584,81872,84453
0,1,1,2016-08-17,71522,78621,81927,84491
0,1,1,2016-08-18,71533,78653,81967,84514
0,1,1,2016-08-19,71560,78682,82000,84539
0,1,1,2016-08-20,71586,78707,82035,84560
0,1,1,2016-08-21,71585,78717,82062,84574
0,1,1,2016-08-22,71599,78717,82084,84591
0,1,1,2016-08-23,71624,78745,82124,84621
0,1,1,2016-08-24,71641,78764,82154,84639
0,1,1,2016-08-25,71657,78789,82190,84664
0,1,1,2016-08-26,71671,78803,82211,84682
0,1,1,2016-08-27,71675,78825,82241,84700
0,1,1,2016-08-28,71624,78838,82263,84720
0,1,1,2016-08-29,71567,78852,82294,84742
0,1,1,2016-08-30,71604,78864,82333,84781
0,1,1,2016-08-31,71592,78876,82361,84807
0,1,1,2016-09-01,71595,78885,82389,84825
0,1,1,2016-09-02,71631,78913,82416,84860
0,1,1,2016-09-03,71661,78936,82453,84889
0,1,1,2016-09-04,71652,78944,82475,84904
0,1,1,2016-09-05,71661,78969,82511,84923
0,1,1,2016-09-06,71712,79001,82535,84954
0,1,1,2016-09-07,71744,79031,82578,84984
0,1,1,2016-09-08,71804,79046,82626,85021
0,1,1,2016-09-09,71831,79068,82658,85040
0,1,1,2016-09-10,71864,79095,82686,85062
0,1,1,2016-09-11,71903,79108,82706,85075
0,1,1,2016-09-12,71945,79121,82738,85098
0,1,1,2016-09-13,71972,79110,82758,85122
0,1,1,2016-09-14,71979,79123,82798,85153
0,1,1,2016-09-15,71997,79132,82813,85182
0,1,1,2016-09-16,72032,79155,82840,85219
0,1,1,2016-09-17,72010,79164,82864,85241
0,1,1,2016-09-18,72039,79164,82878,85256
0,1,1,2016-09-19,72168,79187,82909,85285
0,1,1,2016-09-20,72222,79223,82945,85325
0,1,1,2016-09-21,72251,79255,82990,85375
0,1,1,2016-09-22,72257,79266,83013,85407
0,1,1,2016-09-23,72304,79305,83031,85452
0,1,1,2016-09-24,72348,79345,83067,85476
0,1,1,2016-09-25,72359,79357,83095,85529
0,1,1,2016-09-26,72425,79397,83131,85568
0,1,1,2016-09-27,72470,79409,83161,85598
0,1,1,2016-09-28,72494,79407,83175,85628
0,1,1,2016-09-29,72509,79419,83198,85653
0,1,1,2016-09-30,72580,79471,83248,85707
0,1,1,2016-10-01,72621,79495,83294,85744
0,1,1,2016-10-02,72641,79503,83326,85767
0,1,1,2016-10-03,72675,79506,83338,85793
0,1,1,2016-10-04,72694,79528,83383,85819
0,1,1,2016-10-05,72748,79544,83408,85851
0,1,1,2016-10-06,72783,79561,83439,85885
0,1,1,2016-10-07,72838,79566,83449,85910
0,1,1,2016-10-08,72889,79578,83483,85956
0,1,1,2016-10-09,72912,79598,83512,85978
0,1,1,2016-10-10,72941,79603,83521,86001
0,1,1,2016-10-11,72962,79622,83547,86024
0,1,1,2016-10-12,72997,79638,83572,86053
0,1,1,2016-10-13,73028,79649,83603,86088
0,1,1,2016-10-14,73032,79642,83615,86102
0,1,1,2016-10-15,73016,79643,83637,86107
0,1,1,2016-10-16,73011,79637,83647,86115
0,1,1,2016-10-17,73036,79651,83666,86142
0,1,1,2016-10-18,73079,79670,83687,86177
0,1,1,2016-10-19,73096,79689,83714,86208
0,1,1,2016-10-20,73139,79717,83756,86246
0,1,1,2016-10-21,73171,79720,83762,86268
0,1,1,2016-10-22,73201,79750,83782,86303
0,1,1,2016-10-23,73215,79768,83805,86337
0,1,1,2016-10-24,73241,79803,83831,86381
0,1,1,2016-10-25,73266,79800,83855,86417
0,1,1,2016-10-26,73284,79827,83885,86457
0,1,1,2016-10-27,73298,79820,83896,86475
0,1,1,2016-10-28,73322,79831,83924,86511
0,1,1,2016-10-29,73333,79850,83937,86539
0,1,1,2016-10-30,73366,79866,83951,86571
0,1,1,2016-10-31,73373,79863,83973,86589
0,1,1,2016-11-01,73420,79877,83997,86605
0,1,1,2016-11-02,73459,79889,84011,86617
0,1,1,2016-11-03,73483,79925,84052,86643
0,1,1,2016-11-04,73544,79960,84110,86678
0,1,1,2016-11-05,73595,80001,84157,86719
0,1,1,2016-11-06,73618,80011,84191,86753
0,1,1,2016-11-07,73659,80030,84228,86799
0,1,1,2016-11-08,73679,80047,84257,86821
0,1,1,2016-11-09,73684,80050,84270,86826
0,1,1,2016-11-10,73710,80058,84313,86869
0,1,1,2016-11-11,73762,80091,84334,86892
0,1,1,2016-11-12,73832,80128,84357,86933
0,1,1,2016-11-13,73854,80139,84377,86957
0,1,1,2016-11-14,73913,80172,84411,86990
0,1,1,2016-11-15,73931,80189,84425,87012
0,1,1,2016-11-16,73958,80205,84455,87046
0,1,1,2016-11-17,74003,80233,84481,87075
0,1,1,2016-11-18,74033,80255,84502,87110
0,1,1,2016-11-19,74056,80272,84526,87140
0,1,1,2016-11-20,74057,80270,84522,87155
0,1,1,2016-11-21,74074,80288,84537,87190
0,1,1,2016-11-22,74046,80300,84549,87211
0,1,1,2016-11-23,74043,80306,84562,87239
0,1,1,2016-11-24,74094,80326,84581,87255
0,1,1,2016-11-25,74138,80361,84602,87280
0,1,1,2016-11-26,74139,80356,84621,87299
0,1,1,2016-11-27,74171,80385,84644,87340
0,1,1,2016-11-28,74223,80409,84651,87363
0,1,1,2016-11-29,74225,80392,84665,87384
0,1,1,2016-11-30,74275,80415,84692,87419
0,1,1,2016-12-01,74280,80434,84703,87432
0,1,1,2016-12-02,74302,80451,84711,87452
0,1,1,2016-12-03,74329,80461,84715,87465
0,1,1,2016-12-04,74365,80478,84733,87494
0,1,1,2016-12-05,74399,80505,84759,87516
0,1,1,2016-12-06,74438,80528,84776,87548
0,1,1,2016-12-07,74464,80533,84769,87574
0,1,1,2016-12-08,74498,80577,84790,87610
0,1,1,2016-12-09,74549,80604,84811,87640
0,1,1,2016-12-10,74586,80652,84854,87684
0,1,1,2016-12-11,74576,80654,84841,87689
0,1,1,2016-12-12,74602,80689,84853,87718
0,1,1,2016-12-13,74621,80705,84867,87749
0,1,1,2016-12-14,74662,80721,84871,87754
0,1,1,2016-12-15,74688,80725,84876,87758
0,1,1,2016-12-16,74706,80724,84888,87774
0,1,1,2016-12-17,74732,80738,84897,87795
0,1,1,2016-12-18,74765,80752,84897,87814
0,1,1,2016-12-19,74768,80771,84903,87822
0,1,1,2016-12-20,74797,80768,84908,87836
0,1,1,2016-12-21,74800,80785,84918,87852
0,1,1,2016-12-22,74775,80793,84918,87841
0,1,1,2016-12-23,74761,80796,84921,87852
0,1,1,2016-12-24,74775,80804,84922,87861
0,1,1,2016-12-25,74766,80814,84926,87864
0,1,1,2016-12-26,74764,80824,84923,87877
0,1,1,2016-12-27,74758,80831,84917,87883
0,1,1,2016-12-28,74760,80831,84922,87893
0,1,1,2016-12-29,74739,80844,84923,87898
0,1,1,2016-12-30,74748,80863,84938,87930
0,1,1,2016-12-31,74775,80872,84942,87965
0,1,1,2017-01-01,74859,80949,85005,88041
0,1,1,2017-01-02,74916,81004,85056,88111
0,1,1,2017-01-03,75008,81105,85136,88184
0,1,1,2017-01-04,75091,81183,85218,88259
0,1,1,2017-01-05,75155,81260,85280,88324
0,1,1,2017-01-06,75210,81312,85311,88368
0,1,1,2017-01-07,75248,81344,85340,88394
0,1,1,2017-01-08,75266,81377,85372,88422
0,1,1,2017-01-09,75307,81425,85415,88464
0,1,1,2017-01-10,75361,81465,85447,88502
0,1,1,2017-01-11,75413,81526,85488,88565
0,1,1,2017-01-12,75442,81580,85537,88625
0,1,1,2017-01-13,75487,81615,85573,88675
0,1,1,2017-01-14,75519,81653,85613,88718
0,1,1,2017-01-15,75549,81685,85636,88751
0,1,1,2017-01-16,75602,81740,85672,88790
0,1,1,2017-01-17,75648,81766,85692,88817
0,1,1,2017-01-18,75670,81792,85722,88859
0,1,1,2017-01-19,75682,81811,85739,88871
0,1,1,2017-01-20,75682,81830,85759,88885
0,1,1,2017-01-21,75660,81834,85764,88889
0,1,1,2017-01-22,75629,81830,85771,88892
0,1,1,2017-01-23,75612,81824,85752,88896
0,1,1,2017-01-24,75594,81817,85762,88904
0,1,1,2017-01-25,75569,81814,85752,88916
0,1,1,2017-01-26,75535,81804,85741,88915
0,1,1,2017-01-27,75466,81780,85731,88906
0,1,1,2017-01-28,75415,81749,85719,88892
0,1,1,2017-01-29,75426,81755,85729,88906
0,1,1,2017-01-30,75379,81757,85719,88906
0,1,1,2017-01-31,75327,81766,85720,88915
0,1,1,2017-02-01,75285,81741,85724,88917
0,1,1,2017-02-02,75230,81735,85718,88933
0,1,1,2017-02-03,75176,81724,85712,88937
0,1,1,2017-02-04,75160,81732,85711,88958
0,1,1,2017-02-05,75118,81735,85699,88963
0,1,1,2017-02-06,75093,81734,85707,88979
0,1,1,2017-02-07,75090,81728,85715,88993
0,1,1,2017-02-08,75065,81721,85710,89019
0,1,1,2017-02-09,75076,81740,85727,89027
0,1,1,2017-02-10,75054,81757,85737,89028
0,1,1,2017-02-11,75062,81776,85747,89044
0,1,1,2017-02-12,75086,81829,85782,89073
0,1,1,2017-02-13,75112,81839,85805,89096
0,1,1,2017-02-14,75103,81855,85811,89117
0,1,1,2017-02-15,75110,81887,85832,89145
0,1,1,2017-02-16,75130,81913,85859,89168
0,1,1,2017-02-17,75173,81952,85901,89204
0,1,1,2017-02-18,75222,81992,85942,89241
0,1,1,2017-02-19,75243,82021,85964,89262
0,1,1,2017-02-20,75268,82033,85993,89291
0,1,1,2017-02-21,75291,82048,86011,89316
0,1,1,2017-02-22,75291,82073,86037,89332
0,1,1,2017-02-23,75311,82127,86074,89378
0,1,1,2017-02-24,75357,82162,86090,89411
0,1,1,2017-02-25,75401,82206,86144,89459
0,1,1,2017-02-26,75409,82255,86195,89494
0,1,1,2017-02-27,75464,82314,86228,89551
0,1,1,2017-02-28,75513,82362,86259,89591
0,1,1,2017-03-01,75532,82411,86308,89635
0,1,1,2017-03-02,75559,82459,86360,89676
0,1,1,2017-03-03,75610,82514,86412,89721
0,1,1,2017-03-04,75700,82579,86476,89783
0,1,1,2017-03-05,75752,82605,86507,89812
0,1,1,2017-03-06,75795,82666,86554,89857
0,1,1,2017-03-07,75791,82688,86573,89864
0,1,1,2017-03-08,75811,82723,86612,89894
0,1,1,2017-03-09,75816,82779,86651,89926
0,1,1,2017-03-10,75855,82817,86690,89963
0,1,1,2017-03-11,75919,82855,86740,90003
0,1,1,2017-03-12,75941,82885,86771,90028
0,1,1,2017-03-13,75935,82906,86785,90043
0,1,1,2017-03-14,75958,82985,86849,90094
0,1,1,2017-03-15,76027,83040,86908,90149
0,1,1,2017-03-16,76059,83087,86946,90198
0,1,1,2017-03-17,76115,83145,86993,90241
0,1,1,2017-03-18,76167,83206,87050,90288
0,1,1,2017-03-19,76189,83222,87083,90316
0,1,1,2017-03-20,76187,83246,87089,90337
0,1,1,2017-03-21,76222,83278,87127,90371
0,1,1,2017-03-22,76222,83273,87149,90388
0,1,1,2017-03-23,76260,83296,87177,90419
0,1,1,2017-03-24,76268,83329,87208,90445
0,1,1,2017-03-25,76290,83360,87252,90475
0,1,1,2017-03-26,76288,83386,87273,90485
0,1,1,2017-03-27,76342,83423,87315,90512
0,1,1,2017-03-28,76336,83456,87345,90552
0,1,1,2017-03-29,76348,83488,87397,90590
0,1,1,2017-03-30,76331,83506,87427,90616
0,1,1,2017-03-31,76285,83530,87449,90631
0,1,1,2017-04-01,76304,83549,87480,90646
0,1,1,2017-04-02,76334,83598,87521,90683
0,1,1,2017-04-03,76348,83638,87565,90713
0,1,1,2017-04-04,76310,83652,87579,90738
0,1,1,2017-04-05,76319,83671,87611,90758
0,1,1,2017-04-06,76325,83709,87652,90780
0,1,1,2017-04-07,76338,83711,87664,90794
0,1,1,2017-04-08,76338,83719,87676,90813
0,1,1,2017-04-09,76295,83724,87699,90844
0,1,1,2017-04-10,76283,83738,87710,90853
0,1,1,2017-04-11,76259,83760,87735,90864
0,1,1,2017-04-12,76216,83768,87745,90872
0,1,1,2017-04-13,76221,83796,87761,90886
0,1,1,2017-04-14,76227,83802,87786,90909
0,1,1,2017-04-15,76212,83806,87800,90919
0,1,1,2017-04-16,76218,83824,87826,90937
0,1,1,2017-04-17,76202,83833,87830,90938
0,1,1,2017-04-18,76196,83840,87842,90954
0,1,1,2017-04-19,76201,83847,87858,90963
0,1,1,2017-04-20,76239,83865,87878,90990
0,1,1,2017-04-21,76266,83866,87897,91003
0,1,1,2017-04-22,76329,83877,87917,91033
0,1,1,2017-04-23,76368,83882,87932,91036
0,1,1,2017-04-24,76417,83904,87947,91059
0,1,1,2017-04-25,76443,83921,87970,91064
0,1,1,2017-04-26,76480,83915,87973,91075
0,1,1,2017-04-27,76559,83918,87987,91099
0,1,1,2017-04-28,76643,83944,88010,91132
0,1,1,2017-04-29,76697,83972,88033,91155
0,1,1,2017-04-30,76746,83981,88059,91169
0,1,1,2017-05-01,76793,83994,88082,91179
0,1,1,2017-05-02,76835,84005,88087,91201
0,1,1,2017-05-03,76868,84009,88115,91222
0,1,1,2017-05-04,76914,84010,88136,91242
0,1,1,2017-05-05,76959,84022,88157,91257
0,1,1,2017-05-06,76986,84025,88174,91267
0,1,1,2017-05-07,77011,84037,88190,91285
0,1,1,2017-05-08,77029,84052,88182,91295
0,1,1,2017-05-09,77091,84059,88192,91302
0,1,1,2017-05-10,77139,84087,88216,91324
0,1,1,2017-05-11,77162,84100,88230,91336
0,1,1,2017-05-12,77173,84117,88247,91344
0,1,1,2017-05-13,77212,84134,88291,91374
0,1,1,2017-05-14,77223,84143,88293,91383
0,1,1,2017-05-15,77203,84150,88303,91386
0,1,1,2017-05-16,77227,84156,88334,91407
0,1,1,2017-05-17,77244,84159,88337,91414
0,1,1,2017-05-18,77246,84179,88351,91435
0,1,1,2017-05-19,77241,84192,88360,91451
0,1,1,2017-05-20,77247,84191,88360,91458
0,1,1,2017-05-21,77266,84209,88360,91475
0,1,1,2017-05-22,77277,84220,88372,91481
0,1,1,2017-05-23,77261,84209,88389,91497
0,1,1,2017-05-24,77267,84226,88419,91512
0,1,1,2017-05-25,77289,84257,88446,91526
0,1,1,2017-05-26,77307,84274,88471,91561
0,1,1,2017-05-27,77336,84281,88512,91599
0,1,1,2017-05-28,77334,84280,88536,91607
0,1,1,2017-05-29,77360,84310,88557,91619
0,1,1,2017-05-30,77366,84314,88584,91652
0,1,1,2017-05-31,77354,84304,88594,91658
0,1,1,2017-06-01,77356,84315,88612,91671
0,1,1,2017-06-02,77365,84332,88635,91695
0,1,1,2017-06-03,77348,84322,88628,91696
0,1,1,2017-06-04,77355,84333,88661,91719
0,1,1,2017-06-05,77338,84332,88668,91732
0,1,1,2017-06-06,77352,84365,88709,91781
0,1,1,2017-06-07,77350,84375,88747,91804
0,1,1,2017-06-08,77344,84407,88774,91843
0,1,1,2017-06-09,77343,84440,88792,91871
0,1,1,2017-06-10,77363,84437,88804,91881
0,1,1,2017-06-11,77340,84436,88812,91885
0,1,1,2017-06-12,77333,84433,88838,91910
0,1,1,2017-06-13,77322,84453,88870,91938
0,1,1,2017-06-14,77322,84455,88894,91947
0,1,1,2017-06-15,77315,84474,88928,91977
0,1,1,2017-06-16,77296,84475,88944,91999
0,1,1,2017-06-17,77255,84452,88926,92004
0,1,1,2017-06-18,77249,84443,88945,92009
0,1,1,2017-06-19,77223,84427,88942,92019
0,1,1,2017-06-20,77194,84411,88919,92026
0,1,1,2017-06-21,77149,84424,88936,92040
0,1,1,2017-06-22,77135,84403,88950,92046
0,1,1,2017-06-23,77128,84407,88967,92078
0,1,1,2017-06-24,77112,84409,88983,92094
0,1,1,2017-06-25,77082,84426,88998,92119
0,1,1,2017-06-26,77009,84392,89002,92118
0,1,1,2017-06-27,76956,84375,89006,92135
0,1,1,2017-06-28,76899,84346,89013,92144
0,1,1,2017-06-29,76877,84307,89027,92158
0,1,1,2017-06-30,76844,84304,89030,92170
0,1,1,2017-07-01,76793,84289,89026,92164
0,1,1,2017-07-02,76733,84277,89033,92181
0,1,1,2017-07-03,76676,84252,89045,92190
0,1,1,2017-07-04,76630,84237,89054,92217
0,1,1,2017-07-05,76606,84236,89078,92238
0,1,1,2017-07-06,76563,84230,89084,92249
0,1,1,2017-07-07,76496,84210,89088,92254
0,1,1,2017-07-08,76475,84189,89088,92267
0,1,1,2017-07-09,76468,84176,89088,92271
0,1,1,2017-07-10,76472,84150,89095,92291
0,1,1,2017-07-11,76438,84128,89095,92293
0,1,1,2017-07-12,76407,84133,89103,92297
0,1,1,2017-07-13,76415,84148,89109,92325
0,1,1,2017-07-14,76406,84146,89131,92354
0,1,1,2017-07-15,76388,84127,89135,92369
0,1,1,2017-07-16,76334,84116,89144,92372
0,1,1,2017-07-17,76300,84110,89140,92369
0,1,1,2017-07-18,76278,84098,89127,92366
0,1,1,2017-07-19,76230,84114,89139,92388
0,1,1,2017-07-20,76226,84143,89154,92411
0,1,1,2017-07-21,76191,84163,89160,92426
0,1,1,2017-07-22,76150,84169,89157,92423
0,1,1,2017-07-23,76113,84200,89169,92433
0,1,1,2017-07-24,76043,84216,89180,92445
0,1,1,2017-07-25,76011,84237,89184,92447
0,1,1,2017-07-26,75997,84273,89190,92452
0,1,1,2017-07-27,75961,84308,89207,92472
0,1,1,2017-07-28,75893,84331,89221,92490
0,1,1,2017-07-29,75749,84374,89236,92518
0,1,1,2017-07-30,75692,84393,89235,92527
0,1,1,2017-07-31,75665,84403,89230,92515
0,1,1,2017-08-01,75676,84420,89231,92533
0,1,1,2017-08-02,75682,84444,89225,92545
0,1,1,2017-08-03,75700,84481,89237,92560
0,1,1,2017-08-04,75743,84514,89246,92581
0,1,1,2017-08-05,75752,84529,89254,92598
0,1,1,2017-08-06,75752,84541,89282,92602
0,1,1,2017-08-07,75766,84573,89288,92613
0,1,1,2017-08-08,75769,84602,89302,92633
0,1,1,2017-08-09,75782,84632,89325,92655
0,1,1,2017-08-10,75769,84635,89340,92670
0,1,1,2017-08-11,75791,84659,89344,92693
0,1,1,2017-08-12,75799,84656,89349,92693
0,1,1,2017-08-13,75826,84647,89362,92706
0,1,1,2017-08-14,78048,86830,91476,94816
0,1,1,2017-08-15,79551,88266,92852,96170
0,1,1,2017-08-16,80789,89355,93937,97218
0,1,1,2017-08-17,81558,90074,94652,97912
0,1,1,2017-08-18,82099,90556,95138,98385
0,1,1,2017-08-19,82574,91027,95589,98817
0,1,1,2017-08-20,83093,91499,96036,99254
0,1,1,2017-08-21,83450,91829,96353,99580
0,1,1,2017-08-22,83476,91830,96366,99603
0,1,1,2017-08-23,83457,91831,96372,99607
0,1,1,2017-08-24,83475,91823,96374,99613
0,1,1,2017-08-25,83433,91815,96363,99623
0,1,1,2017-08-26,83473,91815,96360,99640
0,1,1,2017-08-27,83471,91812,96364,99647
0,1,1,2017-08-28,83494,91811,96365,99667
0,1,1,2017-08-29,83473,91795,96361,99668
0,1,1,2017-08-30,83452,91783,96356,99674
0,1,1,2017-08-31,83450,91771,96348,99676
0,1,1,2017-09-01,83446,91770,96348,99672
0,1,1,2017-09-02,83462,91761,96353,99692
0,1,1,2017-09-03,83460,91760,96354,99699
0,1,1,2017-09-04,83469,91750,96353,99709
0,1,1,2017-09-05,83455,91735,96347,99724
0,1,1,2017-09-06,83453,91710,96354,99734
0,1,1,2017-09-07,83446,91688,96360,99726
0,1,1,2017-09-08,83464,91695,96356,99726
0,1,1,2017-09-09,83457,91681,96356,99729
0,1,1,2017-09-10,83495,91675,96365,99761
0,1,1,2017-09-11,83489,91670,96372,99778
0,1,1,2017-09-12,83540,91673,96375,99801
0,1,1,2017-09-13,83530,91655,96371,99810
0,1,1,2017-09-14,83503,91618,96358,99810
0,1,1,2017-09-15,83509,91603,96352,99802
0,1,1,2017-09-16,83573,91595,96345,99811
0,1,1,2017-09-17,83640,91603,96339,99820
0,1,1,2017-09-18,83677,91593,96337,99804
0,1,1,2017-09-19,83648,91557,96346,99817
0,1,1,2017-09-20,83616,91538,96326,99821
0,1,1,2017-09-21,83623,91520,96318,99829
0,1,1,2017-09-22,83657,91524,96321,99854
0,1,1,2017-09-23,83656,91497,96325,99865
0,1,1,2017-09-24,83660,91454,96291,99863
0,1,1,2017-09-25,83657,91425,96278,99870
0,1,1,2017-09-26,83699,91419,96262,99884
0,1,1,2017-09-27,83711,91408,96229,99902
0,1,1,2017-09-28,83750,91400,96237,99914
0,1,1,2017-09-29,83757,91383,96227,99919
0,1,1,2017-09-30,83755,91371,96224,99924
0,1,1,2017-10-01,83773,91345,96193,99927
0,1,1,2017-10-02,83790,91337,96191,99938
0,1,1,2017-10-03,83782,91324,96183,99962
0,1,1,2017-10-04,83790,91309,96179,99962
0,1,1,2017-10-05,83824,91300,96165,99966
0,1,1,2017-10-06,83819,91313,96157,99974
0,1,1,2017-10-07,83809,91294,96139,99968
0,1,1,2017-10-08,83824,91293,96122,99978
0,1,1,2017-10-09,83829,91269,96098,99980
0,1,1,2017-10-10,83813,91243,96084,99975
0,1,1,2017-10-11,83824,91223,96069,99958
0,1,1,2017-10-12,83809,91221,96058,99962
0,1,1,2017-10-13,83803,91212,96035,99961
0,1,1,2017-10-14,83823,91201,96027,99967
0,1,1,2017-10-15,83810,91188,96018,99964
0,1,1,2017-10-16,83787,91172,96008,99947
0,1,1,2017-10-17,83799,91167,96018,99950
0,1,1,2017-10-18,83810,91175,96025,99949
0,1,1,2017-10-19,83797,91145,96035,99941
0,1,1,2017-10-20,83792,91119,96032,99935
0,1,1,2017-10-21,83790,91100,96048,99934
0,1,1,2017-10-22,83752,91086,96059,99937
0,1,1,2017-10-23,83782,91086,96074,99950
0,1,1,2017-10-24,83769,91090,96099,99948
0,1,1,2017-10-25,83751,91075,96121,99959
0,1,1,2017-10-26,83740,91044,96124,99953
0,1,1,2017-10-27,83741,91035,96148,99953
0,1,1,2017-10-28,83725,91032,96165,99955
0,1,1,2017-10-29,83763,91047,96194,99969
0,1,1,2017-10-30,83793,91055,96208,99969
0,1,1,2017-10-31,83787,91047,96236,99968
0,1,1,2017-11-01,83804,91035,96248,99977
0,1,1,2017-11-02,83780,91046,96257,99973
0,1,1,2017-11-03,83778,91011,96250,99969
0,1,1,2017-11-04,83760,91003,96236,99970
0,1,1,2017-11-05,83761,91005,96248,99970
0,1,1,2017-11-06,83765,90982,96251,99970
0,1,1,2017-11-07,83761,90979,96264,99979
0,1,1,2017-11-08,83755,90966,96255,99988
0,1,1,2017-11-09,83755,90960,96263,99987
0,1,1,2017-11-10,83730,90965,96270,99999
0,1,1,2017-11-11,83738,90978,96274,100013
0,1,1,2017-11-12,83446,90951,96270,99993
0,1,1,2017-11-13,83014,90947,96275,99991
0,1,1,2017-11-14,82438,90949,96267,99995
0,1,1,2017-11-15,81710,90965,96266,100008
0,1,1,2017-11-16,81050,90974,96269,100023
0,1,1,2017-11-17,80160,90984,96286,100033
0,1,1,2017-11-18,78695,90968,96290,100024
0,1,1,2017-11-19,76313,90949,96278,100013
0,1,1,2017-11-20,76301,90940,96269,100008
0,1,1,2017-11-21,76319,90928,96267,100010
0,1,1,2017-11-22,76323,90931,96261,100010
0,1,1,2017-11-23,76339,90922,96265,100009
0,1,1,2017-11-24,76334,90918,96250,99998
0,1,1,2017-11-25,76325,90918,96250,100007
0,1,1,2017-11-26,76346,90922,96246,100001
0,1,1,2017-11-27,76363,90909,96233,99988
0,1,1,2017-11-28,76384,90898,96222,99977
0,1,1,2017-11-29,76397,90904,96220,99981
0,1,1,2017-11-30,76404,90888,96202,99967
0,1,1,2017-12-01,76374,90881,96185,99963
0,1,1,2017-12-02,76390,90886,96190,99970
0,1,1,2017-12-03,76397,90880,96178,99965
0,1,1,2017-12-04,76380,90856,96157,99946
0,1,1,2017-12-05,76356,90843,96130,99950
0,1,1,2017-12-06,76350,90819,96118,99957
0,1,1,2017-12-07,76313,90810,96118,99952
0,1,1,2017-12-08,76300,90803,96101,99940
0,1,1,2017-12-09,76281,90792,96069,99928
0,1,1,2017-12-10,76264,90777,96054,99924
0,1,1,2017-12-11,76238,90762,96022,99905
0,1,1,2017-12-12,76214,90739,95998,99900
0,1,1,2017-12-13,76212,90709,95963,99877
0,1,1,2017-12-14,76224,90720,95953,99877
0,1,1,2017-12-15,76206,90728,95927,99864
0,1,1,2017-12-16,76161,90733,95911,99848
0,1,1,2017-12-17,76141,90733,95897,99846
0,1,1,2017-12-18,76117,90707,95857,99838
0,1,1,2017-12-19,76165,90693,95846,99820
0,1,1,2017-12-20,76125,90685,95818,99809
0,1,1,2017-12-21,76085,90670,95801,99800
0,1,1,2017-12-22,76093,90658,95781,99803
0,1,1,2017-12-23,76078,90655,95759,99773
0,1,1,2017-12-24,76078,90636,95725,99749
0,1,1,2017-12-25,76063,90619,95689,99701
0,1,1,2017-12-26,76049,90608,95668,99651
0,1,1,2017-12-27,76029,90596,95623,99625
0,1,1,2017-12-28,76011,90611,95611,99625
0,1,1,2017-12-29,76012,90618,95593,99622
0,1,1,2017-12-30,76000,90634,95571,99592
0,1,1,2017-12-31,75971,90638,95555,99576
1,0,0,2012-01-01,NA,NA,NA,NA
1,0,0,2012-01-02,NA,NA,NA,NA
1,0,0,2012-01-03,NA,NA,NA,NA
1,0,0,2012-01-04,NA,NA,NA,NA
1,0,0,2012-01-05,NA,NA,NA,NA
1,0,0,2012-01-06,NA,NA,NA,NA
1,0,0,2012-01-07,NA,NA,NA,NA
1,0,0,2012-01-08,NA,NA,NA,NA
1,0,0,2012-01-09,NA,NA,NA,NA
1,0,0,2012-01-10,NA,NA,NA,NA
1,0,0,2012-01-11,NA,NA,NA,NA
1,0,0,2012-01-12,NA,NA,NA,NA
1,0,0,2012-01-13,NA,NA,NA,NA
1,0,0,2012-01-14,NA,NA,NA,NA
1,0,0,2012-01-15,NA,NA,NA,NA
1,0,0,2012-01-16,NA,NA,NA,NA
1,0,0,2012-01-17,NA,NA,NA,NA
1,0,0,2012-01-18,NA,NA,NA,NA
1,0,0,2012-01-19,NA,NA,NA,NA
1,0,0,2012-01-20,NA,NA,NA,NA
1,0,0,2012-01-21,NA,NA,NA,NA
1,0,0,2012-01-22,NA,NA,NA,NA
1,0,0,2012-01-23,NA,NA,NA,NA
1,0,0,2012-01-24,NA,NA,NA,NA
1,0,0,2012-01-25,NA,NA,NA,NA
1,0,0,2012-01-26,NA,NA,NA,NA
1,0,0,2012-01-27,NA,NA,NA,NA
1,0,0,2012-01-28,NA,NA,NA,NA
1,0,0,2012-01-29,NA,NA,NA,NA
1,0,0,2012-01-30,NA,NA,NA,NA
1,0,0,2012-01-31,NA,NA,NA,NA
1,0,0,2012-02-01,NA,NA,NA,NA
1,0,0,2012-02-02,NA,NA,NA,NA
1,0,0,2012-02-03,NA,NA,NA,NA
1,0,0,2012-02-04,NA,NA,NA,NA
1,0,0,2012-02-05,NA,NA,NA,NA
1,0,0,2012-02-06,NA,NA,NA,NA
1,0,0,2012-02-07,NA,NA,NA,NA
1,0,0,2012-02-08,NA,NA,NA,NA
1,0,0,2012-02-09,NA,NA,NA,NA
1,0,0,2012-02-10,NA,NA,NA,NA
1,0,0,2012-02-11,NA,NA,NA,NA
1,0,0,2012-02-12,NA,NA,NA,NA
1,0,0,2012-02-13,NA,NA,NA,NA
1,0,0,2012-02-14,NA,NA,NA,NA
1,0,0,2012-02-15,NA,NA,NA,NA
1,0,0,2012-02-16,NA,NA,NA,NA
1,0,0,2012-02-17,NA,NA,NA,NA
1,0,0,2012-02-18,NA,NA,NA,NA
1,0,0,2012-02-19,NA,NA,NA,NA
1,0,0,2012-02-20,NA,NA,NA,NA
1,0,0,2012-02-21,NA,NA,NA,NA
1,0,0,2012-02-22,NA,NA,NA,NA
1,0,0,2012-02-23,NA,NA,NA,NA
1,0,0,2012-02-24,NA,NA,NA,NA
1,0,0,2012-02-25,NA,NA,NA,NA
1,0,0,2012-02-26,NA,NA,NA,NA
1,0,0,2012-02-27,NA,NA,NA,NA
1,0,0,2012-02-28,NA,NA,NA,NA
1,0,0,2012-02-29,NA,NA,NA,NA
1,0,0,2012-03-01,NA,NA,NA,NA
1,0,0,2012-03-02,NA,NA,NA,NA
1,0,0,2012-03-03,NA,NA,NA,NA
1,0,0,2012-03-04,NA,NA,NA,NA
1,0,0,2012-03-05,NA,NA,NA,NA
1,0,0,2012-03-06,NA,NA,NA,NA
1,0,0,2012-03-07,NA,NA,NA,NA
1,0,0,2012-03-08,NA,NA,NA,NA
1,0,0,2012-03-09,NA,NA,NA,NA
1,0,0,2012-03-10,NA,NA,NA,NA
1,0,0,2012-03-11,NA,NA,NA,NA
1,0,0,2012-03-12,NA,NA,NA,NA
1,0,0,2012-03-13,NA,NA,NA,NA
1,0,0,2012-03-14,NA,NA,NA,NA
1,0,0,2012-03-15,NA,NA,NA,NA
1,0,0,2012-03-16,NA,NA,NA,NA
1,0,0,2012-03-17,NA,NA,NA,NA
1,0,0,2012-03-18,NA,NA,NA,NA
1,0,0,2012-03-19,NA,NA,NA,NA
1,0,0,2012-03-20,NA,NA,NA,NA
1,0,0,2012-03-21,NA,NA,NA,NA
1,0,0,2012-03-22,NA,NA,NA,NA
1,0,0,2012-03-23,NA,NA,NA,NA
1,0,0,2012-03-24,NA,NA,NA,NA
1,0,0,2012-03-25,NA,NA,NA,NA
1,0,0,2012-03-26,NA,NA,NA,NA
1,0,0,2012-03-27,NA,NA,NA,NA
1,0,0,2012-03-28,NA,NA,NA,NA
1,0,0,2012-03-29,NA,NA,NA,NA
1,0,0,2012-03-30,2468,NA,NA,NA
1,0,0,2012-03-31,2484,NA,NA,NA
1,0,0,2012-04-01,2501,NA,NA,NA
1,0,0,2012-04-02,2517,NA,NA,NA
1,0,0,2012-04-03,2536,NA,NA,NA
1,0,0,2012-04-04,2559,NA,NA,NA
1,0,0,2012-04-05,2573,NA,NA,NA
1,0,0,2012-04-06,2588,NA,NA,NA
1,0,0,2012-04-07,2601,NA,NA,NA
1,0,0,2012-04-08,2616,NA,NA,NA
1,0,0,2012-04-09,2632,NA,NA,NA
1,0,0,2012-04-10,2641,NA,NA,NA
1,0,0,2012-04-11,2656,NA,NA,NA
1,0,0,2012-04-12,2669,NA,NA,NA
1,0,0,2012-04-13,2676,NA,NA,NA
1,0,0,2012-04-14,2684,NA,NA,NA
1,0,0,2012-04-15,2689,NA,NA,NA
1,0,0,2012-04-16,2704,NA,NA,NA
1,0,0,2012-04-17,2712,NA,NA,NA
1,0,0,2012-04-18,2713,NA,NA,NA
1,0,0,2012-04-19,2721,NA,NA,NA
1,0,0,2012-04-20,2731,NA,NA,NA
1,0,0,2012-04-21,2728,NA,NA,NA
1,0,0,2012-04-22,2735,NA,NA,NA
1,0,0,2012-04-23,2739,NA,NA,NA
1,0,0,2012-04-24,2742,NA,NA,NA
1,0,0,2012-04-25,2740,NA,NA,NA
1,0,0,2012-04-26,2734,NA,NA,NA
1,0,0,2012-04-27,2748,NA,NA,NA
1,0,0,2012-04-28,2750,NA,NA,NA
1,0,0,2012-04-29,2749,NA,NA,NA
1,0,0,2012-04-30,2753,NA,NA,NA
1,0,0,2012-05-01,2760,NA,NA,NA
1,0,0,2012-05-02,2767,NA,NA,NA
1,0,0,2012-05-03,2770,NA,NA,NA
1,0,0,2012-05-04,2765,NA,NA,NA
1,0,0,2012-05-05,2761,NA,NA,NA
1,0,0,2012-05-06,2765,NA,NA,NA
1,0,0,2012-05-07,2762,NA,NA,NA
1,0,0,2012-05-08,2758,NA,NA,NA
1,0,0,2012-05-09,2758,NA,NA,NA
1,0,0,2012-05-10,2756,NA,NA,NA
1,0,0,2012-05-11,2762,NA,NA,NA
1,0,0,2012-05-12,2767,NA,NA,NA
1,0,0,2012-05-13,2772,NA,NA,NA
1,0,0,2012-05-14,2781,NA,NA,NA
1,0,0,2012-05-15,2784,NA,NA,NA
1,0,0,2012-05-16,2789,NA,NA,NA
1,0,0,2012-05-17,2798,NA,NA,NA
1,0,0,2012-05-18,2791,NA,NA,NA
1,0,0,2012-05-19,2784,NA,NA,NA
1,0,0,2012-05-20,2783,NA,NA,NA
1,0,0,2012-05-21,2785,NA,NA,NA
1,0,0,2012-05-22,2768,NA,NA,NA
1,0,0,2012-05-23,2770,NA,NA,NA
1,0,0,2012-05-24,2776,NA,NA,NA
1,0,0,2012-05-25,2781,NA,NA,NA
1,0,0,2012-05-26,2779,NA,NA,NA
1,0,0,2012-05-27,2783,NA,NA,NA
1,0,0,2012-05-28,2789,NA,NA,NA
1,0,0,2012-05-29,2788,NA,NA,NA
1,0,0,2012-05-30,2796,NA,NA,NA
1,0,0,2012-05-31,2807,NA,NA,NA
1,0,0,2012-06-01,2808,NA,NA,NA
1,0,0,2012-06-02,2804,NA,NA,NA
1,0,0,2012-06-03,2809,NA,NA,NA
1,0,0,2012-06-04,2808,NA,NA,NA
1,0,0,2012-06-05,2814,NA,NA,NA
1,0,0,2012-06-06,2819,NA,NA,NA
1,0,0,2012-06-07,2820,NA,NA,NA
1,0,0,2012-06-08,2821,NA,NA,NA
1,0,0,2012-06-09,2821,NA,NA,NA
1,0,0,2012-06-10,2824,NA,NA,NA
1,0,0,2012-06-11,2825,NA,NA,NA
1,0,0,2012-06-12,2829,NA,NA,NA
1,0,0,2012-06-13,2828,NA,NA,NA
1,0,0,2012-06-14,2829,NA,NA,NA
1,0,0,2012-06-15,2837,NA,NA,NA
1,0,0,2012-06-16,2832,NA,NA,NA
1,0,0,2012-06-17,2832,NA,NA,NA
1,0,0,2012-06-18,2832,NA,NA,NA
1,0,0,2012-06-19,2827,NA,NA,NA
1,0,0,2012-06-20,2829,NA,NA,NA
1,0,0,2012-06-21,2822,NA,NA,NA
1,0,0,2012-06-22,2818,NA,NA,NA
1,0,0,2012-06-23,2819,NA,NA,NA
1,0,0,2012-06-24,2821,NA,NA,NA
1,0,0,2012-06-25,2821,NA,NA,NA
1,0,0,2012-06-26,2809,NA,NA,NA
1,0,0,2012-06-27,2820,NA,NA,NA
1,0,0,2012-06-28,2821,3993,NA,NA
1,0,0,2012-06-29,2828,4008,NA,NA
1,0,0,2012-06-30,2826,4024,NA,NA
1,0,0,2012-07-01,2836,4041,NA,NA
1,0,0,2012-07-02,2822,4051,NA,NA
1,0,0,2012-07-03,2818,4055,NA,NA
1,0,0,2012-07-04,2804,4060,NA,NA
1,0,0,2012-07-05,2820,4079,NA,NA
1,0,0,2012-07-06,2810,4086,NA,NA
1,0,0,2012-07-07,2816,4104,NA,NA
1,0,0,2012-07-08,2819,4116,NA,NA
1,0,0,2012-07-09,2828,4128,NA,NA
1,0,0,2012-07-10,2831,4138,NA,NA
1,0,0,2012-07-11,2826,4146,NA,NA
1,0,0,2012-07-12,2819,4147,NA,NA
1,0,0,2012-07-13,2831,4160,NA,NA
1,0,0,2012-07-14,2833,4162,NA,NA
1,0,0,2012-07-15,2829,4170,NA,NA
1,0,0,2012-07-16,2833,4180,NA,NA
1,0,0,2012-07-17,2838,4187,NA,NA
1,0,0,2012-07-18,2838,4189,NA,NA
1,0,0,2012-07-19,2841,4190,NA,NA
1,0,0,2012-07-20,2838,4193,NA,NA
1,0,0,2012-07-21,2849,4196,NA,NA
1,0,0,2012-07-22,2864,4205,NA,NA
1,0,0,2012-07-23,2864,4208,NA,NA
1,0,0,2012-07-24,2867,4207,NA,NA
1,0,0,2012-07-25,2877,4215,NA,NA
1,0,0,2012-07-26,2882,4229,NA,NA
1,0,0,2012-07-27,2887,4232,NA,NA
1,0,0,2012-07-28,2886,4231,NA,NA
1,0,0,2012-07-29,2892,4239,NA,NA
1,0,0,2012-07-30,2902,4243,NA,NA
1,0,0,2012-07-31,2896,4251,NA,NA
1,0,0,2012-08-01,2902,4260,NA,NA
1,0,0,2012-08-02,2910,4265,NA,NA
1,0,0,2012-08-03,2919,4266,NA,NA
1,0,0,2012-08-04,2924,4264,NA,NA
1,0,0,2012-08-05,2928,4267,NA,NA
1,0,0,2012-08-06,2928,4270,NA,NA
1,0,0,2012-08-07,2914,4265,NA,NA
1,0,0,2012-08-08,2923,4268,NA,NA
1,0,0,2012-08-09,2920,4263,NA,NA
1,0,0,2012-08-10,2907,4263,NA,NA
1,0,0,2012-08-11,2906,4261,NA,NA
1,0,0,2012-08-12,2909,4262,NA,NA
1,0,0,2012-08-13,2918,4266,NA,NA
1,0,0,2012-08-14,2922,4272,NA,NA
1,0,0,2012-08-15,2926,4276,NA,NA
1,0,0,2012-08-16,2921,4273,NA,NA
1,0,0,2012-08-17,2925,4268,NA,NA
1,0,0,2012-08-18,2927,4265,NA,NA
1,0,0,2012-08-19,2927,4265,NA,NA
1,0,0,2012-08-20,2931,4256,NA,NA
1,0,0,2012-08-21,2934,4260,NA,NA
1,0,0,2012-08-22,2929,4261,NA,NA
1,0,0,2012-08-23,2929,4264,NA,NA
1,0,0,2012-08-24,2936,4272,NA,NA
1,0,0,2012-08-25,2930,4278,NA,NA
1,0,0,2012-08-26,2934,4283,NA,NA
1,0,0,2012-08-27,2936,4275,NA,NA
1,0,0,2012-08-28,2942,4281,NA,NA
1,0,0,2012-08-29,2939,4278,NA,NA
1,0,0,2012-08-30,2936,4275,NA,NA
1,0,0,2012-08-31,2945,4276,NA,NA
1,0,0,2012-09-01,2942,4276,NA,NA
1,0,0,2012-09-02,2946,4278,NA,NA
1,0,0,2012-09-03,2944,4277,NA,NA
1,0,0,2012-09-04,2929,4280,NA,NA
1,0,0,2012-09-05,2930,4286,NA,NA
1,0,0,2012-09-06,2934,4284,NA,NA
1,0,0,2012-09-07,2935,4283,NA,NA
1,0,0,2012-09-08,2935,4284,NA,NA
1,0,0,2012-09-09,2931,4279,NA,NA
1,0,0,2012-09-10,2933,4280,NA,NA
1,0,0,2012-09-11,2939,4281,NA,NA
1,0,0,2012-09-12,2934,4278,NA,NA
1,0,0,2012-09-13,2943,4285,NA,NA
1,0,0,2012-09-14,2957,4288,NA,NA
1,0,0,2012-09-15,2967,4293,NA,NA
1,0,0,2012-09-16,2964,4287,NA,NA
1,0,0,2012-09-17,2971,4281,NA,NA
1,0,0,2012-09-18,2970,4271,NA,NA
1,0,0,2012-09-19,2974,4278,NA,NA
1,0,0,2012-09-20,2974,4279,NA,NA
1,0,0,2012-09-21,2983,4290,NA,NA
1,0,0,2012-09-22,2987,4283,NA,NA
1,0,0,2012-09-23,2988,4284,NA,NA
1,0,0,2012-09-24,2997,4280,NA,NA
1,0,0,2012-09-25,2995,4282,NA,NA
1,0,0,2012-09-26,2996,4283,5239,NA
1,0,0,2012-09-27,3000,4287,5252,NA
1,0,0,2012-09-28,3008,4291,5271,NA
1,0,0,2012-09-29,3014,4302,5285,NA
1,0,0,2012-09-30,3012,4295,5296,NA
1,0,0,2012-10-01,3024,4308,5313,NA
1,0,0,2012-10-02,3032,4305,5326,NA
1,0,0,2012-10-03,3029,4313,5335,NA
1,0,0,2012-10-04,3020,4304,5338,NA
1,0,0,2012-10-05,3016,4303,5347,NA
1,0,0,2012-10-06,3016,4306,5359,NA
1,0,0,2012-10-07,3001,4298,5358,NA
1,0,0,2012-10-08,2992,4295,5361,NA
1,0,0,2012-10-09,2988,4296,5367,NA
1,0,0,2012-10-10,2985,4295,5370,NA
1,0,0,2012-10-11,2988,4298,5375,NA
1,0,0,2012-10-12,2992,4308,5375,NA
1,0,0,2012-10-13,2998,4311,5389,NA
1,0,0,2012-10-14,2995,4316,5399,NA
1,0,0,2012-10-15,2991,4326,5405,NA
1,0,0,2012-10-16,2992,4330,5415,NA
1,0,0,2012-10-17,2991,4339,5423,NA
1,0,0,2012-10-18,2997,4344,5429,NA
1,0,0,2012-10-19,2997,4349,5430,NA
1,0,0,2012-10-20,2982,4345,5424,NA
1,0,0,2012-10-21,2984,4347,5431,NA
1,0,0,2012-10-22,2988,4351,5429,NA
1,0,0,2012-10-23,2981,4342,5424,NA
1,0,0,2012-10-24,2979,4338,5431,NA
1,0,0,2012-10-25,2974,4344,5435,NA
1,0,0,2012-10-26,2970,4349,5435,NA
1,0,0,2012-10-27,2973,4346,5437,NA
1,0,0,2012-10-28,2966,4351,5435,NA
1,0,0,2012-10-29,2963,4338,5434,NA
1,0,0,2012-10-30,2959,4342,5439,NA
1,0,0,2012-10-31,2962,4348,5444,NA
1,0,0,2012-11-01,2966,4359,5451,NA
1,0,0,2012-11-02,2976,4371,5460,NA
1,0,0,2012-11-03,2979,4376,5465,NA
1,0,0,2012-11-04,2973,4379,5471,NA
1,0,0,2012-11-05,2967,4371,5472,NA
1,0,0,2012-11-06,2971,4378,5478,NA
1,0,0,2012-11-07,2980,4383,5478,NA
1,0,0,2012-11-08,2985,4382,5487,NA
1,0,0,2012-11-09,2976,4374,5481,NA
1,0,0,2012-11-10,2972,4376,5484,NA
1,0,0,2012-11-11,2971,4378,5484,NA
1,0,0,2012-11-12,2971,4385,5488,NA
1,0,0,2012-11-13,2969,4389,5491,NA
1,0,0,2012-11-14,2967,4385,5489,NA
1,0,0,2012-11-15,2964,4397,5491,NA
1,0,0,2012-11-16,2970,4402,5493,NA
1,0,0,2012-11-17,2979,4406,5492,NA
1,0,0,2012-11-18,2974,4408,5485,NA
1,0,0,2012-11-19,2976,4413,5497,NA
1,0,0,2012-11-20,2981,4411,5497,NA
1,0,0,2012-11-21,2985,4420,5503,NA
1,0,0,2012-11-22,2978,4421,5504,NA
1,0,0,2012-11-23,2972,4412,5503,NA
1,0,0,2012-11-24,2973,4415,5508,NA
1,0,0,2012-11-25,2971,4411,5498,NA
1,0,0,2012-11-26,2971,4414,5503,NA
1,0,0,2012-11-27,2979,4417,5510,NA
1,0,0,2012-11-28,2985,4427,5515,NA
1,0,0,2012-11-29,2981,4431,5511,NA
1,0,0,2012-11-30,2974,4426,5511,NA
1,0,0,2012-12-01,2974,4430,5508,NA
1,0,0,2012-12-02,2965,4426,5502,NA
1,0,0,2012-12-03,2969,4417,5509,NA
1,0,0,2012-12-04,2981,4419,5514,NA
1,0,0,2012-12-05,2987,4421,5516,NA
1,0,0,2012-12-06,2980,4420,5515,NA
1,0,0,2012-12-07,2987,4427,5520,NA
1,0,0,2012-12-08,3000,4430,5525,NA
1,0,0,2012-12-09,3001,4439,5532,NA
1,0,0,2012-12-10,3004,4440,5528,NA
1,0,0,2012-12-11,3011,4446,5539,NA
1,0,0,2012-12-12,3013,4456,5543,NA
1,0,0,2012-12-13,3011,4460,5545,NA
1,0,0,2012-12-14,3017,4463,5548,NA
1,0,0,2012-12-15,3026,4473,5551,NA
1,0,0,2012-12-16,3022,4475,5545,NA
1,0,0,2012-12-17,3028,4474,5538,NA
1,0,0,2012-12-18,3032,4477,5543,NA
1,0,0,2012-12-19,3034,4483,5545,NA
1,0,0,2012-12-20,3037,4489,5549,NA
1,0,0,2012-12-21,3040,4500,5547,NA
1,0,0,2012-12-22,3042,4503,5550,NA
1,0,0,2012-12-23,3042,4513,5548,NA
1,0,0,2012-12-24,3045,4509,5551,NA
1,0,0,2012-12-25,3046,4507,5551,6382
1,0,0,2012-12-26,3046,4513,5556,6396
1,0,0,2012-12-27,3041,4510,5552,6404
1,0,0,2012-12-28,3050,4519,5567,6420
1,0,0,2012-12-29,3058,4528,5566,6433
1,0,0,2012-12-30,3055,4530,5569,6438
1,0,0,2012-12-31,3044,4534,5566,6446
1,0,0,2013-01-01,3038,4538,5575,6456
1,0,0,2013-01-02,3040,4534,5574,6465
1,0,0,2013-01-03,3041,4541,5579,6479
1,0,0,2013-01-04,3040,4543,5580,6489
1,0,0,2013-01-05,3045,4545,5584,6498
1,0,0,2013-01-06,3054,4547,5590,6508
1,0,0,2013-01-07,3065,4551,5598,6519
1,0,0,2013-01-08,3059,4549,5598,6522
1,0,0,2013-01-09,3067,4556,5602,6528
1,0,0,2013-01-10,3053,4552,5605,6527
1,0,0,2013-01-11,3057,4558,5606,6535
1,0,0,2013-01-12,3058,4559,5610,6542
1,0,0,2013-01-13,3070,4562,5623,6556
1,0,0,2013-01-14,3078,4577,5638,6573
1,0,0,2013-01-15,3080,4571,5641,6575
1,0,0,2013-01-16,3079,4575,5640,6576
1,0,0,2013-01-17,3074,4575,5643,6574
1,0,0,2013-01-18,3076,4574,5652,6578
1,0,0,2013-01-19,3085,4578,5653,6583
1,0,0,2013-01-20,3085,4583,5660,6583
1,0,0,2013-01-21,3094,4587,5667,6591
1,0,0,2013-01-22,3093,4586,5664,6597
1,0,0,2013-01-23,3109,4586,5677,6609
1,0,0,2013-01-24,3111,4591,5685,6610
1,0,0,2013-01-25,3112,4591,5680,6611
1,0,0,2013-01-26,3105,4581,5682,6610
1,0,0,2013-01-27,3111,4582,5674,6612
1,0,0,2013-01-28,3113,4582,5680,6620
1,0,0,2013-01-29,3122,4590,5688,6629
1,0,0,2013-01-30,3114,4578,5689,6627
1,0,0,2013-01-31,3096,4572,5685,6624
1,0,0,2013-02-01,3092,4580,5691,6630
1,0,0,2013-02-02,3093,4579,5695,6632
1,0,0,2013-02-03,3091,4573,5685,6631
1,0,0,2013-02-04,3085,4570,5691,6635
1,0,0,2013-02-05,3077,4578,5697,6639
1,0,0,2013-02-06,3089,4593,5704,6652
1,0,0,2013-02-07,3096,4600,5708,6654
1,0,0,2013-02-08,3095,4601,5713,6657
1,0,0,2013-02-09,3093,4599,5714,6658
1,0,0,2013-02-10,3098,4597,5721,6663
1,0,0,2013-02-11,3107,4596,5723,6669
1,0,0,2013-02-12,3111,4596,5727,6674
1,0,0,2013-02-13,3104,4606,5745,6682
1,0,0,2013-02-14,3114,4617,5755,6688
1,0,0,2013-02-15,3119,4625,5760,6687
1,0,0,2013-02-16,3121,4630,5770,6689
1,0,0,2013-02-17,3120,4629,5773,6694
1,0,0,2013-02-18,3133,4637,5777,6699
1,0,0,2013-02-19,3143,4645,5790,6706
1,0,0,2013-02-20,3146,4638,5792,6706
1,0,0,2013-02-21,3147,4634,5784,6708
1,0,0,2013-02-22,3152,4634,5788,6715
1,0,0,2013-02-23,3152,4638,5787,6709
1,0,0,2013-02-24,3147,4639,5788,6714
1,0,0,2013-02-25,3146,4638,5784,6717
1,0,0,2013-02-26,3137,4641,5788,6719
1,0,0,2013-02-27,3142,4639,5795,6721
1,0,0,2013-02-28,3144,4638,5791,6721
1,0,0,2013-03-01,3146,4635,5794,6718
1,0,0,2013-03-02,3148,4625,5792,6716
1,0,0,2013-03-03,3147,4625,5782,6724
1,0,0,2013-03-04,3166,4636,5794,6741
1,0,0,2013-03-05,3169,4646,5803,6750
1,0,0,2013-03-06,3173,4648,5807,6752
1,0,0,2013-03-07,3180,4656,5812,6754
1,0,0,2013-03-08,3172,4660,5814,6755
1,0,0,2013-03-09,3161,4660,5818,6761
1,0,0,2013-03-10,3159,4664,5818,6756
1,0,0,2013-03-11,3167,4672,5823,6767
1,0,0,2013-03-12,3176,4679,5834,6770
1,0,0,2013-03-13,3172,4689,5845,6781
1,0,0,2013-03-14,3165,4693,5846,6782
1,0,0,2013-03-15,3167,4700,5853,6786
1,0,0,2013-03-16,3175,4703,5864,6788
1,0,0,2013-03-17,3177,4709,5865,6780
1,0,0,2013-03-18,3171,4709,5865,6780
1,0,0,2013-03-19,3176,4712,5874,6780
1,0,0,2013-03-20,3170,4706,5877,6779
1,0,0,2013-03-21,3164,4707,5885,6777
1,0,0,2013-03-22,3166,4714,5893,6780
1,0,0,2013-03-23,3166,4713,5900,6775
1,0,0,2013-03-24,3173,4718,5902,6782
1,0,0,2013-03-25,3172,4721,5901,6783
1,0,0,2013-03-26,3155,4710,5896,6778
1,0,0,2013-03-27,3153,4709,5897,6782
1,0,0,2013-03-28,3152,4713,5899,6790
1,0,0,2013-03-29,3148,4709,5903,6784
1,0,0,2013-03-30,3153,4714,5909,6792
1,0,0,2013-03-31,3158,4707,5915,6795
1,0,0,2013-04-01,3158,4710,5922,6809
1,0,0,2013-04-02,3162,4718,5921,6809
1,0,0,2013-04-03,3167,4717,5927,6811
1,0,0,2013-04-04,3154,4712,5927,6811
1,0,0,2013-04-05,3159,4720,5927,6816
1,0,0,2013-04-06,3161,4726,5926,6816
1,0,0,2013-04-07,3157,4734,5932,6824
1,0,0,2013-04-08,3159,4730,5932,6825
1,0,0,2013-04-09,3160,4738,5942,6835
1,0,0,2013-04-10,3170,4738,5949,6846
1,0,0,2013-04-11,3175,4739,5952,6853
1,0,0,2013-04-12,3178,4734,5952,6853
1,0,0,2013-04-13,3189,4741,5952,6863
1,0,0,2013-04-14,3178,4740,5956,6868
1,0,0,2013-04-15,3174,4740,5947,6867
1,0,0,2013-04-16,3163,4734,5948,6866
1,0,0,2013-04-17,3164,4740,5955,6873
1,0,0,2013-04-18,3162,4740,5958,6883
1,0,0,2013-04-19,3164,4747,5964,6885
1,0,0,2013-04-20,3170,4755,5971,6896
1,0,0,2013-04-21,3156,4756,5970,6899
1,0,0,2013-04-22,3159,4763,5974,6901
1,0,0,2013-04-23,3168,4771,5971,6910
1,0,0,2013-04-24,3167,4775,5973,6918
1,0,0,2013-04-25,3162,4772,5973,6912
1,0,0,2013-04-26,3164,4768,5969,6917
1,0,0,2013-04-27,3173,4776,5975,6919
1,0,0,2013-04-28,3171,4779,5981,6927
1,0,0,2013-04-29,3172,4782,5986,6931
1,0,0,2013-04-30,3169,4784,5985,6937
1,0,0,2013-05-01,3167,4771,5982,6938
1,0,0,2013-05-02,3172,4773,5987,6941
1,0,0,2013-05-03,3163,4766,5979,6940
1,0,0,2013-05-04,3173,4770,5977,6933
1,0,0,2013-05-05,3162,4762,5976,6938
1,0,0,2013-05-06,3164,4757,5987,6946
1,0,0,2013-05-07,3152,4757,5989,6940
1,0,0,2013-05-08,3146,4758,5990,6940
1,0,0,2013-05-09,3148,4762,5992,6945
1,0,0,2013-05-10,3150,4759,5992,6948
1,0,0,2013-05-11,3139,4762,5990,6957
1,0,0,2013-05-12,3131,4776,5990,6961
1,0,0,2013-05-13,3131,4776,5984,6957
1,0,0,2013-05-14,3128,4764,5985,6966
1,0,0,2013-05-15,3136,4771,5996,6977
1,0,0,2013-05-16,3123,4766,5997,6976
1,0,0,2013-05-17,3132,4768,6000,6984
1,0,0,2013-05-18,3132,4776,6006,6992
1,0,0,2013-05-19,3132,4783,6010,6994
1,0,0,2013-05-20,3123,4783,6009,6998
1,0,0,2013-05-21,3118,4788,6003,6998
1,0,0,2013-05-22,3112,4784,5996,6987
1,0,0,2013-05-23,3120,4790,5997,6990
1,0,0,2013-05-24,3124,4792,6005,6995
1,0,0,2013-05-25,3131,4797,6011,7003
1,0,0,2013-05-26,3140,4805,6018,7004
1,0,0,2013-05-27,3146,4798,6023,7010
1,0,0,2013-05-28,3146,4803,6021,7016
1,0,0,2013-05-29,3146,4798,6017,7008
1,0,0,2013-05-30,3161,4812,6024,7020
1,0,0,2013-05-31,3168,4820,6025,7023
1,0,0,2013-06-01,3171,4822,6028,7017
1,0,0,2013-06-02,3164,4827,6029,7018
1,0,0,2013-06-03,3155,4825,6037,7023
1,0,0,2013-06-04,3163,4832,6043,7034
1,0,0,2013-06-05,3170,4842,6049,7040
1,0,0,2013-06-06,3173,4840,6056,7042
1,0,0,2013-06-07,3178,4841,6060,7046
1,0,0,2013-06-08,3190,4851,6075,7062
1,0,0,2013-06-09,3189,4848,6078,7060
1,0,0,2013-06-10,3192,4849,6082,7069
1,0,0,2013-06-11,3183,4845,6088,7080
1,0,0,2013-06-12,3185,4843,6095,7083
1,0,0,2013-06-13,3179,4845,6099,7083
1,0,0,2013-06-14,3182,4849,6102,7090
1,0,0,2013-06-15,3174,4846,6106,7088
1,0,0,2013-06-16,3186,4854,6116,7096
1,0,0,2013-06-17,3198,4865,6120,7108
1,0,0,2013-06-18,3202,4863,6123,7114
1,0,0,2013-06-19,3191,4864,6128,7126
1,0,0,2013-06-20,3194,4859,6127,7128
1,0,0,2013-06-21,3193,4862,6128,7136
1,0,0,2013-06-22,3187,4861,6130,7135
1,0,0,2013-06-23,3195,4865,6140,7139
1,0,0,2013-06-24,3200,4859,6141,7143
1,0,0,2013-06-25,3206,4863,6147,7149
1,0,0,2013-06-26,3213,4868,6156,7161
1,0,0,2013-06-27,3218,4877,6159,7168
1,0,0,2013-06-28,3226,4882,6163,7173
1,0,0,2013-06-29,3225,4888,6157,7176
1,0,0,2013-06-30,3236,4886,6157,7182
1,0,0,2013-07-01,3228,4891,6161,7180
1,0,0,2013-07-02,3232,4901,6163,7192
1,0,0,2013-07-03,3232,4888,6160,7193
1,0,0,2013-07-04,3240,4889,6165,7194
1,0,0,2013-07-05,3243,4904,6176,7202
1,0,0,2013-07-06,3248,4899,6180,7207
1,0,0,2013-07-07,3246,4916,6190,7214
1,0,0,2013-07-08,3258,4925,6203,7231
1,0,0,2013-07-09,3267,4938,6206,7247
1,0,0,2013-07-10,3269,4955,6215,7255
1,0,0,2013-07-11,3266,4958,6212,7255
1,0,0,2013-07-12,3270,4967,6217,7253
1,0,0,2013-07-13,3281,4960,6224,7260
1,0,0,2013-07-14,3279,4957,6225,7256
1,0,0,2013-07-15,3277,4951,6220,7254
1,0,0,2013-07-16,3278,4947,6220,7257
1,0,0,2013-07-17,3275,4947,6226,7264
1,0,0,2013-07-18,3265,4943,6224,7263
1,0,0,2013-07-19,3272,4950,6235,7276
1,0,0,2013-07-20,3276,4946,6242,7282
1,0,0,2013-07-21,3278,4948,6249,7288
1,0,0,2013-07-22,3280,4951,6254,7286
1,0,0,2013-07-23,3282,4958,6262,7292
1,0,0,2013-07-24,3289,4962,6265,7297
1,0,0,2013-07-25,3281,4961,6262,7294
1,0,0,2013-07-26,3283,4966,6268,7297
1,0,0,2013-07-27,3276,4954,6259,7296
1,0,0,2013-07-28,3270,4955,6257,7300
1,0,0,2013-07-29,3271,4955,6261,7298
1,0,0,2013-07-30,3271,4964,6258,7306
1,0,0,2013-07-31,3266,4974,6260,7314
1,0,0,2013-08-01,3262,4967,6254,7309
1,0,0,2013-08-02,3266,4972,6258,7308
1,0,0,2013-08-03,3268,4965,6253,7309
1,0,0,2013-08-04,3271,4971,6248,7319
1,0,0,2013-08-05,3268,4970,6253,7325
1,0,0,2013-08-06,3265,4959,6251,7321
1,0,0,2013-08-07,3263,4955,6251,7321
1,0,0,2013-08-08,3260,4960,6258,7324
1,0,0,2013-08-09,3251,4959,6264,7326
1,0,0,2013-08-10,3250,4955,6276,7327
1,0,0,2013-08-11,3245,4950,6274,7319
1,0,0,2013-08-12,3238,4952,6265,7321
1,0,0,2013-08-13,3242,4955,6271,7327
1,0,0,2013-08-14,3248,4948,6270,7332
1,0,0,2013-08-15,3245,4945,6270,7333
1,0,0,2013-08-16,3257,4935,6272,7330
1,0,0,2013-08-17,3253,4927,6273,7328
1,0,0,2013-08-18,3253,4921,6272,7326
1,0,0,2013-08-19,3245,4913,6278,7322
1,0,0,2013-08-20,3251,4922,6287,7326
1,0,0,2013-08-21,3253,4923,6290,7329
1,0,0,2013-08-22,3248,4927,6296,7342
1,0,0,2013-08-23,3241,4928,6300,7346
1,0,0,2013-08-24,3246,4931,6301,7345
1,0,0,2013-08-25,3252,4933,6297,7350
1,0,0,2013-08-26,3254,4934,6306,7352
1,0,0,2013-08-27,3258,4941,6313,7358
1,0,0,2013-08-28,3255,4947,6325,7365
1,0,0,2013-08-29,3249,4951,6334,7366
1,0,0,2013-08-30,3245,4944,6330,7366
1,0,0,2013-08-31,3239,4934,6327,7362
1,0,0,2013-09-01,3249,4928,6324,7364
1,0,0,2013-09-02,3246,4927,6326,7365
1,0,0,2013-09-03,3249,4930,6332,7371
1,0,0,2013-09-04,3247,4926,6324,7372
1,0,0,2013-09-05,3245,4919,6314,7365
1,0,0,2013-09-06,3247,4926,6319,7369
1,0,0,2013-09-07,3250,4929,6320,7374
1,0,0,2013-09-08,3236,4919,6314,7369
1,0,0,2013-09-09,3234,4919,6314,7378
1,0,0,2013-09-10,3232,4919,6308,7381
1,0,0,2013-09-11,3232,4907,6310,7382
1,0,0,2013-09-12,3231,4905,6310,7382
1,0,0,2013-09-13,3224,4903,6311,7392
1,0,0,2013-09-14,3223,4904,6309,7395
1,0,0,2013-09-15,3223,4907,6309,7393
1,0,0,2013-09-16,3222,4920,6308,7399
1,0,0,2013-09-17,3204,4899,6299,7394
1,0,0,2013-09-18,3204,4904,6293,7391
1,0,0,2013-09-19,3200,4900,6297,7394
1,0,0,2013-09-20,3201,4899,6299,7399
1,0,0,2013-09-21,3208,4908,6311,7412
1,0,0,2013-09-22,3203,4907,6299,7408
1,0,0,2013-09-23,3207,4912,6301,7409
1,0,0,2013-09-24,3202,4909,6296,7409
1,0,0,2013-09-25,3196,4905,6296,7407
1,0,0,2013-09-26,3188,4903,6296,7407
1,0,0,2013-09-27,3188,4903,6302,7402
1,0,0,2013-09-28,3184,4905,6294,7400
1,0,0,2013-09-29,3185,4895,6294,7398
1,0,0,2013-09-30,3185,4893,6300,7398
1,0,0,2013-10-01,3180,4899,6298,7398
1,0,0,2013-10-02,3179,4904,6298,7404
1,0,0,2013-10-03,3175,4905,6308,7410
1,0,0,2013-10-04,3171,4907,6298,7408
1,0,0,2013-10-05,3168,4896,6303,7406
1,0,0,2013-10-06,3167,4902,6309,7414
1,0,0,2013-10-07,3158,4899,6308,7407
1,0,0,2013-10-08,3163,4895,6318,7410
1,0,0,2013-10-09,3163,4891,6320,7408
1,0,0,2013-10-10,3156,4884,6321,7407
1,0,0,2013-10-11,3152,4890,6309,7408
1,0,0,2013-10-12,3153,4892,6308,7411
1,0,0,2013-10-13,3146,4889,6298,7403
1,0,0,2013-10-14,3133,4882,6288,7400
1,0,0,2013-10-15,3133,4875,6285,7403
1,0,0,2013-10-16,3123,4865,6284,7404
1,0,0,2013-10-17,3127,4870,6285,7413
1,0,0,2013-10-18,3116,4853,6267,7410
1,0,0,2013-10-19,3111,4852,6262,7412
1,0,0,2013-10-20,3119,4855,6264,7416
1,0,0,2013-10-21,3113,4851,6261,7415
1,0,0,2013-10-22,3105,4861,6265,7419
1,0,0,2013-10-23,3107,4857,6265,7416
1,0,0,2013-10-24,3114,4862,6267,7418
1,0,0,2013-10-25,3117,4855,6253,7408
1,0,0,2013-10-26,3116,4859,6259,7411
1,0,0,2013-10-27,3116,4853,6254,7409
1,0,0,2013-10-28,3112,4850,6257,7408
1,0,0,2013-10-29,3114,4839,6264,7407
1,0,0,2013-10-30,3106,4835,6257,7399
1,0,0,2013-10-31,3103,4831,6261,7400
1,0,0,2013-11-01,3114,4839,6263,7406
1,0,0,2013-11-02,3106,4840,6266,7401
1,0,0,2013-11-03,3101,4834,6256,7399
1,0,0,2013-11-04,3105,4829,6250,7400
1,0,0,2013-11-05,3115,4838,6256,7408
1,0,0,2013-11-06,3112,4838,6261,7416
1,0,0,2013-11-07,3116,4830,6257,7417
1,0,0,2013-11-08,3124,4832,6257,7427
1,0,0,2013-11-09,3119,4821,6245,7420
1,0,0,2013-11-10,3117,4812,6245,7413
1,0,0,2013-11-11,3113,4818,6249,7419
1,0,0,2013-11-12,3120,4830,6251,7425
1,0,0,2013-11-13,3119,4823,6246,7421
1,0,0,2013-11-14,3114,4829,6240,7424
1,0,0,2013-11-15,3113,4832,6238,7429
1,0,0,2013-11-16,3111,4827,6231,7428
1,0,0,2013-11-17,3120,4828,6225,7432
1,0,0,2013-11-18,3111,4830,6227,7434
1,0,0,2013-11-19,3108,4831,6228,7437
1,0,0,2013-11-20,3114,4829,6229,7439
1,0,0,2013-11-21,3117,4831,6231,7444
1,0,0,2013-11-22,3116,4831,6231,7448
1,0,0,2013-11-23,3111,4833,6231,7445
1,0,0,2013-11-24,3122,4839,6234,7454
1,0,0,2013-11-25,3121,4848,6238,7460
1,0,0,2013-11-26,3128,4852,6247,7474
1,0,0,2013-11-27,3123,4842,6245,7476
1,0,0,2013-11-28,3117,4839,6238,7470
1,0,0,2013-11-29,3111,4835,6234,7471
1,0,0,2013-11-30,3120,4844,6229,7465
1,0,0,2013-12-01,3140,4858,6240,7473
1,0,0,2013-12-02,3138,4856,6243,7478
1,0,0,2013-12-03,3147,4865,6252,7479
1,0,0,2013-12-04,3143,4865,6249,7472
1,0,0,2013-12-05,3138,4855,6246,7468
1,0,0,2013-12-06,3140,4856,6249,7467
1,0,0,2013-12-07,3136,4853,6249,7468
1,0,0,2013-12-08,3134,4845,6246,7462
1,0,0,2013-12-09,3142,4844,6251,7462
1,0,0,2013-12-10,3152,4854,6252,7470
1,0,0,2013-12-11,3154,4850,6250,7471
1,0,0,2013-12-12,3158,4847,6253,7473
1,0,0,2013-12-13,3169,4850,6260,7476
1,0,0,2013-12-14,3162,4840,6258,7477
1,0,0,2013-12-15,3161,4824,6255,7467
1,0,0,2013-12-16,3170,4819,6252,7473
1,0,0,2013-12-17,3171,4821,6259,7471
1,0,0,2013-12-18,3169,4812,6250,7470
1,0,0,2013-12-19,3174,4809,6243,7470
1,0,0,2013-12-20,3166,4808,6242,7468
1,0,0,2013-12-21,3168,4810,6242,7461
1,0,0,2013-12-22,3172,4811,6242,7462
1,0,0,2013-12-23,3181,4812,6245,7463
1,0,0,2013-12-24,3186,4809,6243,7466
1,0,0,2013-12-25,3183,4801,6238,7468
1,0,0,2013-12-26,3182,4799,6237,7472
1,0,0,2013-12-27,3181,4796,6238,7468
1,0,0,2013-12-28,3186,4803,6239,7477
1,0,0,2013-12-29,3189,4802,6235,7479
1,0,0,2013-12-30,3189,4793,6233,7476
1,0,0,2013-12-31,3188,4787,6235,7476
1,0,0,2014-01-01,3180,4780,6229,7477
1,0,0,2014-01-02,3179,4777,6229,7467
1,0,0,2014-01-03,3179,4783,6222,7473
1,0,0,2014-01-04,3177,4772,6218,7471
1,0,0,2014-01-05,3169,4758,6213,7469
1,0,0,2014-01-06,3184,4763,6214,7475
1,0,0,2014-01-07,3192,4766,6214,7478
1,0,0,2014-01-08,3199,4765,6215,7484
1,0,0,2014-01-09,3188,4760,6221,7475
1,0,0,2014-01-10,3185,4756,6219,7466
1,0,0,2014-01-11,3193,4765,6230,7466
1,0,0,2014-01-12,3182,4750,6225,7458
1,0,0,2014-01-13,3183,4753,6217,7452
1,0,0,2014-01-14,3175,4739,6209,7452
1,0,0,2014-01-15,3173,4736,6208,7447
1,0,0,2014-01-16,3180,4733,6200,7436
1,0,0,2014-01-17,3186,4735,6204,7439
1,0,0,2014-01-18,3180,4734,6203,7439
1,0,0,2014-01-19,3178,4730,6204,7440
1,0,0,2014-01-20,3180,4718,6212,7443
1,0,0,2014-01-21,3179,4720,6209,7444
1,0,0,2014-01-22,3192,4737,6220,7456
1,0,0,2014-01-23,3189,4740,6216,7447
1,0,0,2014-01-24,3187,4734,6219,7449
1,0,0,2014-01-25,3185,4742,6221,7445
1,0,0,2014-01-26,3182,4736,6220,7449
1,0,0,2014-01-27,3181,4744,6211,7454
1,0,0,2014-01-28,3169,4747,6212,7455
1,0,0,2014-01-29,3161,4741,6210,7459
1,0,0,2014-01-30,3148,4734,6206,7450
1,0,0,2014-01-31,3144,4727,6206,7451
1,0,0,2014-02-01,3142,4721,6203,7441
1,0,0,2014-02-02,3149,4727,6203,7437
1,0,0,2014-02-03,3152,4737,6208,7441
1,0,0,2014-02-04,3151,4736,6211,7447
1,0,0,2014-02-05,3152,4739,6203,7443
1,0,0,2014-02-06,3153,4749,6204,7439
1,0,0,2014-02-07,3157,4751,6199,7434
1,0,0,2014-02-08,3152,4753,6188,7433
1,0,0,2014-02-09,3157,4751,6194,7437
1,0,0,2014-02-10,3155,4752,6201,7436
1,0,0,2014-02-11,3157,4755,6195,7434
1,0,0,2014-02-12,3150,4751,6198,7428
1,0,0,2014-02-13,3150,4750,6200,7425
1,0,0,2014-02-14,3134,4745,6193,7418
1,0,0,2014-02-15,3138,4752,6197,7415
1,0,0,2014-02-16,3142,4746,6195,7415
1,0,0,2014-02-17,3128,4732,6188,7410
1,0,0,2014-02-18,3123,4732,6180,7402
1,0,0,2014-02-19,3114,4727,6174,7397
1,0,0,2014-02-20,3118,4734,6177,7396
1,0,0,2014-02-21,3123,4731,6181,7399
1,0,0,2014-02-22,3122,4737,6181,7397
1,0,0,2014-02-23,3112,4730,6186,7398
1,0,0,2014-02-24,3119,4732,6184,7398
1,0,0,2014-02-25,3123,4737,6184,7405
1,0,0,2014-02-26,3127,4734,6183,7401
1,0,0,2014-02-27,3127,4729,6180,7396
1,0,0,2014-02-28,3133,4739,6191,7399
1,0,0,2014-03-01,3131,4744,6193,7404
1,0,0,2014-03-02,3131,4747,6195,7412
1,0,0,2014-03-03,3130,4751,6197,7416
1,0,0,2014-03-04,3124,4750,6201,7419
1,0,0,2014-03-05,3132,4752,6200,7424
1,0,0,2014-03-06,3133,4754,6203,7426
1,0,0,2014-03-07,3129,4751,6197,7424
1,0,0,2014-03-08,3126,4760,6192,7422
1,0,0,2014-03-09,3122,4763,6189,7422
1,0,0,2014-03-10,3120,4770,6195,7419
1,0,0,2014-03-11,3107,4769,6189,7415
1,0,0,2014-03-12,3108,4774,6194,7420
1,0,0,2014-03-13,3107,4777,6193,7422
1,0,0,2014-03-14,3111,4777,6192,7427
1,0,0,2014-03-15,3109,4781,6185,7429
1,0,0,2014-03-16,3095,4781,6173,7422
1,0,0,2014-03-17,3095,4777,6172,7427
1,0,0,2014-03-18,3107,4785,6173,7429
1,0,0,2014-03-19,3100,4784,6168,7419
1,0,0,2014-03-20,3089,4783,6175,7421
1,0,0,2014-03-21,3090,4785,6176,7424
1,0,0,2014-03-22,3086,4787,6178,7429
1,0,0,2014-03-23,3093,4798,6178,7429
1,0,0,2014-03-24,3089,4804,6173,7427
1,0,0,2014-03-25,3092,4804,6169,7431
1,0,0,2014-03-26,3091,4804,6168,7432
1,0,0,2014-03-27,3101,4805,6168,7436
1,0,0,2014-03-28,3089,4799,6167,7429
1,0,0,2014-03-29,3083,4801,6164,7424
1,0,0,2014-03-30,3098,4817,6169,7436
1,0,0,2014-03-31,3083,4812,6160,7434
1,0,0,2014-04-01,3097,4818,6165,7437
1,0,0,2014-04-02,3117,4829,6174,7450
1,0,0,2014-04-03,3111,4827,6174,7442
1,0,0,2014-04-04,3098,4818,6160,7436
1,0,0,2014-04-05,3096,4810,6149,7429
1,0,0,2014-04-06,3105,4809,6146,7426
1,0,0,2014-04-07,3106,4813,6143,7423
1,0,0,2014-04-08,3105,4813,6138,7420
1,0,0,2014-04-09,3099,4805,6131,7423
1,0,0,2014-04-10,3100,4810,6139,7431
1,0,0,2014-04-11,3103,4811,6139,7433
1,0,0,2014-04-12,3100,4804,6126,7428
1,0,0,2014-04-13,3095,4792,6119,7415
1,0,0,2014-04-14,3092,4786,6107,7407
1,0,0,2014-04-15,3086,4780,6102,7405
1,0,0,2014-04-16,3089,4786,6099,7396
1,0,0,2014-04-17,3088,4782,6095,7395
1,0,0,2014-04-18,3082,4780,6095,7401
1,0,0,2014-04-19,3082,4779,6086,7396
1,0,0,2014-04-20,3083,4782,6074,7402
1,0,0,2014-04-21,3085,4781,6073,7396
1,0,0,2014-04-22,3057,4776,6070,7392
1,0,0,2014-04-23,3065,4782,6078,7393
1,0,0,2014-04-24,3071,4785,6081,7401
1,0,0,2014-04-25,3063,4779,6083,7395
1,0,0,2014-04-26,3062,4772,6074,7391
1,0,0,2014-04-27,3067,4771,6077,7382
1,0,0,2014-04-28,3075,4771,6087,7391
1,0,0,2014-04-29,3079,4768,6088,7396
1,0,0,2014-04-30,3084,4763,6092,7401
1,0,0,2014-05-01,3082,4758,6083,7399
1,0,0,2014-05-02,3073,4760,6080,7400
1,0,0,2014-05-03,3061,4755,6075,7389
1,0,0,2014-05-04,3061,4756,6082,7395
1,0,0,2014-05-05,3065,4753,6076,7398
1,0,0,2014-05-06,3065,4751,6076,7388
1,0,0,2014-05-07,3054,4740,6074,7382
1,0,0,2014-05-08,3056,4741,6075,7379
1,0,0,2014-05-09,3046,4735,6070,7367
1,0,0,2014-05-10,3049,4734,6066,7372
1,0,0,2014-05-11,3041,4732,6066,7376
1,0,0,2014-05-12,3027,4730,6066,7366
1,0,0,2014-05-13,3027,4722,6058,7369
1,0,0,2014-05-14,3028,4719,6060,7373
1,0,0,2014-05-15,3039,4717,6062,7374
1,0,0,2014-05-16,3033,4718,6066,7377
1,0,0,2014-05-17,3034,4713,6059,7372
1,0,0,2014-05-18,3041,4709,6049,7366
1,0,0,2014-05-19,3033,4699,6047,7356
1,0,0,2014-05-20,3031,4701,6047,7355
1,0,0,2014-05-21,3015,4693,6041,7347
1,0,0,2014-05-22,3019,4700,6039,7346
1,0,0,2014-05-23,3019,4690,6038,7345
1,0,0,2014-05-24,3009,4673,6025,7343
1,0,0,2014-05-25,3012,4675,6020,7338
1,0,0,2014-05-26,3001,4662,6013,7325
1,0,0,2014-05-27,3017,4667,6013,7326
1,0,0,2014-05-28,3008,4664,6008,7323
1,0,0,2014-05-29,3010,4664,6014,7328
1,0,0,2014-05-30,3018,4665,6020,7327
1,0,0,2014-05-31,3000,4657,6014,7322
1,0,0,2014-06-01,3000,4656,6015,7322
1,0,0,2014-06-02,3000,4656,6014,7323
1,0,0,2014-06-03,2997,4658,6014,7318
1,0,0,2014-06-04,3004,4658,6013,7318
1,0,0,2014-06-05,3012,4659,6014,7315
1,0,0,2014-06-06,3007,4651,6017,7308
1,0,0,2014-06-07,3002,4646,6017,7302
1,0,0,2014-06-08,3003,4640,6023,7305
1,0,0,2014-06-09,2997,4632,6023,7302
1,0,0,2014-06-10,3003,4629,6024,7304
1,0,0,2014-06-11,2997,4621,6019,7296
1,0,0,2014-06-12,3002,4629,6026,7296
1,0,0,2014-06-13,2998,4629,6026,7280
1,0,0,2014-06-14,3000,4616,6028,7270
1,0,0,2014-06-15,2997,4614,6025,7271
1,0,0,2014-06-16,2991,4613,6026,7268
1,0,0,2014-06-17,2985,4607,6029,7265
1,0,0,2014-06-18,2980,4599,6025,7267
1,0,0,2014-06-19,2982,4604,6027,7271
1,0,0,2014-06-20,2988,4600,6024,7267
1,0,0,2014-06-21,2982,4598,6030,7263
1,0,0,2014-06-22,2980,4594,6032,7257
1,0,0,2014-06-23,2986,4596,6026,7250
1,0,0,2014-06-24,2992,4599,6025,7248
1,0,0,2014-06-25,2996,4621,6040,7253
1,0,0,2014-06-26,2999,4618,6041,7256
1,0,0,2014-06-27,2998,4618,6047,7255
1,0,0,2014-06-28,3005,4627,6054,7252
1,0,0,2014-06-29,3001,4619,6054,7248
1,0,0,2014-06-30,2997,4621,6053,7247
1,0,0,2014-07-01,2996,4624,6050,7245
1,0,0,2014-07-02,3000,4624,6049,7241
1,0,0,2014-07-03,2999,4617,6047,7232
1,0,0,2014-07-04,3006,4621,6046,7227
1,0,0,2014-07-05,3024,4640,6061,7234
1,0,0,2014-07-06,3038,4649,6077,7242
1,0,0,2014-07-07,3044,4648,6079,7241
1,0,0,2014-07-08,3039,4648,6079,7242
1,0,0,2014-07-09,3036,4647,6083,7248
1,0,0,2014-07-10,3032,4645,6078,7242
1,0,0,2014-07-11,3027,4636,6072,7232
1,0,0,2014-07-12,3032,4635,6068,7231
1,0,0,2014-07-13,3037,4637,6069,7228
1,0,0,2014-07-14,3045,4643,6072,7230
1,0,0,2014-07-15,3046,4653,6085,7232
1,0,0,2014-07-16,3038,4652,6081,7228
1,0,0,2014-07-17,3042,4650,6077,7226
1,0,0,2014-07-18,3045,4661,6084,7227
1,0,0,2014-07-19,3041,4650,6078,7211
1,0,0,2014-07-20,3044,4662,6083,7215
1,0,0,2014-07-21,3042,4638,6078,7212
1,0,0,2014-07-22,3043,4637,6078,7213
1,0,0,2014-07-23,3052,4645,6078,7208
1,0,0,2014-07-24,3077,4653,6086,7219
1,0,0,2014-07-25,3087,4659,6086,7217
1,0,0,2014-07-26,3087,4663,6082,7218
1,0,0,2014-07-27,3077,4656,6064,7211
1,0,0,2014-07-28,3062,4653,6059,7210
1,0,0,2014-07-29,3057,4653,6056,7210
1,0,0,2014-07-30,3059,4664,6062,7213
1,0,0,2014-07-31,3063,4661,6062,7206
1,0,0,2014-08-01,3080,4667,6071,7217
1,0,0,2014-08-02,3081,4669,6073,7223
1,0,0,2014-08-03,3081,4664,6065,7215
1,0,0,2014-08-04,3081,4661,6061,7216
1,0,0,2014-08-05,3072,4650,6050,7212
1,0,0,2014-08-06,3067,4643,6048,7209
1,0,0,2014-08-07,3073,4646,6048,7211
1,0,0,2014-08-08,3070,4648,6049,7208
1,0,0,2014-08-09,3067,4637,6044,7203
1,0,0,2014-08-10,3071,4629,6044,7210
1,0,0,2014-08-11,3067,4633,6041,7207
1,0,0,2014-08-12,3081,4642,6044,7214
1,0,0,2014-08-13,3082,4647,6036,7211
1,0,0,2014-08-14,3075,4639,6033,7210
1,0,0,2014-08-15,3078,4646,6036,7212
1,0,0,2014-08-16,3084,4652,6033,7202
1,0,0,2014-08-17,3087,4650,6028,7203
1,0,0,2014-08-18,3076,4642,6022,7195
1,0,0,2014-08-19,3087,4649,6029,7208
1,0,0,2014-08-20,3092,4651,6040,7214
1,0,0,2014-08-21,3097,4655,6033,7217
1,0,0,2014-08-22,3109,4661,6034,7219
1,0,0,2014-08-23,3115,4666,6038,7217
1,0,0,2014-08-24,3117,4663,6030,7218
1,0,0,2014-08-25,3113,4669,6027,7215
1,0,0,2014-08-26,3115,4668,6029,7215
1,0,0,2014-08-27,3116,4668,6027,7222
1,0,0,2014-08-28,3107,4666,6023,7224
1,0,0,2014-08-29,3113,4666,6032,7232
1,0,0,2014-08-30,3114,4663,6031,7236
1,0,0,2014-08-31,3121,4668,6040,7241
1,0,0,2014-09-01,3119,4666,6042,7242
1,0,0,2014-09-02,3115,4666,6034,7234
1,0,0,2014-09-03,3106,4667,6030,7231
1,0,0,2014-09-04,3105,4672,6028,7237
1,0,0,2014-09-05,3099,4673,6031,7248
1,0,0,2014-09-06,3094,4676,6027,7255
1,0,0,2014-09-07,3101,4682,6029,7259
1,0,0,2014-09-08,3098,4677,6021,7253
1,0,0,2014-09-09,3099,4681,6024,7258
1,0,0,2014-09-10,3109,4685,6037,7265
1,0,0,2014-09-11,3115,4680,6034,7263
1,0,0,2014-09-12,3124,4680,6026,7266
1,0,0,2014-09-13,3127,4676,6022,7260
1,0,0,2014-09-14,3133,4681,6029,7262
1,0,0,2014-09-15,3129,4680,6027,7269
1,0,0,2014-09-16,3130,4678,6026,7270
1,0,0,2014-09-17,3130,4686,6032,7272
1,0,0,2014-09-18,3133,4691,6028,7270
1,0,0,2014-09-19,3141,4690,6027,7281
1,0,0,2014-09-20,3151,4695,6037,7294
1,0,0,2014-09-21,3154,4705,6048,7297
1,0,0,2014-09-22,3129,4694,6044,7289
1,0,0,2014-09-23,3126,4688,6048,7288
1,0,0,2014-09-24,3122,4691,6044,7284
1,0,0,2014-09-25,3124,4691,6048,7293
1,0,0,2014-09-26,3123,4692,6053,7299
1,0,0,2014-09-27,3125,4695,6048,7304
1,0,0,2014-09-28,3119,4693,6045,7301
1,0,0,2014-09-29,3127,4696,6049,7302
1,0,0,2014-09-30,3138,4702,6055,7309
1,0,0,2014-10-01,3143,4704,6053,7314
1,0,0,2014-10-02,3134,4706,6056,7313
1,0,0,2014-10-03,3135,4715,6064,7320
1,0,0,2014-10-04,3133,4720,6071,7333
1,0,0,2014-10-05,3127,4717,6066,7330
1,0,0,2014-10-06,3129,4717,6069,7328
1,0,0,2014-10-07,3123,4709,6066,7323
1,0,0,2014-10-08,3124,4708,6068,7321
1,0,0,2014-10-09,3135,4715,6070,7325
1,0,0,2014-10-10,3146,4727,6079,7328
1,0,0,2014-10-11,3160,4744,6093,7333
1,0,0,2014-10-12,3154,4749,6091,7332
1,0,0,2014-10-13,3160,4747,6099,7338
1,0,0,2014-10-14,3167,4742,6102,7340
1,0,0,2014-10-15,3168,4737,6100,7335
1,0,0,2014-10-16,3167,4740,6110,7340
1,0,0,2014-10-17,3166,4743,6106,7340
1,0,0,2014-10-18,3176,4748,6119,7349
1,0,0,2014-10-19,3181,4753,6105,7352
1,0,0,2014-10-20,3180,4750,6104,7352
1,0,0,2014-10-21,3176,4752,6106,7351
1,0,0,2014-10-22,3192,4766,6111,7358
1,0,0,2014-10-23,3192,4766,6115,7353
1,0,0,2014-10-24,3192,4771,6125,7356
1,0,0,2014-10-25,3197,4770,6131,7353
1,0,0,2014-10-26,3210,4759,6122,7343
1,0,0,2014-10-27,3219,4763,6123,7341
1,0,0,2014-10-28,3225,4761,6125,7339
1,0,0,2014-10-29,3213,4758,6117,7341
1,0,0,2014-10-30,3211,4761,6110,7343
1,0,0,2014-10-31,3212,4765,6116,7346
1,0,0,2014-11-01,3215,4768,6110,7338
1,0,0,2014-11-02,3228,4775,6117,7343
1,0,0,2014-11-03,3232,4772,6112,7337
1,0,0,2014-11-04,3238,4782,6117,7345
1,0,0,2014-11-05,3231,4784,6118,7345
1,0,0,2014-11-06,3235,4782,6118,7345
1,0,0,2014-11-07,3233,4790,6118,7348
1,0,0,2014-11-08,3238,4796,6114,7347
1,0,0,2014-11-09,3240,4795,6115,7344
1,0,0,2014-11-10,3237,4801,6117,7340
1,0,0,2014-11-11,3253,4808,6127,7340
1,0,0,2014-11-12,3253,4813,6124,7347
1,0,0,2014-11-13,3255,4815,6130,7351
1,0,0,2014-11-14,3264,4829,6140,7352
1,0,0,2014-11-15,3272,4837,6141,7353
1,0,0,2014-11-16,3274,4841,6145,7363
1,0,0,2014-11-17,3271,4842,6138,7359
1,0,0,2014-11-18,3272,4845,6133,7362
1,0,0,2014-11-19,3276,4848,6134,7353
1,0,0,2014-11-20,3282,4851,6135,7349
1,0,0,2014-11-21,3286,4861,6145,7353
1,0,0,2014-11-22,3288,4857,6138,7345
1,0,0,2014-11-23,3290,4859,6144,7343
1,0,0,2014-11-24,3300,4870,6152,7347
1,0,0,2014-11-25,3312,4873,6162,7355
1,0,0,2014-11-26,3303,4863,6157,7347
1,0,0,2014-11-27,3307,4878,6164,7357
1,0,0,2014-11-28,3309,4884,6165,7361
1,0,0,2014-11-29,3313,4885,6164,7360
1,0,0,2014-11-30,3320,4887,6164,7364
1,0,0,2014-12-01,3317,4889,6167,7359
1,0,0,2014-12-02,3318,4885,6170,7359
1,0,0,2014-12-03,3334,4890,6176,7359
1,0,0,2014-12-04,3325,4884,6172,7354
1,0,0,2014-12-05,3321,4890,6182,7357
1,0,0,2014-12-06,3328,4890,6182,7357
1,0,0,2014-12-07,3333,4900,6189,7361
1,0,0,2014-12-08,3333,4906,6195,7363
1,0,0,2014-12-09,3336,4895,6183,7362
1,0,0,2014-12-10,3352,4913,6191,7370
1,0,0,2014-12-11,3340,4914,6187,7358
1,0,0,2014-12-12,3352,4920,6187,7356
1,0,0,2014-12-13,3353,4920,6185,7358
1,0,0,2014-12-14,3344,4912,6183,7353
1,0,0,2014-12-15,3350,4923,6184,7353
1,0,0,2014-12-16,3340,4922,6184,7354
1,0,0,2014-12-17,3336,4925,6190,7353
1,0,0,2014-12-18,3351,4941,6195,7361
1,0,0,2014-12-19,3345,4948,6198,7365
1,0,0,2014-12-20,3350,4947,6203,7369
1,0,0,2014-12-21,3359,4935,6203,7377
1,0,0,2014-12-22,3359,4933,6197,7384
1,0,0,2014-12-23,3360,4929,6198,7379
1,0,0,2014-12-24,3373,4930,6194,7382
1,0,0,2014-12-25,3369,4928,6194,7387
1,0,0,2014-12-26,3365,4931,6200,7389
1,0,0,2014-12-27,3365,4930,6200,7391
1,0,0,2014-12-28,3358,4933,6203,7394
1,0,0,2014-12-29,3351,4939,6203,7391
1,0,0,2014-12-30,3350,4938,6199,7381
1,0,0,2014-12-31,3347,4934,6200,7380
1,0,0,2015-01-01,3335,4927,6198,7377
1,0,0,2015-01-02,3345,4923,6197,7380
1,0,0,2015-01-03,3336,4912,6194,7372
1,0,0,2015-01-04,3322,4902,6186,7367
1,0,0,2015-01-05,3336,4916,6194,7379
1,0,0,2015-01-06,3323,4906,6186,7376
1,0,0,2015-01-07,3325,4919,6194,7376
1,0,0,2015-01-08,3331,4920,6201,7374
1,0,0,2015-01-09,3325,4917,6202,7373
1,0,0,2015-01-10,3319,4914,6202,7372
1,0,0,2015-01-11,3314,4906,6190,7371
1,0,0,2015-01-12,3310,4912,6187,7375
1,0,0,2015-01-13,3314,4917,6186,7375
1,0,0,2015-01-14,3311,4916,6186,7383
1,0,0,2015-01-15,3306,4913,6187,7374
1,0,0,2015-01-16,3314,4920,6189,7384
1,0,0,2015-01-17,3307,4922,6191,7370
1,0,0,2015-01-18,3303,4918,6188,7369
1,0,0,2015-01-19,3302,4915,6191,7374
1,0,0,2015-01-20,3287,4918,6195,7373
1,0,0,2015-01-21,3281,4913,6193,7377
1,0,0,2015-01-22,3280,4916,6200,7386
1,0,0,2015-01-23,3270,4918,6197,7388
1,0,0,2015-01-24,3260,4926,6187,7384
1,0,0,2015-01-25,3248,4925,6181,7381
1,0,0,2015-01-26,3248,4928,6181,7386
1,0,0,2015-01-27,3242,4922,6178,7375
1,0,0,2015-01-28,3247,4928,6186,7373
1,0,0,2015-01-29,3241,4917,6182,7366
1,0,0,2015-01-30,3242,4914,6184,7364
1,0,0,2015-01-31,3242,4921,6188,7367
1,0,0,2015-02-01,3239,4922,6185,7361
1,0,0,2015-02-02,3256,4934,6204,7370
1,0,0,2015-02-03,3253,4928,6201,7366
1,0,0,2015-02-04,3248,4929,6202,7368
1,0,0,2015-02-05,3243,4925,6199,7361
1,0,0,2015-02-06,3239,4926,6205,7359
1,0,0,2015-02-07,3223,4926,6199,7358
1,0,0,2015-02-08,3211,4920,6204,7359
1,0,0,2015-02-09,3209,4925,6207,7363
1,0,0,2015-02-10,3197,4922,6209,7356
1,0,0,2015-02-11,3192,4928,6215,7366
1,0,0,2015-02-12,3189,4930,6225,7376
1,0,0,2015-02-13,3186,4931,6231,7372
1,0,0,2015-02-14,3186,4927,6227,7365
1,0,0,2015-02-15,3184,4925,6230,7361
1,0,0,2015-02-16,3192,4931,6239,7360
1,0,0,2015-02-17,3183,4933,6237,7357
1,0,0,2015-02-18,3174,4935,6245,7359
1,0,0,2015-02-19,3166,4930,6244,7362
1,0,0,2015-02-20,3162,4935,6240,7356
1,0,0,2015-02-21,3154,4933,6240,7363
1,0,0,2015-02-22,3146,4926,6236,7361
1,0,0,2015-02-23,3140,4933,6229,7360
1,0,0,2015-02-24,3135,4929,6224,7360
1,0,0,2015-02-25,3140,4924,6224,7353
1,0,0,2015-02-26,3143,4923,6224,7348
1,0,0,2015-02-27,3138,4918,6219,7344
1,0,0,2015-02-28,3134,4912,6213,7338
1,0,0,2015-03-01,3127,4910,6215,7342
1,0,0,2015-03-02,3127,4913,6217,7347
1,0,0,2015-03-03,3127,4918,6214,7346
1,0,0,2015-03-04,3132,4913,6211,7342
1,0,0,2015-03-05,3117,4904,6212,7347
1,0,0,2015-03-06,3115,4913,6219,7349
1,0,0,2015-03-07,3109,4910,6219,7348
1,0,0,2015-03-08,3113,4908,6224,7353
1,0,0,2015-03-09,3106,4912,6220,7353
1,0,0,2015-03-10,3098,4912,6222,7349
1,0,0,2015-03-11,3105,4904,6225,7345
1,0,0,2015-03-12,3108,4908,6223,7342
1,0,0,2015-03-13,3113,4911,6224,7340
1,0,0,2015-03-14,3106,4900,6214,7337
1,0,0,2015-03-15,3098,4903,6221,7333
1,0,0,2015-03-16,3102,4900,6220,7340
1,0,0,2015-03-17,3110,4900,6225,7347
1,0,0,2015-03-18,3104,4898,6225,7341
1,0,0,2015-03-19,3114,4897,6235,7349
1,0,0,2015-03-20,3127,4903,6240,7356
1,0,0,2015-03-21,3136,4911,6229,7357
1,0,0,2015-03-22,3142,4909,6229,7354
1,0,0,2015-03-23,3151,4911,6227,7355
1,0,0,2015-03-24,3145,4909,6217,7344
1,0,0,2015-03-25,3143,4903,6213,7339
1,0,0,2015-03-26,3137,4890,6207,7334
1,0,0,2015-03-27,3130,4890,6206,7333
1,0,0,2015-03-28,3129,4887,6210,7336
1,0,0,2015-03-29,3134,4887,6222,7342
1,0,0,2015-03-30,3131,4890,6219,7336
1,0,0,2015-03-31,3127,4884,6216,7335
1,0,0,2015-04-01,3134,4885,6224,7345
1,0,0,2015-04-02,3136,4892,6226,7351
1,0,0,2015-04-03,3130,4883,6221,7347
1,0,0,2015-04-04,3132,4883,6217,7345
1,0,0,2015-04-05,3122,4880,6215,7336
1,0,0,2015-04-06,3120,4882,6215,7340
1,0,0,2015-04-07,3115,4881,6224,7348
1,0,0,2015-04-08,3119,4885,6224,7352
1,0,0,2015-04-09,3126,4888,6235,7365
1,0,0,2015-04-10,3120,4878,6231,7366
1,0,0,2015-04-11,3128,4879,6233,7365
1,0,0,2015-04-12,3119,4872,6233,7357
1,0,0,2015-04-13,3121,4874,6234,7351
1,0,0,2015-04-14,3128,4874,6230,7348
1,0,0,2015-04-15,3130,4879,6236,7351
1,0,0,2015-04-16,3127,4874,6229,7346
1,0,0,2015-04-17,3130,4877,6238,7353
1,0,0,2015-04-18,3135,4883,6245,7359
1,0,0,2015-04-19,3133,4878,6240,7364
1,0,0,2015-04-20,3131,4871,6242,7370
1,0,0,2015-04-21,3124,4862,6237,7366
1,0,0,2015-04-22,3123,4859,6236,7369
1,0,0,2015-04-23,3128,4863,6249,7376
1,0,0,2015-04-24,3142,4873,6272,7382
1,0,0,2015-04-25,3152,4879,6286,7389
1,0,0,2015-04-26,3146,4878,6287,7387
1,0,0,2015-04-27,3159,4877,6291,7397
1,0,0,2015-04-28,3168,4889,6303,7412
1,0,0,2015-04-29,3172,4900,6302,7420
1,0,0,2015-04-30,3167,4906,6303,7425
1,0,0,2015-05-01,3159,4900,6302,7423
1,0,0,2015-05-02,3164,4905,6308,7427
1,0,0,2015-05-03,3165,4908,6311,7433
1,0,0,2015-05-04,3166,4918,6314,7438
1,0,0,2015-05-05,3170,4914,6317,7438
1,0,0,2015-05-06,3171,4912,6315,7436
1,0,0,2015-05-07,3179,4910,6322,7442
1,0,0,2015-05-08,3183,4906,6326,7443
1,0,0,2015-05-09,3185,4900,6327,7452
1,0,0,2015-05-10,3187,4891,6323,7445
1,0,0,2015-05-11,3186,4878,6317,7442
1,0,0,2015-05-12,3181,4871,6321,7446
1,0,0,2015-05-13,3180,4874,6322,7451
1,0,0,2015-05-14,3185,4870,6324,7457
1,0,0,2015-05-15,3197,4884,6334,7466
1,0,0,2015-05-16,3202,4886,6337,7471
1,0,0,2015-05-17,3207,4896,6345,7479
1,0,0,2015-05-18,3209,4899,6351,7485
1,0,0,2015-05-19,3208,4893,6354,7492
1,0,0,2015-05-20,3224,4904,6366,7505
1,0,0,2015-05-21,3227,4910,6378,7509
1,0,0,2015-05-22,3227,4911,6376,7507
1,0,0,2015-05-23,3225,4908,6375,7507
1,0,0,2015-05-24,3229,4907,6386,7507
1,0,0,2015-05-25,3223,4904,6383,7504
1,0,0,2015-05-26,3233,4920,6387,7514
1,0,0,2015-05-27,3234,4922,6389,7518
1,0,0,2015-05-28,3240,4923,6388,7518
1,0,0,2015-05-29,3245,4928,6392,7518
1,0,0,2015-05-30,3239,4926,6395,7525
1,0,0,2015-05-31,3248,4924,6395,7528
1,0,0,2015-06-01,3245,4921,6398,7518
1,0,0,2015-06-02,3242,4924,6392,7514
1,0,0,2015-06-03,3250,4919,6386,7518
1,0,0,2015-06-04,3264,4931,6404,7533
1,0,0,2015-06-05,3268,4926,6402,7536
1,0,0,2015-06-06,3264,4926,6399,7541
1,0,0,2015-06-07,3261,4923,6401,7534
1,0,0,2015-06-08,3259,4915,6394,7530
1,0,0,2015-06-09,3255,4918,6391,7538
1,0,0,2015-06-10,3268,4935,6411,7550
1,0,0,2015-06-11,3261,4934,6413,7550
1,0,0,2015-06-12,3264,4936,6413,7549
1,0,0,2015-06-13,3273,4934,6414,7553
1,0,0,2015-06-14,3276,4936,6410,7554
1,0,0,2015-06-15,3284,4949,6416,7565
1,0,0,2015-06-16,3301,4957,6430,7577
1,0,0,2015-06-17,3299,4955,6420,7578
1,0,0,2015-06-18,3304,4962,6427,7584
1,0,0,2015-06-19,3308,4970,6437,7575
1,0,0,2015-06-20,3318,4981,6446,7587
1,0,0,2015-06-21,3317,4988,6444,7582
1,0,0,2015-06-22,3320,4995,6451,7584
1,0,0,2015-06-23,3324,5003,6455,7592
1,0,0,2015-06-24,3333,5016,6458,7605
1,0,0,2015-06-25,3349,5020,6469,7617
1,0,0,2015-06-26,3369,5032,6480,7633
1,0,0,2015-06-27,3368,5030,6475,7639
1,0,0,2015-06-28,3372,5036,6484,7641
1,0,0,2015-06-29,3381,5034,6481,7638
1,0,0,2015-06-30,3403,5058,6499,7659
1,0,0,2015-07-01,3421,5062,6509,7661
1,0,0,2015-07-02,3432,5064,6508,7660
1,0,0,2015-07-03,3436,5077,6515,7660
1,0,0,2015-07-04,3448,5086,6527,7675
1,0,0,2015-07-05,3463,5095,6540,7686
1,0,0,2015-07-06,3460,5096,6544,7698
1,0,0,2015-07-07,3474,5103,6550,7702
1,0,0,2015-07-08,3477,5106,6550,7710
1,0,0,2015-07-09,3491,5111,6550,7718
1,0,0,2015-07-10,3508,5125,6559,7730
1,0,0,2015-07-11,3511,5127,6560,7736
1,0,0,2015-07-12,3505,5127,6561,7737
1,0,0,2015-07-13,3516,5137,6562,7737
1,0,0,2015-07-14,3521,5149,6576,7747
1,0,0,2015-07-15,3524,5153,6581,7747
1,0,0,2015-07-16,3533,5158,6586,7756
1,0,0,2015-07-17,3534,5164,6585,7757
1,0,0,2015-07-18,3538,5168,6581,7751
1,0,0,2015-07-19,3538,5168,6574,7748
1,0,0,2015-07-20,3536,5170,6574,7752
1,0,0,2015-07-21,3542,5164,6572,7751
1,0,0,2015-07-22,3543,5168,6571,7758
1,0,0,2015-07-23,3556,5174,6577,7773
1,0,0,2015-07-24,3570,5179,6580,7782
1,0,0,2015-07-25,3565,5179,6582,7788
1,0,0,2015-07-26,3560,5181,6582,7790
1,0,0,2015-07-27,3568,5182,6588,7796
1,0,0,2015-07-28,3570,5188,6598,7796
1,0,0,2015-07-29,3564,5187,6606,7799
1,0,0,2015-07-30,3569,5197,6612,7809
1,0,0,2015-07-31,3580,5208,6625,7820
1,0,0,2015-08-01,3589,5216,6629,7828
1,0,0,2015-08-02,3588,5223,6639,7831
1,0,0,2015-08-03,3597,5230,6646,7844
1,0,0,2015-08-04,3603,5234,6647,7843
1,0,0,2015-08-05,3602,5235,6644,7846
1,0,0,2015-08-06,3604,5243,6649,7860
1,0,0,2015-08-07,3615,5256,6655,7873
1,0,0,2015-08-08,3646,5290,6682,7905
1,0,0,2015-08-09,3660,5296,6680,7905
1,0,0,2015-08-10,3659,5296,6679,7914
1,0,0,2015-08-11,3665,5299,6688,7921
1,0,0,2015-08-12,3660,5302,6687,7922
1,0,0,2015-08-13,3656,5299,6689,7918
1,0,0,2015-08-14,3655,5299,6692,7920
1,0,0,2015-08-15,3650,5298,6696,7923
1,0,0,2015-08-16,3648,5299,6699,7934
1,0,0,2015-08-17,3655,5307,6697,7938
1,0,0,2015-08-18,3647,5309,6694,7936
1,0,0,2015-08-19,3634,5307,6695,7945
1,0,0,2015-08-20,3637,5308,6702,7950
1,0,0,2015-08-21,3626,5306,6700,7953
1,0,0,2015-08-22,3635,5310,6698,7967
1,0,0,2015-08-23,3645,5311,6701,7969
1,0,0,2015-08-24,3657,5322,6716,7972
1,0,0,2015-08-25,3658,5333,6726,7983
1,0,0,2015-08-26,3658,5338,6728,7985
1,0,0,2015-08-27,3642,5334,6721,7979
1,0,0,2015-08-28,3642,5331,6716,7978
1,0,0,2015-08-29,3639,5334,6715,7977
1,0,0,2015-08-30,3634,5330,6714,7981
1,0,0,2015-08-31,3641,5330,6720,7976
1,0,0,2015-09-01,3626,5332,6706,7966
1,0,0,2015-09-02,3615,5333,6706,7975
1,0,0,2015-09-03,3612,5335,6700,7972
1,0,0,2015-09-04,3613,5332,6699,7966
1,0,0,2015-09-05,3610,5337,6701,7969
1,0,0,2015-09-06,3630,5351,6710,7980
1,0,0,2015-09-07,3643,5350,6713,7977
1,0,0,2015-09-08,3644,5347,6718,7985
1,0,0,2015-09-09,3647,5346,6717,7986
1,0,0,2015-09-10,3661,5355,6724,7991
1,0,0,2015-09-11,3669,5363,6723,7991
1,0,0,2015-09-12,3676,5373,6730,7993
1,0,0,2015-09-13,3673,5373,6735,7991
1,0,0,2015-09-14,3676,5370,6733,7996
1,0,0,2015-09-15,3670,5367,6730,7987
1,0,0,2015-09-16,3676,5363,6729,7987
1,0,0,2015-09-17,3674,5371,6737,7999
1,0,0,2015-09-18,3680,5378,6742,8002
1,0,0,2015-09-19,3688,5388,6756,8012
1,0,0,2015-09-20,3697,5392,6761,8017
1,0,0,2015-09-21,3690,5388,6758,8015
1,0,0,2015-09-22,3689,5393,6767,8016
1,0,0,2015-09-23,3704,5411,6771,8027
1,0,0,2015-09-24,3678,5413,6769,8022
1,0,0,2015-09-25,3678,5408,6766,8015
1,0,0,2015-09-26,3686,5416,6770,8023
1,0,0,2015-09-27,3690,5426,6773,8022
1,0,0,2015-09-28,3676,5429,6782,8026
1,0,0,2015-09-29,3676,5443,6787,8035
1,0,0,2015-09-30,3670,5444,6785,8033
1,0,0,2015-10-01,3651,5430,6778,8026
1,0,0,2015-10-02,3655,5442,6791,8038
1,0,0,2015-10-03,3656,5449,6788,8040
1,0,0,2015-10-04,3661,5455,6789,8042
1,0,0,2015-10-05,3654,5457,6785,8040
1,0,0,2015-10-06,3623,5464,6788,8037
1,0,0,2015-10-07,3560,5473,6791,8038
1,0,0,2015-10-08,3537,5477,6797,8033
1,0,0,2015-10-09,3534,5476,6797,8031
1,0,0,2015-10-10,3536,5466,6795,8031
1,0,0,2015-10-11,3537,5477,6803,8034
1,0,0,2015-10-12,3532,5472,6805,8038
1,0,0,2015-10-13,3528,5467,6802,8038
1,0,0,2015-10-14,3523,5473,6806,8042
1,0,0,2015-10-15,3522,5475,6815,8043
1,0,0,2015-10-16,3517,5475,6818,8039
1,0,0,2015-10-17,3514,5479,6824,8036
1,0,0,2015-10-18,3508,5479,6824,8032
1,0,0,2015-10-19,3510,5489,6825,8038
1,0,0,2015-10-20,3493,5483,6818,8030
1,0,0,2015-10-21,3485,5484,6819,8029
1,0,0,2015-10-22,3482,5483,6820,8029
1,0,0,2015-10-23,3493,5486,6822,8031
1,0,0,2015-10-24,3494,5494,6834,8042
1,0,0,2015-10-25,3493,5499,6836,8050
1,0,0,2015-10-26,3484,5490,6832,8049
1,0,0,2015-10-27,3475,5479,6824,8049
1,0,0,2015-10-28,3477,5477,6830,8050
1,0,0,2015-10-29,3476,5478,6838,8058
1,0,0,2015-10-30,3465,5474,6836,8055
1,0,0,2015-10-31,3466,5486,6845,8064
1,0,0,2015-11-01,3480,5501,6856,8074
1,0,0,2015-11-02,3470,5505,6862,8081
1,0,0,2015-11-03,3470,5505,6862,8079
1,0,0,2015-11-04,3456,5493,6851,8065
1,0,0,2015-11-05,3435,5490,6854,8057
1,0,0,2015-11-06,3417,5493,6856,8055
1,0,0,2015-11-07,3426,5507,6869,8060
1,0,0,2015-11-08,3420,5506,6860,8052
1,0,0,2015-11-09,3416,5509,6861,8061
1,0,0,2015-11-10,3427,5518,6875,8071
1,0,0,2015-11-11,3436,5526,6881,8079
1,0,0,2015-11-12,3439,5525,6883,8085
1,0,0,2015-11-13,3437,5519,6876,8085
1,0,0,2015-11-14,3432,5517,6876,8086
1,0,0,2015-11-15,3427,5515,6876,8079
1,0,0,2015-11-16,3426,5514,6880,8079
1,0,0,2015-11-17,3424,5508,6879,8080
1,0,0,2015-11-18,3433,5521,6890,8095
1,0,0,2015-11-19,3444,5514,6890,8090
1,0,0,2015-11-20,3445,5515,6887,8081
1,0,0,2015-11-21,3438,5525,6881,8080
1,0,0,2015-11-22,3451,5541,6890,8093
1,0,0,2015-11-23,3447,5534,6893,8096
1,0,0,2015-11-24,3441,5533,6896,8103
1,0,0,2015-11-25,3445,5526,6901,8107
1,0,0,2015-11-26,3433,5523,6902,8103
1,0,0,2015-11-27,3422,5519,6906,8102
1,0,0,2015-11-28,3435,5524,6912,8108
1,0,0,2015-11-29,3433,5523,6904,8108
1,0,0,2015-11-30,3436,5513,6901,8096
1,0,0,2015-12-01,3462,5523,6908,8103
1,0,0,2015-12-02,3447,5516,6906,8094
1,0,0,2015-12-03,3444,5515,6896,8090
1,0,0,2015-12-04,3460,5526,6906,8098
1,0,0,2015-12-05,3455,5532,6905,8093
1,0,0,2015-12-06,3453,5541,6908,8096
1,0,0,2015-12-07,3458,5544,6912,8106
1,0,0,2015-12-08,3465,5552,6911,8105
1,0,0,2015-12-09,3454,5554,6912,8107
1,0,0,2015-12-10,3456,5558,6920,8109
1,0,0,2015-12-11,3450,5559,6920,8109
1,0,0,2015-12-12,3463,5565,6931,8119
1,0,0,2015-12-13,3476,5587,6946,8128
1,0,0,2015-12-14,3473,5583,6943,8125
1,0,0,2015-12-15,3474,5594,6950,8136
1,0,0,2015-12-16,3466,5585,6954,8140
1,0,0,2015-12-17,3468,5587,6964,8147
1,0,0,2015-12-18,3470,5585,6965,8150
1,0,0,2015-12-19,3478,5595,6975,8162
1,0,0,2015-12-20,3482,5598,6981,8163
1,0,0,2015-12-21,3484,5598,6981,8166
1,0,0,2015-12-22,3477,5595,6988,8161
1,0,0,2015-12-23,3470,5572,6992,8156
1,0,0,2015-12-24,3472,5578,6997,8157
1,0,0,2015-12-25,3480,5577,6999,8160
1,0,0,2015-12-26,3485,5582,7006,8160
1,0,0,2015-12-27,3486,5566,7006,8165
1,0,0,2015-12-28,3493,5565,7019,8167
1,0,0,2015-12-29,3484,5564,7025,8169
1,0,0,2015-12-30,3500,5564,7028,8175
1,0,0,2015-12-31,3484,5552,7032,8178
1,0,0,2016-01-01,3472,5544,7034,8177
1,0,0,2016-01-02,3471,5544,7034,8176
1,0,0,2016-01-03,3470,5541,7039,8175
1,0,0,2016-01-04,3478,5518,7044,8179
1,0,0,2016-01-05,3482,5472,7049,8182
1,0,0,2016-01-06,3481,5453,7057,8192
1,0,0,2016-01-07,3476,5444,7054,8188
1,0,0,2016-01-08,3479,5445,7052,8192
1,0,0,2016-01-09,3471,5440,7052,8191
1,0,0,2016-01-10,3464,5440,7049,8194
1,0,0,2016-01-11,3471,5442,7049,8194
1,0,0,2016-01-12,3464,5434,7046,8189
1,0,0,2016-01-13,3463,5428,7042,8193
1,0,0,2016-01-14,3470,5429,7049,8203
1,0,0,2016-01-15,3474,5420,7044,8200
1,0,0,2016-01-16,3469,5415,7038,8192
1,0,0,2016-01-17,3459,5408,7035,8183
1,0,0,2016-01-18,3466,5399,7036,8183
1,0,0,2016-01-19,3474,5397,7042,8186
1,0,0,2016-01-20,3477,5389,7036,8181
1,0,0,2016-01-21,3480,5396,7032,8177
1,0,0,2016-01-22,3484,5394,7035,8187
1,0,0,2016-01-23,3492,5409,7049,8194
1,0,0,2016-01-24,3501,5416,7059,8207
1,0,0,2016-01-25,3507,5419,7056,8206
1,0,0,2016-01-26,3504,5417,7053,8210
1,0,0,2016-01-27,3507,5413,7055,8216
1,0,0,2016-01-28,3520,5419,7066,8226
1,0,0,2016-01-29,3518,5404,7069,8228
1,0,0,2016-01-30,3504,5404,7077,8232
1,0,0,2016-01-31,3497,5397,7084,8240
1,0,0,2016-02-01,3497,5391,7087,8247
1,0,0,2016-02-02,3496,5385,7084,8243
1,0,0,2016-02-03,3497,5370,7086,8247
1,0,0,2016-02-04,3509,5359,7095,8255
1,0,0,2016-02-05,3508,5360,7103,8261
1,0,0,2016-02-06,3518,5362,7105,8256
1,0,0,2016-02-07,3507,5357,7107,8256
1,0,0,2016-02-08,3504,5362,7112,8266
1,0,0,2016-02-09,3492,5371,7111,8269
1,0,0,2016-02-10,3497,5370,7110,8270
1,0,0,2016-02-11,3508,5365,7106,8268
1,0,0,2016-02-12,3516,5363,7112,8270
1,0,0,2016-02-13,3507,5367,7117,8277
1,0,0,2016-02-14,3507,5372,7120,8287
1,0,0,2016-02-15,3509,5376,7110,8285
1,0,0,2016-02-16,3485,5368,7110,8282
1,0,0,2016-02-17,3472,5373,7101,8277
1,0,0,2016-02-18,3459,5365,7095,8271
1,0,0,2016-02-19,3458,5359,7104,8274
1,0,0,2016-02-20,3450,5363,7111,8277
1,0,0,2016-02-21,3444,5360,7099,8276
1,0,0,2016-02-22,3443,5362,7099,8278
1,0,0,2016-02-23,3437,5366,7091,8281
1,0,0,2016-02-24,3441,5364,7096,8292
1,0,0,2016-02-25,3436,5355,7095,8299
1,0,0,2016-02-26,3441,5363,7098,8301
1,0,0,2016-02-27,3444,5377,7112,8306
1,0,0,2016-02-28,3449,5382,7109,8308
1,0,0,2016-02-29,3441,5385,7103,8301
1,0,0,2016-03-01,3438,5378,7105,8310
1,0,0,2016-03-02,3443,5384,7115,8313
1,0,0,2016-03-03,3438,5387,7118,8318
1,0,0,2016-03-04,3444,5398,7136,8330
1,0,0,2016-03-05,3460,5409,7151,8337
1,0,0,2016-03-06,3462,5409,7147,8333
1,0,0,2016-03-07,3470,5422,7158,8339
1,0,0,2016-03-08,3469,5415,7162,8341
1,0,0,2016-03-09,3453,5412,7165,8342
1,0,0,2016-03-10,3469,5419,7175,8351
1,0,0,2016-03-11,3487,5432,7183,8360
1,0,0,2016-03-12,3481,5439,7197,8370
1,0,0,2016-03-13,3482,5441,7200,8375
1,0,0,2016-03-14,3474,5441,7203,8371
1,0,0,2016-03-15,3473,5439,7204,8382
1,0,0,2016-03-16,3467,5433,7198,8383
1,0,0,2016-03-17,3478,5440,7203,8385
1,0,0,2016-03-18,3469,5437,7206,8387
1,0,0,2016-03-19,3464,5439,7207,8391
1,0,0,2016-03-20,3463,5437,7206,8390
1,0,0,2016-03-21,3463,5431,7200,8394
1,0,0,2016-03-22,3454,5427,7176,8392
1,0,0,2016-03-23,3457,5433,7182,8397
1,0,0,2016-03-24,3457,5439,7186,8403
1,0,0,2016-03-25,3447,5435,7185,8407
1,0,0,2016-03-26,3450,5439,7172,8410
1,0,0,2016-03-27,3439,5439,7164,8416
1,0,0,2016-03-28,3440,5435,7168,8426
1,0,0,2016-03-29,3433,5440,7167,8424
1,0,0,2016-03-30,3432,5429,7161,8429
1,0,0,2016-03-31,3434,5430,7162,8438
1,0,0,2016-04-01,3452,5440,7172,8441
1,0,0,2016-04-02,3458,5449,7171,8446
1,0,0,2016-04-03,3457,5456,7152,8455
1,0,0,2016-04-04,3452,5454,7114,8458
1,0,0,2016-04-05,3465,5460,7098,8468
1,0,0,2016-04-06,3472,5464,7104,8477
1,0,0,2016-04-07,3481,5472,7110,8483
1,0,0,2016-04-08,3487,5477,7118,8493
1,0,0,2016-04-09,3503,5478,7124,8495
1,0,0,2016-04-10,3505,5486,7128,8493
1,0,0,2016-04-11,3505,5488,7124,8498
1,0,0,2016-04-12,3516,5491,7123,8500
1,0,0,2016-04-13,3518,5502,7126,8512
1,0,0,2016-04-14,3526,5515,7126,8519
1,0,0,2016-04-15,3525,5516,7128,8520
1,0,0,2016-04-16,3534,5514,7129,8529
1,0,0,2016-04-17,3543,5525,7126,8535
1,0,0,2016-04-18,3547,5534,7124,8541
1,0,0,2016-04-19,3556,5545,7127,8548
1,0,0,2016-04-20,3553,5552,7136,8551
1,0,0,2016-04-21,3572,5570,7146,8566
1,0,0,2016-04-22,3571,5568,7152,8572
1,0,0,2016-04-23,3583,5584,7168,8583
1,0,0,2016-04-24,3590,5599,7180,8588
1,0,0,2016-04-25,3596,5609,7192,8600
1,0,0,2016-04-26,3605,5619,7195,8604
1,0,0,2016-04-27,3603,5615,7192,8603
1,0,0,2016-04-28,3596,5611,7175,8603
1,0,0,2016-04-29,3585,5586,7167,8602
1,0,0,2016-04-30,3583,5576,7160,8606
1,0,0,2016-05-01,3576,5578,7157,8611
1,0,0,2016-05-02,3569,5578,7147,8610
1,0,0,2016-05-03,3553,5573,7127,8605
1,0,0,2016-05-04,3549,5580,7120,8611
1,0,0,2016-05-05,3546,5581,7126,8629
1,0,0,2016-05-06,3548,5588,7130,8637
1,0,0,2016-05-07,3565,5585,7130,8646
1,0,0,2016-05-08,3565,5572,7129,8646
1,0,0,2016-05-09,3570,5565,7137,8647
1,0,0,2016-05-10,3567,5567,7138,8651
1,0,0,2016-05-11,3570,5579,7136,8652
1,0,0,2016-05-12,3554,5569,7121,8646
1,0,0,2016-05-13,3546,5554,7119,8645
1,0,0,2016-05-14,3543,5556,7116,8640
1,0,0,2016-05-15,3546,5556,7117,8630
1,0,0,2016-05-16,3542,5541,7116,8630
1,0,0,2016-05-17,3556,5536,7125,8628
1,0,0,2016-05-18,3549,5526,7119,8626
1,0,0,2016-05-19,3554,5535,7122,8640
1,0,0,2016-05-20,3545,5522,7124,8647
1,0,0,2016-05-21,3544,5526,7130,8648
1,0,0,2016-05-22,3542,5528,7129,8651
1,0,0,2016-05-23,3530,5516,7123,8639
1,0,0,2016-05-24,3535,5517,7118,8640
1,0,0,2016-05-25,3529,5511,7109,8636
1,0,0,2016-05-26,3516,5507,7107,8634
1,0,0,2016-05-27,3510,5503,7107,8635
1,0,0,2016-05-28,3511,5509,7116,8637
1,0,0,2016-05-29,3518,5505,7125,8635
1,0,0,2016-05-30,3521,5495,7117,8632
1,0,0,2016-05-31,3522,5497,7119,8639
1,0,0,2016-06-01,3520,5493,7126,8645
1,0,0,2016-06-02,3516,5491,7130,8656
1,0,0,2016-06-03,3496,5489,7126,8659
1,0,0,2016-06-04,3498,5498,7138,8663
1,0,0,2016-06-05,3488,5501,7149,8671
1,0,0,2016-06-06,3484,5497,7143,8674
1,0,0,2016-06-07,3487,5489,7142,8679
1,0,0,2016-06-08,3480,5498,7141,8684
1,0,0,2016-06-09,3482,5511,7151,8687
1,0,0,2016-06-10,3463,5503,7156,8696
1,0,0,2016-06-11,3454,5496,7149,8692
1,0,0,2016-06-12,3453,5493,7148,8700
1,0,0,2016-06-13,3449,5487,7142,8694
1,0,0,2016-06-14,3446,5486,7141,8698
1,0,0,2016-06-15,3445,5490,7141,8696
1,0,0,2016-06-16,3453,5485,7143,8702
1,0,0,2016-06-17,3450,5478,7139,8698
1,0,0,2016-06-18,3448,5469,7136,8697
1,0,0,2016-06-19,3455,5484,7144,8703
1,0,0,2016-06-20,3466,5483,7148,8686
1,0,0,2016-06-21,3462,5485,7155,8698
1,0,0,2016-06-22,3467,5488,7165,8705
1,0,0,2016-06-23,3478,5485,7163,8705
1,0,0,2016-06-24,3469,5488,7168,8692
1,0,0,2016-06-25,3473,5476,7166,8681
1,0,0,2016-06-26,3473,5481,7160,8683
1,0,0,2016-06-27,3474,5478,7171,8680
1,0,0,2016-06-28,3469,5471,7154,8669
1,0,0,2016-06-29,3469,5468,7151,8665
1,0,0,2016-06-30,3448,5470,7146,8668
1,0,0,2016-07-01,3429,5465,7147,8666
1,0,0,2016-07-02,3424,5456,7151,8645
1,0,0,2016-07-03,3417,5443,7147,8614
1,0,0,2016-07-04,3393,5437,7136,8587
1,0,0,2016-07-05,3391,5435,7133,8587
1,0,0,2016-07-06,3379,5437,7134,8590
1,0,0,2016-07-07,3368,5439,7134,8595
1,0,0,2016-07-08,3372,5444,7137,8597
1,0,0,2016-07-09,3358,5439,7135,8596
1,0,0,2016-07-10,3342,5427,7122,8583
1,0,0,2016-07-11,3332,5428,7121,8578
1,0,0,2016-07-12,3327,5425,7128,8579
1,0,0,2016-07-13,3316,5415,7128,8568
1,0,0,2016-07-14,3297,5409,7123,8563
1,0,0,2016-07-15,3286,5414,7116,8559
1,0,0,2016-07-16,3295,5420,7127,8560
1,0,0,2016-07-17,3288,5413,7124,8549
1,0,0,2016-07-18,3289,5415,7126,8547
1,0,0,2016-07-19,3289,5413,7131,8556
1,0,0,2016-07-20,3269,5412,7133,8552
1,0,0,2016-07-21,3269,5409,7131,8559
1,0,0,2016-07-22,3249,5404,7131,8560
1,0,0,2016-07-23,3246,5395,7130,8555
1,0,0,2016-07-24,3240,5395,7133,8560
1,0,0,2016-07-25,3223,5387,7126,8550
1,0,0,2016-07-26,3213,5374,7115,8541
1,0,0,2016-07-27,3220,5371,7113,8531
1,0,0,2016-07-28,3224,5364,7096,8527
1,0,0,2016-07-29,3226,5366,7090,8523
1,0,0,2016-07-30,3238,5369,7102,8529
1,0,0,2016-07-31,3237,5366,7100,8514
1,0,0,2016-08-01,3234,5345,7095,8495
1,0,0,2016-08-02,3222,5327,7090,8474
1,0,0,2016-08-03,3219,5319,7083,8473
1,0,0,2016-08-04,3221,5321,7090,8477
1,0,0,2016-08-05,3208,5328,7080,8470
1,0,0,2016-08-06,3211,5334,7075,8471
1,0,0,2016-08-07,3203,5332,7063,8470
1,0,0,2016-08-08,3210,5336,7066,8471
1,0,0,2016-08-09,3216,5340,7077,8471
1,0,0,2016-08-10,3220,5331,7076,8466
1,0,0,2016-08-11,3221,5320,7059,8462
1,0,0,2016-08-12,3214,5308,7060,8463
1,0,0,2016-08-13,3214,5313,7062,8468
1,0,0,2016-08-14,3215,5305,7046,8465
1,0,0,2016-08-15,3209,5311,7038,8473
1,0,0,2016-08-16,3205,5315,7035,8471
1,0,0,2016-08-17,3214,5317,7038,8471
1,0,0,2016-08-18,3207,5308,7027,8471
1,0,0,2016-08-19,3199,5308,7027,8471
1,0,0,2016-08-20,3194,5301,7023,8466
1,0,0,2016-08-21,3200,5301,7021,8471
1,0,0,2016-08-22,3208,5310,7029,8476
1,0,0,2016-08-23,3206,5299,7023,8466
1,0,0,2016-08-24,3213,5297,7026,8469
1,0,0,2016-08-25,3216,5299,7033,8481
1,0,0,2016-08-26,3219,5298,7040,8489
1,0,0,2016-08-27,3213,5303,7033,8497
1,0,0,2016-08-28,3200,5293,7013,8480
1,0,0,2016-08-29,3194,5287,7007,8475
1,0,0,2016-08-30,3194,5277,6993,8476
1,0,0,2016-08-31,3198,5270,6993,8481
1,0,0,2016-09-01,3197,5262,6998,8486
1,0,0,2016-09-02,3202,5265,7008,8501
1,0,0,2016-09-03,3206,5245,7007,8508
1,0,0,2016-09-04,3205,5243,7000,8498
1,0,0,2016-09-05,3186,5241,6985,8491
1,0,0,2016-09-06,3195,5233,6996,8496
1,0,0,2016-09-07,3204,5232,7006,8504
1,0,0,2016-09-08,3205,5218,7001,8510
1,0,0,2016-09-09,3201,5204,6990,8499
1,0,0,2016-09-10,3202,5207,6984,8494
1,0,0,2016-09-11,3201,5194,6970,8484
1,0,0,2016-09-12,3202,5185,6967,8480
1,0,0,2016-09-13,3202,5189,6974,8485
1,0,0,2016-09-14,3204,5193,6968,8488
1,0,0,2016-09-15,3186,5189,6960,8486
1,0,0,2016-09-16,3184,5197,6961,8494
1,0,0,2016-09-17,3187,5198,6968,8492
1,0,0,2016-09-18,3199,5205,6967,8491
1,0,0,2016-09-19,3203,5206,6968,8501
1,0,0,2016-09-20,3206,5208,6970,8509
1,0,0,2016-09-21,3205,5217,6964,8508
1,0,0,2016-09-22,3218,5209,6968,8512
1,0,0,2016-09-23,3224,5219,6962,8513
1,0,0,2016-09-24,3233,5217,6965,8509
1,0,0,2016-09-25,3226,5210,6960,8518
1,0,0,2016-09-26,3220,5204,6957,8505
1,0,0,2016-09-27,3222,5201,6951,8499
1,0,0,2016-09-28,3225,5186,6954,8495
1,0,0,2016-09-29,3225,5173,6953,8494
1,0,0,2016-09-30,3227,5172,6953,8506
1,0,0,2016-10-01,3235,5172,6945,8504
1,0,0,2016-10-02,3238,5154,6940,8497
1,0,0,2016-10-03,3246,5151,6938,8495
1,0,0,2016-10-04,3249,5145,6944,8497
1,0,0,2016-10-05,3248,5127,6941,8493
1,0,0,2016-10-06,3258,5134,6946,8497
1,0,0,2016-10-07,3255,5129,6949,8503
1,0,0,2016-10-08,3265,5123,6947,8500
1,0,0,2016-10-09,3260,5115,6944,8497
1,0,0,2016-10-10,3245,5103,6937,8495
1,0,0,2016-10-11,3253,5097,6932,8496
1,0,0,2016-10-12,3252,5078,6928,8489
1,0,0,2016-10-13,3264,5076,6936,8487
1,0,0,2016-10-14,3267,5075,6933,8490
1,0,0,2016-10-15,3263,5062,6923,8482
1,0,0,2016-10-16,3273,5068,6932,8492
1,0,0,2016-10-17,3277,5060,6922,8492
1,0,0,2016-10-18,3269,5042,6919,8491
1,0,0,2016-10-19,3262,5038,6917,8487
1,0,0,2016-10-20,3256,5021,6909,8485
1,0,0,2016-10-21,3248,5020,6907,8486
1,0,0,2016-10-22,3255,5013,6907,8486
1,0,0,2016-10-23,3266,5016,6915,8494
1,0,0,2016-10-24,3267,5019,6910,8495
1,0,0,2016-10-25,3271,5021,6906,8492
1,0,0,2016-10-26,3271,5022,6898,8473
1,0,0,2016-10-27,3275,5021,6898,8468
1,0,0,2016-10-28,3268,5021,6892,8465
1,0,0,2016-10-29,3259,5017,6886,8463
1,0,0,2016-10-30,3261,5009,6866,8459
1,0,0,2016-10-31,3258,5002,6855,8458
1,0,0,2016-11-01,3272,5009,6856,8460
1,0,0,2016-11-02,3277,5002,6851,8461
1,0,0,2016-11-03,3284,4997,6864,8459
1,0,0,2016-11-04,3296,4996,6869,8454
1,0,0,2016-11-05,3296,4993,6871,8446
1,0,0,2016-11-06,3298,5002,6873,8449
1,0,0,2016-11-07,3295,4997,6867,8453
1,0,0,2016-11-08,3296,5002,6859,8452
1,0,0,2016-11-09,3297,5005,6852,8436
1,0,0,2016-11-10,3298,5001,6844,8438
1,0,0,2016-11-11,3306,4995,6842,8435
1,0,0,2016-11-12,3299,4999,6835,8423
1,0,0,2016-11-13,3293,4986,6833,8409
1,0,0,2016-11-14,3292,4980,6830,8399
1,0,0,2016-11-15,3297,4982,6830,8399
1,0,0,2016-11-16,3303,4985,6824,8392
1,0,0,2016-11-17,3303,4979,6815,8384
1,0,0,2016-11-18,3301,4978,6812,8384
1,0,0,2016-11-19,3289,4980,6806,8376
1,0,0,2016-11-20,3289,4981,6811,8379
1,0,0,2016-11-21,3286,4981,6799,8372
1,0,0,2016-11-22,3292,4994,6798,8375
1,0,0,2016-11-23,3287,4993,6793,8373
1,0,0,2016-11-24,3294,4984,6784,8372
1,0,0,2016-11-25,3288,4976,6785,8364
1,0,0,2016-11-26,3287,4970,6780,8350
1,0,0,2016-11-27,3288,4971,6776,8348
1,0,0,2016-11-28,3279,4969,6765,8335
1,0,0,2016-11-29,3280,4964,6747,8329
1,0,0,2016-11-30,3278,4961,6736,8327
1,0,0,2016-12-01,3258,4955,6728,8322
1,0,0,2016-12-02,3254,4951,6705,8316
1,0,0,2016-12-03,3250,4946,6703,8312
1,0,0,2016-12-04,3255,4936,6708,8301
1,0,0,2016-12-05,3249,4929,6689,8303
1,0,0,2016-12-06,3248,4933,6681,8305
1,0,0,2016-12-07,3245,4935,6671,8299
1,0,0,2016-12-08,3239,4935,6662,8292
1,0,0,2016-12-09,3241,4935,6665,8286
1,0,0,2016-12-10,3238,4936,6653,8277
1,0,0,2016-12-11,3241,4938,6650,8277
1,0,0,2016-12-12,3239,4934,6645,8278
1,0,0,2016-12-13,3235,4934,6647,8271
1,0,0,2016-12-14,3228,4922,6647,8267
1,0,0,2016-12-15,3222,4916,6648,8265
1,0,0,2016-12-16,3227,4927,6654,8272
1,0,0,2016-12-17,3227,4937,6662,8273
1,0,0,2016-12-18,3214,4929,6655,8263
1,0,0,2016-12-19,3208,4927,6651,8263
1,0,0,2016-12-20,3204,4920,6657,8257
1,0,0,2016-12-21,3207,4925,6649,8257
1,0,0,2016-12-22,3188,4921,6652,8243
1,0,0,2016-12-23,3180,4929,6648,8245
1,0,0,2016-12-24,3185,4923,6642,8242
1,0,0,2016-12-25,3192,4925,6644,8247
1,0,0,2016-12-26,3207,4939,6647,8250
1,0,0,2016-12-27,3206,4940,6632,8252
1,0,0,2016-12-28,3212,4945,6622,8251
1,0,0,2016-12-29,3207,4947,6616,8243
1,0,0,2016-12-30,3201,4944,6606,8229
1,0,0,2016-12-31,3196,4947,6596,8227
1,0,0,2017-01-01,3195,4947,6587,8222
1,0,0,2017-01-02,3197,4950,6585,8227
1,0,0,2017-01-03,3205,4960,6574,8228
1,0,0,2017-01-04,3208,4961,6571,8223
1,0,0,2017-01-05,3203,4958,6563,8223
1,0,0,2017-01-06,3216,4963,6560,8223
1,0,0,2017-01-07,3204,4956,6548,8218
1,0,0,2017-01-08,3196,4949,6537,8211
1,0,0,2017-01-09,3210,4963,6535,8213
1,0,0,2017-01-10,3215,4965,6522,8213
1,0,0,2017-01-11,3222,4966,6517,8220
1,0,0,2017-01-12,3225,4972,6517,8219
1,0,0,2017-01-13,3240,4982,6516,8221
1,0,0,2017-01-14,3241,4986,6519,8226
1,0,0,2017-01-15,3237,4986,6508,8216
1,0,0,2017-01-16,3234,4984,6492,8216
1,0,0,2017-01-17,3242,4979,6491,8214
1,0,0,2017-01-18,3240,4971,6472,8204
1,0,0,2017-01-19,3238,4955,6463,8198
1,0,0,2017-01-20,3235,4957,6453,8193
1,0,0,2017-01-21,3220,4959,6446,8190
1,0,0,2017-01-22,3216,4957,6444,8182
1,0,0,2017-01-23,3212,4960,6447,8181
1,0,0,2017-01-24,3213,4962,6451,8176
1,0,0,2017-01-25,3201,4963,6443,8170
1,0,0,2017-01-26,3212,4958,6443,8162
1,0,0,2017-01-27,3210,4949,6439,8156
1,0,0,2017-01-28,3215,4944,6431,8137
1,0,0,2017-01-29,3221,4942,6422,8124
1,0,0,2017-01-30,3217,4946,6417,8115
1,0,0,2017-01-31,3216,4946,6410,8108
1,0,0,2017-02-01,3211,4943,6398,8110
1,0,0,2017-02-02,3198,4942,6389,8102
1,0,0,2017-02-03,3199,4948,6387,8104
1,0,0,2017-02-04,3199,4939,6387,8096
1,0,0,2017-02-05,3197,4932,6377,8090
1,0,0,2017-02-06,3193,4932,6378,8078
1,0,0,2017-02-07,3192,4933,6381,8073
1,0,0,2017-02-08,3200,4935,6378,8067
1,0,0,2017-02-09,3193,4945,6373,8066
1,0,0,2017-02-10,3193,4936,6372,8058
1,0,0,2017-02-11,3183,4931,6362,8057
1,0,0,2017-02-12,3181,4931,6357,8053
1,0,0,2017-02-13,3183,4941,6364,8058
1,0,0,2017-02-14,3181,4951,6370,8052
1,0,0,2017-02-15,3168,4944,6361,8040
1,0,0,2017-02-16,3170,4944,6355,8033
1,0,0,2017-02-17,3170,4936,6355,8029
1,0,0,2017-02-18,3163,4926,6349,8027
1,0,0,2017-02-19,3165,4931,6352,8021
1,0,0,2017-02-20,3173,4940,6367,8024
1,0,0,2017-02-21,3184,4945,6375,8029
1,0,0,2017-02-22,3190,4955,6380,8031
1,0,0,2017-02-23,3186,4946,6366,8028
1,0,0,2017-02-24,3182,4951,6361,8025
1,0,0,2017-02-25,3186,4961,6363,8022
1,0,0,2017-02-26,3194,4956,6367,8017
1,0,0,2017-02-27,3181,4954,6358,7997
1,0,0,2017-02-28,3185,4954,6356,7987
1,0,0,2017-03-01,3187,4949,6360,7989
1,0,0,2017-03-02,3194,4948,6356,7967
1,0,0,2017-03-03,3197,4945,6351,7964
1,0,0,2017-03-04,3198,4948,6341,7966
1,0,0,2017-03-05,3205,4951,6342,7951
1,0,0,2017-03-06,3198,4944,6342,7941
1,0,0,2017-03-07,3201,4948,6350,7936
1,0,0,2017-03-08,3198,4951,6348,7929
1,0,0,2017-03-09,3197,4946,6346,7926
1,0,0,2017-03-10,3198,4946,6352,7918
1,0,0,2017-03-11,3197,4952,6353,7913
1,0,0,2017-03-12,3205,4955,6354,7911
1,0,0,2017-03-13,3218,4954,6353,7910
1,0,0,2017-03-14,3214,4954,6337,7907
1,0,0,2017-03-15,3213,4946,6333,7906
1,0,0,2017-03-16,3200,4941,6334,7903
1,0,0,2017-03-17,3210,4941,6347,7914
1,0,0,2017-03-18,3210,4935,6342,7912
1,0,0,2017-03-19,3207,4933,6341,7910
1,0,0,2017-03-20,3201,4923,6329,7909
1,0,0,2017-03-21,3203,4926,6333,7902
1,0,0,2017-03-22,3220,4920,6344,7917
1,0,0,2017-03-23,3214,4912,6347,7910
1,0,0,2017-03-24,3223,4934,6353,7912
1,0,0,2017-03-25,3227,4944,6360,7919
1,0,0,2017-03-26,3231,4955,6371,7919
1,0,0,2017-03-27,3235,4956,6376,7906
1,0,0,2017-03-28,3240,4963,6381,7899
1,0,0,2017-03-29,3239,4960,6382,7894
1,0,0,2017-03-30,3241,4958,6383,7886
1,0,0,2017-03-31,3250,4972,6394,7883
1,0,0,2017-04-01,3250,4970,6393,7874
1,0,0,2017-04-02,3251,4969,6397,7870
1,0,0,2017-04-03,3259,4969,6402,7857
1,0,0,2017-04-04,3258,4966,6401,7853
1,0,0,2017-04-05,3255,4965,6400,7843
1,0,0,2017-04-06,3254,4969,6404,7836
1,0,0,2017-04-07,3250,4962,6400,7823
1,0,0,2017-04-08,3264,4966,6398,7819
1,0,0,2017-04-09,3255,4968,6398,7809
1,0,0,2017-04-10,3248,4964,6397,7795
1,0,0,2017-04-11,3252,4971,6404,7796
1,0,0,2017-04-12,3248,4972,6412,7799
1,0,0,2017-04-13,3250,4987,6426,7802
1,0,0,2017-04-14,3264,5000,6432,7807
1,0,0,2017-04-15,3260,5000,6430,7793
1,0,0,2017-04-16,3267,5005,6431,7782
1,0,0,2017-04-17,3270,5010,6427,7779
1,0,0,2017-04-18,3274,5018,6426,7771
1,0,0,2017-04-19,3278,5026,6422,7775
1,0,0,2017-04-20,3285,5036,6434,7770
1,0,0,2017-04-21,3296,5032,6443,7770
1,0,0,2017-04-22,3299,5034,6445,7770
1,0,0,2017-04-23,3298,5033,6447,7773
1,0,0,2017-04-24,3299,5033,6448,7772
1,0,0,2017-04-25,3304,5031,6455,7771
1,0,0,2017-04-26,3319,5046,6459,7779
1,0,0,2017-04-27,3311,5042,6451,7777
1,0,0,2017-04-28,3305,5061,6457,7779
1,0,0,2017-04-29,3320,5073,6466,7780
1,0,0,2017-04-30,3332,5069,6475,7779
1,0,0,2017-05-01,3332,5075,6478,7772
1,0,0,2017-05-02,3340,5083,6483,7771
1,0,0,2017-05-03,3350,5080,6488,7767
1,0,0,2017-05-04,3352,5079,6496,7767
1,0,0,2017-05-05,3360,5085,6498,7776
1,0,0,2017-05-06,3366,5093,6497,7772
1,0,0,2017-05-07,3369,5087,6499,7772
1,0,0,2017-05-08,3370,5082,6499,7773
1,0,0,2017-05-09,3378,5084,6504,7773
1,0,0,2017-05-10,3381,5076,6509,7766
1,0,0,2017-05-11,3383,5077,6506,7765
1,0,0,2017-05-12,3389,5071,6506,7761
1,0,0,2017-05-13,3391,5066,6502,7755
1,0,0,2017-05-14,3398,5075,6515,7763
1,0,0,2017-05-15,3406,5079,6530,7771
1,0,0,2017-05-16,3404,5079,6535,7774
1,0,0,2017-05-17,3411,5087,6537,7773
1,0,0,2017-05-18,3418,5096,6540,7786
1,0,0,2017-05-19,3431,5101,6539,7787
1,0,0,2017-05-20,3427,5100,6542,7786
1,0,0,2017-05-21,3418,5095,6537,7787
1,0,0,2017-05-22,3414,5100,6543,7794
1,0,0,2017-05-23,3427,5111,6553,7798
1,0,0,2017-05-24,3421,5113,6551,7793
1,0,0,2017-05-25,3429,5115,6556,7793
1,0,0,2017-05-26,3447,5118,6567,7799
1,0,0,2017-05-27,3460,5129,6564,7803
1,0,0,2017-05-28,3468,5129,6575,7803
1,0,0,2017-05-29,3471,5135,6577,7805
1,0,0,2017-05-30,3482,5145,6580,7813
1,0,0,2017-05-31,3488,5158,6591,7826
1,0,0,2017-06-01,3493,5167,6598,7828
1,0,0,2017-06-02,3495,5170,6600,7820
1,0,0,2017-06-03,3495,5174,6600,7823
1,0,0,2017-06-04,3502,5169,6593,7823
1,0,0,2017-06-05,3513,5167,6589,7821
1,0,0,2017-06-06,3511,5169,6600,7826
1,0,0,2017-06-07,3526,5179,6609,7833
1,0,0,2017-06-08,3531,5187,6621,7845
1,0,0,2017-06-09,3528,5180,6625,7848
1,0,0,2017-06-10,3532,5187,6629,7848
1,0,0,2017-06-11,3539,5192,6627,7846
1,0,0,2017-06-12,3537,5185,6625,7828
1,0,0,2017-06-13,3546,5191,6623,7831
1,0,0,2017-06-14,3548,5184,6616,7833
1,0,0,2017-06-15,3547,5176,6611,7835
1,0,0,2017-06-16,3547,5182,6609,7833
1,0,0,2017-06-17,3549,5186,6612,7835
1,0,0,2017-06-18,3549,5190,6612,7834
1,0,0,2017-06-19,3555,5200,6625,7847
1,0,0,2017-06-20,3558,5211,6617,7853
1,0,0,2017-06-21,3565,5210,6615,7855
1,0,0,2017-06-22,3579,5215,6630,7857
1,0,0,2017-06-23,3585,5215,6634,7861
1,0,0,2017-06-24,3583,5221,6640,7868
1,0,0,2017-06-25,3578,5214,6636,7867
1,0,0,2017-06-26,3588,5224,6647,7876
1,0,0,2017-06-27,3597,5226,6652,7885
1,0,0,2017-06-28,3624,5250,6667,7902
1,0,0,2017-06-29,3617,5252,6670,7904
1,0,0,2017-06-30,3616,5258,6673,7907
1,0,0,2017-07-01,3639,5269,6684,7923
1,0,0,2017-07-02,3648,5281,6689,7933
1,0,0,2017-07-03,3661,5289,6695,7943
1,0,0,2017-07-04,3676,5310,6708,7956
1,0,0,2017-07-05,3681,5325,6725,7976
1,0,0,2017-07-06,3688,5336,6733,7985
1,0,0,2017-07-07,3710,5354,6747,7991
1,0,0,2017-07-08,3716,5352,6752,7999
1,0,0,2017-07-09,3723,5360,6761,8008
1,0,0,2017-07-10,3743,5368,6770,8015
1,0,0,2017-07-11,3750,5378,6785,8030
1,0,0,2017-07-12,3763,5389,6806,8046
1,0,0,2017-07-13,3777,5404,6824,8059
1,0,0,2017-07-14,3769,5404,6825,8061
1,0,0,2017-07-15,3768,5417,6832,8065
1,0,0,2017-07-16,3773,5429,6844,8069
1,0,0,2017-07-17,3788,5433,6853,8067
1,0,0,2017-07-18,3797,5444,6865,8066
1,0,0,2017-07-19,3805,5464,6883,8083
1,0,0,2017-07-20,3809,5475,6880,8089
1,0,0,2017-07-21,3799,5479,6887,8097
1,0,0,2017-07-22,3814,5492,6894,8107
1,0,0,2017-07-23,3838,5516,6917,8131
1,0,0,2017-07-24,3852,5529,6930,8148
1,0,0,2017-07-25,3869,5560,6959,8167
1,0,0,2017-07-26,3890,5580,6975,8177
1,0,0,2017-07-27,3907,5588,6998,8190
1,0,0,2017-07-28,3933,5620,7026,8218
1,0,0,2017-07-29,3947,5645,7038,8241
1,0,0,2017-07-30,3968,5663,7062,8263
1,0,0,2017-07-31,3979,5682,7085,8283
1,0,0,2017-08-01,4000,5707,7101,8310
1,0,0,2017-08-02,4020,5731,7127,8338
1,0,0,2017-08-03,4050,5762,7151,8359
1,0,0,2017-08-04,4069,5780,7166,8374
1,0,0,2017-08-05,4085,5796,7179,8390
1,0,0,2017-08-06,4103,5817,7195,8408
1,0,0,2017-08-07,4118,5836,7208,8417
1,0,0,2017-08-08,4134,5857,7216,8436
1,0,0,2017-08-09,4145,5873,7228,8446
1,0,0,2017-08-10,4149,5883,7233,8451
1,0,0,2017-08-11,4172,5907,7251,8468
1,0,0,2017-08-12,4195,5930,7276,8498
1,0,0,2017-08-13,4202,5945,7282,8518
1,0,0,2017-08-14,4223,5956,7290,8530
1,0,0,2017-08-15,4236,5967,7307,8540
1,0,0,2017-08-16,4243,5977,7318,8547
1,0,0,2017-08-17,4249,5985,7314,8540
1,0,0,2017-08-18,4276,6004,7333,8561
1,0,0,2017-08-19,4281,6006,7342,8570
1,0,0,2017-08-20,4299,6018,7359,8585
1,0,0,2017-08-21,4319,6035,7373,8602
1,0,0,2017-08-22,4330,6043,7381,8605
1,0,0,2017-08-23,4343,6055,7390,8614
1,0,0,2017-08-24,4352,6070,7391,8622
1,0,0,2017-08-25,4355,6079,7401,8621
1,0,0,2017-08-26,4352,6076,7395,8626
1,0,0,2017-08-27,4352,6084,7409,8632
1,0,0,2017-08-28,4348,6087,7410,8625
1,0,0,2017-08-29,4345,6093,7421,8634
1,0,0,2017-08-30,4362,6118,7445,8652
1,0,0,2017-08-31,4365,6126,7451,8662
1,0,0,2017-09-01,4365,6128,7459,8669
1,0,0,2017-09-02,4374,6138,7462,8669
1,0,0,2017-09-03,4385,6155,7468,8669
1,0,0,2017-09-04,4394,6162,7478,8685
1,0,0,2017-09-05,4416,6181,7491,8705
1,0,0,2017-09-06,4425,6192,7505,8719
1,0,0,2017-09-07,4428,6192,7508,8727
1,0,0,2017-09-08,4445,6201,7520,8736
1,0,0,2017-09-09,4460,6213,7526,8736
1,0,0,2017-09-10,4476,6234,7533,8747
1,0,0,2017-09-11,4480,6247,7543,8751
1,0,0,2017-09-12,4486,6259,7544,8754
1,0,0,2017-09-13,4495,6267,7546,8759
1,0,0,2017-09-14,4497,6269,7549,8753
1,0,0,2017-09-15,4501,6284,7563,8768
1,0,0,2017-09-16,4516,6300,7580,8778
1,0,0,2017-09-17,4529,6308,7594,8794
1,0,0,2017-09-18,4530,6320,7610,8797
1,0,0,2017-09-19,4537,6335,7617,8804
1,0,0,2017-09-20,4526,6341,7618,8809
1,0,0,2017-09-21,4548,6352,7630,8819
1,0,0,2017-09-22,4564,6368,7644,8836
1,0,0,2017-09-23,4568,6365,7641,8836
1,0,0,2017-09-24,4580,6374,7654,8851
1,0,0,2017-09-25,4597,6395,7672,8866
1,0,0,2017-09-26,4588,6411,7684,8872
1,0,0,2017-09-27,4598,6420,7698,8887
1,0,0,2017-09-28,4619,6438,7721,8905
1,0,0,2017-09-29,4611,6449,7726,8912
1,0,0,2017-09-30,4607,6452,7738,8916
1,0,0,2017-10-01,4607,6463,7745,8922
1,0,0,2017-10-02,4611,6476,7756,8925
1,0,0,2017-10-03,4610,6477,7766,8936
1,0,0,2017-10-04,4614,6480,7776,8944
1,0,0,2017-10-05,4603,6488,7783,8944
1,0,0,2017-10-06,4610,6500,7790,8954
1,0,0,2017-10-07,4615,6513,7797,8960
1,0,0,2017-10-08,4607,6516,7794,8961
1,0,0,2017-10-09,4599,6508,7791,8961
1,0,0,2017-10-10,4585,6514,7797,8973
1,0,0,2017-10-11,4572,6515,7796,8974
1,0,0,2017-10-12,4587,6524,7805,8983
1,0,0,2017-10-13,4586,6526,7818,8991
1,0,0,2017-10-14,4586,6532,7827,9001
1,0,0,2017-10-15,4580,6545,7832,9008
1,0,0,2017-10-16,4574,6541,7834,9012
1,0,0,2017-10-17,4565,6543,7844,9025
1,0,0,2017-10-18,4575,6550,7862,9032
1,0,0,2017-10-19,4580,6544,7865,9038
1,0,0,2017-10-20,4578,6548,7870,9040
1,0,0,2017-10-21,4571,6554,7873,9049
1,0,0,2017-10-22,4564,6555,7876,9053
1,0,0,2017-10-23,4544,6547,7878,9052
1,0,0,2017-10-24,4536,6556,7881,9058
1,0,0,2017-10-25,4528,6563,7886,9074
1,0,0,2017-10-26,4515,6562,7892,9080
1,0,0,2017-10-27,4502,6563,7903,9082
1,0,0,2017-10-28,4490,6569,7901,9088
1,0,0,2017-10-29,4474,6567,7902,9097
1,0,0,2017-10-30,4467,6575,7911,9099
1,0,0,2017-10-31,4459,6579,7920,9109
1,0,0,2017-11-01,4442,6585,7933,9115
1,0,0,2017-11-02,4432,6595,7946,9126
1,0,0,2017-11-03,4414,6595,7943,9120
1,0,0,2017-11-04,4413,6609,7951,9119
1,0,0,2017-11-05,4395,6612,7958,9125
1,0,0,2017-11-06,4390,6623,7972,9127
1,0,0,2017-11-07,4385,6635,7984,9139
1,0,0,2017-11-08,4387,6643,7999,9151
1,0,0,2017-11-09,4386,6654,8014,9163
1,0,0,2017-11-10,4362,6655,8015,9170
1,0,0,2017-11-11,4349,6649,8023,9168
1,0,0,2017-11-12,4326,6651,8021,9169
1,0,0,2017-11-13,4328,6658,8032,9183
1,0,0,2017-11-14,4323,6663,8041,9193
1,0,0,2017-11-15,4313,6670,8053,9193
1,0,0,2017-11-16,4293,6681,8059,9195
1,0,0,2017-11-17,4290,6688,8063,9205
1,0,0,2017-11-18,4274,6687,8057,9205
1,0,0,2017-11-19,4274,6698,8065,9215
1,0,0,2017-11-20,4260,6704,8060,9213
1,0,0,2017-11-21,4254,6714,8070,9218
1,0,0,2017-11-22,4260,6723,8083,9218
1,0,0,2017-11-23,4263,6731,8095,9231
1,0,0,2017-11-24,4264,6733,8103,9235
1,0,0,2017-11-25,4273,6732,8105,9244
1,0,0,2017-11-26,4264,6727,8109,9247
1,0,0,2017-11-27,4263,6734,8125,9266
1,0,0,2017-11-28,4262,6743,8140,9277
1,0,0,2017-11-29,4256,6750,8153,9286
1,0,0,2017-11-30,4249,6748,8157,9289
1,0,0,2017-12-01,4232,6759,8166,9296
1,0,0,2017-12-02,4238,6757,8171,9295
1,0,0,2017-12-03,4229,6757,8171,9296
1,0,0,2017-12-04,4219,6763,8180,9297
1,0,0,2017-12-05,4201,6762,8181,9300
1,0,0,2017-12-06,4191,6761,8181,9301
1,0,0,2017-12-07,4190,6771,8188,9311
1,0,0,2017-12-08,4196,6779,8200,9319
1,0,0,2017-12-09,4183,6785,8210,9317
1,0,0,2017-12-10,4183,6788,8221,9325
1,0,0,2017-12-11,4182,6792,8229,9325
1,0,0,2017-12-12,4185,6799,8234,9325
1,0,0,2017-12-13,4181,6797,8235,9328
1,0,0,2017-12-14,4158,6784,8236,9329
1,0,0,2017-12-15,4152,6799,8250,9342
1,0,0,2017-12-16,4141,6800,8247,9344
1,0,0,2017-12-17,4139,6806,8255,9356
1,0,0,2017-12-18,4138,6809,8262,9351
1,0,0,2017-12-19,4145,6804,8270,9355
1,0,0,2017-12-20,4132,6818,8279,9363
1,0,0,2017-12-21,4139,6833,8292,9373
1,0,0,2017-12-22,4137,6835,8285,9365
1,0,0,2017-12-23,4138,6843,8294,9374
1,0,0,2017-12-24,4132,6840,8297,9376
1,0,0,2017-12-25,4122,6822,8298,9375
1,0,0,2017-12-26,4112,6827,8302,9383
1,0,0,2017-12-27,4096,6830,8302,9387
1,0,0,2017-12-28,4079,6817,8305,9384
1,0,0,2017-12-29,4080,6811,8308,9393
1,0,0,2017-12-30,4072,6812,8321,9403
1,0,0,2017-12-31,4067,6810,8327,9407
1,0,1,2012-01-01,NA,NA,NA,NA
1,0,1,2012-01-02,NA,NA,NA,NA
1,0,1,2012-01-03,NA,NA,NA,NA
1,0,1,2012-01-04,NA,NA,NA,NA
1,0,1,2012-01-05,NA,NA,NA,NA
1,0,1,2012-01-06,NA,NA,NA,NA
1,0,1,2012-01-07,NA,NA,NA,NA
1,0,1,2012-01-08,NA,NA,NA,NA
1,0,1,2012-01-09,NA,NA,NA,NA
1,0,1,2012-01-10,NA,NA,NA,NA
1,0,1,2012-01-11,NA,NA,NA,NA
1,0,1,2012-01-12,NA,NA,NA,NA
1,0,1,2012-01-13,NA,NA,NA,NA
1,0,1,2012-01-14,NA,NA,NA,NA
1,0,1,2012-01-15,NA,NA,NA,NA
1,0,1,2012-01-16,NA,NA,NA,NA
1,0,1,2012-01-17,NA,NA,NA,NA
1,0,1,2012-01-18,NA,NA,NA,NA
1,0,1,2012-01-19,NA,NA,NA,NA
1,0,1,2012-01-20,NA,NA,NA,NA
1,0,1,2012-01-21,NA,NA,NA,NA
1,0,1,2012-01-22,NA,NA,NA,NA
1,0,1,2012-01-23,NA,NA,NA,NA
1,0,1,2012-01-24,NA,NA,NA,NA
1,0,1,2012-01-25,NA,NA,NA,NA
1,0,1,2012-01-26,NA,NA,NA,NA
1,0,1,2012-01-27,NA,NA,NA,NA
1,0,1,2012-01-28,NA,NA,NA,NA
1,0,1,2012-01-29,NA,NA,NA,NA
1,0,1,2012-01-30,NA,NA,NA,NA
1,0,1,2012-01-31,NA,NA,NA,NA
1,0,1,2012-02-01,NA,NA,NA,NA
1,0,1,2012-02-02,NA,NA,NA,NA
1,0,1,2012-02-03,NA,NA,NA,NA
1,0,1,2012-02-04,NA,NA,NA,NA
1,0,1,2012-02-05,NA,NA,NA,NA
1,0,1,2012-02-06,NA,NA,NA,NA
1,0,1,2012-02-07,NA,NA,NA,NA
1,0,1,2012-02-08,NA,NA,NA,NA
1,0,1,2012-02-09,NA,NA,NA,NA
1,0,1,2012-02-10,NA,NA,NA,NA
1,0,1,2012-02-11,NA,NA,NA,NA
1,0,1,2012-02-12,NA,NA,NA,NA
1,0,1,2012-02-13,NA,NA,NA,NA
1,0,1,2012-02-14,NA,NA,NA,NA
1,0,1,2012-02-15,NA,NA,NA,NA
1,0,1,2012-02-16,NA,NA,NA,NA
1,0,1,2012-02-17,NA,NA,NA,NA
1,0,1,2012-02-18,NA,NA,NA,NA
1,0,1,2012-02-19,NA,NA,NA,NA
1,0,1,2012-02-20,NA,NA,NA,NA
1,0,1,2012-02-21,NA,NA,NA,NA
1,0,1,2012-02-22,NA,NA,NA,NA
1,0,1,2012-02-23,NA,NA,NA,NA
1,0,1,2012-02-24,NA,NA,NA,NA
1,0,1,2012-02-25,NA,NA,NA,NA
1,0,1,2012-02-26,NA,NA,NA,NA
1,0,1,2012-02-27,NA,NA,NA,NA
1,0,1,2012-02-28,NA,NA,NA,NA
1,0,1,2012-02-29,NA,NA,NA,NA
1,0,1,2012-03-01,NA,NA,NA,NA
1,0,1,2012-03-02,NA,NA,NA,NA
1,0,1,2012-03-03,NA,NA,NA,NA
1,0,1,2012-03-04,NA,NA,NA,NA
1,0,1,2012-03-05,NA,NA,NA,NA
1,0,1,2012-03-06,NA,NA,NA,NA
1,0,1,2012-03-07,NA,NA,NA,NA
1,0,1,2012-03-08,NA,NA,NA,NA
1,0,1,2012-03-09,NA,NA,NA,NA
1,0,1,2012-03-10,NA,NA,NA,NA
1,0,1,2012-03-11,NA,NA,NA,NA
1,0,1,2012-03-12,NA,NA,NA,NA
1,0,1,2012-03-13,NA,NA,NA,NA
1,0,1,2012-03-14,NA,NA,NA,NA
1,0,1,2012-03-15,NA,NA,NA,NA
1,0,1,2012-03-16,NA,NA,NA,NA
1,0,1,2012-03-17,NA,NA,NA,NA
1,0,1,2012-03-18,NA,NA,NA,NA
1,0,1,2012-03-19,NA,NA,NA,NA
1,0,1,2012-03-20,NA,NA,NA,NA
1,0,1,2012-03-21,NA,NA,NA,NA
1,0,1,2012-03-22,NA,NA,NA,NA
1,0,1,2012-03-23,NA,NA,NA,NA
1,0,1,2012-03-24,NA,NA,NA,NA
1,0,1,2012-03-25,NA,NA,NA,NA
1,0,1,2012-03-26,NA,NA,NA,NA
1,0,1,2012-03-27,NA,NA,NA,NA
1,0,1,2012-03-28,NA,NA,NA,NA
1,0,1,2012-03-29,NA,NA,NA,NA
1,0,1,2012-03-30,7652,NA,NA,NA
1,0,1,2012-03-31,7696,NA,NA,NA
1,0,1,2012-04-01,7734,NA,NA,NA
1,0,1,2012-04-02,7770,NA,NA,NA
1,0,1,2012-04-03,7807,NA,NA,NA
1,0,1,2012-04-04,7850,NA,NA,NA
1,0,1,2012-04-05,7876,NA,NA,NA
1,0,1,2012-04-06,7913,NA,NA,NA
1,0,1,2012-04-07,7953,NA,NA,NA
1,0,1,2012-04-08,7998,NA,NA,NA
1,0,1,2012-04-09,8034,NA,NA,NA
1,0,1,2012-04-10,8054,NA,NA,NA
1,0,1,2012-04-11,8075,NA,NA,NA
1,0,1,2012-04-12,8105,NA,NA,NA
1,0,1,2012-04-13,8132,NA,NA,NA
1,0,1,2012-04-14,8144,NA,NA,NA
1,0,1,2012-04-15,8171,NA,NA,NA
1,0,1,2012-04-16,8197,NA,NA,NA
1,0,1,2012-04-17,8211,NA,NA,NA
1,0,1,2012-04-18,8205,NA,NA,NA
1,0,1,2012-04-19,8217,NA,NA,NA
1,0,1,2012-04-20,8231,NA,NA,NA
1,0,1,2012-04-21,8232,NA,NA,NA
1,0,1,2012-04-22,8239,NA,NA,NA
1,0,1,2012-04-23,8251,NA,NA,NA
1,0,1,2012-04-24,8257,NA,NA,NA
1,0,1,2012-04-25,8281,NA,NA,NA
1,0,1,2012-04-26,8282,NA,NA,NA
1,0,1,2012-04-27,8300,NA,NA,NA
1,0,1,2012-04-28,8300,NA,NA,NA
1,0,1,2012-04-29,8308,NA,NA,NA
1,0,1,2012-04-30,8322,NA,NA,NA
1,0,1,2012-05-01,8334,NA,NA,NA
1,0,1,2012-05-02,8353,NA,NA,NA
1,0,1,2012-05-03,8354,NA,NA,NA
1,0,1,2012-05-04,8352,NA,NA,NA
1,0,1,2012-05-05,8347,NA,NA,NA
1,0,1,2012-05-06,8361,NA,NA,NA
1,0,1,2012-05-07,8361,NA,NA,NA
1,0,1,2012-05-08,8363,NA,NA,NA
1,0,1,2012-05-09,8367,NA,NA,NA
1,0,1,2012-05-10,8365,NA,NA,NA
1,0,1,2012-05-11,8376,NA,NA,NA
1,0,1,2012-05-12,8379,NA,NA,NA
1,0,1,2012-05-13,8399,NA,NA,NA
1,0,1,2012-05-14,8417,NA,NA,NA
1,0,1,2012-05-15,8422,NA,NA,NA
1,0,1,2012-05-16,8429,NA,NA,NA
1,0,1,2012-05-17,8445,NA,NA,NA
1,0,1,2012-05-18,8428,NA,NA,NA
1,0,1,2012-05-19,8429,NA,NA,NA
1,0,1,2012-05-20,8423,NA,NA,NA
1,0,1,2012-05-21,8424,NA,NA,NA
1,0,1,2012-05-22,8416,NA,NA,NA
1,0,1,2012-05-23,8418,NA,NA,NA
1,0,1,2012-05-24,8419,NA,NA,NA
1,0,1,2012-05-25,8436,NA,NA,NA
1,0,1,2012-05-26,8438,NA,NA,NA
1,0,1,2012-05-27,8439,NA,NA,NA
1,0,1,2012-05-28,8450,NA,NA,NA
1,0,1,2012-05-29,8448,NA,NA,NA
1,0,1,2012-05-30,8462,NA,NA,NA
1,0,1,2012-05-31,8467,NA,NA,NA
1,0,1,2012-06-01,8471,NA,NA,NA
1,0,1,2012-06-02,8477,NA,NA,NA
1,0,1,2012-06-03,8484,NA,NA,NA
1,0,1,2012-06-04,8481,NA,NA,NA
1,0,1,2012-06-05,8491,NA,NA,NA
1,0,1,2012-06-06,8495,NA,NA,NA
1,0,1,2012-06-07,8494,NA,NA,NA
1,0,1,2012-06-08,8495,NA,NA,NA
1,0,1,2012-06-09,8498,NA,NA,NA
1,0,1,2012-06-10,8509,NA,NA,NA
1,0,1,2012-06-11,8518,NA,NA,NA
1,0,1,2012-06-12,8521,NA,NA,NA
1,0,1,2012-06-13,8520,NA,NA,NA
1,0,1,2012-06-14,8507,NA,NA,NA
1,0,1,2012-06-15,8525,NA,NA,NA
1,0,1,2012-06-16,8515,NA,NA,NA
1,0,1,2012-06-17,8526,NA,NA,NA
1,0,1,2012-06-18,8528,NA,NA,NA
1,0,1,2012-06-19,8520,NA,NA,NA
1,0,1,2012-06-20,8514,NA,NA,NA
1,0,1,2012-06-21,8519,NA,NA,NA
1,0,1,2012-06-22,8527,NA,NA,NA
1,0,1,2012-06-23,8529,NA,NA,NA
1,0,1,2012-06-24,8535,NA,NA,NA
1,0,1,2012-06-25,8531,NA,NA,NA
1,0,1,2012-06-26,8520,NA,NA,NA
1,0,1,2012-06-27,8541,NA,NA,NA
1,0,1,2012-06-28,8548,10566,NA,NA
1,0,1,2012-06-29,8553,10592,NA,NA
1,0,1,2012-06-30,8556,10618,NA,NA
1,0,1,2012-07-01,8563,10641,NA,NA
1,0,1,2012-07-02,8546,10665,NA,NA
1,0,1,2012-07-03,8545,10686,NA,NA
1,0,1,2012-07-04,8538,10706,NA,NA
1,0,1,2012-07-05,8560,10738,NA,NA
1,0,1,2012-07-06,8554,10761,NA,NA
1,0,1,2012-07-07,8563,10785,NA,NA
1,0,1,2012-07-08,8568,10805,NA,NA
1,0,1,2012-07-09,8560,10819,NA,NA
1,0,1,2012-07-10,8568,10841,NA,NA
1,0,1,2012-07-11,8577,10861,NA,NA
1,0,1,2012-07-12,8579,10867,NA,NA
1,0,1,2012-07-13,8593,10882,NA,NA
1,0,1,2012-07-14,8594,10896,NA,NA
1,0,1,2012-07-15,8599,10910,NA,NA
1,0,1,2012-07-16,8599,10917,NA,NA
1,0,1,2012-07-17,8607,10928,NA,NA
1,0,1,2012-07-18,8608,10936,NA,NA
1,0,1,2012-07-19,8626,10952,NA,NA
1,0,1,2012-07-20,8625,10959,NA,NA
1,0,1,2012-07-21,8629,10965,NA,NA
1,0,1,2012-07-22,8632,10974,NA,NA
1,0,1,2012-07-23,8634,10971,NA,NA
1,0,1,2012-07-24,8640,10975,NA,NA
1,0,1,2012-07-25,8663,10987,NA,NA
1,0,1,2012-07-26,8657,11002,NA,NA
1,0,1,2012-07-27,8671,11002,NA,NA
1,0,1,2012-07-28,8667,10998,NA,NA
1,0,1,2012-07-29,8674,11013,NA,NA
1,0,1,2012-07-30,8693,11009,NA,NA
1,0,1,2012-07-31,8695,11028,NA,NA
1,0,1,2012-08-01,8699,11032,NA,NA
1,0,1,2012-08-02,8698,11034,NA,NA
1,0,1,2012-08-03,8697,11034,NA,NA
1,0,1,2012-08-04,8704,11035,NA,NA
1,0,1,2012-08-05,8705,11042,NA,NA
1,0,1,2012-08-06,8713,11052,NA,NA
1,0,1,2012-08-07,8714,11065,NA,NA
1,0,1,2012-08-08,8710,11067,NA,NA
1,0,1,2012-08-09,8710,11067,NA,NA
1,0,1,2012-08-10,8712,11075,NA,NA
1,0,1,2012-08-11,8721,11082,NA,NA
1,0,1,2012-08-12,8725,11091,NA,NA
1,0,1,2012-08-13,8721,11098,NA,NA
1,0,1,2012-08-14,8733,11113,NA,NA
1,0,1,2012-08-15,8739,11129,NA,NA
1,0,1,2012-08-16,8724,11123,NA,NA
1,0,1,2012-08-17,8746,11126,NA,NA
1,0,1,2012-08-18,8745,11123,NA,NA
1,0,1,2012-08-19,8755,11128,NA,NA
1,0,1,2012-08-20,8761,11127,NA,NA
1,0,1,2012-08-21,8762,11126,NA,NA
1,0,1,2012-08-22,8763,11131,NA,NA
1,0,1,2012-08-23,8768,11136,NA,NA
1,0,1,2012-08-24,8776,11146,NA,NA
1,0,1,2012-08-25,8777,11154,NA,NA
1,0,1,2012-08-26,8774,11159,NA,NA
1,0,1,2012-08-27,8779,11153,NA,NA
1,0,1,2012-08-28,8786,11158,NA,NA
1,0,1,2012-08-29,8786,11159,NA,NA
1,0,1,2012-08-30,8791,11169,NA,NA
1,0,1,2012-08-31,8806,11172,NA,NA
1,0,1,2012-09-01,8801,11176,NA,NA
1,0,1,2012-09-02,8805,11181,NA,NA
1,0,1,2012-09-03,8813,11190,NA,NA
1,0,1,2012-09-04,8798,11188,NA,NA
1,0,1,2012-09-05,8810,11196,NA,NA
1,0,1,2012-09-06,8805,11186,NA,NA
1,0,1,2012-09-07,8809,11184,NA,NA
1,0,1,2012-09-08,8806,11189,NA,NA
1,0,1,2012-09-09,8813,11195,NA,NA
1,0,1,2012-09-10,8813,11193,NA,NA
1,0,1,2012-09-11,8828,11193,NA,NA
1,0,1,2012-09-12,8838,11187,NA,NA
1,0,1,2012-09-13,8847,11187,NA,NA
1,0,1,2012-09-14,8861,11200,NA,NA
1,0,1,2012-09-15,8871,11198,NA,NA
1,0,1,2012-09-16,8871,11198,NA,NA
1,0,1,2012-09-17,8873,11186,NA,NA
1,0,1,2012-09-18,8878,11187,NA,NA
1,0,1,2012-09-19,8885,11203,NA,NA
1,0,1,2012-09-20,8885,11211,NA,NA
1,0,1,2012-09-21,8894,11221,NA,NA
1,0,1,2012-09-22,8894,11216,NA,NA
1,0,1,2012-09-23,8899,11218,NA,NA
1,0,1,2012-09-24,8920,11227,NA,NA
1,0,1,2012-09-25,8925,11237,NA,NA
1,0,1,2012-09-26,8940,11253,12655,NA
1,0,1,2012-09-27,8948,11255,12676,NA
1,0,1,2012-09-28,8966,11263,12705,NA
1,0,1,2012-09-29,8960,11275,12726,NA
1,0,1,2012-09-30,8955,11265,12746,NA
1,0,1,2012-10-01,8978,11278,12774,NA
1,0,1,2012-10-02,8988,11275,12792,NA
1,0,1,2012-10-03,8984,11279,12805,NA
1,0,1,2012-10-04,8986,11273,12818,NA
1,0,1,2012-10-05,8993,11274,12836,NA
1,0,1,2012-10-06,8988,11275,12849,NA
1,0,1,2012-10-07,8980,11266,12852,NA
1,0,1,2012-10-08,8973,11276,12870,NA
1,0,1,2012-10-09,8972,11284,12886,NA
1,0,1,2012-10-10,8974,11282,12894,NA
1,0,1,2012-10-11,8975,11282,12894,NA
1,0,1,2012-10-12,8988,11285,12900,NA
1,0,1,2012-10-13,8994,11288,12911,NA
1,0,1,2012-10-14,9005,11292,12922,NA
1,0,1,2012-10-15,9007,11307,12935,NA
1,0,1,2012-10-16,9012,11314,12950,NA
1,0,1,2012-10-17,9026,11330,12966,NA
1,0,1,2012-10-18,9029,11337,12975,NA
1,0,1,2012-10-19,9039,11350,12985,NA
1,0,1,2012-10-20,9034,11346,12989,NA
1,0,1,2012-10-21,9056,11358,12996,NA
1,0,1,2012-10-22,9067,11371,13002,NA
1,0,1,2012-10-23,9067,11374,12999,NA
1,0,1,2012-10-24,9065,11365,13007,NA
1,0,1,2012-10-25,9063,11376,13014,NA
1,0,1,2012-10-26,9056,11379,13011,NA
1,0,1,2012-10-27,9067,11385,13019,NA
1,0,1,2012-10-28,9077,11398,13020,NA
1,0,1,2012-10-29,9076,11389,13027,NA
1,0,1,2012-10-30,9071,11400,13035,NA
1,0,1,2012-10-31,9080,11412,13045,NA
1,0,1,2012-11-01,9077,11411,13047,NA
1,0,1,2012-11-02,9093,11418,13060,NA
1,0,1,2012-11-03,9116,11433,13082,NA
1,0,1,2012-11-04,9126,11439,13091,NA
1,0,1,2012-11-05,9132,11436,13098,NA
1,0,1,2012-11-06,9140,11440,13105,NA
1,0,1,2012-11-07,9147,11450,13111,NA
1,0,1,2012-11-08,9160,11453,13122,NA
1,0,1,2012-11-09,9164,11450,13126,NA
1,0,1,2012-11-10,9181,11466,13142,NA
1,0,1,2012-11-11,9186,11467,13152,NA
1,0,1,2012-11-12,9182,11473,13163,NA
1,0,1,2012-11-13,9180,11479,13175,NA
1,0,1,2012-11-14,9181,11472,13172,NA
1,0,1,2012-11-15,9180,11495,13179,NA
1,0,1,2012-11-16,9192,11501,13186,NA
1,0,1,2012-11-17,9189,11507,13188,NA
1,0,1,2012-11-18,9195,11516,13196,NA
1,0,1,2012-11-19,9186,11518,13198,NA
1,0,1,2012-11-20,9188,11515,13197,NA
1,0,1,2012-11-21,9194,11525,13203,NA
1,0,1,2012-11-22,9197,11530,13203,NA
1,0,1,2012-11-23,9193,11532,13206,NA
1,0,1,2012-11-24,9203,11536,13216,NA
1,0,1,2012-11-25,9207,11534,13208,NA
1,0,1,2012-11-26,9207,11534,13213,NA
1,0,1,2012-11-27,9222,11543,13229,NA
1,0,1,2012-11-28,9229,11546,13234,NA
1,0,1,2012-11-29,9232,11561,13234,NA
1,0,1,2012-11-30,9221,11553,13233,NA
1,0,1,2012-12-01,9211,11549,13238,NA
1,0,1,2012-12-02,9199,11546,13234,NA
1,0,1,2012-12-03,9205,11539,13235,NA
1,0,1,2012-12-04,9207,11546,13243,NA
1,0,1,2012-12-05,9215,11553,13247,NA
1,0,1,2012-12-06,9222,11553,13252,NA
1,0,1,2012-12-07,9235,11566,13261,NA
1,0,1,2012-12-08,9258,11577,13271,NA
1,0,1,2012-12-09,9265,11596,13282,NA
1,0,1,2012-12-10,9270,11602,13280,NA
1,0,1,2012-12-11,9254,11609,13283,NA
1,0,1,2012-12-12,9266,11621,13286,NA
1,0,1,2012-12-13,9269,11634,13295,NA
1,0,1,2012-12-14,9266,11631,13294,NA
1,0,1,2012-12-15,9281,11646,13305,NA
1,0,1,2012-12-16,9280,11652,13303,NA
1,0,1,2012-12-17,9276,11648,13298,NA
1,0,1,2012-12-18,9286,11662,13313,NA
1,0,1,2012-12-19,9286,11669,13321,NA
1,0,1,2012-12-20,9288,11670,13327,NA
1,0,1,2012-12-21,9305,11684,13330,NA
1,0,1,2012-12-22,9309,11700,13340,NA
1,0,1,2012-12-23,9309,11712,13351,NA
1,0,1,2012-12-24,9313,11716,13358,NA
1,0,1,2012-12-25,9313,11726,13366,14509
1,0,1,2012-12-26,9309,11729,13368,14532
1,0,1,2012-12-27,9297,11732,13361,14545
1,0,1,2012-12-28,9311,11736,13374,14563
1,0,1,2012-12-29,9329,11746,13374,14581
1,0,1,2012-12-30,9327,11750,13371,14592
1,0,1,2012-12-31,9314,11759,13367,14600
1,0,1,2013-01-01,9332,11775,13381,14621
1,0,1,2013-01-02,9347,11777,13381,14640
1,0,1,2013-01-03,9345,11789,13389,14659
1,0,1,2013-01-04,9350,11800,13401,14675
1,0,1,2013-01-05,9348,11803,13403,14687
1,0,1,2013-01-06,9355,11802,13412,14702
1,0,1,2013-01-07,9364,11810,13418,14719
1,0,1,2013-01-08,9358,11816,13421,14730
1,0,1,2013-01-09,9359,11819,13423,14727
1,0,1,2013-01-10,9347,11818,13419,14730
1,0,1,2013-01-11,9352,11830,13425,14743
1,0,1,2013-01-12,9350,11833,13421,14749
1,0,1,2013-01-13,9358,11838,13438,14764
1,0,1,2013-01-14,9381,11849,13455,14786
1,0,1,2013-01-15,9378,11850,13460,14795
1,0,1,2013-01-16,9380,11855,13461,14798
1,0,1,2013-01-17,9389,11860,13464,14801
1,0,1,2013-01-18,9395,11863,13471,14812
1,0,1,2013-01-19,9399,11873,13470,14809
1,0,1,2013-01-20,9402,11880,13482,14814
1,0,1,2013-01-21,9423,11884,13491,14818
1,0,1,2013-01-22,9436,11891,13493,14831
1,0,1,2013-01-23,9448,11900,13513,14849
1,0,1,2013-01-24,9442,11901,13518,14850
1,0,1,2013-01-25,9432,11911,13521,14858
1,0,1,2013-01-26,9422,11905,13522,14853
1,0,1,2013-01-27,9424,11910,13518,14864
1,0,1,2013-01-28,9419,11917,13530,14872
1,0,1,2013-01-29,9426,11929,13542,14882
1,0,1,2013-01-30,9423,11911,13531,14875
1,0,1,2013-01-31,9411,11918,13532,14882
1,0,1,2013-02-01,9412,11932,13538,14897
1,0,1,2013-02-02,9409,11939,13541,14897
1,0,1,2013-02-03,9412,11944,13543,14902
1,0,1,2013-02-04,9406,11944,13549,14906
1,0,1,2013-02-05,9387,11943,13553,14907
1,0,1,2013-02-06,9397,11967,13563,14919
1,0,1,2013-02-07,9404,11988,13574,14933
1,0,1,2013-02-08,9406,11994,13581,14934
1,0,1,2013-02-09,9405,11998,13587,14939
1,0,1,2013-02-10,9396,12000,13595,14950
1,0,1,2013-02-11,9409,11997,13602,14963
1,0,1,2013-02-12,9406,12011,13612,14968
1,0,1,2013-02-13,9401,12017,13625,14967
1,0,1,2013-02-14,9419,12032,13633,14975
1,0,1,2013-02-15,9425,12038,13641,14980
1,0,1,2013-02-16,9433,12054,13657,14990
1,0,1,2013-02-17,9450,12057,13670,15000
1,0,1,2013-02-18,9460,12065,13679,15007
1,0,1,2013-02-19,9474,12078,13696,15019
1,0,1,2013-02-20,9483,12075,13705,15023
1,0,1,2013-02-21,9489,12075,13706,15032
1,0,1,2013-02-22,9502,12080,13705,15037
1,0,1,2013-02-23,9501,12084,13707,15029
1,0,1,2013-02-24,9499,12094,13719,15045
1,0,1,2013-02-25,9490,12096,13719,15052
1,0,1,2013-02-26,9492,12101,13724,15060
1,0,1,2013-02-27,9500,12100,13736,15062
1,0,1,2013-02-28,9519,12107,13744,15073
1,0,1,2013-03-01,9531,12109,13744,15080
1,0,1,2013-03-02,9543,12107,13749,15087
1,0,1,2013-03-03,9554,12111,13748,15095
1,0,1,2013-03-04,9566,12127,13774,15117
1,0,1,2013-03-05,9568,12139,13785,15131
1,0,1,2013-03-06,9577,12153,13798,15146
1,0,1,2013-03-07,9582,12165,13808,15151
1,0,1,2013-03-08,9571,12182,13818,15160
1,0,1,2013-03-09,9565,12182,13834,15170
1,0,1,2013-03-10,9574,12198,13848,15175
1,0,1,2013-03-11,9577,12199,13855,15180
1,0,1,2013-03-12,9580,12210,13868,15187
1,0,1,2013-03-13,9587,12220,13884,15203
1,0,1,2013-03-14,9597,12228,13892,15212
1,0,1,2013-03-15,9606,12236,13906,15222
1,0,1,2013-03-16,9624,12247,13921,15233
1,0,1,2013-03-17,9634,12257,13934,15240
1,0,1,2013-03-18,9627,12254,13939,15240
1,0,1,2013-03-19,9633,12255,13945,15246
1,0,1,2013-03-20,9621,12254,13951,15254
1,0,1,2013-03-21,9617,12268,13966,15261
1,0,1,2013-03-22,9621,12268,13975,15258
1,0,1,2013-03-23,9620,12264,13978,15261
1,0,1,2013-03-24,9620,12269,13988,15267
1,0,1,2013-03-25,9622,12270,13992,15270
1,0,1,2013-03-26,9607,12271,13995,15272
1,0,1,2013-03-27,9610,12279,14011,15279
1,0,1,2013-03-28,9602,12283,14014,15289
1,0,1,2013-03-29,9596,12281,14010,15281
1,0,1,2013-03-30,9607,12283,14025,15289
1,0,1,2013-03-31,9621,12284,14036,15298
1,0,1,2013-04-01,9631,12305,14056,15313
1,0,1,2013-04-02,9636,12324,14062,15316
1,0,1,2013-04-03,9643,12327,14072,15319
1,0,1,2013-04-04,9637,12329,14081,15329
1,0,1,2013-04-05,9644,12332,14085,15333
1,0,1,2013-04-06,9649,12333,14085,15338
1,0,1,2013-04-07,9641,12346,14093,15347
1,0,1,2013-04-08,9647,12342,14097,15350
1,0,1,2013-04-09,9640,12343,14107,15361
1,0,1,2013-04-10,9650,12352,14120,15369
1,0,1,2013-04-11,9663,12357,14128,15384
1,0,1,2013-04-12,9668,12358,14138,15382
1,0,1,2013-04-13,9691,12373,14146,15401
1,0,1,2013-04-14,9695,12392,14153,15407
1,0,1,2013-04-15,9691,12397,14155,15413
1,0,1,2013-04-16,9691,12402,14160,15416
1,0,1,2013-04-17,9695,12417,14176,15435
1,0,1,2013-04-18,9695,12418,14183,15444
1,0,1,2013-04-19,9697,12422,14196,15450
1,0,1,2013-04-20,9705,12425,14200,15459
1,0,1,2013-04-21,9710,12446,14204,15467
1,0,1,2013-04-22,9712,12460,14217,15471
1,0,1,2013-04-23,9712,12460,14216,15477
1,0,1,2013-04-24,9702,12461,14218,15485
1,0,1,2013-04-25,9704,12449,14220,15482
1,0,1,2013-04-26,9698,12450,14221,15491
1,0,1,2013-04-27,9705,12459,14233,15498
1,0,1,2013-04-28,9707,12461,14240,15513
1,0,1,2013-04-29,9708,12461,14250,15520
1,0,1,2013-04-30,9715,12477,14256,15529
1,0,1,2013-05-01,9728,12479,14268,15537
1,0,1,2013-05-02,9743,12481,14281,15543
1,0,1,2013-05-03,9747,12483,14286,15547
1,0,1,2013-05-04,9754,12482,14291,15545
1,0,1,2013-05-05,9764,12496,14302,15562
1,0,1,2013-05-06,9771,12502,14315,15577
1,0,1,2013-05-07,9758,12495,14322,15569
1,0,1,2013-05-08,9755,12495,14333,15575
1,0,1,2013-05-09,9759,12503,14342,15586
1,0,1,2013-05-10,9750,12501,14349,15592
1,0,1,2013-05-11,9745,12495,14349,15600
1,0,1,2013-05-12,9754,12506,14349,15606
1,0,1,2013-05-13,9758,12502,14356,15614
1,0,1,2013-05-14,9754,12496,14362,15625
1,0,1,2013-05-15,9753,12505,14373,15632
1,0,1,2013-05-16,9750,12511,14384,15647
1,0,1,2013-05-17,9763,12526,14402,15667
1,0,1,2013-05-18,9763,12545,14405,15678
1,0,1,2013-05-19,9779,12562,14413,15686
1,0,1,2013-05-20,9760,12554,14418,15696
1,0,1,2013-05-21,9753,12555,14411,15701
1,0,1,2013-05-22,9754,12560,14409,15701
1,0,1,2013-05-23,9772,12575,14419,15709
1,0,1,2013-05-24,9778,12582,14428,15718
1,0,1,2013-05-25,9782,12589,14440,15736
1,0,1,2013-05-26,9787,12593,14447,15743
1,0,1,2013-05-27,9787,12599,14459,15752
1,0,1,2013-05-28,9792,12610,14469,15767
1,0,1,2013-05-29,9780,12612,14473,15769
1,0,1,2013-05-30,9789,12633,14484,15778
1,0,1,2013-05-31,9803,12648,14484,15781
1,0,1,2013-06-01,9806,12656,14494,15782
1,0,1,2013-06-02,9790,12655,14500,15792
1,0,1,2013-06-03,9792,12665,14516,15799
1,0,1,2013-06-04,9793,12674,14520,15811
1,0,1,2013-06-05,9807,12693,14537,15831
1,0,1,2013-06-06,9808,12689,14553,15844
1,0,1,2013-06-07,9817,12696,14558,15856
1,0,1,2013-06-08,9831,12713,14576,15877
1,0,1,2013-06-09,9826,12706,14576,15883
1,0,1,2013-06-10,9838,12718,14591,15904
1,0,1,2013-06-11,9826,12718,14600,15919
1,0,1,2013-06-12,9824,12724,14606,15926
1,0,1,2013-06-13,9831,12728,14607,15931
1,0,1,2013-06-14,9835,12740,14621,15945
1,0,1,2013-06-15,9833,12742,14625,15950
1,0,1,2013-06-16,9844,12762,14639,15971
1,0,1,2013-06-17,9848,12775,14646,15981
1,0,1,2013-06-18,9852,12771,14657,15996
1,0,1,2013-06-19,9845,12771,14669,16014
1,0,1,2013-06-20,9857,12775,14677,16028
1,0,1,2013-06-21,9879,12783,14687,16046
1,0,1,2013-06-22,9867,12781,14685,16046
1,0,1,2013-06-23,9873,12787,14695,16055
1,0,1,2013-06-24,9875,12788,14699,16062
1,0,1,2013-06-25,9892,12794,14712,16082
1,0,1,2013-06-26,9899,12793,14726,16097
1,0,1,2013-06-27,9908,12799,14732,16100
1,0,1,2013-06-28,9919,12807,14741,16115
1,0,1,2013-06-29,9928,12824,14743,16126
1,0,1,2013-06-30,9933,12829,14756,16144
1,0,1,2013-07-01,9934,12826,14768,16146
1,0,1,2013-07-02,9929,12825,14771,16156
1,0,1,2013-07-03,9921,12820,14768,16160
1,0,1,2013-07-04,9938,12830,14776,16164
1,0,1,2013-07-05,9945,12848,14789,16175
1,0,1,2013-07-06,9960,12849,14802,16186
1,0,1,2013-07-07,9956,12856,14801,16186
1,0,1,2013-07-08,9957,12867,14814,16205
1,0,1,2013-07-09,9973,12879,14827,16225
1,0,1,2013-07-10,9975,12892,14834,16239
1,0,1,2013-07-11,9969,12898,14831,16244
1,0,1,2013-07-12,9969,12915,14839,16248
1,0,1,2013-07-13,9986,12914,14851,16257
1,0,1,2013-07-14,9987,12910,14858,16261
1,0,1,2013-07-15,9970,12903,14856,16260
1,0,1,2013-07-16,9960,12904,14857,16263
1,0,1,2013-07-17,9958,12908,14870,16274
1,0,1,2013-07-18,9943,12910,14868,16280
1,0,1,2013-07-19,9955,12915,14876,16294
1,0,1,2013-07-20,9959,12928,14895,16305
1,0,1,2013-07-21,9967,12933,14906,16322
1,0,1,2013-07-22,9968,12927,14908,16329
1,0,1,2013-07-23,9975,12930,14914,16332
1,0,1,2013-07-24,9985,12943,14911,16344
1,0,1,2013-07-25,9983,12942,14909,16342
1,0,1,2013-07-26,9994,12953,14922,16354
1,0,1,2013-07-27,9997,12945,14917,16360
1,0,1,2013-07-28,10008,12954,14923,16372
1,0,1,2013-07-29,10010,12956,14930,16369
1,0,1,2013-07-30,10016,12968,14937,16382
1,0,1,2013-07-31,10009,12973,14936,16392
1,0,1,2013-08-01,10017,12985,14950,16403
1,0,1,2013-08-02,10047,12996,14964,16422
1,0,1,2013-08-03,10046,12994,14965,16424
1,0,1,2013-08-04,10037,12999,14966,16432
1,0,1,2013-08-05,10029,12999,14966,16442
1,0,1,2013-08-06,10022,12995,14958,16441
1,0,1,2013-08-07,10014,12986,14954,16442
1,0,1,2013-08-08,10009,12986,14961,16455
1,0,1,2013-08-09,10008,12990,14957,16461
1,0,1,2013-08-10,10009,13002,14969,16465
1,0,1,2013-08-11,9998,12996,14959,16464
1,0,1,2013-08-12,9998,13010,14958,16472
1,0,1,2013-08-13,9992,13015,14969,16482
1,0,1,2013-08-14,9999,13007,14964,16481
1,0,1,2013-08-15,9998,13008,14975,16495
1,0,1,2013-08-16,10008,12999,14983,16490
1,0,1,2013-08-17,10005,13004,14996,16497
1,0,1,2013-08-18,10007,13005,14997,16507
1,0,1,2013-08-19,9998,12999,15003,16503
1,0,1,2013-08-20,10015,13007,15017,16510
1,0,1,2013-08-21,10014,13014,15027,16520
1,0,1,2013-08-22,10004,13022,15037,16528
1,0,1,2013-08-23,9987,13026,15035,16532
1,0,1,2013-08-24,9995,13033,15042,16537
1,0,1,2013-08-25,10004,13024,15038,16537
1,0,1,2013-08-26,9997,13017,15043,16537
1,0,1,2013-08-27,10001,13012,15050,16547
1,0,1,2013-08-28,10017,13026,15073,16568
1,0,1,2013-08-29,10005,13036,15087,16569
1,0,1,2013-08-30,10006,13036,15091,16578
1,0,1,2013-08-31,10003,13025,15086,16579
1,0,1,2013-09-01,10013,13027,15092,16591
1,0,1,2013-09-02,9996,13020,15094,16588
1,0,1,2013-09-03,9996,13017,15091,16589
1,0,1,2013-09-04,9993,13018,15082,16598
1,0,1,2013-09-05,9988,13019,15074,16590
1,0,1,2013-09-06,9999,13023,15079,16597
1,0,1,2013-09-07,9992,13027,15074,16598
1,0,1,2013-09-08,9986,13027,15082,16606
1,0,1,2013-09-09,9974,13012,15075,16607
1,0,1,2013-09-10,9974,13007,15080,16614
1,0,1,2013-09-11,9981,13007,15089,16617
1,0,1,2013-09-12,9971,12993,15087,16619
1,0,1,2013-09-13,9955,12991,15091,16620
1,0,1,2013-09-14,9949,12990,15091,16623
1,0,1,2013-09-15,9946,12995,15090,16626
1,0,1,2013-09-16,9955,13000,15083,16632
1,0,1,2013-09-17,9951,12987,15078,16637
1,0,1,2013-09-18,9945,12998,15074,16638
1,0,1,2013-09-19,9934,13003,15075,16644
1,0,1,2013-09-20,9941,12999,15079,16648
1,0,1,2013-09-21,9943,13012,15094,16658
1,0,1,2013-09-22,9939,13011,15087,16653
1,0,1,2013-09-23,9945,13021,15095,16661
1,0,1,2013-09-24,9946,13014,15085,16666
1,0,1,2013-09-25,9939,13014,15089,16668
1,0,1,2013-09-26,9925,13005,15086,16668
1,0,1,2013-09-27,9917,13003,15096,16667
1,0,1,2013-09-28,9920,13017,15096,16676
1,0,1,2013-09-29,9924,13017,15100,16687
1,0,1,2013-09-30,9924,13010,15096,16687
1,0,1,2013-10-01,9931,13015,15095,16685
1,0,1,2013-10-02,9919,13023,15102,16695
1,0,1,2013-10-03,9919,13016,15110,16697
1,0,1,2013-10-04,9913,13022,15101,16701
1,0,1,2013-10-05,9906,13017,15110,16702
1,0,1,2013-10-06,9895,13008,15108,16700
1,0,1,2013-10-07,9874,13002,15097,16694
1,0,1,2013-10-08,9889,13007,15112,16699
1,0,1,2013-10-09,9900,13017,15127,16705
1,0,1,2013-10-10,9889,13007,15137,16701
1,0,1,2013-10-11,9885,13008,15124,16703
1,0,1,2013-10-12,9872,12997,15118,16705
1,0,1,2013-10-13,9880,12990,15119,16710
1,0,1,2013-10-14,9879,12986,15126,16724
1,0,1,2013-10-15,9870,12986,15130,16733
1,0,1,2013-10-16,9862,12966,15129,16730
1,0,1,2013-10-17,9864,12969,15131,16738
1,0,1,2013-10-18,9859,12960,15130,16744
1,0,1,2013-10-19,9855,12963,15123,16741
1,0,1,2013-10-20,9877,12969,15127,16749
1,0,1,2013-10-21,9873,12971,15125,16759
1,0,1,2013-10-22,9854,12973,15132,16751
1,0,1,2013-10-23,9847,12963,15127,16747
1,0,1,2013-10-24,9866,12962,15125,16753
1,0,1,2013-10-25,9861,12956,15114,16743
1,0,1,2013-10-26,9855,12961,15112,16745
1,0,1,2013-10-27,9861,12964,15118,16755
1,0,1,2013-10-28,9856,12964,15125,16758
1,0,1,2013-10-29,9868,12963,15135,16762
1,0,1,2013-10-30,9860,12957,15128,16754
1,0,1,2013-10-31,9865,12959,15129,16754
1,0,1,2013-11-01,9874,12954,15130,16764
1,0,1,2013-11-02,9861,12952,15138,16768
1,0,1,2013-11-03,9855,12941,15133,16767
1,0,1,2013-11-04,9849,12936,15132,16768
1,0,1,2013-11-05,9861,12939,15134,16772
1,0,1,2013-11-06,9855,12928,15129,16774
1,0,1,2013-11-07,9853,12925,15127,16764
1,0,1,2013-11-08,9848,12914,15131,16765
1,0,1,2013-11-09,9851,12908,15125,16756
1,0,1,2013-11-10,9858,12901,15131,16756
1,0,1,2013-11-11,9856,12898,15131,16758
1,0,1,2013-11-12,9853,12909,15135,16766
1,0,1,2013-11-13,9857,12911,15136,16774
1,0,1,2013-11-14,9853,12915,15140,16786
1,0,1,2013-11-15,9853,12910,15138,16791
1,0,1,2013-11-16,9857,12905,15133,16785
1,0,1,2013-11-17,9864,12905,15127,16790
1,0,1,2013-11-18,9853,12911,15131,16798
1,0,1,2013-11-19,9836,12908,15133,16801
1,0,1,2013-11-20,9839,12902,15137,16809
1,0,1,2013-11-21,9848,12902,15142,16812
1,0,1,2013-11-22,9845,12895,15140,16811
1,0,1,2013-11-23,9843,12895,15131,16806
1,0,1,2013-11-24,9856,12893,15133,16813
1,0,1,2013-11-25,9858,12895,15128,16819
1,0,1,2013-11-26,9846,12889,15122,16828
1,0,1,2013-11-27,9833,12877,15123,16836
1,0,1,2013-11-28,9839,12884,15124,16835
1,0,1,2013-11-29,9826,12885,15117,16833
1,0,1,2013-11-30,9841,12885,15112,16828
1,0,1,2013-12-01,9856,12884,15116,16835
1,0,1,2013-12-02,9847,12877,15114,16832
1,0,1,2013-12-03,9853,12882,15123,16828
1,0,1,2013-12-04,9835,12880,15120,16826
1,0,1,2013-12-05,9836,12874,15114,16823
1,0,1,2013-12-06,9828,12871,15118,16821
1,0,1,2013-12-07,9812,12864,15118,16823
1,0,1,2013-12-08,9803,12851,15113,16819
1,0,1,2013-12-09,9814,12856,15117,16826
1,0,1,2013-12-10,9815,12861,15117,16828
1,0,1,2013-12-11,9821,12855,15117,16829
1,0,1,2013-12-12,9821,12846,15122,16836
1,0,1,2013-12-13,9843,12851,15133,16852
1,0,1,2013-12-14,9827,12835,15127,16849
1,0,1,2013-12-15,9832,12840,15129,16841
1,0,1,2013-12-16,9827,12834,15115,16835
1,0,1,2013-12-17,9822,12828,15121,16830
1,0,1,2013-12-18,9813,12813,15127,16825
1,0,1,2013-12-19,9810,12803,15115,16819
1,0,1,2013-12-20,9796,12798,15120,16827
1,0,1,2013-12-21,9790,12797,15114,16820
1,0,1,2013-12-22,9794,12790,15107,16815
1,0,1,2013-12-23,9807,12792,15113,16816
1,0,1,2013-12-24,9800,12785,15110,16819
1,0,1,2013-12-25,9799,12775,15105,16821
1,0,1,2013-12-26,9805,12772,15107,16833
1,0,1,2013-12-27,9811,12768,15110,16832
1,0,1,2013-12-28,9813,12778,15116,16838
1,0,1,2013-12-29,9824,12774,15116,16840
1,0,1,2013-12-30,9825,12776,15122,16844
1,0,1,2013-12-31,9819,12765,15129,16850
1,0,1,2014-01-01,9815,12764,15125,16854
1,0,1,2014-01-02,9808,12750,15124,16841
1,0,1,2014-01-03,9791,12740,15120,16844
1,0,1,2014-01-04,9789,12729,15108,16843
1,0,1,2014-01-05,9784,12714,15107,16840
1,0,1,2014-01-06,9792,12709,15102,16845
1,0,1,2014-01-07,9791,12704,15092,16841
1,0,1,2014-01-08,9780,12690,15085,16854
1,0,1,2014-01-09,9789,12698,15097,16853
1,0,1,2014-01-10,9790,12705,15096,16850
1,0,1,2014-01-11,9781,12712,15092,16855
1,0,1,2014-01-12,9766,12712,15088,16855
1,0,1,2014-01-13,9768,12703,15091,16856
1,0,1,2014-01-14,9751,12697,15081,16861
1,0,1,2014-01-15,9739,12696,15081,16855
1,0,1,2014-01-16,9745,12693,15076,16858
1,0,1,2014-01-17,9751,12687,15080,16856
1,0,1,2014-01-18,9727,12685,15077,16849
1,0,1,2014-01-19,9729,12680,15079,16845
1,0,1,2014-01-20,9738,12666,15086,16855
1,0,1,2014-01-21,9750,12664,15084,16854
1,0,1,2014-01-22,9751,12683,15086,16861
1,0,1,2014-01-23,9751,12680,15082,16849
1,0,1,2014-01-24,9746,12681,15089,16849
1,0,1,2014-01-25,9747,12686,15088,16853
1,0,1,2014-01-26,9756,12689,15094,16860
1,0,1,2014-01-27,9744,12693,15081,16857
1,0,1,2014-01-28,9719,12680,15072,16850
1,0,1,2014-01-29,9708,12678,15074,16850
1,0,1,2014-01-30,9690,12674,15064,16847
1,0,1,2014-01-31,9680,12677,15064,16855
1,0,1,2014-02-01,9679,12677,15058,16857
1,0,1,2014-02-02,9684,12683,15061,16863
1,0,1,2014-02-03,9693,12691,15058,16864
1,0,1,2014-02-04,9698,12696,15063,16866
1,0,1,2014-02-05,9710,12704,15067,16872
1,0,1,2014-02-06,9716,12703,15063,16882
1,0,1,2014-02-07,9723,12709,15063,16886
1,0,1,2014-02-08,9712,12724,15059,16895
1,0,1,2014-02-09,9711,12728,15063,16903
1,0,1,2014-02-10,9712,12719,15067,16901
1,0,1,2014-02-11,9716,12719,15063,16897
1,0,1,2014-02-12,9713,12721,15076,16903
1,0,1,2014-02-13,9704,12719,15068,16896
1,0,1,2014-02-14,9704,12720,15057,16889
1,0,1,2014-02-15,9700,12718,15053,16878
1,0,1,2014-02-16,9707,12706,15050,16878
1,0,1,2014-02-17,9697,12686,15043,16880
1,0,1,2014-02-18,9693,12687,15035,16879
1,0,1,2014-02-19,9683,12688,15028,16883
1,0,1,2014-02-20,9694,12700,15032,16893
1,0,1,2014-02-21,9713,12699,15034,16889
1,0,1,2014-02-22,9710,12709,15030,16888
1,0,1,2014-02-23,9707,12708,15037,16884
1,0,1,2014-02-24,9710,12695,15029,16877
1,0,1,2014-02-25,9708,12698,15029,16886
1,0,1,2014-02-26,9710,12696,15032,16886
1,0,1,2014-02-27,9701,12693,15033,16882
1,0,1,2014-02-28,9709,12708,15034,16885
1,0,1,2014-03-01,9717,12723,15035,16895
1,0,1,2014-03-02,9719,12732,15043,16903
1,0,1,2014-03-03,9717,12736,15047,16913
1,0,1,2014-03-04,9711,12728,15048,16916
1,0,1,2014-03-05,9724,12744,15052,16919
1,0,1,2014-03-06,9712,12734,15047,16921
1,0,1,2014-03-07,9705,12728,15042,16923
1,0,1,2014-03-08,9705,12731,15030,16916
1,0,1,2014-03-09,9714,12733,15038,16919
1,0,1,2014-03-10,9700,12733,15040,16915
1,0,1,2014-03-11,9692,12742,15033,16913
1,0,1,2014-03-12,9702,12749,15031,16925
1,0,1,2014-03-13,9696,12758,15027,16930
1,0,1,2014-03-14,9710,12759,15023,16932
1,0,1,2014-03-15,9713,12752,15017,16922
1,0,1,2014-03-16,9699,12739,15003,16908
1,0,1,2014-03-17,9708,12742,15001,16916
1,0,1,2014-03-18,9723,12739,14992,16927
1,0,1,2014-03-19,9715,12735,14988,16919
1,0,1,2014-03-20,9703,12726,14987,16922
1,0,1,2014-03-21,9702,12717,14983,16921
1,0,1,2014-03-22,9684,12719,14976,16917
1,0,1,2014-03-23,9690,12726,14974,16915
1,0,1,2014-03-24,9694,12736,14975,16922
1,0,1,2014-03-25,9704,12745,14974,16930
1,0,1,2014-03-26,9696,12744,14966,16922
1,0,1,2014-03-27,9700,12753,14961,16922
1,0,1,2014-03-28,9674,12745,14964,16923
1,0,1,2014-03-29,9692,12762,14965,16928
1,0,1,2014-03-30,9718,12778,14974,16941
1,0,1,2014-03-31,9715,12776,14971,16950
1,0,1,2014-04-01,9734,12782,14979,16950
1,0,1,2014-04-02,9766,12800,14995,16971
1,0,1,2014-04-03,9771,12787,14993,16973
1,0,1,2014-04-04,9777,12786,14981,16962
1,0,1,2014-04-05,9780,12778,14967,16955
1,0,1,2014-04-06,9791,12772,14951,16946
1,0,1,2014-04-07,9798,12786,14960,16952
1,0,1,2014-04-08,9810,12785,14951,16942
1,0,1,2014-04-09,9810,12790,14952,16946
1,0,1,2014-04-10,9819,12787,14958,16944
1,0,1,2014-04-11,9833,12783,14967,16945
1,0,1,2014-04-12,9824,12780,14963,16940
1,0,1,2014-04-13,9825,12776,14956,16939
1,0,1,2014-04-14,9831,12779,14955,16939
1,0,1,2014-04-15,9833,12782,14952,16945
1,0,1,2014-04-16,9838,12793,14950,16939
1,0,1,2014-04-17,9840,12793,14942,16939
1,0,1,2014-04-18,9836,12777,14944,16941
1,0,1,2014-04-19,9841,12772,14937,16939
1,0,1,2014-04-20,9847,12777,14925,16940
1,0,1,2014-04-21,9854,12783,14916,16930
1,0,1,2014-04-22,9851,12776,14922,16925
1,0,1,2014-04-23,9853,12789,14925,16925
1,0,1,2014-04-24,9873,12797,14934,16934
1,0,1,2014-04-25,9888,12796,14938,16929
1,0,1,2014-04-26,9885,12800,14939,16934
1,0,1,2014-04-27,9902,12796,14944,16925
1,0,1,2014-04-28,9911,12798,14948,16937
1,0,1,2014-04-29,9913,12791,14955,16944
1,0,1,2014-04-30,9918,12784,14957,16940
1,0,1,2014-05-01,9922,12778,14951,16941
1,0,1,2014-05-02,9912,12782,14947,16930
1,0,1,2014-05-03,9893,12773,14943,16923
1,0,1,2014-05-04,9906,12785,14955,16928
1,0,1,2014-05-05,9907,12786,14953,16930
1,0,1,2014-05-06,9929,12792,14948,16929
1,0,1,2014-05-07,9929,12794,14944,16924
1,0,1,2014-05-08,9926,12798,14946,16921
1,0,1,2014-05-09,9920,12790,14947,16913
1,0,1,2014-05-10,9926,12789,14950,16918
1,0,1,2014-05-11,9904,12780,14935,16913
1,0,1,2014-05-12,9903,12770,14929,16904
1,0,1,2014-05-13,9912,12773,14932,16915
1,0,1,2014-05-14,9915,12773,14938,16916
1,0,1,2014-05-15,9928,12779,14945,16912
1,0,1,2014-05-16,9917,12781,14949,16917
1,0,1,2014-05-17,9908,12775,14940,16913
1,0,1,2014-05-18,9918,12772,14925,16905
1,0,1,2014-05-19,9910,12762,14930,16898
1,0,1,2014-05-20,9923,12764,14939,16896
1,0,1,2014-05-21,9912,12771,14940,16899
1,0,1,2014-05-22,9920,12791,14944,16902
1,0,1,2014-05-23,9928,12780,14951,16904
1,0,1,2014-05-24,9910,12765,14948,16902
1,0,1,2014-05-25,9914,12766,14937,16896
1,0,1,2014-05-26,9910,12758,14937,16887
1,0,1,2014-05-27,9939,12778,14950,16899
1,0,1,2014-05-28,9935,12775,14951,16901
1,0,1,2014-05-29,9931,12778,14957,16895
1,0,1,2014-05-30,9921,12778,14962,16888
1,0,1,2014-05-31,9910,12771,14961,16888
1,0,1,2014-06-01,9906,12770,14971,16890
1,0,1,2014-06-02,9921,12784,14972,16897
1,0,1,2014-06-03,9920,12791,14976,16894
1,0,1,2014-06-04,9932,12800,14981,16902
1,0,1,2014-06-05,9956,12809,14980,16901
1,0,1,2014-06-06,9954,12806,14986,16898
1,0,1,2014-06-07,9963,12809,14986,16897
1,0,1,2014-06-08,9959,12801,14990,16902
1,0,1,2014-06-09,9953,12807,14998,16902
1,0,1,2014-06-10,9974,12821,15004,16901
1,0,1,2014-06-11,9986,12815,15009,16894
1,0,1,2014-06-12,9998,12826,15016,16893
1,0,1,2014-06-13,10012,12843,15024,16897
1,0,1,2014-06-14,10018,12839,15026,16892
1,0,1,2014-06-15,10035,12846,15033,16892
1,0,1,2014-06-16,10032,12863,15039,16891
1,0,1,2014-06-17,10028,12875,15053,16898
1,0,1,2014-06-18,10035,12873,15056,16901
1,0,1,2014-06-19,10053,12878,15054,16902
1,0,1,2014-06-20,10066,12875,15066,16903
1,0,1,2014-06-21,10072,12879,15074,16902
1,0,1,2014-06-22,10065,12873,15071,16895
1,0,1,2014-06-23,10068,12873,15067,16883
1,0,1,2014-06-24,10074,12881,15078,16888
1,0,1,2014-06-25,10065,12895,15093,16886
1,0,1,2014-06-26,10074,12882,15093,16892
1,0,1,2014-06-27,10079,12892,15105,16891
1,0,1,2014-06-28,10073,12903,15102,16889
1,0,1,2014-06-29,10070,12900,15103,16889
1,0,1,2014-06-30,10076,12914,15106,16889
1,0,1,2014-07-01,10081,12921,15107,16887
1,0,1,2014-07-02,10082,12929,15100,16879
1,0,1,2014-07-03,10086,12926,15103,16874
1,0,1,2014-07-04,10091,12925,15107,16869
1,0,1,2014-07-05,10110,12946,15120,16873
1,0,1,2014-07-06,10122,12952,15134,16875
1,0,1,2014-07-07,10144,12963,15133,16869
1,0,1,2014-07-08,10123,12965,15144,16868
1,0,1,2014-07-09,10115,12975,15145,16875
1,0,1,2014-07-10,10101,12976,15136,16873
1,0,1,2014-07-11,10084,12960,15121,16866
1,0,1,2014-07-12,10092,12969,15119,16861
1,0,1,2014-07-13,10089,12974,15117,16861
1,0,1,2014-07-14,10083,12972,15113,16857
1,0,1,2014-07-15,10068,12980,15122,16856
1,0,1,2014-07-16,10059,12984,15119,16849
1,0,1,2014-07-17,10069,12983,15108,16850
1,0,1,2014-07-18,10084,13006,15113,16855
1,0,1,2014-07-19,10102,13003,15112,16847
1,0,1,2014-07-20,10103,13015,15119,16843
1,0,1,2014-07-21,10103,13011,15119,16852
1,0,1,2014-07-22,10101,13008,15124,16850
1,0,1,2014-07-23,10110,13025,15136,16860
1,0,1,2014-07-24,10132,13037,15139,16863
1,0,1,2014-07-25,10138,13043,15142,16863
1,0,1,2014-07-26,10137,13047,15141,16870
1,0,1,2014-07-27,10126,13052,15128,16859
1,0,1,2014-07-28,10121,13058,15128,16865
1,0,1,2014-07-29,10105,13058,15130,16867
1,0,1,2014-07-30,10100,13070,15131,16871
1,0,1,2014-07-31,10103,13075,15141,16871
1,0,1,2014-08-01,10110,13067,15143,16878
1,0,1,2014-08-02,10122,13068,15146,16881
1,0,1,2014-08-03,10115,13065,15144,16879
1,0,1,2014-08-04,10121,13062,15137,16868
1,0,1,2014-08-05,10114,13053,15127,16859
1,0,1,2014-08-06,10102,13042,15125,16855
1,0,1,2014-08-07,10112,13041,15120,16853
1,0,1,2014-08-08,10122,13051,15123,16858
1,0,1,2014-08-09,10122,13045,15119,16848
1,0,1,2014-08-10,10127,13049,15115,16848
1,0,1,2014-08-11,10128,13055,15112,16846
1,0,1,2014-08-12,10149,13065,15117,16860
1,0,1,2014-08-13,10154,13073,15119,16862
1,0,1,2014-08-14,10140,13066,15121,16865
1,0,1,2014-08-15,10146,13073,15133,16874
1,0,1,2014-08-16,10147,13088,15136,16862
1,0,1,2014-08-17,10156,13097,15140,16876
1,0,1,2014-08-18,10156,13101,15147,16887
1,0,1,2014-08-19,10159,13104,15158,16898
1,0,1,2014-08-20,10167,13110,15176,16908
1,0,1,2014-08-21,10158,13112,15161,16909
1,0,1,2014-08-22,10167,13118,15163,16917
1,0,1,2014-08-23,10168,13122,15169,16913
1,0,1,2014-08-24,10165,13117,15153,16909
1,0,1,2014-08-25,10158,13126,15154,16914
1,0,1,2014-08-26,10170,13138,15155,16921
1,0,1,2014-08-27,10162,13129,15160,16924
1,0,1,2014-08-28,10154,13120,15157,16931
1,0,1,2014-08-29,10159,13126,15165,16935
1,0,1,2014-08-30,10156,13123,15166,16948
1,0,1,2014-08-31,10164,13130,15179,16946
1,0,1,2014-09-01,10157,13135,15191,16959
1,0,1,2014-09-02,10161,13141,15197,16962
1,0,1,2014-09-03,10146,13150,15202,16956
1,0,1,2014-09-04,10165,13165,15210,16969
1,0,1,2014-09-05,10163,13166,15215,16975
1,0,1,2014-09-06,10158,13166,15206,16978
1,0,1,2014-09-07,10158,13166,15206,16983
1,0,1,2014-09-08,10158,13169,15208,16982
1,0,1,2014-09-09,10157,13178,15209,16991
1,0,1,2014-09-10,10164,13185,15220,16998
1,0,1,2014-09-11,10175,13190,15233,17005
1,0,1,2014-09-12,10188,13190,15230,17010
1,0,1,2014-09-13,10201,13200,15232,17010
1,0,1,2014-09-14,10203,13205,15245,17010
1,0,1,2014-09-15,10198,13202,15255,17020
1,0,1,2014-09-16,10202,13205,15249,17019
1,0,1,2014-09-17,10204,13214,15255,17018
1,0,1,2014-09-18,10216,13230,15256,17027
1,0,1,2014-09-19,10214,13226,15254,17028
1,0,1,2014-09-20,10238,13240,15269,17043
1,0,1,2014-09-21,10235,13239,15269,17043
1,0,1,2014-09-22,10226,13236,15270,17044
1,0,1,2014-09-23,10227,13231,15271,17047
1,0,1,2014-09-24,10222,13233,15263,17049
1,0,1,2014-09-25,10230,13232,15269,17055
1,0,1,2014-09-26,10216,13217,15272,17052
1,0,1,2014-09-27,10221,13218,15270,17054
1,0,1,2014-09-28,10206,13217,15273,17051
1,0,1,2014-09-29,10210,13224,15280,17054
1,0,1,2014-09-30,10224,13234,15293,17055
1,0,1,2014-10-01,10234,13227,15284,17055
1,0,1,2014-10-02,10235,13227,15285,17053
1,0,1,2014-10-03,10232,13225,15286,17048
1,0,1,2014-10-04,10227,13228,15295,17060
1,0,1,2014-10-05,10237,13230,15295,17054
1,0,1,2014-10-06,10246,13226,15296,17063
1,0,1,2014-10-07,10241,13222,15301,17057
1,0,1,2014-10-08,10234,13208,15300,17046
1,0,1,2014-10-09,10236,13209,15295,17042
1,0,1,2014-10-10,10244,13216,15301,17036
1,0,1,2014-10-11,10253,13216,15309,17037
1,0,1,2014-10-12,10256,13212,15301,17035
1,0,1,2014-10-13,10276,13215,15319,17044
1,0,1,2014-10-14,10285,13214,15324,17049
1,0,1,2014-10-15,10297,13221,15340,17053
1,0,1,2014-10-16,10314,13234,15358,17059
1,0,1,2014-10-17,10315,13245,15354,17061
1,0,1,2014-10-18,10325,13243,15366,17069
1,0,1,2014-10-19,10325,13247,15359,17067
1,0,1,2014-10-20,10337,13237,15352,17074
1,0,1,2014-10-21,10337,13233,15359,17078
1,0,1,2014-10-22,10358,13250,15375,17087
1,0,1,2014-10-23,10362,13249,15380,17091
1,0,1,2014-10-24,10372,13267,15398,17104
1,0,1,2014-10-25,10364,13251,15401,17101
1,0,1,2014-10-26,10371,13236,15391,17089
1,0,1,2014-10-27,10377,13233,15394,17089
1,0,1,2014-10-28,10388,13234,15402,17088
1,0,1,2014-10-29,10378,13231,15407,17096
1,0,1,2014-10-30,10377,13232,15392,17097
1,0,1,2014-10-31,10379,13245,15399,17106
1,0,1,2014-11-01,10374,13237,15393,17101
1,0,1,2014-11-02,10376,13240,15394,17103
1,0,1,2014-11-03,10377,13245,15390,17097
1,0,1,2014-11-04,10385,13250,15390,17102
1,0,1,2014-11-05,10371,13249,15386,17102
1,0,1,2014-11-06,10376,13254,15394,17104
1,0,1,2014-11-07,10370,13256,15394,17103
1,0,1,2014-11-08,10383,13263,15399,17097
1,0,1,2014-11-09,10393,13269,15399,17096
1,0,1,2014-11-10,10382,13273,15394,17086
1,0,1,2014-11-11,10400,13276,15404,17084
1,0,1,2014-11-12,10412,13290,15409,17097
1,0,1,2014-11-13,10413,13292,15405,17099
1,0,1,2014-11-14,10410,13299,15420,17103
1,0,1,2014-11-15,10420,13305,15417,17097
1,0,1,2014-11-16,10418,13311,15434,17111
1,0,1,2014-11-17,10414,13310,15425,17107
1,0,1,2014-11-18,10402,13300,15411,17105
1,0,1,2014-11-19,10411,13298,15415,17093
1,0,1,2014-11-20,10415,13297,15418,17091
1,0,1,2014-11-21,10413,13303,15427,17097
1,0,1,2014-11-22,10407,13303,15426,17090
1,0,1,2014-11-23,10412,13304,15433,17091
1,0,1,2014-11-24,10423,13309,15440,17093
1,0,1,2014-11-25,10439,13306,15439,17101
1,0,1,2014-11-26,10431,13293,15430,17092
1,0,1,2014-11-27,10420,13296,15429,17089
1,0,1,2014-11-28,10423,13292,15426,17084
1,0,1,2014-11-29,10419,13290,15429,17094
1,0,1,2014-11-30,10417,13276,15421,17096
1,0,1,2014-12-01,10428,13293,15432,17103
1,0,1,2014-12-02,10420,13286,15440,17107
1,0,1,2014-12-03,10428,13297,15443,17109
1,0,1,2014-12-04,10424,13296,15442,17110
1,0,1,2014-12-05,10411,13291,15449,17105
1,0,1,2014-12-06,10428,13287,15441,17102
1,0,1,2014-12-07,10431,13297,15453,17112
1,0,1,2014-12-08,10424,13291,15452,17101
1,0,1,2014-12-09,10418,13276,15444,17101
1,0,1,2014-12-10,10431,13284,15449,17109
1,0,1,2014-12-11,10435,13307,15460,17112
1,0,1,2014-12-12,10443,13318,15470,17113
1,0,1,2014-12-13,10447,13316,15465,17118
1,0,1,2014-12-14,10430,13303,15456,17116
1,0,1,2014-12-15,10440,13318,15464,17121
1,0,1,2014-12-16,10420,13305,15461,17120
1,0,1,2014-12-17,10408,13306,15468,17115
1,0,1,2014-12-18,10425,13320,15477,17126
1,0,1,2014-12-19,10408,13326,15478,17130
1,0,1,2014-12-20,10416,13324,15481,17139
1,0,1,2014-12-21,10427,13312,15485,17151
1,0,1,2014-12-22,10428,13304,15474,17154
1,0,1,2014-12-23,10423,13291,15467,17144
1,0,1,2014-12-24,10421,13289,15461,17148
1,0,1,2014-12-25,10418,13281,15453,17156
1,0,1,2014-12-26,10413,13287,15457,17156
1,0,1,2014-12-27,10422,13287,15460,17165
1,0,1,2014-12-28,10404,13285,15468,17176
1,0,1,2014-12-29,10397,13292,15472,17181
1,0,1,2014-12-30,10402,13298,15471,17173
1,0,1,2014-12-31,10407,13303,15478,17178
1,0,1,2015-01-01,10404,13305,15477,17177
1,0,1,2015-01-02,10412,13299,15473,17181
1,0,1,2015-01-03,10403,13294,15476,17180
1,0,1,2015-01-04,10398,13294,15469,17178
1,0,1,2015-01-05,10405,13298,15476,17188
1,0,1,2015-01-06,10404,13299,15474,17188
1,0,1,2015-01-07,10393,13298,15475,17181
1,0,1,2015-01-08,10398,13303,15484,17187
1,0,1,2015-01-09,10397,13300,15476,17191
1,0,1,2015-01-10,10392,13306,15478,17193
1,0,1,2015-01-11,10381,13310,15472,17201
1,0,1,2015-01-12,10374,13310,15470,17202
1,0,1,2015-01-13,10380,13321,15474,17211
1,0,1,2015-01-14,10376,13328,15476,17216
1,0,1,2015-01-15,10377,13338,15487,17213
1,0,1,2015-01-16,10383,13342,15484,17220
1,0,1,2015-01-17,10368,13352,15487,17214
1,0,1,2015-01-18,10366,13361,15487,17211
1,0,1,2015-01-19,10382,13365,15493,17222
1,0,1,2015-01-20,10371,13360,15491,17226
1,0,1,2015-01-21,10374,13358,15490,17231
1,0,1,2015-01-22,10371,13361,15495,17238
1,0,1,2015-01-23,10366,13364,15491,17245
1,0,1,2015-01-24,10349,13372,15482,17244
1,0,1,2015-01-25,10327,13368,15463,17237
1,0,1,2015-01-26,10319,13363,15458,17240
1,0,1,2015-01-27,10315,13355,15449,17236
1,0,1,2015-01-28,10311,13357,15451,17228
1,0,1,2015-01-29,10307,13352,15455,17224
1,0,1,2015-01-30,10324,13365,15459,17229
1,0,1,2015-01-31,10319,13370,15468,17224
1,0,1,2015-02-01,10318,13368,15469,17218
1,0,1,2015-02-02,10325,13390,15487,17230
1,0,1,2015-02-03,10327,13387,15490,17227
1,0,1,2015-02-04,10321,13387,15486,17227
1,0,1,2015-02-05,10307,13379,15480,17221
1,0,1,2015-02-06,10305,13384,15486,17228
1,0,1,2015-02-07,10306,13395,15487,17234
1,0,1,2015-02-08,10299,13393,15497,17234
1,0,1,2015-02-09,10301,13394,15495,17234
1,0,1,2015-02-10,10275,13389,15494,17225
1,0,1,2015-02-11,10277,13389,15500,17227
1,0,1,2015-02-12,10274,13378,15499,17238
1,0,1,2015-02-13,10281,13379,15502,17231
1,0,1,2015-02-14,10277,13380,15504,17238
1,0,1,2015-02-15,10271,13377,15505,17232
1,0,1,2015-02-16,10286,13382,15506,17229
1,0,1,2015-02-17,10285,13389,15506,17233
1,0,1,2015-02-18,10282,13385,15504,17233
1,0,1,2015-02-19,10263,13378,15504,17235
1,0,1,2015-02-20,10268,13381,15496,17233
1,0,1,2015-02-21,10279,13388,15500,17245
1,0,1,2015-02-22,10280,13377,15497,17247
1,0,1,2015-02-23,10262,13388,15489,17241
1,0,1,2015-02-24,10267,13393,15487,17241
1,0,1,2015-02-25,10276,13382,15481,17231
1,0,1,2015-02-26,10276,13380,15476,17227
1,0,1,2015-02-27,10271,13376,15470,17223
1,0,1,2015-02-28,10271,13374,15466,17224
1,0,1,2015-03-01,10262,13372,15470,17230
1,0,1,2015-03-02,10264,13366,15463,17237
1,0,1,2015-03-03,10268,13381,15473,17240
1,0,1,2015-03-04,10260,13375,15467,17231
1,0,1,2015-03-05,10248,13369,15468,17240
1,0,1,2015-03-06,10234,13380,15468,17235
1,0,1,2015-03-07,10214,13375,15470,17242
1,0,1,2015-03-08,10217,13384,15479,17251
1,0,1,2015-03-09,10214,13380,15468,17248
1,0,1,2015-03-10,10208,13383,15464,17243
1,0,1,2015-03-11,10201,13380,15471,17238
1,0,1,2015-03-12,10210,13379,15471,17242
1,0,1,2015-03-13,10213,13384,15472,17245
1,0,1,2015-03-14,10205,13375,15467,17248
1,0,1,2015-03-15,10210,13375,15472,17255
1,0,1,2015-03-16,10210,13374,15464,17257
1,0,1,2015-03-17,10216,13375,15468,17267
1,0,1,2015-03-18,10200,13374,15471,17269
1,0,1,2015-03-19,10219,13366,15482,17279
1,0,1,2015-03-20,10247,13381,15485,17285
1,0,1,2015-03-21,10251,13384,15470,17289
1,0,1,2015-03-22,10263,13388,15466,17283
1,0,1,2015-03-23,10263,13384,15458,17279
1,0,1,2015-03-24,10274,13389,15458,17277
1,0,1,2015-03-25,10280,13388,15455,17270
1,0,1,2015-03-26,10291,13388,15462,17272
1,0,1,2015-03-27,10286,13396,15465,17280
1,0,1,2015-03-28,10290,13389,15465,17285
1,0,1,2015-03-29,10289,13390,15479,17294
1,0,1,2015-03-30,10287,13394,15482,17293
1,0,1,2015-03-31,10296,13406,15489,17296
1,0,1,2015-04-01,10296,13406,15499,17305
1,0,1,2015-04-02,10298,13411,15496,17307
1,0,1,2015-04-03,10296,13407,15496,17307
1,0,1,2015-04-04,10290,13407,15496,17299
1,0,1,2015-04-05,10276,13404,15493,17296
1,0,1,2015-04-06,10286,13417,15497,17301
1,0,1,2015-04-07,10280,13424,15507,17314
1,0,1,2015-04-08,10284,13428,15513,17325
1,0,1,2015-04-09,10280,13425,15515,17323
1,0,1,2015-04-10,10274,13424,15520,17319
1,0,1,2015-04-11,10283,13420,15527,17319
1,0,1,2015-04-12,10272,13421,15534,17321
1,0,1,2015-04-13,10266,13428,15540,17324
1,0,1,2015-04-14,10281,13423,15542,17327
1,0,1,2015-04-15,10277,13434,15552,17333
1,0,1,2015-04-16,10282,13429,15549,17330
1,0,1,2015-04-17,10278,13417,15554,17330
1,0,1,2015-04-18,10286,13426,15574,17340
1,0,1,2015-04-19,10296,13434,15577,17347
1,0,1,2015-04-20,10289,13438,15581,17358
1,0,1,2015-04-21,10286,13433,15573,17349
1,0,1,2015-04-22,10285,13439,15579,17358
1,0,1,2015-04-23,10311,13461,15603,17368
1,0,1,2015-04-24,10324,13475,15623,17373
1,0,1,2015-04-25,10326,13474,15636,17374
1,0,1,2015-04-26,10332,13477,15638,17369
1,0,1,2015-04-27,10365,13493,15649,17377
1,0,1,2015-04-28,10375,13509,15660,17392
1,0,1,2015-04-29,10395,13521,15670,17408
1,0,1,2015-04-30,10404,13538,15681,17414
1,0,1,2015-05-01,10394,13536,15680,17417
1,0,1,2015-05-02,10400,13556,15687,17424
1,0,1,2015-05-03,10406,13548,15694,17423
1,0,1,2015-05-04,10407,13556,15698,17435
1,0,1,2015-05-05,10412,13557,15701,17436
1,0,1,2015-05-06,10399,13551,15698,17437
1,0,1,2015-05-07,10427,13561,15721,17454
1,0,1,2015-05-08,10424,13562,15727,17456
1,0,1,2015-05-09,10442,13575,15743,17473
1,0,1,2015-05-10,10453,13567,15739,17468
1,0,1,2015-05-11,10452,13551,15734,17462
1,0,1,2015-05-12,10452,13552,15735,17469
1,0,1,2015-05-13,10459,13563,15735,17474
1,0,1,2015-05-14,10462,13561,15729,17470
1,0,1,2015-05-15,10454,13565,15735,17479
1,0,1,2015-05-16,10474,13575,15749,17488
1,0,1,2015-05-17,10475,13583,15755,17493
1,0,1,2015-05-18,10461,13585,15760,17490
1,0,1,2015-05-19,10464,13581,15759,17491
1,0,1,2015-05-20,10487,13600,15783,17513
1,0,1,2015-05-21,10491,13610,15798,17515
1,0,1,2015-05-22,10499,13618,15801,17513
1,0,1,2015-05-23,10500,13628,15813,17520
1,0,1,2015-05-24,10492,13629,15823,17513
1,0,1,2015-05-25,10496,13630,15822,17504
1,0,1,2015-05-26,10506,13653,15827,17510
1,0,1,2015-05-27,10532,13659,15833,17514
1,0,1,2015-05-28,10549,13670,15843,17516
1,0,1,2015-05-29,10549,13670,15843,17510
1,0,1,2015-05-30,10562,13671,15847,17522
1,0,1,2015-05-31,10586,13684,15852,17525
1,0,1,2015-06-01,10590,13674,15860,17530
1,0,1,2015-06-02,10586,13673,15858,17529
1,0,1,2015-06-03,10596,13663,15853,17530
1,0,1,2015-06-04,10603,13665,15865,17536
1,0,1,2015-06-05,10605,13656,15869,17545
1,0,1,2015-06-06,10621,13670,15880,17558
1,0,1,2015-06-07,10627,13666,15879,17547
1,0,1,2015-06-08,10624,13656,15884,17542
1,0,1,2015-06-09,10625,13655,15885,17553
1,0,1,2015-06-10,10639,13681,15904,17577
1,0,1,2015-06-11,10621,13687,15913,17580
1,0,1,2015-06-12,10643,13702,15923,17583
1,0,1,2015-06-13,10661,13713,15929,17592
1,0,1,2015-06-14,10654,13712,15922,17586
1,0,1,2015-06-15,10665,13722,15938,17600
1,0,1,2015-06-16,10684,13723,15947,17608
1,0,1,2015-06-17,10674,13723,15933,17612
1,0,1,2015-06-18,10680,13726,15940,17613
1,0,1,2015-06-19,10686,13738,15954,17603
1,0,1,2015-06-20,10702,13741,15956,17604
1,0,1,2015-06-21,10706,13759,15964,17598
1,0,1,2015-06-22,10713,13771,15964,17602
1,0,1,2015-06-23,10722,13779,15975,17611
1,0,1,2015-06-24,10743,13808,15994,17637
1,0,1,2015-06-25,10749,13809,16003,17644
1,0,1,2015-06-26,10765,13820,16011,17660
1,0,1,2015-06-27,10769,13825,16015,17677
1,0,1,2015-06-28,10777,13830,16028,17686
1,0,1,2015-06-29,10783,13833,16037,17690
1,0,1,2015-06-30,10806,13842,16052,17706
1,0,1,2015-07-01,10818,13848,16064,17709
1,0,1,2015-07-02,10819,13853,16063,17711
1,0,1,2015-07-03,10831,13863,16075,17723
1,0,1,2015-07-04,10846,13878,16092,17738
1,0,1,2015-07-05,10852,13897,16114,17754
1,0,1,2015-07-06,10846,13887,16114,17758
1,0,1,2015-07-07,10844,13885,16114,17760
1,0,1,2015-07-08,10848,13897,16120,17772
1,0,1,2015-07-09,10873,13912,16131,17787
1,0,1,2015-07-10,10875,13922,16138,17795
1,0,1,2015-07-11,10882,13917,16137,17796
1,0,1,2015-07-12,10876,13912,16140,17799
1,0,1,2015-07-13,10883,13930,16141,17805
1,0,1,2015-07-14,10885,13937,16156,17818
1,0,1,2015-07-15,10902,13943,16161,17816
1,0,1,2015-07-16,10911,13945,16163,17828
1,0,1,2015-07-17,10897,13944,16156,17831
1,0,1,2015-07-18,10899,13942,16150,17822
1,0,1,2015-07-19,10903,13936,16146,17817
1,0,1,2015-07-20,10908,13939,16154,17825
1,0,1,2015-07-21,10911,13935,16157,17825
1,0,1,2015-07-22,10910,13951,16171,17838
1,0,1,2015-07-23,10926,13970,16188,17860
1,0,1,2015-07-24,10934,13980,16192,17867
1,0,1,2015-07-25,10936,13986,16197,17880
1,0,1,2015-07-26,10939,14000,16204,17889
1,0,1,2015-07-27,10939,14004,16221,17899
1,0,1,2015-07-28,10944,14019,16236,17915
1,0,1,2015-07-29,10927,14009,16241,17916
1,0,1,2015-07-30,10926,14013,16250,17927
1,0,1,2015-07-31,10934,14027,16270,17946
1,0,1,2015-08-01,10946,14030,16261,17953
1,0,1,2015-08-02,10954,14038,16267,17957
1,0,1,2015-08-03,10946,14041,16274,17962
1,0,1,2015-08-04,10962,14041,16280,17966
1,0,1,2015-08-05,10984,14069,16288,17983
1,0,1,2015-08-06,10994,14077,16296,18001
1,0,1,2015-08-07,11011,14099,16318,18025
1,0,1,2015-08-08,11048,14143,16349,18055
1,0,1,2015-08-09,11048,14151,16347,18061
1,0,1,2015-08-10,11047,14159,16355,18064
1,0,1,2015-08-11,11047,14161,16362,18063
1,0,1,2015-08-12,11053,14166,16368,18063
1,0,1,2015-08-13,11050,14158,16363,18062
1,0,1,2015-08-14,11044,14157,16360,18062
1,0,1,2015-08-15,11038,14164,16370,18070
1,0,1,2015-08-16,11048,14167,16383,18091
1,0,1,2015-08-17,11060,14187,16393,18098
1,0,1,2015-08-18,11047,14181,16384,18098
1,0,1,2015-08-19,11026,14185,16387,18109
1,0,1,2015-08-20,11025,14179,16385,18106
1,0,1,2015-08-21,11013,14171,16381,18109
1,0,1,2015-08-22,11028,14178,16387,18127
1,0,1,2015-08-23,11042,14198,16402,18140
1,0,1,2015-08-24,11059,14206,16418,18143
1,0,1,2015-08-25,11069,14216,16425,18150
1,0,1,2015-08-26,11067,14231,16433,18159
1,0,1,2015-08-27,11055,14231,16436,18159
1,0,1,2015-08-28,11066,14247,16449,18170
1,0,1,2015-08-29,11071,14258,16451,18164
1,0,1,2015-08-30,11074,14261,16444,18174
1,0,1,2015-08-31,11086,14266,16448,18175
1,0,1,2015-09-01,11089,14272,16442,18178
1,0,1,2015-09-02,11076,14275,16442,18187
1,0,1,2015-09-03,11087,14283,16428,18188
1,0,1,2015-09-04,11088,14278,16431,18186
1,0,1,2015-09-05,11096,14298,16439,18195
1,0,1,2015-09-06,11111,14319,16459,18220
1,0,1,2015-09-07,11134,14323,16461,18224
1,0,1,2015-09-08,11145,14322,16470,18230
1,0,1,2015-09-09,11155,14310,16472,18240
1,0,1,2015-09-10,11170,14315,16483,18245
1,0,1,2015-09-11,11190,14327,16494,18247
1,0,1,2015-09-12,11207,14337,16507,18252
1,0,1,2015-09-13,11214,14337,16513,18262
1,0,1,2015-09-14,11215,14338,16506,18256
1,0,1,2015-09-15,11215,14329,16508,18247
1,0,1,2015-09-16,11221,14333,16514,18254
1,0,1,2015-09-17,11227,14337,16514,18253
1,0,1,2015-09-18,11242,14351,16516,18256
1,0,1,2015-09-19,11250,14355,16533,18269
1,0,1,2015-09-20,11271,14363,16543,18274
1,0,1,2015-09-21,11274,14355,16541,18275
1,0,1,2015-09-22,11279,14354,16546,18275
1,0,1,2015-09-23,11303,14376,16558,18295
1,0,1,2015-09-24,11274,14376,16559,18291
1,0,1,2015-09-25,11281,14366,16548,18284
1,0,1,2015-09-26,11294,14367,16550,18300
1,0,1,2015-09-27,11311,14370,16551,18306
1,0,1,2015-09-28,11288,14375,16556,18313
1,0,1,2015-09-29,11299,14387,16563,18325
1,0,1,2015-09-30,11318,14390,16568,18328
1,0,1,2015-10-01,11287,14370,16553,18325
1,0,1,2015-10-02,11282,14377,16558,18330
1,0,1,2015-10-03,11293,14382,16558,18340
1,0,1,2015-10-04,11305,14393,16561,18346
1,0,1,2015-10-05,11309,14392,16558,18339
1,0,1,2015-10-06,11230,14403,16562,18336
1,0,1,2015-10-07,11063,14419,16576,18349
1,0,1,2015-10-08,11044,14413,16580,18346
1,0,1,2015-10-09,11037,14407,16575,18344
1,0,1,2015-10-10,11043,14395,16564,18342
1,0,1,2015-10-11,11038,14392,16568,18337
1,0,1,2015-10-12,11046,14396,16581,18345
1,0,1,2015-10-13,11044,14399,16579,18346
1,0,1,2015-10-14,11036,14400,16576,18340
1,0,1,2015-10-15,11038,14410,16586,18344
1,0,1,2015-10-16,11051,14431,16604,18361
1,0,1,2015-10-17,11053,14435,16605,18357
1,0,1,2015-10-18,11046,14429,16602,18357
1,0,1,2015-10-19,11051,14426,16593,18362
1,0,1,2015-10-20,11058,14432,16607,18380
1,0,1,2015-10-21,11041,14435,16611,18382
1,0,1,2015-10-22,11031,14429,16611,18373
1,0,1,2015-10-23,11039,14430,16614,18370
1,0,1,2015-10-24,11048,14434,16626,18375
1,0,1,2015-10-25,11053,14438,16633,18391
1,0,1,2015-10-26,11035,14417,16622,18379
1,0,1,2015-10-27,11028,14412,16616,18385
1,0,1,2015-10-28,11034,14408,16627,18397
1,0,1,2015-10-29,11028,14401,16634,18406
1,0,1,2015-10-30,11014,14399,16632,18396
1,0,1,2015-10-31,11000,14405,16635,18398
1,0,1,2015-11-01,11008,14419,16647,18412
1,0,1,2015-11-02,10986,14421,16634,18405
1,0,1,2015-11-03,10972,14418,16637,18403
1,0,1,2015-11-04,10961,14403,16623,18391
1,0,1,2015-11-05,10952,14409,16635,18397
1,0,1,2015-11-06,10937,14412,16642,18398
1,0,1,2015-11-07,10947,14415,16653,18402
1,0,1,2015-11-08,10947,14417,16651,18402
1,0,1,2015-11-09,10945,14426,16661,18417
1,0,1,2015-11-10,10940,14440,16674,18429
1,0,1,2015-11-11,10953,14445,16677,18435
1,0,1,2015-11-12,10962,14446,16683,18436
1,0,1,2015-11-13,10967,14443,16685,18445
1,0,1,2015-11-14,10964,14442,16682,18448
1,0,1,2015-11-15,10959,14444,16689,18448
1,0,1,2015-11-16,10959,14438,16691,18446
1,0,1,2015-11-17,10956,14431,16690,18439
1,0,1,2015-11-18,10954,14437,16705,18448
1,0,1,2015-11-19,10968,14436,16711,18449
1,0,1,2015-11-20,10985,14442,16712,18446
1,0,1,2015-11-21,10970,14443,16711,18445
1,0,1,2015-11-22,10973,14452,16711,18456
1,0,1,2015-11-23,10960,14442,16707,18452
1,0,1,2015-11-24,10950,14442,16719,18461
1,0,1,2015-11-25,10924,14431,16715,18462
1,0,1,2015-11-26,10901,14421,16718,18462
1,0,1,2015-11-27,10891,14422,16727,18470
1,0,1,2015-11-28,10893,14425,16730,18467
1,0,1,2015-11-29,10879,14421,16724,18467
1,0,1,2015-11-30,10871,14414,16714,18459
1,0,1,2015-12-01,10892,14413,16721,18465
1,0,1,2015-12-02,10874,14409,16721,18446
1,0,1,2015-12-03,10866,14410,16714,18447
1,0,1,2015-12-04,10861,14420,16723,18457
1,0,1,2015-12-05,10856,14418,16726,18459
1,0,1,2015-12-06,10859,14425,16724,18457
1,0,1,2015-12-07,10870,14443,16728,18469
1,0,1,2015-12-08,10868,14449,16719,18472
1,0,1,2015-12-09,10851,14447,16720,18476
1,0,1,2015-12-10,10864,14478,16741,18497
1,0,1,2015-12-11,10849,14495,16748,18508
1,0,1,2015-12-12,10845,14488,16740,18503
1,0,1,2015-12-13,10864,14506,16760,18516
1,0,1,2015-12-14,10869,14506,16756,18522
1,0,1,2015-12-15,10863,14506,16760,18528
1,0,1,2015-12-16,10870,14512,16768,18534
1,0,1,2015-12-17,10866,14512,16779,18537
1,0,1,2015-12-18,10871,14511,16775,18545
1,0,1,2015-12-19,10868,14531,16787,18562
1,0,1,2015-12-20,10889,14543,16786,18563
1,0,1,2015-12-21,10887,14552,16786,18566
1,0,1,2015-12-22,10885,14553,16789,18558
1,0,1,2015-12-23,10874,14537,16800,18559
1,0,1,2015-12-24,10885,14551,16804,18560
1,0,1,2015-12-25,10885,14551,16799,18556
1,0,1,2015-12-26,10894,14559,16797,18554
1,0,1,2015-12-27,10885,14547,16801,18558
1,0,1,2015-12-28,10884,14550,16811,18560
1,0,1,2015-12-29,10869,14562,16816,18567
1,0,1,2015-12-30,10914,14566,16819,18575
1,0,1,2015-12-31,10897,14535,16819,18580
1,0,1,2016-01-01,10901,14542,16825,18586
1,0,1,2016-01-02,10909,14549,16831,18590
1,0,1,2016-01-03,10901,14551,16833,18592
1,0,1,2016-01-04,10925,14507,16849,18608
1,0,1,2016-01-05,10916,14403,16859,18611
1,0,1,2016-01-06,10916,14387,16856,18620
1,0,1,2016-01-07,10925,14382,16853,18614
1,0,1,2016-01-08,10917,14385,16844,18607
1,0,1,2016-01-09,10911,14382,16840,18614
1,0,1,2016-01-10,10913,14383,16836,18620
1,0,1,2016-01-11,10921,14388,16840,18622
1,0,1,2016-01-12,10923,14388,16834,18620
1,0,1,2016-01-13,10911,14384,16838,18627
1,0,1,2016-01-14,10924,14393,16849,18637
1,0,1,2016-01-15,10931,14396,16857,18642
1,0,1,2016-01-16,10936,14391,16848,18634
1,0,1,2016-01-17,10926,14390,16841,18623
1,0,1,2016-01-18,10926,14387,16837,18629
1,0,1,2016-01-19,10923,14377,16849,18638
1,0,1,2016-01-20,10933,14380,16850,18643
1,0,1,2016-01-21,10946,14396,16859,18656
1,0,1,2016-01-22,10947,14395,16862,18669
1,0,1,2016-01-23,10960,14415,16873,18677
1,0,1,2016-01-24,10969,14430,16890,18698
1,0,1,2016-01-25,10981,14434,16887,18693
1,0,1,2016-01-26,10980,14437,16889,18702
1,0,1,2016-01-27,10983,14424,16883,18698
1,0,1,2016-01-28,11001,14427,16890,18705
1,0,1,2016-01-29,10997,14412,16898,18706
1,0,1,2016-01-30,10983,14410,16903,18710
1,0,1,2016-01-31,10982,14404,16910,18708
1,0,1,2016-02-01,10989,14401,16914,18719
1,0,1,2016-02-02,10998,14400,16920,18718
1,0,1,2016-02-03,11019,14401,16930,18732
1,0,1,2016-02-04,11032,14392,16941,18743
1,0,1,2016-02-05,11018,14394,16946,18759
1,0,1,2016-02-06,11021,14398,16947,18757
1,0,1,2016-02-07,11014,14406,16956,18764
1,0,1,2016-02-08,10999,14406,16972,18775
1,0,1,2016-02-09,10990,14409,16972,18770
1,0,1,2016-02-10,10997,14411,16973,18774
1,0,1,2016-02-11,11007,14412,16968,18777
1,0,1,2016-02-12,11023,14410,16973,18775
1,0,1,2016-02-13,11011,14419,16989,18793
1,0,1,2016-02-14,11008,14413,16981,18796
1,0,1,2016-02-15,11020,14424,16971,18793
1,0,1,2016-02-16,11004,14421,16974,18796
1,0,1,2016-02-17,11001,14435,16973,18801
1,0,1,2016-02-18,10982,14432,16971,18793
1,0,1,2016-02-19,10990,14426,16979,18804
1,0,1,2016-02-20,10996,14436,16995,18815
1,0,1,2016-02-21,11005,14435,16983,18810
1,0,1,2016-02-22,11006,14433,16984,18820
1,0,1,2016-02-23,11011,14421,16980,18822
1,0,1,2016-02-24,11026,14414,16987,18836
1,0,1,2016-02-25,11024,14406,16987,18846
1,0,1,2016-02-26,11016,14405,16987,18849
1,0,1,2016-02-27,11028,14405,16993,18854
1,0,1,2016-02-28,11031,14405,16995,18854
1,0,1,2016-02-29,11032,14413,16993,18865
1,0,1,2016-03-01,11030,14410,16999,18874
1,0,1,2016-03-02,11036,14408,16998,18871
1,0,1,2016-03-03,11049,14414,17005,18879
1,0,1,2016-03-04,11072,14415,17011,18889
1,0,1,2016-03-05,11102,14440,17029,18896
1,0,1,2016-03-06,11105,14440,17030,18889
1,0,1,2016-03-07,11124,14450,17043,18889
1,0,1,2016-03-08,11126,14450,17055,18894
1,0,1,2016-03-09,11122,14444,17064,18899
1,0,1,2016-03-10,11147,14446,17084,18905
1,0,1,2016-03-11,11183,14466,17100,18918
1,0,1,2016-03-12,11182,14476,17114,18931
1,0,1,2016-03-13,11184,14481,17116,18934
1,0,1,2016-03-14,11183,14486,17120,18934
1,0,1,2016-03-15,11173,14491,17130,18951
1,0,1,2016-03-16,11188,14499,17135,18964
1,0,1,2016-03-17,11213,14508,17146,18965
1,0,1,2016-03-18,11225,14502,17152,18969
1,0,1,2016-03-19,11217,14513,17164,18976
1,0,1,2016-03-20,11232,14519,17176,18980
1,0,1,2016-03-21,11235,14519,17176,18984
1,0,1,2016-03-22,11240,14524,17162,18993
1,0,1,2016-03-23,11257,14543,17179,19001
1,0,1,2016-03-24,11276,14565,17199,19014
1,0,1,2016-03-25,11274,14572,17214,19022
1,0,1,2016-03-26,11297,14579,17210,19030
1,0,1,2016-03-27,11291,14577,17198,19026
1,0,1,2016-03-28,11295,14573,17213,19034
1,0,1,2016-03-29,11290,14593,17222,19038
1,0,1,2016-03-30,11300,14598,17212,19053
1,0,1,2016-03-31,11308,14602,17217,19058
1,0,1,2016-04-01,11330,14625,17231,19068
1,0,1,2016-04-02,11340,14642,17243,19082
1,0,1,2016-04-03,11359,14669,17223,19101
1,0,1,2016-04-04,11343,14654,17148,19104
1,0,1,2016-04-05,11345,14660,17132,19103
1,0,1,2016-04-06,11357,14669,17141,19114
1,0,1,2016-04-07,11367,14676,17150,19118
1,0,1,2016-04-08,11391,14700,17173,19133
1,0,1,2016-04-09,11406,14704,17179,19140
1,0,1,2016-04-10,11403,14712,17182,19143
1,0,1,2016-04-11,11410,14724,17194,19152
1,0,1,2016-04-12,11419,14720,17188,19149
1,0,1,2016-04-13,11415,14729,17191,19161
1,0,1,2016-04-14,11435,14741,17202,19178
1,0,1,2016-04-15,11458,14750,17209,19180
1,0,1,2016-04-16,11471,14750,17216,19184
1,0,1,2016-04-17,11477,14749,17213,19185
1,0,1,2016-04-18,11472,14750,17203,19197
1,0,1,2016-04-19,11478,14758,17201,19202
1,0,1,2016-04-20,11486,14767,17216,19220
1,0,1,2016-04-21,11499,14789,17233,19240
1,0,1,2016-04-22,11491,14784,17235,19236
1,0,1,2016-04-23,11507,14816,17260,19253
1,0,1,2016-04-24,11516,14842,17283,19265
1,0,1,2016-04-25,11541,14864,17302,19282
1,0,1,2016-04-26,11553,14874,17290,19274
1,0,1,2016-04-27,11562,14884,17293,19282
1,0,1,2016-04-28,11566,14883,17279,19289
1,0,1,2016-04-29,11553,14861,17268,19288
1,0,1,2016-04-30,11558,14865,17265,19295
1,0,1,2016-05-01,11553,14862,17261,19298
1,0,1,2016-05-02,11563,14881,17260,19301
1,0,1,2016-05-03,11542,14883,17252,19303
1,0,1,2016-05-04,11537,14891,17241,19306
1,0,1,2016-05-05,11525,14894,17248,19316
1,0,1,2016-05-06,11526,14899,17261,19328
1,0,1,2016-05-07,11547,14897,17265,19332
1,0,1,2016-05-08,11544,14893,17268,19346
1,0,1,2016-05-09,11550,14894,17276,19352
1,0,1,2016-05-10,11550,14904,17285,19359
1,0,1,2016-05-11,11559,14915,17294,19362
1,0,1,2016-05-12,11546,14913,17284,19357
1,0,1,2016-05-13,11548,14908,17288,19367
1,0,1,2016-05-14,11560,14917,17289,19360
1,0,1,2016-05-15,11562,14921,17303,19355
1,0,1,2016-05-16,11564,14915,17305,19356
1,0,1,2016-05-17,11566,14910,17318,19354
1,0,1,2016-05-18,11568,14904,17326,19357
1,0,1,2016-05-19,11569,14908,17320,19360
1,0,1,2016-05-20,11564,14907,17322,19370
1,0,1,2016-05-21,11560,14916,17330,19372
1,0,1,2016-05-22,11553,14913,17327,19375
1,0,1,2016-05-23,11542,14912,17304,19364
1,0,1,2016-05-24,11546,14911,17293,19363
1,0,1,2016-05-25,11544,14916,17297,19365
1,0,1,2016-05-26,11524,14907,17288,19360
1,0,1,2016-05-27,11521,14913,17290,19369
1,0,1,2016-05-28,11517,14923,17291,19374
1,0,1,2016-05-29,11528,14922,17297,19369
1,0,1,2016-05-30,11529,14920,17299,19373
1,0,1,2016-05-31,11522,14918,17291,19374
1,0,1,2016-06-01,11528,14920,17294,19377
1,0,1,2016-06-02,11527,14924,17291,19380
1,0,1,2016-06-03,11509,14939,17301,19390
1,0,1,2016-06-04,11518,14950,17315,19402
1,0,1,2016-06-05,11522,14964,17319,19412
1,0,1,2016-06-06,11525,14977,17326,19420
1,0,1,2016-06-07,11528,14972,17328,19432
1,0,1,2016-06-08,11524,14987,17330,19451
1,0,1,2016-06-09,11512,15001,17337,19459
1,0,1,2016-06-10,11490,14996,17347,19472
1,0,1,2016-06-11,11478,14998,17346,19470
1,0,1,2016-06-12,11466,14994,17352,19484
1,0,1,2016-06-13,11460,14983,17354,19491
1,0,1,2016-06-14,11453,14981,17352,19494
1,0,1,2016-06-15,11475,15005,17369,19514
1,0,1,2016-06-16,11488,15021,17364,19522
1,0,1,2016-06-17,11491,15007,17367,19525
1,0,1,2016-06-18,11488,15005,17365,19529
1,0,1,2016-06-19,11499,15025,17376,19538
1,0,1,2016-06-20,11500,15032,17382,19531
1,0,1,2016-06-21,11493,15040,17399,19550
1,0,1,2016-06-22,11517,15056,17416,19569
1,0,1,2016-06-23,11520,15065,17423,19579
1,0,1,2016-06-24,11517,15078,17423,19567
1,0,1,2016-06-25,11523,15072,17420,19560
1,0,1,2016-06-26,11533,15072,17406,19560
1,0,1,2016-06-27,11536,15075,17428,19564
1,0,1,2016-06-28,11536,15082,17427,19555
1,0,1,2016-06-29,11537,15090,17428,19561
1,0,1,2016-06-30,11528,15103,17438,19565
1,0,1,2016-07-01,11522,15114,17443,19569
1,0,1,2016-07-02,11503,15120,17454,19542
1,0,1,2016-07-03,11492,15119,17448,19492
1,0,1,2016-07-04,11465,15120,17455,19481
1,0,1,2016-07-05,11452,15116,17453,19476
1,0,1,2016-07-06,11439,15114,17458,19484
1,0,1,2016-07-07,11444,15123,17472,19498
1,0,1,2016-07-08,11448,15127,17477,19503
1,0,1,2016-07-09,11439,15133,17484,19509
1,0,1,2016-07-10,11419,15120,17474,19505
1,0,1,2016-07-11,11421,15122,17480,19505
1,0,1,2016-07-12,11427,15120,17486,19506
1,0,1,2016-07-13,11428,15127,17487,19507
1,0,1,2016-07-14,11406,15127,17483,19501
1,0,1,2016-07-15,11381,15129,17477,19502
1,0,1,2016-07-16,11419,15150,17495,19517
1,0,1,2016-07-17,11422,15152,17498,19508
1,0,1,2016-07-18,11428,15160,17515,19513
1,0,1,2016-07-19,11414,15158,17516,19515
1,0,1,2016-07-20,11402,15163,17529,19524
1,0,1,2016-07-21,11400,15166,17527,19530
1,0,1,2016-07-22,11390,15165,17538,19537
1,0,1,2016-07-23,11376,15161,17548,19551
1,0,1,2016-07-24,11362,15159,17548,19556
1,0,1,2016-07-25,11348,15160,17555,19557
1,0,1,2016-07-26,11348,15156,17556,19553
1,0,1,2016-07-27,11354,15170,17566,19557
1,0,1,2016-07-28,11361,15174,17556,19555
1,0,1,2016-07-29,11364,15177,17561,19553
1,0,1,2016-07-30,11372,15188,17570,19557
1,0,1,2016-07-31,11370,15194,17585,19551
1,0,1,2016-08-01,11381,15172,17583,19544
1,0,1,2016-08-02,11359,15157,17580,19531
1,0,1,2016-08-03,11351,15153,17580,19534
1,0,1,2016-08-04,11351,15156,17593,19551
1,0,1,2016-08-05,11334,15152,17580,19545
1,0,1,2016-08-06,11347,15155,17581,19548
1,0,1,2016-08-07,11348,15154,17582,19552
1,0,1,2016-08-08,11355,15156,17588,19561
1,0,1,2016-08-09,11364,15165,17596,19568
1,0,1,2016-08-10,11364,15164,17603,19568
1,0,1,2016-08-11,11360,15158,17600,19569
1,0,1,2016-08-12,11348,15155,17606,19573
1,0,1,2016-08-13,11332,15158,17605,19584
1,0,1,2016-08-14,11337,15158,17598,19589
1,0,1,2016-08-15,11342,15159,17598,19601
1,0,1,2016-08-16,11345,15156,17596,19604
1,0,1,2016-08-17,11343,15157,17597,19604
1,0,1,2016-08-18,11352,15144,17596,19607
1,0,1,2016-08-19,11345,15145,17593,19604
1,0,1,2016-08-20,11343,15142,17589,19600
1,0,1,2016-08-21,11354,15152,17606,19597
1,0,1,2016-08-22,11355,15156,17611,19593
1,0,1,2016-08-23,11347,15142,17608,19589
1,0,1,2016-08-24,11382,15143,17612,19594
1,0,1,2016-08-25,11403,15158,17635,19609
1,0,1,2016-08-26,11408,15164,17645,19610
1,0,1,2016-08-27,11418,15177,17647,19620
1,0,1,2016-08-28,11403,15169,17638,19608
1,0,1,2016-08-29,11407,15162,17633,19601
1,0,1,2016-08-30,11388,15153,17621,19594
1,0,1,2016-08-31,11378,15148,17624,19596
1,0,1,2016-09-01,11369,15131,17631,19605
1,0,1,2016-09-02,11387,15144,17637,19619
1,0,1,2016-09-03,11368,15126,17642,19616
1,0,1,2016-09-04,11359,15116,17643,19610
1,0,1,2016-09-05,11351,15121,17641,19613
1,0,1,2016-09-06,11360,15120,17655,19618
1,0,1,2016-09-07,11353,15093,17654,19614
1,0,1,2016-09-08,11347,15069,17645,19612
1,0,1,2016-09-09,11344,15050,17641,19604
1,0,1,2016-09-10,11354,15040,17632,19602
1,0,1,2016-09-11,11358,15032,17614,19597
1,0,1,2016-09-12,11360,15022,17614,19593
1,0,1,2016-09-13,11361,15022,17625,19600
1,0,1,2016-09-14,11362,15030,17633,19597
1,0,1,2016-09-15,11348,15031,17619,19597
1,0,1,2016-09-16,11356,15043,17627,19604
1,0,1,2016-09-17,11353,15043,17633,19606
1,0,1,2016-09-18,11371,15045,17639,19607
1,0,1,2016-09-19,11366,15040,17640,19616
1,0,1,2016-09-20,11377,15053,17650,19624
1,0,1,2016-09-21,11384,15060,17657,19633
1,0,1,2016-09-22,11392,15054,17668,19636
1,0,1,2016-09-23,11400,15078,17672,19638
1,0,1,2016-09-24,11395,15083,17683,19639
1,0,1,2016-09-25,11370,15068,17678,19648
1,0,1,2016-09-26,11362,15067,17684,19644
1,0,1,2016-09-27,11369,15061,17687,19640
1,0,1,2016-09-28,11364,15051,17700,19650
1,0,1,2016-09-29,11352,15035,17707,19652
1,0,1,2016-09-30,11354,15036,17720,19670
1,0,1,2016-10-01,11351,15028,17727,19672
1,0,1,2016-10-02,11359,15006,17721,19673
1,0,1,2016-10-03,11357,15001,17719,19674
1,0,1,2016-10-04,11354,14992,17715,19680
1,0,1,2016-10-05,11371,14988,17717,19692
1,0,1,2016-10-06,11375,14995,17730,19704
1,0,1,2016-10-07,11380,14990,17737,19712
1,0,1,2016-10-08,11393,14988,17740,19717
1,0,1,2016-10-09,11391,14982,17733,19712
1,0,1,2016-10-10,11387,14967,17726,19711
1,0,1,2016-10-11,11393,14953,17723,19709
1,0,1,2016-10-12,11375,14921,17719,19706
1,0,1,2016-10-13,11390,14906,17728,19702
1,0,1,2016-10-14,11404,14917,17731,19710
1,0,1,2016-10-15,11396,14925,17724,19704
1,0,1,2016-10-16,11397,14927,17725,19715
1,0,1,2016-10-17,11404,14918,17723,19714
1,0,1,2016-10-18,11409,14907,17718,19720
1,0,1,2016-10-19,11406,14914,17735,19729
1,0,1,2016-10-20,11383,14886,17719,19727
1,0,1,2016-10-21,11364,14864,17710,19724
1,0,1,2016-10-22,11357,14851,17708,19721
1,0,1,2016-10-23,11360,14846,17707,19724
1,0,1,2016-10-24,11352,14846,17708,19731
1,0,1,2016-10-25,11332,14840,17710,19725
1,0,1,2016-10-26,11344,14842,17711,19709
1,0,1,2016-10-27,11331,14841,17702,19708
1,0,1,2016-10-28,11314,14842,17699,19708
1,0,1,2016-10-29,11310,14839,17699,19718
1,0,1,2016-10-30,11306,14829,17669,19708
1,0,1,2016-10-31,11304,14822,17663,19712
1,0,1,2016-11-01,11305,14821,17663,19718
1,0,1,2016-11-02,11312,14806,17658,19722
1,0,1,2016-11-03,11311,14798,17657,19714
1,0,1,2016-11-04,11319,14799,17660,19709
1,0,1,2016-11-05,11326,14799,17662,19709
1,0,1,2016-11-06,11323,14808,17666,19718
1,0,1,2016-11-07,11317,14804,17668,19719
1,0,1,2016-11-08,11307,14797,17661,19721
1,0,1,2016-11-09,11300,14794,17652,19713
1,0,1,2016-11-10,11296,14793,17655,19722
1,0,1,2016-11-11,11285,14775,17650,19717
1,0,1,2016-11-12,11283,14784,17646,19708
1,0,1,2016-11-13,11257,14768,17633,19699
1,0,1,2016-11-14,11251,14759,17620,19687
1,0,1,2016-11-15,11249,14750,17619,19685
1,0,1,2016-11-16,11239,14748,17603,19678
1,0,1,2016-11-17,11235,14749,17602,19674
1,0,1,2016-11-18,11227,14744,17601,19668
1,0,1,2016-11-19,11209,14745,17591,19666
1,0,1,2016-11-20,11209,14743,17590,19668
1,0,1,2016-11-21,11201,14741,17581,19664
1,0,1,2016-11-22,11197,14765,17585,19668
1,0,1,2016-11-23,11179,14765,17579,19670
1,0,1,2016-11-24,11179,14764,17575,19678
1,0,1,2016-11-25,11186,14771,17588,19678
1,0,1,2016-11-26,11181,14768,17591,19675
1,0,1,2016-11-27,11175,14770,17587,19673
1,0,1,2016-11-28,11161,14767,17580,19663
1,0,1,2016-11-29,11174,14760,17578,19673
1,0,1,2016-11-30,11174,14755,17565,19677
1,0,1,2016-12-01,11143,14751,17563,19668
1,0,1,2016-12-02,11143,14741,17557,19676
1,0,1,2016-12-03,11147,14737,17542,19675
1,0,1,2016-12-04,11144,14729,17543,19668
1,0,1,2016-12-05,11133,14721,17529,19669
1,0,1,2016-12-06,11140,14730,17517,19677
1,0,1,2016-12-07,11141,14724,17500,19668
1,0,1,2016-12-08,11142,14729,17490,19672
1,0,1,2016-12-09,11149,14734,17484,19667
1,0,1,2016-12-10,11139,14739,17481,19657
1,0,1,2016-12-11,11126,14741,17476,19656
1,0,1,2016-12-12,11118,14737,17476,19669
1,0,1,2016-12-13,11124,14735,17479,19665
1,0,1,2016-12-14,11115,14723,17478,19653
1,0,1,2016-12-15,11102,14718,17482,19657
1,0,1,2016-12-16,11112,14724,17486,19671
1,0,1,2016-12-17,11098,14715,17472,19669
1,0,1,2016-12-18,11077,14703,17461,19668
1,0,1,2016-12-19,11079,14695,17457,19666
1,0,1,2016-12-20,11095,14693,17461,19667
1,0,1,2016-12-21,11085,14690,17452,19670
1,0,1,2016-12-22,11053,14684,17458,19659
1,0,1,2016-12-23,11048,14682,17457,19661
1,0,1,2016-12-24,11050,14676,17449,19662
1,0,1,2016-12-25,11053,14669,17444,19664
1,0,1,2016-12-26,11055,14672,17442,19672
1,0,1,2016-12-27,11059,14678,17431,19678
1,0,1,2016-12-28,11053,14671,17418,19680
1,0,1,2016-12-29,11047,14670,17405,19681
1,0,1,2016-12-30,11042,14670,17391,19680
1,0,1,2016-12-31,11036,14670,17368,19671
1,0,1,2017-01-01,11048,14678,17370,19675
1,0,1,2017-01-02,11043,14680,17365,19679
1,0,1,2017-01-03,11040,14689,17360,19674
1,0,1,2017-01-04,11048,14692,17353,19674
1,0,1,2017-01-05,11047,14699,17352,19680
1,0,1,2017-01-06,11046,14694,17346,19677
1,0,1,2017-01-07,11042,14690,17335,19674
1,0,1,2017-01-08,11029,14693,17336,19673
1,0,1,2017-01-09,11049,14709,17334,19679
1,0,1,2017-01-10,11055,14703,17311,19683
1,0,1,2017-01-11,11066,14717,17306,19703
1,0,1,2017-01-12,11050,14714,17304,19702
1,0,1,2017-01-13,11062,14699,17292,19690
1,0,1,2017-01-14,11052,14700,17297,19691
1,0,1,2017-01-15,11033,14688,17277,19678
1,0,1,2017-01-16,11031,14688,17261,19669
1,0,1,2017-01-17,11046,14695,17268,19681
1,0,1,2017-01-18,11050,14701,17261,19686
1,0,1,2017-01-19,11040,14679,17247,19682
1,0,1,2017-01-20,11042,14676,17235,19676
1,0,1,2017-01-21,11039,14691,17243,19683
1,0,1,2017-01-22,11044,14677,17239,19682
1,0,1,2017-01-23,11046,14670,17240,19685
1,0,1,2017-01-24,11037,14674,17246,19691
1,0,1,2017-01-25,11022,14664,17239,19682
1,0,1,2017-01-26,11017,14647,17231,19663
1,0,1,2017-01-27,11017,14643,17230,19663
1,0,1,2017-01-28,11027,14636,17225,19637
1,0,1,2017-01-29,11030,14620,17204,19620
1,0,1,2017-01-30,11028,14618,17200,19609
1,0,1,2017-01-31,11037,14625,17188,19605
1,0,1,2017-02-01,11039,14617,17174,19596
1,0,1,2017-02-02,11033,14617,17169,19594
1,0,1,2017-02-03,11048,14628,17177,19599
1,0,1,2017-02-04,11049,14613,17174,19587
1,0,1,2017-02-05,11050,14606,17169,19588
1,0,1,2017-02-06,11046,14595,17163,19581
1,0,1,2017-02-07,11040,14584,17156,19573
1,0,1,2017-02-08,11040,14584,17156,19574
1,0,1,2017-02-09,11058,14590,17150,19569
1,0,1,2017-02-10,11062,14574,17151,19554
1,0,1,2017-02-11,11068,14567,17140,19548
1,0,1,2017-02-12,11066,14578,17142,19548
1,0,1,2017-02-13,11097,14593,17148,19565
1,0,1,2017-02-14,11100,14589,17145,19554
1,0,1,2017-02-15,11088,14586,17147,19557
1,0,1,2017-02-16,11085,14583,17141,19553
1,0,1,2017-02-17,11084,14577,17141,19547
1,0,1,2017-02-18,11069,14567,17137,19543
1,0,1,2017-02-19,11076,14579,17139,19539
1,0,1,2017-02-20,11067,14568,17149,19532
1,0,1,2017-02-21,11074,14561,17146,19533
1,0,1,2017-02-22,11084,14562,17148,19535
1,0,1,2017-02-23,11083,14567,17140,19537
1,0,1,2017-02-24,11084,14572,17134,19536
1,0,1,2017-02-25,11079,14580,17138,19536
1,0,1,2017-02-26,11075,14578,17149,19540
1,0,1,2017-02-27,11058,14570,17132,19526
1,0,1,2017-02-28,11057,14566,17122,19507
1,0,1,2017-03-01,11076,14557,17127,19517
1,0,1,2017-03-02,11081,14561,17118,19506
1,0,1,2017-03-03,11069,14551,17109,19494
1,0,1,2017-03-04,11071,14544,17098,19495
1,0,1,2017-03-05,11078,14549,17096,19482
1,0,1,2017-03-06,11067,14557,17102,19468
1,0,1,2017-03-07,11067,14564,17109,19462
1,0,1,2017-03-08,11050,14570,17109,19449
1,0,1,2017-03-09,11045,14574,17115,19442
1,0,1,2017-03-10,11057,14575,17122,19443
1,0,1,2017-03-11,11058,14584,17134,19449
1,0,1,2017-03-12,11065,14580,17130,19449
1,0,1,2017-03-13,11078,14576,17127,19453
1,0,1,2017-03-14,11080,14578,17125,19458
1,0,1,2017-03-15,11081,14564,17121,19461
1,0,1,2017-03-16,11085,14573,17128,19464
1,0,1,2017-03-17,11098,14578,17140,19468
1,0,1,2017-03-18,11109,14576,17141,19468
1,0,1,2017-03-19,11122,14587,17140,19472
1,0,1,2017-03-20,11126,14602,17146,19479
1,0,1,2017-03-21,11144,14616,17156,19482
1,0,1,2017-03-22,11172,14614,17170,19498
1,0,1,2017-03-23,11158,14604,17163,19488
1,0,1,2017-03-24,11155,14620,17156,19484
1,0,1,2017-03-25,11174,14625,17155,19483
1,0,1,2017-03-26,11175,14622,17162,19482
1,0,1,2017-03-27,11199,14627,17177,19476
1,0,1,2017-03-28,11222,14640,17188,19482
1,0,1,2017-03-29,11224,14643,17198,19479
1,0,1,2017-03-30,11228,14639,17192,19461
1,0,1,2017-03-31,11240,14654,17211,19450
1,0,1,2017-04-01,11244,14654,17214,19445
1,0,1,2017-04-02,11256,14664,17223,19440
1,0,1,2017-04-03,11271,14671,17242,19441
1,0,1,2017-04-04,11250,14666,17241,19434
1,0,1,2017-04-05,11266,14679,17255,19435
1,0,1,2017-04-06,11263,14681,17255,19432
1,0,1,2017-04-07,11266,14685,17264,19425
1,0,1,2017-04-08,11282,14685,17272,19426
1,0,1,2017-04-09,11271,14691,17280,19424
1,0,1,2017-04-10,11270,14700,17280,19407
1,0,1,2017-04-11,11270,14714,17298,19404
1,0,1,2017-04-12,11284,14726,17319,19426
1,0,1,2017-04-13,11279,14743,17321,19432
1,0,1,2017-04-14,11293,14735,17320,19428
1,0,1,2017-04-15,11302,14734,17325,19423
1,0,1,2017-04-16,11307,14736,17327,19407
1,0,1,2017-04-17,11321,14739,17317,19405
1,0,1,2017-04-18,11331,14747,17316,19396
1,0,1,2017-04-19,11328,14749,17308,19391
1,0,1,2017-04-20,11355,14771,17323,19396
1,0,1,2017-04-21,11371,14769,17323,19390
1,0,1,2017-04-22,11395,14790,17332,19405
1,0,1,2017-04-23,11395,14800,17331,19418
1,0,1,2017-04-24,11398,14799,17337,19420
1,0,1,2017-04-25,11410,14803,17342,19427
1,0,1,2017-04-26,11424,14801,17338,19438
1,0,1,2017-04-27,11437,14810,17343,19444
1,0,1,2017-04-28,11448,14840,17347,19447
1,0,1,2017-04-29,11460,14852,17353,19444
1,0,1,2017-04-30,11477,14856,17357,19445
1,0,1,2017-05-01,11475,14865,17363,19435
1,0,1,2017-05-02,11494,14875,17366,19432
1,0,1,2017-05-03,11509,14884,17374,19434
1,0,1,2017-05-04,11511,14883,17378,19435
1,0,1,2017-05-05,11519,14896,17383,19448
1,0,1,2017-05-06,11527,14901,17381,19446
1,0,1,2017-05-07,11541,14908,17384,19448
1,0,1,2017-05-08,11548,14908,17384,19445
1,0,1,2017-05-09,11571,14910,17390,19449
1,0,1,2017-05-10,11568,14918,17397,19442
1,0,1,2017-05-11,11583,14932,17394,19453
1,0,1,2017-05-12,11607,14949,17401,19449
1,0,1,2017-05-13,11612,14952,17408,19449
1,0,1,2017-05-14,11621,14974,17419,19445
1,0,1,2017-05-15,11621,14977,17428,19452
1,0,1,2017-05-16,11625,14979,17433,19462
1,0,1,2017-05-17,11658,14986,17444,19471
1,0,1,2017-05-18,11675,15001,17454,19484
1,0,1,2017-05-19,11686,15003,17455,19488
1,0,1,2017-05-20,11694,15006,17461,19488
1,0,1,2017-05-21,11706,15012,17466,19506
1,0,1,2017-05-22,11699,15024,17464,19510
1,0,1,2017-05-23,11706,15036,17469,19519
1,0,1,2017-05-24,11714,15035,17472,19512
1,0,1,2017-05-25,11726,15047,17483,19515
1,0,1,2017-05-26,11730,15043,17485,19522
1,0,1,2017-05-27,11758,15053,17496,19538
1,0,1,2017-05-28,11771,15061,17511,19538
1,0,1,2017-05-29,11782,15086,17525,19548
1,0,1,2017-05-30,11786,15106,17527,19563
1,0,1,2017-05-31,11809,15119,17543,19575
1,0,1,2017-06-01,11827,15123,17553,19582
1,0,1,2017-06-02,11845,15136,17560,19583
1,0,1,2017-06-03,11858,15151,17578,19591
1,0,1,2017-06-04,11877,15148,17581,19597
1,0,1,2017-06-05,11879,15150,17591,19607
1,0,1,2017-06-06,11886,15164,17613,19623
1,0,1,2017-06-07,11892,15171,17629,19633
1,0,1,2017-06-08,11892,15185,17639,19643
1,0,1,2017-06-09,11895,15194,17654,19656
1,0,1,2017-06-10,11906,15200,17661,19662
1,0,1,2017-06-11,11899,15200,17660,19656
1,0,1,2017-06-12,11901,15206,17664,19651
1,0,1,2017-06-13,11909,15212,17667,19660
1,0,1,2017-06-14,11905,15219,17670,19663
1,0,1,2017-06-15,11904,15221,17677,19668
1,0,1,2017-06-16,11911,15231,17676,19674
1,0,1,2017-06-17,11909,15241,17686,19680
1,0,1,2017-06-18,11904,15239,17698,19675
1,0,1,2017-06-19,11910,15255,17713,19692
1,0,1,2017-06-20,11920,15274,17708,19701
1,0,1,2017-06-21,11930,15290,17730,19716
1,0,1,2017-06-22,11942,15289,17742,19713
1,0,1,2017-06-23,11955,15300,17752,19720
1,0,1,2017-06-24,11965,15318,17758,19737
1,0,1,2017-06-25,11979,15333,17762,19751
1,0,1,2017-06-26,11967,15335,17760,19750
1,0,1,2017-06-27,11983,15346,17764,19759
1,0,1,2017-06-28,12001,15362,17776,19773
1,0,1,2017-06-29,12020,15382,17792,19791
1,0,1,2017-06-30,12039,15396,17792,19793
1,0,1,2017-07-01,12059,15419,17817,19813
1,0,1,2017-07-02,12093,15443,17841,19841
1,0,1,2017-07-03,12112,15452,17853,19861
1,0,1,2017-07-04,12143,15481,17867,19883
1,0,1,2017-07-05,12149,15499,17881,19894
1,0,1,2017-07-06,12158,15519,17899,19915
1,0,1,2017-07-07,12186,15539,17905,19933
1,0,1,2017-07-08,12196,15542,17914,19945
1,0,1,2017-07-09,12223,15573,17935,19962
1,0,1,2017-07-10,12230,15573,17947,19972
1,0,1,2017-07-11,12231,15591,17958,19991
1,0,1,2017-07-12,12239,15613,17981,20004
1,0,1,2017-07-13,12265,15636,17989,20019
1,0,1,2017-07-14,12279,15661,18008,20038
1,0,1,2017-07-15,12269,15670,18017,20047
1,0,1,2017-07-16,12274,15687,18033,20056
1,0,1,2017-07-17,12285,15699,18041,20059
1,0,1,2017-07-18,12295,15713,18054,20064
1,0,1,2017-07-19,12319,15752,18087,20090
1,0,1,2017-07-20,12345,15772,18106,20103
1,0,1,2017-07-21,12330,15794,18124,20112
1,0,1,2017-07-22,12345,15809,18145,20123
1,0,1,2017-07-23,12390,15845,18179,20160
1,0,1,2017-07-24,12410,15873,18201,20182
1,0,1,2017-07-25,12432,15898,18216,20198
1,0,1,2017-07-26,12476,15932,18239,20216
1,0,1,2017-07-27,12520,15957,18278,20235
1,0,1,2017-07-28,12543,15993,18304,20259
1,0,1,2017-07-29,12555,16021,18328,20281
1,0,1,2017-07-30,12596,16053,18364,20311
1,0,1,2017-07-31,12607,16082,18387,20326
1,0,1,2017-08-01,12637,16125,18423,20362
1,0,1,2017-08-02,12656,16153,18455,20396
1,0,1,2017-08-03,12706,16193,18487,20419
1,0,1,2017-08-04,12735,16214,18503,20434
1,0,1,2017-08-05,12754,16247,18517,20452
1,0,1,2017-08-06,12781,16272,18536,20467
1,0,1,2017-08-07,12809,16302,18547,20488
1,0,1,2017-08-08,12853,16336,18581,20507
1,0,1,2017-08-09,12891,16382,18614,20532
1,0,1,2017-08-10,12907,16399,18629,20539
1,0,1,2017-08-11,12943,16419,18650,20563
1,0,1,2017-08-12,12980,16445,18684,20592
1,0,1,2017-08-13,13008,16472,18701,20617
1,0,1,2017-08-14,15207,18576,20748,22615
1,0,1,2017-08-15,16663,19952,22075,23889
1,0,1,2017-08-16,17771,21024,23100,24872
1,0,1,2017-08-17,18497,21740,23779,25521
1,0,1,2017-08-18,19009,22215,24241,25971
1,0,1,2017-08-19,19482,22663,24678,26383
1,0,1,2017-08-20,19971,23124,25136,26811
1,0,1,2017-08-21,20316,23449,25436,27100
1,0,1,2017-08-22,20326,23466,25449,27119
1,0,1,2017-08-23,20341,23489,25473,27141
1,0,1,2017-08-24,20366,23502,25484,27149
1,0,1,2017-08-25,20365,23515,25482,27151
1,0,1,2017-08-26,20367,23509,25478,27153
1,0,1,2017-08-27,20366,23515,25490,27162
1,0,1,2017-08-28,20375,23526,25505,27161
1,0,1,2017-08-29,20376,23547,25512,27176
1,0,1,2017-08-30,20390,23579,25533,27195
1,0,1,2017-08-31,20391,23587,25537,27199
1,0,1,2017-09-01,20387,23588,25546,27211
1,0,1,2017-09-02,20395,23604,25548,27226
1,0,1,2017-09-03,20414,23619,25558,27238
1,0,1,2017-09-04,20425,23625,25561,27252
1,0,1,2017-09-05,20446,23643,25576,27280
1,0,1,2017-09-06,20439,23640,25587,27296
1,0,1,2017-09-07,20453,23655,25598,27313
1,0,1,2017-09-08,20476,23673,25601,27316
1,0,1,2017-09-09,20481,23671,25607,27316
1,0,1,2017-09-10,20486,23681,25620,27327
1,0,1,2017-09-11,20500,23693,25627,27331
1,0,1,2017-09-12,20518,23720,25644,27344
1,0,1,2017-09-13,20534,23736,25658,27366
1,0,1,2017-09-14,20529,23729,25662,27357
1,0,1,2017-09-15,20519,23733,25672,27366
1,0,1,2017-09-16,20539,23741,25685,27378
1,0,1,2017-09-17,20553,23744,25699,27386
1,0,1,2017-09-18,20555,23751,25713,27385
1,0,1,2017-09-19,20552,23755,25717,27394
1,0,1,2017-09-20,20527,23754,25706,27397
1,0,1,2017-09-21,20551,23771,25723,27408
1,0,1,2017-09-22,20565,23784,25734,27418
1,0,1,2017-09-23,20583,23784,25736,27416
1,0,1,2017-09-24,20590,23789,25751,27428
1,0,1,2017-09-25,20605,23807,25768,27444
1,0,1,2017-09-26,20609,23824,25791,27461
1,0,1,2017-09-27,20624,23840,25810,27482
1,0,1,2017-09-28,20638,23865,25825,27491
1,0,1,2017-09-29,20634,23872,25835,27507
1,0,1,2017-09-30,20642,23886,25853,27527
1,0,1,2017-10-01,20628,23884,25844,27525
1,0,1,2017-10-02,20635,23900,25861,27534
1,0,1,2017-10-03,20646,23895,25871,27542
1,0,1,2017-10-04,20653,23904,25882,27550
1,0,1,2017-10-05,20646,23917,25896,27553
1,0,1,2017-10-06,20652,23922,25899,27562
1,0,1,2017-10-07,20639,23933,25910,27569
1,0,1,2017-10-08,20643,23927,25907,27579
1,0,1,2017-10-09,20641,23921,25917,27584
1,0,1,2017-10-10,20617,23907,25921,27589
1,0,1,2017-10-11,20603,23917,25937,27598
1,0,1,2017-10-12,20615,23935,25953,27623
1,0,1,2017-10-13,20626,23947,25963,27625
1,0,1,2017-10-14,20635,23959,25975,27632
1,0,1,2017-10-15,20649,23965,25983,27641
1,0,1,2017-10-16,20637,23966,25979,27638
1,0,1,2017-10-17,20614,23955,25987,27647
1,0,1,2017-10-18,20616,23963,26000,27660
1,0,1,2017-10-19,20614,23962,26022,27676
1,0,1,2017-10-20,20621,23976,26034,27687
1,0,1,2017-10-21,20624,23986,26048,27695
1,0,1,2017-10-22,20621,23998,26071,27711
1,0,1,2017-10-23,20614,24006,26080,27717
1,0,1,2017-10-24,20589,24019,26087,27723
1,0,1,2017-10-25,20582,24036,26092,27742
1,0,1,2017-10-26,20572,24031,26102,27751
1,0,1,2017-10-27,20555,24023,26106,27756
1,0,1,2017-10-28,20542,24042,26116,27773
1,0,1,2017-10-29,20528,24060,26137,27794
1,0,1,2017-10-30,20516,24074,26156,27807
1,0,1,2017-10-31,20508,24084,26172,27826
1,0,1,2017-11-01,20494,24089,26188,27831
1,0,1,2017-11-02,20488,24100,26204,27841
1,0,1,2017-11-03,20464,24106,26219,27843
1,0,1,2017-11-04,20473,24126,26233,27853
1,0,1,2017-11-05,20448,24134,26251,27854
1,0,1,2017-11-06,20441,24151,26258,27866
1,0,1,2017-11-07,20433,24161,26275,27881
1,0,1,2017-11-08,20430,24164,26283,27893
1,0,1,2017-11-09,20431,24182,26293,27906
1,0,1,2017-11-10,20411,24189,26298,27924
1,0,1,2017-11-11,20394,24181,26305,27925
1,0,1,2017-11-12,20111,24189,26308,27933
1,0,1,2017-11-13,19726,24201,26319,27944
1,0,1,2017-11-14,19162,24199,26324,27948
1,0,1,2017-11-15,18460,24189,26336,27948
1,0,1,2017-11-16,17778,24198,26339,27950
1,0,1,2017-11-17,16936,24212,26346,27957
1,0,1,2017-11-18,15534,24209,26342,27963
1,0,1,2017-11-19,13250,24214,26351,27969
1,0,1,2017-11-20,13233,24221,26356,27972
1,0,1,2017-11-21,13216,24222,26365,27980
1,0,1,2017-11-22,13231,24238,26377,27988
1,0,1,2017-11-23,13245,24245,26402,27988
1,0,1,2017-11-24,13253,24264,26412,27997
1,0,1,2017-11-25,13267,24281,26423,28018
1,0,1,2017-11-26,13269,24281,26429,28028
1,0,1,2017-11-27,13276,24294,26451,28041
1,0,1,2017-11-28,13283,24302,26468,28044
1,0,1,2017-11-29,13302,24312,26482,28054
1,0,1,2017-11-30,13293,24321,26492,28065
1,0,1,2017-12-01,13265,24328,26504,28065
1,0,1,2017-12-02,13257,24326,26507,28069
1,0,1,2017-12-03,13255,24337,26517,28073
1,0,1,2017-12-04,13230,24346,26524,28071
1,0,1,2017-12-05,13220,24358,26530,28088
1,0,1,2017-12-06,13216,24362,26538,28093
1,0,1,2017-12-07,13203,24372,26548,28096
1,0,1,2017-12-08,13198,24380,26548,28101
1,0,1,2017-12-09,13187,24387,26552,28110
1,0,1,2017-12-10,13193,24401,26574,28120
1,0,1,2017-12-11,13183,24394,26576,28119
1,0,1,2017-12-12,13170,24386,26573,28115
1,0,1,2017-12-13,13168,24387,26572,28120
1,0,1,2017-12-14,13145,24380,26579,28126
1,0,1,2017-12-15,13137,24392,26583,28131
1,0,1,2017-12-16,13119,24394,26587,28142
1,0,1,2017-12-17,13111,24404,26600,28155
1,0,1,2017-12-18,13110,24408,26612,28161
1,0,1,2017-12-19,13100,24395,26613,28155
1,0,1,2017-12-20,13097,24415,26625,28168
1,0,1,2017-12-21,13099,24428,26636,28178
1,0,1,2017-12-22,13106,24429,26627,28169
1,0,1,2017-12-23,13086,24440,26634,28177
1,0,1,2017-12-24,13080,24429,26630,28176
1,0,1,2017-12-25,13051,24410,26625,28177
1,0,1,2017-12-26,13019,24411,26626,28178
1,0,1,2017-12-27,12991,24408,26636,28176
1,0,1,2017-12-28,12969,24395,26637,28175
1,0,1,2017-12-29,12980,24398,26651,28184
1,0,1,2017-12-30,12987,24397,26661,28185
1,0,1,2017-12-31,12961,24381,26664,28187
1,1,0,2012-01-01,NA,NA,NA,NA
1,1,0,2012-01-02,NA,NA,NA,NA
1,1,0,2012-01-03,NA,NA,NA,NA
1,1,0,2012-01-04,NA,NA,NA,NA
1,1,0,2012-01-05,NA,NA,NA,NA
1,1,0,2012-01-06,NA,NA,NA,NA
1,1,0,2012-01-07,NA,NA,NA,NA
1,1,0,2012-01-08,NA,NA,NA,NA
1,1,0,2012-01-09,NA,NA,NA,NA
1,1,0,2012-01-10,NA,NA,NA,NA
1,1,0,2012-01-11,NA,NA,NA,NA
1,1,0,2012-01-12,NA,NA,NA,NA
1,1,0,2012-01-13,NA,NA,NA,NA
1,1,0,2012-01-14,NA,NA,NA,NA
1,1,0,2012-01-15,NA,NA,NA,NA
1,1,0,2012-01-16,NA,NA,NA,NA
1,1,0,2012-01-17,NA,NA,NA,NA
1,1,0,2012-01-18,NA,NA,NA,NA
1,1,0,2012-01-19,NA,NA,NA,NA
1,1,0,2012-01-20,NA,NA,NA,NA
1,1,0,2012-01-21,NA,NA,NA,NA
1,1,0,2012-01-22,NA,NA,NA,NA
1,1,0,2012-01-23,NA,NA,NA,NA
1,1,0,2012-01-24,NA,NA,NA,NA
1,1,0,2012-01-25,NA,NA,NA,NA
1,1,0,2012-01-26,NA,NA,NA,NA
1,1,0,2012-01-27,NA,NA,NA,NA
1,1,0,2012-01-28,NA,NA,NA,NA
1,1,0,2012-01-29,NA,NA,NA,NA
1,1,0,2012-01-30,NA,NA,NA,NA
1,1,0,2012-01-31,NA,NA,NA,NA
1,1,0,2012-02-01,NA,NA,NA,NA
1,1,0,2012-02-02,NA,NA,NA,NA
1,1,0,2012-02-03,NA,NA,NA,NA
1,1,0,2012-02-04,NA,NA,NA,NA
1,1,0,2012-02-05,NA,NA,NA,NA
1,1,0,2012-02-06,NA,NA,NA,NA
1,1,0,2012-02-07,NA,NA,NA,NA
1,1,0,2012-02-08,NA,NA,NA,NA
1,1,0,2012-02-09,NA,NA,NA,NA
1,1,0,2012-02-10,NA,NA,NA,NA
1,1,0,2012-02-11,NA,NA,NA,NA
1,1,0,2012-02-12,NA,NA,NA,NA
1,1,0,2012-02-13,NA,NA,NA,NA
1,1,0,2012-02-14,NA,NA,NA,NA
1,1,0,2012-02-15,NA,NA,NA,NA
1,1,0,2012-02-16,NA,NA,NA,NA
1,1,0,2012-02-17,NA,NA,NA,NA
1,1,0,2012-02-18,NA,NA,NA,NA
1,1,0,2012-02-19,NA,NA,NA,NA
1,1,0,2012-02-20,NA,NA,NA,NA
1,1,0,2012-02-21,NA,NA,NA,NA
1,1,0,2012-02-22,NA,NA,NA,NA
1,1,0,2012-02-23,NA,NA,NA,NA
1,1,0,2012-02-24,NA,NA,NA,NA
1,1,0,2012-02-25,NA,NA,NA,NA
1,1,0,2012-02-26,NA,NA,NA,NA
1,1,0,2012-02-27,NA,NA,NA,NA
1,1,0,2012-02-28,NA,NA,NA,NA
1,1,0,2012-02-29,NA,NA,NA,NA
1,1,0,2012-03-01,NA,NA,NA,NA
1,1,0,2012-03-02,NA,NA,NA,NA
1,1,0,2012-03-03,NA,NA,NA,NA
1,1,0,2012-03-04,NA,NA,NA,NA
1,1,0,2012-03-05,NA,NA,NA,NA
1,1,0,2012-03-06,NA,NA,NA,NA
1,1,0,2012-03-07,NA,NA,NA,NA
1,1,0,2012-03-08,NA,NA,NA,NA
1,1,0,2012-03-09,NA,NA,NA,NA
1,1,0,2012-03-10,NA,NA,NA,NA
1,1,0,2012-03-11,NA,NA,NA,NA
1,1,0,2012-03-12,NA,NA,NA,NA
1,1,0,2012-03-13,NA,NA,NA,NA
1,1,0,2012-03-14,NA,NA,NA,NA
1,1,0,2012-03-15,NA,NA,NA,NA
1,1,0,2012-03-16,NA,NA,NA,NA
1,1,0,2012-03-17,NA,NA,NA,NA
1,1,0,2012-03-18,NA,NA,NA,NA
1,1,0,2012-03-19,NA,NA,NA,NA
1,1,0,2012-03-20,NA,NA,NA,NA
1,1,0,2012-03-21,NA,NA,NA,NA
1,1,0,2012-03-22,NA,NA,NA,NA
1,1,0,2012-03-23,NA,NA,NA,NA
1,1,0,2012-03-24,NA,NA,NA,NA
1,1,0,2012-03-25,NA,NA,NA,NA
1,1,0,2012-03-26,NA,NA,NA,NA
1,1,0,2012-03-27,NA,NA,NA,NA
1,1,0,2012-03-28,NA,NA,NA,NA
1,1,0,2012-03-29,NA,NA,NA,NA
1,1,0,2012-03-30,19573,NA,NA,NA
1,1,0,2012-03-31,19635,NA,NA,NA
1,1,0,2012-04-01,19699,NA,NA,NA
1,1,0,2012-04-02,19748,NA,NA,NA
1,1,0,2012-04-03,19817,NA,NA,NA
1,1,0,2012-04-04,19880,NA,NA,NA
1,1,0,2012-04-05,19930,NA,NA,NA
1,1,0,2012-04-06,19985,NA,NA,NA
1,1,0,2012-04-07,20064,NA,NA,NA
1,1,0,2012-04-08,20118,NA,NA,NA
1,1,0,2012-04-09,20159,NA,NA,NA
1,1,0,2012-04-10,20200,NA,NA,NA
1,1,0,2012-04-11,20238,NA,NA,NA
1,1,0,2012-04-12,20282,NA,NA,NA
1,1,0,2012-04-13,20310,NA,NA,NA
1,1,0,2012-04-14,20359,NA,NA,NA
1,1,0,2012-04-15,20388,NA,NA,NA
1,1,0,2012-04-16,20438,NA,NA,NA
1,1,0,2012-04-17,20470,NA,NA,NA
1,1,0,2012-04-18,20501,NA,NA,NA
1,1,0,2012-04-19,20524,NA,NA,NA
1,1,0,2012-04-20,20546,NA,NA,NA
1,1,0,2012-04-21,20559,NA,NA,NA
1,1,0,2012-04-22,20564,NA,NA,NA
1,1,0,2012-04-23,20610,NA,NA,NA
1,1,0,2012-04-24,20637,NA,NA,NA
1,1,0,2012-04-25,20656,NA,NA,NA
1,1,0,2012-04-26,20700,NA,NA,NA
1,1,0,2012-04-27,20750,NA,NA,NA
1,1,0,2012-04-28,20779,NA,NA,NA
1,1,0,2012-04-29,20799,NA,NA,NA
1,1,0,2012-04-30,20815,NA,NA,NA
1,1,0,2012-05-01,20839,NA,NA,NA
1,1,0,2012-05-02,20894,NA,NA,NA
1,1,0,2012-05-03,20919,NA,NA,NA
1,1,0,2012-05-04,20924,NA,NA,NA
1,1,0,2012-05-05,20956,NA,NA,NA
1,1,0,2012-05-06,20988,NA,NA,NA
1,1,0,2012-05-07,21016,NA,NA,NA
1,1,0,2012-05-08,21027,NA,NA,NA
1,1,0,2012-05-09,21042,NA,NA,NA
1,1,0,2012-05-10,21066,NA,NA,NA
1,1,0,2012-05-11,21073,NA,NA,NA
1,1,0,2012-05-12,21105,NA,NA,NA
1,1,0,2012-05-13,21116,NA,NA,NA
1,1,0,2012-05-14,21145,NA,NA,NA
1,1,0,2012-05-15,21153,NA,NA,NA
1,1,0,2012-05-16,21182,NA,NA,NA
1,1,0,2012-05-17,21213,NA,NA,NA
1,1,0,2012-05-18,21223,NA,NA,NA
1,1,0,2012-05-19,21223,NA,NA,NA
1,1,0,2012-05-20,21226,NA,NA,NA
1,1,0,2012-05-21,21254,NA,NA,NA
1,1,0,2012-05-22,21248,NA,NA,NA
1,1,0,2012-05-23,21253,NA,NA,NA
1,1,0,2012-05-24,21286,NA,NA,NA
1,1,0,2012-05-25,21286,NA,NA,NA
1,1,0,2012-05-26,21303,NA,NA,NA
1,1,0,2012-05-27,21321,NA,NA,NA
1,1,0,2012-05-28,21330,NA,NA,NA
1,1,0,2012-05-29,21311,NA,NA,NA
1,1,0,2012-05-30,21335,NA,NA,NA
1,1,0,2012-05-31,21350,NA,NA,NA
1,1,0,2012-06-01,21354,NA,NA,NA
1,1,0,2012-06-02,21373,NA,NA,NA
1,1,0,2012-06-03,21367,NA,NA,NA
1,1,0,2012-06-04,21376,NA,NA,NA
1,1,0,2012-06-05,21391,NA,NA,NA
1,1,0,2012-06-06,21401,NA,NA,NA
1,1,0,2012-06-07,21400,NA,NA,NA
1,1,0,2012-06-08,21405,NA,NA,NA
1,1,0,2012-06-09,21408,NA,NA,NA
1,1,0,2012-06-10,21393,NA,NA,NA
1,1,0,2012-06-11,21399,NA,NA,NA
1,1,0,2012-06-12,21379,NA,NA,NA
1,1,0,2012-06-13,21381,NA,NA,NA
1,1,0,2012-06-14,21363,NA,NA,NA
1,1,0,2012-06-15,21382,NA,NA,NA
1,1,0,2012-06-16,21390,NA,NA,NA
1,1,0,2012-06-17,21409,NA,NA,NA
1,1,0,2012-06-18,21417,NA,NA,NA
1,1,0,2012-06-19,21384,NA,NA,NA
1,1,0,2012-06-20,21390,NA,NA,NA
1,1,0,2012-06-21,21371,NA,NA,NA
1,1,0,2012-06-22,21382,NA,NA,NA
1,1,0,2012-06-23,21386,NA,NA,NA
1,1,0,2012-06-24,21381,NA,NA,NA
1,1,0,2012-06-25,21364,NA,NA,NA
1,1,0,2012-06-26,21330,NA,NA,NA
1,1,0,2012-06-27,21336,NA,NA,NA
1,1,0,2012-06-28,21347,23673,NA,NA
1,1,0,2012-06-29,21355,23707,NA,NA
1,1,0,2012-06-30,21372,23745,NA,NA
1,1,0,2012-07-01,21397,23781,NA,NA
1,1,0,2012-07-02,21411,23816,NA,NA
1,1,0,2012-07-03,21408,23838,NA,NA
1,1,0,2012-07-04,21400,23850,NA,NA
1,1,0,2012-07-05,21422,23876,NA,NA
1,1,0,2012-07-06,21388,23903,NA,NA
1,1,0,2012-07-07,21371,23927,NA,NA
1,1,0,2012-07-08,21389,23955,NA,NA
1,1,0,2012-07-09,21415,23986,NA,NA
1,1,0,2012-07-10,21425,24010,NA,NA
1,1,0,2012-07-11,21453,24045,NA,NA
1,1,0,2012-07-12,21449,24058,NA,NA
1,1,0,2012-07-13,21486,24100,NA,NA
1,1,0,2012-07-14,21509,24124,NA,NA
1,1,0,2012-07-15,21513,24147,NA,NA
1,1,0,2012-07-16,21517,24163,NA,NA
1,1,0,2012-07-17,21523,24186,NA,NA
1,1,0,2012-07-18,21528,24204,NA,NA
1,1,0,2012-07-19,21573,24229,NA,NA
1,1,0,2012-07-20,21636,24274,NA,NA
1,1,0,2012-07-21,21672,24302,NA,NA
1,1,0,2012-07-22,21689,24328,NA,NA
1,1,0,2012-07-23,21686,24336,NA,NA
1,1,0,2012-07-24,21717,24371,NA,NA
1,1,0,2012-07-25,21754,24412,NA,NA
1,1,0,2012-07-26,21771,24444,NA,NA
1,1,0,2012-07-27,21798,24470,NA,NA
1,1,0,2012-07-28,21825,24494,NA,NA
1,1,0,2012-07-29,21827,24504,NA,NA
1,1,0,2012-07-30,21845,24524,NA,NA
1,1,0,2012-07-31,21849,24550,NA,NA
1,1,0,2012-08-01,21856,24562,NA,NA
1,1,0,2012-08-02,21863,24575,NA,NA
1,1,0,2012-08-03,21864,24597,NA,NA
1,1,0,2012-08-04,21904,24644,NA,NA
1,1,0,2012-08-05,21886,24673,NA,NA
1,1,0,2012-08-06,21902,24696,NA,NA
1,1,0,2012-08-07,21883,24702,NA,NA
1,1,0,2012-08-08,21879,24723,NA,NA
1,1,0,2012-08-09,21877,24733,NA,NA
1,1,0,2012-08-10,21891,24750,NA,NA
1,1,0,2012-08-11,21922,24773,NA,NA
1,1,0,2012-08-12,21954,24797,NA,NA
1,1,0,2012-08-13,21968,24810,NA,NA
1,1,0,2012-08-14,21969,24822,NA,NA
1,1,0,2012-08-15,21967,24848,NA,NA
1,1,0,2012-08-16,21976,24867,NA,NA
1,1,0,2012-08-17,21985,24873,NA,NA
1,1,0,2012-08-18,21995,24883,NA,NA
1,1,0,2012-08-19,21994,24895,NA,NA
1,1,0,2012-08-20,22002,24905,NA,NA
1,1,0,2012-08-21,22010,24919,NA,NA
1,1,0,2012-08-22,22016,24935,NA,NA
1,1,0,2012-08-23,22090,24979,NA,NA
1,1,0,2012-08-24,22274,25172,NA,NA
1,1,0,2012-08-25,22477,25384,NA,NA
1,1,0,2012-08-26,22694,25615,NA,NA
1,1,0,2012-08-27,22955,25859,NA,NA
1,1,0,2012-08-28,23265,26175,NA,NA
1,1,0,2012-08-29,23624,26536,NA,NA
1,1,0,2012-08-30,23947,26866,NA,NA
1,1,0,2012-08-31,24306,27199,NA,NA
1,1,0,2012-09-01,24575,27479,NA,NA
1,1,0,2012-09-02,24869,27781,NA,NA
1,1,0,2012-09-03,25102,28032,NA,NA
1,1,0,2012-09-04,25394,28321,NA,NA
1,1,0,2012-09-05,25628,28567,NA,NA
1,1,0,2012-09-06,25869,28809,NA,NA
1,1,0,2012-09-07,26108,29043,NA,NA
1,1,0,2012-09-08,26338,29262,NA,NA
1,1,0,2012-09-09,26538,29469,NA,NA
1,1,0,2012-09-10,26775,29683,NA,NA
1,1,0,2012-09-11,26983,29883,NA,NA
1,1,0,2012-09-12,27168,30072,NA,NA
1,1,0,2012-09-13,27385,30297,NA,NA
1,1,0,2012-09-14,27600,30514,NA,NA
1,1,0,2012-09-15,27791,30700,NA,NA
1,1,0,2012-09-16,27960,30876,NA,NA
1,1,0,2012-09-17,28108,31015,NA,NA
1,1,0,2012-09-18,28282,31201,NA,NA
1,1,0,2012-09-19,28456,31362,NA,NA
1,1,0,2012-09-20,28639,31538,NA,NA
1,1,0,2012-09-21,28834,31727,NA,NA
1,1,0,2012-09-22,28995,31891,NA,NA
1,1,0,2012-09-23,29146,32042,NA,NA
1,1,0,2012-09-24,29308,32182,NA,NA
1,1,0,2012-09-25,29450,32325,NA,NA
1,1,0,2012-09-26,29585,32460,33790,NA
1,1,0,2012-09-27,29730,32599,33954,NA
1,1,0,2012-09-28,29897,32764,34126,NA
1,1,0,2012-09-29,30079,32948,34318,NA
1,1,0,2012-09-30,30214,33085,34466,NA
1,1,0,2012-10-01,30349,33221,34612,NA
1,1,0,2012-10-02,30484,33350,34745,NA
1,1,0,2012-10-03,30584,33464,34869,NA
1,1,0,2012-10-04,30710,33566,35005,NA
1,1,0,2012-10-05,30822,33674,35129,NA
1,1,0,2012-10-06,30958,33811,35274,NA
1,1,0,2012-10-07,31058,33918,35395,NA
1,1,0,2012-10-08,31161,34036,35527,NA
1,1,0,2012-10-09,31283,34157,35664,NA
1,1,0,2012-10-10,31411,34283,35793,NA
1,1,0,2012-10-11,31507,34398,35907,NA
1,1,0,2012-10-12,31637,34528,36033,NA
1,1,0,2012-10-13,31762,34647,36166,NA
1,1,0,2012-10-14,31883,34755,36284,NA
1,1,0,2012-10-15,31967,34837,36368,NA
1,1,0,2012-10-16,32046,34924,36464,NA
1,1,0,2012-10-17,32133,35005,36543,NA
1,1,0,2012-10-18,32248,35124,36662,NA
1,1,0,2012-10-19,32344,35230,36764,NA
1,1,0,2012-10-20,32424,35310,36853,NA
1,1,0,2012-10-21,32514,35395,36954,NA
1,1,0,2012-10-22,32620,35501,37064,NA
1,1,0,2012-10-23,32748,35624,37193,NA
1,1,0,2012-10-24,32867,35734,37315,NA
1,1,0,2012-10-25,32941,35814,37412,NA
1,1,0,2012-10-26,33070,35950,37551,NA
1,1,0,2012-10-27,33194,36069,37673,NA
1,1,0,2012-10-28,33294,36170,37780,NA
1,1,0,2012-10-29,33399,36258,37885,NA
1,1,0,2012-10-30,33518,36371,38004,NA
1,1,0,2012-10-31,33619,36474,38109,NA
1,1,0,2012-11-01,33722,36569,38213,NA
1,1,0,2012-11-02,33831,36683,38330,NA
1,1,0,2012-11-03,33919,36767,38436,NA
1,1,0,2012-11-04,33982,36837,38505,NA
1,1,0,2012-11-05,34079,36920,38604,NA
1,1,0,2012-11-06,34200,37038,38730,NA
1,1,0,2012-11-07,34298,37130,38823,NA
1,1,0,2012-11-08,34381,37228,38926,NA
1,1,0,2012-11-09,34468,37317,39012,NA
1,1,0,2012-11-10,34546,37404,39091,NA
1,1,0,2012-11-11,34589,37468,39159,NA
1,1,0,2012-11-12,34670,37553,39249,NA
1,1,0,2012-11-13,34743,37616,39327,NA
1,1,0,2012-11-14,34801,37687,39403,NA
1,1,0,2012-11-15,34888,37781,39488,NA
1,1,0,2012-11-16,34976,37861,39572,NA
1,1,0,2012-11-17,35073,37949,39663,NA
1,1,0,2012-11-18,35159,38046,39756,NA
1,1,0,2012-11-19,35242,38127,39848,NA
1,1,0,2012-11-20,35310,38201,39933,NA
1,1,0,2012-11-21,35380,38272,39998,NA
1,1,0,2012-11-22,35468,38340,40074,NA
1,1,0,2012-11-23,35541,38411,40157,NA
1,1,0,2012-11-24,35621,38483,40233,NA
1,1,0,2012-11-25,35717,38565,40295,NA
1,1,0,2012-11-26,35779,38634,40368,NA
1,1,0,2012-11-27,35855,38713,40451,NA
1,1,0,2012-11-28,35919,38783,40524,NA
1,1,0,2012-11-29,35983,38853,40590,NA
1,1,0,2012-11-30,36050,38904,40664,NA
1,1,0,2012-12-01,36113,38961,40736,NA
1,1,0,2012-12-02,36155,39013,40804,NA
1,1,0,2012-12-03,36204,39067,40860,NA
1,1,0,2012-12-04,36259,39129,40933,NA
1,1,0,2012-12-05,36312,39186,40999,NA
1,1,0,2012-12-06,36363,39251,41060,NA
1,1,0,2012-12-07,36449,39355,41156,NA
1,1,0,2012-12-08,36527,39431,41244,NA
1,1,0,2012-12-09,36575,39504,41310,NA
1,1,0,2012-12-10,36647,39582,41374,NA
1,1,0,2012-12-11,36712,39654,41451,NA
1,1,0,2012-12-12,36777,39734,41529,NA
1,1,0,2012-12-13,36856,39809,41599,NA
1,1,0,2012-12-14,36924,39883,41678,NA
1,1,0,2012-12-15,37007,39958,41763,NA
1,1,0,2012-12-16,37076,40040,41836,NA
1,1,0,2012-12-17,37146,40113,41913,NA
1,1,0,2012-12-18,37195,40170,41971,NA
1,1,0,2012-12-19,37271,40273,42071,NA
1,1,0,2012-12-20,37338,40369,42160,NA
1,1,0,2012-12-21,37388,40448,42235,NA
1,1,0,2012-12-22,37435,40510,42297,NA
1,1,0,2012-12-23,37495,40589,42356,NA
1,1,0,2012-12-24,37543,40659,42429,NA
1,1,0,2012-12-25,37602,40733,42498,43499
1,1,0,2012-12-26,37636,40782,42542,43564
1,1,0,2012-12-27,37689,40853,42614,43642
1,1,0,2012-12-28,37740,40932,42697,43730
1,1,0,2012-12-29,37762,40973,42744,43780
1,1,0,2012-12-30,37790,41019,42787,43830
1,1,0,2012-12-31,37833,41091,42853,43904
1,1,0,2013-01-01,37891,41168,42934,43991
1,1,0,2013-01-02,37947,41240,42991,44069
1,1,0,2013-01-03,37973,41282,43036,44126
1,1,0,2013-01-04,38031,41358,43116,44211
1,1,0,2013-01-05,38070,41405,43175,44272
1,1,0,2013-01-06,38113,41449,43232,44339
1,1,0,2013-01-07,38180,41527,43310,44419
1,1,0,2013-01-08,38229,41595,43383,44496
1,1,0,2013-01-09,38299,41651,43455,44569
1,1,0,2013-01-10,38342,41720,43530,44643
1,1,0,2013-01-11,38407,41807,43616,44736
1,1,0,2013-01-12,38467,41863,43655,44788
1,1,0,2013-01-13,38535,41924,43715,44858
1,1,0,2013-01-14,38588,42010,43798,44946
1,1,0,2013-01-15,38661,42081,43872,45016
1,1,0,2013-01-16,38706,42158,43945,45091
1,1,0,2013-01-17,38750,42236,44027,45172
1,1,0,2013-01-18,38798,42295,44092,45245
1,1,0,2013-01-19,38874,42372,44159,45325
1,1,0,2013-01-20,38946,42445,44229,45398
1,1,0,2013-01-21,39014,42527,44311,45480
1,1,0,2013-01-22,39085,42604,44387,45563
1,1,0,2013-01-23,39175,42686,44473,45659
1,1,0,2013-01-24,39239,42766,44551,45739
1,1,0,2013-01-25,39309,42841,44618,45811
1,1,0,2013-01-26,39355,42904,44679,45878
1,1,0,2013-01-27,39389,42951,44717,45929
1,1,0,2013-01-28,39451,43016,44776,45992
1,1,0,2013-01-29,39528,43098,44860,46073
1,1,0,2013-01-30,39598,43165,44935,46155
1,1,0,2013-01-31,39613,43202,44973,46200
1,1,0,2013-02-01,39673,43274,45043,46284
1,1,0,2013-02-02,39724,43332,45104,46349
1,1,0,2013-02-03,39770,43371,45136,46395
1,1,0,2013-02-04,39809,43433,45203,46468
1,1,0,2013-02-05,39830,43486,45253,46520
1,1,0,2013-02-06,39876,43536,45304,46577
1,1,0,2013-02-07,39920,43581,45346,46617
1,1,0,2013-02-08,39912,43597,45372,46637
1,1,0,2013-02-09,39898,43594,45380,46653
1,1,0,2013-02-10,39888,43606,45398,46679
1,1,0,2013-02-11,39906,43631,45422,46715
1,1,0,2013-02-12,39919,43648,45451,46750
1,1,0,2013-02-13,39926,43668,45474,46768
1,1,0,2013-02-14,39937,43697,45503,46798
1,1,0,2013-02-15,39951,43744,45542,46841
1,1,0,2013-02-16,39981,43778,45580,46879
1,1,0,2013-02-17,40014,43825,45627,46933
1,1,0,2013-02-18,40045,43874,45671,46987
1,1,0,2013-02-19,40072,43933,45745,47054
1,1,0,2013-02-20,40121,44011,45812,47129
1,1,0,2013-02-21,40170,44087,45884,47214
1,1,0,2013-02-22,40222,44146,45945,47276
1,1,0,2013-02-23,40286,44233,46021,47339
1,1,0,2013-02-24,40334,44300,46085,47407
1,1,0,2013-02-25,40395,44385,46170,47494
1,1,0,2013-02-26,40457,44463,46248,47577
1,1,0,2013-02-27,40528,44541,46334,47661
1,1,0,2013-02-28,40603,44633,46410,47756
1,1,0,2013-03-01,40638,44684,46464,47820
1,1,0,2013-03-02,40699,44749,46537,47901
1,1,0,2013-03-03,40780,44851,46641,48009
1,1,0,2013-03-04,40871,44945,46740,48110
1,1,0,2013-03-05,40959,45028,46832,48205
1,1,0,2013-03-06,41039,45110,46925,48295
1,1,0,2013-03-07,41134,45192,47016,48380
1,1,0,2013-03-08,41212,45271,47097,48469
1,1,0,2013-03-09,41268,45345,47186,48554
1,1,0,2013-03-10,41324,45417,47264,48622
1,1,0,2013-03-11,41428,45497,47346,48706
1,1,0,2013-03-12,41515,45582,47442,48804
1,1,0,2013-03-13,41563,45650,47503,48862
1,1,0,2013-03-14,41629,45739,47602,48962
1,1,0,2013-03-15,41733,45838,47688,49052
1,1,0,2013-03-16,41788,45911,47768,49128
1,1,0,2013-03-17,41838,45977,47832,49187
1,1,0,2013-03-18,41899,46050,47909,49260
1,1,0,2013-03-19,41962,46132,48006,49351
1,1,0,2013-03-20,42027,46190,48085,49427
1,1,0,2013-03-21,42110,46262,48181,49520
1,1,0,2013-03-22,42202,46347,48274,49613
1,1,0,2013-03-23,42299,46442,48374,49704
1,1,0,2013-03-24,42341,46507,48439,49776
1,1,0,2013-03-25,42398,46582,48523,49856
1,1,0,2013-03-26,42491,46670,48620,49949
1,1,0,2013-03-27,42577,46754,48718,50048
1,1,0,2013-03-28,42645,46820,48801,50134
1,1,0,2013-03-29,42739,46896,48889,50221
1,1,0,2013-03-30,42803,46959,48959,50296
1,1,0,2013-03-31,42860,47020,49031,50363
1,1,0,2013-04-01,42938,47099,49125,50456
1,1,0,2013-04-02,43024,47183,49222,50541
1,1,0,2013-04-03,43120,47272,49316,50633
1,1,0,2013-04-04,43159,47330,49383,50704
1,1,0,2013-04-05,43188,47398,49449,50783
1,1,0,2013-04-06,43219,47457,49507,50845
1,1,0,2013-04-07,43288,47541,49594,50930
1,1,0,2013-04-08,43369,47631,49685,51024
1,1,0,2013-04-09,43404,47699,49745,51100
1,1,0,2013-04-10,43476,47767,49827,51188
1,1,0,2013-04-11,43530,47821,49895,51250
1,1,0,2013-04-12,43614,47907,49986,51329
1,1,0,2013-04-13,43681,47977,50051,51394
1,1,0,2013-04-14,43733,48031,50111,51451
1,1,0,2013-04-15,43779,48098,50172,51519
1,1,0,2013-04-16,43837,48148,50243,51591
1,1,0,2013-04-17,43914,48212,50318,51671
1,1,0,2013-04-18,43953,48264,50371,51725
1,1,0,2013-04-19,44020,48338,50450,51799
1,1,0,2013-04-20,44084,48410,50517,51871
1,1,0,2013-04-21,44131,48478,50588,51940
1,1,0,2013-04-22,44185,48560,50662,52017
1,1,0,2013-04-23,44267,48651,50752,52109
1,1,0,2013-04-24,44318,48711,50820,52179
1,1,0,2013-04-25,44370,48786,50904,52258
1,1,0,2013-04-26,44445,48846,50970,52329
1,1,0,2013-04-27,44506,48911,51035,52386
1,1,0,2013-04-28,44543,48965,51098,52444
1,1,0,2013-04-29,44620,49034,51176,52519
1,1,0,2013-04-30,44706,49138,51274,52620
1,1,0,2013-05-01,44785,49219,51356,52705
1,1,0,2013-05-02,44831,49271,51416,52759
1,1,0,2013-05-03,44878,49338,51487,52835
1,1,0,2013-05-04,44954,49425,51568,52905
1,1,0,2013-05-05,44991,49477,51626,52967
1,1,0,2013-05-06,45040,49513,51689,53030
1,1,0,2013-05-07,45073,49570,51742,53078
1,1,0,2013-05-08,45139,49626,51797,53135
1,1,0,2013-05-09,45199,49682,51860,53209
1,1,0,2013-05-10,45268,49756,51933,53286
1,1,0,2013-05-11,45341,49807,51990,53345
1,1,0,2013-05-12,45392,49877,52056,53411
1,1,0,2013-05-13,45482,49949,52120,53484
1,1,0,2013-05-14,45555,50001,52189,53554
1,1,0,2013-05-15,45649,50078,52267,53633
1,1,0,2013-05-16,45702,50120,52329,53688
1,1,0,2013-05-17,45791,50175,52394,53759
1,1,0,2013-05-18,45852,50241,52465,53824
1,1,0,2013-05-19,45908,50306,52521,53878
1,1,0,2013-05-20,45967,50359,52586,53953
1,1,0,2013-05-21,46032,50403,52641,54003
1,1,0,2013-05-22,46090,50459,52709,54067
1,1,0,2013-05-23,46161,50528,52778,54139
1,1,0,2013-05-24,46206,50583,52845,54202
1,1,0,2013-05-25,46259,50644,52905,54260
1,1,0,2013-05-26,46298,50687,52948,54304
1,1,0,2013-05-27,46364,50744,53008,54367
1,1,0,2013-05-28,46433,50815,53084,54453
1,1,0,2013-05-29,46474,50860,53146,54502
1,1,0,2013-05-30,46550,50936,53209,54569
1,1,0,2013-05-31,46609,50993,53262,54624
1,1,0,2013-06-01,46660,51040,53331,54689
1,1,0,2013-06-02,46699,51107,53387,54746
1,1,0,2013-06-03,46739,51157,53442,54806
1,1,0,2013-06-04,46781,51220,53513,54883
1,1,0,2013-06-05,46842,51290,53567,54953
1,1,0,2013-06-06,46854,51325,53611,54999
1,1,0,2013-06-07,46889,51355,53651,55048
1,1,0,2013-06-08,46908,51389,53695,55100
1,1,0,2013-06-09,46971,51470,53773,55182
1,1,0,2013-06-10,47005,51526,53839,55247
1,1,0,2013-06-11,47054,51595,53916,55329
1,1,0,2013-06-12,47076,51645,53981,55396
1,1,0,2013-06-13,47116,51703,54057,55464
1,1,0,2013-06-14,47138,51751,54112,55520
1,1,0,2013-06-15,47171,51807,54186,55589
1,1,0,2013-06-16,47248,51882,54260,55665
1,1,0,2013-06-17,47313,51945,54339,55753
1,1,0,2013-06-18,47380,52028,54422,55846
1,1,0,2013-06-19,47404,52079,54472,55914
1,1,0,2013-06-20,47447,52134,54528,55976
1,1,0,2013-06-21,47510,52218,54612,56060
1,1,0,2013-06-22,47568,52280,54677,56127
1,1,0,2013-06-23,47606,52334,54742,56191
1,1,0,2013-06-24,47657,52385,54797,56252
1,1,0,2013-06-25,47699,52431,54855,56320
1,1,0,2013-06-26,47755,52497,54927,56404
1,1,0,2013-06-27,47825,52571,54998,56477
1,1,0,2013-06-28,47878,52621,55058,56542
1,1,0,2013-06-29,47953,52692,55123,56619
1,1,0,2013-06-30,48023,52762,55201,56702
1,1,0,2013-07-01,48065,52829,55268,56775
1,1,0,2013-07-02,48090,52891,55316,56834
1,1,0,2013-07-03,48192,52982,55416,56933
1,1,0,2013-07-04,48255,53035,55482,56992
1,1,0,2013-07-05,48280,53070,55528,57039
1,1,0,2013-07-06,48334,53115,55595,57108
1,1,0,2013-07-07,48361,53178,55664,57173
1,1,0,2013-07-08,48381,53237,55732,57236
1,1,0,2013-07-09,48450,53322,55802,57320
1,1,0,2013-07-10,48488,53372,55849,57377
1,1,0,2013-07-11,48537,53437,55919,57446
1,1,0,2013-07-12,48583,53499,55978,57505
1,1,0,2013-07-13,48639,53542,56034,57567
1,1,0,2013-07-14,48628,53567,56080,57605
1,1,0,2013-07-15,48651,53604,56127,57665
1,1,0,2013-07-16,48700,53665,56187,57737
1,1,0,2013-07-17,48734,53714,56254,57801
1,1,0,2013-07-18,48760,53758,56298,57852
1,1,0,2013-07-19,48795,53798,56357,57908
1,1,0,2013-07-20,48848,53848,56431,57982
1,1,0,2013-07-21,48921,53918,56512,58060
1,1,0,2013-07-22,48951,53943,56560,58110
1,1,0,2013-07-23,48989,53998,56612,58174
1,1,0,2013-07-24,49028,54048,56681,58245
1,1,0,2013-07-25,49067,54123,56745,58313
1,1,0,2013-07-26,49111,54186,56819,58390
1,1,0,2013-07-27,49130,54211,56857,58435
1,1,0,2013-07-28,49145,54258,56904,58495
1,1,0,2013-07-29,49154,54307,56958,58546
1,1,0,2013-07-30,49173,54354,57021,58609
1,1,0,2013-07-31,49212,54393,57060,58650
1,1,0,2013-08-01,49253,54435,57114,58703
1,1,0,2013-08-02,49298,54495,57178,58769
1,1,0,2013-08-03,49328,54538,57221,58820
1,1,0,2013-08-04,49385,54601,57282,58894
1,1,0,2013-08-05,49430,54632,57328,58943
1,1,0,2013-08-06,49435,54660,57363,58974
1,1,0,2013-08-07,49459,54702,57409,59023
1,1,0,2013-08-08,49461,54724,57441,59049
1,1,0,2013-08-09,49470,54781,57482,59094
1,1,0,2013-08-10,49489,54815,57535,59135
1,1,0,2013-08-11,49498,54857,57574,59169
1,1,0,2013-08-12,49517,54901,57611,59222
1,1,0,2013-08-13,49551,54950,57652,59260
1,1,0,2013-08-14,49557,54969,57671,59299
1,1,0,2013-08-15,49574,55006,57705,59344
1,1,0,2013-08-16,49658,55058,57764,59404
1,1,0,2013-08-17,49688,55097,57810,59445
1,1,0,2013-08-18,49701,55131,57845,59492
1,1,0,2013-08-19,49684,55163,57869,59524
1,1,0,2013-08-20,49691,55197,57908,59566
1,1,0,2013-08-21,49703,55241,57960,59619
1,1,0,2013-08-22,49696,55271,58002,59668
1,1,0,2013-08-23,49699,55324,58057,59727
1,1,0,2013-08-24,49762,55367,58111,59780
1,1,0,2013-08-25,49764,55404,58150,59818
1,1,0,2013-08-26,49768,55443,58196,59864
1,1,0,2013-08-27,49798,55500,58238,59919
1,1,0,2013-08-28,49792,55548,58291,59963
1,1,0,2013-08-29,49748,55579,58332,60009
1,1,0,2013-08-30,49745,55599,58367,60054
1,1,0,2013-08-31,49771,55621,58407,60094
1,1,0,2013-09-01,49833,55681,58471,60163
1,1,0,2013-09-02,49821,55673,58481,60182
1,1,0,2013-09-03,49830,55695,58512,60212
1,1,0,2013-09-04,49856,55720,58552,60261
1,1,0,2013-09-05,49907,55773,58602,60315
1,1,0,2013-09-06,49968,55830,58653,60371
1,1,0,2013-09-07,49981,55860,58691,60404
1,1,0,2013-09-08,50018,55907,58741,60463
1,1,0,2013-09-09,50055,55971,58806,60540
1,1,0,2013-09-10,50073,56001,58849,60588
1,1,0,2013-09-11,50117,56046,58896,60646
1,1,0,2013-09-12,50144,56069,58931,60693
1,1,0,2013-09-13,50150,56101,58965,60741
1,1,0,2013-09-14,50183,56170,59028,60810
1,1,0,2013-09-15,50199,56204,59049,60846
1,1,0,2013-09-16,50300,56253,59096,60893
1,1,0,2013-09-17,50277,56271,59139,60931
1,1,0,2013-09-18,50284,56318,59188,60984
1,1,0,2013-09-19,50268,56336,59232,61028
1,1,0,2013-09-20,50283,56370,59286,61080
1,1,0,2013-09-21,50286,56397,59320,61126
1,1,0,2013-09-22,50314,56437,59361,61169
1,1,0,2013-09-23,50355,56478,59404,61218
1,1,0,2013-09-24,50405,56505,59444,61258
1,1,0,2013-09-25,50419,56513,59471,61280
1,1,0,2013-09-26,50426,56542,59500,61318
1,1,0,2013-09-27,50484,56602,59561,61371
1,1,0,2013-09-28,50554,56652,59618,61436
1,1,0,2013-09-29,50598,56702,59674,61495
1,1,0,2013-09-30,50611,56707,59708,61530
1,1,0,2013-10-01,50597,56743,59743,61577
1,1,0,2013-10-02,50616,56767,59769,61619
1,1,0,2013-10-03,50645,56801,59808,61667
1,1,0,2013-10-04,50660,56843,59847,61723
1,1,0,2013-10-05,50672,56862,59881,61758
1,1,0,2013-10-06,50672,56867,59903,61793
1,1,0,2013-10-07,50665,56867,59919,61807
1,1,0,2013-10-08,50700,56898,59954,61838
1,1,0,2013-10-09,50712,56931,60007,61893
1,1,0,2013-10-10,50726,56959,60045,61929
1,1,0,2013-10-11,50775,57008,60088,61981
1,1,0,2013-10-12,50839,57030,60115,62023
1,1,0,2013-10-13,50849,57053,60137,62054
1,1,0,2013-10-14,50869,57090,60182,62102
1,1,0,2013-10-15,50858,57110,60213,62149
1,1,0,2013-10-16,50877,57137,60260,62195
1,1,0,2013-10-17,50903,57163,60287,62237
1,1,0,2013-10-18,50924,57197,60330,62292
1,1,0,2013-10-19,50932,57210,60345,62319
1,1,0,2013-10-20,50983,57251,60370,62359
1,1,0,2013-10-21,50991,57269,60400,62395
1,1,0,2013-10-22,50999,57298,60420,62429
1,1,0,2013-10-23,51002,57316,60456,62463
1,1,0,2013-10-24,51032,57336,60484,62504
1,1,0,2013-10-25,51034,57339,60502,62535
1,1,0,2013-10-26,51057,57373,60549,62581
1,1,0,2013-10-27,51069,57372,60568,62613
1,1,0,2013-10-28,51086,57396,60604,62653
1,1,0,2013-10-29,51119,57428,60642,62695
1,1,0,2013-10-30,51143,57440,60653,62715
1,1,0,2013-10-31,51167,57470,60694,62759
1,1,0,2013-11-01,51206,57486,60718,62791
1,1,0,2013-11-02,51243,57517,60757,62827
1,1,0,2013-11-03,51277,57537,60783,62860
1,1,0,2013-11-04,51292,57564,60817,62901
1,1,0,2013-11-05,51326,57592,60863,62949
1,1,0,2013-11-06,51358,57612,60902,62993
1,1,0,2013-11-07,51395,57627,60945,63029
1,1,0,2013-11-08,51431,57654,60977,63070
1,1,0,2013-11-09,51467,57686,61027,63112
1,1,0,2013-11-10,51467,57699,61055,63136
1,1,0,2013-11-11,51516,57731,61090,63171
1,1,0,2013-11-12,51579,57777,61136,63216
1,1,0,2013-11-13,51603,57804,61170,63243
1,1,0,2013-11-14,51642,57853,61201,63285
1,1,0,2013-11-15,51686,57887,61238,63325
1,1,0,2013-11-16,51716,57900,61260,63348
1,1,0,2013-11-17,51766,57918,61302,63383
1,1,0,2013-11-18,51763,57932,61324,63411
1,1,0,2013-11-19,51805,57966,61365,63455
1,1,0,2013-11-20,51844,57978,61396,63498
1,1,0,2013-11-21,51906,58012,61442,63549
1,1,0,2013-11-22,51963,58060,61485,63604
1,1,0,2013-11-23,51985,58088,61518,63641
1,1,0,2013-11-24,51986,58091,61534,63673
1,1,0,2013-11-25,52008,58123,61570,63704
1,1,0,2013-11-26,52059,58143,61622,63759
1,1,0,2013-11-27,52073,58143,61651,63793
1,1,0,2013-11-28,52121,58166,61661,63819
1,1,0,2013-11-29,52164,58193,61692,63864
1,1,0,2013-11-30,52202,58228,61724,63896
1,1,0,2013-12-01,52270,58278,61761,63944
1,1,0,2013-12-02,52365,58323,61814,64009
1,1,0,2013-12-03,52396,58350,61843,64041
1,1,0,2013-12-04,52419,58386,61870,64066
1,1,0,2013-12-05,52437,58401,61889,64084
1,1,0,2013-12-06,52489,58427,61935,64134
1,1,0,2013-12-07,52528,58444,61967,64167
1,1,0,2013-12-08,52550,58458,62003,64199
1,1,0,2013-12-09,52571,58457,62005,64214
1,1,0,2013-12-10,52607,58503,62060,64262
1,1,0,2013-12-11,52650,58527,62083,64289
1,1,0,2013-12-12,52680,58561,62130,64333
1,1,0,2013-12-13,52718,58573,62167,64361
1,1,0,2013-12-14,52756,58570,62192,64382
1,1,0,2013-12-15,52777,58577,62214,64409
1,1,0,2013-12-16,52810,58580,62246,64461
1,1,0,2013-12-17,52845,58572,62273,64493
1,1,0,2013-12-18,52871,58558,62283,64520
1,1,0,2013-12-19,52926,58592,62318,64572
1,1,0,2013-12-20,52976,58628,62357,64610
1,1,0,2013-12-21,52984,58649,62377,64631
1,1,0,2013-12-22,53013,58689,62412,64669
1,1,0,2013-12-23,53058,58738,62453,64712
1,1,0,2013-12-24,53074,58761,62485,64747
1,1,0,2013-12-25,53091,58766,62499,64760
1,1,0,2013-12-26,53103,58776,62514,64781
1,1,0,2013-12-27,53119,58801,62533,64809
1,1,0,2013-12-28,53153,58845,62574,64849
1,1,0,2013-12-29,53173,58868,62594,64889
1,1,0,2013-12-30,53199,58881,62627,64914
1,1,0,2013-12-31,53227,58899,62650,64936
1,1,0,2014-01-01,53274,58924,62680,64969
1,1,0,2014-01-02,53316,58939,62719,65004
1,1,0,2014-01-03,53361,58957,62749,65045
1,1,0,2014-01-04,53410,58978,62768,65077
1,1,0,2014-01-05,53455,58997,62788,65110
1,1,0,2014-01-06,53501,59032,62829,65152
1,1,0,2014-01-07,53517,59037,62851,65178
1,1,0,2014-01-08,53524,59055,62868,65209
1,1,0,2014-01-09,53551,59087,62897,65233
1,1,0,2014-01-10,53581,59137,62916,65260
1,1,0,2014-01-11,53630,59175,62948,65288
1,1,0,2014-01-12,53633,59194,62979,65322
1,1,0,2014-01-13,53674,59216,63000,65344
1,1,0,2014-01-14,53669,59235,63018,65373
1,1,0,2014-01-15,53720,59290,63073,65422
1,1,0,2014-01-16,53758,59340,63120,65466
1,1,0,2014-01-17,53809,59375,63148,65501
1,1,0,2014-01-18,53825,59403,63177,65518
1,1,0,2014-01-19,53848,59422,63198,65542
1,1,0,2014-01-20,53900,59453,63240,65582
1,1,0,2014-01-21,53905,59457,63245,65607
1,1,0,2014-01-22,53964,59506,63277,65646
1,1,0,2014-01-23,53982,59534,63291,65677
1,1,0,2014-01-24,53977,59533,63304,65693
1,1,0,2014-01-25,53980,59545,63307,65705
1,1,0,2014-01-26,53973,59542,63321,65727
1,1,0,2014-01-27,53964,59558,63330,65744
1,1,0,2014-01-28,53938,59565,63331,65746
1,1,0,2014-01-29,53924,59565,63331,65763
1,1,0,2014-01-30,53870,59549,63325,65773
1,1,0,2014-01-31,53826,59549,63325,65781
1,1,0,2014-02-01,53790,59545,63333,65789
1,1,0,2014-02-02,53750,59526,63326,65791
1,1,0,2014-02-03,53709,59502,63305,65788
1,1,0,2014-02-04,53666,59499,63292,65792
1,1,0,2014-02-05,53621,59491,63274,65800
1,1,0,2014-02-06,53600,59496,63283,65816
1,1,0,2014-02-07,53579,59503,63285,65832
1,1,0,2014-02-08,53578,59512,63290,65850
1,1,0,2014-02-09,53556,59508,63293,65860
1,1,0,2014-02-10,53529,59514,63297,65871
1,1,0,2014-02-11,53532,59516,63309,65892
1,1,0,2014-02-12,53529,59534,63340,65908
1,1,0,2014-02-13,53542,59557,63356,65926
1,1,0,2014-02-14,53520,59562,63357,65935
1,1,0,2014-02-15,53538,59598,63377,65972
1,1,0,2014-02-16,53555,59605,63390,65988
1,1,0,2014-02-17,53541,59601,63385,66000
1,1,0,2014-02-18,53526,59607,63382,66010
1,1,0,2014-02-19,53546,59621,63386,66035
1,1,0,2014-02-20,53567,59642,63404,66054
1,1,0,2014-02-21,53585,59670,63436,66093
1,1,0,2014-02-22,53625,59699,63451,66117
1,1,0,2014-02-23,53629,59717,63487,66145
1,1,0,2014-02-24,53622,59726,63479,66168
1,1,0,2014-02-25,53653,59758,63485,66200
1,1,0,2014-02-26,53714,59787,63515,66225
1,1,0,2014-02-27,53746,59835,63549,66256
1,1,0,2014-02-28,53761,59875,63566,66279
1,1,0,2014-03-01,53782,59916,63608,66312
1,1,0,2014-03-02,53789,59966,63635,66341
1,1,0,2014-03-03,53784,59973,63657,66367
1,1,0,2014-03-04,53788,60000,63698,66409
1,1,0,2014-03-05,53814,60042,63746,66456
1,1,0,2014-03-06,53828,60084,63768,66490
1,1,0,2014-03-07,53836,60101,63788,66521
1,1,0,2014-03-08,53825,60114,63791,66542
1,1,0,2014-03-09,53849,60156,63818,66577
1,1,0,2014-03-10,53863,60183,63856,66616
1,1,0,2014-03-11,53858,60202,63891,66656
1,1,0,2014-03-12,53845,60202,63906,66675
1,1,0,2014-03-13,53865,60219,63915,66710
1,1,0,2014-03-14,53894,60259,63940,66743
1,1,0,2014-03-15,53896,60281,63954,66772
1,1,0,2014-03-16,53906,60311,63959,66798
1,1,0,2014-03-17,53954,60347,63967,66840
1,1,0,2014-03-18,54033,60413,64000,66890
1,1,0,2014-03-19,54044,60464,64033,66917
1,1,0,2014-03-20,54044,60497,64058,66948
1,1,0,2014-03-21,54117,60558,64113,67003
1,1,0,2014-03-22,54166,60595,64169,67064
1,1,0,2014-03-23,54219,60618,64204,67098
1,1,0,2014-03-24,54262,60648,64231,67129
1,1,0,2014-03-25,54290,60686,64266,67170
1,1,0,2014-03-26,54312,60722,64303,67212
1,1,0,2014-03-27,54372,60778,64354,67258
1,1,0,2014-03-28,54386,60801,64381,67288
1,1,0,2014-03-29,54421,60828,64404,67309
1,1,0,2014-03-30,54440,60872,64436,67352
1,1,0,2014-03-31,54414,60894,64449,67372
1,1,0,2014-04-01,54442,60933,64489,67412
1,1,0,2014-04-02,54487,60997,64530,67462
1,1,0,2014-04-03,54524,61039,64554,67490
1,1,0,2014-04-04,54576,61077,64580,67516
1,1,0,2014-04-05,54601,61119,64609,67551
1,1,0,2014-04-06,54605,61142,64628,67576
1,1,0,2014-04-07,54623,61175,64649,67600
1,1,0,2014-04-08,54687,61222,64689,67630
1,1,0,2014-04-09,54712,61267,64732,67675
1,1,0,2014-04-10,54754,61298,64781,67710
1,1,0,2014-04-11,54774,61320,64806,67736
1,1,0,2014-04-12,54822,61334,64837,67761
1,1,0,2014-04-13,54869,61377,64867,67792
1,1,0,2014-04-14,54908,61408,64899,67818
1,1,0,2014-04-15,54918,61452,64941,67869
1,1,0,2014-04-16,54931,61479,64970,67901
1,1,0,2014-04-17,55002,61542,65034,67957
1,1,0,2014-04-18,55016,61564,65070,67996
1,1,0,2014-04-19,55051,61608,65099,68028
1,1,0,2014-04-20,55081,61625,65094,68043
1,1,0,2014-04-21,55127,61673,65120,68071
1,1,0,2014-04-22,55168,61729,65172,68109
1,1,0,2014-04-23,55233,61775,65228,68151
1,1,0,2014-04-24,55282,61808,65256,68181
1,1,0,2014-04-25,55317,61833,65283,68199
1,1,0,2014-04-26,55389,61869,65310,68231
1,1,0,2014-04-27,55436,61903,65342,68264
1,1,0,2014-04-28,55500,61936,65388,68300
1,1,0,2014-04-29,55585,62007,65456,68359
1,1,0,2014-04-30,55683,62031,65491,68395
1,1,0,2014-05-01,55753,62057,65519,68419
1,1,0,2014-05-02,55848,62101,65566,68467
1,1,0,2014-05-03,55911,62130,65591,68498
1,1,0,2014-05-04,55970,62161,65627,68526
1,1,0,2014-05-05,56036,62201,65670,68558
1,1,0,2014-05-06,56091,62221,65694,68579
1,1,0,2014-05-07,56151,62264,65729,68611
1,1,0,2014-05-08,56210,62308,65775,68652
1,1,0,2014-05-09,56244,62350,65805,68681
1,1,0,2014-05-10,56292,62364,65821,68707
1,1,0,2014-05-11,56355,62396,65852,68728
1,1,0,2014-05-12,56408,62439,65891,68761
1,1,0,2014-05-13,56442,62481,65937,68816
1,1,0,2014-05-14,56500,62505,65965,68847
1,1,0,2014-05-15,56555,62541,66007,68884
1,1,0,2014-05-16,56589,62577,66048,68916
1,1,0,2014-05-17,56651,62615,66078,68948
1,1,0,2014-05-18,56678,62623,66092,68964
1,1,0,2014-05-19,56714,62652,66130,68984
1,1,0,2014-05-20,56735,62690,66158,69006
1,1,0,2014-05-21,56737,62717,66189,69029
1,1,0,2014-05-22,56757,62748,66208,69058
1,1,0,2014-05-23,56798,62769,66234,69076
1,1,0,2014-05-24,56820,62779,66257,69113
1,1,0,2014-05-25,56881,62813,66299,69142
1,1,0,2014-05-26,56919,62841,66336,69157
1,1,0,2014-05-27,56945,62883,66365,69183
1,1,0,2014-05-28,56957,62911,66399,69204
1,1,0,2014-05-29,57005,62950,66447,69233
1,1,0,2014-05-30,57048,62986,66489,69267
1,1,0,2014-05-31,57039,63008,66522,69285
1,1,0,2014-06-01,57038,63006,66532,69302
1,1,0,2014-06-02,57068,63031,66547,69330
1,1,0,2014-06-03,57098,63041,66566,69341
1,1,0,2014-06-04,57128,63071,66617,69373
1,1,0,2014-06-05,57155,63105,66655,69406
1,1,0,2014-06-06,57186,63122,66689,69428
1,1,0,2014-06-07,57216,63152,66726,69462
1,1,0,2014-06-08,57241,63175,66756,69498
1,1,0,2014-06-09,57247,63191,66764,69520
1,1,0,2014-06-10,57321,63219,66797,69566
1,1,0,2014-06-11,57313,63217,66802,69572
1,1,0,2014-06-12,57335,63255,66848,69609
1,1,0,2014-06-13,57351,63277,66881,69635
1,1,0,2014-06-14,57382,63291,66910,69637
1,1,0,2014-06-15,57396,63325,66943,69654
1,1,0,2014-06-16,57400,63355,66974,69664
1,1,0,2014-06-17,57407,63363,67002,69686
1,1,0,2014-06-18,57415,63387,67041,69722
1,1,0,2014-06-19,57441,63425,67072,69748
1,1,0,2014-06-20,57452,63435,67083,69765
1,1,0,2014-06-21,57457,63453,67095,69777
1,1,0,2014-06-22,57473,63468,67110,69793
1,1,0,2014-06-23,57467,63484,67130,69809
1,1,0,2014-06-24,57482,63495,67158,69836
1,1,0,2014-06-25,57499,63522,67196,69864
1,1,0,2014-06-26,57537,63531,67226,69898
1,1,0,2014-06-27,57577,63568,67270,69933
1,1,0,2014-06-28,57593,63577,67302,69951
1,1,0,2014-06-29,57609,63578,67346,69981
1,1,0,2014-06-30,57650,63609,67373,70014
1,1,0,2014-07-01,57663,63650,67422,70046
1,1,0,2014-07-02,57694,63672,67463,70065
1,1,0,2014-07-03,57718,63678,67495,70085
1,1,0,2014-07-04,57726,63691,67527,70108
1,1,0,2014-07-05,57743,63712,67563,70133
1,1,0,2014-07-06,57756,63713,67588,70149
1,1,0,2014-07-07,57792,63736,67623,70181
1,1,0,2014-07-08,57779,63748,67644,70209
1,1,0,2014-07-09,57770,63760,67663,70240
1,1,0,2014-07-10,57807,63801,67697,70272
1,1,0,2014-07-11,57812,63816,67722,70307
1,1,0,2014-07-12,57835,63837,67748,70324
1,1,0,2014-07-13,57850,63858,67772,70352
1,1,0,2014-07-14,57855,63873,67797,70378
1,1,0,2014-07-15,57842,63881,67818,70400
1,1,0,2014-07-16,57869,63906,67850,70432
1,1,0,2014-07-17,57902,63905,67861,70446
1,1,0,2014-07-18,57945,63929,67888,70466
1,1,0,2014-07-19,57964,63951,67908,70477
1,1,0,2014-07-20,57958,63965,67938,70493
1,1,0,2014-07-21,57968,63978,67965,70524
1,1,0,2014-07-22,57979,63987,67979,70548
1,1,0,2014-07-23,58022,64037,68010,70577
1,1,0,2014-07-24,58048,64057,68035,70597
1,1,0,2014-07-25,58068,64094,68070,70623
1,1,0,2014-07-26,58100,64132,68100,70656
1,1,0,2014-07-27,58117,64170,68115,70685
1,1,0,2014-07-28,58097,64194,68140,70717
1,1,0,2014-07-29,58107,64237,68159,70743
1,1,0,2014-07-30,58143,64296,68193,70776
1,1,0,2014-07-31,58158,64344,68220,70811
1,1,0,2014-08-01,58174,64384,68249,70835
1,1,0,2014-08-02,58184,64411,68259,70857
1,1,0,2014-08-03,58213,64449,68285,70886
1,1,0,2014-08-04,58223,64473,68292,70900
1,1,0,2014-08-05,58237,64502,68311,70925
1,1,0,2014-08-06,58231,64524,68336,70952
1,1,0,2014-08-07,58257,64551,68370,70976
1,1,0,2014-08-08,58291,64586,68392,70994
1,1,0,2014-08-09,58272,64611,68410,71017
1,1,0,2014-08-10,58277,64624,68423,71031
1,1,0,2014-08-11,58264,64642,68437,71047
1,1,0,2014-08-12,58278,64695,68474,71093
1,1,0,2014-08-13,58252,64712,68480,71108
1,1,0,2014-08-14,58264,64718,68490,71125
1,1,0,2014-08-15,58263,64736,68508,71142
1,1,0,2014-08-16,58260,64770,68512,71153
1,1,0,2014-08-17,58277,64784,68528,71181
1,1,0,2014-08-18,58266,64808,68551,71201
1,1,0,2014-08-19,58277,64807,68563,71224
1,1,0,2014-08-20,58280,64823,68594,71246
1,1,0,2014-08-21,58263,64835,68604,71267
1,1,0,2014-08-22,58277,64855,68620,71287
1,1,0,2014-08-23,58292,64887,68646,71325
1,1,0,2014-08-24,58255,64883,68638,71334
1,1,0,2014-08-25,58243,64895,68651,71345
1,1,0,2014-08-26,58247,64903,68658,71365
1,1,0,2014-08-27,58190,64911,68653,71381
1,1,0,2014-08-28,58183,64925,68669,71399
1,1,0,2014-08-29,58164,64963,68721,71455
1,1,0,2014-08-30,58127,64962,68724,71467
1,1,0,2014-08-31,58126,64980,68743,71477
1,1,0,2014-09-01,58115,64990,68753,71495
1,1,0,2014-09-02,58143,65007,68770,71523
1,1,0,2014-09-03,58146,65009,68784,71546
1,1,0,2014-09-04,58152,65022,68776,71558
1,1,0,2014-09-05,58160,65047,68793,71584
1,1,0,2014-09-06,58165,65069,68814,71608
1,1,0,2014-09-07,58163,65070,68821,71604
1,1,0,2014-09-08,58152,65090,68815,71608
1,1,0,2014-09-09,58145,65092,68825,71618
1,1,0,2014-09-10,58169,65097,68840,71636
1,1,0,2014-09-11,58167,65106,68846,71650
1,1,0,2014-09-12,58154,65121,68854,71669
1,1,0,2014-09-13,58150,65136,68876,71691
1,1,0,2014-09-14,58134,65140,68902,71711
1,1,0,2014-09-15,58125,65140,68889,71732
1,1,0,2014-09-16,58243,65182,68925,71772
1,1,0,2014-09-17,58238,65194,68947,71791
1,1,0,2014-09-18,58224,65205,68955,71803
1,1,0,2014-09-19,58251,65224,68984,71825
1,1,0,2014-09-20,58260,65246,69009,71845
1,1,0,2014-09-21,58243,65239,69014,71852
1,1,0,2014-09-22,58228,65228,69013,71860
1,1,0,2014-09-23,58250,65228,69022,71875
1,1,0,2014-09-24,58253,65272,69045,71902
1,1,0,2014-09-25,58288,65296,69065,71931
1,1,0,2014-09-26,58288,65311,69080,71963
1,1,0,2014-09-27,58275,65312,69058,71977
1,1,0,2014-09-28,58284,65333,69067,71992
1,1,0,2014-09-29,58319,65348,69086,72036
1,1,0,2014-09-30,58308,65351,69085,72057
1,1,0,2014-10-01,58291,65364,69099,72090
1,1,0,2014-10-02,58315,65385,69125,72126
1,1,0,2014-10-03,58322,65387,69133,72148
1,1,0,2014-10-04,58311,65397,69137,72163
1,1,0,2014-10-05,58300,65413,69149,72182
1,1,0,2014-10-06,58317,65411,69156,72201
1,1,0,2014-10-07,58301,65400,69150,72203
1,1,0,2014-10-08,58290,65416,69166,72223
1,1,0,2014-10-09,58278,65415,69163,72223
1,1,0,2014-10-10,58282,65427,69175,72241
1,1,0,2014-10-11,58263,65454,69198,72266
1,1,0,2014-10-12,58276,65461,69203,72280
1,1,0,2014-10-13,58281,65447,69202,72281
1,1,0,2014-10-14,58313,65450,69223,72315
1,1,0,2014-10-15,58349,65486,69239,72337
1,1,0,2014-10-16,58361,65517,69269,72364
1,1,0,2014-10-17,58349,65534,69291,72377
1,1,0,2014-10-18,58367,65544,69308,72412
1,1,0,2014-10-19,58390,65557,69315,72426
1,1,0,2014-10-20,58392,65562,69326,72445
1,1,0,2014-10-21,58408,65580,69350,72468
1,1,0,2014-10-22,58479,65614,69376,72499
1,1,0,2014-10-23,58497,65624,69403,72526
1,1,0,2014-10-24,58474,65654,69446,72561
1,1,0,2014-10-25,58484,65657,69470,72570
1,1,0,2014-10-26,58514,65664,69491,72588
1,1,0,2014-10-27,58494,65666,69515,72597
1,1,0,2014-10-28,58520,65694,69551,72618
1,1,0,2014-10-29,58520,65700,69587,72641
1,1,0,2014-10-30,58534,65686,69595,72650
1,1,0,2014-10-31,58566,65719,69635,72670
1,1,0,2014-11-01,58587,65730,69651,72680
1,1,0,2014-11-02,58572,65740,69676,72684
1,1,0,2014-11-03,58571,65739,69686,72683
1,1,0,2014-11-04,58587,65745,69707,72703
1,1,0,2014-11-05,58597,65769,69728,72729
1,1,0,2014-11-06,58604,65773,69752,72739
1,1,0,2014-11-07,58603,65763,69767,72744
1,1,0,2014-11-08,58632,65750,69774,72748
1,1,0,2014-11-09,58646,65744,69788,72755
1,1,0,2014-11-10,58662,65742,69805,72758
1,1,0,2014-11-11,58693,65760,69831,72775
1,1,0,2014-11-12,58698,65783,69834,72790
1,1,0,2014-11-13,58756,65811,69866,72821
1,1,0,2014-11-14,58793,65827,69891,72829
1,1,0,2014-11-15,58827,65857,69914,72842
1,1,0,2014-11-16,58887,65871,69938,72870
1,1,0,2014-11-17,58926,65893,69941,72886
1,1,0,2014-11-18,58939,65910,69951,72907
1,1,0,2014-11-19,58983,65934,69982,72936
1,1,0,2014-11-20,59062,65951,70000,72954
1,1,0,2014-11-21,59075,65973,70023,72969
1,1,0,2014-11-22,59099,65984,70046,72983
1,1,0,2014-11-23,59130,66005,70078,73014
1,1,0,2014-11-24,59156,66029,70099,73029
1,1,0,2014-11-25,59186,66027,70116,73041
1,1,0,2014-11-26,59205,66036,70135,73063
1,1,0,2014-11-27,59207,66061,70151,73088
1,1,0,2014-11-28,59213,66072,70162,73096
1,1,0,2014-11-29,59261,66082,70181,73116
1,1,0,2014-11-30,59265,66078,70178,73119
1,1,0,2014-12-01,59250,66075,70179,73118
1,1,0,2014-12-02,59251,66068,70177,73120
1,1,0,2014-12-03,59299,66098,70206,73132
1,1,0,2014-12-04,59315,66114,70222,73140
1,1,0,2014-12-05,59335,66123,70246,73156
1,1,0,2014-12-06,59377,66146,70251,73171
1,1,0,2014-12-07,59416,66178,70287,73195
1,1,0,2014-12-08,59432,66199,70302,73215
1,1,0,2014-12-09,59481,66203,70299,73224
1,1,0,2014-12-10,59507,66226,70318,73239
1,1,0,2014-12-11,59533,66220,70317,73241
1,1,0,2014-12-12,59555,66214,70334,73265
1,1,0,2014-12-13,59608,66229,70353,73295
1,1,0,2014-12-14,59643,66234,70363,73299
1,1,0,2014-12-15,59657,66249,70380,73318
1,1,0,2014-12-16,59643,66239,70389,73336
1,1,0,2014-12-17,59626,66228,70390,73332
1,1,0,2014-12-18,59657,66257,70416,73365
1,1,0,2014-12-19,59678,66268,70435,73383
1,1,0,2014-12-20,59723,66271,70430,73386
1,1,0,2014-12-21,59757,66281,70429,73394
1,1,0,2014-12-22,59812,66307,70444,73414
1,1,0,2014-12-23,59805,66302,70464,73415
1,1,0,2014-12-24,59814,66318,70489,73434
1,1,0,2014-12-25,59833,66337,70494,73433
1,1,0,2014-12-26,59842,66352,70507,73421
1,1,0,2014-12-27,59869,66387,70539,73440
1,1,0,2014-12-28,59823,66383,70542,73448
1,1,0,2014-12-29,59880,66405,70571,73459
1,1,0,2014-12-30,59904,66405,70583,73461
1,1,0,2014-12-31,59907,66403,70586,73465
1,1,0,2015-01-01,59908,66430,70598,73479
1,1,0,2015-01-02,59933,66432,70615,73489
1,1,0,2015-01-03,59965,66462,70652,73526
1,1,0,2015-01-04,59957,66470,70656,73537
1,1,0,2015-01-05,59967,66491,70661,73549
1,1,0,2015-01-06,59970,66495,70673,73559
1,1,0,2015-01-07,60000,66516,70704,73586
1,1,0,2015-01-08,60032,66535,70735,73605
1,1,0,2015-01-09,60088,66547,70761,73622
1,1,0,2015-01-10,60125,66573,70777,73637
1,1,0,2015-01-11,60127,66594,70782,73647
1,1,0,2015-01-12,60132,66620,70786,73669
1,1,0,2015-01-13,60134,66639,70800,73678
1,1,0,2015-01-14,60157,66655,70822,73698
1,1,0,2015-01-15,60175,66671,70852,73725
1,1,0,2015-01-16,60222,66692,70872,73749
1,1,0,2015-01-17,60237,66712,70891,73766
1,1,0,2015-01-18,60251,66721,70902,73777
1,1,0,2015-01-19,60244,66747,70936,73808
1,1,0,2015-01-20,60252,66782,70963,73828
1,1,0,2015-01-21,60252,66804,70968,73850
1,1,0,2015-01-22,60265,66814,70988,73885
1,1,0,2015-01-23,60296,66843,71022,73926
1,1,0,2015-01-24,60308,66870,71045,73958
1,1,0,2015-01-25,60318,66873,71055,73984
1,1,0,2015-01-26,60314,66885,71068,74016
1,1,0,2015-01-27,60328,66900,71065,74032
1,1,0,2015-01-28,60344,66914,71067,74049
1,1,0,2015-01-29,60352,66924,71084,74067
1,1,0,2015-01-30,60376,66929,71085,74078
1,1,0,2015-01-31,60394,66931,71095,74097
1,1,0,2015-02-01,60429,66954,71124,74132
1,1,0,2015-02-02,60442,66962,71140,74153
1,1,0,2015-02-03,60444,66971,71158,74175
1,1,0,2015-02-04,60454,66980,71175,74202
1,1,0,2015-02-05,60427,66979,71173,74216
1,1,0,2015-02-06,60441,67001,71177,74236
1,1,0,2015-02-07,60461,67019,71196,74262
1,1,0,2015-02-08,60450,67040,71213,74291
1,1,0,2015-02-09,60469,67051,71223,74298
1,1,0,2015-02-10,60478,67056,71248,74300
1,1,0,2015-02-11,60496,67068,71264,74324
1,1,0,2015-02-12,60455,67056,71258,74334
1,1,0,2015-02-13,60433,67054,71259,74335
1,1,0,2015-02-14,60417,67064,71256,74346
1,1,0,2015-02-15,60402,67067,71266,74336
1,1,0,2015-02-16,60345,67062,71267,74339
1,1,0,2015-02-17,60307,67039,71245,74326
1,1,0,2015-02-18,60229,67030,71235,74315
1,1,0,2015-02-19,60153,67016,71225,74312
1,1,0,2015-02-20,60046,66994,71207,74301
1,1,0,2015-02-21,59987,66979,71196,74304
1,1,0,2015-02-22,59930,66961,71180,74299
1,1,0,2015-02-23,59906,66956,71166,74297
1,1,0,2015-02-24,59862,66936,71142,74297
1,1,0,2015-02-25,59824,66924,71146,74297
1,1,0,2015-02-26,59816,66928,71157,74299
1,1,0,2015-02-27,59771,66934,71141,74304
1,1,0,2015-02-28,59719,66921,71127,74297
1,1,0,2015-03-01,59674,66896,71128,74301
1,1,0,2015-03-02,59673,66915,71144,74318
1,1,0,2015-03-03,59631,66912,71149,74332
1,1,0,2015-03-04,59636,66923,71159,74343
1,1,0,2015-03-05,59624,66922,71161,74360
1,1,0,2015-03-06,59625,66959,71192,74370
1,1,0,2015-03-07,59604,66968,71187,74382
1,1,0,2015-03-08,59574,66970,71202,74384
1,1,0,2015-03-09,59549,66988,71203,74387
1,1,0,2015-03-10,59559,67023,71225,74401
1,1,0,2015-03-11,59552,67031,71234,74410
1,1,0,2015-03-12,59566,67066,71243,74432
1,1,0,2015-03-13,59590,67131,71276,74473
1,1,0,2015-03-14,59625,67156,71295,74500
1,1,0,2015-03-15,59588,67162,71298,74510
1,1,0,2015-03-16,59611,67176,71299,74527
1,1,0,2015-03-17,59597,67188,71313,74548
1,1,0,2015-03-18,59604,67225,71318,74569
1,1,0,2015-03-19,59646,67263,71343,74605
1,1,0,2015-03-20,59686,67310,71360,74624
1,1,0,2015-03-21,59709,67354,71390,74645
1,1,0,2015-03-22,59709,67384,71410,74657
1,1,0,2015-03-23,59734,67399,71414,74685
1,1,0,2015-03-24,59730,67411,71428,74698
1,1,0,2015-03-25,59740,67447,71456,74720
1,1,0,2015-03-26,59734,67462,71470,74735
1,1,0,2015-03-27,59781,67497,71501,74774
1,1,0,2015-03-28,59791,67501,71520,74786
1,1,0,2015-03-29,59802,67537,71540,74823
1,1,0,2015-03-30,59791,67571,71552,74842
1,1,0,2015-03-31,59788,67598,71583,74860
1,1,0,2015-04-01,59805,67622,71616,74868
1,1,0,2015-04-02,59794,67651,71616,74884
1,1,0,2015-04-03,59813,67688,71651,74913
1,1,0,2015-04-04,59840,67714,71676,74940
1,1,0,2015-04-05,59855,67726,71696,74946
1,1,0,2015-04-06,59851,67740,71697,74957
1,1,0,2015-04-07,59834,67750,71709,74969
1,1,0,2015-04-08,59819,67771,71727,74990
1,1,0,2015-04-09,59823,67801,71751,75024
1,1,0,2015-04-10,59817,67831,71787,75046
1,1,0,2015-04-11,59840,67846,71810,75055
1,1,0,2015-04-12,59867,67860,71840,75070
1,1,0,2015-04-13,59861,67873,71853,75083
1,1,0,2015-04-14,59867,67895,71876,75108
1,1,0,2015-04-15,59896,67923,71893,75138
1,1,0,2015-04-16,59889,67946,71899,75148
1,1,0,2015-04-17,59922,67963,71915,75163
1,1,0,2015-04-18,59964,68002,71931,75187
1,1,0,2015-04-19,59959,68007,71947,75205
1,1,0,2015-04-20,59935,68013,71967,75226
1,1,0,2015-04-21,59955,68038,71998,75246
1,1,0,2015-04-22,59941,68055,72016,75268
1,1,0,2015-04-23,59941,68090,72057,75299
1,1,0,2015-04-24,59968,68126,72100,75335
1,1,0,2015-04-25,59969,68155,72127,75365
1,1,0,2015-04-26,59943,68144,72149,75377
1,1,0,2015-04-27,59949,68174,72187,75400
1,1,0,2015-04-28,59981,68215,72221,75420
1,1,0,2015-04-29,59992,68251,72234,75446
1,1,0,2015-04-30,60005,68284,72254,75465
1,1,0,2015-05-01,59988,68314,72270,75487
1,1,0,2015-05-02,59996,68351,72293,75516
1,1,0,2015-05-03,59964,68353,72300,75528
1,1,0,2015-05-04,59972,68380,72335,75558
1,1,0,2015-05-05,59944,68409,72349,75584
1,1,0,2015-05-06,59931,68405,72367,75597
1,1,0,2015-05-07,59949,68441,72405,75621
1,1,0,2015-05-08,59962,68478,72429,75646
1,1,0,2015-05-09,59997,68493,72455,75666
1,1,0,2015-05-10,60052,68524,72472,75682
1,1,0,2015-05-11,60050,68517,72476,75694
1,1,0,2015-05-12,60062,68535,72492,75716
1,1,0,2015-05-13,60086,68546,72504,75728
1,1,0,2015-05-14,60139,68572,72537,75756
1,1,0,2015-05-15,60196,68612,72582,75776
1,1,0,2015-05-16,60274,68616,72610,75797
1,1,0,2015-05-17,60344,68621,72633,75814
1,1,0,2015-05-18,60413,68635,72658,75834
1,1,0,2015-05-19,60510,68660,72690,75856
1,1,0,2015-05-20,60589,68677,72722,75880
1,1,0,2015-05-21,60669,68664,72744,75902
1,1,0,2015-05-22,60733,68686,72769,75920
1,1,0,2015-05-23,60796,68697,72797,75933
1,1,0,2015-05-24,60840,68709,72828,75944
1,1,0,2015-05-25,60864,68697,72834,75935
1,1,0,2015-05-26,60897,68713,72854,75954
1,1,0,2015-05-27,60938,68730,72871,75977
1,1,0,2015-05-28,61033,68760,72917,76001
1,1,0,2015-05-29,61109,68786,72951,76031
1,1,0,2015-05-30,61136,68804,72963,76049
1,1,0,2015-05-31,61187,68816,72979,76065
1,1,0,2015-06-01,61224,68822,72998,76071
1,1,0,2015-06-02,61206,68827,73014,76077
1,1,0,2015-06-03,61235,68837,73027,76086
1,1,0,2015-06-04,61265,68843,73049,76102
1,1,0,2015-06-05,61286,68848,73077,76119
1,1,0,2015-06-06,61298,68855,73093,76143
1,1,0,2015-06-07,61331,68860,73125,76154
1,1,0,2015-06-08,61355,68856,73141,76157
1,1,0,2015-06-09,61354,68846,73147,76164
1,1,0,2015-06-10,61390,68866,73182,76178
1,1,0,2015-06-11,61406,68896,73228,76203
1,1,0,2015-06-12,61422,68925,73253,76218
1,1,0,2015-06-13,61443,68927,73267,76236
1,1,0,2015-06-14,61443,68943,73284,76240
1,1,0,2015-06-15,61468,68971,73300,76257
1,1,0,2015-06-16,61462,68971,73327,76267
1,1,0,2015-06-17,61447,68980,73334,76269
1,1,0,2015-06-18,61436,68991,73368,76285
1,1,0,2015-06-19,61446,69002,73407,76307
1,1,0,2015-06-20,61433,68994,73437,76325
1,1,0,2015-06-21,61429,69001,73439,76315
1,1,0,2015-06-22,61437,69012,73451,76342
1,1,0,2015-06-23,61436,69002,73460,76352
1,1,0,2015-06-24,61433,68998,73469,76365
1,1,0,2015-06-25,61450,69008,73497,76395
1,1,0,2015-06-26,61446,69010,73494,76414
1,1,0,2015-06-27,61448,69002,73514,76429
1,1,0,2015-06-28,61433,68967,73529,76430
1,1,0,2015-06-29,61452,68950,73546,76454
1,1,0,2015-06-30,61488,68983,73574,76498
1,1,0,2015-07-01,61529,68992,73600,76513
1,1,0,2015-07-02,61528,68999,73620,76533
1,1,0,2015-07-03,61538,69014,73635,76549
1,1,0,2015-07-04,61577,69049,73671,76585
1,1,0,2015-07-05,61632,69073,73708,76617
1,1,0,2015-07-06,61639,69069,73712,76625
1,1,0,2015-07-07,61655,69067,73732,76641
1,1,0,2015-07-08,61659,69067,73746,76660
1,1,0,2015-07-09,61682,69065,73775,76690
1,1,0,2015-07-10,61661,69068,73781,76704
1,1,0,2015-07-11,61633,69055,73771,76712
1,1,0,2015-07-12,61645,69028,73783,76712
1,1,0,2015-07-13,61665,69041,73802,76734
1,1,0,2015-07-14,61686,69074,73841,76754
1,1,0,2015-07-15,61715,69070,73867,76771
1,1,0,2015-07-16,61705,69092,73885,76793
1,1,0,2015-07-17,61680,69107,73894,76796
1,1,0,2015-07-18,61721,69125,73910,76820
1,1,0,2015-07-19,61768,69138,73923,76841
1,1,0,2015-07-20,61773,69151,73951,76867
1,1,0,2015-07-21,61771,69146,73965,76878
1,1,0,2015-07-22,61770,69151,73981,76900
1,1,0,2015-07-23,61750,69163,74010,76930
1,1,0,2015-07-24,61767,69148,74022,76938
1,1,0,2015-07-25,61768,69150,74020,76964
1,1,0,2015-07-26,61748,69167,74051,76993
1,1,0,2015-07-27,61723,69162,74065,77011
1,1,0,2015-07-28,61738,69188,74107,77045
1,1,0,2015-07-29,61695,69190,74132,77060
1,1,0,2015-07-30,61730,69215,74176,77094
1,1,0,2015-07-31,61740,69227,74213,77119
1,1,0,2015-08-01,61798,69254,74248,77147
1,1,0,2015-08-02,61817,69274,74282,77182
1,1,0,2015-08-03,61827,69273,74312,77207
1,1,0,2015-08-04,61809,69275,74320,77223
1,1,0,2015-08-05,61772,69277,74336,77244
1,1,0,2015-08-06,61764,69283,74361,77280
1,1,0,2015-08-07,61796,69309,74383,77318
1,1,0,2015-08-08,61812,69338,74413,77343
1,1,0,2015-08-09,61812,69332,74407,77349
1,1,0,2015-08-10,61804,69336,74413,77355
1,1,0,2015-08-11,61798,69355,74431,77382
1,1,0,2015-08-12,61777,69388,74460,77405
1,1,0,2015-08-13,61748,69404,74477,77424
1,1,0,2015-08-14,61772,69455,74491,77452
1,1,0,2015-08-15,61815,69521,74521,77493
1,1,0,2015-08-16,61832,69554,74536,77518
1,1,0,2015-08-17,61810,69597,74545,77531
1,1,0,2015-08-18,61802,69643,74554,77560
1,1,0,2015-08-19,61809,69670,74536,77574
1,1,0,2015-08-20,61815,69703,74565,77596
1,1,0,2015-08-21,61802,69723,74577,77615
1,1,0,2015-08-22,61820,69756,74601,77649
1,1,0,2015-08-23,61848,69781,74610,77661
1,1,0,2015-08-24,61861,69808,74619,77671
1,1,0,2015-08-25,61844,69833,74636,77691
1,1,0,2015-08-26,61819,69859,74643,77711
1,1,0,2015-08-27,61802,69879,74653,77719
1,1,0,2015-08-28,61771,69901,74676,77736
1,1,0,2015-08-29,61716,69917,74689,77761
1,1,0,2015-08-30,61703,69941,74692,77777
1,1,0,2015-08-31,61774,69962,74733,77820
1,1,0,2015-09-01,61809,70003,74759,77847
1,1,0,2015-09-02,61833,70028,74785,77874
1,1,0,2015-09-03,61854,70042,74793,77904
1,1,0,2015-09-04,61883,70069,74816,77932
1,1,0,2015-09-05,61902,70078,74816,77956
1,1,0,2015-09-06,61955,70127,74859,78007
1,1,0,2015-09-07,61982,70127,74857,78024
1,1,0,2015-09-08,62012,70149,74871,78050
1,1,0,2015-09-09,62049,70154,74892,78079
1,1,0,2015-09-10,62087,70176,74916,78105
1,1,0,2015-09-11,62108,70189,74929,78127
1,1,0,2015-09-12,62092,70196,74942,78143
1,1,0,2015-09-13,62105,70211,74966,78163
1,1,0,2015-09-14,62132,70202,74958,78182
1,1,0,2015-09-15,62161,70200,74979,78199
1,1,0,2015-09-16,62334,70226,75007,78243
1,1,0,2015-09-17,62344,70233,75012,78274
1,1,0,2015-09-18,62361,70221,75001,78284
1,1,0,2015-09-19,62354,70215,75003,78294
1,1,0,2015-09-20,62340,70203,74997,78285
1,1,0,2015-09-21,62344,70193,74982,78295
1,1,0,2015-09-22,62323,70184,74985,78307
1,1,0,2015-09-23,62324,70199,74991,78329
1,1,0,2015-09-24,62395,70217,74995,78332
1,1,0,2015-09-25,62362,70193,74968,78333
1,1,0,2015-09-26,62361,70203,74934,78347
1,1,0,2015-09-27,62338,70218,74907,78353
1,1,0,2015-09-28,62299,70201,74890,78344
1,1,0,2015-09-29,62273,70188,74879,78354
1,1,0,2015-09-30,62246,70171,74849,78355
1,1,0,2015-10-01,62110,70109,74807,78327
1,1,0,2015-10-02,62147,70137,74841,78364
1,1,0,2015-10-03,62125,70154,74824,78375
1,1,0,2015-10-04,62117,70156,74813,78376
1,1,0,2015-10-05,62082,70150,74801,78385
1,1,0,2015-10-06,61952,70139,74791,78381
1,1,0,2015-10-07,61714,70116,74759,78379
1,1,0,2015-10-08,61680,70091,74752,78368
1,1,0,2015-10-09,61711,70094,74748,78364
1,1,0,2015-10-10,61726,70110,74732,78380
1,1,0,2015-10-11,61672,70108,74717,78382
1,1,0,2015-10-12,61612,70096,74710,78390
1,1,0,2015-10-13,61534,70075,74685,78396
1,1,0,2015-10-14,61470,70035,74684,78398
1,1,0,2015-10-15,61435,70023,74692,78404
1,1,0,2015-10-16,61388,70018,74685,78407
1,1,0,2015-10-17,61350,70008,74665,78392
1,1,0,2015-10-18,61273,69982,74644,78386
1,1,0,2015-10-19,61209,69955,74613,78382
1,1,0,2015-10-20,61145,69927,74593,78384
1,1,0,2015-10-21,61089,69919,74588,78396
1,1,0,2015-10-22,61026,69917,74561,78395
1,1,0,2015-10-23,61018,69911,74546,78379
1,1,0,2015-10-24,61010,69889,74534,78392
1,1,0,2015-10-25,60987,69861,74524,78394
1,1,0,2015-10-26,60925,69835,74511,78390
1,1,0,2015-10-27,60878,69807,74506,78397
1,1,0,2015-10-28,60822,69776,74486,78402
1,1,0,2015-10-29,60750,69745,74456,78402
1,1,0,2015-10-30,60701,69748,74456,78419
1,1,0,2015-10-31,60674,69740,74466,78433
1,1,0,2015-11-01,60653,69741,74454,78448
1,1,0,2015-11-02,60615,69724,74441,78441
1,1,0,2015-11-03,60616,69723,74449,78453
1,1,0,2015-11-04,60590,69714,74428,78453
1,1,0,2015-11-05,60600,69739,74453,78472
1,1,0,2015-11-06,60624,69758,74463,78478
1,1,0,2015-11-07,60652,69774,74486,78499
1,1,0,2015-11-08,60670,69772,74487,78509
1,1,0,2015-11-09,60686,69774,74491,78512
1,1,0,2015-11-10,60684,69782,74515,78534
1,1,0,2015-11-11,60684,69770,74522,78550
1,1,0,2015-11-12,60663,69775,74563,78567
1,1,0,2015-11-13,60662,69785,74594,78587
1,1,0,2015-11-14,60624,69775,74605,78586
1,1,0,2015-11-15,60624,69767,74632,78591
1,1,0,2015-11-16,60599,69749,74654,78593
1,1,0,2015-11-17,60563,69760,74691,78595
1,1,0,2015-11-18,60494,69758,74714,78620
1,1,0,2015-11-19,60493,69745,74732,78633
1,1,0,2015-11-20,60482,69737,74745,78637
1,1,0,2015-11-21,60465,69751,74751,78637
1,1,0,2015-11-22,60442,69754,74762,78639
1,1,0,2015-11-23,60387,69739,74774,78651
1,1,0,2015-11-24,60307,69715,74782,78650
1,1,0,2015-11-25,60244,69692,74790,78652
1,1,0,2015-11-26,60173,69683,74792,78661
1,1,0,2015-11-27,60142,69689,74803,78673
1,1,0,2015-11-28,60132,69719,74834,78690
1,1,0,2015-11-29,60102,69730,74824,78702
1,1,0,2015-11-30,60057,69716,74825,78699
1,1,0,2015-12-01,60010,69719,74834,78710
1,1,0,2015-12-02,59953,69700,74821,78692
1,1,0,2015-12-03,59901,69699,74819,78692
1,1,0,2015-12-04,59865,69720,74838,78699
1,1,0,2015-12-05,59791,69725,74845,78701
1,1,0,2015-12-06,59750,69746,74855,78707
1,1,0,2015-12-07,59711,69747,74869,78723
1,1,0,2015-12-08,59644,69775,74880,78749
1,1,0,2015-12-09,59498,69770,74883,78751
1,1,0,2015-12-10,59378,69783,74897,78762
1,1,0,2015-12-11,59301,69768,74898,78768
1,1,0,2015-12-12,59174,69774,74900,78780
1,1,0,2015-12-13,59075,69793,74899,78783
1,1,0,2015-12-14,58912,69800,74897,78797
1,1,0,2015-12-15,58708,69820,74897,78801
1,1,0,2015-12-16,58631,69811,74895,78788
1,1,0,2015-12-17,58600,69826,74898,78786
1,1,0,2015-12-18,58613,69831,74896,78789
1,1,0,2015-12-19,58636,69841,74919,78817
1,1,0,2015-12-20,58644,69855,74928,78809
1,1,0,2015-12-21,58650,69855,74930,78806
1,1,0,2015-12-22,58620,69852,74931,78796
1,1,0,2015-12-23,58471,69837,74930,78780
1,1,0,2015-12-24,58466,69849,74937,78772
1,1,0,2015-12-25,58459,69851,74939,78735
1,1,0,2015-12-26,58459,69850,74939,78706
1,1,0,2015-12-27,58432,69833,74926,78695
1,1,0,2015-12-28,58459,69834,74936,78694
1,1,0,2015-12-29,58391,69805,74930,78676
1,1,0,2015-12-30,58536,69809,74938,78682
1,1,0,2015-12-31,58533,69791,74944,78686
1,1,0,2016-01-01,58509,69782,74953,78683
1,1,0,2016-01-02,58527,69782,74964,78680
1,1,0,2016-01-03,58588,69798,74987,78690
1,1,0,2016-01-04,58627,69763,75000,78697
1,1,0,2016-01-05,58632,69656,74996,78678
1,1,0,2016-01-06,58642,69659,75006,78692
1,1,0,2016-01-07,58648,69695,75021,78696
1,1,0,2016-01-08,58619,69698,75029,78683
1,1,0,2016-01-09,58610,69693,75044,78679
1,1,0,2016-01-10,58549,69663,75033,78668
1,1,0,2016-01-11,58566,69652,75049,78667
1,1,0,2016-01-12,58574,69636,75037,78676
1,1,0,2016-01-13,58588,69631,75042,78686
1,1,0,2016-01-14,58638,69643,75061,78710
1,1,0,2016-01-15,58644,69636,75073,78710
1,1,0,2016-01-16,58677,69626,75083,78710
1,1,0,2016-01-17,58639,69587,75062,78680
1,1,0,2016-01-18,58665,69572,75067,78686
1,1,0,2016-01-19,58650,69539,75063,78681
1,1,0,2016-01-20,58636,69506,75065,78662
1,1,0,2016-01-21,58804,69561,75092,78680
1,1,0,2016-01-22,59122,69623,75128,78703
1,1,0,2016-01-23,59326,69676,75157,78734
1,1,0,2016-01-24,59463,69702,75189,78763
1,1,0,2016-01-25,59679,69784,75226,78805
1,1,0,2016-01-26,59852,69815,75249,78825
1,1,0,2016-01-27,60043,69858,75292,78852
1,1,0,2016-01-28,60214,69880,75324,78878
1,1,0,2016-01-29,60345,69914,75354,78912
1,1,0,2016-01-30,60451,69946,75390,78926
1,1,0,2016-01-31,60522,69951,75413,78954
1,1,0,2016-02-01,60565,69956,75409,78959
1,1,0,2016-02-02,60618,69952,75426,78966
1,1,0,2016-02-03,60656,69957,75453,78987
1,1,0,2016-02-04,60662,69967,75480,79009
1,1,0,2016-02-05,60643,69961,75483,79020
1,1,0,2016-02-06,60634,69962,75476,79019
1,1,0,2016-02-07,60560,69946,75460,79013
1,1,0,2016-02-08,60487,69922,75438,79022
1,1,0,2016-02-09,60410,69913,75413,79016
1,1,0,2016-02-10,60382,69889,75411,79045
1,1,0,2016-02-11,60351,69875,75412,79057
1,1,0,2016-02-12,60325,69855,75415,79069
1,1,0,2016-02-13,60319,69848,75409,79095
1,1,0,2016-02-14,60310,69838,75402,79122
1,1,0,2016-02-15,60360,69830,75405,79149
1,1,0,2016-02-16,60410,69823,75415,79177
1,1,0,2016-02-17,60487,69846,75418,79189
1,1,0,2016-02-18,60534,69857,75419,79206
1,1,0,2016-02-19,60641,69892,75467,79251
1,1,0,2016-02-20,60726,69910,75501,79285
1,1,0,2016-02-21,60811,69900,75500,79299
1,1,0,2016-02-22,60861,69872,75486,79307
1,1,0,2016-02-23,60988,69911,75511,79349
1,1,0,2016-02-24,61125,69949,75549,79391
1,1,0,2016-02-25,61260,70001,75607,79444
1,1,0,2016-02-26,61414,70070,75673,79496
1,1,0,2016-02-27,61586,70140,75737,79527
1,1,0,2016-02-28,61697,70176,75776,79570
1,1,0,2016-02-29,61798,70208,75802,79595
1,1,0,2016-03-01,61963,70271,75856,79652
1,1,0,2016-03-02,62113,70338,75913,79688
1,1,0,2016-03-03,62277,70424,75990,79762
1,1,0,2016-03-04,62458,70505,76063,79827
1,1,0,2016-03-05,62624,70561,76115,79855
1,1,0,2016-03-06,62774,70631,76172,79914
1,1,0,2016-03-07,62919,70667,76231,79951
1,1,0,2016-03-08,63017,70678,76265,79990
1,1,0,2016-03-09,63110,70688,76303,80013
1,1,0,2016-03-10,63250,70765,76375,80070
1,1,0,2016-03-11,63401,70839,76450,80138
1,1,0,2016-03-12,63532,70888,76505,80165
1,1,0,2016-03-13,63630,70912,76546,80208
1,1,0,2016-03-14,63730,70934,76609,80255
1,1,0,2016-03-15,63874,71006,76658,80306
1,1,0,2016-03-16,63981,71081,76721,80362
1,1,0,2016-03-17,64128,71184,76794,80410
1,1,0,2016-03-18,64246,71267,76852,80460
1,1,0,2016-03-19,64364,71349,76915,80508
1,1,0,2016-03-20,64511,71460,76988,80572
1,1,0,2016-03-21,64597,71518,77043,80615
1,1,0,2016-03-22,64731,71609,77106,80670
1,1,0,2016-03-23,64810,71673,77151,80717
1,1,0,2016-03-24,64882,71749,77208,80762
1,1,0,2016-03-25,64957,71817,77247,80808
1,1,0,2016-03-26,65075,71893,77293,80857
1,1,0,2016-03-27,65133,71973,77345,80908
1,1,0,2016-03-28,65215,72031,77373,80948
1,1,0,2016-03-29,65334,72175,77438,81004
1,1,0,2016-03-30,65430,72249,77488,81056
1,1,0,2016-03-31,65546,72339,77544,81115
1,1,0,2016-04-01,65677,72434,77599,81182
1,1,0,2016-04-02,65780,72512,77626,81230
1,1,0,2016-04-03,65865,72579,77651,81269
1,1,0,2016-04-04,65935,72652,77619,81300
1,1,0,2016-04-05,66038,72729,77659,81339
1,1,0,2016-04-06,66123,72803,77720,81389
1,1,0,2016-04-07,66233,72863,77769,81439
1,1,0,2016-04-08,66335,72949,77812,81486
1,1,0,2016-04-09,66456,73002,77858,81527
1,1,0,2016-04-10,66562,73096,77919,81578
1,1,0,2016-04-11,66655,73171,77949,81609
1,1,0,2016-04-12,66753,73239,77988,81658
1,1,0,2016-04-13,66799,73309,78011,81683
1,1,0,2016-04-14,66899,73385,78062,81736
1,1,0,2016-04-15,66949,73431,78075,81765
1,1,0,2016-04-16,67021,73486,78116,81807
1,1,0,2016-04-17,67101,73559,78143,81840
1,1,0,2016-04-18,67181,73604,78161,81872
1,1,0,2016-04-19,67265,73673,78205,81925
1,1,0,2016-04-20,67329,73756,78266,81977
1,1,0,2016-04-21,67435,73833,78319,82017
1,1,0,2016-04-22,67504,73901,78364,82042
1,1,0,2016-04-23,67590,73958,78409,82092
1,1,0,2016-04-24,67618,74011,78447,82114
1,1,0,2016-04-25,67657,74067,78505,82176
1,1,0,2016-04-26,67709,74141,78545,82214
1,1,0,2016-04-27,67763,74203,78588,82256
1,1,0,2016-04-28,67818,74280,78653,82309
1,1,0,2016-04-29,67869,74333,78700,82344
1,1,0,2016-04-30,67916,74374,78727,82368
1,1,0,2016-05-01,67952,74420,78755,82385
1,1,0,2016-05-02,67985,74451,78764,82415
1,1,0,2016-05-03,68033,74497,78771,82444
1,1,0,2016-05-04,68100,74542,78800,82487
1,1,0,2016-05-05,68191,74596,78838,82528
1,1,0,2016-05-06,68307,74661,78894,82575
1,1,0,2016-05-07,68404,74715,78936,82617
1,1,0,2016-05-08,68494,74743,78968,82638
1,1,0,2016-05-09,68574,74782,79001,82669
1,1,0,2016-05-10,68651,74812,79019,82700
1,1,0,2016-05-11,68705,74851,79042,82728
1,1,0,2016-05-12,68747,74866,79040,82735
1,1,0,2016-05-13,68806,74902,79082,82769
1,1,0,2016-05-14,68884,74960,79120,82798
1,1,0,2016-05-15,68911,74996,79129,82810
1,1,0,2016-05-16,68953,75031,79162,82852
1,1,0,2016-05-17,69056,75098,79233,82901
1,1,0,2016-05-18,69110,75135,79251,82926
1,1,0,2016-05-19,69167,75202,79300,82978
1,1,0,2016-05-20,69178,75236,79321,83011
1,1,0,2016-05-21,69205,75278,79347,83036
1,1,0,2016-05-22,69249,75322,79371,83059
1,1,0,2016-05-23,69286,75375,79415,83092
1,1,0,2016-05-24,69325,75424,79449,83122
1,1,0,2016-05-25,69400,75499,79504,83187
1,1,0,2016-05-26,69441,75551,79533,83228
1,1,0,2016-05-27,69487,75606,79563,83269
1,1,0,2016-05-28,69521,75645,79598,83300
1,1,0,2016-05-29,69542,75678,79615,83317
1,1,0,2016-05-30,69575,75713,79637,83323
1,1,0,2016-05-31,69590,75759,79655,83352
1,1,0,2016-06-01,69594,75771,79668,83370
1,1,0,2016-06-02,69625,75821,79697,83398
1,1,0,2016-06-03,69650,75874,79728,83428
1,1,0,2016-06-04,69707,75920,79777,83466
1,1,0,2016-06-05,69740,75965,79807,83515
1,1,0,2016-06-06,69763,75999,79828,83538
1,1,0,2016-06-07,69778,76020,79827,83552
1,1,0,2016-06-08,69819,76049,79849,83574
1,1,0,2016-06-09,69844,76085,79872,83595
1,1,0,2016-06-10,69814,76115,79881,83609
1,1,0,2016-06-11,69831,76138,79884,83617
1,1,0,2016-06-12,69836,76161,79889,83652
1,1,0,2016-06-13,69833,76197,79909,83676
1,1,0,2016-06-14,69844,76229,79943,83712
1,1,0,2016-06-15,69827,76245,79971,83732
1,1,0,2016-06-16,69845,76290,80016,83765
1,1,0,2016-06-17,69865,76314,80050,83789
1,1,0,2016-06-18,69858,76330,80080,83800
1,1,0,2016-06-19,69876,76375,80105,83828
1,1,0,2016-06-20,69877,76390,80124,83831
1,1,0,2016-06-21,69910,76460,80193,83897
1,1,0,2016-06-22,69932,76492,80228,83925
1,1,0,2016-06-23,69957,76532,80283,83970
1,1,0,2016-06-24,69961,76570,80325,83997
1,1,0,2016-06-25,69979,76580,80352,84014
1,1,0,2016-06-26,69969,76589,80365,84018
1,1,0,2016-06-27,69963,76625,80434,84055
1,1,0,2016-06-28,69979,76653,80467,84085
1,1,0,2016-06-29,69998,76683,80495,84103
1,1,0,2016-06-30,69972,76705,80521,84120
1,1,0,2016-07-01,70008,76749,80567,84145
1,1,0,2016-07-02,70029,76779,80604,84157
1,1,0,2016-07-03,69995,76799,80620,84114
1,1,0,2016-07-04,69972,76838,80644,84113
1,1,0,2016-07-05,69947,76845,80655,84129
1,1,0,2016-07-06,69927,76872,80669,84146
1,1,0,2016-07-07,69901,76882,80692,84153
1,1,0,2016-07-08,69888,76909,80704,84164
1,1,0,2016-07-09,69848,76915,80739,84177
1,1,0,2016-07-10,69819,76922,80763,84188
1,1,0,2016-07-11,69808,76941,80787,84200
1,1,0,2016-07-12,69843,76983,80840,84229
1,1,0,2016-07-13,69857,77024,80882,84248
1,1,0,2016-07-14,69850,77050,80918,84264
1,1,0,2016-07-15,69856,77087,80954,84280
1,1,0,2016-07-16,69852,77119,81003,84295
1,1,0,2016-07-17,69866,77163,81032,84305
1,1,0,2016-07-18,69886,77200,81072,84339
1,1,0,2016-07-19,69901,77218,81112,84375
1,1,0,2016-07-20,69904,77255,81163,84420
1,1,0,2016-07-21,69937,77300,81224,84468
1,1,0,2016-07-22,69951,77346,81256,84487
1,1,0,2016-07-23,69981,77378,81305,84530
1,1,0,2016-07-24,69965,77380,81325,84550
1,1,0,2016-07-25,69966,77375,81344,84552
1,1,0,2016-07-26,69961,77373,81367,84559
1,1,0,2016-07-27,69933,77377,81387,84571
1,1,0,2016-07-28,69933,77395,81411,84591
1,1,0,2016-07-29,69932,77418,81433,84614
1,1,0,2016-07-30,69908,77442,81460,84634
1,1,0,2016-07-31,69953,77469,81486,84643
1,1,0,2016-08-01,69967,77485,81532,84661
1,1,0,2016-08-02,69946,77501,81553,84675
1,1,0,2016-08-03,69974,77532,81576,84698
1,1,0,2016-08-04,70006,77575,81602,84726
1,1,0,2016-08-05,70012,77619,81621,84744
1,1,0,2016-08-06,70020,77671,81641,84765
1,1,0,2016-08-07,70046,77708,81664,84792
1,1,0,2016-08-08,70041,77753,81696,84812
1,1,0,2016-08-09,70058,77777,81718,84833
1,1,0,2016-08-10,70081,77811,81742,84853
1,1,0,2016-08-11,70099,77834,81756,84882
1,1,0,2016-08-12,70114,77886,81810,84916
1,1,0,2016-08-13,70118,77917,81838,84932
1,1,0,2016-08-14,70096,77927,81847,84943
1,1,0,2016-08-15,70114,77958,81869,84983
1,1,0,2016-08-16,70117,77979,81886,85000
1,1,0,2016-08-17,70151,78011,81926,85032
1,1,0,2016-08-18,70156,78027,81954,85049
1,1,0,2016-08-19,70176,78051,81990,85070
1,1,0,2016-08-20,70199,78075,82021,85084
1,1,0,2016-08-21,70209,78095,82047,85105
1,1,0,2016-08-22,70236,78103,82065,85121
1,1,0,2016-08-23,70258,78122,82092,85139
1,1,0,2016-08-24,70269,78122,82110,85144
1,1,0,2016-08-25,70289,78152,82149,85175
1,1,0,2016-08-26,70312,78163,82165,85195
1,1,0,2016-08-27,70315,78190,82197,85219
1,1,0,2016-08-28,70259,78195,82208,85219
1,1,0,2016-08-29,70191,78210,82239,85231
1,1,0,2016-08-30,70229,78221,82261,85264
1,1,0,2016-08-31,70222,78237,82286,85289
1,1,0,2016-09-01,70232,78247,82319,85309
1,1,0,2016-09-02,70272,78278,82347,85349
1,1,0,2016-09-03,70302,78288,82377,85372
1,1,0,2016-09-04,70292,78288,82396,85379
1,1,0,2016-09-05,70285,78304,82424,85396
1,1,0,2016-09-06,70330,78324,82448,85419
1,1,0,2016-09-07,70371,78358,82490,85452
1,1,0,2016-09-08,70436,78355,82530,85493
1,1,0,2016-09-09,70463,78364,82552,85507
1,1,0,2016-09-10,70496,78399,82579,85522
1,1,0,2016-09-11,70521,78397,82583,85523
1,1,0,2016-09-12,70566,78404,82606,85544
1,1,0,2016-09-13,70586,78388,82621,85559
1,1,0,2016-09-14,70586,78402,82650,85590
1,1,0,2016-09-15,70594,78416,82661,85606
1,1,0,2016-09-16,70636,78431,82689,85639
1,1,0,2016-09-17,70615,78437,82719,85650
1,1,0,2016-09-18,70653,78431,82734,85661
1,1,0,2016-09-19,70784,78451,82758,85687
1,1,0,2016-09-20,70844,78492,82798,85739
1,1,0,2016-09-21,70876,78523,82823,85779
1,1,0,2016-09-22,70896,78539,82848,85811
1,1,0,2016-09-23,70948,78583,82864,85843
1,1,0,2016-09-24,71007,78618,82899,85877
1,1,0,2016-09-25,71019,78623,82925,85933
1,1,0,2016-09-26,71079,78652,82947,85958
1,1,0,2016-09-27,71140,78658,82962,85977
1,1,0,2016-09-28,71169,78647,82978,85996
1,1,0,2016-09-29,71177,78642,82989,86012
1,1,0,2016-09-30,71257,78697,83038,86063
1,1,0,2016-10-01,71303,78716,83078,86099
1,1,0,2016-10-02,71308,78709,83110,86118
1,1,0,2016-10-03,71344,78707,83110,86138
1,1,0,2016-10-04,71367,78716,83149,86154
1,1,0,2016-10-05,71414,78722,83167,86185
1,1,0,2016-10-06,71449,78727,83197,86202
1,1,0,2016-10-07,71496,78728,83210,86234
1,1,0,2016-10-08,71551,78732,83235,86275
1,1,0,2016-10-09,71561,78738,83254,86295
1,1,0,2016-10-10,71580,78730,83263,86321
1,1,0,2016-10-11,71592,78749,83290,86347
1,1,0,2016-10-12,71632,78748,83315,86378
1,1,0,2016-10-13,71662,78764,83344,86412
1,1,0,2016-10-14,71663,78751,83344,86429
1,1,0,2016-10-15,71637,78736,83359,86431
1,1,0,2016-10-16,71652,78737,83375,86440
1,1,0,2016-10-17,71669,78749,83385,86467
1,1,0,2016-10-18,71704,78750,83397,86494
1,1,0,2016-10-19,71713,78770,83424,86523
1,1,0,2016-10-20,71755,78789,83462,86555
1,1,0,2016-10-21,71785,78796,83465,86567
1,1,0,2016-10-22,71807,78811,83482,86593
1,1,0,2016-10-23,71839,78831,83496,86621
1,1,0,2016-10-24,71861,78856,83516,86659
1,1,0,2016-10-25,71887,78850,83536,86686
1,1,0,2016-10-26,71887,78874,83562,86707
1,1,0,2016-10-27,71905,78869,83572,86714
1,1,0,2016-10-28,71925,78873,83596,86739
1,1,0,2016-10-29,71929,78887,83603,86756
1,1,0,2016-10-30,71953,78888,83606,86790
1,1,0,2016-10-31,71977,78885,83619,86801
1,1,0,2016-11-01,72037,78902,83636,86811
1,1,0,2016-11-02,72090,78918,83657,86831
1,1,0,2016-11-03,72119,78944,83697,86859
1,1,0,2016-11-04,72168,78979,83752,86884
1,1,0,2016-11-05,72220,79022,83789,86912
1,1,0,2016-11-06,72246,79027,83818,86941
1,1,0,2016-11-07,72286,79048,83848,86978
1,1,0,2016-11-08,72306,79067,83869,86994
1,1,0,2016-11-09,72327,79073,83884,86993
1,1,0,2016-11-10,72350,79082,83919,87034
1,1,0,2016-11-11,72413,79111,83947,87060
1,1,0,2016-11-12,72479,79136,83957,87077
1,1,0,2016-11-13,72508,79145,83977,87084
1,1,0,2016-11-14,72556,79175,84005,87108
1,1,0,2016-11-15,72577,79199,84014,87127
1,1,0,2016-11-16,72611,79212,84039,87156
1,1,0,2016-11-17,72663,79232,84056,87183
1,1,0,2016-11-18,72707,79261,84080,87218
1,1,0,2016-11-19,72722,79280,84104,87241
1,1,0,2016-11-20,72737,79285,84110,87256
1,1,0,2016-11-21,72755,79306,84121,87279
1,1,0,2016-11-22,72739,79323,84129,87292
1,1,0,2016-11-23,72747,79330,84144,87310
1,1,0,2016-11-24,72790,79346,84160,87323
1,1,0,2016-11-25,72845,79377,84185,87342
1,1,0,2016-11-26,72872,79372,84195,87349
1,1,0,2016-11-27,72913,79409,84213,87384
1,1,0,2016-11-28,72953,79429,84215,87394
1,1,0,2016-11-29,72953,79406,84206,87399
1,1,0,2016-11-30,72994,79427,84225,87430
1,1,0,2016-12-01,72998,79447,84233,87437
1,1,0,2016-12-02,73027,79468,84225,87447
1,1,0,2016-12-03,73052,79473,84223,87457
1,1,0,2016-12-04,73075,79487,84230,87470
1,1,0,2016-12-05,73102,79497,84235,87489
1,1,0,2016-12-06,73128,79510,84243,87511
1,1,0,2016-12-07,73149,79522,84222,87528
1,1,0,2016-12-08,73169,79557,84224,87551
1,1,0,2016-12-09,73224,79574,84240,87574
1,1,0,2016-12-10,73254,79606,84270,87603
1,1,0,2016-12-11,73271,79619,84257,87606
1,1,0,2016-12-12,73307,79653,84272,87634
1,1,0,2016-12-13,73315,79653,84280,87650
1,1,0,2016-12-14,73339,79655,84286,87652
1,1,0,2016-12-15,73376,79661,84288,87661
1,1,0,2016-12-16,73393,79674,84300,87682
1,1,0,2016-12-17,73429,79700,84313,87706
1,1,0,2016-12-18,73447,79705,84309,87715
1,1,0,2016-12-19,73457,79725,84312,87721
1,1,0,2016-12-20,73483,79729,84322,87727
1,1,0,2016-12-21,73494,79747,84333,87746
1,1,0,2016-12-22,73453,79756,84333,87729
1,1,0,2016-12-23,73442,79768,84327,87730
1,1,0,2016-12-24,73459,79764,84320,87735
1,1,0,2016-12-25,73459,79775,84327,87740
1,1,0,2016-12-26,73462,79791,84325,87741
1,1,0,2016-12-27,73446,79786,84302,87743
1,1,0,2016-12-28,73459,79786,84291,87750
1,1,0,2016-12-29,73448,79798,84289,87760
1,1,0,2016-12-30,73452,79822,84298,87785
1,1,0,2016-12-31,73471,79832,84296,87823
1,1,0,2017-01-01,73550,79917,84358,87894
1,1,0,2017-01-02,73609,79970,84403,87957
1,1,0,2017-01-03,73696,80061,84469,88015
1,1,0,2017-01-04,73781,80139,84536,88092
1,1,0,2017-01-05,73844,80214,84587,88152
1,1,0,2017-01-06,73904,80264,84604,88186
1,1,0,2017-01-07,73933,80287,84624,88209
1,1,0,2017-01-08,73946,80312,84641,88234
1,1,0,2017-01-09,73990,80362,84679,88276
1,1,0,2017-01-10,74043,80401,84690,88307
1,1,0,2017-01-11,74101,80452,84724,88357
1,1,0,2017-01-12,74139,80506,84763,88408
1,1,0,2017-01-13,74187,80540,84788,88448
1,1,0,2017-01-14,74228,80582,84833,88495
1,1,0,2017-01-15,74256,80614,84856,88521
1,1,0,2017-01-16,74311,80669,84877,88555
1,1,0,2017-01-17,74348,80690,84891,88574
1,1,0,2017-01-18,74371,80720,84907,88608
1,1,0,2017-01-19,74381,80735,84921,88610
1,1,0,2017-01-20,74388,80752,84934,88629
1,1,0,2017-01-21,74364,80763,84943,88631
1,1,0,2017-01-22,74340,80760,84951,88631
1,1,0,2017-01-23,74330,80769,84943,88636
1,1,0,2017-01-24,74307,80744,84945,88632
1,1,0,2017-01-25,74284,80750,84936,88641
1,1,0,2017-01-26,74255,80732,84922,88638
1,1,0,2017-01-27,74187,80701,84910,88622
1,1,0,2017-01-28,74142,80666,84893,88599
1,1,0,2017-01-29,74154,80683,84898,88607
1,1,0,2017-01-30,74107,80689,84888,88600
1,1,0,2017-01-31,74057,80695,84884,88602
1,1,0,2017-02-01,74014,80679,84884,88601
1,1,0,2017-02-02,73948,80665,84876,88609
1,1,0,2017-02-03,73897,80658,84865,88610
1,1,0,2017-02-04,73883,80662,84856,88624
1,1,0,2017-02-05,73836,80656,84844,88619
1,1,0,2017-02-06,73803,80661,84859,88630
1,1,0,2017-02-07,73803,80663,84861,88640
1,1,0,2017-02-08,73768,80651,84847,88653
1,1,0,2017-02-09,73768,80674,84857,88660
1,1,0,2017-02-10,73754,80686,84856,88656
1,1,0,2017-02-11,73755,80719,84867,88681
1,1,0,2017-02-12,73771,80767,84899,88702
1,1,0,2017-02-13,73784,80776,84924,88719
1,1,0,2017-02-14,73771,80796,84928,88733
1,1,0,2017-02-15,73793,80828,84945,88752
1,1,0,2017-02-16,73825,80863,84974,88778
1,1,0,2017-02-17,73875,80896,85014,88813
1,1,0,2017-02-18,73925,80931,85051,88841
1,1,0,2017-02-19,73936,80957,85074,88861
1,1,0,2017-02-20,73974,80974,85104,88887
1,1,0,2017-02-21,74001,80999,85126,88919
1,1,0,2017-02-22,73998,81029,85151,88937
1,1,0,2017-02-23,74015,81072,85178,88975
1,1,0,2017-02-24,74060,81119,85201,89003
1,1,0,2017-02-25,74112,81181,85257,89047
1,1,0,2017-02-26,74125,81228,85310,89072
1,1,0,2017-02-27,74166,81300,85349,89118
1,1,0,2017-02-28,74217,81351,85384,89158
1,1,0,2017-03-01,74234,81393,85428,89197
1,1,0,2017-03-02,74268,81435,85480,89223
1,1,0,2017-03-03,74335,81497,85532,89267
1,1,0,2017-03-04,74423,81562,85595,89323
1,1,0,2017-03-05,74476,81584,85619,89342
1,1,0,2017-03-06,74507,81631,85660,89379
1,1,0,2017-03-07,74529,81658,85686,89378
1,1,0,2017-03-08,74558,81698,85728,89403
1,1,0,2017-03-09,74573,81756,85765,89436
1,1,0,2017-03-10,74596,81804,85798,89465
1,1,0,2017-03-11,74648,81852,85858,89507
1,1,0,2017-03-12,74673,81879,85881,89530
1,1,0,2017-03-13,74674,81896,85897,89547
1,1,0,2017-03-14,74698,81971,85954,89603
1,1,0,2017-03-15,74773,82031,86018,89654
1,1,0,2017-03-16,74809,82074,86060,89699
1,1,0,2017-03-17,74872,82132,86116,89745
1,1,0,2017-03-18,74913,82193,86170,89792
1,1,0,2017-03-19,74927,82206,86205,89818
1,1,0,2017-03-20,74919,82221,86209,89835
1,1,0,2017-03-21,74952,82260,86242,89866
1,1,0,2017-03-22,74967,82256,86269,89890
1,1,0,2017-03-23,75011,82281,86298,89917
1,1,0,2017-03-24,75036,82319,86328,89938
1,1,0,2017-03-25,75053,82353,86379,89977
1,1,0,2017-03-26,75071,82379,86402,89984
1,1,0,2017-03-27,75114,82407,86432,89993
1,1,0,2017-03-28,75120,82445,86459,90018
1,1,0,2017-03-29,75122,82466,86501,90045
1,1,0,2017-03-30,75100,82483,86540,90069
1,1,0,2017-03-31,75072,82513,86559,90076
1,1,0,2017-04-01,75095,82523,86590,90084
1,1,0,2017-04-02,75119,82572,86631,90113
1,1,0,2017-04-03,75146,82610,86677,90135
1,1,0,2017-04-04,75114,82632,86698,90151
1,1,0,2017-04-05,75115,82650,86736,90164
1,1,0,2017-04-06,75108,82680,86771,90165
1,1,0,2017-04-07,75114,82675,86773,90164
1,1,0,2017-04-08,75146,82689,86787,90173
1,1,0,2017-04-09,75078,82687,86805,90189
1,1,0,2017-04-10,75087,82710,86826,90197
1,1,0,2017-04-11,75071,82726,86847,90206
1,1,0,2017-04-12,75030,82732,86858,90210
1,1,0,2017-04-13,75036,82769,86882,90218
1,1,0,2017-04-14,75049,82784,86904,90240
1,1,0,2017-04-15,75043,82791,86918,90244
1,1,0,2017-04-16,75041,82814,86943,90249
1,1,0,2017-04-17,75014,82818,86947,90248
1,1,0,2017-04-18,74994,82819,86959,90253
1,1,0,2017-04-19,74986,82823,86972,90263
1,1,0,2017-04-20,75013,82841,86990,90277
1,1,0,2017-04-21,75038,82832,87009,90289
1,1,0,2017-04-22,75094,82849,87027,90315
1,1,0,2017-04-23,75126,82853,87043,90315
1,1,0,2017-04-24,75191,82881,87046,90335
1,1,0,2017-04-25,75219,82890,87074,90339
1,1,0,2017-04-26,75264,82888,87075,90351
1,1,0,2017-04-27,75336,82898,87087,90371
1,1,0,2017-04-28,75414,82929,87109,90403
1,1,0,2017-04-29,75447,82956,87133,90420
1,1,0,2017-04-30,75506,82958,87160,90431
1,1,0,2017-05-01,75556,82974,87188,90443
1,1,0,2017-05-02,75598,82985,87204,90460
1,1,0,2017-05-03,75631,82979,87221,90471
1,1,0,2017-05-04,75685,82986,87248,90493
1,1,0,2017-05-05,75723,83006,87272,90511
1,1,0,2017-05-06,75743,83003,87284,90527
1,1,0,2017-05-07,75757,83005,87302,90544
1,1,0,2017-05-08,75755,83015,87296,90546
1,1,0,2017-05-09,75815,83019,87306,90546
1,1,0,2017-05-10,75850,83033,87329,90565
1,1,0,2017-05-11,75882,83052,87348,90573
1,1,0,2017-05-12,75883,83061,87370,90577
1,1,0,2017-05-13,75919,83078,87411,90606
1,1,0,2017-05-14,75920,83088,87414,90616
1,1,0,2017-05-15,75897,83088,87421,90614
1,1,0,2017-05-16,75907,83104,87457,90635
1,1,0,2017-05-17,75924,83115,87464,90641
1,1,0,2017-05-18,75934,83140,87473,90658
1,1,0,2017-05-19,75928,83155,87481,90672
1,1,0,2017-05-20,75929,83154,87483,90685
1,1,0,2017-05-21,75948,83174,87483,90694
1,1,0,2017-05-22,75969,83188,87499,90702
1,1,0,2017-05-23,75952,83178,87519,90717
1,1,0,2017-05-24,75956,83200,87552,90728
1,1,0,2017-05-25,75973,83228,87586,90744
1,1,0,2017-05-26,76004,83253,87620,90781
1,1,0,2017-05-27,76030,83259,87652,90818
1,1,0,2017-05-28,76022,83261,87681,90825
1,1,0,2017-05-29,76042,83285,87697,90835
1,1,0,2017-05-30,76049,83286,87723,90865
1,1,0,2017-05-31,76035,83286,87739,90883
1,1,0,2017-06-01,76044,83305,87765,90903
1,1,0,2017-06-02,76038,83317,87784,90918
1,1,0,2017-06-03,76022,83303,87769,90913
1,1,0,2017-06-04,76035,83324,87796,90934
1,1,0,2017-06-05,76027,83325,87796,90941
1,1,0,2017-06-06,76043,83354,87835,90988
1,1,0,2017-06-07,76054,83379,87879,91013
1,1,0,2017-06-08,76056,83413,87921,91054
1,1,0,2017-06-09,76060,83433,87939,91083
1,1,0,2017-06-10,76072,83431,87948,91092
1,1,0,2017-06-11,76050,83424,87941,91088
1,1,0,2017-06-12,76038,83419,87963,91101
1,1,0,2017-06-13,76032,83447,88000,91136
1,1,0,2017-06-14,76027,83448,88014,91148
1,1,0,2017-06-15,76011,83464,88042,91181
1,1,0,2017-06-16,75986,83463,88056,91196
1,1,0,2017-06-17,75940,83441,88041,91197
1,1,0,2017-06-18,75943,83438,88057,91208
1,1,0,2017-06-19,75925,83424,88065,91222
1,1,0,2017-06-20,75905,83415,88035,91230
1,1,0,2017-06-21,75874,83441,88055,91249
1,1,0,2017-06-22,75863,83424,88070,91255
1,1,0,2017-06-23,75870,83428,88091,91295
1,1,0,2017-06-24,75836,83425,88105,91310
1,1,0,2017-06-25,75801,83443,88110,91323
1,1,0,2017-06-26,75741,83420,88119,91326
1,1,0,2017-06-27,75691,83406,88125,91342
1,1,0,2017-06-28,75652,83378,88128,91357
1,1,0,2017-06-29,75629,83344,88142,91369
1,1,0,2017-06-30,75598,83343,88143,91389
1,1,0,2017-07-01,75561,83336,88149,91393
1,1,0,2017-07-02,75496,83325,88147,91403
1,1,0,2017-07-03,75428,83298,88155,91413
1,1,0,2017-07-04,75368,83287,88161,91439
1,1,0,2017-07-05,75336,83278,88178,91457
1,1,0,2017-07-06,75303,83275,88187,91470
1,1,0,2017-07-07,75246,83268,88194,91476
1,1,0,2017-07-08,75213,83237,88192,91491
1,1,0,2017-07-09,75194,83231,88196,91492
1,1,0,2017-07-10,75211,83217,88202,91507
1,1,0,2017-07-11,75185,83197,88206,91516
1,1,0,2017-07-12,75164,83202,88219,91527
1,1,0,2017-07-13,75161,83210,88227,91550
1,1,0,2017-07-14,75138,83207,88240,91574
1,1,0,2017-07-15,75139,83197,88257,91596
1,1,0,2017-07-16,75091,83181,88262,91601
1,1,0,2017-07-17,75062,83169,88251,91600
1,1,0,2017-07-18,75044,83165,88249,91605
1,1,0,2017-07-19,74994,83177,88261,91626
1,1,0,2017-07-20,74971,83205,88257,91645
1,1,0,2017-07-21,74928,83219,88263,91656
1,1,0,2017-07-22,74906,83235,88272,91660
1,1,0,2017-07-23,74872,83273,88295,91663
1,1,0,2017-07-24,74798,83290,88299,91677
1,1,0,2017-07-25,74770,83306,88301,91678
1,1,0,2017-07-26,74739,83334,88292,91673
1,1,0,2017-07-27,74700,83353,88304,91682
1,1,0,2017-07-28,74646,83375,88326,91707
1,1,0,2017-07-29,74493,83424,88339,91737
1,1,0,2017-07-30,74448,83458,88347,91754
1,1,0,2017-07-31,74426,83463,88341,91748
1,1,0,2017-08-01,74449,83492,88346,91772
1,1,0,2017-08-02,74471,83522,88353,91792
1,1,0,2017-08-03,74496,83554,88364,91805
1,1,0,2017-08-04,74527,83585,88371,91824
1,1,0,2017-08-05,74547,83607,88383,91847
1,1,0,2017-08-06,74565,83622,88412,91855
1,1,0,2017-08-07,74575,83648,88417,91859
1,1,0,2017-08-08,74573,83675,88429,91880
1,1,0,2017-08-09,74587,83700,88446,91899
1,1,0,2017-08-10,74575,83701,88451,91913
1,1,0,2017-08-11,74608,83728,88454,91936
1,1,0,2017-08-12,74614,83721,88459,91938
1,1,0,2017-08-13,74632,83712,88462,91952
1,1,0,2017-08-14,74595,83717,88459,91968
1,1,0,2017-08-15,74620,83748,88472,91984
1,1,0,2017-08-16,74741,83753,88488,91991
1,1,0,2017-08-17,74768,83753,88505,92002
1,1,0,2017-08-18,74822,83757,88535,92024
1,1,0,2017-08-19,74820,83761,88553,92023
1,1,0,2017-08-20,74849,83783,88561,92030
1,1,0,2017-08-21,74867,83789,88573,92061
1,1,0,2017-08-22,74890,83789,88593,92087
1,1,0,2017-08-23,74875,83779,88587,92087
1,1,0,2017-08-24,74893,83771,88580,92091
1,1,0,2017-08-25,74861,83761,88574,92103
1,1,0,2017-08-26,74897,83756,88569,92120
1,1,0,2017-08-27,74892,83750,88578,92126
1,1,0,2017-08-28,74899,83744,88574,92138
1,1,0,2017-08-29,74886,83732,88572,92140
1,1,0,2017-08-30,74871,83734,88583,92154
1,1,0,2017-08-31,74850,83721,88579,92157
1,1,0,2017-09-01,74845,83727,88578,92153
1,1,0,2017-09-02,74859,83724,88588,92168
1,1,0,2017-09-03,74858,83730,88591,92167
1,1,0,2017-09-04,74866,83711,88584,92170
1,1,0,2017-09-05,74868,83710,88588,92192
1,1,0,2017-09-06,74854,83687,88595,92201
1,1,0,2017-09-07,74848,83661,88598,92191
1,1,0,2017-09-08,74864,83658,88593,92189
1,1,0,2017-09-09,74873,83651,88592,92182
1,1,0,2017-09-10,74925,83654,88603,92215
1,1,0,2017-09-11,74913,83645,88615,92232
1,1,0,2017-09-12,74963,83642,88612,92250
1,1,0,2017-09-13,74950,83620,88610,92253
1,1,0,2017-09-14,74921,83587,88591,92250
1,1,0,2017-09-15,74921,83564,88577,92242
1,1,0,2017-09-16,74978,83563,88577,92253
1,1,0,2017-09-17,75036,83566,88572,92271
1,1,0,2017-09-18,75070,83548,88571,92254
1,1,0,2017-09-19,75045,83523,88587,92266
1,1,0,2017-09-20,75002,83507,88563,92268
1,1,0,2017-09-21,75017,83508,88559,92279
1,1,0,2017-09-22,75057,83521,88571,92308
1,1,0,2017-09-23,75060,83506,88583,92324
1,1,0,2017-09-24,75062,83469,88555,92328
1,1,0,2017-09-25,75063,83448,88546,92339
1,1,0,2017-09-26,75106,83442,88529,92346
1,1,0,2017-09-27,75108,83438,88502,92366
1,1,0,2017-09-28,75157,83425,88523,92380
1,1,0,2017-09-29,75177,83422,88514,92392
1,1,0,2017-09-30,75187,83405,88517,92390
1,1,0,2017-10-01,75196,83379,88487,92388
1,1,0,2017-10-02,75200,83360,88485,92393
1,1,0,2017-10-03,75177,83340,88473,92411
1,1,0,2017-10-04,75180,83327,88465,92408
1,1,0,2017-10-05,75198,83319,88460,92414
1,1,0,2017-10-06,75192,83329,88448,92423
1,1,0,2017-10-07,75197,83309,88437,92415
1,1,0,2017-10-08,75211,83322,88430,92425
1,1,0,2017-10-09,75229,83297,88404,92428
1,1,0,2017-10-10,75202,83280,88399,92432
1,1,0,2017-10-11,75219,83255,88378,92418
1,1,0,2017-10-12,75209,83241,88365,92417
1,1,0,2017-10-13,75198,83233,88341,92423
1,1,0,2017-10-14,75204,83217,88327,92426
1,1,0,2017-10-15,75179,83205,88320,92420
1,1,0,2017-10-16,75154,83181,88314,92408
1,1,0,2017-10-17,75152,83169,88323,92411
1,1,0,2017-10-18,75161,83166,88338,92403
1,1,0,2017-10-19,75158,83133,88343,92399
1,1,0,2017-10-20,75145,83102,88344,92394
1,1,0,2017-10-21,75137,83075,88355,92393
1,1,0,2017-10-22,75097,83049,88358,92389
1,1,0,2017-10-23,75111,83043,88370,92388
1,1,0,2017-10-24,75112,83049,88397,92387
1,1,0,2017-10-25,75097,83038,88420,92403
1,1,0,2017-10-26,75072,83012,88424,92401
1,1,0,2017-10-27,75092,83014,88453,92401
1,1,0,2017-10-28,75082,83011,88472,92403
1,1,0,2017-10-29,75099,83025,88490,92414
1,1,0,2017-10-30,75130,83025,88511,92410
1,1,0,2017-10-31,75114,83017,88539,92414
1,1,0,2017-11-01,75118,83012,88552,92429
1,1,0,2017-11-02,75080,83016,88568,92428
1,1,0,2017-11-03,75094,82995,88570,92422
1,1,0,2017-11-04,75078,82997,88561,92429
1,1,0,2017-11-05,75064,83002,88573,92432
1,1,0,2017-11-06,75066,82989,88578,92434
1,1,0,2017-11-07,75063,82990,88596,92446
1,1,0,2017-11-08,75052,82979,88591,92449
1,1,0,2017-11-09,75033,82966,88597,92445
1,1,0,2017-11-10,75012,82974,88599,92458
1,1,0,2017-11-11,75001,82974,88597,92462
1,1,0,2017-11-12,74985,82945,88592,92443
1,1,0,2017-11-13,74973,82937,88601,92450
1,1,0,2017-11-14,74976,82942,88585,92448
1,1,0,2017-11-15,74975,82967,88591,92459
1,1,0,2017-11-16,74995,82969,88585,92469
1,1,0,2017-11-17,74982,82982,88600,92492
1,1,0,2017-11-18,74959,82962,88604,92484
1,1,0,2017-11-19,74933,82944,88594,92476
1,1,0,2017-11-20,74922,82936,88581,92476
1,1,0,2017-11-21,74951,82931,88589,92486
1,1,0,2017-11-22,74962,82933,88585,92482
1,1,0,2017-11-23,74976,82932,88588,92488
1,1,0,2017-11-24,74974,82919,88566,92475
1,1,0,2017-11-25,74967,82918,88560,92483
1,1,0,2017-11-26,74991,82917,88558,92476
1,1,0,2017-11-27,75004,82900,88548,92467
1,1,0,2017-11-28,75021,82883,88537,92462
1,1,0,2017-11-29,75030,82885,88534,92468
1,1,0,2017-11-30,75041,82864,88517,92448
1,1,0,2017-12-01,75026,82867,88512,92451
1,1,0,2017-12-02,75048,82870,88521,92457
1,1,0,2017-12-03,75057,82870,88506,92454
1,1,0,2017-12-04,75036,82854,88490,92436
1,1,0,2017-12-05,75006,82842,88459,92442
1,1,0,2017-12-06,74997,82818,88442,92448
1,1,0,2017-12-07,74973,82823,88443,92444
1,1,0,2017-12-08,74949,82816,88434,92439
1,1,0,2017-12-09,74925,82804,88400,92417
1,1,0,2017-12-10,74911,82793,88385,92421
1,1,0,2017-12-11,74886,82776,88356,92400
1,1,0,2017-12-12,74868,82756,88329,92398
1,1,0,2017-12-13,74862,82727,88297,92371
1,1,0,2017-12-14,74872,82732,88283,92366
1,1,0,2017-12-15,74851,82731,88254,92349
1,1,0,2017-12-16,74805,82731,88233,92327
1,1,0,2017-12-17,74790,82726,88211,92321
1,1,0,2017-12-18,74775,82696,88176,92319
1,1,0,2017-12-19,74812,82677,88168,92308
1,1,0,2017-12-20,74770,82675,88148,92297
1,1,0,2017-12-21,74737,82672,88131,92289
1,1,0,2017-12-22,74732,82662,88112,92298
1,1,0,2017-12-23,74726,82666,88101,92276
1,1,0,2017-12-24,74719,82648,88067,92249
1,1,0,2017-12-25,74710,82638,88029,92197
1,1,0,2017-12-26,74701,82627,88015,92154
1,1,0,2017-12-27,74692,82615,87963,92136
1,1,0,2017-12-28,74673,82623,87954,92131
1,1,0,2017-12-29,74673,82635,87928,92126
1,1,0,2017-12-30,74651,82645,87904,92099
1,1,0,2017-12-31,74634,82651,87887,92089
1,1,1,2012-01-01,NA,NA,NA,NA
1,1,1,2012-01-02,NA,NA,NA,NA
1,1,1,2012-01-03,NA,NA,NA,NA
1,1,1,2012-01-04,NA,NA,NA,NA
1,1,1,2012-01-05,NA,NA,NA,NA
1,1,1,2012-01-06,NA,NA,NA,NA
1,1,1,2012-01-07,NA,NA,NA,NA
1,1,1,2012-01-08,NA,NA,NA,NA
1,1,1,2012-01-09,NA,NA,NA,NA
1,1,1,2012-01-10,NA,NA,NA,NA
1,1,1,2012-01-11,NA,NA,NA,NA
1,1,1,2012-01-12,NA,NA,NA,NA
1,1,1,2012-01-13,NA,NA,NA,NA
1,1,1,2012-01-14,NA,NA,NA,NA
1,1,1,2012-01-15,NA,NA,NA,NA
1,1,1,2012-01-16,NA,NA,NA,NA
1,1,1,2012-01-17,NA,NA,NA,NA
1,1,1,2012-01-18,NA,NA,NA,NA
1,1,1,2012-01-19,NA,NA,NA,NA
1,1,1,2012-01-20,NA,NA,NA,NA
1,1,1,2012-01-21,NA,NA,NA,NA
1,1,1,2012-01-22,NA,NA,NA,NA
1,1,1,2012-01-23,NA,NA,NA,NA
1,1,1,2012-01-24,NA,NA,NA,NA
1,1,1,2012-01-25,NA,NA,NA,NA
1,1,1,2012-01-26,NA,NA,NA,NA
1,1,1,2012-01-27,NA,NA,NA,NA
1,1,1,2012-01-28,NA,NA,NA,NA
1,1,1,2012-01-29,NA,NA,NA,NA
1,1,1,2012-01-30,NA,NA,NA,NA
1,1,1,2012-01-31,NA,NA,NA,NA
1,1,1,2012-02-01,NA,NA,NA,NA
1,1,1,2012-02-02,NA,NA,NA,NA
1,1,1,2012-02-03,NA,NA,NA,NA
1,1,1,2012-02-04,NA,NA,NA,NA
1,1,1,2012-02-05,NA,NA,NA,NA
1,1,1,2012-02-06,NA,NA,NA,NA
1,1,1,2012-02-07,NA,NA,NA,NA
1,1,1,2012-02-08,NA,NA,NA,NA
1,1,1,2012-02-09,NA,NA,NA,NA
1,1,1,2012-02-10,NA,NA,NA,NA
1,1,1,2012-02-11,NA,NA,NA,NA
1,1,1,2012-02-12,NA,NA,NA,NA
1,1,1,2012-02-13,NA,NA,NA,NA
1,1,1,2012-02-14,NA,NA,NA,NA
1,1,1,2012-02-15,NA,NA,NA,NA
1,1,1,2012-02-16,NA,NA,NA,NA
1,1,1,2012-02-17,NA,NA,NA,NA
1,1,1,2012-02-18,NA,NA,NA,NA
1,1,1,2012-02-19,NA,NA,NA,NA
1,1,1,2012-02-20,NA,NA,NA,NA
1,1,1,2012-02-21,NA,NA,NA,NA
1,1,1,2012-02-22,NA,NA,NA,NA
1,1,1,2012-02-23,NA,NA,NA,NA
1,1,1,2012-02-24,NA,NA,NA,NA
1,1,1,2012-02-25,NA,NA,NA,NA
1,1,1,2012-02-26,NA,NA,NA,NA
1,1,1,2012-02-27,NA,NA,NA,NA
1,1,1,2012-02-28,NA,NA,NA,NA
1,1,1,2012-02-29,NA,NA,NA,NA
1,1,1,2012-03-01,NA,NA,NA,NA
1,1,1,2012-03-02,NA,NA,NA,NA
1,1,1,2012-03-03,NA,NA,NA,NA
1,1,1,2012-03-04,NA,NA,NA,NA
1,1,1,2012-03-05,NA,NA,NA,NA
1,1,1,2012-03-06,NA,NA,NA,NA
1,1,1,2012-03-07,NA,NA,NA,NA
1,1,1,2012-03-08,NA,NA,NA,NA
1,1,1,2012-03-09,NA,NA,NA,NA
1,1,1,2012-03-10,NA,NA,NA,NA
1,1,1,2012-03-11,NA,NA,NA,NA
1,1,1,2012-03-12,NA,NA,NA,NA
1,1,1,2012-03-13,NA,NA,NA,NA
1,1,1,2012-03-14,NA,NA,NA,NA
1,1,1,2012-03-15,NA,NA,NA,NA
1,1,1,2012-03-16,NA,NA,NA,NA
1,1,1,2012-03-17,NA,NA,NA,NA
1,1,1,2012-03-18,NA,NA,NA,NA
1,1,1,2012-03-19,NA,NA,NA,NA
1,1,1,2012-03-20,NA,NA,NA,NA
1,1,1,2012-03-21,NA,NA,NA,NA
1,1,1,2012-03-22,NA,NA,NA,NA
1,1,1,2012-03-23,NA,NA,NA,NA
1,1,1,2012-03-24,NA,NA,NA,NA
1,1,1,2012-03-25,NA,NA,NA,NA
1,1,1,2012-03-26,NA,NA,NA,NA
1,1,1,2012-03-27,NA,NA,NA,NA
1,1,1,2012-03-28,NA,NA,NA,NA
1,1,1,2012-03-29,NA,NA,NA,NA
1,1,1,2012-03-30,21326,NA,NA,NA
1,1,1,2012-03-31,21397,NA,NA,NA
1,1,1,2012-04-01,21465,NA,NA,NA
1,1,1,2012-04-02,21518,NA,NA,NA
1,1,1,2012-04-03,21583,NA,NA,NA
1,1,1,2012-04-04,21645,NA,NA,NA
1,1,1,2012-04-05,21694,NA,NA,NA
1,1,1,2012-04-06,21747,NA,NA,NA
1,1,1,2012-04-07,21827,NA,NA,NA
1,1,1,2012-04-08,21889,NA,NA,NA
1,1,1,2012-04-09,21932,NA,NA,NA
1,1,1,2012-04-10,21973,NA,NA,NA
1,1,1,2012-04-11,22004,NA,NA,NA
1,1,1,2012-04-12,22049,NA,NA,NA
1,1,1,2012-04-13,22080,NA,NA,NA
1,1,1,2012-04-14,22134,NA,NA,NA
1,1,1,2012-04-15,22183,NA,NA,NA
1,1,1,2012-04-16,22234,NA,NA,NA
1,1,1,2012-04-17,22265,NA,NA,NA
1,1,1,2012-04-18,22298,NA,NA,NA
1,1,1,2012-04-19,22320,NA,NA,NA
1,1,1,2012-04-20,22337,NA,NA,NA
1,1,1,2012-04-21,22350,NA,NA,NA
1,1,1,2012-04-22,22365,NA,NA,NA
1,1,1,2012-04-23,22413,NA,NA,NA
1,1,1,2012-04-24,22445,NA,NA,NA
1,1,1,2012-04-25,22477,NA,NA,NA
1,1,1,2012-04-26,22509,NA,NA,NA
1,1,1,2012-04-27,22560,NA,NA,NA
1,1,1,2012-04-28,22590,NA,NA,NA
1,1,1,2012-04-29,22610,NA,NA,NA
1,1,1,2012-04-30,22632,NA,NA,NA
1,1,1,2012-05-01,22661,NA,NA,NA
1,1,1,2012-05-02,22718,NA,NA,NA
1,1,1,2012-05-03,22743,NA,NA,NA
1,1,1,2012-05-04,22741,NA,NA,NA
1,1,1,2012-05-05,22775,NA,NA,NA
1,1,1,2012-05-06,22807,NA,NA,NA
1,1,1,2012-05-07,22827,NA,NA,NA
1,1,1,2012-05-08,22838,NA,NA,NA
1,1,1,2012-05-09,22851,NA,NA,NA
1,1,1,2012-05-10,22872,NA,NA,NA
1,1,1,2012-05-11,22894,NA,NA,NA
1,1,1,2012-05-12,22920,NA,NA,NA
1,1,1,2012-05-13,22931,NA,NA,NA
1,1,1,2012-05-14,22961,NA,NA,NA
1,1,1,2012-05-15,22965,NA,NA,NA
1,1,1,2012-05-16,22997,NA,NA,NA
1,1,1,2012-05-17,23028,NA,NA,NA
1,1,1,2012-05-18,23033,NA,NA,NA
1,1,1,2012-05-19,23032,NA,NA,NA
1,1,1,2012-05-20,23031,NA,NA,NA
1,1,1,2012-05-21,23057,NA,NA,NA
1,1,1,2012-05-22,23057,NA,NA,NA
1,1,1,2012-05-23,23066,NA,NA,NA
1,1,1,2012-05-24,23099,NA,NA,NA
1,1,1,2012-05-25,23107,NA,NA,NA
1,1,1,2012-05-26,23128,NA,NA,NA
1,1,1,2012-05-27,23144,NA,NA,NA
1,1,1,2012-05-28,23161,NA,NA,NA
1,1,1,2012-05-29,23145,NA,NA,NA
1,1,1,2012-05-30,23171,NA,NA,NA
1,1,1,2012-05-31,23183,NA,NA,NA
1,1,1,2012-06-01,23186,NA,NA,NA
1,1,1,2012-06-02,23216,NA,NA,NA
1,1,1,2012-06-03,23205,NA,NA,NA
1,1,1,2012-06-04,23213,NA,NA,NA
1,1,1,2012-06-05,23234,NA,NA,NA
1,1,1,2012-06-06,23245,NA,NA,NA
1,1,1,2012-06-07,23238,NA,NA,NA
1,1,1,2012-06-08,23241,NA,NA,NA
1,1,1,2012-06-09,23243,NA,NA,NA
1,1,1,2012-06-10,23235,NA,NA,NA
1,1,1,2012-06-11,23241,NA,NA,NA
1,1,1,2012-06-12,23218,NA,NA,NA
1,1,1,2012-06-13,23223,NA,NA,NA
1,1,1,2012-06-14,23204,NA,NA,NA
1,1,1,2012-06-15,23225,NA,NA,NA
1,1,1,2012-06-16,23230,NA,NA,NA
1,1,1,2012-06-17,23251,NA,NA,NA
1,1,1,2012-06-18,23261,NA,NA,NA
1,1,1,2012-06-19,23228,NA,NA,NA
1,1,1,2012-06-20,23236,NA,NA,NA
1,1,1,2012-06-21,23226,NA,NA,NA
1,1,1,2012-06-22,23237,NA,NA,NA
1,1,1,2012-06-23,23249,NA,NA,NA
1,1,1,2012-06-24,23240,NA,NA,NA
1,1,1,2012-06-25,23222,NA,NA,NA
1,1,1,2012-06-26,23190,NA,NA,NA
1,1,1,2012-06-27,23200,NA,NA,NA
1,1,1,2012-06-28,23215,25420,NA,NA
1,1,1,2012-06-29,23214,25450,NA,NA
1,1,1,2012-06-30,23224,25482,NA,NA
1,1,1,2012-07-01,23245,25518,NA,NA
1,1,1,2012-07-02,23259,25554,NA,NA
1,1,1,2012-07-03,23252,25577,NA,NA
1,1,1,2012-07-04,23250,25591,NA,NA
1,1,1,2012-07-05,23265,25613,NA,NA
1,1,1,2012-07-06,23242,25641,NA,NA
1,1,1,2012-07-07,23228,25661,NA,NA
1,1,1,2012-07-08,23242,25685,NA,NA
1,1,1,2012-07-09,23266,25711,NA,NA
1,1,1,2012-07-10,23283,25737,NA,NA
1,1,1,2012-07-11,23316,25771,NA,NA
1,1,1,2012-07-12,23326,25788,NA,NA
1,1,1,2012-07-13,23373,25832,NA,NA
1,1,1,2012-07-14,23393,25863,NA,NA
1,1,1,2012-07-15,23392,25882,NA,NA
1,1,1,2012-07-16,23389,25901,NA,NA
1,1,1,2012-07-17,23404,25932,NA,NA
1,1,1,2012-07-18,23401,25951,NA,NA
1,1,1,2012-07-19,23449,25987,NA,NA
1,1,1,2012-07-20,23508,26029,NA,NA
1,1,1,2012-07-21,23548,26062,NA,NA
1,1,1,2012-07-22,23558,26090,NA,NA
1,1,1,2012-07-23,23560,26098,NA,NA
1,1,1,2012-07-24,23590,26131,NA,NA
1,1,1,2012-07-25,23628,26169,NA,NA
1,1,1,2012-07-26,23646,26207,NA,NA
1,1,1,2012-07-27,23680,26232,NA,NA
1,1,1,2012-07-28,23701,26254,NA,NA
1,1,1,2012-07-29,23706,26268,NA,NA
1,1,1,2012-07-30,23733,26290,NA,NA
1,1,1,2012-07-31,23747,26324,NA,NA
1,1,1,2012-08-01,23751,26336,NA,NA
1,1,1,2012-08-02,23753,26343,NA,NA
1,1,1,2012-08-03,23751,26364,NA,NA
1,1,1,2012-08-04,23790,26405,NA,NA
1,1,1,2012-08-05,23777,26431,NA,NA
1,1,1,2012-08-06,23796,26456,NA,NA
1,1,1,2012-08-07,23798,26475,NA,NA
1,1,1,2012-08-08,23792,26491,NA,NA
1,1,1,2012-08-09,23801,26505,NA,NA
1,1,1,2012-08-10,23818,26523,NA,NA
1,1,1,2012-08-11,23853,26544,NA,NA
1,1,1,2012-08-12,23882,26565,NA,NA
1,1,1,2012-08-13,23892,26576,NA,NA
1,1,1,2012-08-14,23903,26598,NA,NA
1,1,1,2012-08-15,23908,26631,NA,NA
1,1,1,2012-08-16,23910,26646,NA,NA
1,1,1,2012-08-17,23926,26649,NA,NA
1,1,1,2012-08-18,23936,26662,NA,NA
1,1,1,2012-08-19,23938,26675,NA,NA
1,1,1,2012-08-20,23950,26691,NA,NA
1,1,1,2012-08-21,23961,26702,NA,NA
1,1,1,2012-08-22,23969,26723,NA,NA
1,1,1,2012-08-23,24045,26772,NA,NA
1,1,1,2012-08-24,24232,26965,NA,NA
1,1,1,2012-08-25,24447,27182,NA,NA
1,1,1,2012-08-26,24660,27421,NA,NA
1,1,1,2012-08-27,24933,27674,NA,NA
1,1,1,2012-08-28,25249,27989,NA,NA
1,1,1,2012-08-29,25607,28345,NA,NA
1,1,1,2012-08-30,25936,28681,NA,NA
1,1,1,2012-08-31,26302,29017,NA,NA
1,1,1,2012-09-01,26578,29303,NA,NA
1,1,1,2012-09-02,26871,29599,NA,NA
1,1,1,2012-09-03,27111,29859,NA,NA
1,1,1,2012-09-04,27404,30154,NA,NA
1,1,1,2012-09-05,27649,30402,NA,NA
1,1,1,2012-09-06,27884,30641,NA,NA
1,1,1,2012-09-07,28125,30879,NA,NA
1,1,1,2012-09-08,28357,31103,NA,NA
1,1,1,2012-09-09,28565,31318,NA,NA
1,1,1,2012-09-10,28807,31528,NA,NA
1,1,1,2012-09-11,29029,31731,NA,NA
1,1,1,2012-09-12,29235,31926,NA,NA
1,1,1,2012-09-13,29445,32144,NA,NA
1,1,1,2012-09-14,29655,32367,NA,NA
1,1,1,2012-09-15,29848,32552,NA,NA
1,1,1,2012-09-16,30012,32729,NA,NA
1,1,1,2012-09-17,30164,32874,NA,NA
1,1,1,2012-09-18,30348,33065,NA,NA
1,1,1,2012-09-19,30529,33235,NA,NA
1,1,1,2012-09-20,30721,33412,NA,NA
1,1,1,2012-09-21,30916,33602,NA,NA
1,1,1,2012-09-22,31075,33763,NA,NA
1,1,1,2012-09-23,31235,33911,NA,NA
1,1,1,2012-09-24,31393,34056,NA,NA
1,1,1,2012-09-25,31549,34204,NA,NA
1,1,1,2012-09-26,31693,34344,35585,NA
1,1,1,2012-09-27,31845,34489,35753,NA
1,1,1,2012-09-28,32018,34656,35933,NA
1,1,1,2012-09-29,32203,34840,36124,NA
1,1,1,2012-09-30,32343,34979,36278,NA
1,1,1,2012-10-01,32491,35117,36429,NA
1,1,1,2012-10-02,32628,35243,36561,NA
1,1,1,2012-10-03,32732,35358,36683,NA
1,1,1,2012-10-04,32858,35469,36821,NA
1,1,1,2012-10-05,32976,35586,36948,NA
1,1,1,2012-10-06,33107,35718,37089,NA
1,1,1,2012-10-07,33206,35824,37211,NA
1,1,1,2012-10-08,33312,35950,37349,NA
1,1,1,2012-10-09,33434,36072,37483,NA
1,1,1,2012-10-10,33560,36205,37614,NA
1,1,1,2012-10-11,33655,36317,37726,NA
1,1,1,2012-10-12,33785,36433,37852,NA
1,1,1,2012-10-13,33904,36551,37979,NA
1,1,1,2012-10-14,34030,36653,38100,NA
1,1,1,2012-10-15,34117,36741,38193,NA
1,1,1,2012-10-16,34200,36824,38289,NA
1,1,1,2012-10-17,34299,36909,38375,NA
1,1,1,2012-10-18,34413,37028,38496,NA
1,1,1,2012-10-19,34506,37140,38603,NA
1,1,1,2012-10-20,34592,37224,38693,NA
1,1,1,2012-10-21,34696,37322,38800,NA
1,1,1,2012-10-22,34807,37433,38910,NA
1,1,1,2012-10-23,34928,37557,39037,NA
1,1,1,2012-10-24,35041,37664,39164,NA
1,1,1,2012-10-25,35128,37752,39265,NA
1,1,1,2012-10-26,35251,37889,39405,NA
1,1,1,2012-10-27,35377,38010,39527,NA
1,1,1,2012-10-28,35486,38120,39638,NA
1,1,1,2012-10-29,35585,38211,39745,NA
1,1,1,2012-10-30,35700,38318,39859,NA
1,1,1,2012-10-31,35804,38426,39967,NA
1,1,1,2012-11-01,35913,38522,40078,NA
1,1,1,2012-11-02,36024,38634,40191,NA
1,1,1,2012-11-03,36122,38726,40300,NA
1,1,1,2012-11-04,36194,38798,40374,NA
1,1,1,2012-11-05,36287,38882,40474,NA
1,1,1,2012-11-06,36409,38997,40598,NA
1,1,1,2012-11-07,36505,39084,40695,NA
1,1,1,2012-11-08,36594,39188,40804,NA
1,1,1,2012-11-09,36685,39279,40891,NA
1,1,1,2012-11-10,36776,39375,40978,NA
1,1,1,2012-11-11,36822,39439,41045,NA
1,1,1,2012-11-12,36899,39529,41140,NA
1,1,1,2012-11-13,36972,39602,41228,NA
1,1,1,2012-11-14,37030,39673,41301,NA
1,1,1,2012-11-15,37125,39774,41387,NA
1,1,1,2012-11-16,37209,39854,41471,NA
1,1,1,2012-11-17,37300,39942,41558,NA
1,1,1,2012-11-18,37394,40039,41653,NA
1,1,1,2012-11-19,37477,40126,41748,NA
1,1,1,2012-11-20,37551,40209,41835,NA
1,1,1,2012-11-21,37622,40278,41903,NA
1,1,1,2012-11-22,37710,40346,41978,NA
1,1,1,2012-11-23,37780,40423,42063,NA
1,1,1,2012-11-24,37866,40492,42138,NA
1,1,1,2012-11-25,37953,40578,42203,NA
1,1,1,2012-11-26,38016,40651,42278,NA
1,1,1,2012-11-27,38092,40729,42360,NA
1,1,1,2012-11-28,38151,40795,42433,NA
1,1,1,2012-11-29,38229,40878,42505,NA
1,1,1,2012-11-30,38293,40937,42577,NA
1,1,1,2012-12-01,38350,40989,42647,NA
1,1,1,2012-12-02,38393,41042,42716,NA
1,1,1,2012-12-03,38443,41093,42768,NA
1,1,1,2012-12-04,38497,41159,42842,NA
1,1,1,2012-12-05,38551,41218,42910,NA
1,1,1,2012-12-06,38602,41285,42975,NA
1,1,1,2012-12-07,38690,41393,43073,NA
1,1,1,2012-12-08,38777,41473,43161,NA
1,1,1,2012-12-09,38828,41549,43223,NA
1,1,1,2012-12-10,38892,41629,43288,NA
1,1,1,2012-12-11,38951,41705,43366,NA
1,1,1,2012-12-12,39020,41783,43446,NA
1,1,1,2012-12-13,39091,41861,43522,NA
1,1,1,2012-12-14,39147,41931,43597,NA
1,1,1,2012-12-15,39233,42010,43686,NA
1,1,1,2012-12-16,39304,42090,43764,NA
1,1,1,2012-12-17,39369,42165,43845,NA
1,1,1,2012-12-18,39428,42232,43915,NA
1,1,1,2012-12-19,39501,42340,44019,NA
1,1,1,2012-12-20,39568,42437,44115,NA
1,1,1,2012-12-21,39624,42516,44187,NA
1,1,1,2012-12-22,39685,42589,44251,NA
1,1,1,2012-12-23,39741,42672,44324,NA
1,1,1,2012-12-24,39792,42748,44405,NA
1,1,1,2012-12-25,39852,42826,44478,45413
1,1,1,2012-12-26,39882,42872,44520,45477
1,1,1,2012-12-27,39931,42944,44586,45555
1,1,1,2012-12-28,39991,43024,44670,45644
1,1,1,2012-12-29,40025,43071,44721,45697
1,1,1,2012-12-30,40042,43110,44757,45742
1,1,1,2012-12-31,40091,43181,44817,45812
1,1,1,2013-01-01,40152,43260,44900,45900
1,1,1,2013-01-02,40209,43333,44962,45980
1,1,1,2013-01-03,40234,43382,45008,46042
1,1,1,2013-01-04,40296,43463,45094,46131
1,1,1,2013-01-05,40326,43511,45150,46194
1,1,1,2013-01-06,40368,43553,45206,46259
1,1,1,2013-01-07,40424,43629,45279,46340
1,1,1,2013-01-08,40473,43694,45354,46416
1,1,1,2013-01-09,40535,43751,45427,46486
1,1,1,2013-01-10,40587,43822,45495,46566
1,1,1,2013-01-11,40648,43902,45577,46654
1,1,1,2013-01-12,40698,43956,45610,46709
1,1,1,2013-01-13,40759,44018,45675,46785
1,1,1,2013-01-14,40824,44105,45751,46870
1,1,1,2013-01-15,40903,44181,45830,46948
1,1,1,2013-01-16,40955,44258,45905,47026
1,1,1,2013-01-17,41001,44335,45989,47106
1,1,1,2013-01-18,41054,44395,46052,47181
1,1,1,2013-01-19,41127,44476,46126,47261
1,1,1,2013-01-20,41191,44554,46203,47340
1,1,1,2013-01-21,41264,44634,46288,47421
1,1,1,2013-01-22,41344,44711,46366,47511
1,1,1,2013-01-23,41428,44795,46458,47609
1,1,1,2013-01-24,41490,44870,46536,47689
1,1,1,2013-01-25,41551,44948,46609,47765
1,1,1,2013-01-26,41600,45011,46682,47838
1,1,1,2013-01-27,41636,45061,46726,47895
1,1,1,2013-01-28,41701,45129,46785,47961
1,1,1,2013-01-29,41769,45206,46867,48038
1,1,1,2013-01-30,41831,45271,46934,48117
1,1,1,2013-01-31,41850,45317,46979,48170
1,1,1,2013-02-01,41913,45395,47050,48255
1,1,1,2013-02-02,41963,45456,47110,48321
1,1,1,2013-02-03,42001,45497,47143,48366
1,1,1,2013-02-04,42028,45556,47206,48435
1,1,1,2013-02-05,42043,45609,47254,48489
1,1,1,2013-02-06,42083,45660,47302,48544
1,1,1,2013-02-07,42121,45707,47347,48586
1,1,1,2013-02-08,42112,45732,47377,48609
1,1,1,2013-02-09,42095,45726,47383,48621
1,1,1,2013-02-10,42085,45743,47404,48648
1,1,1,2013-02-11,42103,45763,47425,48684
1,1,1,2013-02-12,42118,45786,47456,48716
1,1,1,2013-02-13,42120,45808,47481,48730
1,1,1,2013-02-14,42132,45836,47510,48761
1,1,1,2013-02-15,42146,45882,47552,48806
1,1,1,2013-02-16,42177,45922,47592,48847
1,1,1,2013-02-17,42217,45972,47643,48902
1,1,1,2013-02-18,42244,46019,47693,48957
1,1,1,2013-02-19,42278,46086,47771,49029
1,1,1,2013-02-20,42329,46157,47842,49106
1,1,1,2013-02-21,42381,46230,47916,49191
1,1,1,2013-02-22,42435,46289,47971,49251
1,1,1,2013-02-23,42501,46374,48054,49313
1,1,1,2013-02-24,42548,46449,48124,49382
1,1,1,2013-02-25,42612,46539,48211,49473
1,1,1,2013-02-26,42678,46613,48293,49560
1,1,1,2013-02-27,42753,46689,48382,49643
1,1,1,2013-02-28,42835,46778,48465,49740
1,1,1,2013-03-01,42872,46829,48520,49807
1,1,1,2013-03-02,42935,46897,48594,49892
1,1,1,2013-03-03,43024,46998,48700,50000
1,1,1,2013-03-04,43115,47095,48809,50105
1,1,1,2013-03-05,43204,47184,48900,50198
1,1,1,2013-03-06,43285,47264,48994,50290
1,1,1,2013-03-07,43376,47349,49088,50376
1,1,1,2013-03-08,43458,47436,49173,50466
1,1,1,2013-03-09,43516,47507,49264,50552
1,1,1,2013-03-10,43571,47580,49348,50621
1,1,1,2013-03-11,43670,47656,49432,50706
1,1,1,2013-03-12,43748,47743,49525,50801
1,1,1,2013-03-13,43787,47809,49590,50867
1,1,1,2013-03-14,43864,47905,49695,50975
1,1,1,2013-03-15,43971,47998,49779,51064
1,1,1,2013-03-16,44033,48080,49861,51148
1,1,1,2013-03-17,44091,48144,49930,51214
1,1,1,2013-03-18,44150,48209,50001,51287
1,1,1,2013-03-19,44215,48285,50095,51380
1,1,1,2013-03-20,44265,48340,50176,51462
1,1,1,2013-03-21,44351,48420,50273,51556
1,1,1,2013-03-22,44447,48507,50369,51646
1,1,1,2013-03-23,44534,48598,50467,51743
1,1,1,2013-03-24,44574,48654,50536,51814
1,1,1,2013-03-25,44632,48731,50614,51894
1,1,1,2013-03-26,44717,48824,50710,51988
1,1,1,2013-03-27,44808,48914,50814,52084
1,1,1,2013-03-28,44861,48986,50899,52170
1,1,1,2013-03-29,44954,49062,50988,52260
1,1,1,2013-03-30,45021,49122,51069,52338
1,1,1,2013-03-31,45078,49184,51142,52405
1,1,1,2013-04-01,45159,49271,51241,52501
1,1,1,2013-04-02,45246,49359,51336,52593
1,1,1,2013-04-03,45346,49449,51433,52683
1,1,1,2013-04-04,45376,49502,51498,52750
1,1,1,2013-04-05,45412,49558,51563,52823
1,1,1,2013-04-06,45455,49619,51623,52890
1,1,1,2013-04-07,45526,49701,51709,52976
1,1,1,2013-04-08,45615,49791,51798,53073
1,1,1,2013-04-09,45642,49855,51861,53150
1,1,1,2013-04-10,45712,49932,51942,53229
1,1,1,2013-04-11,45771,49991,52011,53298
1,1,1,2013-04-12,45861,50075,52099,53370
1,1,1,2013-04-13,45935,50148,52170,53444
1,1,1,2013-04-14,45994,50207,52231,53496
1,1,1,2013-04-15,46031,50280,52295,53565
1,1,1,2013-04-16,46087,50337,52365,53635
1,1,1,2013-04-17,46159,50406,52442,53718
1,1,1,2013-04-18,46209,50464,52505,53775
1,1,1,2013-04-19,46274,50537,52587,53854
1,1,1,2013-04-20,46334,50599,52653,53922
1,1,1,2013-04-21,46381,50668,52721,53995
1,1,1,2013-04-22,46438,50757,52800,54073
1,1,1,2013-04-23,46519,50845,52893,54168
1,1,1,2013-04-24,46561,50899,52957,54235
1,1,1,2013-04-25,46617,50965,53039,54313
1,1,1,2013-04-26,46688,51027,53104,54389
1,1,1,2013-04-27,46750,51092,53170,54451
1,1,1,2013-04-28,46794,51151,53237,54512
1,1,1,2013-04-29,46866,51215,53308,54583
1,1,1,2013-04-30,46953,51323,53410,54687
1,1,1,2013-05-01,47043,51407,53503,54785
1,1,1,2013-05-02,47087,51460,53567,54844
1,1,1,2013-05-03,47148,51530,53641,54919
1,1,1,2013-05-04,47225,51610,53727,54990
1,1,1,2013-05-05,47277,51665,53791,55057
1,1,1,2013-05-06,47341,51710,53861,55125
1,1,1,2013-05-07,47385,51757,53912,55169
1,1,1,2013-05-08,47442,51809,53965,55226
1,1,1,2013-05-09,47508,51869,54035,55303
1,1,1,2013-05-10,47573,51942,54108,55384
1,1,1,2013-05-11,47647,51989,54165,55444
1,1,1,2013-05-12,47715,52056,54227,55511
1,1,1,2013-05-13,47806,52128,54297,55588
1,1,1,2013-05-14,47879,52182,54368,55663
1,1,1,2013-05-15,47971,52263,54447,55741
1,1,1,2013-05-16,48030,52320,54515,55807
1,1,1,2013-05-17,48116,52380,54589,55884
1,1,1,2013-05-18,48180,52451,54655,55948
1,1,1,2013-05-19,48235,52509,54709,56008
1,1,1,2013-05-20,48288,52559,54774,56082
1,1,1,2013-05-21,48360,52611,54831,56138
1,1,1,2013-05-22,48426,52670,54901,56206
1,1,1,2013-05-23,48493,52745,54974,56280
1,1,1,2013-05-24,48546,52807,55045,56351
1,1,1,2013-05-25,48591,52863,55106,56409
1,1,1,2013-05-26,48630,52906,55151,56456
1,1,1,2013-05-27,48692,52971,55214,56522
1,1,1,2013-05-28,48760,53045,55293,56607
1,1,1,2013-05-29,48798,53094,55357,56664
1,1,1,2013-05-30,48877,53175,55429,56737
1,1,1,2013-05-31,48947,53236,55487,56790
1,1,1,2013-06-01,49001,53291,55555,56859
1,1,1,2013-06-02,49045,53355,55613,56926
1,1,1,2013-06-03,49088,53409,55676,56984
1,1,1,2013-06-04,49123,53472,55741,57062
1,1,1,2013-06-05,49187,53549,55806,57137
1,1,1,2013-06-06,49203,53578,55851,57181
1,1,1,2013-06-07,49234,53606,55885,57230
1,1,1,2013-06-08,49266,53648,55932,57285
1,1,1,2013-06-09,49327,53728,56012,57372
1,1,1,2013-06-10,49368,53788,56085,57445
1,1,1,2013-06-11,49417,53855,56160,57528
1,1,1,2013-06-12,49448,53911,56227,57596
1,1,1,2013-06-13,49492,53966,56295,57660
1,1,1,2013-06-14,49519,54020,56357,57719
1,1,1,2013-06-15,49558,54076,56430,57788
1,1,1,2013-06-16,49639,54157,56509,57867
1,1,1,2013-06-17,49702,54220,56585,57954
1,1,1,2013-06-18,49772,54288,56665,58047
1,1,1,2013-06-19,49795,54334,56718,58114
1,1,1,2013-06-20,49839,54393,56780,58182
1,1,1,2013-06-21,49913,54475,56865,58269
1,1,1,2013-06-22,49977,54540,56926,58343
1,1,1,2013-06-23,50011,54588,56987,58404
1,1,1,2013-06-24,50054,54632,57042,58462
1,1,1,2013-06-25,50101,54675,57100,58534
1,1,1,2013-06-26,50169,54740,57183,58625
1,1,1,2013-06-27,50239,54814,57250,58698
1,1,1,2013-06-28,50290,54868,57311,58768
1,1,1,2013-06-29,50371,54944,57379,58847
1,1,1,2013-06-30,50432,55014,57460,58933
1,1,1,2013-07-01,50476,55079,57528,59000
1,1,1,2013-07-02,50497,55141,57583,59063
1,1,1,2013-07-03,50581,55226,57678,59159
1,1,1,2013-07-04,50637,55281,57737,59215
1,1,1,2013-07-05,50656,55324,57784,59262
1,1,1,2013-07-06,50720,55370,57852,59335
1,1,1,2013-07-07,50752,55436,57915,59394
1,1,1,2013-07-08,50765,55489,57980,59455
1,1,1,2013-07-09,50840,55573,58059,59540
1,1,1,2013-07-10,50875,55621,58107,59597
1,1,1,2013-07-11,50925,55693,58179,59667
1,1,1,2013-07-12,50972,55755,58239,59731
1,1,1,2013-07-13,51022,55803,58295,59792
1,1,1,2013-07-14,51004,55816,58337,59826
1,1,1,2013-07-15,51020,55861,58395,59889
1,1,1,2013-07-16,51063,55920,58457,59962
1,1,1,2013-07-17,51102,55975,58526,60032
1,1,1,2013-07-18,51132,56024,58572,60086
1,1,1,2013-07-19,51167,56064,58626,60145
1,1,1,2013-07-20,51220,56117,58700,60217
1,1,1,2013-07-21,51286,56190,58783,60297
1,1,1,2013-07-22,51314,56210,58829,60347
1,1,1,2013-07-23,51355,56263,58881,60410
1,1,1,2013-07-24,51392,56315,58946,60481
1,1,1,2013-07-25,51427,56392,59010,60542
1,1,1,2013-07-26,51477,56460,59088,60620
1,1,1,2013-07-27,51496,56483,59126,60664
1,1,1,2013-07-28,51530,56535,59178,60725
1,1,1,2013-07-29,51557,56592,59236,60777
1,1,1,2013-07-30,51585,56644,59300,60847
1,1,1,2013-07-31,51620,56681,59342,60894
1,1,1,2013-08-01,51669,56733,59405,60955
1,1,1,2013-08-02,51725,56795,59469,61028
1,1,1,2013-08-03,51755,56842,59514,61083
1,1,1,2013-08-04,51800,56906,59573,61156
1,1,1,2013-08-05,51840,56939,59610,61203
1,1,1,2013-08-06,51833,56966,59637,61232
1,1,1,2013-08-07,51847,57007,59676,61281
1,1,1,2013-08-08,51842,57025,59705,61305
1,1,1,2013-08-09,51851,57078,59743,61351
1,1,1,2013-08-10,51872,57121,59794,61391
1,1,1,2013-08-11,51878,57163,59830,61428
1,1,1,2013-08-12,51895,57212,59863,61478
1,1,1,2013-08-13,51923,57254,59903,61515
1,1,1,2013-08-14,51925,57280,59929,61553
1,1,1,2013-08-15,51955,57326,59968,61604
1,1,1,2013-08-16,52031,57375,60025,61660
1,1,1,2013-08-17,52068,57422,60073,61705
1,1,1,2013-08-18,52073,57458,60106,61752
1,1,1,2013-08-19,52059,57492,60132,61782
1,1,1,2013-08-20,52078,57526,60168,61824
1,1,1,2013-08-21,52079,57565,60216,61876
1,1,1,2013-08-22,52080,57603,60262,61926
1,1,1,2013-08-23,52080,57655,60313,61985
1,1,1,2013-08-24,52149,57711,60375,62044
1,1,1,2013-08-25,52162,57745,60415,62077
1,1,1,2013-08-26,52159,57780,60462,62125
1,1,1,2013-08-27,52192,57835,60511,62178
1,1,1,2013-08-28,52189,57880,60560,62222
1,1,1,2013-08-29,52137,57917,60601,62270
1,1,1,2013-08-30,52137,57948,60643,62320
1,1,1,2013-08-31,52162,57966,60678,62354
1,1,1,2013-09-01,52231,58030,60747,62433
1,1,1,2013-09-02,52216,58023,60763,62450
1,1,1,2013-09-03,52221,58047,60797,62486
1,1,1,2013-09-04,52249,58077,60838,62542
1,1,1,2013-09-05,52299,58133,60888,62594
1,1,1,2013-09-06,52360,58187,60938,62647
1,1,1,2013-09-07,52372,58219,60974,62682
1,1,1,2013-09-08,52418,58265,61023,62744
1,1,1,2013-09-09,52451,58328,61087,62818
1,1,1,2013-09-10,52472,58359,61132,62872
1,1,1,2013-09-11,52523,58405,61181,62931
1,1,1,2013-09-12,52546,58425,61216,62979
1,1,1,2013-09-13,52548,58460,61253,63026
1,1,1,2013-09-14,52583,58532,61321,63096
1,1,1,2013-09-15,52603,58574,61350,63136
1,1,1,2013-09-16,52710,58623,61390,63183
1,1,1,2013-09-17,52705,58644,61430,63225
1,1,1,2013-09-18,52705,58693,61477,63282
1,1,1,2013-09-19,52687,58711,61514,63323
1,1,1,2013-09-20,52713,58750,61568,63372
1,1,1,2013-09-21,52710,58779,61598,63414
1,1,1,2013-09-22,52733,58819,61634,63458
1,1,1,2013-09-23,52780,58868,61682,63512
1,1,1,2013-09-24,52831,58895,61720,63561
1,1,1,2013-09-25,52836,58899,61745,63581
1,1,1,2013-09-26,52842,58921,61770,63613
1,1,1,2013-09-27,52899,58976,61832,63665
1,1,1,2013-09-28,52975,59025,61886,63733
1,1,1,2013-09-29,53025,59078,61947,63799
1,1,1,2013-09-30,53039,59081,61978,63836
1,1,1,2013-10-01,53040,59126,62019,63884
1,1,1,2013-10-02,53054,59154,62051,63924
1,1,1,2013-10-03,53089,59184,62094,63971
1,1,1,2013-10-04,53112,59229,62132,64024
1,1,1,2013-10-05,53109,59248,62173,64059
1,1,1,2013-10-06,53105,59244,62189,64085
1,1,1,2013-10-07,53090,59242,62201,64103
1,1,1,2013-10-08,53130,59278,62238,64138
1,1,1,2013-10-09,53148,59317,62297,64196
1,1,1,2013-10-10,53166,59345,62342,64233
1,1,1,2013-10-11,53217,59389,62386,64287
1,1,1,2013-10-12,53274,59409,62413,64338
1,1,1,2013-10-13,53284,59424,62439,64377
1,1,1,2013-10-14,53298,59464,62486,64429
1,1,1,2013-10-15,53280,59483,62519,64472
1,1,1,2013-10-16,53303,59512,62567,64518
1,1,1,2013-10-17,53328,59544,62591,64558
1,1,1,2013-10-18,53352,59576,62633,64609
1,1,1,2013-10-19,53365,59584,62646,64637
1,1,1,2013-10-20,53421,59622,62674,64683
1,1,1,2013-10-21,53433,59642,62703,64720
1,1,1,2013-10-22,53435,59670,62725,64748
1,1,1,2013-10-23,53430,59685,62765,64784
1,1,1,2013-10-24,53464,59705,62796,64828
1,1,1,2013-10-25,53469,59711,62814,64861
1,1,1,2013-10-26,53488,59745,62855,64903
1,1,1,2013-10-27,53503,59754,62879,64938
1,1,1,2013-10-28,53516,59779,62913,64976
1,1,1,2013-10-29,53540,59809,62952,65022
1,1,1,2013-10-30,53562,59825,62967,65042
1,1,1,2013-10-31,53587,59860,63008,65082
1,1,1,2013-11-01,53636,59873,63033,65114
1,1,1,2013-11-02,53676,59908,63076,65149
1,1,1,2013-11-03,53716,59928,63105,65176
1,1,1,2013-11-04,53733,59952,63139,65216
1,1,1,2013-11-05,53771,59972,63184,65259
1,1,1,2013-11-06,53813,59991,63221,65303
1,1,1,2013-11-07,53848,60005,63263,65338
1,1,1,2013-11-08,53872,60026,63297,65376
1,1,1,2013-11-09,53909,60052,63345,65415
1,1,1,2013-11-10,53927,60067,63381,65440
1,1,1,2013-11-11,53982,60101,63416,65478
1,1,1,2013-11-12,54034,60136,63461,65524
1,1,1,2013-11-13,54059,60166,63498,65555
1,1,1,2013-11-14,54086,60210,63534,65597
1,1,1,2013-11-15,54129,60243,63570,65636
1,1,1,2013-11-16,54164,60253,63594,65657
1,1,1,2013-11-17,54211,60272,63638,65694
1,1,1,2013-11-18,54207,60292,63664,65723
1,1,1,2013-11-19,54231,60317,63698,65762
1,1,1,2013-11-20,54275,60328,63736,65810
1,1,1,2013-11-21,54337,60358,63783,65860
1,1,1,2013-11-22,54387,60403,63828,65912
1,1,1,2013-11-23,54413,60426,63855,65947
1,1,1,2013-11-24,54423,60426,63871,65979
1,1,1,2013-11-25,54444,60458,63905,66014
1,1,1,2013-11-26,54491,60481,63955,66069
1,1,1,2013-11-27,54500,60473,63988,66100
1,1,1,2013-11-28,54545,60495,64004,66126
1,1,1,2013-11-29,54581,60523,64034,66164
1,1,1,2013-11-30,54626,60553,64066,66193
1,1,1,2013-12-01,54689,60598,64098,66239
1,1,1,2013-12-02,54775,60640,64153,66306
1,1,1,2013-12-03,54804,60662,64184,66335
1,1,1,2013-12-04,54826,60702,64213,66365
1,1,1,2013-12-05,54847,60717,64233,66385
1,1,1,2013-12-06,54894,60744,64276,66430
1,1,1,2013-12-07,54930,60761,64307,66457
1,1,1,2013-12-08,54942,60768,64340,66484
1,1,1,2013-12-09,54972,60778,64351,66505
1,1,1,2013-12-10,54994,60815,64400,66550
1,1,1,2013-12-11,55030,60840,64426,66579
1,1,1,2013-12-12,55065,60867,64471,66624
1,1,1,2013-12-13,55113,60881,64516,66663
1,1,1,2013-12-14,55144,60879,64541,66685
1,1,1,2013-12-15,55162,60893,64568,66707
1,1,1,2013-12-16,55186,60897,64592,66749
1,1,1,2013-12-17,55232,60890,64624,66779
1,1,1,2013-12-18,55254,60876,64634,66799
1,1,1,2013-12-19,55307,60911,64674,66851
1,1,1,2013-12-20,55354,60948,64719,66890
1,1,1,2013-12-21,55362,60964,64740,66906
1,1,1,2013-12-22,55394,61004,64777,66943
1,1,1,2013-12-23,55438,61051,64822,66984
1,1,1,2013-12-24,55451,61072,64855,67023
1,1,1,2013-12-25,55469,61083,64869,67039
1,1,1,2013-12-26,55473,61089,64884,67065
1,1,1,2013-12-27,55503,61117,64906,67097
1,1,1,2013-12-28,55529,61157,64939,67131
1,1,1,2013-12-29,55555,61185,64962,67173
1,1,1,2013-12-30,55579,61203,64995,67201
1,1,1,2013-12-31,55598,61215,65020,67223
1,1,1,2014-01-01,55638,61241,65043,67256
1,1,1,2014-01-02,55679,61255,65085,67290
1,1,1,2014-01-03,55721,61265,65113,67327
1,1,1,2014-01-04,55764,61280,65123,67357
1,1,1,2014-01-05,55791,61290,65141,67383
1,1,1,2014-01-06,55835,61321,65178,67427
1,1,1,2014-01-07,55841,61324,65193,67450
1,1,1,2014-01-08,55835,61339,65207,67483
1,1,1,2014-01-09,55862,61370,65233,67506
1,1,1,2014-01-10,55889,61423,65251,67534
1,1,1,2014-01-11,55937,61459,65277,67571
1,1,1,2014-01-12,55946,61479,65310,67609
1,1,1,2014-01-13,55997,61501,65337,67637
1,1,1,2014-01-14,55995,61522,65358,67669
1,1,1,2014-01-15,56033,61571,65412,67714
1,1,1,2014-01-16,56079,61622,65456,67763
1,1,1,2014-01-17,56123,61655,65481,67796
1,1,1,2014-01-18,56128,61681,65504,67811
1,1,1,2014-01-19,56150,61696,65527,67836
1,1,1,2014-01-20,56202,61730,65569,67876
1,1,1,2014-01-21,56217,61739,65579,67909
1,1,1,2014-01-22,56270,61788,65614,67950
1,1,1,2014-01-23,56288,61818,65631,67975
1,1,1,2014-01-24,56281,61821,65649,67991
1,1,1,2014-01-25,56283,61828,65656,68005
1,1,1,2014-01-26,56278,61825,65668,68025
1,1,1,2014-01-27,56261,61834,65673,68040
1,1,1,2014-01-28,56226,61829,65670,68041
1,1,1,2014-01-29,56210,61832,65672,68057
1,1,1,2014-01-30,56153,61820,65663,68068
1,1,1,2014-01-31,56097,61815,65659,68079
1,1,1,2014-02-01,56053,61808,65657,68085
1,1,1,2014-02-02,56012,61791,65649,68088
1,1,1,2014-02-03,55966,61774,65625,68087
1,1,1,2014-02-04,55919,61773,65610,68089
1,1,1,2014-02-05,55879,61766,65592,68098
1,1,1,2014-02-06,55869,61766,65600,68118
1,1,1,2014-02-07,55842,61774,65598,68134
1,1,1,2014-02-08,55846,61788,65601,68158
1,1,1,2014-02-09,55818,61789,65606,68169
1,1,1,2014-02-10,55793,61792,65606,68184
1,1,1,2014-02-11,55787,61788,65618,68209
1,1,1,2014-02-12,55783,61799,65647,68231
1,1,1,2014-02-13,55793,61816,65659,68244
1,1,1,2014-02-14,55773,61822,65656,68257
1,1,1,2014-02-15,55783,61851,65673,68289
1,1,1,2014-02-16,55804,61855,65689,68309
1,1,1,2014-02-17,55795,61849,65682,68318
1,1,1,2014-02-18,55780,61858,65676,68334
1,1,1,2014-02-19,55787,61871,65678,68359
1,1,1,2014-02-20,55808,61890,65697,68381
1,1,1,2014-02-21,55839,61924,65727,68417
1,1,1,2014-02-22,55873,61958,65736,68438
1,1,1,2014-02-23,55878,61974,65770,68466
1,1,1,2014-02-24,55868,61982,65762,68488
1,1,1,2014-02-25,55903,62020,65773,68529
1,1,1,2014-02-26,55959,62046,65806,68557
1,1,1,2014-02-27,55987,62089,65843,68587
1,1,1,2014-02-28,55996,62127,65855,68611
1,1,1,2014-03-01,56021,62177,65899,68649
1,1,1,2014-03-02,56030,62220,65924,68678
1,1,1,2014-03-03,56020,62226,65946,68705
1,1,1,2014-03-04,56024,62253,65988,68752
1,1,1,2014-03-05,56049,62299,66030,68796
1,1,1,2014-03-06,56065,62338,66050,68828
1,1,1,2014-03-07,56071,62356,66073,68861
1,1,1,2014-03-08,56067,62372,66074,68884
1,1,1,2014-03-09,56097,62416,66106,68921
1,1,1,2014-03-10,56113,62432,66137,68960
1,1,1,2014-03-11,56111,62451,66173,68999
1,1,1,2014-03-12,56096,62454,66186,69019
1,1,1,2014-03-13,56115,62479,66193,69061
1,1,1,2014-03-14,56142,62520,66216,69094
1,1,1,2014-03-15,56142,62542,66229,69126
1,1,1,2014-03-16,56155,62567,66236,69143
1,1,1,2014-03-17,56204,62602,66242,69183
1,1,1,2014-03-18,56286,62667,66277,69235
1,1,1,2014-03-19,56292,62712,66312,69267
1,1,1,2014-03-20,56280,62738,66327,69298
1,1,1,2014-03-21,56346,62802,66384,69354
1,1,1,2014-03-22,56388,62836,66432,69414
1,1,1,2014-03-23,56437,62861,66468,69452
1,1,1,2014-03-24,56483,62897,66502,69490
1,1,1,2014-03-25,56504,62930,66531,69524
1,1,1,2014-03-26,56530,62963,66563,69563
1,1,1,2014-03-27,56588,63023,66617,69608
1,1,1,2014-03-28,56594,63042,66647,69639
1,1,1,2014-03-29,56639,63069,66671,69659
1,1,1,2014-03-30,56661,63115,66707,69703
1,1,1,2014-03-31,56654,63142,66728,69733
1,1,1,2014-04-01,56693,63183,66775,69770
1,1,1,2014-04-02,56742,63249,66817,69827
1,1,1,2014-04-03,56781,63289,66840,69858
1,1,1,2014-04-04,56835,63335,66868,69884
1,1,1,2014-04-05,56873,63374,66895,69918
1,1,1,2014-04-06,56883,63397,66911,69943
1,1,1,2014-04-07,56908,63428,66937,69972
1,1,1,2014-04-08,56974,63467,66978,70008
1,1,1,2014-04-09,57007,63513,67021,70052
1,1,1,2014-04-10,57050,63538,67066,70079
1,1,1,2014-04-11,57072,63562,67093,70102
1,1,1,2014-04-12,57113,63582,67119,70128
1,1,1,2014-04-13,57169,63632,67156,70165
1,1,1,2014-04-14,57210,63668,67199,70198
1,1,1,2014-04-15,57224,63716,67240,70253
1,1,1,2014-04-16,57244,63749,67274,70285
1,1,1,2014-04-17,57317,63814,67331,70338
1,1,1,2014-04-18,57337,63839,67367,70373
1,1,1,2014-04-19,57375,63882,67393,70403
1,1,1,2014-04-20,57401,63899,67394,70418
1,1,1,2014-04-21,57455,63948,67424,70450
1,1,1,2014-04-22,57494,63995,67473,70486
1,1,1,2014-04-23,57553,64046,67532,70533
1,1,1,2014-04-24,57606,64080,67565,70567
1,1,1,2014-04-25,57659,64104,67593,70591
1,1,1,2014-04-26,57726,64135,67614,70617
1,1,1,2014-04-27,57774,64167,67641,70648
1,1,1,2014-04-28,57836,64203,67685,70689
1,1,1,2014-04-29,57925,64267,67752,70753
1,1,1,2014-04-30,58023,64295,67796,70789
1,1,1,2014-05-01,58096,64322,67826,70812
1,1,1,2014-05-02,58189,64360,67869,70853
1,1,1,2014-05-03,58255,64394,67897,70883
1,1,1,2014-05-04,58325,64432,67943,70909
1,1,1,2014-05-05,58402,64479,67992,70943
1,1,1,2014-05-06,58469,64493,68015,70961
1,1,1,2014-05-07,58541,64540,68045,70993
1,1,1,2014-05-08,58602,64586,68092,71028
1,1,1,2014-05-09,58644,64626,68125,71054
1,1,1,2014-05-10,58694,64637,68144,71078
1,1,1,2014-05-11,58749,64667,68162,71088
1,1,1,2014-05-12,58815,64710,68197,71121
1,1,1,2014-05-13,58853,64754,68242,71175
1,1,1,2014-05-14,58896,64783,68272,71204
1,1,1,2014-05-15,58954,64821,68314,71232
1,1,1,2014-05-16,58977,64854,68351,71264
1,1,1,2014-05-17,59029,64886,68372,71295
1,1,1,2014-05-18,59055,64900,68379,71306
1,1,1,2014-05-19,59084,64926,68417,71320
1,1,1,2014-05-20,59113,64966,68449,71342
1,1,1,2014-05-21,59119,64989,68476,71366
1,1,1,2014-05-22,59146,65031,68504,71397
1,1,1,2014-05-23,59193,65050,68534,71418
1,1,1,2014-05-24,59212,65064,68555,71452
1,1,1,2014-05-25,59276,65097,68594,71481
1,1,1,2014-05-26,59324,65126,68638,71500
1,1,1,2014-05-27,59367,65178,68675,71536
1,1,1,2014-05-28,59390,65202,68709,71561
1,1,1,2014-05-29,59442,65233,68760,71585
1,1,1,2014-05-30,59484,65275,68802,71618
1,1,1,2014-05-31,59487,65300,68833,71637
1,1,1,2014-06-01,59499,65302,68847,71657
1,1,1,2014-06-02,59539,65331,68865,71692
1,1,1,2014-06-03,59574,65352,68891,71709
1,1,1,2014-06-04,59608,65382,68940,71740
1,1,1,2014-06-05,59646,65413,68980,71777
1,1,1,2014-06-06,59679,65430,69014,71799
1,1,1,2014-06-07,59718,65457,69050,71832
1,1,1,2014-06-08,59748,65484,69073,71869
1,1,1,2014-06-09,59749,65503,69081,71892
1,1,1,2014-06-10,59824,65535,69118,71934
1,1,1,2014-06-11,59825,65533,69127,71935
1,1,1,2014-06-12,59857,65577,69175,71972
1,1,1,2014-06-13,59879,65608,69220,72004
1,1,1,2014-06-14,59908,65628,69251,72015
1,1,1,2014-06-15,59927,65657,69287,72032
1,1,1,2014-06-16,59936,65695,69321,72047
1,1,1,2014-06-17,59943,65710,69353,72071
1,1,1,2014-06-18,59968,65737,69397,72105
1,1,1,2014-06-19,59998,65768,69428,72131
1,1,1,2014-06-20,60012,65779,69441,72147
1,1,1,2014-06-21,60025,65799,69457,72161
1,1,1,2014-06-22,60031,65811,69471,72176
1,1,1,2014-06-23,60030,65828,69498,72191
1,1,1,2014-06-24,60055,65846,69530,72217
1,1,1,2014-06-25,60061,65867,69563,72241
1,1,1,2014-06-26,60096,65872,69589,72277
1,1,1,2014-06-27,60130,65908,69630,72313
1,1,1,2014-06-28,60146,65924,69662,72333
1,1,1,2014-06-29,60161,65927,69698,72360
1,1,1,2014-06-30,60202,65963,69727,72396
1,1,1,2014-07-01,60213,65999,69772,72427
1,1,1,2014-07-02,60232,66014,69806,72440
1,1,1,2014-07-03,60266,66024,69843,72462
1,1,1,2014-07-04,60285,66040,69874,72481
1,1,1,2014-07-05,60303,66062,69907,72505
1,1,1,2014-07-06,60317,66065,69930,72525
1,1,1,2014-07-07,60358,66092,69958,72554
1,1,1,2014-07-08,60348,66105,69983,72580
1,1,1,2014-07-09,60328,66125,70001,72611
1,1,1,2014-07-10,60357,66166,70038,72644
1,1,1,2014-07-11,60355,66181,70070,72679
1,1,1,2014-07-12,60376,66202,70091,72694
1,1,1,2014-07-13,60381,66217,70107,72722
1,1,1,2014-07-14,60384,66231,70129,72746
1,1,1,2014-07-15,60380,66239,70156,72774
1,1,1,2014-07-16,60410,66264,70187,72804
1,1,1,2014-07-17,60446,66269,70199,72821
1,1,1,2014-07-18,60486,66294,70228,72843
1,1,1,2014-07-19,60514,66312,70248,72858
1,1,1,2014-07-20,60512,66327,70276,72869
1,1,1,2014-07-21,60525,66341,70299,72900
1,1,1,2014-07-22,60533,66352,70316,72927
1,1,1,2014-07-23,60575,66399,70345,72959
1,1,1,2014-07-24,60600,66423,70364,72976
1,1,1,2014-07-25,60627,66464,70400,73002
1,1,1,2014-07-26,60662,66500,70424,73029
1,1,1,2014-07-27,60677,66541,70442,73055
1,1,1,2014-07-28,60655,66563,70460,73082
1,1,1,2014-07-29,60661,66607,70480,73114
1,1,1,2014-07-30,60691,66665,70512,73147
1,1,1,2014-07-31,60713,66719,70538,73179
1,1,1,2014-08-01,60723,66761,70567,73201
1,1,1,2014-08-02,60733,66785,70577,73226
1,1,1,2014-08-03,60755,66821,70600,73256
1,1,1,2014-08-04,60767,66846,70604,73267
1,1,1,2014-08-05,60771,66879,70621,73288
1,1,1,2014-08-06,60767,66908,70648,73317
1,1,1,2014-08-07,60801,66942,70683,73344
1,1,1,2014-08-08,60848,66985,70711,73370
1,1,1,2014-08-09,60833,67006,70729,73385
1,1,1,2014-08-10,60836,67020,70739,73399
1,1,1,2014-08-11,60831,67044,70756,73415
1,1,1,2014-08-12,60839,67095,70800,73463
1,1,1,2014-08-13,60814,67116,70811,73478
1,1,1,2014-08-14,60822,67124,70826,73501
1,1,1,2014-08-15,60823,67149,70845,73513
1,1,1,2014-08-16,60832,67190,70860,73521
1,1,1,2014-08-17,60854,67211,70880,73554
1,1,1,2014-08-18,60844,67247,70913,73583
1,1,1,2014-08-19,60864,67249,70926,73604
1,1,1,2014-08-20,60866,67264,70956,73627
1,1,1,2014-08-21,60839,67280,70957,73644
1,1,1,2014-08-22,60849,67301,70978,73668
1,1,1,2014-08-23,60872,67340,71007,73705
1,1,1,2014-08-24,60843,67335,70996,73715
1,1,1,2014-08-25,60822,67340,71005,73722
1,1,1,2014-08-26,60834,67356,71014,73744
1,1,1,2014-08-27,60779,67366,71006,73758
1,1,1,2014-08-28,60770,67383,71025,73779
1,1,1,2014-08-29,60750,67424,71075,73829
1,1,1,2014-08-30,60720,67436,71084,73849
1,1,1,2014-08-31,60722,67455,71102,73859
1,1,1,2014-09-01,60710,67470,71124,73887
1,1,1,2014-09-02,60745,67490,71145,73920
1,1,1,2014-09-03,60755,67501,71161,73943
1,1,1,2014-09-04,60762,67524,71162,73959
1,1,1,2014-09-05,60776,67554,71179,73983
1,1,1,2014-09-06,60779,67575,71199,74001
1,1,1,2014-09-07,60773,67577,71210,73999
1,1,1,2014-09-08,60764,67596,71206,74006
1,1,1,2014-09-09,60750,67602,71210,74018
1,1,1,2014-09-10,60774,67611,71223,74037
1,1,1,2014-09-11,60785,67625,71237,74062
1,1,1,2014-09-12,60783,67638,71243,74076
1,1,1,2014-09-13,60782,67649,71264,74096
1,1,1,2014-09-14,60767,67661,71290,74117
1,1,1,2014-09-15,60751,67655,71276,74134
1,1,1,2014-09-16,60868,67704,71310,74171
1,1,1,2014-09-17,60857,67713,71330,74195
1,1,1,2014-09-18,60845,67726,71340,74205
1,1,1,2014-09-19,60863,67746,71366,74229
1,1,1,2014-09-20,60874,67766,71389,74248
1,1,1,2014-09-21,60864,67752,71389,74258
1,1,1,2014-09-22,60848,67744,71386,74262
1,1,1,2014-09-23,60861,67749,71391,74277
1,1,1,2014-09-24,60874,67791,71411,74303
1,1,1,2014-09-25,60909,67818,71434,74329
1,1,1,2014-09-26,60907,67829,71450,74357
1,1,1,2014-09-27,60901,67835,71427,74363
1,1,1,2014-09-28,60904,67854,71436,74378
1,1,1,2014-09-29,60940,67868,71452,74415
1,1,1,2014-09-30,60932,67873,71450,74433
1,1,1,2014-10-01,60923,67890,71458,74461
1,1,1,2014-10-02,60952,67909,71486,74494
1,1,1,2014-10-03,60956,67909,71491,74511
1,1,1,2014-10-04,60938,67917,71500,74526
1,1,1,2014-10-05,60939,67933,71513,74541
1,1,1,2014-10-06,60960,67946,71519,74565
1,1,1,2014-10-07,60955,67933,71521,74567
1,1,1,2014-10-08,60942,67941,71536,74586
1,1,1,2014-10-09,60924,67941,71533,74594
1,1,1,2014-10-10,60933,67954,71544,74608
1,1,1,2014-10-11,60923,67974,71563,74631
1,1,1,2014-10-12,60929,67972,71564,74642
1,1,1,2014-10-13,60938,67965,71569,74648
1,1,1,2014-10-14,60964,67966,71591,74680
1,1,1,2014-10-15,60986,67991,71611,74700
1,1,1,2014-10-16,60994,68014,71639,74724
1,1,1,2014-10-17,60977,68037,71658,74740
1,1,1,2014-10-18,60992,68048,71680,74772
1,1,1,2014-10-19,61018,68063,71685,74784
1,1,1,2014-10-20,61035,68069,71698,74806
1,1,1,2014-10-21,61046,68082,71718,74824
1,1,1,2014-10-22,61111,68117,71750,74852
1,1,1,2014-10-23,61128,68128,71779,74881
1,1,1,2014-10-24,61111,68162,71823,74914
1,1,1,2014-10-25,61117,68162,71851,74924
1,1,1,2014-10-26,61142,68159,71875,74935
1,1,1,2014-10-27,61130,68165,71903,74949
1,1,1,2014-10-28,61158,68185,71939,74966
1,1,1,2014-10-29,61159,68192,71978,74990
1,1,1,2014-10-30,61179,68183,71991,75000
1,1,1,2014-10-31,61206,68219,72030,75021
1,1,1,2014-11-01,61229,68225,72047,75033
1,1,1,2014-11-02,61214,68229,72067,75032
1,1,1,2014-11-03,61216,68222,72081,75033
1,1,1,2014-11-04,61243,68227,72102,75049
1,1,1,2014-11-05,61253,68254,72131,75083
1,1,1,2014-11-06,61251,68259,72154,75092
1,1,1,2014-11-07,61244,68249,72165,75095
1,1,1,2014-11-08,61264,68234,72168,75097
1,1,1,2014-11-09,61281,68231,72183,75105
1,1,1,2014-11-10,61293,68230,72196,75112
1,1,1,2014-11-11,61322,68244,72220,75133
1,1,1,2014-11-12,61336,68271,72233,75154
1,1,1,2014-11-13,61394,68305,72268,75187
1,1,1,2014-11-14,61431,68330,72303,75202
1,1,1,2014-11-15,61453,68355,72320,75210
1,1,1,2014-11-16,61498,68367,72349,75236
1,1,1,2014-11-17,61523,68391,72351,75247
1,1,1,2014-11-18,61538,68404,72358,75267
1,1,1,2014-11-19,61582,68423,72391,75288
1,1,1,2014-11-20,61663,68438,72409,75306
1,1,1,2014-11-21,61677,68468,72436,75323
1,1,1,2014-11-22,61698,68483,72461,75339
1,1,1,2014-11-23,61732,68503,72495,75370
1,1,1,2014-11-24,61731,68517,72514,75380
1,1,1,2014-11-25,61766,68513,72531,75387
1,1,1,2014-11-26,61768,68515,72548,75406
1,1,1,2014-11-27,61769,68541,72564,75427
1,1,1,2014-11-28,61785,68554,72579,75434
1,1,1,2014-11-29,61830,68565,72606,75458
1,1,1,2014-11-30,61832,68557,72603,75464
1,1,1,2014-12-01,61828,68567,72608,75468
1,1,1,2014-12-02,61823,68563,72605,75465
1,1,1,2014-12-03,61872,68600,72641,75489
1,1,1,2014-12-04,61885,68610,72652,75492
1,1,1,2014-12-05,61887,68612,72672,75504
1,1,1,2014-12-06,61927,68630,72672,75521
1,1,1,2014-12-07,61960,68652,72703,75542
1,1,1,2014-12-08,61978,68667,72721,75556
1,1,1,2014-12-09,62015,68666,72720,75564
1,1,1,2014-12-10,62042,68688,72732,75575
1,1,1,2014-12-11,62067,68693,72737,75579
1,1,1,2014-12-12,62091,68700,72758,75604
1,1,1,2014-12-13,62140,68710,72780,75633
1,1,1,2014-12-14,62170,68712,72791,75641
1,1,1,2014-12-15,62188,68728,72813,75662
1,1,1,2014-12-16,62174,68709,72818,75676
1,1,1,2014-12-17,62154,68691,72818,75677
1,1,1,2014-12-18,62185,68719,72850,75711
1,1,1,2014-12-19,62198,68728,72866,75730
1,1,1,2014-12-20,62247,68735,72864,75736
1,1,1,2014-12-21,62287,68746,72867,75744
1,1,1,2014-12-22,62341,68769,72889,75764
1,1,1,2014-12-23,62327,68764,72906,75763
1,1,1,2014-12-24,62332,68777,72936,75785
1,1,1,2014-12-25,62353,68793,72940,75788
1,1,1,2014-12-26,62361,68807,72960,75781
1,1,1,2014-12-27,62393,68843,72994,75803
1,1,1,2014-12-28,62350,68838,72999,75813
1,1,1,2014-12-29,62415,68860,73030,75826
1,1,1,2014-12-30,62445,68869,73051,75830
1,1,1,2014-12-31,62452,68872,73056,75839
1,1,1,2015-01-01,62448,68908,73072,75854
1,1,1,2015-01-02,62477,68909,73091,75868
1,1,1,2015-01-03,62505,68933,73127,75902
1,1,1,2015-01-04,62494,68944,73140,75915
1,1,1,2015-01-05,62506,68960,73141,75932
1,1,1,2015-01-06,62511,68962,73150,75942
1,1,1,2015-01-07,62537,68977,73181,75967
1,1,1,2015-01-08,62571,68996,73215,75987
1,1,1,2015-01-09,62625,69006,73230,75996
1,1,1,2015-01-10,62660,69036,73243,76011
1,1,1,2015-01-11,62665,69057,73250,76023
1,1,1,2015-01-12,62655,69077,73257,76048
1,1,1,2015-01-13,62662,69093,73268,76061
1,1,1,2015-01-14,62682,69111,73284,76082
1,1,1,2015-01-15,62696,69120,73316,76105
1,1,1,2015-01-16,62739,69140,73340,76128
1,1,1,2015-01-17,62752,69172,73362,76147
1,1,1,2015-01-18,62775,69198,73379,76165
1,1,1,2015-01-19,62775,69228,73413,76195
1,1,1,2015-01-20,62791,69257,73442,76220
1,1,1,2015-01-21,62795,69276,73451,76244
1,1,1,2015-01-22,62805,69279,73466,76274
1,1,1,2015-01-23,62835,69310,73501,76316
1,1,1,2015-01-24,62836,69328,73514,76354
1,1,1,2015-01-25,62841,69326,73519,76375
1,1,1,2015-01-26,62834,69337,73527,76403
1,1,1,2015-01-27,62842,69351,73526,76418
1,1,1,2015-01-28,62858,69367,73528,76440
1,1,1,2015-01-29,62859,69374,73544,76454
1,1,1,2015-01-30,62887,69385,73543,76470
1,1,1,2015-01-31,62910,69390,73553,76486
1,1,1,2015-02-01,62950,69419,73580,76527
1,1,1,2015-02-02,62966,69436,73606,76555
1,1,1,2015-02-03,62970,69436,73621,76576
1,1,1,2015-02-04,62984,69442,73642,76604
1,1,1,2015-02-05,62957,69439,73643,76618
1,1,1,2015-02-06,62975,69465,73655,76640
1,1,1,2015-02-07,63007,69489,73677,76671
1,1,1,2015-02-08,62988,69508,73698,76698
1,1,1,2015-02-09,63001,69517,73704,76707
1,1,1,2015-02-10,63006,69521,73721,76708
1,1,1,2015-02-11,63028,69538,73741,76733
1,1,1,2015-02-12,62986,69518,73734,76746
1,1,1,2015-02-13,62968,69514,73734,76747
1,1,1,2015-02-14,62960,69526,73733,76765
1,1,1,2015-02-15,62943,69528,73746,76758
1,1,1,2015-02-16,62895,69530,73751,76764
1,1,1,2015-02-17,62854,69503,73727,76756
1,1,1,2015-02-18,62766,69483,73710,76748
1,1,1,2015-02-19,62681,69462,73700,76740
1,1,1,2015-02-20,62586,69443,73675,76724
1,1,1,2015-02-21,62537,69436,73665,76732
1,1,1,2015-02-22,62478,69407,73647,76730
1,1,1,2015-02-23,62449,69401,73631,76724
1,1,1,2015-02-24,62411,69383,73610,76726
1,1,1,2015-02-25,62384,69374,73612,76727
1,1,1,2015-02-26,62373,69378,73618,76731
1,1,1,2015-02-27,62326,69378,73596,76733
1,1,1,2015-02-28,62283,69369,73586,76732
1,1,1,2015-03-01,62241,69350,73585,76734
1,1,1,2015-03-02,62251,69367,73606,76754
1,1,1,2015-03-03,62208,69367,73614,76770
1,1,1,2015-03-04,62210,69386,73622,76780
1,1,1,2015-03-05,62205,69385,73629,76800
1,1,1,2015-03-06,62197,69424,73658,76813
1,1,1,2015-03-07,62182,69437,73654,76828
1,1,1,2015-03-08,62158,69445,73665,76836
1,1,1,2015-03-09,62141,69460,73667,76844
1,1,1,2015-03-10,62150,69492,73686,76853
1,1,1,2015-03-11,62126,69498,73696,76861
1,1,1,2015-03-12,62143,69526,73711,76880
1,1,1,2015-03-13,62167,69593,73742,76924
1,1,1,2015-03-14,62191,69615,73759,76950
1,1,1,2015-03-15,62151,69620,73757,76959
1,1,1,2015-03-16,62179,69636,73749,76975
1,1,1,2015-03-17,62166,69655,73759,76996
1,1,1,2015-03-18,62170,69689,73763,77017
1,1,1,2015-03-19,62202,69717,73785,77048
1,1,1,2015-03-20,62253,69773,73805,77070
1,1,1,2015-03-21,62275,69820,73836,77096
1,1,1,2015-03-22,62279,69850,73852,77110
1,1,1,2015-03-23,62307,69864,73861,77140
1,1,1,2015-03-24,62309,69878,73870,77156
1,1,1,2015-03-25,62310,69913,73896,77179
1,1,1,2015-03-26,62306,69924,73906,77193
1,1,1,2015-03-27,62339,69958,73936,77229
1,1,1,2015-03-28,62353,69962,73951,77242
1,1,1,2015-03-29,62353,69992,73963,77279
1,1,1,2015-03-30,62335,70021,73974,77304
1,1,1,2015-03-31,62334,70050,74005,77321
1,1,1,2015-04-01,62353,70067,74042,77334
1,1,1,2015-04-02,62345,70093,74035,77345
1,1,1,2015-04-03,62364,70130,74066,77375
1,1,1,2015-04-04,62385,70154,74091,77406
1,1,1,2015-04-05,62391,70160,74108,77410
1,1,1,2015-04-06,62399,70176,74110,77419
1,1,1,2015-04-07,62380,70189,74118,77432
1,1,1,2015-04-08,62374,70210,74137,77459
1,1,1,2015-04-09,62377,70246,74164,77491
1,1,1,2015-04-10,62378,70285,74208,77514
1,1,1,2015-04-11,62400,70300,74225,77522
1,1,1,2015-04-12,62426,70311,74253,77539
1,1,1,2015-04-13,62419,70328,74267,77552
1,1,1,2015-04-14,62433,70350,74294,77575
1,1,1,2015-04-15,62452,70372,74302,77603
1,1,1,2015-04-16,62446,70395,74313,77618
1,1,1,2015-04-17,62482,70408,74334,77631
1,1,1,2015-04-18,62521,70448,74358,77654
1,1,1,2015-04-19,62521,70456,74373,77672
1,1,1,2015-04-20,62499,70471,74388,77696
1,1,1,2015-04-21,62507,70493,74417,77718
1,1,1,2015-04-22,62497,70507,74432,77733
1,1,1,2015-04-23,62510,70549,74480,77767
1,1,1,2015-04-24,62522,70576,74512,77796
1,1,1,2015-04-25,62525,70611,74540,77828
1,1,1,2015-04-26,62501,70606,74561,77839
1,1,1,2015-04-27,62515,70637,74602,77868
1,1,1,2015-04-28,62538,70671,74632,77888
1,1,1,2015-04-29,62568,70711,74652,77920
1,1,1,2015-04-30,62585,70745,74673,77938
1,1,1,2015-05-01,62560,70776,74690,77963
1,1,1,2015-05-02,62565,70820,74713,77986
1,1,1,2015-05-03,62542,70823,74726,78004
1,1,1,2015-05-04,62547,70846,74746,78030
1,1,1,2015-05-05,62519,70872,74753,78053
1,1,1,2015-05-06,62501,70873,74774,78066
1,1,1,2015-05-07,62529,70910,74818,78094
1,1,1,2015-05-08,62543,70948,74838,78116
1,1,1,2015-05-09,62585,70963,74868,78141
1,1,1,2015-05-10,62647,70993,74888,78159
1,1,1,2015-05-11,62639,70977,74890,78166
1,1,1,2015-05-12,62666,71002,74916,78195
1,1,1,2015-05-13,62701,71013,74930,78207
1,1,1,2015-05-14,62758,71033,74959,78233
1,1,1,2015-05-15,62816,71069,75001,78255
1,1,1,2015-05-16,62897,71080,75031,78283
1,1,1,2015-05-17,62966,71095,75058,78303
1,1,1,2015-05-18,63030,71117,75089,78323
1,1,1,2015-05-19,63134,71144,75115,78346
1,1,1,2015-05-20,63222,71163,75152,78380
1,1,1,2015-05-21,63301,71167,75186,78406
1,1,1,2015-05-22,63384,71193,75214,78420
1,1,1,2015-05-23,63453,71211,75243,78437
1,1,1,2015-05-24,63497,71230,75276,78448
1,1,1,2015-05-25,63527,71229,75281,78436
1,1,1,2015-05-26,63558,71248,75292,78450
1,1,1,2015-05-27,63603,71267,75310,78470
1,1,1,2015-05-28,63701,71296,75362,78491
1,1,1,2015-05-29,63768,71318,75391,78511
1,1,1,2015-05-30,63802,71338,75406,78531
1,1,1,2015-05-31,63855,71358,75426,78549
1,1,1,2015-06-01,63897,71358,75445,78559
1,1,1,2015-06-02,63877,71365,75466,78566
1,1,1,2015-06-03,63905,71383,75480,78577
1,1,1,2015-06-04,63926,71383,75503,78592
1,1,1,2015-06-05,63934,71384,75530,78605
1,1,1,2015-06-06,63948,71400,75559,78630
1,1,1,2015-06-07,63980,71401,75587,78642
1,1,1,2015-06-08,64000,71395,75605,78644
1,1,1,2015-06-09,63993,71375,75607,78649
1,1,1,2015-06-10,64026,71396,75637,78671
1,1,1,2015-06-11,64037,71425,75684,78690
1,1,1,2015-06-12,64062,71456,75709,78705
1,1,1,2015-06-13,64091,71462,75729,78724
1,1,1,2015-06-14,64093,71485,75749,78725
1,1,1,2015-06-15,64125,71512,75773,78741
1,1,1,2015-06-16,64131,71524,75808,78755
1,1,1,2015-06-17,64114,71532,75814,78758
1,1,1,2015-06-18,64095,71543,75848,78773
1,1,1,2015-06-19,64104,71545,75884,78786
1,1,1,2015-06-20,64091,71530,75905,78800
1,1,1,2015-06-21,64085,71540,75908,78789
1,1,1,2015-06-22,64096,71551,75923,78813
1,1,1,2015-06-23,64097,71540,75931,78823
1,1,1,2015-06-24,64102,71547,75949,78841
1,1,1,2015-06-25,64121,71555,75982,78874
1,1,1,2015-06-26,64132,71559,75984,78893
1,1,1,2015-06-27,64129,71554,76002,78908
1,1,1,2015-06-28,64110,71511,76018,78907
1,1,1,2015-06-29,64127,71489,76037,78933
1,1,1,2015-06-30,64165,71523,76066,78979
1,1,1,2015-07-01,64197,71531,76096,78994
1,1,1,2015-07-02,64190,71534,76113,79010
1,1,1,2015-07-03,64210,71548,76129,79026
1,1,1,2015-07-04,64258,71579,76164,79064
1,1,1,2015-07-05,64305,71604,76201,79095
1,1,1,2015-07-06,64311,71593,76201,79095
1,1,1,2015-07-07,64328,71593,76224,79114
1,1,1,2015-07-08,64338,71602,76245,79136
1,1,1,2015-07-09,64362,71601,76279,79168
1,1,1,2015-07-10,64336,71604,76286,79177
1,1,1,2015-07-11,64318,71592,76279,79185
1,1,1,2015-07-12,64314,71557,76287,79184
1,1,1,2015-07-13,64330,71568,76301,79207
1,1,1,2015-07-14,64347,71601,76339,79220
1,1,1,2015-07-15,64385,71599,76362,79240
1,1,1,2015-07-16,64380,71616,76384,79271
1,1,1,2015-07-17,64357,71625,76392,79277
1,1,1,2015-07-18,64399,71640,76411,79300
1,1,1,2015-07-19,64451,71658,76424,79318
1,1,1,2015-07-20,64460,71667,76446,79342
1,1,1,2015-07-21,64453,71665,76463,79354
1,1,1,2015-07-22,64449,71674,76482,79376
1,1,1,2015-07-23,64434,71692,76513,79408
1,1,1,2015-07-24,64440,71677,76524,79415
1,1,1,2015-07-25,64438,71685,76528,79445
1,1,1,2015-07-26,64417,71701,76556,79476
1,1,1,2015-07-27,64395,71701,76575,79499
1,1,1,2015-07-28,64412,71737,76618,79540
1,1,1,2015-07-29,64370,71733,76638,79552
1,1,1,2015-07-30,64404,71751,76681,79583
1,1,1,2015-07-31,64409,71766,76720,79612
1,1,1,2015-08-01,64470,71789,76752,79641
1,1,1,2015-08-02,64492,71806,76786,79666
1,1,1,2015-08-03,64491,71804,76817,79690
1,1,1,2015-08-04,64492,71804,76828,79705
1,1,1,2015-08-05,64467,71816,76852,79732
1,1,1,2015-08-06,64461,71820,76881,79767
1,1,1,2015-08-07,64489,71852,76903,79806
1,1,1,2015-08-08,64506,71879,76929,79827
1,1,1,2015-08-09,64488,71868,76918,79829
1,1,1,2015-08-10,64481,71875,76920,79836
1,1,1,2015-08-11,64462,71893,76933,79857
1,1,1,2015-08-12,64454,71935,76960,79881
1,1,1,2015-08-13,64432,71959,76980,79901
1,1,1,2015-08-14,64450,72003,76989,79925
1,1,1,2015-08-15,64502,72075,77028,79971
1,1,1,2015-08-16,64519,72105,77049,80002
1,1,1,2015-08-17,64497,72152,77062,80013
1,1,1,2015-08-18,64488,72199,77070,80044
1,1,1,2015-08-19,64482,72232,77060,80062
1,1,1,2015-08-20,64491,72273,77092,80087
1,1,1,2015-08-21,64472,72297,77104,80107
1,1,1,2015-08-22,64499,72339,77131,80140
1,1,1,2015-08-23,64529,72378,77153,80159
1,1,1,2015-08-24,64547,72408,77167,80171
1,1,1,2015-08-25,64521,72424,77182,80194
1,1,1,2015-08-26,64499,72447,77185,80217
1,1,1,2015-08-27,64485,72476,77204,80228
1,1,1,2015-08-28,64469,72506,77233,80252
1,1,1,2015-08-29,64417,72526,77247,80270
1,1,1,2015-08-30,64395,72548,77237,80281
1,1,1,2015-08-31,64469,72565,77276,80326
1,1,1,2015-09-01,64528,72610,77309,80359
1,1,1,2015-09-02,64556,72636,77335,80391
1,1,1,2015-09-03,64585,72652,77347,80424
1,1,1,2015-09-04,64613,72676,77369,80452
1,1,1,2015-09-05,64632,72691,77371,80474
1,1,1,2015-09-06,64680,72739,77415,80530
1,1,1,2015-09-07,64705,72739,77414,80551
1,1,1,2015-09-08,64733,72760,77429,80572
1,1,1,2015-09-09,64768,72755,77441,80597
1,1,1,2015-09-10,64810,72783,77469,80621
1,1,1,2015-09-11,64837,72797,77482,80641
1,1,1,2015-09-12,64826,72809,77499,80661
1,1,1,2015-09-13,64841,72820,77518,80683
1,1,1,2015-09-14,64876,72814,77516,80704
1,1,1,2015-09-15,64907,72810,77536,80720
1,1,1,2015-09-16,65076,72836,77574,80775
1,1,1,2015-09-17,65083,72841,77573,80803
1,1,1,2015-09-18,65097,72830,77559,80809
1,1,1,2015-09-19,65102,72827,77572,80822
1,1,1,2015-09-20,65089,72819,77569,80817
1,1,1,2015-09-21,65097,72811,77556,80829
1,1,1,2015-09-22,65083,72800,77557,80838
1,1,1,2015-09-23,65088,72812,77562,80859
1,1,1,2015-09-24,65164,72839,77566,80861
1,1,1,2015-09-25,65134,72809,77534,80856
1,1,1,2015-09-26,65129,72818,77501,80871
1,1,1,2015-09-27,65113,72825,77474,80884
1,1,1,2015-09-28,65075,72808,77463,80877
1,1,1,2015-09-29,65046,72785,77450,80893
1,1,1,2015-09-30,65031,72765,77423,80896
1,1,1,2015-10-01,64898,72712,77381,80873
1,1,1,2015-10-02,64903,72736,77401,80902
1,1,1,2015-10-03,64888,72743,77386,80913
1,1,1,2015-10-04,64877,72747,77369,80909
1,1,1,2015-10-05,64847,72741,77356,80920
1,1,1,2015-10-06,64717,72733,77343,80919
1,1,1,2015-10-07,64469,72716,77319,80926
1,1,1,2015-10-08,64438,72697,77317,80919
1,1,1,2015-10-09,64473,72703,77309,80917
1,1,1,2015-10-10,64490,72710,77290,80932
1,1,1,2015-10-11,64438,72701,77272,80928
1,1,1,2015-10-12,64384,72685,77268,80938
1,1,1,2015-10-13,64303,72665,77239,80939
1,1,1,2015-10-14,64240,72631,77232,80940
1,1,1,2015-10-15,64221,72632,77238,80951
1,1,1,2015-10-16,64190,72634,77238,80964
1,1,1,2015-10-17,64163,72622,77218,80949
1,1,1,2015-10-18,64095,72597,77197,80942
1,1,1,2015-10-19,64030,72563,77164,80933
1,1,1,2015-10-20,63977,72539,77152,80941
1,1,1,2015-10-21,63920,72530,77145,80953
1,1,1,2015-10-22,63851,72522,77117,80950
1,1,1,2015-10-23,63841,72517,77105,80935
1,1,1,2015-10-24,63832,72490,77092,80942
1,1,1,2015-10-25,63807,72462,77085,80945
1,1,1,2015-10-26,63743,72434,77072,80937
1,1,1,2015-10-27,63702,72412,77061,80941
1,1,1,2015-10-28,63638,72387,77042,80946
1,1,1,2015-10-29,63566,72362,77019,80953
1,1,1,2015-10-30,63503,72356,77006,80964
1,1,1,2015-10-31,63481,72352,77017,80981
1,1,1,2015-11-01,63452,72345,77006,80995
1,1,1,2015-11-02,63408,72338,76988,80988
1,1,1,2015-11-03,63414,72331,76996,81003
1,1,1,2015-11-04,63395,72323,76978,81009
1,1,1,2015-11-05,63402,72340,77004,81027
1,1,1,2015-11-06,63429,72361,77013,81032
1,1,1,2015-11-07,63459,72373,77040,81054
1,1,1,2015-11-08,63477,72365,77041,81061
1,1,1,2015-11-09,63489,72364,77049,81064
1,1,1,2015-11-10,63481,72378,77079,81084
1,1,1,2015-11-11,63481,72369,77087,81099
1,1,1,2015-11-12,63461,72370,77120,81107
1,1,1,2015-11-13,63454,72381,77147,81132
1,1,1,2015-11-14,63429,72368,77158,81135
1,1,1,2015-11-15,63425,72351,77185,81142
1,1,1,2015-11-16,63397,72329,77209,81142
1,1,1,2015-11-17,63363,72341,77251,81148
1,1,1,2015-11-18,63289,72342,77280,81173
1,1,1,2015-11-19,63289,72330,77305,81188
1,1,1,2015-11-20,63285,72322,77318,81195
1,1,1,2015-11-21,63258,72329,77323,81197
1,1,1,2015-11-22,63237,72333,77336,81204
1,1,1,2015-11-23,63171,72314,77340,81210
1,1,1,2015-11-24,63085,72293,77346,81207
1,1,1,2015-11-25,63004,72266,77350,81209
1,1,1,2015-11-26,62932,72262,77356,81219
1,1,1,2015-11-27,62902,72265,77375,81238
1,1,1,2015-11-28,62880,72285,77406,81246
1,1,1,2015-11-29,62852,72294,77394,81257
1,1,1,2015-11-30,62810,72297,77400,81265
1,1,1,2015-12-01,62757,72301,77406,81270
1,1,1,2015-12-02,62702,72285,77393,81254
1,1,1,2015-12-03,62641,72282,77389,81257
1,1,1,2015-12-04,62594,72297,77405,81264
1,1,1,2015-12-05,62523,72301,77410,81266
1,1,1,2015-12-06,62478,72309,77410,81264
1,1,1,2015-12-07,62440,72306,77417,81277
1,1,1,2015-12-08,62375,72332,77425,81301
1,1,1,2015-12-09,62241,72330,77433,81309
1,1,1,2015-12-10,62125,72354,77455,81325
1,1,1,2015-12-11,62033,72338,77457,81330
1,1,1,2015-12-12,61903,72337,77458,81340
1,1,1,2015-12-13,61810,72366,77461,81347
1,1,1,2015-12-14,61644,72378,77455,81361
1,1,1,2015-12-15,61441,72392,77451,81367
1,1,1,2015-12-16,61366,72386,77451,81352
1,1,1,2015-12-17,61331,72397,77452,81347
1,1,1,2015-12-18,61343,72405,77446,81352
1,1,1,2015-12-19,61361,72412,77466,81380
1,1,1,2015-12-20,61375,72427,77479,81373
1,1,1,2015-12-21,61363,72419,77473,81370
1,1,1,2015-12-22,61332,72419,77473,81360
1,1,1,2015-12-23,61175,72410,77480,81347
1,1,1,2015-12-24,61175,72417,77481,81336
1,1,1,2015-12-25,61162,72416,77480,81299
1,1,1,2015-12-26,61165,72420,77473,81267
1,1,1,2015-12-27,61142,72414,77468,81264
1,1,1,2015-12-28,61162,72414,77477,81263
1,1,1,2015-12-29,61090,72381,77465,81245
1,1,1,2015-12-30,61229,72376,77469,81245
1,1,1,2015-12-31,61239,72358,77485,81251
1,1,1,2016-01-01,61225,72352,77491,81250
1,1,1,2016-01-02,61244,72354,77504,81243
1,1,1,2016-01-03,61291,72370,77524,81255
1,1,1,2016-01-04,61337,72329,77530,81264
1,1,1,2016-01-05,61327,72217,77528,81247
1,1,1,2016-01-06,61336,72224,77541,81266
1,1,1,2016-01-07,61353,72264,77563,81272
1,1,1,2016-01-08,61315,72270,77564,81259
1,1,1,2016-01-09,61310,72268,77580,81257
1,1,1,2016-01-10,61246,72242,77567,81249
1,1,1,2016-01-11,61265,72229,77581,81243
1,1,1,2016-01-12,61274,72212,77567,81248
1,1,1,2016-01-13,61274,72210,77573,81254
1,1,1,2016-01-14,61328,72225,77593,81276
1,1,1,2016-01-15,61343,72232,77609,81283
1,1,1,2016-01-16,61371,72225,77622,81284
1,1,1,2016-01-17,61333,72184,77596,81253
1,1,1,2016-01-18,61359,72177,77600,81260
1,1,1,2016-01-19,61338,72140,77596,81251
1,1,1,2016-01-20,61328,72113,77603,81242
1,1,1,2016-01-21,61495,72171,77636,81268
1,1,1,2016-01-22,61809,72237,77667,81288
1,1,1,2016-01-23,62013,72292,77693,81316
1,1,1,2016-01-24,62144,72323,77724,81346
1,1,1,2016-01-25,62368,72409,77765,81382
1,1,1,2016-01-26,62532,72437,77793,81402
1,1,1,2016-01-27,62726,72477,77829,81424
1,1,1,2016-01-28,62890,72493,77860,81439
1,1,1,2016-01-29,63013,72535,77897,81477
1,1,1,2016-01-30,63118,72573,77934,81498
1,1,1,2016-01-31,63188,72573,77956,81517
1,1,1,2016-02-01,63238,72580,77948,81522
1,1,1,2016-02-02,63306,72576,77969,81532
1,1,1,2016-02-03,63351,72579,77987,81551
1,1,1,2016-02-04,63366,72589,78019,81575
1,1,1,2016-02-05,63338,72586,78015,81587
1,1,1,2016-02-06,63323,72586,78007,81588
1,1,1,2016-02-07,63242,72570,77991,81581
1,1,1,2016-02-08,63166,72538,77979,81592
1,1,1,2016-02-09,63091,72534,77958,81584
1,1,1,2016-02-10,63061,72518,77954,81610
1,1,1,2016-02-11,63042,72510,77956,81620
1,1,1,2016-02-12,63009,72494,77950,81624
1,1,1,2016-02-13,62999,72484,77942,81653
1,1,1,2016-02-14,62986,72470,77928,81679
1,1,1,2016-02-15,63040,72467,77928,81706
1,1,1,2016-02-16,63093,72459,77939,81735
1,1,1,2016-02-17,63168,72481,77940,81752
1,1,1,2016-02-18,63217,72489,77944,81771
1,1,1,2016-02-19,63332,72520,77989,81816
1,1,1,2016-02-20,63418,72536,78028,81851
1,1,1,2016-02-21,63497,72521,78024,81858
1,1,1,2016-02-22,63550,72494,78016,81866
1,1,1,2016-02-23,63684,72529,78041,81907
1,1,1,2016-02-24,63829,72572,78091,81959
1,1,1,2016-02-25,63965,72629,78144,82017
1,1,1,2016-02-26,64107,72693,78208,82071
1,1,1,2016-02-27,64294,72765,78266,82097
1,1,1,2016-02-28,64412,72799,78317,82143
1,1,1,2016-02-29,64513,72833,78350,82175
1,1,1,2016-03-01,64680,72898,78405,82231
1,1,1,2016-03-02,64822,72960,78458,82263
1,1,1,2016-03-03,65006,73057,78539,82342
1,1,1,2016-03-04,65179,73133,78609,82401
1,1,1,2016-03-05,65344,73197,78658,82427
1,1,1,2016-03-06,65507,73269,78714,82487
1,1,1,2016-03-07,65670,73310,78771,82522
1,1,1,2016-03-08,65777,73327,78812,82567
1,1,1,2016-03-09,65873,73333,78851,82592
1,1,1,2016-03-10,66029,73418,78929,82657
1,1,1,2016-03-11,66185,73490,78999,82727
1,1,1,2016-03-12,66316,73540,79058,82750
1,1,1,2016-03-13,66419,73558,79100,82790
1,1,1,2016-03-14,66523,73584,79162,82837
1,1,1,2016-03-15,66667,73658,79215,82890
1,1,1,2016-03-16,66786,73733,79279,82947
1,1,1,2016-03-17,66930,73836,79361,82996
1,1,1,2016-03-18,67055,73918,79416,83049
1,1,1,2016-03-19,67168,74001,79481,83105
1,1,1,2016-03-20,67324,74113,79562,83171
1,1,1,2016-03-21,67413,74169,79616,83211
1,1,1,2016-03-22,67553,74258,79685,83275
1,1,1,2016-03-23,67633,74320,79729,83320
1,1,1,2016-03-24,67719,74400,79794,83372
1,1,1,2016-03-25,67799,74475,79838,83419
1,1,1,2016-03-26,67928,74558,79891,83471
1,1,1,2016-03-27,67991,74644,79938,83516
1,1,1,2016-03-28,68078,74702,79967,83552
1,1,1,2016-03-29,68188,74846,80034,83609
1,1,1,2016-03-30,68285,74926,80078,83666
1,1,1,2016-03-31,68416,75017,80140,83723
1,1,1,2016-04-01,68556,75120,80194,83788
1,1,1,2016-04-02,68662,75199,80230,83835
1,1,1,2016-04-03,68752,75279,80252,83869
1,1,1,2016-04-04,68823,75345,80220,83901
1,1,1,2016-04-05,68921,75428,80268,83945
1,1,1,2016-04-06,69003,75497,80329,83992
1,1,1,2016-04-07,69113,75561,80381,84037
1,1,1,2016-04-08,69217,75649,80429,84084
1,1,1,2016-04-09,69335,75705,80473,84125
1,1,1,2016-04-10,69429,75792,80525,84173
1,1,1,2016-04-11,69531,75876,80560,84205
1,1,1,2016-04-12,69633,75936,80604,84253
1,1,1,2016-04-13,69677,76008,80634,84279
1,1,1,2016-04-14,69780,76085,80690,84331
1,1,1,2016-04-15,69837,76130,80706,84361
1,1,1,2016-04-16,69907,76183,80743,84402
1,1,1,2016-04-17,69980,76249,80773,84432
1,1,1,2016-04-18,70057,76297,80794,84470
1,1,1,2016-04-19,70139,76364,80832,84520
1,1,1,2016-04-20,70209,76442,80891,84574
1,1,1,2016-04-21,70310,76522,80951,84617
1,1,1,2016-04-22,70375,76596,81002,84644
1,1,1,2016-04-23,70458,76653,81055,84697
1,1,1,2016-04-24,70477,76711,81097,84723
1,1,1,2016-04-25,70518,76763,81156,84788
1,1,1,2016-04-26,70581,76837,81188,84819
1,1,1,2016-04-27,70644,76904,81229,84867
1,1,1,2016-04-28,70706,76983,81300,84927
1,1,1,2016-04-29,70752,77034,81345,84957
1,1,1,2016-04-30,70811,77085,81372,84986
1,1,1,2016-05-01,70841,77134,81404,85004
1,1,1,2016-05-02,70873,77173,81405,85031
1,1,1,2016-05-03,70917,77210,81411,85053
1,1,1,2016-05-04,70984,77260,81441,85096
1,1,1,2016-05-05,71072,77316,81489,85136
1,1,1,2016-05-06,71173,77380,81545,85182
1,1,1,2016-05-07,71277,77426,81586,85222
1,1,1,2016-05-08,71376,77461,81617,85253
1,1,1,2016-05-09,71457,77508,81659,85289
1,1,1,2016-05-10,71523,77538,81681,85318
1,1,1,2016-05-11,71585,77587,81713,85349
1,1,1,2016-05-12,71642,77609,81720,85359
1,1,1,2016-05-13,71712,77644,81757,85386
1,1,1,2016-05-14,71796,77703,81796,85411
1,1,1,2016-05-15,71822,77731,81813,85425
1,1,1,2016-05-16,71861,77771,81844,85469
1,1,1,2016-05-17,71956,77837,81912,85515
1,1,1,2016-05-18,72011,77871,81929,85544
1,1,1,2016-05-19,72071,77935,81973,85592
1,1,1,2016-05-20,72096,77975,81996,85630
1,1,1,2016-05-21,72117,78012,82022,85655
1,1,1,2016-05-22,72151,78052,82041,85680
1,1,1,2016-05-23,72187,78100,82081,85713
1,1,1,2016-05-24,72226,78147,82112,85747
1,1,1,2016-05-25,72299,78219,82171,85805
1,1,1,2016-05-26,72340,78265,82196,85843
1,1,1,2016-05-27,72388,78325,82232,85883
1,1,1,2016-05-28,72418,78364,82260,85922
1,1,1,2016-05-29,72443,78392,82277,85942
1,1,1,2016-05-30,72481,78426,82304,85953
1,1,1,2016-05-31,72495,78465,82318,85979
1,1,1,2016-06-01,72498,78480,82332,85993
1,1,1,2016-06-02,72532,78529,82360,86018
1,1,1,2016-06-03,72549,78578,82394,86049
1,1,1,2016-06-04,72608,78627,82442,86086
1,1,1,2016-06-05,72645,78679,82476,86137
1,1,1,2016-06-06,72662,78721,82502,86160
1,1,1,2016-06-07,72676,78743,82502,86177
1,1,1,2016-06-08,72705,78773,82531,86199
1,1,1,2016-06-09,72718,78812,82554,86219
1,1,1,2016-06-10,72685,78840,82558,86236
1,1,1,2016-06-11,72706,78870,82560,86248
1,1,1,2016-06-12,72715,78887,82566,86275
1,1,1,2016-06-13,72715,78920,82588,86301
1,1,1,2016-06-14,72721,78952,82615,86332
1,1,1,2016-06-15,72716,78972,82649,86359
1,1,1,2016-06-16,72732,79024,82695,86391
1,1,1,2016-06-17,72744,79043,82730,86416
1,1,1,2016-06-18,72738,79062,82756,86426
1,1,1,2016-06-19,72750,79108,82782,86454
1,1,1,2016-06-20,72751,79128,82800,86461
1,1,1,2016-06-21,72782,79201,82872,86529
1,1,1,2016-06-22,72811,79231,82905,86556
1,1,1,2016-06-23,72833,79281,82966,86606
1,1,1,2016-06-24,72838,79327,83007,86635
1,1,1,2016-06-25,72858,79344,83039,86650
1,1,1,2016-06-26,72853,79352,83045,86651
1,1,1,2016-06-27,72844,79387,83115,86687
1,1,1,2016-06-28,72862,79417,83156,86715
1,1,1,2016-06-29,72881,79454,83180,86737
1,1,1,2016-06-30,72867,79481,83219,86758
1,1,1,2016-07-01,72904,79529,83263,86782
1,1,1,2016-07-02,72917,79561,83304,86791
1,1,1,2016-07-03,72902,79588,83321,86749
1,1,1,2016-07-04,72886,79626,83346,86751
1,1,1,2016-07-05,72862,79635,83357,86768
1,1,1,2016-07-06,72835,79659,83372,86785
1,1,1,2016-07-07,72818,79673,83398,86792
1,1,1,2016-07-08,72798,79695,83405,86798
1,1,1,2016-07-09,72762,79712,83443,86812
1,1,1,2016-07-10,72733,79726,83469,86827
1,1,1,2016-07-11,72728,79746,83489,86841
1,1,1,2016-07-12,72770,79783,83543,86873
1,1,1,2016-07-13,72795,79829,83584,86897
1,1,1,2016-07-14,72790,79858,83616,86911
1,1,1,2016-07-15,72792,79893,83649,86924
1,1,1,2016-07-16,72810,79936,83703,86953
1,1,1,2016-07-17,72821,79977,83734,86965
1,1,1,2016-07-18,72841,80014,83774,87000
1,1,1,2016-07-19,72847,80033,83807,87031
1,1,1,2016-07-20,72851,80070,83863,87083
1,1,1,2016-07-21,72884,80115,83927,87134
1,1,1,2016-07-22,72894,80157,83957,87154
1,1,1,2016-07-23,72929,80192,84015,87206
1,1,1,2016-07-24,72915,80192,84032,87226
1,1,1,2016-07-25,72908,80197,84053,87226
1,1,1,2016-07-26,72910,80194,84074,87233
1,1,1,2016-07-27,72877,80196,84095,87251
1,1,1,2016-07-28,72872,80212,84116,87271
1,1,1,2016-07-29,72871,80240,84142,87293
1,1,1,2016-07-30,72846,80260,84174,87312
1,1,1,2016-07-31,72889,80289,84210,87317
1,1,1,2016-08-01,72921,80308,84253,87336
1,1,1,2016-08-02,72895,80321,84275,87350
1,1,1,2016-08-03,72910,80346,84296,87378
1,1,1,2016-08-04,72935,80383,84323,87406
1,1,1,2016-08-05,72942,80423,84335,87424
1,1,1,2016-08-06,72967,80478,84361,87443
1,1,1,2016-08-07,72987,80514,84386,87474
1,1,1,2016-08-08,72978,80554,84421,87499
1,1,1,2016-08-09,72993,80589,84452,87526
1,1,1,2016-08-10,73011,80626,84476,87547
1,1,1,2016-08-11,73038,80657,84495,87574
1,1,1,2016-08-12,73037,80709,84550,87611
1,1,1,2016-08-13,73044,80739,84571,87634
1,1,1,2016-08-14,73027,80746,84584,87643
1,1,1,2016-08-15,73044,80771,84607,87681
1,1,1,2016-08-16,73047,80787,84624,87699
1,1,1,2016-08-17,73067,80814,84665,87731
1,1,1,2016-08-18,73071,80834,84694,87748
1,1,1,2016-08-19,73090,80855,84723,87768
1,1,1,2016-08-20,73118,80879,84753,87784
1,1,1,2016-08-21,73118,80888,84777,87799
1,1,1,2016-08-22,73135,80889,84793,87813
1,1,1,2016-08-23,73154,80908,84822,87837
1,1,1,2016-08-24,73172,80919,84842,87842
1,1,1,2016-08-25,73191,80944,84882,87870
1,1,1,2016-08-26,73203,80951,84898,87884
1,1,1,2016-08-27,73202,80981,84930,87907
1,1,1,2016-08-28,73147,80986,84939,87909
1,1,1,2016-08-29,73088,80994,84961,87922
1,1,1,2016-08-30,73132,81007,84986,87955
1,1,1,2016-08-31,73125,81015,85007,87977
1,1,1,2016-09-01,73123,81017,85034,87998
1,1,1,2016-09-02,73160,81043,85053,88032
1,1,1,2016-09-03,73186,81052,85086,88055
1,1,1,2016-09-04,73172,81055,85109,88065
1,1,1,2016-09-05,73174,81075,85138,88081
1,1,1,2016-09-06,73225,81094,85164,88104
1,1,1,2016-09-07,73263,81119,85206,88136
1,1,1,2016-09-08,73320,81119,85244,88172
1,1,1,2016-09-09,73348,81130,85270,88183
1,1,1,2016-09-10,73378,81156,85288,88198
1,1,1,2016-09-11,73409,81157,85294,88202
1,1,1,2016-09-12,73453,81164,85320,88221
1,1,1,2016-09-13,73468,81144,85335,88237
1,1,1,2016-09-14,73472,81156,85369,88266
1,1,1,2016-09-15,73484,81163,85379,88287
1,1,1,2016-09-16,73526,81184,85409,88318
1,1,1,2016-09-17,73507,81189,85438,88333
1,1,1,2016-09-18,73538,81189,85452,88342
1,1,1,2016-09-19,73669,81209,85479,88369
1,1,1,2016-09-20,73733,81252,85519,88413
1,1,1,2016-09-21,73769,81282,85554,88458
1,1,1,2016-09-22,73779,81289,85580,88489
1,1,1,2016-09-23,73837,81338,85599,88528
1,1,1,2016-09-24,73888,81377,85636,88558
1,1,1,2016-09-25,73891,81377,85656,88608
1,1,1,2016-09-26,73957,81409,85683,88638
1,1,1,2016-09-27,74007,81414,85708,88660
1,1,1,2016-09-28,74030,81401,85725,88687
1,1,1,2016-09-29,74038,81400,85746,88707
1,1,1,2016-09-30,74106,81445,85793,88758
1,1,1,2016-10-01,74151,81467,85834,88792
1,1,1,2016-10-02,74166,81459,85862,88814
1,1,1,2016-10-03,74199,81456,85862,88834
1,1,1,2016-10-04,74225,81466,85904,88859
1,1,1,2016-10-05,74274,81474,85926,88894
1,1,1,2016-10-06,74307,81483,85959,88917
1,1,1,2016-10-07,74363,81481,85970,88944
1,1,1,2016-10-08,74417,81487,85998,88983
1,1,1,2016-10-09,74445,81500,86019,89002
1,1,1,2016-10-10,74470,81493,86024,89026
1,1,1,2016-10-11,74495,81508,86051,89048
1,1,1,2016-10-12,74531,81507,86071,89075
1,1,1,2016-10-13,74567,81520,86098,89108
1,1,1,2016-10-14,74571,81511,86100,89121
1,1,1,2016-10-15,74547,81500,86110,89124
1,1,1,2016-10-16,74545,81495,86118,89134
1,1,1,2016-10-17,74564,81501,86134,89157
1,1,1,2016-10-18,74601,81507,86147,89185
1,1,1,2016-10-19,74616,81524,86173,89213
1,1,1,2016-10-20,74652,81541,86207,89246
1,1,1,2016-10-21,74671,81537,86203,89259
1,1,1,2016-10-22,74699,81554,86221,89285
1,1,1,2016-10-23,74714,81566,86240,89315
1,1,1,2016-10-24,74732,81592,86260,89352
1,1,1,2016-10-25,74749,81581,86277,89377
1,1,1,2016-10-26,74769,81606,86300,89396
1,1,1,2016-10-27,74786,81598,86306,89403
1,1,1,2016-10-28,74801,81606,86324,89431
1,1,1,2016-10-29,74807,81622,86330,89460
1,1,1,2016-10-30,74842,81632,86329,89490
1,1,1,2016-10-31,74852,81624,86340,89504
1,1,1,2016-11-01,74900,81642,86357,89518
1,1,1,2016-11-02,74948,81651,86369,89534
1,1,1,2016-11-03,74970,81682,86410,89554
1,1,1,2016-11-04,75039,81722,86467,89582
1,1,1,2016-11-05,75090,81764,86507,89616
1,1,1,2016-11-06,75111,81771,86532,89646
1,1,1,2016-11-07,75151,81788,86565,89686
1,1,1,2016-11-08,75171,81803,86588,89700
1,1,1,2016-11-09,75178,81809,86598,89699
1,1,1,2016-11-10,75204,81818,86633,89739
1,1,1,2016-11-11,75261,81844,86655,89756
1,1,1,2016-11-12,75327,81874,86670,89781
1,1,1,2016-11-13,75350,81876,86686,89792
1,1,1,2016-11-14,75407,81907,86711,89814
1,1,1,2016-11-15,75425,81921,86720,89829
1,1,1,2016-11-16,75449,81932,86742,89855
1,1,1,2016-11-17,75496,81956,86761,89881
1,1,1,2016-11-18,75523,81977,86782,89910
1,1,1,2016-11-19,75542,82000,86804,89934
1,1,1,2016-11-20,75543,81998,86801,89946
1,1,1,2016-11-21,75561,82016,86811,89971
1,1,1,2016-11-22,75536,82033,86821,89986
1,1,1,2016-11-23,75531,82039,86831,90010
1,1,1,2016-11-24,75581,82056,86844,90024
1,1,1,2016-11-25,75629,82084,86869,90045
1,1,1,2016-11-26,75636,82082,86882,90055
1,1,1,2016-11-27,75666,82109,86897,90086
1,1,1,2016-11-28,75704,82130,86897,90094
1,1,1,2016-11-29,75707,82112,86899,90105
1,1,1,2016-11-30,75756,82135,86916,90134
1,1,1,2016-12-01,75755,82153,86924,90137
1,1,1,2016-12-02,75780,82170,86921,90151
1,1,1,2016-12-03,75805,82182,86919,90165
1,1,1,2016-12-04,75834,82196,86932,90183
1,1,1,2016-12-05,75870,82216,86939,90202
1,1,1,2016-12-06,75902,82233,86949,90228
1,1,1,2016-12-07,75917,82239,86926,90243
1,1,1,2016-12-08,75935,82276,86934,90271
1,1,1,2016-12-09,75985,82293,86948,90288
1,1,1,2016-12-10,76020,82332,86981,90322
1,1,1,2016-12-11,76017,82336,86967,90324
1,1,1,2016-12-12,76044,82365,86978,90352
1,1,1,2016-12-13,76062,82375,86989,90376
1,1,1,2016-12-14,76087,82379,86986,90376
1,1,1,2016-12-15,76115,82379,86988,90384
1,1,1,2016-12-16,76139,82385,86998,90405
1,1,1,2016-12-17,76166,82399,87008,90425
1,1,1,2016-12-18,76182,82406,87003,90439
1,1,1,2016-12-19,76190,82422,87005,90444
1,1,1,2016-12-20,76217,82423,87009,90451
1,1,1,2016-12-21,76220,82443,87014,90467
1,1,1,2016-12-22,76174,82444,87010,90445
1,1,1,2016-12-23,76153,82447,87008,90450
1,1,1,2016-12-24,76168,82451,87000,90452
1,1,1,2016-12-25,76154,82462,86999,90450
1,1,1,2016-12-26,76158,82472,86995,90458
1,1,1,2016-12-27,76143,82475,86976,90462
1,1,1,2016-12-28,76148,82474,86975,90474
1,1,1,2016-12-29,76126,82483,86968,90481
1,1,1,2016-12-30,76130,82502,86975,90504
1,1,1,2016-12-31,76153,82510,86968,90534
1,1,1,2017-01-01,76234,82591,87031,90608
1,1,1,2017-01-02,76288,82647,87073,90673
1,1,1,2017-01-03,76377,82745,87144,90737
1,1,1,2017-01-04,76459,82823,87218,90815
1,1,1,2017-01-05,76524,82902,87272,90878
1,1,1,2017-01-06,76573,82947,87294,90915
1,1,1,2017-01-07,76597,82976,87313,90937
1,1,1,2017-01-08,76621,83012,87338,90960
1,1,1,2017-01-09,76670,83070,87377,90999
1,1,1,2017-01-10,76717,83103,87389,91030
1,1,1,2017-01-11,76768,83161,87425,91086
1,1,1,2017-01-12,76795,83212,87466,91137
1,1,1,2017-01-13,76841,83243,87488,91175
1,1,1,2017-01-14,76881,83281,87529,91214
1,1,1,2017-01-15,76906,83308,87544,91242
1,1,1,2017-01-16,76956,83357,87561,91275
1,1,1,2017-01-17,76997,83381,87575,91299
1,1,1,2017-01-18,77018,83402,87591,91333
1,1,1,2017-01-19,77032,83414,87603,91336
1,1,1,2017-01-20,77027,83427,87608,91347
1,1,1,2017-01-21,77003,83431,87610,91348
1,1,1,2017-01-22,76963,83419,87609,91345
1,1,1,2017-01-23,76952,83413,87589,91343
1,1,1,2017-01-24,76929,83398,87593,91344
1,1,1,2017-01-25,76898,83394,87579,91348
1,1,1,2017-01-26,76862,83374,87569,91337
1,1,1,2017-01-27,76797,83343,87556,91320
1,1,1,2017-01-28,76747,83310,87541,91292
1,1,1,2017-01-29,76763,83317,87544,91295
1,1,1,2017-01-30,76712,83316,87529,91284
1,1,1,2017-01-31,76655,83326,87524,91282
1,1,1,2017-02-01,76616,83305,87525,91281
1,1,1,2017-02-02,76553,83297,87517,91288
1,1,1,2017-02-03,76506,83287,87511,91291
1,1,1,2017-02-04,76492,83290,87504,91301
1,1,1,2017-02-05,76455,83295,87492,91304
1,1,1,2017-02-06,76430,83293,87498,91310
1,1,1,2017-02-07,76423,83283,87503,91319
1,1,1,2017-02-08,76400,83283,87498,91338
1,1,1,2017-02-09,76413,83306,87508,91343
1,1,1,2017-02-10,76396,83316,87512,91338
1,1,1,2017-02-11,76397,83335,87513,91353
1,1,1,2017-02-12,76415,83385,87547,91377
1,1,1,2017-02-13,76439,83392,87569,91398
1,1,1,2017-02-14,76430,83405,87573,91412
1,1,1,2017-02-15,76441,83435,87593,91433
1,1,1,2017-02-16,76470,83465,87618,91456
1,1,1,2017-02-17,76511,83502,87658,91486
1,1,1,2017-02-18,76561,83542,87696,91518
1,1,1,2017-02-19,76586,83573,87721,91537
1,1,1,2017-02-20,76615,83586,87750,91564
1,1,1,2017-02-21,76637,83602,87770,91589
1,1,1,2017-02-22,76635,83629,87795,91606
1,1,1,2017-02-23,76653,83680,87820,91649
1,1,1,2017-02-24,76693,83718,87838,91675
1,1,1,2017-02-25,76734,83769,87890,91720
1,1,1,2017-02-26,76747,83815,87944,91748
1,1,1,2017-02-27,76789,83874,87977,91794
1,1,1,2017-02-28,76835,83923,88008,91829
1,1,1,2017-03-01,76857,83967,88055,91871
1,1,1,2017-03-02,76893,84010,88106,91899
1,1,1,2017-03-03,76948,84070,88158,91941
1,1,1,2017-03-04,77039,84131,88215,91999
1,1,1,2017-03-05,77091,84154,88240,92016
1,1,1,2017-03-06,77129,84208,88282,92053
1,1,1,2017-03-07,77139,84232,88305,92052
1,1,1,2017-03-08,77163,84264,88342,92075
1,1,1,2017-03-09,77174,84318,88381,92106
1,1,1,2017-03-10,77204,84359,88415,92137
1,1,1,2017-03-11,77263,84406,88469,92175
1,1,1,2017-03-12,77291,84434,88493,92198
1,1,1,2017-03-13,77289,84449,88506,92211
1,1,1,2017-03-14,77309,84527,88565,92261
1,1,1,2017-03-15,77375,84579,88623,92312
1,1,1,2017-03-16,77405,84626,88661,92355
1,1,1,2017-03-17,77469,84687,88711,92401
1,1,1,2017-03-18,77523,84743,88761,92443
1,1,1,2017-03-19,77541,84758,88796,92469
1,1,1,2017-03-20,77538,84780,88805,92486
1,1,1,2017-03-21,77579,84812,88840,92513
1,1,1,2017-03-22,77593,84804,88864,92534
1,1,1,2017-03-23,77633,84825,88890,92563
1,1,1,2017-03-24,77649,84863,88923,92583
1,1,1,2017-03-25,77675,84896,88975,92616
1,1,1,2017-03-26,77680,84919,88995,92624
1,1,1,2017-03-27,77734,84947,89031,92638
1,1,1,2017-03-28,77740,84985,89063,92671
1,1,1,2017-03-29,77750,85012,89111,92700
1,1,1,2017-03-30,77726,85029,89140,92718
1,1,1,2017-03-31,77694,85060,89167,92726
1,1,1,2017-04-01,77714,85067,89193,92734
1,1,1,2017-04-02,77751,85116,89234,92759
1,1,1,2017-04-03,77767,85151,89279,92783
1,1,1,2017-04-04,77727,85166,89296,92799
1,1,1,2017-04-05,77731,85184,89328,92811
1,1,1,2017-04-06,77728,85216,89362,92820
1,1,1,2017-04-07,77737,85209,89371,92821
1,1,1,2017-04-08,77748,85219,89386,92831
1,1,1,2017-04-09,77700,85225,89412,92853
1,1,1,2017-04-10,77693,85240,89426,92853
1,1,1,2017-04-11,77674,85258,89450,92860
1,1,1,2017-04-12,77631,85263,89461,92867
1,1,1,2017-04-13,77635,85298,89482,92874
1,1,1,2017-04-14,77651,85307,89502,92894
1,1,1,2017-04-15,77643,85313,89516,92895
1,1,1,2017-04-16,77635,85327,89535,92895
1,1,1,2017-04-17,77620,85335,89537,92891
1,1,1,2017-04-18,77611,85339,89542,92893
1,1,1,2017-04-19,77608,85348,89555,92898
1,1,1,2017-04-20,77647,85368,89577,92915
1,1,1,2017-04-21,77672,85368,89594,92921
1,1,1,2017-04-22,77744,85374,89608,92945
1,1,1,2017-04-23,77779,85379,89622,92945
1,1,1,2017-04-24,77829,85402,89635,92967
1,1,1,2017-04-25,77859,85421,89661,92972
1,1,1,2017-04-26,77908,85415,89659,92985
1,1,1,2017-04-27,77985,85421,89668,93004
1,1,1,2017-04-28,78062,85451,89691,93035
1,1,1,2017-04-29,78114,85485,89714,93054
1,1,1,2017-04-30,78168,85492,89740,93064
1,1,1,2017-05-01,78212,85502,89768,93073
1,1,1,2017-05-02,78264,85514,89776,93089
1,1,1,2017-05-03,78295,85513,89803,93106
1,1,1,2017-05-04,78341,85514,89824,93126
1,1,1,2017-05-05,78386,85529,89843,93142
1,1,1,2017-05-06,78413,85534,89862,93155
1,1,1,2017-05-07,78434,85542,89876,93166
1,1,1,2017-05-08,78457,85555,89868,93175
1,1,1,2017-05-09,78521,85559,89877,93177
1,1,1,2017-05-10,78564,85580,89900,93195
1,1,1,2017-05-11,78592,85597,89916,93205
1,1,1,2017-05-12,78601,85615,89933,93205
1,1,1,2017-05-13,78637,85632,89975,93234
1,1,1,2017-05-14,78649,85644,89976,93242
1,1,1,2017-05-15,78631,85651,89986,93244
1,1,1,2017-05-16,78648,85657,90018,93262
1,1,1,2017-05-17,78672,85665,90025,93270
1,1,1,2017-05-18,78682,85689,90040,93293
1,1,1,2017-05-19,78680,85708,90051,93305
1,1,1,2017-05-20,78679,85702,90050,93310
1,1,1,2017-05-21,78704,85722,90049,93323
1,1,1,2017-05-22,78715,85737,90061,93333
1,1,1,2017-05-23,78699,85731,90082,93351
1,1,1,2017-05-24,78703,85748,90115,93359
1,1,1,2017-05-25,78721,85780,90144,93374
1,1,1,2017-05-26,78746,85798,90172,93409
1,1,1,2017-05-27,78779,85810,90207,93448
1,1,1,2017-05-28,78774,85811,90231,93456
1,1,1,2017-05-29,78797,85839,90249,93468
1,1,1,2017-05-30,78812,85850,90278,93502
1,1,1,2017-05-31,78809,85850,90293,93517
1,1,1,2017-06-01,78816,85866,90317,93533
1,1,1,2017-06-02,78820,85879,90334,93547
1,1,1,2017-06-03,78808,85869,90324,93545
1,1,1,2017-06-04,78816,85879,90353,93564
1,1,1,2017-06-05,78802,85880,90354,93573
1,1,1,2017-06-06,78814,85915,90391,93618
1,1,1,2017-06-07,78810,85926,90427,93638
1,1,1,2017-06-08,78808,85961,90461,93676
1,1,1,2017-06-09,78807,85992,90482,93704
1,1,1,2017-06-10,78823,85992,90492,93712
1,1,1,2017-06-11,78799,85985,90492,93711
1,1,1,2017-06-12,78796,85981,90518,93731
1,1,1,2017-06-13,78789,86004,90552,93760
1,1,1,2017-06-14,78789,86004,90571,93768
1,1,1,2017-06-15,78779,86022,90603,93797
1,1,1,2017-06-16,78753,86026,90617,93813
1,1,1,2017-06-17,78707,86004,90598,93817
1,1,1,2017-06-18,78703,85997,90617,93825
1,1,1,2017-06-19,78676,85987,90619,93837
1,1,1,2017-06-20,78645,85975,90591,93841
1,1,1,2017-06-21,78605,85993,90607,93857
1,1,1,2017-06-22,78594,85972,90625,93864
1,1,1,2017-06-23,78594,85973,90642,93902
1,1,1,2017-06-24,78577,85981,90661,93923
1,1,1,2017-06-25,78556,86003,90669,93944
1,1,1,2017-06-26,78483,85972,90674,93945
1,1,1,2017-06-27,78433,85959,90676,93961
1,1,1,2017-06-28,78380,85931,90684,93971
1,1,1,2017-06-29,78357,85897,90696,93985
1,1,1,2017-06-30,78326,85896,90693,93997
1,1,1,2017-07-01,78281,85889,90692,93998
1,1,1,2017-07-02,78222,85881,90698,94014
1,1,1,2017-07-03,78161,85851,90708,94023
1,1,1,2017-07-04,78119,85845,90719,94053
1,1,1,2017-07-05,78091,85836,90736,94068
1,1,1,2017-07-06,78055,85834,90738,94083
1,1,1,2017-07-07,77998,85820,90746,94092
1,1,1,2017-07-08,77976,85798,90747,94110
1,1,1,2017-07-09,77960,85788,90749,94114
1,1,1,2017-07-10,77962,85765,90750,94126
1,1,1,2017-07-11,77932,85748,90753,94133
1,1,1,2017-07-12,77909,85755,90765,94144
1,1,1,2017-07-13,77920,85766,90767,94165
1,1,1,2017-07-14,77902,85763,90785,94189
1,1,1,2017-07-15,77884,85748,90796,94203
1,1,1,2017-07-16,77833,85739,90803,94206
1,1,1,2017-07-17,77800,85731,90794,94198
1,1,1,2017-07-18,77787,85722,90788,94199
1,1,1,2017-07-19,77740,85742,90801,94221
1,1,1,2017-07-20,77735,85765,90806,94241
1,1,1,2017-07-21,77690,85788,90812,94253
1,1,1,2017-07-22,77658,85799,90816,94250
1,1,1,2017-07-23,77633,85840,90836,94263
1,1,1,2017-07-24,77564,85859,90846,94274
1,1,1,2017-07-25,77530,85883,90852,94276
1,1,1,2017-07-26,77510,85918,90853,94275
1,1,1,2017-07-27,77472,85949,90872,94293
1,1,1,2017-07-28,77415,85977,90896,94314
1,1,1,2017-07-29,77267,86025,90912,94341
1,1,1,2017-07-30,77217,86052,90916,94359
1,1,1,2017-07-31,77193,86070,90913,94354
1,1,1,2017-08-01,77214,86096,90920,94381
1,1,1,2017-08-02,77227,86126,90926,94400
1,1,1,2017-08-03,77249,86160,90936,94413
1,1,1,2017-08-04,77287,86187,90939,94428
1,1,1,2017-08-05,77297,86201,90947,94445
1,1,1,2017-08-06,77297,86216,90972,94448
1,1,1,2017-08-07,77321,86251,90976,94458
1,1,1,2017-08-08,77330,86285,90992,94477
1,1,1,2017-08-09,77343,86310,91011,94498
1,1,1,2017-08-10,77329,86309,91023,94513
1,1,1,2017-08-11,77357,86334,91029,94539
1,1,1,2017-08-12,77367,86340,91038,94544
1,1,1,2017-08-13,77391,86332,91049,94559
1,1,1,2017-08-14,79514,88387,93034,96514
1,1,1,2017-08-15,80960,89741,94318,97752
1,1,1,2017-08-16,82156,90780,95329,98722
1,1,1,2017-08-17,82898,91469,96010,99362
1,1,1,2017-08-18,83425,91922,96467,99803
1,1,1,2017-08-19,83877,92370,96900,100202
1,1,1,2017-08-20,84372,92821,97326,100613
1,1,1,2017-08-21,84716,93134,97623,100916
1,1,1,2017-08-22,84746,93139,97642,100943
1,1,1,2017-08-23,84723,93132,97642,100942
1,1,1,2017-08-24,84742,93121,97639,100944
1,1,1,2017-08-25,84709,93115,97630,100954
1,1,1,2017-08-26,84748,93110,97624,100969
1,1,1,2017-08-27,84738,93102,97627,100973
1,1,1,2017-08-28,84754,93098,97629,100987
1,1,1,2017-08-29,84728,93084,97625,100989
1,1,1,2017-08-30,84708,93076,97624,100997
1,1,1,2017-08-31,84705,93062,97617,101000
1,1,1,2017-09-01,84697,93065,97614,100997
1,1,1,2017-09-02,84709,93055,97618,101014
1,1,1,2017-09-03,84709,93056,97623,101019
1,1,1,2017-09-04,84715,93037,97614,101019
1,1,1,2017-09-05,84710,93025,97607,101034
1,1,1,2017-09-06,84705,93000,97614,101045
1,1,1,2017-09-07,84698,92981,97621,101040
1,1,1,2017-09-08,84715,92982,97615,101036
1,1,1,2017-09-09,84713,92968,97614,101035
1,1,1,2017-09-10,84756,92967,97625,101068
1,1,1,2017-09-11,84752,92960,97634,101085
1,1,1,2017-09-12,84801,92958,97632,101103
1,1,1,2017-09-13,84788,92939,97628,101109
1,1,1,2017-09-14,84757,92899,97614,101106
1,1,1,2017-09-15,84758,92885,97610,101099
1,1,1,2017-09-16,84825,92876,97605,101108
1,1,1,2017-09-17,84887,92882,97605,101120
1,1,1,2017-09-18,84919,92865,97603,101098
1,1,1,2017-09-19,84890,92833,97611,101105
1,1,1,2017-09-20,84849,92815,97587,101108
1,1,1,2017-09-21,84854,92799,97579,101114
1,1,1,2017-09-22,84892,92803,97582,101141
1,1,1,2017-09-23,84895,92779,97586,101150
1,1,1,2017-09-24,84896,92743,97557,101153
1,1,1,2017-09-25,84896,92710,97542,101159
1,1,1,2017-09-26,84935,92705,97529,101174
1,1,1,2017-09-27,84950,92697,97502,101194
1,1,1,2017-09-28,84993,92691,97514,101207
1,1,1,2017-09-29,85001,92679,97506,101213
1,1,1,2017-09-30,84996,92660,97501,101215
1,1,1,2017-10-01,85010,92631,97468,101219
1,1,1,2017-10-02,85021,92619,97465,101229
1,1,1,2017-10-03,85002,92597,97452,101248
1,1,1,2017-10-04,85006,92579,97445,101241
1,1,1,2017-10-05,85040,92575,97438,101248
1,1,1,2017-10-06,85037,92587,97429,101259
1,1,1,2017-10-07,85027,92568,97413,101252
1,1,1,2017-10-08,85040,92572,97399,101262
1,1,1,2017-10-09,85047,92547,97374,101265
1,1,1,2017-10-10,85026,92524,97362,101263
1,1,1,2017-10-11,85037,92505,97348,101249
1,1,1,2017-10-12,85027,92503,97343,101254
1,1,1,2017-10-13,85015,92495,97322,101253
1,1,1,2017-10-14,85028,92480,97311,101255
1,1,1,2017-10-15,85019,92469,97306,101255
1,1,1,2017-10-16,84993,92455,97294,101242
1,1,1,2017-10-17,84999,92446,97306,101244
1,1,1,2017-10-18,85014,92452,97311,101240
1,1,1,2017-10-19,85001,92417,97321,101231
1,1,1,2017-10-20,84994,92392,97318,101226
1,1,1,2017-10-21,84992,92372,97338,101226
1,1,1,2017-10-22,84954,92354,97352,101228
1,1,1,2017-10-23,84979,92351,97365,101237
1,1,1,2017-10-24,84969,92352,97391,101232
1,1,1,2017-10-25,84954,92341,97413,101247
1,1,1,2017-10-26,84931,92305,97415,101242
1,1,1,2017-10-27,84944,92296,97439,101241
1,1,1,2017-10-28,84934,92293,97458,101244
1,1,1,2017-10-29,84960,92306,97486,101254
1,1,1,2017-10-30,84990,92314,97504,101254
1,1,1,2017-10-31,84984,92309,97529,101256
1,1,1,2017-11-01,84992,92297,97542,101265
1,1,1,2017-11-02,84964,92304,97552,101260
1,1,1,2017-11-03,84960,92273,97548,101256
1,1,1,2017-11-04,84949,92269,97541,101261
1,1,1,2017-11-05,84937,92270,97554,101257
1,1,1,2017-11-06,84945,92251,97559,101258
1,1,1,2017-11-07,84947,92252,97577,101268
1,1,1,2017-11-08,84942,92237,97568,101276
1,1,1,2017-11-09,84934,92231,97573,101274
1,1,1,2017-11-10,84912,92235,97581,101288
1,1,1,2017-11-11,84911,92237,97584,101298
1,1,1,2017-11-12,84631,92209,97575,101276
1,1,1,2017-11-13,84230,92202,97583,101278
1,1,1,2017-11-14,83690,92202,97572,101279
1,1,1,2017-11-15,83006,92217,97573,101291
1,1,1,2017-11-16,82368,92224,97571,101302
1,1,1,2017-11-17,81526,92232,97588,101315
1,1,1,2017-11-18,80121,92210,97583,101306
1,1,1,2017-11-19,77834,92190,97572,101296
1,1,1,2017-11-20,77818,92178,97557,101291
1,1,1,2017-11-21,77842,92166,97558,101296
1,1,1,2017-11-22,77850,92172,97552,101294
1,1,1,2017-11-23,77872,92171,97558,101295
1,1,1,2017-11-24,77864,92162,97536,101279
1,1,1,2017-11-25,77858,92160,97534,101287
1,1,1,2017-11-26,77880,92161,97529,101281
1,1,1,2017-11-27,77886,92146,97516,101270
1,1,1,2017-11-28,77901,92129,97504,101258
1,1,1,2017-11-29,77919,92139,97500,101261
1,1,1,2017-11-30,77921,92121,97484,101242
1,1,1,2017-12-01,77889,92117,97470,101241
1,1,1,2017-12-02,77907,92125,97478,101250
1,1,1,2017-12-03,77913,92117,97462,101244
1,1,1,2017-12-04,77887,92091,97438,101220
1,1,1,2017-12-05,77859,92074,97405,101222
1,1,1,2017-12-06,77848,92044,97389,101226
1,1,1,2017-12-07,77811,92040,97390,101223
1,1,1,2017-12-08,77801,92034,97378,101215
1,1,1,2017-12-09,77773,92023,97342,101198
1,1,1,2017-12-10,77760,92011,97329,101197
1,1,1,2017-12-11,77740,92000,97300,101179
1,1,1,2017-12-12,77718,91977,97275,101176
1,1,1,2017-12-13,77713,91946,97238,101153
1,1,1,2017-12-14,77717,91948,97225,101153
1,1,1,2017-12-15,77703,91955,97195,101138
1,1,1,2017-12-16,77655,91961,97180,101122
1,1,1,2017-12-17,77628,91959,97160,101116
1,1,1,2017-12-18,77608,91934,97125,101108
1,1,1,2017-12-19,77654,91919,97116,101092
1,1,1,2017-12-20,77610,91914,97091,101081
1,1,1,2017-12-21,77578,91901,97071,101071
1,1,1,2017-12-22,77582,91890,97052,101074
1,1,1,2017-12-23,77568,91892,97037,101048
1,1,1,2017-12-24,77557,91872,96997,101020
1,1,1,2017-12-25,77548,91854,96958,100971
1,1,1,2017-12-26,77529,91842,96938,100924
1,1,1,2017-12-27,77508,91828,96891,100900
1,1,1,2017-12-28,77491,91838,96881,100899
1,1,1,2017-12-29,77496,91846,96864,100895
1,1,1,2017-12-30,77484,91862,96844,100870
1,1,1,2017-12-31,77461,91865,96828,100854
