Hotspot,date,hotspot_attacks_window_last3_month,hotspot_attacks_window_last6_month,hotspot_attacks_window_last9_month,hotspot_attacks_window_last12_month
Gulf of Aden,2010-01-01,2,2,2,2
Gulf of Aden,2010-01-02,2,2,2,2
Gulf of Aden,2010-01-03,2,2,2,2
Gulf of Aden,2010-01-04,2,2,2,2
Gulf of Aden,2010-01-05,3,3,3,3
Gulf of Aden,2010-01-06,3,3,3,3
Gulf of Aden,2010-01-07,3,3,3,3
Gulf of Aden,2010-01-08,3,3,3,3
Gulf of Aden,2010-01-09,4,4,4,4
Gulf of Aden,2010-01-10,4,4,4,4
Gulf of Aden,2010-01-11,4,4,4,4
Gulf of Aden,2010-01-12,4,4,4,4
Gulf of Aden,2010-01-13,4,4,4,4
Gulf of Aden,2010-01-14,4,4,4,4
Gulf of Aden,2010-01-15,4,4,4,4
Gulf of Aden,2010-01-16,5,5,5,5
Gulf of Aden,2010-01-17,6,6,6,6
Gulf of Aden,2010-01-18,6,6,6,6
Gulf of Aden,2010-01-19,6,6,6,6
Gulf of Aden,2010-01-20,7,7,7,7
Gulf of Aden,2010-01-21,7,7,7,7
Gulf of Aden,2010-01-22,7,7,7,7
Gulf of Aden,2010-01-23,7,7,7,7
Gulf of Aden,2010-01-24,7,7,7,7
Gulf of Aden,2010-01-25,7,7,7,7
Gulf of Aden,2010-01-26,8,8,8,8
Gulf of Aden,2010-01-27,8,8,8,8
Gulf of Aden,2010-01-28,8,8,8,8
Gulf of Aden,2010-01-29,8,8,8,8
Gulf of Aden,2010-01-30,8,8,8,8
Gulf of Aden,2010-01-31,8,8,8,8
Gulf of Aden,2010-02-01,9,9,9,9
Gulf of Aden,2010-02-02,10,10,10,10
Gulf of Aden,2010-02-03,11,11,11,11
Gulf of Aden,2010-02-04,11,11,11,11
Gulf of Aden,2010-02-05,12,12,12,12
Gulf of Aden,2010-02-06,12,12,12,12
Gulf of Aden,2010-02-07,12,12,12,12
Gulf of Aden,2010-02-08,12,12,12,12
Gulf of Aden,2010-02-09,12,12,12,12
Gulf of Aden,2010-02-10,12,12,12,12
Gulf of Aden,2010-02-11,12,12,12,12
Gulf of Aden,2010-02-12,12,12,12,12
Gulf of Aden,2010-02-13,12,12,12,12
Gulf of Aden,2010-02-14,12,12,12,12
Gulf of Aden,2010-02-15,12,12,12,12
Gulf of Aden,2010-02-16,12,12,12,12
Gulf of Aden,2010-02-17,12,12,12,12
Gulf of Aden,2010-02-18,12,12,12,12
Gulf of Aden,2010-02-19,12,12,12,12
Gulf of Aden,2010-02-20,12,12,12,12
Gulf of Aden,2010-02-21,13,13,13,13
Gulf of Aden,2010-02-22,13,13,13,13
Gulf of Aden,2010-02-23,14,14,14,14
Gulf of Aden,2010-02-24,14,14,14,14
Gulf of Aden,2010-02-25,14,14,14,14
Gulf of Aden,2010-02-26,14,14,14,14
Gulf of Aden,2010-02-27,14,14,14,14
Gulf of Aden,2010-02-28,16,16,16,16
Gulf of Aden,2010-03-01,17,17,17,17
Gulf of Aden,2010-03-02,19,19,19,19
Gulf of Aden,2010-03-03,20,20,20,20
Gulf of Aden,2010-03-04,22,22,22,22
Gulf of Aden,2010-03-05,25,25,25,25
Gulf of Aden,2010-03-06,25,25,25,25
Gulf of Aden,2010-03-07,25,25,25,25
Gulf of Aden,2010-03-08,27,27,27,27
Gulf of Aden,2010-03-09,27,27,27,27
Gulf of Aden,2010-03-10,28,28,28,28
Gulf of Aden,2010-03-11,28,28,28,28
Gulf of Aden,2010-03-12,28,28,28,28
Gulf of Aden,2010-03-13,28,28,28,28
Gulf of Aden,2010-03-14,28,28,28,28
Gulf of Aden,2010-03-15,28,28,28,28
Gulf of Aden,2010-03-16,28,28,28,28
Gulf of Aden,2010-03-17,28,28,28,28
Gulf of Aden,2010-03-18,28,28,28,28
Gulf of Aden,2010-03-19,28,28,28,28
Gulf of Aden,2010-03-20,29,29,29,29
Gulf of Aden,2010-03-21,29,29,29,29
Gulf of Aden,2010-03-22,30,30,30,30
Gulf of Aden,2010-03-23,34,34,34,34
Gulf of Aden,2010-03-24,36,36,36,36
Gulf of Aden,2010-03-25,37,37,37,37
Gulf of Aden,2010-03-26,39,39,39,39
Gulf of Aden,2010-03-27,41,41,41,41
Gulf of Aden,2010-03-28,42,42,42,42
Gulf of Aden,2010-03-29,43,43,43,43
Gulf of Aden,2010-03-30,44,44,44,44
Gulf of Aden,2010-03-31,47,47,47,47
Gulf of Aden,2010-04-01,45,47,47,47
Gulf of Aden,2010-04-02,46,48,48,48
Gulf of Aden,2010-04-03,47,49,49,49
Gulf of Aden,2010-04-04,49,51,51,51
Gulf of Aden,2010-04-05,51,54,54,54
Gulf of Aden,2010-04-06,52,55,55,55
Gulf of Aden,2010-04-07,52,55,55,55
Gulf of Aden,2010-04-08,54,57,57,57
Gulf of Aden,2010-04-09,55,59,59,59
Gulf of Aden,2010-04-10,55,59,59,59
Gulf of Aden,2010-04-11,56,60,60,60
Gulf of Aden,2010-04-12,56,60,60,60
Gulf of Aden,2010-04-13,56,60,60,60
Gulf of Aden,2010-04-14,57,61,61,61
Gulf of Aden,2010-04-15,57,61,61,61
Gulf of Aden,2010-04-16,56,61,61,61
Gulf of Aden,2010-04-17,55,61,61,61
Gulf of Aden,2010-04-18,55,61,61,61
Gulf of Aden,2010-04-19,56,62,62,62
Gulf of Aden,2010-04-20,55,62,62,62
Gulf of Aden,2010-04-21,57,64,64,64
Gulf of Aden,2010-04-22,58,65,65,65
Gulf of Aden,2010-04-23,60,67,67,67
Gulf of Aden,2010-04-24,60,67,67,67
Gulf of Aden,2010-04-25,65,72,72,72
Gulf of Aden,2010-04-26,64,72,72,72
Gulf of Aden,2010-04-27,64,72,72,72
Gulf of Aden,2010-04-28,64,72,72,72
Gulf of Aden,2010-04-29,64,72,72,72
Gulf of Aden,2010-04-30,64,72,72,72
Gulf of Aden,2010-05-01,64,72,72,72
Gulf of Aden,2010-05-02,63,72,72,72
Gulf of Aden,2010-05-03,62,72,72,72
Gulf of Aden,2010-05-04,61,72,72,72
Gulf of Aden,2010-05-05,65,76,76,76
Gulf of Aden,2010-05-06,66,78,78,78
Gulf of Aden,2010-05-07,66,78,78,78
Gulf of Aden,2010-05-08,67,79,79,79
Gulf of Aden,2010-05-09,67,79,79,79
Gulf of Aden,2010-05-10,68,80,80,80
Gulf of Aden,2010-05-11,69,81,81,81
Gulf of Aden,2010-05-12,71,83,83,83
Gulf of Aden,2010-05-13,71,83,83,83
Gulf of Aden,2010-05-14,71,83,83,83
Gulf of Aden,2010-05-15,71,83,83,83
Gulf of Aden,2010-05-16,71,83,83,83
Gulf of Aden,2010-05-17,71,83,83,83
Gulf of Aden,2010-05-18,71,83,83,83
Gulf of Aden,2010-05-19,71,83,83,83
Gulf of Aden,2010-05-20,71,83,83,83
Gulf of Aden,2010-05-21,71,83,83,83
Gulf of Aden,2010-05-22,70,83,83,83
Gulf of Aden,2010-05-23,70,83,83,83
Gulf of Aden,2010-05-24,69,83,83,83
Gulf of Aden,2010-05-25,70,84,84,84
Gulf of Aden,2010-05-26,70,84,84,84
Gulf of Aden,2010-05-27,70,84,84,84
Gulf of Aden,2010-05-28,71,85,85,85
Gulf of Aden,2010-05-29,69,85,85,85
Gulf of Aden,2010-05-30,70,87,87,87
Gulf of Aden,2010-05-31,68,87,87,87
Gulf of Aden,2010-06-01,67,87,87,87
Gulf of Aden,2010-06-02,68,90,90,90
Gulf of Aden,2010-06-03,65,90,90,90
Gulf of Aden,2010-06-04,66,91,91,91
Gulf of Aden,2010-06-05,66,91,91,91
Gulf of Aden,2010-06-06,64,91,91,91
Gulf of Aden,2010-06-07,65,92,92,92
Gulf of Aden,2010-06-08,64,92,92,92
Gulf of Aden,2010-06-09,64,92,92,92
Gulf of Aden,2010-06-10,64,92,92,92
Gulf of Aden,2010-06-11,64,92,92,92
Gulf of Aden,2010-06-12,64,92,92,92
Gulf of Aden,2010-06-13,65,93,93,93
Gulf of Aden,2010-06-14,65,93,93,93
Gulf of Aden,2010-06-15,66,94,94,94
Gulf of Aden,2010-06-16,66,94,94,94
Gulf of Aden,2010-06-17,66,94,94,94
Gulf of Aden,2010-06-18,67,96,96,96
Gulf of Aden,2010-06-19,67,96,96,96
Gulf of Aden,2010-06-20,66,96,96,96
Gulf of Aden,2010-06-21,63,97,97,97
Gulf of Aden,2010-06-22,61,97,97,97
Gulf of Aden,2010-06-23,60,97,97,97
Gulf of Aden,2010-06-24,59,98,98,98
Gulf of Aden,2010-06-25,57,98,98,98
Gulf of Aden,2010-06-26,56,98,98,98
Gulf of Aden,2010-06-27,56,99,99,99
Gulf of Aden,2010-06-28,56,100,100,100
Gulf of Aden,2010-06-29,53,100,100,100
Gulf of Aden,2010-06-30,53,98,100,100
Gulf of Aden,2010-07-01,52,98,100,100
Gulf of Aden,2010-07-02,51,98,100,100
Gulf of Aden,2010-07-03,49,98,100,100
Gulf of Aden,2010-07-04,48,99,102,102
Gulf of Aden,2010-07-05,48,100,103,103
Gulf of Aden,2010-07-06,48,100,103,103
Gulf of Aden,2010-07-07,46,100,103,103
Gulf of Aden,2010-07-08,44,99,103,103
Gulf of Aden,2010-07-09,46,101,105,105
Gulf of Aden,2010-07-10,45,101,105,105
Gulf of Aden,2010-07-11,45,101,105,105
Gulf of Aden,2010-07-12,45,101,105,105
Gulf of Aden,2010-07-13,44,101,105,105
Gulf of Aden,2010-07-14,44,101,105,105
Gulf of Aden,2010-07-15,44,100,105,105
Gulf of Aden,2010-07-16,44,99,105,105
Gulf of Aden,2010-07-17,44,99,105,105
Gulf of Aden,2010-07-18,44,100,106,106
Gulf of Aden,2010-07-19,44,99,106,106
Gulf of Aden,2010-07-20,42,99,106,106
Gulf of Aden,2010-07-21,42,100,107,107
Gulf of Aden,2010-07-22,40,100,107,107
Gulf of Aden,2010-07-23,40,100,107,107
Gulf of Aden,2010-07-24,35,100,107,107
Gulf of Aden,2010-07-25,35,99,107,107
Gulf of Aden,2010-07-26,35,99,107,107
Gulf of Aden,2010-07-27,35,99,107,107
Gulf of Aden,2010-07-28,35,99,107,107
Gulf of Aden,2010-07-29,36,100,108,108
Gulf of Aden,2010-07-30,36,100,108,108
Gulf of Aden,2010-07-31,37,100,109,109
Gulf of Aden,2010-08-01,38,100,110,110
Gulf of Aden,2010-08-02,40,101,112,112
Gulf of Aden,2010-08-03,38,103,114,114
Gulf of Aden,2010-08-04,37,103,115,115
Gulf of Aden,2010-08-05,39,105,117,117
Gulf of Aden,2010-08-06,38,105,117,117
Gulf of Aden,2010-08-07,38,105,117,117
Gulf of Aden,2010-08-08,37,105,117,117
Gulf of Aden,2010-08-09,36,105,117,117
Gulf of Aden,2010-08-10,34,105,117,117
Gulf of Aden,2010-08-11,35,106,118,118
Gulf of Aden,2010-08-12,35,106,118,118
Gulf of Aden,2010-08-13,35,106,118,118
Gulf of Aden,2010-08-14,35,106,118,118
Gulf of Aden,2010-08-15,35,106,118,118
Gulf of Aden,2010-08-16,35,106,118,118
Gulf of Aden,2010-08-17,35,106,118,118
Gulf of Aden,2010-08-18,36,107,119,119
Gulf of Aden,2010-08-19,36,107,119,119
Gulf of Aden,2010-08-20,36,106,119,119
Gulf of Aden,2010-08-21,36,106,119,119
Gulf of Aden,2010-08-22,38,107,121,121
Gulf of Aden,2010-08-23,37,107,121,121
Gulf of Aden,2010-08-24,37,107,121,121
Gulf of Aden,2010-08-25,37,107,121,121
Gulf of Aden,2010-08-26,36,107,121,121
Gulf of Aden,2010-08-27,36,105,121,121
Gulf of Aden,2010-08-28,36,106,123,123
Gulf of Aden,2010-08-29,36,104,123,123
Gulf of Aden,2010-08-30,36,103,123,123
Gulf of Aden,2010-08-31,33,101,123,123
Gulf of Aden,2010-09-01,33,98,123,123
Gulf of Aden,2010-09-02,32,98,123,123
Gulf of Aden,2010-09-03,32,98,123,123
Gulf of Aden,2010-09-04,32,96,123,123
Gulf of Aden,2010-09-05,31,96,123,123
Gulf of Aden,2010-09-06,32,96,124,124
Gulf of Aden,2010-09-07,32,96,124,124
Gulf of Aden,2010-09-08,34,98,126,126
Gulf of Aden,2010-09-09,34,98,126,126
Gulf of Aden,2010-09-10,34,98,126,126
Gulf of Aden,2010-09-11,35,100,128,128
Gulf of Aden,2010-09-12,35,100,128,128
Gulf of Aden,2010-09-13,34,100,128,128
Gulf of Aden,2010-09-14,35,101,129,129
Gulf of Aden,2010-09-15,35,101,129,129
Gulf of Aden,2010-09-16,33,100,129,129
Gulf of Aden,2010-09-17,33,100,129,129
Gulf of Aden,2010-09-18,33,99,129,129
Gulf of Aden,2010-09-19,33,96,130,130
Gulf of Aden,2010-09-20,34,95,131,131
Gulf of Aden,2010-09-21,34,94,131,131
Gulf of Aden,2010-09-22,33,92,131,131
Gulf of Aden,2010-09-23,33,90,131,131
Gulf of Aden,2010-09-24,34,90,132,132
Gulf of Aden,2010-09-25,34,90,133,133
Gulf of Aden,2010-09-26,34,90,134,134
Gulf of Aden,2010-09-27,34,87,134,134
Gulf of Aden,2010-09-28,36,89,134,136
Gulf of Aden,2010-09-29,39,91,137,139
Gulf of Aden,2010-09-30,40,91,138,140
Gulf of Aden,2010-10-01,40,89,138,140
Gulf of Aden,2010-10-02,40,88,139,142
Gulf of Aden,2010-10-03,42,90,142,145
Gulf of Aden,2010-10-04,42,90,142,145
Gulf of Aden,2010-10-05,43,89,143,146
Gulf of Aden,2010-10-06,43,87,142,146
Gulf of Aden,2010-10-07,41,87,142,146
Gulf of Aden,2010-10-08,41,86,142,146
Gulf of Aden,2010-10-09,41,86,142,146
Gulf of Aden,2010-10-10,42,87,143,147
Gulf of Aden,2010-10-11,42,86,143,147
Gulf of Aden,2010-10-12,43,87,144,148
Gulf of Aden,2010-10-13,43,87,143,148
Gulf of Aden,2010-10-14,45,89,144,150
Gulf of Aden,2010-10-15,45,89,144,150
Gulf of Aden,2010-10-16,44,88,144,150
Gulf of Aden,2010-10-17,47,91,146,153
Gulf of Aden,2010-10-18,49,91,148,155
Gulf of Aden,2010-10-19,50,92,150,157
Gulf of Aden,2010-10-20,52,92,152,159
Gulf of Aden,2010-10-21,52,92,152,159
Gulf of Aden,2010-10-22,53,88,153,160
Gulf of Aden,2010-10-23,54,89,153,161
Gulf of Aden,2010-10-24,55,90,154,162
Gulf of Aden,2010-10-25,55,90,154,162
Gulf of Aden,2010-10-26,55,90,154,162
Gulf of Aden,2010-10-27,55,91,155,163
Gulf of Aden,2010-10-28,57,93,157,165
Gulf of Aden,2010-10-29,56,93,156,165
Gulf of Aden,2010-10-30,57,95,157,167
Gulf of Aden,2010-10-31,55,95,156,167
Gulf of Aden,2010-11-01,53,91,156,167
Gulf of Aden,2010-11-02,54,91,157,169
Gulf of Aden,2010-11-03,53,92,158,170
Gulf of Aden,2010-11-04,53,91,158,170
Gulf of Aden,2010-11-05,53,91,158,170
Gulf of Aden,2010-11-06,54,91,159,171
Gulf of Aden,2010-11-07,54,90,159,171
Gulf of Aden,2010-11-08,54,88,159,171
Gulf of Aden,2010-11-09,56,91,162,174
Gulf of Aden,2010-11-10,57,92,163,175
Gulf of Aden,2010-11-11,64,99,170,182
Gulf of Aden,2010-11-12,66,101,172,184
Gulf of Aden,2010-11-13,68,103,174,186
Gulf of Aden,2010-11-14,68,103,174,186
Gulf of Aden,2010-11-15,69,104,175,187
Gulf of Aden,2010-11-16,68,104,175,187
Gulf of Aden,2010-11-17,68,104,175,187
Gulf of Aden,2010-11-18,73,109,179,192
Gulf of Aden,2010-11-19,73,109,179,192
Gulf of Aden,2010-11-20,76,114,183,197
Gulf of Aden,2010-11-21,81,118,188,202
Gulf of Aden,2010-11-22,86,123,193,207
Gulf of Aden,2010-11-23,88,125,195,209
Gulf of Aden,2010-11-24,91,127,198,212
Gulf of Aden,2010-11-25,92,128,197,213
Gulf of Aden,2010-11-26,91,127,197,214
Gulf of Aden,2010-11-27,93,129,197,216
Gulf of Aden,2010-11-28,93,129,196,216
Gulf of Aden,2010-11-29,96,129,197,219
Gulf of Aden,2010-11-30,96,129,194,219
Gulf of Aden,2010-12-01,96,128,194,219
Gulf of Aden,2010-12-02,96,128,194,219
Gulf of Aden,2010-12-03,96,128,192,219
Gulf of Aden,2010-12-04,96,127,192,219
Gulf of Aden,2010-12-05,96,128,192,220
Gulf of Aden,2010-12-06,96,128,192,220
Gulf of Aden,2010-12-07,94,128,192,220
Gulf of Aden,2010-12-08,94,128,192,220
Gulf of Aden,2010-12-09,94,128,192,220
Gulf of Aden,2010-12-10,95,130,195,223
Gulf of Aden,2010-12-11,95,130,195,223
Gulf of Aden,2010-12-12,95,129,195,223
Gulf of Aden,2010-12-13,97,132,198,226
Gulf of Aden,2010-12-14,99,134,200,228
Gulf of Aden,2010-12-15,100,133,200,229
Gulf of Aden,2010-12-16,100,133,200,229
Gulf of Aden,2010-12-17,101,134,200,230
Gulf of Aden,2010-12-18,100,133,196,230
Gulf of Aden,2010-12-19,100,134,195,231
Gulf of Aden,2010-12-20,100,134,194,231
Gulf of Aden,2010-12-21,101,134,193,232
Gulf of Aden,2010-12-22,105,138,195,236
Gulf of Aden,2010-12-23,104,138,194,236
Gulf of Aden,2010-12-24,103,137,193,236
Gulf of Aden,2010-12-25,103,137,193,237
Gulf of Aden,2010-12-26,103,137,190,237
Gulf of Aden,2010-12-27,104,140,193,238
Gulf of Aden,2010-12-28,101,140,192,238
Gulf of Aden,2010-12-29,100,140,191,238
Gulf of Aden,2010-12-30,100,140,189,238
Gulf of Aden,2010-12-31,98,138,186,237
Gulf of Aden,2011-01-01,100,142,190,242
Gulf of Aden,2011-01-02,102,144,192,244
Gulf of Aden,2011-01-03,106,149,195,249
Gulf of Aden,2011-01-04,107,150,194,249
Gulf of Aden,2011-01-05,107,148,194,249
Gulf of Aden,2011-01-06,112,153,198,254
Gulf of Aden,2011-01-07,113,154,199,255
Gulf of Aden,2011-01-08,113,155,200,256
Gulf of Aden,2011-01-09,114,156,200,257
Gulf of Aden,2011-01-10,114,157,201,258
Gulf of Aden,2011-01-11,117,160,204,260
Gulf of Aden,2011-01-12,119,164,208,263
Gulf of Aden,2011-01-13,121,166,210,265
Gulf of Aden,2011-01-14,125,169,213,269
Gulf of Aden,2011-01-15,124,171,215,270
Gulf of Aden,2011-01-16,123,172,214,271
Gulf of Aden,2011-01-17,125,175,217,275
Gulf of Aden,2011-01-18,125,177,217,277
Gulf of Aden,2011-01-19,127,179,219,279
Gulf of Aden,2011-01-20,130,183,218,283
Gulf of Aden,2011-01-21,130,184,219,283
Gulf of Aden,2011-01-22,129,184,219,283
Gulf of Aden,2011-01-23,129,184,219,283
Gulf of Aden,2011-01-24,129,184,219,283
Gulf of Aden,2011-01-25,129,184,220,284
Gulf of Aden,2011-01-26,128,185,221,285
Gulf of Aden,2011-01-27,128,184,221,284
Gulf of Aden,2011-01-28,127,184,222,284
Gulf of Aden,2011-01-29,127,182,222,283
Gulf of Aden,2011-01-30,128,181,219,284
Gulf of Aden,2011-01-31,126,180,217,283
Gulf of Aden,2011-02-01,127,180,219,285
Gulf of Aden,2011-02-02,129,182,220,287
Gulf of Aden,2011-02-03,130,183,221,288
Gulf of Aden,2011-02-04,129,183,220,288
Gulf of Aden,2011-02-05,131,185,221,290
Gulf of Aden,2011-02-06,131,185,219,290
Gulf of Aden,2011-02-07,128,184,219,290
Gulf of Aden,2011-02-08,129,186,221,292
Gulf of Aden,2011-02-09,123,187,222,293
Gulf of Aden,2011-02-10,122,188,223,294
Gulf of Aden,2011-02-11,120,188,223,294
Gulf of Aden,2011-02-12,122,190,225,296
Gulf of Aden,2011-02-13,122,191,226,297
Gulf of Aden,2011-02-14,122,190,226,297
Gulf of Aden,2011-02-15,122,190,226,297
Gulf of Aden,2011-02-16,117,190,226,296
Gulf of Aden,2011-02-17,117,190,226,296
Gulf of Aden,2011-02-18,113,189,227,296
Gulf of Aden,2011-02-19,109,190,227,297
Gulf of Aden,2011-02-20,104,190,227,297
Gulf of Aden,2011-02-21,102,190,227,297
Gulf of Aden,2011-02-22,99,190,226,297
Gulf of Aden,2011-02-23,98,190,226,295
Gulf of Aden,2011-02-24,98,189,225,295
Gulf of Aden,2011-02-25,102,195,231,299
Gulf of Aden,2011-02-26,102,195,231,298
Gulf of Aden,2011-02-27,100,196,229,297
Gulf of Aden,2011-02-28,102,198,231,296
Gulf of Aden,2011-03-01,103,199,231,297
Gulf of Aden,2011-03-02,104,200,232,298
Gulf of Aden,2011-03-03,109,205,237,301
Gulf of Aden,2011-03-04,114,210,241,306
Gulf of Aden,2011-03-05,116,212,244,308
Gulf of Aden,2011-03-06,117,213,245,309
Gulf of Aden,2011-03-07,117,211,245,309
Gulf of Aden,2011-03-08,117,211,245,309
Gulf of Aden,2011-03-09,117,211,245,309
Gulf of Aden,2011-03-10,116,211,246,311
Gulf of Aden,2011-03-11,117,212,247,312
Gulf of Aden,2011-03-12,118,213,247,313
Gulf of Aden,2011-03-13,115,212,247,313
Gulf of Aden,2011-03-14,113,212,247,313
Gulf of Aden,2011-03-15,113,213,246,313
Gulf of Aden,2011-03-16,114,214,247,314
Gulf of Aden,2011-03-17,113,214,247,313
Gulf of Aden,2011-03-18,113,213,246,309
Gulf of Aden,2011-03-19,112,212,246,307
Gulf of Aden,2011-03-20,112,212,246,306
Gulf of Aden,2011-03-21,113,214,247,306
Gulf of Aden,2011-03-22,110,215,248,305
Gulf of Aden,2011-03-23,112,216,250,306
Gulf of Aden,2011-03-24,115,218,252,308
Gulf of Aden,2011-03-25,115,218,252,308
Gulf of Aden,2011-03-26,115,218,252,305
Gulf of Aden,2011-03-27,113,217,253,306
Gulf of Aden,2011-03-28,114,215,254,306
Gulf of Aden,2011-03-29,116,216,256,307
Gulf of Aden,2011-03-30,116,216,256,305
Gulf of Aden,2011-03-31,116,214,254,302
Gulf of Aden,2011-04-01,113,213,255,303
Gulf of Aden,2011-04-02,112,214,256,304
Gulf of Aden,2011-04-03,107,213,256,302
Gulf of Aden,2011-04-04,106,213,256,300
Gulf of Aden,2011-04-05,108,215,256,302
Gulf of Aden,2011-04-06,103,215,256,301
Gulf of Aden,2011-04-07,102,215,256,301
Gulf of Aden,2011-04-08,103,216,258,303
Gulf of Aden,2011-04-09,103,217,259,303
Gulf of Aden,2011-04-10,103,217,260,304
Gulf of Aden,2011-04-11,101,218,261,305
Gulf of Aden,2011-04-12,99,218,263,307
Gulf of Aden,2011-04-13,97,218,263,307
Gulf of Aden,2011-04-14,93,218,262,306
Gulf of Aden,2011-04-15,91,215,262,306
Gulf of Aden,2011-04-16,90,213,262,304
Gulf of Aden,2011-04-17,87,212,262,304
Gulf of Aden,2011-04-18,87,212,264,304
Gulf of Aden,2011-04-19,85,212,264,304
Gulf of Aden,2011-04-20,82,212,265,300
Gulf of Aden,2011-04-21,82,212,266,301
Gulf of Aden,2011-04-22,83,212,267,302
Gulf of Aden,2011-04-23,83,212,267,302
Gulf of Aden,2011-04-24,85,214,269,304
Gulf of Aden,2011-04-25,84,213,268,304
Gulf of Aden,2011-04-26,83,211,268,304
Gulf of Aden,2011-04-27,83,211,267,304
Gulf of Aden,2011-04-28,83,210,267,305
Gulf of Aden,2011-04-29,83,210,265,305
Gulf of Aden,2011-04-30,82,210,263,301
Gulf of Aden,2011-05-01,82,208,262,299
Gulf of Aden,2011-05-02,80,207,260,299
Gulf of Aden,2011-05-03,79,208,261,299
Gulf of Aden,2011-05-04,79,209,262,300
Gulf of Aden,2011-05-05,82,211,265,302
Gulf of Aden,2011-05-06,81,212,266,302
Gulf of Aden,2011-05-07,81,212,266,300
Gulf of Aden,2011-05-08,82,210,266,301
Gulf of Aden,2011-05-09,80,209,266,301
Gulf of Aden,2011-05-10,81,204,268,303
Gulf of Aden,2011-05-11,81,203,269,304
Gulf of Aden,2011-05-12,81,201,269,304
Gulf of Aden,2011-05-13,80,202,270,305
Gulf of Aden,2011-05-14,81,203,272,307
Gulf of Aden,2011-05-15,82,204,272,308
Gulf of Aden,2011-05-16,83,205,273,309
Gulf of Aden,2011-05-17,84,201,274,310
Gulf of Aden,2011-05-18,84,201,274,310
Gulf of Aden,2011-05-19,83,196,272,310
Gulf of Aden,2011-05-20,83,192,273,310
Gulf of Aden,2011-05-21,84,188,274,311
Gulf of Aden,2011-05-22,86,188,276,313
Gulf of Aden,2011-05-23,86,185,276,312
Gulf of Aden,2011-05-24,86,184,276,312
Gulf of Aden,2011-05-25,87,185,276,312
Gulf of Aden,2011-05-26,82,184,277,313
Gulf of Aden,2011-05-27,82,184,277,313
Gulf of Aden,2011-05-28,81,181,277,310
Gulf of Aden,2011-05-29,80,182,278,311
Gulf of Aden,2011-05-30,79,182,278,310
Gulf of Aden,2011-05-31,80,184,280,312
Gulf of Aden,2011-06-01,75,184,280,312
Gulf of Aden,2011-06-02,70,184,280,311
Gulf of Aden,2011-06-03,67,183,279,311
Gulf of Aden,2011-06-04,66,183,279,311
Gulf of Aden,2011-06-05,66,183,277,311
Gulf of Aden,2011-06-06,67,184,278,312
Gulf of Aden,2011-06-07,68,185,279,313
Gulf of Aden,2011-06-08,66,182,277,312
Gulf of Aden,2011-06-09,65,182,277,312
Gulf of Aden,2011-06-10,65,183,278,312
Gulf of Aden,2011-06-11,71,186,283,318
Gulf of Aden,2011-06-12,72,185,284,319
Gulf of Aden,2011-06-13,71,184,284,317
Gulf of Aden,2011-06-14,70,184,284,317
Gulf of Aden,2011-06-15,71,184,285,318
Gulf of Aden,2011-06-16,72,185,285,318
Gulf of Aden,2011-06-17,72,184,284,318
Gulf of Aden,2011-06-18,72,184,284,318
Gulf of Aden,2011-06-19,70,183,284,317
Gulf of Aden,2011-06-20,69,179,284,317
Gulf of Aden,2011-06-21,67,179,283,317
Gulf of Aden,2011-06-22,64,179,282,316
Gulf of Aden,2011-06-23,63,178,281,315
Gulf of Aden,2011-06-24,64,179,282,316
Gulf of Aden,2011-06-25,63,176,280,316
Gulf of Aden,2011-06-26,64,178,279,318
Gulf of Aden,2011-06-27,62,178,278,318
Gulf of Aden,2011-06-28,62,178,278,318
Gulf of Aden,2011-06-29,63,179,277,317
Gulf of Aden,2011-06-30,61,174,274,316
Gulf of Aden,2011-07-01,60,172,274,316
Gulf of Aden,2011-07-02,60,167,273,316
Gulf of Aden,2011-07-03,60,166,273,316
Gulf of Aden,2011-07-04,58,166,273,314
Gulf of Aden,2011-07-05,58,161,273,314
Gulf of Aden,2011-07-06,59,161,274,315
Gulf of Aden,2011-07-07,57,160,273,315
Gulf of Aden,2011-07-08,57,160,274,316
Gulf of Aden,2011-07-09,56,159,273,316
Gulf of Aden,2011-07-10,55,156,273,316
Gulf of Aden,2011-07-11,53,152,271,316
Gulf of Aden,2011-07-12,53,150,271,316
Gulf of Aden,2011-07-13,54,147,272,316
Gulf of Aden,2011-07-14,54,145,269,316
Gulf of Aden,2011-07-15,54,144,267,316
Gulf of Aden,2011-07-16,54,141,266,316
Gulf of Aden,2011-07-17,53,140,265,317
Gulf of Aden,2011-07-18,54,139,266,318
Gulf of Aden,2011-07-19,53,135,265,318
Gulf of Aden,2011-07-20,54,136,266,320
Gulf of Aden,2011-07-21,54,137,266,321
Gulf of Aden,2011-07-22,57,140,269,324
Gulf of Aden,2011-07-23,56,141,270,325
Gulf of Aden,2011-07-24,56,140,269,324
Gulf of Aden,2011-07-25,56,139,267,324
Gulf of Aden,2011-07-26,56,139,267,323
Gulf of Aden,2011-07-27,55,138,265,322
Gulf of Aden,2011-07-28,55,138,265,320
Gulf of Aden,2011-07-29,55,137,265,318
Gulf of Aden,2011-07-30,55,137,263,317
Gulf of Aden,2011-07-31,55,135,262,315
Gulf of Aden,2011-08-01,54,133,262,315
Gulf of Aden,2011-08-02,53,132,262,315
Gulf of Aden,2011-08-03,50,132,261,315
Gulf of Aden,2011-08-04,49,130,261,315
Gulf of Aden,2011-08-05,49,130,261,315
Gulf of Aden,2011-08-06,49,131,259,315
Gulf of Aden,2011-08-07,49,129,258,315
Gulf of Aden,2011-08-08,47,128,251,315
Gulf of Aden,2011-08-09,47,128,250,316
Gulf of Aden,2011-08-10,47,128,248,316
Gulf of Aden,2011-08-11,47,127,249,317
Gulf of Aden,2011-08-12,46,127,249,318
Gulf of Aden,2011-08-13,45,127,249,317
Gulf of Aden,2011-08-14,44,127,249,317
Gulf of Aden,2011-08-15,43,127,244,317
Gulf of Aden,2011-08-16,43,127,244,317
Gulf of Aden,2011-08-17,45,128,241,317
Gulf of Aden,2011-08-18,44,127,236,317
Gulf of Aden,2011-08-19,43,127,231,317
Gulf of Aden,2011-08-20,42,128,230,318
Gulf of Aden,2011-08-21,43,129,228,319
Gulf of Aden,2011-08-22,43,129,227,319
Gulf of Aden,2011-08-23,42,129,227,318
Gulf of Aden,2011-08-24,42,124,226,319
Gulf of Aden,2011-08-25,42,124,226,319
Gulf of Aden,2011-08-26,42,123,223,319
Gulf of Aden,2011-08-27,41,121,223,319
Gulf of Aden,2011-08-28,41,120,223,319
Gulf of Aden,2011-08-29,40,120,224,320
Gulf of Aden,2011-08-30,40,115,224,320
Gulf of Aden,2011-08-31,40,110,224,320
Gulf of Aden,2011-09-01,40,107,223,319
Gulf of Aden,2011-09-02,40,106,223,319
Gulf of Aden,2011-09-03,40,106,223,317
Gulf of Aden,2011-09-04,39,106,223,317
Gulf of Aden,2011-09-05,38,106,223,317
Gulf of Aden,2011-09-06,38,104,220,315
Gulf of Aden,2011-09-07,38,103,220,315
Gulf of Aden,2011-09-08,38,103,221,316
Gulf of Aden,2011-09-09,32,103,218,315
Gulf of Aden,2011-09-10,33,105,218,317
Gulf of Aden,2011-09-11,33,104,217,317
Gulf of Aden,2011-09-12,33,103,217,317
Gulf of Aden,2011-09-13,32,103,216,317
Gulf of Aden,2011-09-14,31,103,216,316
Gulf of Aden,2011-09-15,32,104,216,316
Gulf of Aden,2011-09-16,32,104,216,316
Gulf of Aden,2011-09-17,32,102,215,316
Gulf of Aden,2011-09-18,32,101,211,316
Gulf of Aden,2011-09-19,32,99,211,315
Gulf of Aden,2011-09-20,32,96,211,314
Gulf of Aden,2011-09-21,32,95,210,313
Gulf of Aden,2011-09-22,31,95,210,313
Gulf of Aden,2011-09-23,31,94,207,311
Gulf of Aden,2011-09-24,30,94,208,309
Gulf of Aden,2011-09-25,32,94,210,310
Gulf of Aden,2011-09-26,32,94,210,310
Gulf of Aden,2011-09-27,31,94,210,308
Gulf of Aden,2011-09-28,36,97,210,310
Gulf of Aden,2011-09-29,37,97,209,311
Gulf of Aden,2011-09-30,37,97,204,310
Gulf of Aden,2011-10-01,37,97,203,310
Gulf of Aden,2011-10-02,44,102,210,317
Gulf of Aden,2011-10-03,45,103,206,318
Gulf of Aden,2011-10-04,44,103,205,318
Gulf of Aden,2011-10-05,44,101,204,317
Gulf of Aden,2011-10-06,43,100,203,317
Gulf of Aden,2011-10-07,43,99,202,316
Gulf of Aden,2011-10-08,44,99,200,317
Gulf of Aden,2011-10-09,44,97,196,315
Gulf of Aden,2011-10-10,45,98,195,316
Gulf of Aden,2011-10-11,44,98,191,316
Gulf of Aden,2011-10-12,44,98,189,313
Gulf of Aden,2011-10-13,44,98,188,311
Gulf of Aden,2011-10-14,43,97,184,309
Gulf of Aden,2011-10-15,44,97,184,309
Gulf of Aden,2011-10-16,44,98,183,310
Gulf of Aden,2011-10-17,44,97,179,309
Gulf of Aden,2011-10-18,42,96,178,308
Gulf of Aden,2011-10-19,41,95,178,307
Gulf of Aden,2011-10-20,38,95,178,307
Gulf of Aden,2011-10-21,37,93,178,307
Gulf of Aden,2011-10-22,37,93,177,306
Gulf of Aden,2011-10-23,38,94,177,305
Gulf of Aden,2011-10-24,38,94,177,305
Gulf of Aden,2011-10-25,38,93,176,303
Gulf of Aden,2011-10-26,38,93,176,303
Gulf of Aden,2011-10-27,38,93,175,303
Gulf of Aden,2011-10-28,38,93,175,301
Gulf of Aden,2011-10-29,38,93,173,300
Gulf of Aden,2011-10-30,38,92,171,300
Gulf of Aden,2011-10-31,41,94,173,303
Gulf of Aden,2011-11-01,42,92,174,303
Gulf of Aden,2011-11-02,42,91,172,303
Gulf of Aden,2011-11-03,42,91,172,303
Gulf of Aden,2011-11-04,41,90,172,300
Gulf of Aden,2011-11-05,41,90,170,299
Gulf of Aden,2011-11-06,41,88,169,292
Gulf of Aden,2011-11-07,40,87,168,290
Gulf of Aden,2011-11-08,40,87,168,288
Gulf of Aden,2011-11-09,39,86,166,288
Gulf of Aden,2011-11-10,38,84,165,287
Gulf of Aden,2011-11-11,39,84,166,288
Gulf of Aden,2011-11-12,39,83,166,288
Gulf of Aden,2011-11-13,39,82,166,283
Gulf of Aden,2011-11-14,39,82,166,283
Gulf of Aden,2011-11-15,38,83,166,279
Gulf of Aden,2011-11-16,38,82,165,274
Gulf of Aden,2011-11-17,38,81,165,269
Gulf of Aden,2011-11-18,38,80,166,268
Gulf of Aden,2011-11-19,37,80,166,265
Gulf of Aden,2011-11-20,38,81,167,265
Gulf of Aden,2011-11-21,37,79,166,264
Gulf of Aden,2011-11-22,36,78,160,262
Gulf of Aden,2011-11-23,36,78,160,262
Gulf of Aden,2011-11-24,36,78,159,259
Gulf of Aden,2011-11-25,36,77,157,259
Gulf of Aden,2011-11-26,36,77,156,259
Gulf of Aden,2011-11-27,35,75,155,259
Gulf of Aden,2011-11-28,35,75,150,259
Gulf of Aden,2011-11-29,36,76,146,260
Gulf of Aden,2011-11-30,38,78,145,261
Gulf of Aden,2011-12-01,38,78,144,261
Gulf of Aden,2011-12-02,38,78,144,261
Gulf of Aden,2011-12-03,38,77,144,261
Gulf of Aden,2011-12-04,39,77,145,262
Gulf of Aden,2011-12-05,39,77,143,259
Gulf of Aden,2011-12-06,39,77,142,259
Gulf of Aden,2011-12-07,38,76,141,259
Gulf of Aden,2011-12-08,38,70,141,256
Gulf of Aden,2011-12-09,36,69,141,254
Gulf of Aden,2011-12-10,36,69,140,253
Gulf of Aden,2011-12-11,36,69,139,253
Gulf of Aden,2011-12-12,36,68,139,252
Gulf of Aden,2011-12-13,36,67,139,252
Gulf of Aden,2011-12-14,35,67,139,251
Gulf of Aden,2011-12-15,35,67,139,251
Gulf of Aden,2011-12-16,35,67,137,250
Gulf of Aden,2011-12-17,35,67,136,246
Gulf of Aden,2011-12-18,35,67,134,246
Gulf of Aden,2011-12-19,37,69,133,248
Gulf of Aden,2011-12-20,37,69,132,247
Gulf of Aden,2011-12-21,37,68,132,247
Gulf of Aden,2011-12-22,37,68,131,244
Gulf of Aden,2011-12-23,36,66,130,244
Gulf of Aden,2011-12-24,34,66,128,244
Gulf of Aden,2011-12-25,34,66,128,244
Gulf of Aden,2011-12-26,34,65,128,244
Gulf of Aden,2011-12-27,30,66,127,240
Gulf of Aden,2011-12-28,29,66,126,238
Gulf of Aden,2011-12-29,29,66,126,233
Gulf of Aden,2011-12-30,29,66,126,232
Gulf of Aden,2011-12-31,22,66,124,232
Gulf of Aden,2012-01-01,21,66,124,227
Gulf of Aden,2012-01-02,21,65,124,226
Gulf of Aden,2012-01-03,21,65,122,225
Gulf of Aden,2012-01-04,26,69,126,229
Gulf of Aden,2012-01-05,27,70,126,229
Gulf of Aden,2012-01-06,26,70,125,226
Gulf of Aden,2012-01-07,26,70,123,222
Gulf of Aden,2012-01-08,25,70,123,220
Gulf of Aden,2012-01-09,25,69,123,216
Gulf of Aden,2012-01-10,25,69,123,214
Gulf of Aden,2012-01-11,25,69,123,213
Gulf of Aden,2012-01-12,29,72,126,213
Gulf of Aden,2012-01-13,27,71,124,211
Gulf of Aden,2012-01-14,27,71,125,210
Gulf of Aden,2012-01-15,27,71,124,206
Gulf of Aden,2012-01-16,29,71,125,207
Gulf of Aden,2012-01-17,30,71,125,208
Gulf of Aden,2012-01-18,30,68,125,208
Gulf of Aden,2012-01-19,30,67,123,208
Gulf of Aden,2012-01-20,30,67,123,207
Gulf of Aden,2012-01-21,29,67,123,206
Gulf of Aden,2012-01-22,29,67,123,206
Gulf of Aden,2012-01-23,29,67,122,205
Gulf of Aden,2012-01-24,30,68,123,206
Gulf of Aden,2012-01-25,30,68,123,205
Gulf of Aden,2012-01-26,30,68,123,205
Gulf of Aden,2012-01-27,30,68,123,203
Gulf of Aden,2012-01-28,31,69,123,202
Gulf of Aden,2012-01-29,28,69,122,201
Gulf of Aden,2012-01-30,27,69,119,201
Gulf of Aden,2012-01-31,27,69,118,199
Gulf of Aden,2012-02-01,27,69,118,199
Gulf of Aden,2012-02-02,27,68,117,199
Gulf of Aden,2012-02-03,27,68,117,197
Gulf of Aden,2012-02-04,27,68,115,196
Gulf of Aden,2012-02-05,27,67,114,195
Gulf of Aden,2012-02-06,29,69,116,197
Gulf of Aden,2012-02-07,31,70,117,197
Gulf of Aden,2012-02-08,32,70,116,197
Gulf of Aden,2012-02-09,32,71,116,198
Gulf of Aden,2012-02-10,32,71,115,198
Gulf of Aden,2012-02-11,32,71,114,198
Gulf of Aden,2012-02-12,32,71,114,198
Gulf of Aden,2012-02-13,31,69,114,197
Gulf of Aden,2012-02-14,31,69,113,196
Gulf of Aden,2012-02-15,32,70,113,197
Gulf of Aden,2012-02-16,31,69,111,197
Gulf of Aden,2012-02-17,32,69,112,198
Gulf of Aden,2012-02-18,31,69,112,198
Gulf of Aden,2012-02-19,31,68,110,197
Gulf of Aden,2012-02-20,31,67,109,191
Gulf of Aden,2012-02-21,31,67,109,191
Gulf of Aden,2012-02-22,32,68,110,191
Gulf of Aden,2012-02-23,32,68,109,189
Gulf of Aden,2012-02-24,32,68,109,188
Gulf of Aden,2012-02-25,34,69,109,189
Gulf of Aden,2012-02-26,34,69,109,184
Gulf of Aden,2012-02-27,34,70,110,180
Gulf of Aden,2012-02-28,34,72,112,179
Gulf of Aden,2012-02-29,34,72,112,178
Gulf of Aden,2012-03-01,34,72,112,178
Gulf of Aden,2012-03-02,36,74,113,180
Gulf of Aden,2012-03-03,35,74,112,180
Gulf of Aden,2012-03-04,35,74,112,178
Gulf of Aden,2012-03-05,35,74,112,177
Gulf of Aden,2012-03-06,37,75,113,178
Gulf of Aden,2012-03-07,37,75,107,178
Gulf of Aden,2012-03-08,37,73,106,178
Gulf of Aden,2012-03-09,37,73,106,177
Gulf of Aden,2012-03-10,38,74,107,177
Gulf of Aden,2012-03-11,41,77,109,180
Gulf of Aden,2012-03-12,41,77,108,180
Gulf of Aden,2012-03-13,41,76,108,180
Gulf of Aden,2012-03-14,41,76,108,180
Gulf of Aden,2012-03-15,41,76,108,178
Gulf of Aden,2012-03-16,41,76,108,177
Gulf of Aden,2012-03-17,43,78,110,177
Gulf of Aden,2012-03-18,41,78,110,174
Gulf of Aden,2012-03-19,42,79,111,174
Gulf of Aden,2012-03-20,42,79,110,174
Gulf of Aden,2012-03-21,42,79,110,173
Gulf of Aden,2012-03-22,43,79,109,173
Gulf of Aden,2012-03-23,45,79,111,173
Gulf of Aden,2012-03-24,48,82,114,176
Gulf of Aden,2012-03-25,50,84,115,178
Gulf of Aden,2012-03-26,50,80,116,177
Gulf of Aden,2012-03-27,50,79,116,176
Gulf of Aden,2012-03-28,52,81,118,178
Gulf of Aden,2012-03-29,52,81,118,178
Gulf of Aden,2012-03-30,52,74,118,176
Gulf of Aden,2012-03-31,52,73,118,176
Gulf of Aden,2012-04-01,52,73,117,176
Gulf of Aden,2012-04-02,52,73,117,174
Gulf of Aden,2012-04-03,47,73,116,173
Gulf of Aden,2012-04-04,48,75,118,174
Gulf of Aden,2012-04-05,48,74,118,173
Gulf of Aden,2012-04-06,49,75,119,172
Gulf of Aden,2012-04-07,49,74,119,172
Gulf of Aden,2012-04-08,49,74,118,172
Gulf of Aden,2012-04-09,50,75,119,173
Gulf of Aden,2012-04-10,50,75,119,173
Gulf of Aden,2012-04-11,46,75,118,172
Gulf of Aden,2012-04-12,46,73,117,170
Gulf of Aden,2012-04-13,45,72,116,170
Gulf of Aden,2012-04-14,46,73,117,170
Gulf of Aden,2012-04-15,44,73,115,169
Gulf of Aden,2012-04-16,43,73,114,168
Gulf of Aden,2012-04-17,43,73,111,168
Gulf of Aden,2012-04-18,43,73,110,166
Gulf of Aden,2012-04-19,43,73,110,166
Gulf of Aden,2012-04-20,43,72,110,166
Gulf of Aden,2012-04-21,44,73,111,167
Gulf of Aden,2012-04-22,44,73,111,166
Gulf of Aden,2012-04-23,43,73,111,166
Gulf of Aden,2012-04-24,44,74,112,167
Gulf of Aden,2012-04-25,44,74,112,167
Gulf of Aden,2012-04-26,46,76,114,169
Gulf of Aden,2012-04-27,45,76,114,168
Gulf of Aden,2012-04-28,45,73,114,167
Gulf of Aden,2012-04-29,46,73,115,165
Gulf of Aden,2012-04-30,46,73,115,164
Gulf of Aden,2012-05-01,46,73,115,164
Gulf of Aden,2012-05-02,46,73,114,163
Gulf of Aden,2012-05-03,46,73,114,163
Gulf of Aden,2012-05-04,48,75,116,163
Gulf of Aden,2012-05-05,48,75,115,162
Gulf of Aden,2012-05-06,46,75,115,162
Gulf of Aden,2012-05-07,47,78,117,164
Gulf of Aden,2012-05-08,46,78,116,162
Gulf of Aden,2012-05-09,46,78,117,162
Gulf of Aden,2012-05-10,49,81,120,164
Gulf of Aden,2012-05-11,49,81,120,163
Gulf of Aden,2012-05-12,49,81,120,163
Gulf of Aden,2012-05-13,49,80,118,163
Gulf of Aden,2012-05-14,49,80,118,162
Gulf of Aden,2012-05-15,48,80,118,161
Gulf of Aden,2012-05-16,48,79,117,159
Gulf of Aden,2012-05-17,47,79,116,159
Gulf of Aden,2012-05-18,47,78,116,159
Gulf of Aden,2012-05-19,47,78,115,157
Gulf of Aden,2012-05-20,47,78,114,156
Gulf of Aden,2012-05-21,47,78,114,156
Gulf of Aden,2012-05-22,46,78,114,156
Gulf of Aden,2012-05-23,48,80,116,157
Gulf of Aden,2012-05-24,48,80,116,157
Gulf of Aden,2012-05-25,46,80,115,155
Gulf of Aden,2012-05-26,46,80,115,155
Gulf of Aden,2012-05-27,45,79,115,155
Gulf of Aden,2012-05-28,43,77,115,155
Gulf of Aden,2012-05-29,43,77,115,155
Gulf of Aden,2012-05-30,43,77,115,155
Gulf of Aden,2012-05-31,41,77,115,154
Gulf of Aden,2012-06-01,41,76,115,153
Gulf of Aden,2012-06-02,41,76,115,153
Gulf of Aden,2012-06-03,41,76,115,153
Gulf of Aden,2012-06-04,39,76,114,152
Gulf of Aden,2012-06-05,39,76,114,146
Gulf of Aden,2012-06-06,39,76,112,145
Gulf of Aden,2012-06-07,42,79,115,148
Gulf of Aden,2012-06-08,41,79,115,148
Gulf of Aden,2012-06-09,39,80,116,148
Gulf of Aden,2012-06-10,39,80,116,147
Gulf of Aden,2012-06-11,39,80,115,147
Gulf of Aden,2012-06-12,40,81,116,148
Gulf of Aden,2012-06-13,40,81,116,148
Gulf of Aden,2012-06-14,40,81,116,148
Gulf of Aden,2012-06-15,38,81,116,148
Gulf of Aden,2012-06-16,38,79,116,148
Gulf of Aden,2012-06-17,37,79,116,148
Gulf of Aden,2012-06-18,39,81,118,149
Gulf of Aden,2012-06-19,39,81,118,149
Gulf of Aden,2012-06-20,40,83,119,149
Gulf of Aden,2012-06-21,38,83,117,149
Gulf of Aden,2012-06-22,35,83,117,149
Gulf of Aden,2012-06-23,33,83,117,148
Gulf of Aden,2012-06-24,32,82,112,148
Gulf of Aden,2012-06-25,33,83,112,149
Gulf of Aden,2012-06-26,31,83,112,149
Gulf of Aden,2012-06-27,32,84,113,150
Gulf of Aden,2012-06-28,32,84,106,150
Gulf of Aden,2012-06-29,32,84,105,150
Gulf of Aden,2012-06-30,32,84,105,149
Gulf of Aden,2012-07-01,32,84,105,149
Gulf of Aden,2012-07-02,32,79,105,148
Gulf of Aden,2012-07-03,30,78,105,148
Gulf of Aden,2012-07-04,30,78,104,148
Gulf of Aden,2012-07-05,29,78,104,148
Gulf of Aden,2012-07-06,29,78,103,148
Gulf of Aden,2012-07-07,29,78,103,147
Gulf of Aden,2012-07-08,28,78,103,147
Gulf of Aden,2012-07-09,28,78,103,147
Gulf of Aden,2012-07-10,28,74,103,146
Gulf of Aden,2012-07-11,28,74,101,145
Gulf of Aden,2012-07-12,28,73,100,144
Gulf of Aden,2012-07-13,27,73,100,144
Gulf of Aden,2012-07-14,27,71,100,142
Gulf of Aden,2012-07-15,27,70,100,141
Gulf of Aden,2012-07-16,27,70,100,138
Gulf of Aden,2012-07-17,27,70,100,137
Gulf of Aden,2012-07-18,27,70,100,137
Gulf of Aden,2012-07-19,27,70,99,137
Gulf of Aden,2012-07-20,26,70,99,137
Gulf of Aden,2012-07-21,26,70,99,137
Gulf of Aden,2012-07-22,26,69,99,137
Gulf of Aden,2012-07-23,25,69,99,137
Gulf of Aden,2012-07-24,25,69,99,137
Gulf of Aden,2012-07-25,23,69,99,137
Gulf of Aden,2012-07-26,23,68,99,137
Gulf of Aden,2012-07-27,24,69,97,138
Gulf of Aden,2012-07-28,23,69,96,138
Gulf of Aden,2012-07-29,23,69,96,138
Gulf of Aden,2012-07-30,23,69,96,138
Gulf of Aden,2012-07-31,23,69,96,137
Gulf of Aden,2012-08-01,23,69,96,137
Gulf of Aden,2012-08-02,21,69,96,137
Gulf of Aden,2012-08-03,21,69,96,136
Gulf of Aden,2012-08-04,21,67,96,136
Gulf of Aden,2012-08-05,18,65,96,135
Gulf of Aden,2012-08-06,18,64,96,134
Gulf of Aden,2012-08-07,17,63,95,134
Gulf of Aden,2012-08-08,14,63,95,134
Gulf of Aden,2012-08-09,14,63,95,134
Gulf of Aden,2012-08-10,14,63,95,134
Gulf of Aden,2012-08-11,14,63,94,132
Gulf of Aden,2012-08-12,14,63,94,132
Gulf of Aden,2012-08-13,14,62,94,132
Gulf of Aden,2012-08-14,14,62,93,131
Gulf of Aden,2012-08-15,14,61,93,130
Gulf of Aden,2012-08-16,14,61,92,130
Gulf of Aden,2012-08-17,14,61,92,129
Gulf of Aden,2012-08-18,14,61,92,128
Gulf of Aden,2012-08-19,14,61,92,128
Gulf of Aden,2012-08-20,14,60,92,128
Gulf of Aden,2012-08-21,12,60,92,128
Gulf of Aden,2012-08-22,12,60,92,128
Gulf of Aden,2012-08-23,12,58,92,127
Gulf of Aden,2012-08-24,12,58,92,127
Gulf of Aden,2012-08-25,12,57,91,127
Gulf of Aden,2012-08-26,12,55,89,127
Gulf of Aden,2012-08-27,12,55,89,127
Gulf of Aden,2012-08-28,12,55,89,127
Gulf of Aden,2012-08-29,12,53,89,127
Gulf of Aden,2012-08-30,12,53,88,127
Gulf of Aden,2012-08-31,12,53,88,127
Gulf of Aden,2012-09-01,12,53,88,127
Gulf of Aden,2012-09-02,12,51,88,126
Gulf of Aden,2012-09-03,12,51,88,126
Gulf of Aden,2012-09-04,12,51,88,124
Gulf of Aden,2012-09-05,9,51,88,124
Gulf of Aden,2012-09-06,9,50,88,124
Gulf of Aden,2012-09-07,8,47,88,124
Gulf of Aden,2012-09-08,8,47,88,124
Gulf of Aden,2012-09-09,8,47,88,123
Gulf of Aden,2012-09-10,7,47,88,123
Gulf of Aden,2012-09-11,7,47,88,123
Gulf of Aden,2012-09-12,7,47,88,123
Gulf of Aden,2012-09-13,7,45,88,123
Gulf of Aden,2012-09-14,7,45,86,123
Gulf of Aden,2012-09-15,7,44,86,123
Gulf of Aden,2012-09-16,5,44,86,123
Gulf of Aden,2012-09-17,5,44,86,123
Gulf of Aden,2012-09-18,3,43,86,122
Gulf of Aden,2012-09-19,3,41,86,120
Gulf of Aden,2012-09-20,3,38,86,120
Gulf of Aden,2012-09-21,3,36,86,120
Gulf of Aden,2012-09-22,3,35,85,115
Gulf of Aden,2012-09-23,2,35,85,114
Gulf of Aden,2012-09-24,3,34,86,115
Gulf of Aden,2012-09-25,2,34,86,115
Gulf of Aden,2012-09-26,2,34,86,108
Gulf of Aden,2012-09-27,2,34,86,107
Gulf of Aden,2012-09-28,2,34,86,107
Gulf of Aden,2012-09-29,2,34,86,107
Gulf of Aden,2012-09-30,2,34,81,107
Gulf of Aden,2012-10-01,2,32,80,107
Gulf of Aden,2012-10-02,2,32,80,106
Gulf of Aden,2012-10-03,2,31,80,106
Gulf of Aden,2012-10-04,2,31,80,105
Gulf of Aden,2012-10-05,2,31,80,105
Gulf of Aden,2012-10-06,2,30,80,105
Gulf of Aden,2012-10-07,2,30,80,105
Gulf of Aden,2012-10-08,2,30,76,105
Gulf of Aden,2012-10-09,2,30,76,103
Gulf of Aden,2012-10-10,4,32,77,104
Gulf of Aden,2012-10-11,4,31,77,104
Gulf of Aden,2012-10-12,4,31,75,104
Gulf of Aden,2012-10-13,4,31,74,104
Gulf of Aden,2012-10-14,4,31,74,104
Gulf of Aden,2012-10-15,4,31,74,104
Gulf of Aden,2012-10-16,4,31,74,104
Gulf of Aden,2012-10-17,4,31,74,103
Gulf of Aden,2012-10-18,4,30,74,103
Gulf of Aden,2012-10-19,6,32,76,105
Gulf of Aden,2012-10-20,6,32,75,105
Gulf of Aden,2012-10-21,6,31,75,105
Gulf of Aden,2012-10-22,6,31,75,105
Gulf of Aden,2012-10-23,6,29,75,105
Gulf of Aden,2012-10-24,7,30,75,106
Gulf of Aden,2012-10-25,6,30,75,103
Gulf of Aden,2012-10-26,6,29,75,102
Gulf of Aden,2012-10-27,6,29,75,102
Gulf of Aden,2012-10-28,6,29,75,102
Gulf of Aden,2012-10-29,6,29,75,102
Gulf of Aden,2012-10-30,6,29,75,102
Gulf of Aden,2012-10-31,6,27,75,102
Gulf of Aden,2012-11-01,8,29,77,104
Gulf of Aden,2012-11-02,8,29,75,104
Gulf of Aden,2012-11-03,8,26,73,104
Gulf of Aden,2012-11-04,8,26,72,104
Gulf of Aden,2012-11-05,8,25,71,103
Gulf of Aden,2012-11-06,8,22,71,103
Gulf of Aden,2012-11-07,8,22,71,103
Gulf of Aden,2012-11-08,8,22,71,103
Gulf of Aden,2012-11-09,8,22,71,102
Gulf of Aden,2012-11-10,8,22,71,102
Gulf of Aden,2012-11-11,8,22,70,102
Gulf of Aden,2012-11-12,8,22,70,101
Gulf of Aden,2012-11-13,8,22,69,101
Gulf of Aden,2012-11-14,8,22,69,100
Gulf of Aden,2012-11-15,8,22,69,100
Gulf of Aden,2012-11-16,8,22,69,100
Gulf of Aden,2012-11-17,8,22,69,100
Gulf of Aden,2012-11-18,8,22,68,100
Gulf of Aden,2012-11-19,8,20,68,100
Gulf of Aden,2012-11-20,8,20,68,100
Gulf of Aden,2012-11-21,8,20,66,100
Gulf of Aden,2012-11-22,8,20,66,100
Gulf of Aden,2012-11-23,8,20,65,99
Gulf of Aden,2012-11-24,8,20,63,97
Gulf of Aden,2012-11-25,8,20,63,97
Gulf of Aden,2012-11-26,8,20,63,97
Gulf of Aden,2012-11-27,8,20,61,97
Gulf of Aden,2012-11-28,9,21,62,97
Gulf of Aden,2012-11-29,9,21,62,97
Gulf of Aden,2012-11-30,9,21,62,97
Gulf of Aden,2012-12-01,9,21,60,97
Gulf of Aden,2012-12-02,9,21,60,97
Gulf of Aden,2012-12-03,9,21,60,97
Gulf of Aden,2012-12-04,9,18,60,97
Gulf of Aden,2012-12-05,9,18,59,97
Gulf of Aden,2012-12-06,9,17,56,97
Gulf of Aden,2012-12-07,9,17,56,97
Gulf of Aden,2012-12-08,9,17,56,97
Gulf of Aden,2012-12-09,9,16,56,97
Gulf of Aden,2012-12-10,9,16,56,97
Gulf of Aden,2012-12-11,9,16,56,97
Gulf of Aden,2012-12-12,9,16,54,97
Gulf of Aden,2012-12-13,9,16,54,95
Gulf of Aden,2012-12-14,9,16,53,95
Gulf of Aden,2012-12-15,12,17,56,98
Gulf of Aden,2012-12-16,13,18,57,99
Gulf of Aden,2012-12-17,13,16,56,99
Gulf of Aden,2012-12-18,13,16,54,99
Gulf of Aden,2012-12-19,13,16,51,99
Gulf of Aden,2012-12-20,16,19,52,102
Gulf of Aden,2012-12-21,16,19,51,101
Gulf of Aden,2012-12-22,16,18,51,101
Gulf of Aden,2012-12-23,15,18,49,101
Gulf of Aden,2012-12-24,15,17,49,101
Gulf of Aden,2012-12-25,15,17,49,101
Gulf of Aden,2012-12-26,15,17,49,101
Gulf of Aden,2012-12-27,16,18,50,102
Gulf of Aden,2012-12-28,16,18,50,102
Gulf of Aden,2012-12-29,16,18,50,97
Gulf of Aden,2012-12-30,16,18,48,96
Gulf of Aden,2012-12-31,16,18,48,96
Gulf of Aden,2013-01-01,17,19,48,97
Gulf of Aden,2013-01-02,17,19,48,97
Gulf of Aden,2013-01-03,17,19,48,97
Gulf of Aden,2013-01-04,17,19,47,97
Gulf of Aden,2013-01-05,18,20,48,98
Gulf of Aden,2013-01-06,18,20,48,94
Gulf of Aden,2013-01-07,18,20,48,94
Gulf of Aden,2013-01-08,17,21,49,94
Gulf of Aden,2013-01-09,17,21,48,94
Gulf of Aden,2013-01-10,17,21,48,92
Gulf of Aden,2013-01-11,17,21,48,91
Gulf of Aden,2013-01-12,17,21,48,91
Gulf of Aden,2013-01-13,17,21,48,91
Gulf of Aden,2013-01-14,17,21,48,91
Gulf of Aden,2013-01-15,17,21,48,91
Gulf of Aden,2013-01-16,17,21,47,91
Gulf of Aden,2013-01-17,15,21,47,91
Gulf of Aden,2013-01-18,15,21,47,90
Gulf of Aden,2013-01-19,15,21,46,90
Gulf of Aden,2013-01-20,15,21,46,90
Gulf of Aden,2013-01-21,15,21,44,90
Gulf of Aden,2013-01-22,14,21,44,89
Gulf of Aden,2013-01-23,14,20,44,89
Gulf of Aden,2013-01-24,14,20,43,89
Gulf of Aden,2013-01-25,14,20,43,89
Gulf of Aden,2013-01-26,14,20,43,89
Gulf of Aden,2013-01-27,14,20,43,89
Gulf of Aden,2013-01-28,14,20,43,89
Gulf of Aden,2013-01-29,14,20,41,89
Gulf of Aden,2013-01-30,12,20,41,89
Gulf of Aden,2013-01-31,13,21,42,88
Gulf of Aden,2013-02-01,13,21,39,86
Gulf of Aden,2013-02-02,13,21,39,85
Gulf of Aden,2013-02-03,13,21,38,84
Gulf of Aden,2013-02-04,13,21,35,84
Gulf of Aden,2013-02-05,13,21,35,84
Gulf of Aden,2013-02-06,13,21,35,84
Gulf of Aden,2013-02-07,13,21,35,84
Gulf of Aden,2013-02-08,13,21,35,84
Gulf of Aden,2013-02-09,13,21,35,83
Gulf of Aden,2013-02-10,13,21,35,83
Gulf of Aden,2013-02-11,13,21,35,82
Gulf of Aden,2013-02-12,13,21,35,82
Gulf of Aden,2013-02-13,13,21,35,82
Gulf of Aden,2013-02-14,13,21,35,82
Gulf of Aden,2013-02-15,13,21,35,82
Gulf of Aden,2013-02-16,13,21,35,81
Gulf of Aden,2013-02-17,13,21,33,81
Gulf of Aden,2013-02-18,14,22,34,82
Gulf of Aden,2013-02-19,14,22,34,80
Gulf of Aden,2013-02-20,14,22,34,80
Gulf of Aden,2013-02-21,14,22,34,79
Gulf of Aden,2013-02-22,15,23,35,78
Gulf of Aden,2013-02-23,15,23,35,78
Gulf of Aden,2013-02-24,15,23,35,78
Gulf of Aden,2013-02-25,16,24,36,77
Gulf of Aden,2013-02-26,15,24,36,77
Gulf of Aden,2013-02-27,15,24,36,77
Gulf of Aden,2013-02-28,15,24,36,77
Gulf of Aden,2013-03-01,15,24,36,75
Gulf of Aden,2013-03-02,15,24,36,75
Gulf of Aden,2013-03-03,15,24,36,75
Gulf of Aden,2013-03-04,16,25,34,76
Gulf of Aden,2013-03-05,16,25,34,75
Gulf of Aden,2013-03-06,16,25,33,72
Gulf of Aden,2013-03-07,16,25,33,72
Gulf of Aden,2013-03-08,16,25,33,72
Gulf of Aden,2013-03-09,16,25,32,72
Gulf of Aden,2013-03-10,16,25,32,72
Gulf of Aden,2013-03-11,16,25,32,72
Gulf of Aden,2013-03-12,16,25,32,70
Gulf of Aden,2013-03-13,16,25,32,70
Gulf of Aden,2013-03-14,17,26,33,70
Gulf of Aden,2013-03-15,14,26,31,70
Gulf of Aden,2013-03-16,13,26,31,70
Gulf of Aden,2013-03-17,13,26,29,69
Gulf of Aden,2013-03-18,13,26,29,67
Gulf of Aden,2013-03-19,13,26,29,64
Gulf of Aden,2013-03-20,10,26,29,62
Gulf of Aden,2013-03-21,10,26,29,61
Gulf of Aden,2013-03-22,10,26,28,61
Gulf of Aden,2013-03-23,10,25,28,59
Gulf of Aden,2013-03-24,10,25,27,59
Gulf of Aden,2013-03-25,11,26,28,60
Gulf of Aden,2013-03-26,11,26,28,60
Gulf of Aden,2013-03-27,10,26,28,60
Gulf of Aden,2013-03-28,11,27,29,61
Gulf of Aden,2013-03-29,11,27,29,61
Gulf of Aden,2013-03-30,11,27,29,59
Gulf of Aden,2013-03-31,11,27,29,59
Gulf of Aden,2013-04-01,10,27,29,58
Gulf of Aden,2013-04-02,10,27,29,58
Gulf of Aden,2013-04-03,10,27,29,58
Gulf of Aden,2013-04-04,10,27,29,57
Gulf of Aden,2013-04-05,9,27,29,57
Gulf of Aden,2013-04-06,9,27,29,57
Gulf of Aden,2013-04-07,9,27,29,57
Gulf of Aden,2013-04-08,8,25,29,57
Gulf of Aden,2013-04-09,8,25,29,56
Gulf of Aden,2013-04-10,8,25,29,56
Gulf of Aden,2013-04-11,8,25,29,56
Gulf of Aden,2013-04-12,8,25,29,56
Gulf of Aden,2013-04-13,8,25,29,56
Gulf of Aden,2013-04-14,8,25,29,56
Gulf of Aden,2013-04-15,8,25,29,56
Gulf of Aden,2013-04-16,8,25,29,55
Gulf of Aden,2013-04-17,8,23,29,55
Gulf of Aden,2013-04-18,8,23,29,55
Gulf of Aden,2013-04-19,8,23,29,54
Gulf of Aden,2013-04-20,8,23,29,54
Gulf of Aden,2013-04-21,8,23,29,52
Gulf of Aden,2013-04-22,8,22,29,52
Gulf of Aden,2013-04-23,8,22,28,52
Gulf of Aden,2013-04-24,8,22,28,51
Gulf of Aden,2013-04-25,8,22,28,51
Gulf of Aden,2013-04-26,8,22,28,51
Gulf of Aden,2013-04-27,8,22,28,51
Gulf of Aden,2013-04-28,8,22,28,51
Gulf of Aden,2013-04-29,8,22,28,49
Gulf of Aden,2013-04-30,8,20,28,49
Gulf of Aden,2013-05-01,7,20,28,49
Gulf of Aden,2013-05-02,7,20,28,46
Gulf of Aden,2013-05-03,7,20,28,46
Gulf of Aden,2013-05-04,7,20,28,45
Gulf of Aden,2013-05-05,8,21,29,43
Gulf of Aden,2013-05-06,9,22,30,44
Gulf of Aden,2013-05-07,10,23,31,45
Gulf of Aden,2013-05-08,10,23,31,45
Gulf of Aden,2013-05-09,10,23,31,45
Gulf of Aden,2013-05-10,10,23,31,45
Gulf of Aden,2013-05-11,11,24,32,46
Gulf of Aden,2013-05-12,11,24,32,46
Gulf of Aden,2013-05-13,11,24,32,46
Gulf of Aden,2013-05-14,11,24,32,46
Gulf of Aden,2013-05-15,11,24,32,46
Gulf of Aden,2013-05-16,12,25,33,47
Gulf of Aden,2013-05-17,12,25,33,47
Gulf of Aden,2013-05-18,12,25,33,45
Gulf of Aden,2013-05-19,14,28,36,48
Gulf of Aden,2013-05-20,16,30,38,50
Gulf of Aden,2013-05-21,16,30,38,50
Gulf of Aden,2013-05-22,16,30,38,50
Gulf of Aden,2013-05-23,15,30,38,50
Gulf of Aden,2013-05-24,15,30,38,50
Gulf of Aden,2013-05-25,15,30,38,50
Gulf of Aden,2013-05-26,14,30,38,50
Gulf of Aden,2013-05-27,14,29,38,50
Gulf of Aden,2013-05-28,14,29,38,50
Gulf of Aden,2013-05-29,14,29,38,50
Gulf of Aden,2013-05-30,14,29,38,50
Gulf of Aden,2013-05-31,14,29,38,50
Gulf of Aden,2013-06-01,14,29,38,50
Gulf of Aden,2013-06-02,13,29,38,47
Gulf of Aden,2013-06-03,13,29,38,47
Gulf of Aden,2013-06-04,14,30,39,47
Gulf of Aden,2013-06-05,16,32,41,49
Gulf of Aden,2013-06-06,16,32,41,49
Gulf of Aden,2013-06-07,16,32,41,48
Gulf of Aden,2013-06-08,16,32,41,48
Gulf of Aden,2013-06-09,16,32,41,48
Gulf of Aden,2013-06-10,16,32,41,48
Gulf of Aden,2013-06-11,16,32,41,48
Gulf of Aden,2013-06-12,15,32,41,48
Gulf of Aden,2013-06-13,16,30,42,47
Gulf of Aden,2013-06-14,17,30,43,48
Gulf of Aden,2013-06-15,17,30,43,46
Gulf of Aden,2013-06-16,17,30,43,46
Gulf of Aden,2013-06-17,18,31,44,47
Gulf of Aden,2013-06-18,18,28,44,47
Gulf of Aden,2013-06-19,18,28,44,47
Gulf of Aden,2013-06-20,19,29,45,47
Gulf of Aden,2013-06-21,20,30,45,48
Gulf of Aden,2013-06-22,20,30,45,47
Gulf of Aden,2013-06-23,19,30,45,47
Gulf of Aden,2013-06-24,19,30,45,47
Gulf of Aden,2013-06-25,19,29,45,47
Gulf of Aden,2013-06-26,19,30,46,48
Gulf of Aden,2013-06-27,19,30,46,48
Gulf of Aden,2013-06-28,19,30,46,48
Gulf of Aden,2013-06-29,19,30,46,48
Gulf of Aden,2013-06-30,19,29,46,48
Gulf of Aden,2013-07-01,19,29,46,48
Gulf of Aden,2013-07-02,19,29,46,48
Gulf of Aden,2013-07-03,19,29,46,48
Gulf of Aden,2013-07-04,20,29,47,49
Gulf of Aden,2013-07-05,20,29,47,49
Gulf of Aden,2013-07-06,20,29,47,49
Gulf of Aden,2013-07-07,20,28,45,49
Gulf of Aden,2013-07-08,21,29,46,50
Gulf of Aden,2013-07-09,21,29,46,50
Gulf of Aden,2013-07-10,21,29,46,50
Gulf of Aden,2013-07-11,21,29,46,50
Gulf of Aden,2013-07-12,21,29,46,50
Gulf of Aden,2013-07-13,21,29,46,50
Gulf of Aden,2013-07-14,21,29,46,50
Gulf of Aden,2013-07-15,21,29,46,50
Gulf of Aden,2013-07-16,22,30,45,51
Gulf of Aden,2013-07-17,22,30,45,51
Gulf of Aden,2013-07-18,22,30,45,51
Gulf of Aden,2013-07-19,22,30,45,51
Gulf of Aden,2013-07-20,22,30,45,51
Gulf of Aden,2013-07-21,22,30,44,51
Gulf of Aden,2013-07-22,22,30,44,50
Gulf of Aden,2013-07-23,22,30,44,50
Gulf of Aden,2013-07-24,22,30,44,50
Gulf of Aden,2013-07-25,22,30,44,50
Gulf of Aden,2013-07-26,22,30,44,50
Gulf of Aden,2013-07-27,22,30,44,50
Gulf of Aden,2013-07-28,22,30,44,50
Gulf of Aden,2013-07-29,22,30,42,50
Gulf of Aden,2013-07-30,22,29,42,50
Gulf of Aden,2013-07-31,22,29,42,50
Gulf of Aden,2013-08-01,23,30,43,51
Gulf of Aden,2013-08-02,23,30,43,51
Gulf of Aden,2013-08-03,22,30,43,51
Gulf of Aden,2013-08-04,22,31,44,52
Gulf of Aden,2013-08-05,21,31,44,52
Gulf of Aden,2013-08-06,21,31,44,52
Gulf of Aden,2013-08-07,21,31,44,52
Gulf of Aden,2013-08-08,21,31,44,52
Gulf of Aden,2013-08-09,20,31,44,52
Gulf of Aden,2013-08-10,20,31,44,52
Gulf of Aden,2013-08-11,20,31,44,52
Gulf of Aden,2013-08-12,20,31,44,52
Gulf of Aden,2013-08-13,20,31,44,52
Gulf of Aden,2013-08-14,19,31,44,52
Gulf of Aden,2013-08-15,19,31,44,52
Gulf of Aden,2013-08-16,19,31,44,52
Gulf of Aden,2013-08-17,16,30,44,52
Gulf of Aden,2013-08-18,14,30,44,52
Gulf of Aden,2013-08-19,14,30,44,52
Gulf of Aden,2013-08-20,14,30,44,52
Gulf of Aden,2013-08-21,14,29,44,52
Gulf of Aden,2013-08-22,14,29,44,52
Gulf of Aden,2013-08-23,14,29,44,52
Gulf of Aden,2013-08-24,14,28,44,52
Gulf of Aden,2013-08-25,14,28,43,52
Gulf of Aden,2013-08-26,14,28,43,52
Gulf of Aden,2013-08-27,14,28,43,52
Gulf of Aden,2013-08-28,14,28,43,52
Gulf of Aden,2013-08-29,14,28,43,52
Gulf of Aden,2013-08-30,14,28,43,52
Gulf of Aden,2013-08-31,14,27,43,52
Gulf of Aden,2013-09-01,14,27,43,52
Gulf of Aden,2013-09-02,13,27,43,52
Gulf of Aden,2013-09-03,11,27,43,52
Gulf of Aden,2013-09-04,11,27,43,52
Gulf of Aden,2013-09-05,11,27,43,52
Gulf of Aden,2013-09-06,11,27,43,52
Gulf of Aden,2013-09-07,11,27,43,52
Gulf of Aden,2013-09-08,11,27,43,52
Gulf of Aden,2013-09-09,11,27,43,52
Gulf of Aden,2013-09-10,11,26,43,52
Gulf of Aden,2013-09-11,10,26,40,52
Gulf of Aden,2013-09-12,9,26,39,52
Gulf of Aden,2013-09-13,9,26,39,52
Gulf of Aden,2013-09-14,9,26,39,52
Gulf of Aden,2013-09-15,8,26,39,52
Gulf of Aden,2013-09-16,8,26,36,52
Gulf of Aden,2013-09-17,8,26,36,52
Gulf of Aden,2013-09-18,7,26,36,52
Gulf of Aden,2013-09-19,6,26,36,51
Gulf of Aden,2013-09-20,6,26,36,51
Gulf of Aden,2013-09-21,6,25,36,51
Gulf of Aden,2013-09-22,6,25,36,51
Gulf of Aden,2013-09-23,6,25,35,51
Gulf of Aden,2013-09-24,5,24,35,51
Gulf of Aden,2013-09-25,5,24,35,51
Gulf of Aden,2013-09-26,5,24,35,51
Gulf of Aden,2013-09-27,5,24,35,51
Gulf of Aden,2013-09-28,5,24,34,51
Gulf of Aden,2013-09-29,5,24,34,51
Gulf of Aden,2013-09-30,5,24,34,51
Gulf of Aden,2013-10-01,5,24,34,51
Gulf of Aden,2013-10-02,4,24,33,51
Gulf of Aden,2013-10-03,4,24,33,51
Gulf of Aden,2013-10-04,4,24,33,51
Gulf of Aden,2013-10-05,4,24,32,49
Gulf of Aden,2013-10-06,3,24,32,49
Gulf of Aden,2013-10-07,3,24,32,49
Gulf of Aden,2013-10-08,3,24,32,49
Gulf of Aden,2013-10-09,3,24,32,49
Gulf of Aden,2013-10-10,3,24,32,49
Gulf of Aden,2013-10-11,4,25,33,50
Gulf of Aden,2013-10-12,4,25,33,50
Gulf of Aden,2013-10-13,4,25,33,50
Gulf of Aden,2013-10-14,3,25,33,48
Gulf of Aden,2013-10-15,3,25,33,48
Gulf of Aden,2013-10-16,3,25,33,48
Gulf of Aden,2013-10-17,3,25,33,48
Gulf of Aden,2013-10-18,3,25,33,48
Gulf of Aden,2013-10-19,3,25,33,47
Gulf of Aden,2013-10-20,3,25,33,47
Gulf of Aden,2013-10-21,3,25,33,47
Gulf of Aden,2013-10-22,3,25,33,47
Gulf of Aden,2013-10-23,3,25,33,47
Gulf of Aden,2013-10-24,3,25,33,47
Gulf of Aden,2013-10-25,3,25,33,47
Gulf of Aden,2013-10-26,3,25,33,47
Gulf of Aden,2013-10-27,3,25,33,45
Gulf of Aden,2013-10-28,3,25,32,45
Gulf of Aden,2013-10-29,3,25,32,45
Gulf of Aden,2013-10-30,2,25,32,45
Gulf of Aden,2013-10-31,2,25,32,45
Gulf of Aden,2013-11-01,2,24,32,45
Gulf of Aden,2013-11-02,1,23,32,45
Gulf of Aden,2013-11-03,1,22,32,45
Gulf of Aden,2013-11-04,1,22,32,45
Gulf of Aden,2013-11-05,1,22,32,45
Gulf of Aden,2013-11-06,1,22,32,45
Gulf of Aden,2013-11-07,1,21,32,45
Gulf of Aden,2013-11-08,1,21,32,45
Gulf of Aden,2013-11-09,1,21,32,45
Gulf of Aden,2013-11-10,1,21,32,45
Gulf of Aden,2013-11-11,1,21,32,45
Gulf of Aden,2013-11-12,1,20,32,45
Gulf of Aden,2013-11-13,1,20,32,45
Gulf of Aden,2013-11-14,1,20,32,45
Gulf of Aden,2013-11-15,1,17,31,45
Gulf of Aden,2013-11-16,1,15,31,45
Gulf of Aden,2013-11-17,1,15,31,45
Gulf of Aden,2013-11-18,1,15,31,45
Gulf of Aden,2013-11-19,1,15,30,45
Gulf of Aden,2013-11-20,1,15,30,45
Gulf of Aden,2013-11-21,1,15,30,45
Gulf of Aden,2013-11-22,1,15,29,45
Gulf of Aden,2013-11-23,1,15,29,44
Gulf of Aden,2013-11-24,1,15,29,44
Gulf of Aden,2013-11-25,1,15,29,44
Gulf of Aden,2013-11-26,1,15,29,44
Gulf of Aden,2013-11-27,1,15,29,44
Gulf of Aden,2013-11-28,1,15,29,44
Gulf of Aden,2013-11-29,1,15,28,44
Gulf of Aden,2013-11-30,1,15,28,44
Gulf of Aden,2013-12-01,1,14,28,44
Gulf of Aden,2013-12-02,1,12,28,44
Gulf of Aden,2013-12-03,1,12,28,44
Gulf of Aden,2013-12-04,1,12,28,44
Gulf of Aden,2013-12-05,1,12,28,44
Gulf of Aden,2013-12-06,1,12,28,44
Gulf of Aden,2013-12-07,1,12,28,44
Gulf of Aden,2013-12-08,1,12,28,44
Gulf of Aden,2013-12-09,3,14,29,46
Gulf of Aden,2013-12-10,3,13,29,43
Gulf of Aden,2013-12-11,3,12,29,42
Gulf of Aden,2013-12-12,3,12,29,42
Gulf of Aden,2013-12-13,3,12,29,42
Gulf of Aden,2013-12-14,3,11,29,42
Gulf of Aden,2013-12-15,3,11,29,39
Gulf of Aden,2013-12-16,3,11,29,39
Gulf of Aden,2013-12-17,3,10,29,39
Gulf of Aden,2013-12-18,3,9,29,39
Gulf of Aden,2013-12-19,3,9,29,39
Gulf of Aden,2013-12-20,3,9,28,39
Gulf of Aden,2013-12-21,3,9,28,39
Gulf of Aden,2013-12-22,3,9,28,38
Gulf of Aden,2013-12-23,3,8,27,38
Gulf of Aden,2013-12-24,3,8,27,38
Gulf of Aden,2013-12-25,3,8,27,38
Gulf of Aden,2013-12-26,3,8,27,38
Gulf of Aden,2013-12-27,3,8,27,37
Gulf of Aden,2013-12-28,3,8,27,37
Gulf of Aden,2013-12-29,3,8,27,37
Gulf of Aden,2013-12-30,3,8,27,37
Gulf of Aden,2013-12-31,3,7,27,36
Gulf of Aden,2014-01-01,3,7,27,36
Gulf of Aden,2014-01-02,3,7,27,36
Gulf of Aden,2014-01-03,3,7,27,35
Gulf of Aden,2014-01-04,3,6,27,35
Gulf of Aden,2014-01-05,3,6,27,35
Gulf of Aden,2014-01-06,3,6,27,35
Gulf of Aden,2014-01-07,3,6,27,35
Gulf of Aden,2014-01-08,3,6,27,35
Gulf of Aden,2014-01-09,2,6,27,35
Gulf of Aden,2014-01-10,2,6,27,35
Gulf of Aden,2014-01-11,2,6,27,35
Gulf of Aden,2014-01-12,2,5,27,35
Gulf of Aden,2014-01-13,2,5,27,35
Gulf of Aden,2014-01-14,2,5,27,35
Gulf of Aden,2014-01-15,2,5,27,35
Gulf of Aden,2014-01-16,2,5,27,35
Gulf of Aden,2014-01-17,3,6,28,36
Gulf of Aden,2014-01-18,4,7,29,37
Gulf of Aden,2014-01-19,4,7,29,37
Gulf of Aden,2014-01-20,4,7,29,37
Gulf of Aden,2014-01-21,4,7,29,37
Gulf of Aden,2014-01-22,4,7,29,37
Gulf of Aden,2014-01-23,4,7,29,37
Gulf of Aden,2014-01-24,4,7,29,37
Gulf of Aden,2014-01-25,4,7,29,37
Gulf of Aden,2014-01-26,4,7,29,36
Gulf of Aden,2014-01-27,4,7,29,36
Gulf of Aden,2014-01-28,4,6,29,36
Gulf of Aden,2014-01-29,4,6,29,36
Gulf of Aden,2014-01-30,4,6,28,36
Gulf of Aden,2014-01-31,4,5,27,36
Gulf of Aden,2014-02-01,4,5,26,36
Gulf of Aden,2014-02-02,4,5,26,36
Gulf of Aden,2014-02-03,4,5,26,36
Gulf of Aden,2014-02-04,4,5,26,36
Gulf of Aden,2014-02-05,4,5,25,36
Gulf of Aden,2014-02-06,4,5,25,36
Gulf of Aden,2014-02-07,4,5,25,36
Gulf of Aden,2014-02-08,5,6,26,37
Gulf of Aden,2014-02-09,5,6,26,37
Gulf of Aden,2014-02-10,5,6,25,37
Gulf of Aden,2014-02-11,5,6,25,37
Gulf of Aden,2014-02-12,5,6,25,37
Gulf of Aden,2014-02-13,6,7,23,37
Gulf of Aden,2014-02-14,6,7,21,37
Gulf of Aden,2014-02-15,6,7,21,37
Gulf of Aden,2014-02-16,6,7,21,37
Gulf of Aden,2014-02-17,6,7,21,36
Gulf of Aden,2014-02-18,6,7,21,36
Gulf of Aden,2014-02-19,6,7,21,36
Gulf of Aden,2014-02-20,6,7,21,35
Gulf of Aden,2014-02-21,6,7,21,35
Gulf of Aden,2014-02-22,6,7,21,35
Gulf of Aden,2014-02-23,6,7,21,35
Gulf of Aden,2014-02-24,6,7,21,35
Gulf of Aden,2014-02-25,6,7,21,35
Gulf of Aden,2014-02-26,6,7,21,35
Gulf of Aden,2014-02-27,6,7,21,34
Gulf of Aden,2014-02-28,7,8,22,35
Gulf of Aden,2014-03-01,7,8,21,35
Gulf of Aden,2014-03-02,7,8,19,35
Gulf of Aden,2014-03-03,8,9,20,36
Gulf of Aden,2014-03-04,8,9,20,36
Gulf of Aden,2014-03-05,8,9,20,36
Gulf of Aden,2014-03-06,9,10,21,37
Gulf of Aden,2014-03-07,9,10,21,37
Gulf of Aden,2014-03-08,9,10,21,37
Gulf of Aden,2014-03-09,7,10,21,36
Gulf of Aden,2014-03-10,7,10,20,36
Gulf of Aden,2014-03-11,7,10,19,36
Gulf of Aden,2014-03-12,7,10,19,36
Gulf of Aden,2014-03-13,7,10,19,36
Gulf of Aden,2014-03-14,7,10,18,36
Gulf of Aden,2014-03-15,7,10,18,36
Gulf of Aden,2014-03-16,7,10,18,36
Gulf of Aden,2014-03-17,7,10,17,36
Gulf of Aden,2014-03-18,7,10,16,36
Gulf of Aden,2014-03-19,7,10,16,36
Gulf of Aden,2014-03-20,7,10,16,35
Gulf of Aden,2014-03-21,7,10,16,35
Gulf of Aden,2014-03-22,7,10,16,35
Gulf of Aden,2014-03-23,8,11,16,35
Gulf of Aden,2014-03-24,8,11,16,35
Gulf of Aden,2014-03-25,8,11,16,35
Gulf of Aden,2014-03-26,8,11,16,35
Gulf of Aden,2014-03-27,8,11,16,35
Gulf of Aden,2014-03-28,8,11,16,35
Gulf of Aden,2014-03-29,8,11,16,35
Gulf of Aden,2014-03-30,8,11,16,35
Gulf of Aden,2014-03-31,8,11,15,35
Gulf of Aden,2014-04-01,8,11,15,35
Gulf of Aden,2014-04-02,8,11,15,35
Gulf of Aden,2014-04-03,8,11,15,35
Gulf of Aden,2014-04-04,8,11,14,35
Gulf of Aden,2014-04-05,10,13,16,37
Gulf of Aden,2014-04-06,10,13,16,37
Gulf of Aden,2014-04-07,10,13,16,37
Gulf of Aden,2014-04-08,10,13,16,37
Gulf of Aden,2014-04-09,10,12,16,37
Gulf of Aden,2014-04-10,10,12,16,37
Gulf of Aden,2014-04-11,10,12,16,37
Gulf of Aden,2014-04-12,10,12,15,37
Gulf of Aden,2014-04-13,11,13,16,38
Gulf of Aden,2014-04-14,12,14,17,39
Gulf of Aden,2014-04-15,12,14,17,39
Gulf of Aden,2014-04-16,12,14,17,39
Gulf of Aden,2014-04-17,12,15,18,40
Gulf of Aden,2014-04-18,11,15,18,40
Gulf of Aden,2014-04-19,11,15,18,40
Gulf of Aden,2014-04-20,11,15,18,40
Gulf of Aden,2014-04-21,11,15,18,40
Gulf of Aden,2014-04-22,11,15,18,40
Gulf of Aden,2014-04-23,11,15,18,40
Gulf of Aden,2014-04-24,11,15,18,40
Gulf of Aden,2014-04-25,11,15,18,40
Gulf of Aden,2014-04-26,11,15,18,40
Gulf of Aden,2014-04-27,11,15,18,40
Gulf of Aden,2014-04-28,11,15,17,40
Gulf of Aden,2014-04-29,11,15,17,40
Gulf of Aden,2014-04-30,11,15,17,39
Gulf of Aden,2014-05-01,11,15,16,38
Gulf of Aden,2014-05-02,12,16,17,38
Gulf of Aden,2014-05-03,12,16,17,38
Gulf of Aden,2014-05-04,12,16,17,38
Gulf of Aden,2014-05-05,12,16,17,38
Gulf of Aden,2014-05-06,12,16,17,37
Gulf of Aden,2014-05-07,12,16,17,37
Gulf of Aden,2014-05-08,12,16,17,37
Gulf of Aden,2014-05-09,11,16,17,37
Gulf of Aden,2014-05-10,11,16,17,37
Gulf of Aden,2014-05-11,11,16,17,36
Gulf of Aden,2014-05-12,11,16,17,36
Gulf of Aden,2014-05-13,11,16,17,36
Gulf of Aden,2014-05-14,10,16,17,33
Gulf of Aden,2014-05-15,10,16,17,31
Gulf of Aden,2014-05-16,10,16,17,31
Gulf of Aden,2014-05-17,10,16,17,31
Gulf of Aden,2014-05-18,10,16,17,31
Gulf of Aden,2014-05-19,10,16,17,31
Gulf of Aden,2014-05-20,10,16,17,31
Gulf of Aden,2014-05-21,10,16,17,31
Gulf of Aden,2014-05-22,10,16,17,31
Gulf of Aden,2014-05-23,10,16,17,31
Gulf of Aden,2014-05-24,10,16,17,31
Gulf of Aden,2014-05-25,10,16,17,31
Gulf of Aden,2014-05-26,10,16,17,31
Gulf of Aden,2014-05-27,10,16,17,31
Gulf of Aden,2014-05-28,10,16,17,31
Gulf of Aden,2014-05-29,9,16,17,31
Gulf of Aden,2014-05-30,9,16,17,30
Gulf of Aden,2014-05-31,9,16,17,28
Gulf of Aden,2014-06-01,8,16,17,28
Gulf of Aden,2014-06-02,8,16,17,28
Gulf of Aden,2014-06-03,8,16,17,28
Gulf of Aden,2014-06-04,7,16,17,28
Gulf of Aden,2014-06-05,7,16,17,28
Gulf of Aden,2014-06-06,7,16,17,28
Gulf of Aden,2014-06-07,7,14,17,28
Gulf of Aden,2014-06-08,7,14,17,27
Gulf of Aden,2014-06-09,7,14,17,26
Gulf of Aden,2014-06-10,7,14,17,26
Gulf of Aden,2014-06-11,7,14,17,26
Gulf of Aden,2014-06-12,7,14,17,25
Gulf of Aden,2014-06-13,7,14,17,25
Gulf of Aden,2014-06-14,7,14,17,25
Gulf of Aden,2014-06-15,7,14,17,24
Gulf of Aden,2014-06-16,7,14,17,23
Gulf of Aden,2014-06-17,7,14,17,23
Gulf of Aden,2014-06-18,7,14,17,23
Gulf of Aden,2014-06-19,7,14,17,23
Gulf of Aden,2014-06-20,7,14,17,23
Gulf of Aden,2014-06-21,6,14,17,22
Gulf of Aden,2014-06-22,6,14,17,22
Gulf of Aden,2014-06-23,6,14,17,22
Gulf of Aden,2014-06-24,6,14,17,22
Gulf of Aden,2014-06-25,6,14,17,22
Gulf of Aden,2014-06-26,6,14,17,22
Gulf of Aden,2014-06-27,6,14,17,22
Gulf of Aden,2014-06-28,7,15,18,23
Gulf of Aden,2014-06-29,7,15,18,22
Gulf of Aden,2014-06-30,7,15,18,22
Gulf of Aden,2014-07-01,7,15,18,22
Gulf of Aden,2014-07-02,7,15,18,22
Gulf of Aden,2014-07-03,7,15,18,21
Gulf of Aden,2014-07-04,5,15,18,21
Gulf of Aden,2014-07-05,5,15,18,21
Gulf of Aden,2014-07-06,5,15,18,21
Gulf of Aden,2014-07-07,5,15,18,21
Gulf of Aden,2014-07-08,5,15,17,21
Gulf of Aden,2014-07-09,5,15,17,21
Gulf of Aden,2014-07-10,5,15,17,21
Gulf of Aden,2014-07-11,5,15,17,20
Gulf of Aden,2014-07-12,4,15,17,20
Gulf of Aden,2014-07-13,3,15,17,20
Gulf of Aden,2014-07-14,3,15,17,20
Gulf of Aden,2014-07-15,3,15,17,20
Gulf of Aden,2014-07-16,2,14,17,20
Gulf of Aden,2014-07-17,2,13,17,20
Gulf of Aden,2014-07-18,2,13,17,20
Gulf of Aden,2014-07-19,2,13,17,20
Gulf of Aden,2014-07-20,2,13,17,20
Gulf of Aden,2014-07-21,2,13,17,20
Gulf of Aden,2014-07-22,2,13,17,20
Gulf of Aden,2014-07-23,3,14,18,21
Gulf of Aden,2014-07-24,3,14,18,21
Gulf of Aden,2014-07-25,3,14,18,21
Gulf of Aden,2014-07-26,3,14,18,21
Gulf of Aden,2014-07-27,3,14,18,20
Gulf of Aden,2014-07-28,3,14,18,20
Gulf of Aden,2014-07-29,3,14,18,20
Gulf of Aden,2014-07-30,3,14,18,19
Gulf of Aden,2014-07-31,2,14,18,19
Gulf of Aden,2014-08-01,2,14,18,19
Gulf of Aden,2014-08-02,2,14,18,19
Gulf of Aden,2014-08-03,2,14,18,19
Gulf of Aden,2014-08-04,2,14,18,19
Gulf of Aden,2014-08-05,2,14,18,19
Gulf of Aden,2014-08-06,2,14,18,19
Gulf of Aden,2014-08-07,2,13,18,19
Gulf of Aden,2014-08-08,2,13,18,19
Gulf of Aden,2014-08-09,2,13,18,19
Gulf of Aden,2014-08-10,2,13,18,19
Gulf of Aden,2014-08-11,2,13,18,19
Gulf of Aden,2014-08-12,2,12,18,19
Gulf of Aden,2014-08-13,2,12,18,19
Gulf of Aden,2014-08-14,2,12,18,19
Gulf of Aden,2014-08-15,2,12,18,19
Gulf of Aden,2014-08-16,2,12,18,19
Gulf of Aden,2014-08-17,2,12,18,19
Gulf of Aden,2014-08-18,3,13,19,20
Gulf of Aden,2014-08-19,3,13,19,20
Gulf of Aden,2014-08-20,4,14,20,21
Gulf of Aden,2014-08-21,4,14,20,21
Gulf of Aden,2014-08-22,4,14,20,21
Gulf of Aden,2014-08-23,4,14,20,21
Gulf of Aden,2014-08-24,4,14,20,21
Gulf of Aden,2014-08-25,4,14,20,21
Gulf of Aden,2014-08-26,4,14,20,21
Gulf of Aden,2014-08-27,4,13,20,21
Gulf of Aden,2014-08-28,4,13,20,21
Gulf of Aden,2014-08-29,4,13,20,21
Gulf of Aden,2014-08-30,4,12,20,21
Gulf of Aden,2014-08-31,4,12,20,21
Gulf of Aden,2014-09-01,4,12,20,21
Gulf of Aden,2014-09-02,4,11,20,21
Gulf of Aden,2014-09-03,4,11,20,21
Gulf of Aden,2014-09-04,4,11,20,21
Gulf of Aden,2014-09-05,4,11,18,21
Gulf of Aden,2014-09-06,4,11,18,21
Gulf of Aden,2014-09-07,4,11,18,21
Gulf of Aden,2014-09-08,4,11,18,21
Gulf of Aden,2014-09-09,4,11,18,21
Gulf of Aden,2014-09-10,4,11,18,21
Gulf of Aden,2014-09-11,4,11,18,21
Gulf of Aden,2014-09-12,4,11,18,21
Gulf of Aden,2014-09-13,4,11,18,21
Gulf of Aden,2014-09-14,4,11,18,21
Gulf of Aden,2014-09-15,4,11,18,21
Gulf of Aden,2014-09-16,4,11,18,21
Gulf of Aden,2014-09-17,4,11,18,21
Gulf of Aden,2014-09-18,4,11,18,21
Gulf of Aden,2014-09-19,4,10,18,21
Gulf of Aden,2014-09-20,4,10,18,21
Gulf of Aden,2014-09-21,4,10,18,21
Gulf of Aden,2014-09-22,4,10,18,21
Gulf of Aden,2014-09-23,4,10,18,21
Gulf of Aden,2014-09-24,4,10,18,21
Gulf of Aden,2014-09-25,4,10,18,21
Gulf of Aden,2014-09-26,3,10,18,21
Gulf of Aden,2014-09-27,3,10,18,21
Gulf of Aden,2014-09-28,3,10,18,21
Gulf of Aden,2014-09-29,3,10,18,21
Gulf of Aden,2014-09-30,3,10,18,21
Gulf of Aden,2014-10-01,3,10,18,21
Gulf of Aden,2014-10-02,3,8,18,21
Gulf of Aden,2014-10-03,3,8,18,21
Gulf of Aden,2014-10-04,3,8,18,21
Gulf of Aden,2014-10-05,3,8,18,21
Gulf of Aden,2014-10-06,3,8,18,20
Gulf of Aden,2014-10-07,3,8,18,20
Gulf of Aden,2014-10-08,3,8,18,20
Gulf of Aden,2014-10-09,3,8,18,20
Gulf of Aden,2014-10-10,3,7,18,20
Gulf of Aden,2014-10-11,3,6,18,20
Gulf of Aden,2014-10-12,3,6,18,20
Gulf of Aden,2014-10-13,3,6,18,20
Gulf of Aden,2014-10-14,3,5,17,20
Gulf of Aden,2014-10-15,5,7,18,22
Gulf of Aden,2014-10-16,5,7,18,22
Gulf of Aden,2014-10-17,5,7,18,22
Gulf of Aden,2014-10-18,5,7,18,22
Gulf of Aden,2014-10-19,5,7,18,22
Gulf of Aden,2014-10-20,5,7,18,22
Gulf of Aden,2014-10-21,4,7,18,22
Gulf of Aden,2014-10-22,4,7,18,22
Gulf of Aden,2014-10-23,4,7,18,22
Gulf of Aden,2014-10-24,4,7,18,22
Gulf of Aden,2014-10-25,4,7,18,22
Gulf of Aden,2014-10-26,4,7,18,22
Gulf of Aden,2014-10-27,4,7,18,22
Gulf of Aden,2014-10-28,4,7,18,22
Gulf of Aden,2014-10-29,4,6,18,22
Gulf of Aden,2014-10-30,4,6,18,22
Gulf of Aden,2014-10-31,4,6,18,22
Gulf of Aden,2014-11-01,4,6,18,22
Gulf of Aden,2014-11-02,4,6,18,22
Gulf of Aden,2014-11-03,4,6,18,22
Gulf of Aden,2014-11-04,4,6,18,22
Gulf of Aden,2014-11-05,4,6,17,22
Gulf of Aden,2014-11-06,4,6,17,22
Gulf of Aden,2014-11-07,4,6,17,22
Gulf of Aden,2014-11-08,4,6,17,22
Gulf of Aden,2014-11-09,4,6,17,22
Gulf of Aden,2014-11-10,4,6,16,22
Gulf of Aden,2014-11-11,4,6,16,22
Gulf of Aden,2014-11-12,5,7,17,23
Gulf of Aden,2014-11-13,5,7,17,23
Gulf of Aden,2014-11-14,5,7,17,23
Gulf of Aden,2014-11-15,5,7,17,23
Gulf of Aden,2014-11-16,4,7,17,23
Gulf of Aden,2014-11-17,4,7,17,23
Gulf of Aden,2014-11-18,3,7,17,23
Gulf of Aden,2014-11-19,3,7,17,23
Gulf of Aden,2014-11-20,3,7,17,23
Gulf of Aden,2014-11-21,3,7,17,23
Gulf of Aden,2014-11-22,3,7,17,23
Gulf of Aden,2014-11-23,3,7,17,23
Gulf of Aden,2014-11-24,3,7,17,23
Gulf of Aden,2014-11-25,3,7,16,23
Gulf of Aden,2014-11-26,3,7,16,23
Gulf of Aden,2014-11-27,3,7,16,23
Gulf of Aden,2014-11-28,3,7,15,23
Gulf of Aden,2014-11-29,3,7,15,23
Gulf of Aden,2014-11-30,3,7,15,23
Gulf of Aden,2014-12-01,3,7,14,23
Gulf of Aden,2014-12-02,3,7,14,23
Gulf of Aden,2014-12-03,3,7,14,23
Gulf of Aden,2014-12-04,3,7,14,21
Gulf of Aden,2014-12-05,3,7,14,21
Gulf of Aden,2014-12-06,3,7,14,21
Gulf of Aden,2014-12-07,3,7,14,21
Gulf of Aden,2014-12-08,3,7,14,21
Gulf of Aden,2014-12-09,3,7,14,21
Gulf of Aden,2014-12-10,3,7,14,21
Gulf of Aden,2014-12-11,3,7,14,21
Gulf of Aden,2014-12-12,3,7,14,21
Gulf of Aden,2014-12-13,3,7,14,21
Gulf of Aden,2014-12-14,3,7,14,21
Gulf of Aden,2014-12-15,3,7,14,21
Gulf of Aden,2014-12-16,3,7,14,21
Gulf of Aden,2014-12-17,3,7,14,21
Gulf of Aden,2014-12-18,3,7,13,21
Gulf of Aden,2014-12-19,3,7,13,21
Gulf of Aden,2014-12-20,3,7,13,21
Gulf of Aden,2014-12-21,3,7,13,21
Gulf of Aden,2014-12-22,3,7,13,21
Gulf of Aden,2014-12-23,3,7,13,21
Gulf of Aden,2014-12-24,3,7,13,21
Gulf of Aden,2014-12-25,3,6,13,21
Gulf of Aden,2014-12-26,3,6,13,21
Gulf of Aden,2014-12-27,3,6,13,21
Gulf of Aden,2014-12-28,3,6,13,21
Gulf of Aden,2014-12-29,3,6,13,21
Gulf of Aden,2014-12-30,4,7,14,22
Gulf of Aden,2014-12-31,4,7,12,22
Gulf of Aden,2015-01-01,4,7,12,22
Gulf of Aden,2015-01-02,4,7,12,22
Gulf of Aden,2015-01-03,4,7,12,22
Gulf of Aden,2015-01-04,4,7,12,22
Gulf of Aden,2015-01-05,4,7,12,22
Gulf of Aden,2015-01-06,4,7,12,22
Gulf of Aden,2015-01-07,4,7,12,22
Gulf of Aden,2015-01-08,4,7,11,22
Gulf of Aden,2015-01-09,4,7,10,22
Gulf of Aden,2015-01-10,4,7,10,22
Gulf of Aden,2015-01-11,4,7,10,22
Gulf of Aden,2015-01-12,4,7,9,21
Gulf of Aden,2015-01-13,2,7,9,20
Gulf of Aden,2015-01-14,2,7,9,20
Gulf of Aden,2015-01-15,2,7,9,20
Gulf of Aden,2015-01-16,2,7,9,20
Gulf of Aden,2015-01-17,2,7,9,20
Gulf of Aden,2015-01-18,2,7,9,20
Gulf of Aden,2015-01-19,2,6,9,20
Gulf of Aden,2015-01-20,2,6,9,20
Gulf of Aden,2015-01-21,2,6,9,20
Gulf of Aden,2015-01-22,2,6,9,20
Gulf of Aden,2015-01-23,2,6,9,20
Gulf of Aden,2015-01-24,2,6,9,20
Gulf of Aden,2015-01-25,2,6,9,20
Gulf of Aden,2015-01-26,2,6,9,20
Gulf of Aden,2015-01-27,2,6,8,20
Gulf of Aden,2015-01-28,2,6,8,20
Gulf of Aden,2015-01-29,2,6,8,20
Gulf of Aden,2015-01-30,2,6,8,20
Gulf of Aden,2015-01-31,2,6,8,20
Gulf of Aden,2015-02-01,2,6,8,20
Gulf of Aden,2015-02-02,2,6,8,20
Gulf of Aden,2015-02-03,2,6,8,19
Gulf of Aden,2015-02-04,2,6,8,19
Gulf of Aden,2015-02-05,2,6,8,19
Gulf of Aden,2015-02-06,2,6,8,19
Gulf of Aden,2015-02-07,2,6,8,19
Gulf of Aden,2015-02-08,3,7,9,19
Gulf of Aden,2015-02-09,3,7,9,19
Gulf of Aden,2015-02-10,2,7,9,19
Gulf of Aden,2015-02-11,2,7,9,19
Gulf of Aden,2015-02-12,2,7,9,19
Gulf of Aden,2015-02-13,2,7,9,19
Gulf of Aden,2015-02-14,2,6,9,19
Gulf of Aden,2015-02-15,2,6,9,19
Gulf of Aden,2015-02-16,2,5,9,19
Gulf of Aden,2015-02-17,2,5,9,19
Gulf of Aden,2015-02-18,2,5,9,19
Gulf of Aden,2015-02-19,2,5,9,19
Gulf of Aden,2015-02-20,2,5,9,19
Gulf of Aden,2015-02-21,2,5,9,19
Gulf of Aden,2015-02-22,2,5,9,19
Gulf of Aden,2015-02-23,2,5,9,18
Gulf of Aden,2015-02-24,2,5,9,18
Gulf of Aden,2015-02-25,2,5,9,18
Gulf of Aden,2015-02-26,2,5,9,17
Gulf of Aden,2015-02-27,2,5,9,17
Gulf of Aden,2015-02-28,2,5,9,17
Gulf of Aden,2015-03-01,2,5,9,16
Gulf of Aden,2015-03-02,2,5,9,16
Gulf of Aden,2015-03-03,2,5,9,16
Gulf of Aden,2015-03-04,2,5,9,16
Gulf of Aden,2015-03-05,2,5,9,16
Gulf of Aden,2015-03-06,2,5,9,16
Gulf of Aden,2015-03-07,2,5,9,16
Gulf of Aden,2015-03-08,2,5,9,16
Gulf of Aden,2015-03-09,2,5,9,16
Gulf of Aden,2015-03-10,2,5,9,16
Gulf of Aden,2015-03-11,2,5,9,16
Gulf of Aden,2015-03-12,2,5,9,16
Gulf of Aden,2015-03-13,2,5,9,16
Gulf of Aden,2015-03-14,2,5,9,16
Gulf of Aden,2015-03-15,2,5,9,16
Gulf of Aden,2015-03-16,2,5,9,16
Gulf of Aden,2015-03-17,2,5,9,16
Gulf of Aden,2015-03-18,2,5,9,15
Gulf of Aden,2015-03-19,2,5,9,15
Gulf of Aden,2015-03-20,2,5,9,15
Gulf of Aden,2015-03-21,2,5,9,15
Gulf of Aden,2015-03-22,2,5,9,15
Gulf of Aden,2015-03-23,3,6,10,16
Gulf of Aden,2015-03-24,3,6,10,16
Gulf of Aden,2015-03-25,3,6,9,16
Gulf of Aden,2015-03-26,3,6,9,16
Gulf of Aden,2015-03-27,3,6,9,16
Gulf of Aden,2015-03-28,3,6,9,16
Gulf of Aden,2015-03-29,3,6,9,16
Gulf of Aden,2015-03-30,2,6,9,16
Gulf of Aden,2015-03-31,2,6,9,14
Gulf of Aden,2015-04-01,2,6,9,14
Gulf of Aden,2015-04-02,2,6,9,14
Gulf of Aden,2015-04-03,2,6,9,14
Gulf of Aden,2015-04-04,2,6,9,14
Gulf of Aden,2015-04-05,2,6,9,14
Gulf of Aden,2015-04-06,2,6,9,14
Gulf of Aden,2015-04-07,2,6,9,14
Gulf of Aden,2015-04-08,2,6,9,13
Gulf of Aden,2015-04-09,2,6,9,12
Gulf of Aden,2015-04-10,2,6,9,12
Gulf of Aden,2015-04-11,2,6,9,12
Gulf of Aden,2015-04-12,2,6,9,11
Gulf of Aden,2015-04-13,2,4,9,11
Gulf of Aden,2015-04-14,2,4,9,11
Gulf of Aden,2015-04-15,2,4,9,11
Gulf of Aden,2015-04-16,2,4,9,11
Gulf of Aden,2015-04-17,2,4,9,11
Gulf of Aden,2015-04-18,2,4,9,11
Gulf of Aden,2015-04-19,2,4,8,11
Gulf of Aden,2015-04-20,2,4,8,11
Gulf of Aden,2015-04-21,2,4,8,11
Gulf of Aden,2015-04-22,2,4,8,11
Gulf of Aden,2015-04-23,2,4,8,11
Gulf of Aden,2015-04-24,2,4,8,11
Gulf of Aden,2015-04-25,2,4,8,11
Gulf of Aden,2015-04-26,2,4,8,11
Gulf of Aden,2015-04-27,2,4,8,10
Gulf of Aden,2015-04-28,2,4,8,10
Gulf of Aden,2015-04-29,2,4,8,10
Gulf of Aden,2015-04-30,2,4,8,10
Gulf of Aden,2015-05-01,2,4,8,10
Gulf of Aden,2015-05-02,2,4,8,10
Gulf of Aden,2015-05-03,2,4,8,10
Gulf of Aden,2015-05-04,2,4,8,10
Gulf of Aden,2015-05-05,2,4,8,10
Gulf of Aden,2015-05-06,2,4,8,10
Gulf of Aden,2015-05-07,2,4,8,10
Gulf of Aden,2015-05-08,2,4,8,10
Gulf of Aden,2015-05-09,1,4,8,10
Gulf of Aden,2015-05-10,1,4,8,10
Gulf of Aden,2015-05-11,1,3,8,10
Gulf of Aden,2015-05-12,1,3,8,10
Gulf of Aden,2015-05-13,1,3,8,10
Gulf of Aden,2015-05-14,1,3,8,10
Gulf of Aden,2015-05-15,1,3,7,10
Gulf of Aden,2015-05-16,1,3,7,10
Gulf of Aden,2015-05-17,1,3,6,10
Gulf of Aden,2015-05-18,1,3,6,10
Gulf of Aden,2015-05-19,1,3,6,10
Gulf of Aden,2015-05-20,1,3,6,10
Gulf of Aden,2015-05-21,1,3,6,10
Gulf of Aden,2015-05-22,1,3,6,10
Gulf of Aden,2015-05-23,1,3,6,10
Gulf of Aden,2015-05-24,1,3,6,10
Gulf of Aden,2015-05-25,1,3,6,10
Gulf of Aden,2015-05-26,1,3,6,10
Gulf of Aden,2015-05-27,1,3,6,10
Gulf of Aden,2015-05-28,1,3,6,10
Gulf of Aden,2015-05-29,1,3,6,10
Gulf of Aden,2015-05-30,1,3,6,10
Gulf of Aden,2015-05-31,1,3,6,10
Gulf of Aden,2015-06-01,1,3,6,10
Gulf of Aden,2015-06-02,1,3,6,10
Gulf of Aden,2015-06-03,1,3,6,10
Gulf of Aden,2015-06-04,1,3,6,10
Gulf of Aden,2015-06-05,1,3,6,10
Gulf of Aden,2015-06-06,1,3,6,10
Gulf of Aden,2015-06-07,1,3,6,10
Gulf of Aden,2015-06-08,1,3,6,10
Gulf of Aden,2015-06-09,1,3,6,10
Gulf of Aden,2015-06-10,1,3,6,10
Gulf of Aden,2015-06-11,1,3,6,10
Gulf of Aden,2015-06-12,1,3,6,10
Gulf of Aden,2015-06-13,1,3,6,10
Gulf of Aden,2015-06-14,1,3,6,10
Gulf of Aden,2015-06-15,1,3,6,10
Gulf of Aden,2015-06-16,1,3,6,10
Gulf of Aden,2015-06-17,1,3,6,10
Gulf of Aden,2015-06-18,1,3,6,10
Gulf of Aden,2015-06-19,1,3,6,10
Gulf of Aden,2015-06-20,1,3,6,10
Gulf of Aden,2015-06-21,0,3,6,10
Gulf of Aden,2015-06-22,0,3,6,10
Gulf of Aden,2015-06-23,0,3,6,9
Gulf of Aden,2015-06-24,0,3,6,9
Gulf of Aden,2015-06-25,0,3,6,9
Gulf of Aden,2015-06-26,0,3,6,9
Gulf of Aden,2015-06-27,0,3,6,9
Gulf of Aden,2015-06-28,0,2,6,9
Gulf of Aden,2015-06-29,0,2,6,9
Gulf of Aden,2015-06-30,0,2,6,9
Gulf of Aden,2015-07-01,0,2,6,9
Gulf of Aden,2015-07-02,0,2,6,9
Gulf of Aden,2015-07-03,0,2,6,9
Gulf of Aden,2015-07-04,0,2,6,9
Gulf of Aden,2015-07-05,0,2,6,9
Gulf of Aden,2015-07-06,0,2,6,9
Gulf of Aden,2015-07-07,0,2,6,9
Gulf of Aden,2015-07-08,0,2,6,9
Gulf of Aden,2015-07-09,0,2,6,9
Gulf of Aden,2015-07-10,0,2,6,9
Gulf of Aden,2015-07-11,0,2,6,9
Gulf of Aden,2015-07-12,0,2,4,9
Gulf of Aden,2015-07-13,0,2,4,9
Gulf of Aden,2015-07-14,0,2,4,9
Gulf of Aden,2015-07-15,0,2,4,9
Gulf of Aden,2015-07-16,0,2,4,9
Gulf of Aden,2015-07-17,0,2,4,9
Gulf of Aden,2015-07-18,0,2,4,8
Gulf of Aden,2015-07-19,0,2,4,8
Gulf of Aden,2015-07-20,0,2,4,8
Gulf of Aden,2015-07-21,0,2,4,8
Gulf of Aden,2015-07-22,0,2,4,8
Gulf of Aden,2015-07-23,0,2,4,8
Gulf of Aden,2015-07-24,0,2,4,8
Gulf of Aden,2015-07-25,0,2,4,8
Gulf of Aden,2015-07-26,0,2,4,8
Gulf of Aden,2015-07-27,0,2,4,8
Gulf of Aden,2015-07-28,0,2,4,8
Gulf of Aden,2015-07-29,0,2,4,8
Gulf of Aden,2015-07-30,0,2,4,8
Gulf of Aden,2015-07-31,0,2,4,8
Gulf of Aden,2015-08-01,0,2,4,8
Gulf of Aden,2015-08-02,0,2,4,8
Gulf of Aden,2015-08-03,0,2,4,8
Gulf of Aden,2015-08-04,0,2,4,8
Gulf of Aden,2015-08-05,0,2,4,8
Gulf of Aden,2015-08-06,0,2,4,8
Gulf of Aden,2015-08-07,0,1,4,8
Gulf of Aden,2015-08-08,0,1,4,8
Gulf of Aden,2015-08-09,0,1,3,8
Gulf of Aden,2015-08-10,0,1,3,8
Gulf of Aden,2015-08-11,0,1,3,8
Gulf of Aden,2015-08-12,0,1,3,8
Gulf of Aden,2015-08-13,0,1,3,7
Gulf of Aden,2015-08-14,0,1,3,7
Gulf of Aden,2015-08-15,0,1,3,6
Gulf of Aden,2015-08-16,0,1,3,6
Gulf of Aden,2015-08-17,0,1,3,6
Gulf of Aden,2015-08-18,0,1,3,6
Gulf of Aden,2015-08-19,0,1,3,6
Gulf of Aden,2015-08-20,0,1,3,6
Gulf of Aden,2015-08-21,0,1,3,6
Gulf of Aden,2015-08-22,0,1,3,6
Gulf of Aden,2015-08-23,0,1,3,6
Gulf of Aden,2015-08-24,0,1,3,6
Gulf of Aden,2015-08-25,0,1,3,6
Gulf of Aden,2015-08-26,0,1,3,6
Gulf of Aden,2015-08-27,0,1,3,6
Gulf of Aden,2015-08-28,0,1,3,6
Gulf of Aden,2015-08-29,0,1,3,6
Gulf of Aden,2015-08-30,0,1,3,6
Gulf of Aden,2015-08-31,0,1,3,6
Gulf of Aden,2015-09-01,0,1,3,6
Gulf of Aden,2015-09-02,0,1,3,6
Gulf of Aden,2015-09-03,0,1,3,6
Gulf of Aden,2015-09-04,0,1,3,6
Gulf of Aden,2015-09-05,0,1,3,6
Gulf of Aden,2015-09-06,0,1,3,6
Gulf of Aden,2015-09-07,0,1,3,6
Gulf of Aden,2015-09-08,0,1,3,6
Gulf of Aden,2015-09-09,0,1,3,6
Gulf of Aden,2015-09-10,0,1,3,6
Gulf of Aden,2015-09-11,0,1,3,6
Gulf of Aden,2015-09-12,0,1,3,6
Gulf of Aden,2015-09-13,0,1,3,6
Gulf of Aden,2015-09-14,0,1,3,6
Gulf of Aden,2015-09-15,0,1,3,6
Gulf of Aden,2015-09-16,0,1,3,6
Gulf of Aden,2015-09-17,0,1,3,6
Gulf of Aden,2015-09-18,0,1,3,6
Gulf of Aden,2015-09-19,0,0,3,6
Gulf of Aden,2015-09-20,0,0,3,6
Gulf of Aden,2015-09-21,0,0,3,6
Gulf of Aden,2015-09-22,0,0,3,6
Gulf of Aden,2015-09-23,0,0,3,6
Gulf of Aden,2015-09-24,0,0,3,6
Gulf of Aden,2015-09-25,0,0,3,6
Gulf of Aden,2015-09-26,0,0,2,6
Gulf of Aden,2015-09-27,0,0,2,6
Gulf of Aden,2015-09-28,0,0,2,6
Gulf of Aden,2015-09-29,0,0,2,6
Gulf of Aden,2015-09-30,0,0,2,6
Gulf of Aden,2015-10-01,0,0,2,6
Gulf of Aden,2015-10-02,0,0,2,6
Gulf of Aden,2015-10-03,0,0,2,6
Gulf of Aden,2015-10-04,0,0,2,6
Gulf of Aden,2015-10-05,0,0,2,6
Gulf of Aden,2015-10-06,0,0,2,6
Gulf of Aden,2015-10-07,0,0,2,6
Gulf of Aden,2015-10-08,0,0,2,6
Gulf of Aden,2015-10-09,0,0,2,6
Gulf of Aden,2015-10-10,0,0,2,4
Gulf of Aden,2015-10-11,0,0,2,4
Gulf of Aden,2015-10-12,0,0,2,4
Gulf of Aden,2015-10-13,0,0,2,4
Gulf of Aden,2015-10-14,0,0,2,4
Gulf of Aden,2015-10-15,0,0,2,4
Gulf of Aden,2015-10-16,0,0,2,4
Gulf of Aden,2015-10-17,0,0,2,4
Gulf of Aden,2015-10-18,0,0,2,4
Gulf of Aden,2015-10-19,0,0,2,4
Gulf of Aden,2015-10-20,0,0,2,4
Gulf of Aden,2015-10-21,0,0,2,4
Gulf of Aden,2015-10-22,0,0,2,4
Gulf of Aden,2015-10-23,0,0,2,4
Gulf of Aden,2015-10-24,0,0,2,4
Gulf of Aden,2015-10-25,0,0,2,4
Gulf of Aden,2015-10-26,0,0,2,4
Gulf of Aden,2015-10-27,0,0,2,4
Gulf of Aden,2015-10-28,0,0,2,4
Gulf of Aden,2015-10-29,0,0,2,4
Gulf of Aden,2015-10-30,0,0,2,4
Gulf of Aden,2015-10-31,0,0,2,4
Gulf of Aden,2015-11-01,0,0,2,4
Gulf of Aden,2015-11-02,0,0,2,4
Gulf of Aden,2015-11-03,0,0,2,4
Gulf of Aden,2015-11-04,0,0,2,4
Gulf of Aden,2015-11-05,0,0,1,4
Gulf of Aden,2015-11-06,0,0,1,4
Gulf of Aden,2015-11-07,0,0,1,3
Gulf of Aden,2015-11-08,0,0,1,3
Gulf of Aden,2015-11-09,0,0,1,3
Gulf of Aden,2015-11-10,0,0,1,3
Gulf of Aden,2015-11-11,0,0,1,3
Gulf of Aden,2015-11-12,0,0,1,3
Gulf of Aden,2015-11-13,0,0,1,3
Gulf of Aden,2015-11-14,0,0,1,3
Gulf of Aden,2015-11-15,0,0,1,3
Gulf of Aden,2015-11-16,0,0,1,3
Gulf of Aden,2015-11-17,0,0,1,3
Gulf of Aden,2015-11-18,0,0,1,3
Gulf of Aden,2015-11-19,0,0,1,3
Gulf of Aden,2015-11-20,1,1,2,4
Gulf of Aden,2015-11-21,1,1,2,4
Gulf of Aden,2015-11-22,2,2,3,5
Gulf of Aden,2015-11-23,2,2,3,5
Gulf of Aden,2015-11-24,2,2,3,5
Gulf of Aden,2015-11-25,2,2,3,5
Gulf of Aden,2015-11-26,2,2,3,5
Gulf of Aden,2015-11-27,2,2,3,5
Gulf of Aden,2015-11-28,2,2,3,5
Gulf of Aden,2015-11-29,2,2,3,5
Gulf of Aden,2015-11-30,2,2,3,5
Gulf of Aden,2015-12-01,2,2,3,5
Gulf of Aden,2015-12-02,2,2,3,5
Gulf of Aden,2015-12-03,2,2,3,5
Gulf of Aden,2015-12-04,2,2,3,5
Gulf of Aden,2015-12-05,2,2,3,5
Gulf of Aden,2015-12-06,2,2,3,5
Gulf of Aden,2015-12-07,2,2,3,5
Gulf of Aden,2015-12-08,2,2,3,5
Gulf of Aden,2015-12-09,2,2,3,5
Gulf of Aden,2015-12-10,2,2,3,5
Gulf of Aden,2015-12-11,2,2,3,5
Gulf of Aden,2015-12-12,2,2,3,5
Gulf of Aden,2015-12-13,2,2,3,5
Gulf of Aden,2015-12-14,2,2,3,5
Gulf of Aden,2015-12-15,2,2,3,5
Gulf of Aden,2015-12-16,2,2,3,5
Gulf of Aden,2015-12-17,2,2,3,5
Gulf of Aden,2015-12-18,2,2,2,5
Gulf of Aden,2015-12-19,2,2,2,5
Gulf of Aden,2015-12-20,2,2,2,5
Gulf of Aden,2015-12-21,2,2,2,5
Gulf of Aden,2015-12-22,2,2,2,5
Gulf of Aden,2015-12-23,2,2,2,5
Gulf of Aden,2015-12-24,2,2,2,5
Gulf of Aden,2015-12-25,2,2,2,4
Gulf of Aden,2015-12-26,2,2,2,4
Gulf of Aden,2015-12-27,2,2,2,4
Gulf of Aden,2015-12-28,2,2,2,4
Gulf of Aden,2015-12-29,2,2,2,4
Gulf of Aden,2015-12-30,2,2,2,4
Gulf of Aden,2015-12-31,2,2,2,4
Gulf of Aden,2016-01-01,2,2,2,4
Gulf of Aden,2016-01-02,2,2,2,4
Gulf of Aden,2016-01-03,2,2,2,4
Gulf of Aden,2016-01-04,2,2,2,4
Gulf of Aden,2016-01-05,2,2,2,4
Gulf of Aden,2016-01-06,2,2,2,4
Gulf of Aden,2016-01-07,2,2,2,4
Gulf of Aden,2016-01-08,2,2,2,4
Gulf of Aden,2016-01-09,2,2,2,4
Gulf of Aden,2016-01-10,2,2,2,4
Gulf of Aden,2016-01-11,2,2,2,4
Gulf of Aden,2016-01-12,2,2,2,4
Gulf of Aden,2016-01-13,2,2,2,4
Gulf of Aden,2016-01-14,2,2,2,4
Gulf of Aden,2016-01-15,2,2,2,4
Gulf of Aden,2016-01-16,2,2,2,4
Gulf of Aden,2016-01-17,2,2,2,4
Gulf of Aden,2016-01-18,2,2,2,4
Gulf of Aden,2016-01-19,2,2,2,4
Gulf of Aden,2016-01-20,2,2,2,4
Gulf of Aden,2016-01-21,2,2,2,4
Gulf of Aden,2016-01-22,2,2,2,4
Gulf of Aden,2016-01-23,2,2,2,4
Gulf of Aden,2016-01-24,2,2,2,4
Gulf of Aden,2016-01-25,2,2,2,4
Gulf of Aden,2016-01-26,2,2,2,4
Gulf of Aden,2016-01-27,2,2,2,4
Gulf of Aden,2016-01-28,2,2,2,4
Gulf of Aden,2016-01-29,2,2,2,4
Gulf of Aden,2016-01-30,2,2,2,4
Gulf of Aden,2016-01-31,2,2,2,4
Gulf of Aden,2016-02-01,2,2,2,4
Gulf of Aden,2016-02-02,2,2,2,4
Gulf of Aden,2016-02-03,2,2,2,3
Gulf of Aden,2016-02-04,2,2,2,3
Gulf of Aden,2016-02-05,2,2,2,3
Gulf of Aden,2016-02-06,2,2,2,3
Gulf of Aden,2016-02-07,2,2,2,3
Gulf of Aden,2016-02-08,2,2,2,3
Gulf of Aden,2016-02-09,2,2,2,3
Gulf of Aden,2016-02-10,2,2,2,3
Gulf of Aden,2016-02-11,2,2,2,3
Gulf of Aden,2016-02-12,2,2,2,3
Gulf of Aden,2016-02-13,2,2,2,3
Gulf of Aden,2016-02-14,2,2,2,3
Gulf of Aden,2016-02-15,2,2,2,3
Gulf of Aden,2016-02-16,2,2,2,3
Gulf of Aden,2016-02-17,2,2,2,3
Gulf of Aden,2016-02-18,1,2,2,3
Gulf of Aden,2016-02-19,1,2,2,3
Gulf of Aden,2016-02-20,0,2,2,3
Gulf of Aden,2016-02-21,0,2,2,3
Gulf of Aden,2016-02-22,0,2,2,3
Gulf of Aden,2016-02-23,0,2,2,3
Gulf of Aden,2016-02-24,0,2,2,3
Gulf of Aden,2016-02-25,0,2,2,3
Gulf of Aden,2016-02-26,0,2,2,3
Gulf of Aden,2016-02-27,0,2,2,3
Gulf of Aden,2016-02-28,0,2,2,3
Gulf of Aden,2016-02-29,0,2,2,3
Gulf of Aden,2016-03-01,0,2,2,3
Gulf of Aden,2016-03-02,0,2,2,3
Gulf of Aden,2016-03-03,0,2,2,3
Gulf of Aden,2016-03-04,0,2,2,3
Gulf of Aden,2016-03-05,0,2,2,3
Gulf of Aden,2016-03-06,0,2,2,3
Gulf of Aden,2016-03-07,0,2,2,3
Gulf of Aden,2016-03-08,0,2,2,3
Gulf of Aden,2016-03-09,0,2,2,3
Gulf of Aden,2016-03-10,0,2,2,3
Gulf of Aden,2016-03-11,0,2,2,3
Gulf of Aden,2016-03-12,0,2,2,3
Gulf of Aden,2016-03-13,0,2,2,3
Gulf of Aden,2016-03-14,0,2,2,3
Gulf of Aden,2016-03-15,0,2,2,3
Gulf of Aden,2016-03-16,0,2,2,3
Gulf of Aden,2016-03-17,0,2,2,2
Gulf of Aden,2016-03-18,0,2,2,2
Gulf of Aden,2016-03-19,0,2,2,2
Gulf of Aden,2016-03-20,0,2,2,2
Gulf of Aden,2016-03-21,0,2,2,2
Gulf of Aden,2016-03-22,0,2,2,2
Gulf of Aden,2016-03-23,0,2,2,2
Gulf of Aden,2016-03-24,0,2,2,2
Gulf of Aden,2016-03-25,0,2,2,2
Gulf of Aden,2016-03-26,0,2,2,2
Gulf of Aden,2016-03-27,0,2,2,2
Gulf of Aden,2016-03-28,0,2,2,2
Gulf of Aden,2016-03-29,0,2,2,2
Gulf of Aden,2016-03-30,0,2,2,2
Gulf of Aden,2016-03-31,0,2,2,2
Gulf of Aden,2016-04-01,0,2,2,2
Gulf of Aden,2016-04-02,0,2,2,2
Gulf of Aden,2016-04-03,0,2,2,2
Gulf of Aden,2016-04-04,0,2,2,2
Gulf of Aden,2016-04-05,0,2,2,2
Gulf of Aden,2016-04-06,0,2,2,2
Gulf of Aden,2016-04-07,0,2,2,2
Gulf of Aden,2016-04-08,0,2,2,2
Gulf of Aden,2016-04-09,0,2,2,2
Gulf of Aden,2016-04-10,0,2,2,2
Gulf of Aden,2016-04-11,0,2,2,2
Gulf of Aden,2016-04-12,0,2,2,2
Gulf of Aden,2016-04-13,0,2,2,2
Gulf of Aden,2016-04-14,0,2,2,2
Gulf of Aden,2016-04-15,0,2,2,2
Gulf of Aden,2016-04-16,0,2,2,2
Gulf of Aden,2016-04-17,0,2,2,2
Gulf of Aden,2016-04-18,0,2,2,2
Gulf of Aden,2016-04-19,0,2,2,2
Gulf of Aden,2016-04-20,0,2,2,2
Gulf of Aden,2016-04-21,0,2,2,2
Gulf of Aden,2016-04-22,0,2,2,2
Gulf of Aden,2016-04-23,0,2,2,2
Gulf of Aden,2016-04-24,1,3,3,3
Gulf of Aden,2016-04-25,1,3,3,3
Gulf of Aden,2016-04-26,1,3,3,3
Gulf of Aden,2016-04-27,1,3,3,3
Gulf of Aden,2016-04-28,1,3,3,3
Gulf of Aden,2016-04-29,1,3,3,3
Gulf of Aden,2016-04-30,1,3,3,3
Gulf of Aden,2016-05-01,1,3,3,3
Gulf of Aden,2016-05-02,1,3,3,3
Gulf of Aden,2016-05-03,1,3,3,3
Gulf of Aden,2016-05-04,1,3,3,3
Gulf of Aden,2016-05-05,1,3,3,3
Gulf of Aden,2016-05-06,1,3,3,3
Gulf of Aden,2016-05-07,1,3,3,3
Gulf of Aden,2016-05-08,1,3,3,3
Gulf of Aden,2016-05-09,1,3,3,3
Gulf of Aden,2016-05-10,1,3,3,3
Gulf of Aden,2016-05-11,1,3,3,3
Gulf of Aden,2016-05-12,1,3,3,3
Gulf of Aden,2016-05-13,1,3,3,3
Gulf of Aden,2016-05-14,1,3,3,3
Gulf of Aden,2016-05-15,1,3,3,3
Gulf of Aden,2016-05-16,2,4,4,4
Gulf of Aden,2016-05-17,2,4,4,4
Gulf of Aden,2016-05-18,2,3,4,4
Gulf of Aden,2016-05-19,2,3,4,4
Gulf of Aden,2016-05-20,2,2,4,4
Gulf of Aden,2016-05-21,2,2,4,4
Gulf of Aden,2016-05-22,2,2,4,4
Gulf of Aden,2016-05-23,2,2,4,4
Gulf of Aden,2016-05-24,2,2,4,4
Gulf of Aden,2016-05-25,2,2,4,4
Gulf of Aden,2016-05-26,2,2,4,4
Gulf of Aden,2016-05-27,2,2,4,4
Gulf of Aden,2016-05-28,2,2,4,4
Gulf of Aden,2016-05-29,2,2,4,4
Gulf of Aden,2016-05-30,2,2,4,4
Gulf of Aden,2016-05-31,2,2,4,4
Gulf of Aden,2016-06-01,2,2,4,4
Gulf of Aden,2016-06-02,2,2,4,4
Gulf of Aden,2016-06-03,2,2,4,4
Gulf of Aden,2016-06-04,2,2,4,4
Gulf of Aden,2016-06-05,2,2,4,4
Gulf of Aden,2016-06-06,2,2,4,4
Gulf of Aden,2016-06-07,2,2,4,4
Gulf of Aden,2016-06-08,2,2,4,4
Gulf of Aden,2016-06-09,2,2,4,4
Gulf of Aden,2016-06-10,2,2,4,4
Gulf of Aden,2016-06-11,2,2,4,4
Gulf of Aden,2016-06-12,2,2,4,4
Gulf of Aden,2016-06-13,2,2,4,4
Gulf of Aden,2016-06-14,2,2,4,4
Gulf of Aden,2016-06-15,2,2,4,4
Gulf of Aden,2016-06-16,2,2,4,4
Gulf of Aden,2016-06-17,2,2,4,4
Gulf of Aden,2016-06-18,2,2,4,4
Gulf of Aden,2016-06-19,2,2,4,4
Gulf of Aden,2016-06-20,2,2,4,4
Gulf of Aden,2016-06-21,2,2,4,4
Gulf of Aden,2016-06-22,2,2,4,4
Gulf of Aden,2016-06-23,2,2,4,4
Gulf of Aden,2016-06-24,2,2,4,4
Gulf of Aden,2016-06-25,2,2,4,4
Gulf of Aden,2016-06-26,2,2,4,4
Gulf of Aden,2016-06-27,2,2,4,4
Gulf of Aden,2016-06-28,2,2,4,4
Gulf of Aden,2016-06-29,2,2,4,4
Gulf of Aden,2016-06-30,2,2,4,4
Gulf of Aden,2016-07-01,2,2,4,4
Gulf of Aden,2016-07-02,2,2,4,4
Gulf of Aden,2016-07-03,2,2,4,4
Gulf of Aden,2016-07-04,2,2,4,4
Gulf of Aden,2016-07-05,2,2,4,4
Gulf of Aden,2016-07-06,2,2,4,4
Gulf of Aden,2016-07-07,2,2,4,4
Gulf of Aden,2016-07-08,2,2,4,4
Gulf of Aden,2016-07-09,2,2,4,4
Gulf of Aden,2016-07-10,2,2,4,4
Gulf of Aden,2016-07-11,2,2,4,4
Gulf of Aden,2016-07-12,2,2,4,4
Gulf of Aden,2016-07-13,2,2,4,4
Gulf of Aden,2016-07-14,2,2,4,4
Gulf of Aden,2016-07-15,2,2,4,4
Gulf of Aden,2016-07-16,2,2,4,4
Gulf of Aden,2016-07-17,2,2,4,4
Gulf of Aden,2016-07-18,2,2,4,4
Gulf of Aden,2016-07-19,2,2,4,4
Gulf of Aden,2016-07-20,2,2,4,4
Gulf of Aden,2016-07-21,2,2,4,4
Gulf of Aden,2016-07-22,3,3,5,5
Gulf of Aden,2016-07-23,2,3,5,5
Gulf of Aden,2016-07-24,2,3,5,5
Gulf of Aden,2016-07-25,2,3,5,5
Gulf of Aden,2016-07-26,2,3,5,5
Gulf of Aden,2016-07-27,2,3,5,5
Gulf of Aden,2016-07-28,2,3,5,5
Gulf of Aden,2016-07-29,2,3,5,5
Gulf of Aden,2016-07-30,2,3,5,5
Gulf of Aden,2016-07-31,2,3,5,5
Gulf of Aden,2016-08-01,2,3,5,5
Gulf of Aden,2016-08-02,2,3,5,5
Gulf of Aden,2016-08-03,2,3,5,5
Gulf of Aden,2016-08-04,2,3,5,5
Gulf of Aden,2016-08-05,2,3,5,5
Gulf of Aden,2016-08-06,2,3,5,5
Gulf of Aden,2016-08-07,2,3,5,5
Gulf of Aden,2016-08-08,2,3,5,5
Gulf of Aden,2016-08-09,2,3,5,5
Gulf of Aden,2016-08-10,2,3,5,5
Gulf of Aden,2016-08-11,2,3,5,5
Gulf of Aden,2016-08-12,2,3,5,5
Gulf of Aden,2016-08-13,2,3,5,5
Gulf of Aden,2016-08-14,1,3,5,5
Gulf of Aden,2016-08-15,1,3,5,5
Gulf of Aden,2016-08-16,1,3,4,5
Gulf of Aden,2016-08-17,1,3,4,5
Gulf of Aden,2016-08-18,1,3,3,5
Gulf of Aden,2016-08-19,1,3,3,5
Gulf of Aden,2016-08-20,1,3,3,5
Gulf of Aden,2016-08-21,1,3,3,5
Gulf of Aden,2016-08-22,1,3,3,5
Gulf of Aden,2016-08-23,1,3,3,5
Gulf of Aden,2016-08-24,1,3,3,5
Gulf of Aden,2016-08-25,1,3,3,5
Gulf of Aden,2016-08-26,1,3,3,5
Gulf of Aden,2016-08-27,1,3,3,5
Gulf of Aden,2016-08-28,1,3,3,5
Gulf of Aden,2016-08-29,1,3,3,5
Gulf of Aden,2016-08-30,1,3,3,5
Gulf of Aden,2016-08-31,1,3,3,5
Gulf of Aden,2016-09-01,1,3,3,5
Gulf of Aden,2016-09-02,1,3,3,5
Gulf of Aden,2016-09-03,1,3,3,5
Gulf of Aden,2016-09-04,1,3,3,5
Gulf of Aden,2016-09-05,1,3,3,5
Gulf of Aden,2016-09-06,1,3,3,5
Gulf of Aden,2016-09-07,2,4,4,6
Gulf of Aden,2016-09-08,2,4,4,6
Gulf of Aden,2016-09-09,2,4,4,6
Gulf of Aden,2016-09-10,2,4,4,6
Gulf of Aden,2016-09-11,2,4,4,6
Gulf of Aden,2016-09-12,2,4,4,6
Gulf of Aden,2016-09-13,2,4,4,6
Gulf of Aden,2016-09-14,2,4,4,6
Gulf of Aden,2016-09-15,2,4,4,6
Gulf of Aden,2016-09-16,2,4,4,6
Gulf of Aden,2016-09-17,2,4,4,6
Gulf of Aden,2016-09-18,2,4,4,6
Gulf of Aden,2016-09-19,2,4,4,6
Gulf of Aden,2016-09-20,2,4,4,6
Gulf of Aden,2016-09-21,2,4,4,6
Gulf of Aden,2016-09-22,2,4,4,6
Gulf of Aden,2016-09-23,2,4,4,6
Gulf of Aden,2016-09-24,2,4,4,6
Gulf of Aden,2016-09-25,2,4,4,6
Gulf of Aden,2016-09-26,2,4,4,6
Gulf of Aden,2016-09-27,2,4,4,6
Gulf of Aden,2016-09-28,2,4,4,6
Gulf of Aden,2016-09-29,2,4,4,6
Gulf of Aden,2016-09-30,2,4,4,6
Gulf of Aden,2016-10-01,3,5,5,7
Gulf of Aden,2016-10-02,3,5,5,7
Gulf of Aden,2016-10-03,4,6,6,8
Gulf of Aden,2016-10-04,4,6,6,8
Gulf of Aden,2016-10-05,4,6,6,8
Gulf of Aden,2016-10-06,4,6,6,8
Gulf of Aden,2016-10-07,4,6,6,8
Gulf of Aden,2016-10-08,4,6,6,8
Gulf of Aden,2016-10-09,5,7,7,9
Gulf of Aden,2016-10-10,5,7,7,9
Gulf of Aden,2016-10-11,5,7,7,9
Gulf of Aden,2016-10-12,6,8,8,10
Gulf of Aden,2016-10-13,6,8,8,10
Gulf of Aden,2016-10-14,6,8,8,10
Gulf of Aden,2016-10-15,7,9,9,11
Gulf of Aden,2016-10-16,7,9,9,11
Gulf of Aden,2016-10-17,7,9,9,11
Gulf of Aden,2016-10-18,7,9,9,11
Gulf of Aden,2016-10-19,7,9,9,11
Gulf of Aden,2016-10-20,6,9,9,11
Gulf of Aden,2016-10-21,6,8,9,11
Gulf of Aden,2016-10-22,8,10,11,13
Gulf of Aden,2016-10-23,8,10,11,13
Gulf of Aden,2016-10-24,8,10,11,13
Gulf of Aden,2016-10-25,9,11,12,14
Gulf of Aden,2016-10-26,10,12,13,15
Gulf of Aden,2016-10-27,10,12,13,15
Gulf of Aden,2016-10-28,10,12,13,15
Gulf of Aden,2016-10-29,10,12,13,15
Gulf of Aden,2016-10-30,10,12,13,15
Gulf of Aden,2016-10-31,10,12,13,15
Gulf of Aden,2016-11-01,10,12,13,15
Gulf of Aden,2016-11-02,10,12,13,15
Gulf of Aden,2016-11-03,10,12,13,15
Gulf of Aden,2016-11-04,10,12,13,15
Gulf of Aden,2016-11-05,10,12,13,15
Gulf of Aden,2016-11-06,10,12,13,15
Gulf of Aden,2016-11-07,10,12,13,15
Gulf of Aden,2016-11-08,10,12,13,15
Gulf of Aden,2016-11-09,10,12,13,15
Gulf of Aden,2016-11-10,10,12,13,15
Gulf of Aden,2016-11-11,10,12,13,15
Gulf of Aden,2016-11-12,10,11,13,15
Gulf of Aden,2016-11-13,10,11,13,15
Gulf of Aden,2016-11-14,10,11,13,14
Gulf of Aden,2016-11-15,10,11,13,14
Gulf of Aden,2016-11-16,10,11,13,13
Gulf of Aden,2016-11-17,10,11,13,13
Gulf of Aden,2016-11-18,10,11,13,13
Gulf of Aden,2016-11-19,10,11,13,13
Gulf of Aden,2016-11-20,10,11,13,13
Gulf of Aden,2016-11-21,10,11,13,13
Gulf of Aden,2016-11-22,10,11,13,13
Gulf of Aden,2016-11-23,10,11,13,13
Gulf of Aden,2016-11-24,10,11,13,13
Gulf of Aden,2016-11-25,10,11,13,13
Gulf of Aden,2016-11-26,10,11,13,13
Gulf of Aden,2016-11-27,10,11,13,13
Gulf of Aden,2016-11-28,10,11,13,13
Gulf of Aden,2016-11-29,10,11,13,13
Gulf of Aden,2016-11-30,10,11,13,13
Gulf of Aden,2016-12-01,10,11,13,13
Gulf of Aden,2016-12-02,10,11,13,13
Gulf of Aden,2016-12-03,10,11,13,13
Gulf of Aden,2016-12-04,10,11,13,13
Gulf of Aden,2016-12-05,10,11,13,13
Gulf of Aden,2016-12-06,9,11,13,13
Gulf of Aden,2016-12-07,9,11,13,13
Gulf of Aden,2016-12-08,9,11,13,13
Gulf of Aden,2016-12-09,9,11,13,13
Gulf of Aden,2016-12-10,9,11,13,13
Gulf of Aden,2016-12-11,9,11,13,13
Gulf of Aden,2016-12-12,9,11,13,13
Gulf of Aden,2016-12-13,9,11,13,13
Gulf of Aden,2016-12-14,9,11,13,13
Gulf of Aden,2016-12-15,9,11,13,13
Gulf of Aden,2016-12-16,9,11,13,13
Gulf of Aden,2016-12-17,9,11,13,13
Gulf of Aden,2016-12-18,9,11,13,13
Gulf of Aden,2016-12-19,9,11,13,13
Gulf of Aden,2016-12-20,9,11,13,13
Gulf of Aden,2016-12-21,9,11,13,13
Gulf of Aden,2016-12-22,10,12,14,14
Gulf of Aden,2016-12-23,11,13,15,15
Gulf of Aden,2016-12-24,11,13,15,15
Gulf of Aden,2016-12-25,11,13,15,15
Gulf of Aden,2016-12-26,11,13,15,15
Gulf of Aden,2016-12-27,11,13,15,15
Gulf of Aden,2016-12-28,11,13,15,15
Gulf of Aden,2016-12-29,11,13,15,15
Gulf of Aden,2016-12-30,10,13,15,15
Gulf of Aden,2016-12-31,10,13,15,15
Gulf of Aden,2017-01-01,9,13,15,15
Gulf of Aden,2017-01-02,9,13,15,15
Gulf of Aden,2017-01-03,9,13,15,15
Gulf of Aden,2017-01-04,9,13,15,15
Gulf of Aden,2017-01-05,9,13,15,15
Gulf of Aden,2017-01-06,9,13,15,15
Gulf of Aden,2017-01-07,8,13,15,15
Gulf of Aden,2017-01-08,8,13,15,15
Gulf of Aden,2017-01-09,8,13,15,15
Gulf of Aden,2017-01-10,7,13,15,15
Gulf of Aden,2017-01-11,7,13,15,15
Gulf of Aden,2017-01-12,7,13,15,15
Gulf of Aden,2017-01-13,6,13,15,15
Gulf of Aden,2017-01-14,6,13,15,15
Gulf of Aden,2017-01-15,6,13,15,15
Gulf of Aden,2017-01-16,6,13,15,15
Gulf of Aden,2017-01-17,6,13,15,15
Gulf of Aden,2017-01-18,6,12,15,15
Gulf of Aden,2017-01-19,6,12,14,15
Gulf of Aden,2017-01-20,4,12,14,15
Gulf of Aden,2017-01-21,4,12,14,15
Gulf of Aden,2017-01-22,4,12,14,15
Gulf of Aden,2017-01-23,3,12,14,15
Gulf of Aden,2017-01-24,2,12,14,15
Gulf of Aden,2017-01-25,2,12,14,15
Gulf of Aden,2017-01-26,2,12,14,15
Gulf of Aden,2017-01-27,2,12,14,15
Gulf of Aden,2017-01-28,2,12,14,15
Gulf of Aden,2017-01-29,2,12,14,15
Gulf of Aden,2017-01-30,3,13,15,16
Gulf of Aden,2017-01-31,3,13,15,16
Gulf of Aden,2017-02-01,3,13,15,16
Gulf of Aden,2017-02-02,3,13,15,16
Gulf of Aden,2017-02-03,3,13,15,16
Gulf of Aden,2017-02-04,3,13,15,16
Gulf of Aden,2017-02-05,3,13,15,16
Gulf of Aden,2017-02-06,3,13,15,16
Gulf of Aden,2017-02-07,3,13,15,16
Gulf of Aden,2017-02-08,3,13,15,16
Gulf of Aden,2017-02-09,3,13,15,16
Gulf of Aden,2017-02-10,3,13,14,16
Gulf of Aden,2017-02-11,3,13,14,16
Gulf of Aden,2017-02-12,4,14,15,17
Gulf of Aden,2017-02-13,4,14,15,17
Gulf of Aden,2017-02-14,4,14,15,17
Gulf of Aden,2017-02-15,4,14,15,17
Gulf of Aden,2017-02-16,4,14,15,17
Gulf of Aden,2017-02-17,4,14,15,17
Gulf of Aden,2017-02-18,4,14,15,17
Gulf of Aden,2017-02-19,4,14,15,17
Gulf of Aden,2017-02-20,4,14,15,17
Gulf of Aden,2017-02-21,4,14,15,17
Gulf of Aden,2017-02-22,4,14,15,17
Gulf of Aden,2017-02-23,4,14,15,17
Gulf of Aden,2017-02-24,4,14,15,17
Gulf of Aden,2017-02-25,4,14,15,17
Gulf of Aden,2017-02-26,4,14,15,17
Gulf of Aden,2017-02-27,4,14,15,17
Gulf of Aden,2017-02-28,4,14,15,17
Gulf of Aden,2017-03-01,4,14,15,17
Gulf of Aden,2017-03-02,4,14,15,17
Gulf of Aden,2017-03-03,4,14,15,17
Gulf of Aden,2017-03-04,4,14,15,17
Gulf of Aden,2017-03-05,4,14,15,17
Gulf of Aden,2017-03-06,4,13,15,17
Gulf of Aden,2017-03-07,5,14,16,18
Gulf of Aden,2017-03-08,5,14,16,18
Gulf of Aden,2017-03-09,7,16,18,20
Gulf of Aden,2017-03-10,8,17,19,21
Gulf of Aden,2017-03-11,8,17,19,21
Gulf of Aden,2017-03-12,8,17,19,21
Gulf of Aden,2017-03-13,9,18,20,22
Gulf of Aden,2017-03-14,9,18,20,22
Gulf of Aden,2017-03-15,9,18,20,22
Gulf of Aden,2017-03-16,9,18,20,22
Gulf of Aden,2017-03-17,9,18,20,22
Gulf of Aden,2017-03-18,10,19,21,23
Gulf of Aden,2017-03-19,10,19,21,23
Gulf of Aden,2017-03-20,10,19,21,23
Gulf of Aden,2017-03-21,10,19,21,23
Gulf of Aden,2017-03-22,9,19,21,23
Gulf of Aden,2017-03-23,8,19,21,23
Gulf of Aden,2017-03-24,10,21,23,25
Gulf of Aden,2017-03-25,10,21,23,25
Gulf of Aden,2017-03-26,10,21,23,25
Gulf of Aden,2017-03-27,10,21,23,25
Gulf of Aden,2017-03-28,10,21,23,25
Gulf of Aden,2017-03-29,10,21,23,25
Gulf of Aden,2017-03-30,10,20,23,25
Gulf of Aden,2017-03-31,10,20,23,25
Gulf of Aden,2017-04-01,11,20,24,26
Gulf of Aden,2017-04-02,11,20,24,26
Gulf of Aden,2017-04-03,12,21,25,27
Gulf of Aden,2017-04-04,13,22,26,28
Gulf of Aden,2017-04-05,13,22,26,28
Gulf of Aden,2017-04-06,13,22,26,28
Gulf of Aden,2017-04-07,13,21,26,28
Gulf of Aden,2017-04-08,15,23,28,30
Gulf of Aden,2017-04-09,16,24,29,31
Gulf of Aden,2017-04-10,16,23,29,31
Gulf of Aden,2017-04-11,16,23,29,31
Gulf of Aden,2017-04-12,16,23,29,31
Gulf of Aden,2017-04-13,16,22,29,31
Gulf of Aden,2017-04-14,18,24,31,33
Gulf of Aden,2017-04-15,20,26,33,35
Gulf of Aden,2017-04-16,21,27,34,36
Gulf of Aden,2017-04-17,21,27,34,36
Gulf of Aden,2017-04-18,21,27,33,36
Gulf of Aden,2017-04-19,21,27,33,35
Gulf of Aden,2017-04-20,21,25,33,35
Gulf of Aden,2017-04-21,21,25,33,35
Gulf of Aden,2017-04-22,23,27,35,37
Gulf of Aden,2017-04-23,23,26,35,37
Gulf of Aden,2017-04-24,23,25,35,37
Gulf of Aden,2017-04-25,24,26,36,38
Gulf of Aden,2017-04-26,24,26,36,38
Gulf of Aden,2017-04-27,24,26,36,38
Gulf of Aden,2017-04-28,24,26,36,38
Gulf of Aden,2017-04-29,24,26,36,38
Gulf of Aden,2017-04-30,23,26,36,38
Gulf of Aden,2017-05-01,24,27,37,39
Gulf of Aden,2017-05-02,25,28,38,40
Gulf of Aden,2017-05-03,26,29,39,41
Gulf of Aden,2017-05-04,26,29,39,41
Gulf of Aden,2017-05-05,26,29,39,41
Gulf of Aden,2017-05-06,26,29,39,41
Gulf of Aden,2017-05-07,28,31,41,43
Gulf of Aden,2017-05-08,28,31,41,43
Gulf of Aden,2017-05-09,28,31,41,43
Gulf of Aden,2017-05-10,28,31,41,43
Gulf of Aden,2017-05-11,28,31,41,42
Gulf of Aden,2017-05-12,28,31,41,42
Gulf of Aden,2017-05-13,27,31,41,42
Gulf of Aden,2017-05-14,27,31,41,42
Gulf of Aden,2017-05-15,27,31,41,42
Gulf of Aden,2017-05-16,28,32,42,43
Gulf of Aden,2017-05-17,28,32,42,43
Gulf of Aden,2017-05-18,28,32,42,43
Gulf of Aden,2017-05-19,28,32,42,43
Gulf of Aden,2017-05-20,28,32,42,43
Gulf of Aden,2017-05-21,28,32,42,43
Gulf of Aden,2017-05-22,28,32,42,43
Gulf of Aden,2017-05-23,29,33,43,44
Gulf of Aden,2017-05-24,29,33,43,44
Gulf of Aden,2017-05-25,29,33,43,44
Gulf of Aden,2017-05-26,29,33,43,44
Gulf of Aden,2017-05-27,30,34,44,45
Gulf of Aden,2017-05-28,31,35,45,46
Gulf of Aden,2017-05-29,31,35,45,46
Gulf of Aden,2017-05-30,31,35,45,46
Gulf of Aden,2017-05-31,32,36,46,47
Gulf of Aden,2017-06-01,33,37,47,48
Gulf of Aden,2017-06-02,33,37,47,48
Gulf of Aden,2017-06-03,34,38,48,49
Gulf of Aden,2017-06-04,34,38,47,49
Gulf of Aden,2017-06-05,33,38,47,49
Gulf of Aden,2017-06-06,33,38,47,49
Gulf of Aden,2017-06-07,31,38,47,49
Gulf of Aden,2017-06-08,30,38,47,49
Gulf of Aden,2017-06-09,30,38,47,49
Gulf of Aden,2017-06-10,30,38,47,49
Gulf of Aden,2017-06-11,29,38,47,49
Gulf of Aden,2017-06-12,29,38,47,49
Gulf of Aden,2017-06-13,31,40,49,51
Gulf of Aden,2017-06-14,31,40,49,51
Gulf of Aden,2017-06-15,31,40,49,51
Gulf of Aden,2017-06-16,30,40,49,51
Gulf of Aden,2017-06-17,30,40,49,51
Gulf of Aden,2017-06-18,30,40,49,51
Gulf of Aden,2017-06-19,30,40,49,51
Gulf of Aden,2017-06-20,30,39,49,51
Gulf of Aden,2017-06-21,30,38,49,51
Gulf of Aden,2017-06-22,28,38,49,51
Gulf of Aden,2017-06-23,28,38,49,51
Gulf of Aden,2017-06-24,28,38,49,51
Gulf of Aden,2017-06-25,29,39,50,52
Gulf of Aden,2017-06-26,29,39,50,52
Gulf of Aden,2017-06-27,29,39,50,52
Gulf of Aden,2017-06-28,30,40,50,53
Gulf of Aden,2017-06-29,30,40,50,53
Gulf of Aden,2017-06-30,30,41,50,54
Gulf of Aden,2017-07-01,30,41,50,54
Gulf of Aden,2017-07-02,29,41,50,54
Gulf of Aden,2017-07-03,28,41,50,54
Gulf of Aden,2017-07-04,28,41,50,54
Gulf of Aden,2017-07-05,29,42,51,55
Gulf of Aden,2017-07-06,29,42,50,55
Gulf of Aden,2017-07-07,27,42,50,55
Gulf of Aden,2017-07-08,26,42,50,55
Gulf of Aden,2017-07-09,26,42,49,55
Gulf of Aden,2017-07-10,26,42,49,55
Gulf of Aden,2017-07-11,27,43,50,56
Gulf of Aden,2017-07-12,27,43,49,56
Gulf of Aden,2017-07-13,25,43,49,56
Gulf of Aden,2017-07-14,23,43,49,56
Gulf of Aden,2017-07-15,22,43,49,56
Gulf of Aden,2017-07-16,22,43,49,56
Gulf of Aden,2017-07-17,22,43,49,55
Gulf of Aden,2017-07-18,22,43,49,55
Gulf of Aden,2017-07-19,22,43,47,55
Gulf of Aden,2017-07-20,22,43,47,55
Gulf of Aden,2017-07-21,20,43,47,55
Gulf of Aden,2017-07-22,20,43,46,55
Gulf of Aden,2017-07-23,20,43,45,55
Gulf of Aden,2017-07-24,19,43,45,55
Gulf of Aden,2017-07-25,20,44,46,56
Gulf of Aden,2017-07-26,20,44,46,56
Gulf of Aden,2017-07-27,20,44,46,56
Gulf of Aden,2017-07-28,20,44,46,56
Gulf of Aden,2017-07-29,22,45,48,58
Gulf of Aden,2017-07-30,21,45,48,58
Gulf of Aden,2017-07-31,20,45,48,58
Gulf of Aden,2017-08-01,19,45,48,58
Gulf of Aden,2017-08-02,19,45,48,58
Gulf of Aden,2017-08-03,19,45,48,58
Gulf of Aden,2017-08-04,19,45,48,58
Gulf of Aden,2017-08-05,17,45,48,58
Gulf of Aden,2017-08-06,17,45,48,58
Gulf of Aden,2017-08-07,17,45,48,58
Gulf of Aden,2017-08-08,17,45,48,58
Gulf of Aden,2017-08-09,17,45,48,58
Gulf of Aden,2017-08-10,18,46,49,59
Gulf of Aden,2017-08-11,18,45,49,59
Gulf of Aden,2017-08-12,18,45,49,59
Gulf of Aden,2017-08-13,18,45,49,59
Gulf of Aden,2017-08-14,17,45,49,59
Gulf of Aden,2017-08-15,17,45,49,59
Gulf of Aden,2017-08-16,17,45,49,59
Gulf of Aden,2017-08-17,17,45,49,59
Gulf of Aden,2017-08-18,18,46,50,60
Gulf of Aden,2017-08-19,19,47,51,61
Gulf of Aden,2017-08-20,19,47,51,61
Gulf of Aden,2017-08-21,18,47,51,61
Gulf of Aden,2017-08-22,18,47,51,61
Gulf of Aden,2017-08-23,18,47,51,61
Gulf of Aden,2017-08-24,18,47,51,61
Gulf of Aden,2017-08-25,17,47,51,61
Gulf of Aden,2017-08-26,16,47,51,61
Gulf of Aden,2017-08-27,16,47,51,61
Gulf of Aden,2017-08-28,17,48,52,62
Gulf of Aden,2017-08-29,16,48,52,62
Gulf of Aden,2017-08-30,15,48,52,62
Gulf of Aden,2017-08-31,15,48,52,62
Gulf of Aden,2017-09-01,14,48,52,62
Gulf of Aden,2017-09-02,14,48,52,61
Gulf of Aden,2017-09-03,14,47,52,61
Gulf of Aden,2017-09-04,14,47,52,61
Gulf of Aden,2017-09-05,14,45,52,61
Gulf of Aden,2017-09-06,14,44,52,61
Gulf of Aden,2017-09-07,14,44,52,61
Gulf of Aden,2017-09-08,14,44,52,61
Gulf of Aden,2017-09-09,14,43,52,61
Gulf of Aden,2017-09-10,14,43,52,61
Gulf of Aden,2017-09-11,12,43,52,61
Gulf of Aden,2017-09-12,12,43,52,61
Gulf of Aden,2017-09-13,12,43,52,61
Gulf of Aden,2017-09-14,12,42,52,61
Gulf of Aden,2017-09-15,12,42,52,61
Gulf of Aden,2017-09-16,12,42,52,61
Gulf of Aden,2017-09-17,12,42,52,61
Gulf of Aden,2017-09-18,12,42,51,61
Gulf of Aden,2017-09-19,12,42,50,61
Gulf of Aden,2017-09-20,12,40,50,61
Gulf of Aden,2017-09-21,12,40,50,61
Gulf of Aden,2017-09-22,13,41,51,62
Gulf of Aden,2017-09-23,12,41,51,62
Gulf of Aden,2017-09-24,12,41,51,62
Gulf of Aden,2017-09-25,12,41,51,62
Gulf of Aden,2017-09-26,12,42,52,62
Gulf of Aden,2017-09-27,12,42,52,62
Gulf of Aden,2017-09-28,13,43,54,63
Gulf of Aden,2017-09-29,13,43,54,63
Gulf of Aden,2017-09-30,13,42,54,63
Gulf of Aden,2017-10-01,13,41,54,63
Gulf of Aden,2017-10-02,13,41,54,63
Gulf of Aden,2017-10-03,12,41,54,63
Gulf of Aden,2017-10-04,12,41,54,62
Gulf of Aden,2017-10-05,12,39,54,62
Gulf of Aden,2017-10-06,14,40,56,64
Gulf of Aden,2017-10-07,15,41,57,64
Gulf of Aden,2017-10-08,15,41,57,64
Gulf of Aden,2017-10-09,14,41,57,64
Gulf of Aden,2017-10-10,14,41,57,63
Gulf of Aden,2017-10-11,14,39,57,63
Gulf of Aden,2017-10-12,14,37,57,63
Gulf of Aden,2017-10-13,14,36,57,63
Gulf of Aden,2017-10-14,14,36,57,63
Gulf of Aden,2017-10-15,15,37,58,64
Gulf of Aden,2017-10-16,15,37,58,64
Gulf of Aden,2017-10-17,15,37,58,62
Gulf of Aden,2017-10-18,16,38,59,63
Gulf of Aden,2017-10-19,16,36,59,63
Gulf of Aden,2017-10-20,17,37,60,63
Gulf of Aden,2017-10-21,17,37,60,62
Gulf of Aden,2017-10-22,17,36,60,62
Gulf of Aden,2017-10-23,16,36,60,62
Gulf of Aden,2017-10-24,18,38,62,64
Gulf of Aden,2017-10-25,18,38,62,64
Gulf of Aden,2017-10-26,18,38,62,64
Gulf of Aden,2017-10-27,16,38,61,64
Gulf of Aden,2017-10-28,16,37,61,64
Gulf of Aden,2017-10-29,16,36,61,64
Gulf of Aden,2017-10-30,16,35,61,64
Gulf of Aden,2017-10-31,16,35,61,64
Gulf of Aden,2017-11-01,16,35,61,64
Gulf of Aden,2017-11-02,16,35,61,64
Gulf of Aden,2017-11-03,16,33,61,64
Gulf of Aden,2017-11-04,16,33,61,64
Gulf of Aden,2017-11-05,16,33,61,64
Gulf of Aden,2017-11-06,16,33,61,64
Gulf of Aden,2017-11-07,16,33,61,64
Gulf of Aden,2017-11-08,16,34,62,65
Gulf of Aden,2017-11-09,16,34,61,65
Gulf of Aden,2017-11-10,16,34,61,65
Gulf of Aden,2017-11-11,16,34,61,65
Gulf of Aden,2017-11-12,16,33,61,65
Gulf of Aden,2017-11-13,16,33,61,65
Gulf of Aden,2017-11-14,16,33,61,65
Gulf of Aden,2017-11-15,16,33,61,65
Gulf of Aden,2017-11-16,15,33,61,65
Gulf of Aden,2017-11-17,15,34,62,66
Gulf of Aden,2017-11-18,17,36,64,68
Gulf of Aden,2017-11-19,19,37,66,70
Gulf of Aden,2017-11-20,19,37,66,70
Gulf of Aden,2017-11-21,20,38,67,71
Gulf of Aden,2017-11-22,20,38,67,71
Gulf of Aden,2017-11-23,20,37,67,71
Gulf of Aden,2017-11-24,20,36,67,71
Gulf of Aden,2017-11-25,20,36,67,71
Gulf of Aden,2017-11-26,19,36,67,71
Gulf of Aden,2017-11-27,19,35,67,71
Gulf of Aden,2017-11-28,19,34,67,71
Gulf of Aden,2017-11-29,19,34,67,71
Gulf of Aden,2017-11-30,19,33,67,71
Gulf of Aden,2017-12-01,19,33,67,71
Gulf of Aden,2017-12-02,19,33,66,71
Gulf of Aden,2017-12-03,19,33,66,71
Gulf of Aden,2017-12-04,19,33,64,71
Gulf of Aden,2017-12-05,19,33,63,71
Gulf of Aden,2017-12-06,19,33,63,71
Gulf of Aden,2017-12-07,20,34,64,72
Gulf of Aden,2017-12-08,20,34,63,72
Gulf of Aden,2017-12-09,20,34,63,72
Gulf of Aden,2017-12-10,20,32,63,72
Gulf of Aden,2017-12-11,20,32,63,72
Gulf of Aden,2017-12-12,21,33,64,73
Gulf of Aden,2017-12-13,21,33,63,73
Gulf of Aden,2017-12-14,22,34,64,74
Gulf of Aden,2017-12-15,22,34,64,74
Gulf of Aden,2017-12-16,22,34,64,74
Gulf of Aden,2017-12-17,22,34,64,73
Gulf of Aden,2017-12-18,22,34,64,72
Gulf of Aden,2017-12-19,22,34,62,72
Gulf of Aden,2017-12-20,22,34,62,72
Gulf of Aden,2017-12-21,21,34,62,72
Gulf of Aden,2017-12-22,21,33,62,72
Gulf of Aden,2017-12-23,21,33,62,72
Gulf of Aden,2017-12-24,21,33,62,72
Gulf of Aden,2017-12-25,20,32,62,72
Gulf of Aden,2017-12-26,20,32,62,72
Gulf of Aden,2017-12-27,18,31,61,72
Gulf of Aden,2017-12-28,18,31,61,72
Gulf of Aden,2017-12-29,18,31,60,72
Gulf of Aden,2017-12-30,18,31,59,72
Gulf of Aden,2017-12-31,18,31,59,72
Gulf of Guinea,2010-01-01,0,0,0,0
Gulf of Guinea,2010-01-02,0,0,0,0
Gulf of Guinea,2010-01-03,0,0,0,0
Gulf of Guinea,2010-01-04,0,0,0,0
Gulf of Guinea,2010-01-05,1,1,1,1
Gulf of Guinea,2010-01-06,1,1,1,1
Gulf of Guinea,2010-01-07,1,1,1,1
Gulf of Guinea,2010-01-08,1,1,1,1
Gulf of Guinea,2010-01-09,1,1,1,1
Gulf of Guinea,2010-01-10,1,1,1,1
Gulf of Guinea,2010-01-11,1,1,1,1
Gulf of Guinea,2010-01-12,1,1,1,1
Gulf of Guinea,2010-01-13,1,1,1,1
Gulf of Guinea,2010-01-14,1,1,1,1
Gulf of Guinea,2010-01-15,1,1,1,1
Gulf of Guinea,2010-01-16,1,1,1,1
Gulf of Guinea,2010-01-17,1,1,1,1
Gulf of Guinea,2010-01-18,1,1,1,1
Gulf of Guinea,2010-01-19,1,1,1,1
Gulf of Guinea,2010-01-20,1,1,1,1
Gulf of Guinea,2010-01-21,1,1,1,1
Gulf of Guinea,2010-01-22,1,1,1,1
Gulf of Guinea,2010-01-23,1,1,1,1
Gulf of Guinea,2010-01-24,1,1,1,1
Gulf of Guinea,2010-01-25,1,1,1,1
Gulf of Guinea,2010-01-26,1,1,1,1
Gulf of Guinea,2010-01-27,1,1,1,1
Gulf of Guinea,2010-01-28,1,1,1,1
Gulf of Guinea,2010-01-29,1,1,1,1
Gulf of Guinea,2010-01-30,1,1,1,1
Gulf of Guinea,2010-01-31,1,1,1,1
Gulf of Guinea,2010-02-01,1,1,1,1
Gulf of Guinea,2010-02-02,1,1,1,1
Gulf of Guinea,2010-02-03,1,1,1,1
Gulf of Guinea,2010-02-04,1,1,1,1
Gulf of Guinea,2010-02-05,1,1,1,1
Gulf of Guinea,2010-02-06,1,1,1,1
Gulf of Guinea,2010-02-07,1,1,1,1
Gulf of Guinea,2010-02-08,1,1,1,1
Gulf of Guinea,2010-02-09,1,1,1,1
Gulf of Guinea,2010-02-10,1,1,1,1
Gulf of Guinea,2010-02-11,1,1,1,1
Gulf of Guinea,2010-02-12,1,1,1,1
Gulf of Guinea,2010-02-13,1,1,1,1
Gulf of Guinea,2010-02-14,1,1,1,1
Gulf of Guinea,2010-02-15,1,1,1,1
Gulf of Guinea,2010-02-16,1,1,1,1
Gulf of Guinea,2010-02-17,1,1,1,1
Gulf of Guinea,2010-02-18,1,1,1,1
Gulf of Guinea,2010-02-19,1,1,1,1
Gulf of Guinea,2010-02-20,1,1,1,1
Gulf of Guinea,2010-02-21,1,1,1,1
Gulf of Guinea,2010-02-22,1,1,1,1
Gulf of Guinea,2010-02-23,1,1,1,1
Gulf of Guinea,2010-02-24,1,1,1,1
Gulf of Guinea,2010-02-25,1,1,1,1
Gulf of Guinea,2010-02-26,1,1,1,1
Gulf of Guinea,2010-02-27,1,1,1,1
Gulf of Guinea,2010-02-28,1,1,1,1
Gulf of Guinea,2010-03-01,1,1,1,1
Gulf of Guinea,2010-03-02,1,1,1,1
Gulf of Guinea,2010-03-03,1,1,1,1
Gulf of Guinea,2010-03-04,1,1,1,1
Gulf of Guinea,2010-03-05,1,1,1,1
Gulf of Guinea,2010-03-06,1,1,1,1
Gulf of Guinea,2010-03-07,1,1,1,1
Gulf of Guinea,2010-03-08,1,1,1,1
Gulf of Guinea,2010-03-09,1,1,1,1
Gulf of Guinea,2010-03-10,1,1,1,1
Gulf of Guinea,2010-03-11,1,1,1,1
Gulf of Guinea,2010-03-12,1,1,1,1
Gulf of Guinea,2010-03-13,1,1,1,1
Gulf of Guinea,2010-03-14,1,1,1,1
Gulf of Guinea,2010-03-15,1,1,1,1
Gulf of Guinea,2010-03-16,1,1,1,1
Gulf of Guinea,2010-03-17,1,1,1,1
Gulf of Guinea,2010-03-18,1,1,1,1
Gulf of Guinea,2010-03-19,1,1,1,1
Gulf of Guinea,2010-03-20,2,2,2,2
Gulf of Guinea,2010-03-21,2,2,2,2
Gulf of Guinea,2010-03-22,2,2,2,2
Gulf of Guinea,2010-03-23,2,2,2,2
Gulf of Guinea,2010-03-24,2,2,2,2
Gulf of Guinea,2010-03-25,3,3,3,3
Gulf of Guinea,2010-03-26,3,3,3,3
Gulf of Guinea,2010-03-27,3,3,3,3
Gulf of Guinea,2010-03-28,3,3,3,3
Gulf of Guinea,2010-03-29,3,3,3,3
Gulf of Guinea,2010-03-30,3,3,3,3
Gulf of Guinea,2010-03-31,3,3,3,3
Gulf of Guinea,2010-04-01,3,3,3,3
Gulf of Guinea,2010-04-02,3,3,3,3
Gulf of Guinea,2010-04-03,3,3,3,3
Gulf of Guinea,2010-04-04,3,3,3,3
Gulf of Guinea,2010-04-05,2,3,3,3
Gulf of Guinea,2010-04-06,2,3,3,3
Gulf of Guinea,2010-04-07,2,3,3,3
Gulf of Guinea,2010-04-08,2,3,3,3
Gulf of Guinea,2010-04-09,2,3,3,3
Gulf of Guinea,2010-04-10,2,3,3,3
Gulf of Guinea,2010-04-11,2,3,3,3
Gulf of Guinea,2010-04-12,3,4,4,4
Gulf of Guinea,2010-04-13,3,4,4,4
Gulf of Guinea,2010-04-14,3,4,4,4
Gulf of Guinea,2010-04-15,3,4,4,4
Gulf of Guinea,2010-04-16,3,4,4,4
Gulf of Guinea,2010-04-17,3,4,4,4
Gulf of Guinea,2010-04-18,3,4,4,4
Gulf of Guinea,2010-04-19,3,4,4,4
Gulf of Guinea,2010-04-20,3,4,4,4
Gulf of Guinea,2010-04-21,3,4,4,4
Gulf of Guinea,2010-04-22,3,4,4,4
Gulf of Guinea,2010-04-23,3,4,4,4
Gulf of Guinea,2010-04-24,3,4,4,4
Gulf of Guinea,2010-04-25,3,4,4,4
Gulf of Guinea,2010-04-26,3,4,4,4
Gulf of Guinea,2010-04-27,4,5,5,5
Gulf of Guinea,2010-04-28,4,5,5,5
Gulf of Guinea,2010-04-29,4,5,5,5
Gulf of Guinea,2010-04-30,4,5,5,5
Gulf of Guinea,2010-05-01,4,5,5,5
Gulf of Guinea,2010-05-02,4,5,5,5
Gulf of Guinea,2010-05-03,4,5,5,5
Gulf of Guinea,2010-05-04,5,6,6,6
Gulf of Guinea,2010-05-05,5,6,6,6
Gulf of Guinea,2010-05-06,5,6,6,6
Gulf of Guinea,2010-05-07,5,6,6,6
Gulf of Guinea,2010-05-08,5,6,6,6
Gulf of Guinea,2010-05-09,5,6,6,6
Gulf of Guinea,2010-05-10,5,6,6,6
Gulf of Guinea,2010-05-11,5,6,6,6
Gulf of Guinea,2010-05-12,5,6,6,6
Gulf of Guinea,2010-05-13,5,6,6,6
Gulf of Guinea,2010-05-14,5,6,6,6
Gulf of Guinea,2010-05-15,5,6,6,6
Gulf of Guinea,2010-05-16,7,8,8,8
Gulf of Guinea,2010-05-17,7,8,8,8
Gulf of Guinea,2010-05-18,7,8,8,8
Gulf of Guinea,2010-05-19,7,8,8,8
Gulf of Guinea,2010-05-20,7,8,8,8
Gulf of Guinea,2010-05-21,7,8,8,8
Gulf of Guinea,2010-05-22,7,8,8,8
Gulf of Guinea,2010-05-23,7,8,8,8
Gulf of Guinea,2010-05-24,7,8,8,8
Gulf of Guinea,2010-05-25,7,8,8,8
Gulf of Guinea,2010-05-26,7,8,8,8
Gulf of Guinea,2010-05-27,7,8,8,8
Gulf of Guinea,2010-05-28,7,8,8,8
Gulf of Guinea,2010-05-29,7,8,8,8
Gulf of Guinea,2010-05-30,7,8,8,8
Gulf of Guinea,2010-05-31,7,8,8,8
Gulf of Guinea,2010-06-01,7,8,8,8
Gulf of Guinea,2010-06-02,7,8,8,8
Gulf of Guinea,2010-06-03,7,8,8,8
Gulf of Guinea,2010-06-04,7,8,8,8
Gulf of Guinea,2010-06-05,7,8,8,8
Gulf of Guinea,2010-06-06,7,8,8,8
Gulf of Guinea,2010-06-07,7,8,8,8
Gulf of Guinea,2010-06-08,7,8,8,8
Gulf of Guinea,2010-06-09,7,8,8,8
Gulf of Guinea,2010-06-10,7,8,8,8
Gulf of Guinea,2010-06-11,7,8,8,8
Gulf of Guinea,2010-06-12,7,8,8,8
Gulf of Guinea,2010-06-13,7,8,8,8
Gulf of Guinea,2010-06-14,8,9,9,9
Gulf of Guinea,2010-06-15,8,9,9,9
Gulf of Guinea,2010-06-16,8,9,9,9
Gulf of Guinea,2010-06-17,8,9,9,9
Gulf of Guinea,2010-06-18,7,9,9,9
Gulf of Guinea,2010-06-19,7,9,9,9
Gulf of Guinea,2010-06-20,7,9,9,9
Gulf of Guinea,2010-06-21,7,9,9,9
Gulf of Guinea,2010-06-22,7,9,9,9
Gulf of Guinea,2010-06-23,6,9,9,9
Gulf of Guinea,2010-06-24,6,9,9,9
Gulf of Guinea,2010-06-25,6,9,9,9
Gulf of Guinea,2010-06-26,6,9,9,9
Gulf of Guinea,2010-06-27,7,10,10,10
Gulf of Guinea,2010-06-28,7,10,10,10
Gulf of Guinea,2010-06-29,7,10,10,10
Gulf of Guinea,2010-06-30,7,10,10,10
Gulf of Guinea,2010-07-01,7,10,10,10
Gulf of Guinea,2010-07-02,7,10,10,10
Gulf of Guinea,2010-07-03,7,10,10,10
Gulf of Guinea,2010-07-04,7,9,10,10
Gulf of Guinea,2010-07-05,7,9,10,10
Gulf of Guinea,2010-07-06,7,9,10,10
Gulf of Guinea,2010-07-07,7,9,10,10
Gulf of Guinea,2010-07-08,7,9,10,10
Gulf of Guinea,2010-07-09,7,9,10,10
Gulf of Guinea,2010-07-10,7,9,10,10
Gulf of Guinea,2010-07-11,6,9,10,10
Gulf of Guinea,2010-07-12,6,9,10,10
Gulf of Guinea,2010-07-13,6,9,10,10
Gulf of Guinea,2010-07-14,6,9,10,10
Gulf of Guinea,2010-07-15,6,9,10,10
Gulf of Guinea,2010-07-16,6,9,10,10
Gulf of Guinea,2010-07-17,6,9,10,10
Gulf of Guinea,2010-07-18,6,9,10,10
Gulf of Guinea,2010-07-19,6,9,10,10
Gulf of Guinea,2010-07-20,6,9,10,10
Gulf of Guinea,2010-07-21,6,9,10,10
Gulf of Guinea,2010-07-22,6,9,10,10
Gulf of Guinea,2010-07-23,6,9,10,10
Gulf of Guinea,2010-07-24,6,9,10,10
Gulf of Guinea,2010-07-25,7,10,11,11
Gulf of Guinea,2010-07-26,6,10,11,11
Gulf of Guinea,2010-07-27,6,10,11,11
Gulf of Guinea,2010-07-28,6,10,11,11
Gulf of Guinea,2010-07-29,6,10,11,11
Gulf of Guinea,2010-07-30,6,10,11,11
Gulf of Guinea,2010-07-31,6,10,11,11
Gulf of Guinea,2010-08-01,6,10,11,11
Gulf of Guinea,2010-08-02,5,10,11,11
Gulf of Guinea,2010-08-03,5,10,11,11
Gulf of Guinea,2010-08-04,5,10,11,11
Gulf of Guinea,2010-08-05,5,10,11,11
Gulf of Guinea,2010-08-06,5,10,11,11
Gulf of Guinea,2010-08-07,5,10,11,11
Gulf of Guinea,2010-08-08,5,10,11,11
Gulf of Guinea,2010-08-09,5,10,11,11
Gulf of Guinea,2010-08-10,5,10,11,11
Gulf of Guinea,2010-08-11,6,11,12,12
Gulf of Guinea,2010-08-12,6,11,12,12
Gulf of Guinea,2010-08-13,6,11,12,12
Gulf of Guinea,2010-08-14,4,11,12,12
Gulf of Guinea,2010-08-15,4,11,12,12
Gulf of Guinea,2010-08-16,4,11,12,12
Gulf of Guinea,2010-08-17,4,11,12,12
Gulf of Guinea,2010-08-18,4,11,12,12
Gulf of Guinea,2010-08-19,4,11,12,12
Gulf of Guinea,2010-08-20,4,11,12,12
Gulf of Guinea,2010-08-21,4,11,12,12
Gulf of Guinea,2010-08-22,4,11,12,12
Gulf of Guinea,2010-08-23,4,11,12,12
Gulf of Guinea,2010-08-24,4,11,12,12
Gulf of Guinea,2010-08-25,4,11,12,12
Gulf of Guinea,2010-08-26,4,11,12,12
Gulf of Guinea,2010-08-27,4,11,12,12
Gulf of Guinea,2010-08-28,4,11,12,12
Gulf of Guinea,2010-08-29,4,11,12,12
Gulf of Guinea,2010-08-30,4,11,12,12
Gulf of Guinea,2010-08-31,4,11,12,12
Gulf of Guinea,2010-09-01,4,11,12,12
Gulf of Guinea,2010-09-02,4,11,12,12
Gulf of Guinea,2010-09-03,4,11,12,12
Gulf of Guinea,2010-09-04,4,11,12,12
Gulf of Guinea,2010-09-05,4,11,12,12
Gulf of Guinea,2010-09-06,4,11,12,12
Gulf of Guinea,2010-09-07,4,11,12,12
Gulf of Guinea,2010-09-08,4,11,12,12
Gulf of Guinea,2010-09-09,4,11,12,12
Gulf of Guinea,2010-09-10,4,11,12,12
Gulf of Guinea,2010-09-11,4,11,12,12
Gulf of Guinea,2010-09-12,4,12,13,13
Gulf of Guinea,2010-09-13,4,12,13,13
Gulf of Guinea,2010-09-14,4,12,13,13
Gulf of Guinea,2010-09-15,4,12,13,13
Gulf of Guinea,2010-09-16,4,11,13,13
Gulf of Guinea,2010-09-17,4,11,13,13
Gulf of Guinea,2010-09-18,4,11,13,13
Gulf of Guinea,2010-09-19,5,12,14,14
Gulf of Guinea,2010-09-20,5,12,14,14
Gulf of Guinea,2010-09-21,5,11,14,14
Gulf of Guinea,2010-09-22,7,13,16,16
Gulf of Guinea,2010-09-23,8,14,17,17
Gulf of Guinea,2010-09-24,8,14,17,17
Gulf of Guinea,2010-09-25,7,14,17,17
Gulf of Guinea,2010-09-26,7,14,17,17
Gulf of Guinea,2010-09-27,7,14,17,17
Gulf of Guinea,2010-09-28,7,14,17,17
Gulf of Guinea,2010-09-29,7,14,17,17
Gulf of Guinea,2010-09-30,7,14,17,17
Gulf of Guinea,2010-10-01,8,15,18,18
Gulf of Guinea,2010-10-02,8,15,17,18
Gulf of Guinea,2010-10-03,8,15,17,18
Gulf of Guinea,2010-10-04,8,15,17,18
Gulf of Guinea,2010-10-05,8,15,17,18
Gulf of Guinea,2010-10-06,8,15,17,18
Gulf of Guinea,2010-10-07,8,15,17,18
Gulf of Guinea,2010-10-08,8,15,17,18
Gulf of Guinea,2010-10-09,8,14,17,18
Gulf of Guinea,2010-10-10,8,14,17,18
Gulf of Guinea,2010-10-11,8,14,17,18
Gulf of Guinea,2010-10-12,8,14,17,18
Gulf of Guinea,2010-10-13,8,14,17,18
Gulf of Guinea,2010-10-14,8,14,17,18
Gulf of Guinea,2010-10-15,8,14,17,18
Gulf of Guinea,2010-10-16,8,14,17,18
Gulf of Guinea,2010-10-17,8,14,17,18
Gulf of Guinea,2010-10-18,8,14,17,18
Gulf of Guinea,2010-10-19,8,14,17,18
Gulf of Guinea,2010-10-20,9,15,18,19
Gulf of Guinea,2010-10-21,9,15,18,19
Gulf of Guinea,2010-10-22,9,15,18,19
Gulf of Guinea,2010-10-23,8,15,18,19
Gulf of Guinea,2010-10-24,8,14,18,19
Gulf of Guinea,2010-10-25,8,14,18,19
Gulf of Guinea,2010-10-26,8,14,18,19
Gulf of Guinea,2010-10-27,8,14,18,19
Gulf of Guinea,2010-10-28,8,14,18,19
Gulf of Guinea,2010-10-29,8,14,18,19
Gulf of Guinea,2010-10-30,8,14,18,19
Gulf of Guinea,2010-10-31,8,13,18,19
Gulf of Guinea,2010-11-01,8,13,18,19
Gulf of Guinea,2010-11-02,8,13,18,19
Gulf of Guinea,2010-11-03,8,13,18,19
Gulf of Guinea,2010-11-04,8,13,18,19
Gulf of Guinea,2010-11-05,9,14,19,20
Gulf of Guinea,2010-11-06,9,14,19,20
Gulf of Guinea,2010-11-07,9,14,19,20
Gulf of Guinea,2010-11-08,9,14,19,20
Gulf of Guinea,2010-11-09,8,14,19,20
Gulf of Guinea,2010-11-10,8,14,19,20
Gulf of Guinea,2010-11-11,8,14,19,20
Gulf of Guinea,2010-11-12,8,12,19,20
Gulf of Guinea,2010-11-13,8,12,19,20
Gulf of Guinea,2010-11-14,8,12,19,20
Gulf of Guinea,2010-11-15,8,12,19,20
Gulf of Guinea,2010-11-16,8,12,19,20
Gulf of Guinea,2010-11-17,8,12,19,20
Gulf of Guinea,2010-11-18,8,12,19,20
Gulf of Guinea,2010-11-19,8,12,19,20
Gulf of Guinea,2010-11-20,8,12,19,20
Gulf of Guinea,2010-11-21,9,13,20,21
Gulf of Guinea,2010-11-22,9,13,20,21
Gulf of Guinea,2010-11-23,9,13,20,21
Gulf of Guinea,2010-11-24,9,13,20,21
Gulf of Guinea,2010-11-25,9,13,20,21
Gulf of Guinea,2010-11-26,9,13,20,21
Gulf of Guinea,2010-11-27,9,13,20,21
Gulf of Guinea,2010-11-28,9,13,20,21
Gulf of Guinea,2010-11-29,9,13,20,21
Gulf of Guinea,2010-11-30,9,13,20,21
Gulf of Guinea,2010-12-01,9,13,20,21
Gulf of Guinea,2010-12-02,9,13,20,21
Gulf of Guinea,2010-12-03,9,13,20,21
Gulf of Guinea,2010-12-04,9,13,20,21
Gulf of Guinea,2010-12-05,9,13,20,21
Gulf of Guinea,2010-12-06,9,13,20,21
Gulf of Guinea,2010-12-07,9,13,20,21
Gulf of Guinea,2010-12-08,9,13,20,21
Gulf of Guinea,2010-12-09,9,13,20,21
Gulf of Guinea,2010-12-10,9,13,20,21
Gulf of Guinea,2010-12-11,8,12,20,21
Gulf of Guinea,2010-12-12,8,12,20,21
Gulf of Guinea,2010-12-13,8,12,20,21
Gulf of Guinea,2010-12-14,9,13,21,22
Gulf of Guinea,2010-12-15,10,14,21,23
Gulf of Guinea,2010-12-16,10,14,21,23
Gulf of Guinea,2010-12-17,10,14,21,23
Gulf of Guinea,2010-12-18,9,14,21,23
Gulf of Guinea,2010-12-19,9,14,21,23
Gulf of Guinea,2010-12-20,9,14,20,23
Gulf of Guinea,2010-12-21,7,14,20,23
Gulf of Guinea,2010-12-22,6,14,20,23
Gulf of Guinea,2010-12-23,6,14,20,23
Gulf of Guinea,2010-12-24,7,14,21,24
Gulf of Guinea,2010-12-25,7,14,21,24
Gulf of Guinea,2010-12-26,7,14,21,24
Gulf of Guinea,2010-12-27,7,14,21,24
Gulf of Guinea,2010-12-28,7,14,21,24
Gulf of Guinea,2010-12-29,7,14,21,24
Gulf of Guinea,2010-12-30,6,14,21,24
Gulf of Guinea,2010-12-31,6,14,21,23
Gulf of Guinea,2011-01-01,6,14,21,23
Gulf of Guinea,2011-01-02,6,14,21,23
Gulf of Guinea,2011-01-03,6,14,21,23
Gulf of Guinea,2011-01-04,6,14,21,23
Gulf of Guinea,2011-01-05,6,14,21,23
Gulf of Guinea,2011-01-06,6,14,21,23
Gulf of Guinea,2011-01-07,6,14,20,23
Gulf of Guinea,2011-01-08,6,14,20,23
Gulf of Guinea,2011-01-09,6,14,20,23
Gulf of Guinea,2011-01-10,6,14,20,23
Gulf of Guinea,2011-01-11,6,14,20,23
Gulf of Guinea,2011-01-12,6,14,20,23
Gulf of Guinea,2011-01-13,6,14,20,23
Gulf of Guinea,2011-01-14,6,14,20,23
Gulf of Guinea,2011-01-15,6,14,20,23
Gulf of Guinea,2011-01-16,6,14,20,23
Gulf of Guinea,2011-01-17,6,14,20,23
Gulf of Guinea,2011-01-18,5,14,20,23
Gulf of Guinea,2011-01-19,5,14,20,23
Gulf of Guinea,2011-01-20,5,14,20,23
Gulf of Guinea,2011-01-21,5,13,20,23
Gulf of Guinea,2011-01-22,5,13,19,23
Gulf of Guinea,2011-01-23,5,13,19,23
Gulf of Guinea,2011-01-24,5,13,19,23
Gulf of Guinea,2011-01-25,5,13,19,23
Gulf of Guinea,2011-01-26,5,13,19,23
Gulf of Guinea,2011-01-27,6,14,20,24
Gulf of Guinea,2011-01-28,6,14,20,24
Gulf of Guinea,2011-01-29,6,14,19,24
Gulf of Guinea,2011-01-30,6,14,19,24
Gulf of Guinea,2011-01-31,6,14,19,24
Gulf of Guinea,2011-02-01,6,14,19,24
Gulf of Guinea,2011-02-02,6,14,19,24
Gulf of Guinea,2011-02-03,5,14,19,24
Gulf of Guinea,2011-02-04,5,14,19,24
Gulf of Guinea,2011-02-05,5,14,19,24
Gulf of Guinea,2011-02-06,5,14,19,24
Gulf of Guinea,2011-02-07,5,13,19,24
Gulf of Guinea,2011-02-08,5,13,19,24
Gulf of Guinea,2011-02-09,5,13,19,24
Gulf of Guinea,2011-02-10,6,14,18,25
Gulf of Guinea,2011-02-11,6,14,18,25
Gulf of Guinea,2011-02-12,6,14,18,25
Gulf of Guinea,2011-02-13,6,14,18,25
Gulf of Guinea,2011-02-14,6,14,18,25
Gulf of Guinea,2011-02-15,6,14,18,25
Gulf of Guinea,2011-02-16,6,14,18,25
Gulf of Guinea,2011-02-17,6,14,18,25
Gulf of Guinea,2011-02-18,6,14,18,25
Gulf of Guinea,2011-02-19,5,14,18,25
Gulf of Guinea,2011-02-20,5,14,18,25
Gulf of Guinea,2011-02-21,5,14,18,25
Gulf of Guinea,2011-02-22,5,14,18,25
Gulf of Guinea,2011-02-23,5,14,18,25
Gulf of Guinea,2011-02-24,5,14,18,25
Gulf of Guinea,2011-02-25,5,14,18,25
Gulf of Guinea,2011-02-26,5,14,18,25
Gulf of Guinea,2011-02-27,5,14,18,25
Gulf of Guinea,2011-02-28,5,14,18,25
Gulf of Guinea,2011-03-01,5,14,18,25
Gulf of Guinea,2011-03-02,5,14,18,25
Gulf of Guinea,2011-03-03,6,15,19,26
Gulf of Guinea,2011-03-04,6,15,19,26
Gulf of Guinea,2011-03-05,6,15,19,26
Gulf of Guinea,2011-03-06,6,15,19,26
Gulf of Guinea,2011-03-07,6,15,19,26
Gulf of Guinea,2011-03-08,6,15,19,26
Gulf of Guinea,2011-03-09,6,15,19,26
Gulf of Guinea,2011-03-10,6,15,19,26
Gulf of Guinea,2011-03-11,6,14,18,26
Gulf of Guinea,2011-03-12,6,14,18,26
Gulf of Guinea,2011-03-13,6,14,18,26
Gulf of Guinea,2011-03-14,5,14,18,26
Gulf of Guinea,2011-03-15,4,14,18,25
Gulf of Guinea,2011-03-16,4,14,18,25
Gulf of Guinea,2011-03-17,4,14,18,25
Gulf of Guinea,2011-03-18,4,13,18,25
Gulf of Guinea,2011-03-19,4,13,18,25
Gulf of Guinea,2011-03-20,4,13,18,24
Gulf of Guinea,2011-03-21,5,12,19,25
Gulf of Guinea,2011-03-22,5,11,19,25
Gulf of Guinea,2011-03-23,5,11,19,25
Gulf of Guinea,2011-03-24,4,11,18,25
Gulf of Guinea,2011-03-25,4,11,18,25
Gulf of Guinea,2011-03-26,4,11,18,25
Gulf of Guinea,2011-03-27,4,11,18,25
Gulf of Guinea,2011-03-28,4,11,18,25
Gulf of Guinea,2011-03-29,4,11,18,25
Gulf of Guinea,2011-03-30,4,10,18,25
Gulf of Guinea,2011-03-31,4,10,18,25
Gulf of Guinea,2011-04-01,4,10,18,25
Gulf of Guinea,2011-04-02,4,10,18,25
Gulf of Guinea,2011-04-03,4,10,18,25
Gulf of Guinea,2011-04-04,4,10,18,25
Gulf of Guinea,2011-04-05,4,10,18,25
Gulf of Guinea,2011-04-06,4,10,18,25
Gulf of Guinea,2011-04-07,4,10,18,24
Gulf of Guinea,2011-04-08,4,10,18,24
Gulf of Guinea,2011-04-09,4,10,18,24
Gulf of Guinea,2011-04-10,4,10,18,24
Gulf of Guinea,2011-04-11,5,11,19,25
Gulf of Guinea,2011-04-12,5,11,19,25
Gulf of Guinea,2011-04-13,6,12,20,26
Gulf of Guinea,2011-04-14,6,12,20,26
Gulf of Guinea,2011-04-15,6,12,20,26
Gulf of Guinea,2011-04-16,6,12,20,26
Gulf of Guinea,2011-04-17,6,12,20,26
Gulf of Guinea,2011-04-18,6,11,20,26
Gulf of Guinea,2011-04-19,6,11,20,26
Gulf of Guinea,2011-04-20,6,11,20,26
Gulf of Guinea,2011-04-21,6,11,19,26
Gulf of Guinea,2011-04-22,6,11,19,25
Gulf of Guinea,2011-04-23,6,11,19,25
Gulf of Guinea,2011-04-24,6,11,19,25
Gulf of Guinea,2011-04-25,6,11,19,25
Gulf of Guinea,2011-04-26,6,11,19,25
Gulf of Guinea,2011-04-27,5,11,19,25
Gulf of Guinea,2011-04-28,5,11,19,25
Gulf of Guinea,2011-04-29,6,12,20,25
Gulf of Guinea,2011-04-30,6,12,20,25
Gulf of Guinea,2011-05-01,6,12,20,25
Gulf of Guinea,2011-05-02,6,12,20,25
Gulf of Guinea,2011-05-03,6,12,20,25
Gulf of Guinea,2011-05-04,6,11,20,25
Gulf of Guinea,2011-05-05,6,11,20,25
Gulf of Guinea,2011-05-06,7,12,21,26
Gulf of Guinea,2011-05-07,7,12,21,26
Gulf of Guinea,2011-05-08,9,14,22,28
Gulf of Guinea,2011-05-09,9,14,22,28
Gulf of Guinea,2011-05-10,9,14,22,28
Gulf of Guinea,2011-05-11,8,14,22,26
Gulf of Guinea,2011-05-12,8,14,22,26
Gulf of Guinea,2011-05-13,8,14,22,26
Gulf of Guinea,2011-05-14,8,14,22,26
Gulf of Guinea,2011-05-15,9,15,23,27
Gulf of Guinea,2011-05-16,9,15,23,27
Gulf of Guinea,2011-05-17,9,15,23,27
Gulf of Guinea,2011-05-18,9,15,23,27
Gulf of Guinea,2011-05-19,9,15,23,27
Gulf of Guinea,2011-05-20,9,14,23,27
Gulf of Guinea,2011-05-21,9,14,23,27
Gulf of Guinea,2011-05-22,9,14,23,27
Gulf of Guinea,2011-05-23,9,14,23,27
Gulf of Guinea,2011-05-24,9,14,23,27
Gulf of Guinea,2011-05-25,9,14,23,27
Gulf of Guinea,2011-05-26,9,14,23,27
Gulf of Guinea,2011-05-27,9,14,23,27
Gulf of Guinea,2011-05-28,9,14,23,27
Gulf of Guinea,2011-05-29,9,14,23,27
Gulf of Guinea,2011-05-30,9,14,23,27
Gulf of Guinea,2011-05-31,9,14,23,27
Gulf of Guinea,2011-06-01,8,14,23,27
Gulf of Guinea,2011-06-02,8,14,23,27
Gulf of Guinea,2011-06-03,8,14,23,27
Gulf of Guinea,2011-06-04,8,14,23,27
Gulf of Guinea,2011-06-05,8,14,23,27
Gulf of Guinea,2011-06-06,8,14,23,27
Gulf of Guinea,2011-06-07,8,14,23,27
Gulf of Guinea,2011-06-08,9,15,24,28
Gulf of Guinea,2011-06-09,9,15,23,27
Gulf of Guinea,2011-06-10,9,15,23,27
Gulf of Guinea,2011-06-11,9,15,23,27
Gulf of Guinea,2011-06-12,9,14,23,27
Gulf of Guinea,2011-06-13,9,13,23,27
Gulf of Guinea,2011-06-14,10,14,24,28
Gulf of Guinea,2011-06-15,10,14,24,28
Gulf of Guinea,2011-06-16,10,14,23,28
Gulf of Guinea,2011-06-17,10,14,23,28
Gulf of Guinea,2011-06-18,10,14,23,28
Gulf of Guinea,2011-06-19,9,14,21,28
Gulf of Guinea,2011-06-20,9,14,20,28
Gulf of Guinea,2011-06-21,9,14,20,28
Gulf of Guinea,2011-06-22,9,13,20,27
Gulf of Guinea,2011-06-23,9,13,20,27
Gulf of Guinea,2011-06-24,12,16,23,30
Gulf of Guinea,2011-06-25,12,16,23,30
Gulf of Guinea,2011-06-26,13,17,24,31
Gulf of Guinea,2011-06-27,13,17,24,31
Gulf of Guinea,2011-06-28,13,17,23,31
Gulf of Guinea,2011-06-29,13,17,23,31
Gulf of Guinea,2011-06-30,14,18,24,32
Gulf of Guinea,2011-07-01,14,18,24,32
Gulf of Guinea,2011-07-02,14,18,24,32
Gulf of Guinea,2011-07-03,14,18,24,32
Gulf of Guinea,2011-07-04,14,18,24,32
Gulf of Guinea,2011-07-05,14,18,24,32
Gulf of Guinea,2011-07-06,15,19,25,33
Gulf of Guinea,2011-07-07,15,19,25,33
Gulf of Guinea,2011-07-08,15,19,25,33
Gulf of Guinea,2011-07-09,15,19,25,33
Gulf of Guinea,2011-07-10,14,19,25,33
Gulf of Guinea,2011-07-11,14,19,25,33
Gulf of Guinea,2011-07-12,13,19,25,33
Gulf of Guinea,2011-07-13,13,19,25,33
Gulf of Guinea,2011-07-14,13,19,25,33
Gulf of Guinea,2011-07-15,13,19,25,33
Gulf of Guinea,2011-07-16,14,20,26,34
Gulf of Guinea,2011-07-17,14,20,25,34
Gulf of Guinea,2011-07-18,14,20,25,34
Gulf of Guinea,2011-07-19,14,20,25,34
Gulf of Guinea,2011-07-20,14,20,25,33
Gulf of Guinea,2011-07-21,14,20,25,33
Gulf of Guinea,2011-07-22,14,20,25,33
Gulf of Guinea,2011-07-23,14,20,25,33
Gulf of Guinea,2011-07-24,15,21,26,34
Gulf of Guinea,2011-07-25,15,21,26,34
Gulf of Guinea,2011-07-26,15,20,26,34
Gulf of Guinea,2011-07-27,15,20,26,34
Gulf of Guinea,2011-07-28,14,20,26,34
Gulf of Guinea,2011-07-29,14,20,26,34
Gulf of Guinea,2011-07-30,15,21,27,35
Gulf of Guinea,2011-07-31,16,22,28,36
Gulf of Guinea,2011-08-01,16,22,28,36
Gulf of Guinea,2011-08-02,16,22,27,36
Gulf of Guinea,2011-08-03,16,22,27,36
Gulf of Guinea,2011-08-04,15,22,27,36
Gulf of Guinea,2011-08-05,15,22,27,36
Gulf of Guinea,2011-08-06,13,22,27,35
Gulf of Guinea,2011-08-07,13,22,27,35
Gulf of Guinea,2011-08-08,13,22,27,35
Gulf of Guinea,2011-08-09,13,21,27,35
Gulf of Guinea,2011-08-10,13,21,27,35
Gulf of Guinea,2011-08-11,13,21,27,35
Gulf of Guinea,2011-08-12,13,21,27,35
Gulf of Guinea,2011-08-13,12,21,27,35
Gulf of Guinea,2011-08-14,12,21,27,35
Gulf of Guinea,2011-08-15,12,21,27,35
Gulf of Guinea,2011-08-16,12,21,27,35
Gulf of Guinea,2011-08-17,12,21,27,35
Gulf of Guinea,2011-08-18,12,21,26,35
Gulf of Guinea,2011-08-19,12,21,26,35
Gulf of Guinea,2011-08-20,13,22,27,36
Gulf of Guinea,2011-08-21,13,22,27,36
Gulf of Guinea,2011-08-22,13,22,27,36
Gulf of Guinea,2011-08-23,13,22,27,36
Gulf of Guinea,2011-08-24,13,22,27,36
Gulf of Guinea,2011-08-25,13,22,27,36
Gulf of Guinea,2011-08-26,13,22,27,36
Gulf of Guinea,2011-08-27,13,22,27,36
Gulf of Guinea,2011-08-28,13,22,27,36
Gulf of Guinea,2011-08-29,13,22,27,36
Gulf of Guinea,2011-08-30,13,21,27,36
Gulf of Guinea,2011-08-31,13,21,27,36
Gulf of Guinea,2011-09-01,13,21,27,36
Gulf of Guinea,2011-09-02,13,21,27,36
Gulf of Guinea,2011-09-03,13,21,27,36
Gulf of Guinea,2011-09-04,13,21,27,36
Gulf of Guinea,2011-09-05,13,21,27,36
Gulf of Guinea,2011-09-06,12,21,27,36
Gulf of Guinea,2011-09-07,12,21,27,35
Gulf of Guinea,2011-09-08,12,21,27,35
Gulf of Guinea,2011-09-09,12,21,27,35
Gulf of Guinea,2011-09-10,12,21,26,35
Gulf of Guinea,2011-09-11,12,21,25,35
Gulf of Guinea,2011-09-12,11,21,25,35
Gulf of Guinea,2011-09-13,11,21,25,35
Gulf of Guinea,2011-09-14,14,24,28,37
Gulf of Guinea,2011-09-15,14,24,28,37
Gulf of Guinea,2011-09-16,15,25,29,38
Gulf of Guinea,2011-09-17,15,24,29,36
Gulf of Guinea,2011-09-18,15,24,29,35
Gulf of Guinea,2011-09-19,15,24,29,35
Gulf of Guinea,2011-09-20,15,24,28,35
Gulf of Guinea,2011-09-21,15,24,28,35
Gulf of Guinea,2011-09-22,13,25,29,36
Gulf of Guinea,2011-09-23,13,25,29,36
Gulf of Guinea,2011-09-24,13,26,30,37
Gulf of Guinea,2011-09-25,13,26,30,37
Gulf of Guinea,2011-09-26,13,26,30,36
Gulf of Guinea,2011-09-27,13,26,30,36
Gulf of Guinea,2011-09-28,12,26,30,36
Gulf of Guinea,2011-09-29,12,26,30,36
Gulf of Guinea,2011-09-30,12,26,30,36
Gulf of Guinea,2011-10-01,12,26,30,36
Gulf of Guinea,2011-10-02,13,27,31,37
Gulf of Guinea,2011-10-03,13,27,31,37
Gulf of Guinea,2011-10-04,12,27,31,37
Gulf of Guinea,2011-10-05,12,27,31,37
Gulf of Guinea,2011-10-06,12,27,31,37
Gulf of Guinea,2011-10-07,12,27,31,37
Gulf of Guinea,2011-10-08,13,27,32,38
Gulf of Guinea,2011-10-09,13,27,32,38
Gulf of Guinea,2011-10-10,13,26,32,38
Gulf of Guinea,2011-10-11,13,26,32,38
Gulf of Guinea,2011-10-12,13,26,32,38
Gulf of Guinea,2011-10-13,13,26,32,38
Gulf of Guinea,2011-10-14,12,26,32,38
Gulf of Guinea,2011-10-15,12,26,32,37
Gulf of Guinea,2011-10-16,12,26,32,37
Gulf of Guinea,2011-10-17,12,26,32,37
Gulf of Guinea,2011-10-18,12,26,32,37
Gulf of Guinea,2011-10-19,12,26,32,37
Gulf of Guinea,2011-10-20,12,26,32,37
Gulf of Guinea,2011-10-21,12,26,32,37
Gulf of Guinea,2011-10-22,11,26,32,37
Gulf of Guinea,2011-10-23,11,26,32,37
Gulf of Guinea,2011-10-24,11,26,31,37
Gulf of Guinea,2011-10-25,11,26,31,37
Gulf of Guinea,2011-10-26,12,26,32,38
Gulf of Guinea,2011-10-27,12,26,32,38
Gulf of Guinea,2011-10-28,11,26,32,38
Gulf of Guinea,2011-10-29,11,27,33,39
Gulf of Guinea,2011-10-30,11,27,33,39
Gulf of Guinea,2011-10-31,11,27,33,38
Gulf of Guinea,2011-11-01,11,27,33,38
Gulf of Guinea,2011-11-02,11,26,33,38
Gulf of Guinea,2011-11-03,11,26,33,38
Gulf of Guinea,2011-11-04,11,24,33,38
Gulf of Guinea,2011-11-05,11,24,33,38
Gulf of Guinea,2011-11-06,11,24,33,38
Gulf of Guinea,2011-11-07,11,24,32,38
Gulf of Guinea,2011-11-08,11,24,32,38
Gulf of Guinea,2011-11-09,11,24,32,38
Gulf of Guinea,2011-11-10,11,24,32,38
Gulf of Guinea,2011-11-11,11,23,32,38
Gulf of Guinea,2011-11-12,11,23,32,38
Gulf of Guinea,2011-11-13,11,23,32,38
Gulf of Guinea,2011-11-14,11,23,32,38
Gulf of Guinea,2011-11-15,11,23,32,38
Gulf of Guinea,2011-11-16,11,23,32,37
Gulf of Guinea,2011-11-17,11,23,32,37
Gulf of Guinea,2011-11-18,10,23,32,37
Gulf of Guinea,2011-11-19,10,23,32,37
Gulf of Guinea,2011-11-20,10,23,32,37
Gulf of Guinea,2011-11-21,10,23,32,37
Gulf of Guinea,2011-11-22,10,23,32,37
Gulf of Guinea,2011-11-23,10,23,32,37
Gulf of Guinea,2011-11-24,10,23,32,37
Gulf of Guinea,2011-11-25,10,23,32,37
Gulf of Guinea,2011-11-26,10,23,32,37
Gulf of Guinea,2011-11-27,10,23,32,37
Gulf of Guinea,2011-11-28,10,23,31,37
Gulf of Guinea,2011-11-29,10,23,31,37
Gulf of Guinea,2011-11-30,10,23,31,37
Gulf of Guinea,2011-12-01,10,23,31,37
Gulf of Guinea,2011-12-02,10,23,31,37
Gulf of Guinea,2011-12-03,10,23,31,37
Gulf of Guinea,2011-12-04,10,23,31,37
Gulf of Guinea,2011-12-05,10,22,31,37
Gulf of Guinea,2011-12-06,10,22,31,37
Gulf of Guinea,2011-12-07,10,22,31,37
Gulf of Guinea,2011-12-08,10,22,31,37
Gulf of Guinea,2011-12-09,10,22,31,36
Gulf of Guinea,2011-12-10,10,22,31,35
Gulf of Guinea,2011-12-11,10,21,31,35
Gulf of Guinea,2011-12-12,10,21,31,35
Gulf of Guinea,2011-12-13,7,21,31,35
Gulf of Guinea,2011-12-14,7,21,31,35
Gulf of Guinea,2011-12-15,6,21,31,35
Gulf of Guinea,2011-12-16,6,21,30,35
Gulf of Guinea,2011-12-17,6,21,30,35
Gulf of Guinea,2011-12-18,6,21,30,35
Gulf of Guinea,2011-12-19,6,21,30,34
Gulf of Guinea,2011-12-20,6,21,30,34
Gulf of Guinea,2011-12-21,5,18,30,34
Gulf of Guinea,2011-12-22,5,18,30,34
Gulf of Guinea,2011-12-23,4,17,30,34
Gulf of Guinea,2011-12-24,4,17,30,34
Gulf of Guinea,2011-12-25,4,17,30,34
Gulf of Guinea,2011-12-26,4,17,30,34
Gulf of Guinea,2011-12-27,4,16,30,34
Gulf of Guinea,2011-12-28,4,16,30,34
Gulf of Guinea,2011-12-29,4,16,30,34
Gulf of Guinea,2011-12-30,4,16,30,34
Gulf of Guinea,2011-12-31,3,16,30,34
Gulf of Guinea,2012-01-01,3,16,30,34
Gulf of Guinea,2012-01-02,3,15,30,34
Gulf of Guinea,2012-01-03,4,16,31,35
Gulf of Guinea,2012-01-04,4,16,31,35
Gulf of Guinea,2012-01-05,4,16,31,35
Gulf of Guinea,2012-01-06,3,16,30,35
Gulf of Guinea,2012-01-07,3,16,30,35
Gulf of Guinea,2012-01-08,3,16,29,35
Gulf of Guinea,2012-01-09,5,18,31,37
Gulf of Guinea,2012-01-10,5,18,31,37
Gulf of Guinea,2012-01-11,6,19,32,38
Gulf of Guinea,2012-01-12,6,18,32,38
Gulf of Guinea,2012-01-13,6,18,32,38
Gulf of Guinea,2012-01-14,6,18,32,38
Gulf of Guinea,2012-01-15,6,18,32,38
Gulf of Guinea,2012-01-16,6,18,32,38
Gulf of Guinea,2012-01-17,6,18,32,38
Gulf of Guinea,2012-01-18,6,18,32,38
Gulf of Guinea,2012-01-19,6,18,32,38
Gulf of Guinea,2012-01-20,6,17,32,38
Gulf of Guinea,2012-01-21,6,17,32,38
Gulf of Guinea,2012-01-22,6,17,32,37
Gulf of Guinea,2012-01-23,6,17,32,37
Gulf of Guinea,2012-01-24,5,17,31,37
Gulf of Guinea,2012-01-25,5,17,31,37
Gulf of Guinea,2012-01-26,5,16,31,37
Gulf of Guinea,2012-01-27,4,15,31,37
Gulf of Guinea,2012-01-28,4,15,31,37
Gulf of Guinea,2012-01-29,4,15,31,37
Gulf of Guinea,2012-01-30,4,15,31,37
Gulf of Guinea,2012-01-31,4,15,30,37
Gulf of Guinea,2012-02-01,4,15,30,37
Gulf of Guinea,2012-02-02,4,15,28,37
Gulf of Guinea,2012-02-03,4,15,28,37
Gulf of Guinea,2012-02-04,4,15,28,37
Gulf of Guinea,2012-02-05,4,15,28,36
Gulf of Guinea,2012-02-06,4,15,28,36
Gulf of Guinea,2012-02-07,4,15,28,36
Gulf of Guinea,2012-02-08,4,15,28,36
Gulf of Guinea,2012-02-09,6,17,29,38
Gulf of Guinea,2012-02-10,6,17,29,38
Gulf of Guinea,2012-02-11,7,18,30,39
Gulf of Guinea,2012-02-12,7,18,30,39
Gulf of Guinea,2012-02-13,8,19,31,40
Gulf of Guinea,2012-02-14,8,19,31,40
Gulf of Guinea,2012-02-15,8,19,31,40
Gulf of Guinea,2012-02-16,9,19,32,41
Gulf of Guinea,2012-02-17,9,19,32,41
Gulf of Guinea,2012-02-18,9,19,32,41
Gulf of Guinea,2012-02-19,9,19,32,41
Gulf of Guinea,2012-02-20,9,19,32,41
Gulf of Guinea,2012-02-21,9,19,32,41
Gulf of Guinea,2012-02-22,9,19,32,41
Gulf of Guinea,2012-02-23,9,19,32,41
Gulf of Guinea,2012-02-24,9,19,32,41
Gulf of Guinea,2012-02-25,9,19,32,41
Gulf of Guinea,2012-02-26,10,20,33,41
Gulf of Guinea,2012-02-27,10,20,33,41
Gulf of Guinea,2012-02-28,11,21,34,42
Gulf of Guinea,2012-02-29,13,23,36,44
Gulf of Guinea,2012-03-01,13,23,36,44
Gulf of Guinea,2012-03-02,13,23,36,44
Gulf of Guinea,2012-03-03,13,23,36,44
Gulf of Guinea,2012-03-04,13,23,35,44
Gulf of Guinea,2012-03-05,13,23,35,44
Gulf of Guinea,2012-03-06,13,23,35,44
Gulf of Guinea,2012-03-07,14,24,36,45
Gulf of Guinea,2012-03-08,14,24,36,45
Gulf of Guinea,2012-03-09,14,24,36,45
Gulf of Guinea,2012-03-10,14,24,35,45
Gulf of Guinea,2012-03-11,14,24,35,45
Gulf of Guinea,2012-03-12,14,21,35,45
Gulf of Guinea,2012-03-13,14,21,35,45
Gulf of Guinea,2012-03-14,14,20,35,45
Gulf of Guinea,2012-03-15,14,20,35,44
Gulf of Guinea,2012-03-16,14,20,35,44
Gulf of Guinea,2012-03-17,15,21,36,45
Gulf of Guinea,2012-03-18,15,21,36,45
Gulf of Guinea,2012-03-19,15,21,36,45
Gulf of Guinea,2012-03-20,15,20,33,45
Gulf of Guinea,2012-03-21,15,20,33,45
Gulf of Guinea,2012-03-22,16,20,33,46
Gulf of Guinea,2012-03-23,16,20,33,46
Gulf of Guinea,2012-03-24,16,20,33,46
Gulf of Guinea,2012-03-25,16,20,33,46
Gulf of Guinea,2012-03-26,16,20,32,46
Gulf of Guinea,2012-03-27,16,20,32,46
Gulf of Guinea,2012-03-28,16,20,32,46
Gulf of Guinea,2012-03-29,16,20,32,46
Gulf of Guinea,2012-03-30,16,19,32,46
Gulf of Guinea,2012-03-31,16,19,32,46
Gulf of Guinea,2012-04-01,16,19,31,46
Gulf of Guinea,2012-04-02,15,19,31,46
Gulf of Guinea,2012-04-03,15,19,31,46
Gulf of Guinea,2012-04-04,18,22,34,49
Gulf of Guinea,2012-04-05,18,21,34,48
Gulf of Guinea,2012-04-06,18,21,34,48
Gulf of Guinea,2012-04-07,18,21,34,47
Gulf of Guinea,2012-04-08,16,21,34,47
Gulf of Guinea,2012-04-09,16,21,34,47
Gulf of Guinea,2012-04-10,15,21,34,47
Gulf of Guinea,2012-04-11,15,21,33,47
Gulf of Guinea,2012-04-12,15,21,33,47
Gulf of Guinea,2012-04-13,15,21,33,47
Gulf of Guinea,2012-04-14,15,21,33,47
Gulf of Guinea,2012-04-15,15,21,33,47
Gulf of Guinea,2012-04-16,15,21,33,47
Gulf of Guinea,2012-04-17,15,21,33,47
Gulf of Guinea,2012-04-18,15,21,33,47
Gulf of Guinea,2012-04-19,15,21,32,47
Gulf of Guinea,2012-04-20,15,21,32,47
Gulf of Guinea,2012-04-21,15,21,32,47
Gulf of Guinea,2012-04-22,15,21,32,47
Gulf of Guinea,2012-04-23,15,20,32,46
Gulf of Guinea,2012-04-24,15,20,32,46
Gulf of Guinea,2012-04-25,16,21,32,47
Gulf of Guinea,2012-04-26,16,20,31,47
Gulf of Guinea,2012-04-27,16,20,31,47
Gulf of Guinea,2012-04-28,16,20,31,47
Gulf of Guinea,2012-04-29,16,20,31,47
Gulf of Guinea,2012-04-30,17,21,32,47
Gulf of Guinea,2012-05-01,17,21,32,47
Gulf of Guinea,2012-05-02,17,21,32,45
Gulf of Guinea,2012-05-03,17,21,32,45
Gulf of Guinea,2012-05-04,18,22,33,46
Gulf of Guinea,2012-05-05,18,22,33,46
Gulf of Guinea,2012-05-06,18,22,33,46
Gulf of Guinea,2012-05-07,19,23,34,47
Gulf of Guinea,2012-05-08,20,24,35,48
Gulf of Guinea,2012-05-09,18,24,35,47
Gulf of Guinea,2012-05-10,18,24,35,47
Gulf of Guinea,2012-05-11,17,24,35,47
Gulf of Guinea,2012-05-12,17,24,35,47
Gulf of Guinea,2012-05-13,16,24,35,47
Gulf of Guinea,2012-05-14,16,24,35,47
Gulf of Guinea,2012-05-15,16,24,35,47
Gulf of Guinea,2012-05-16,15,24,34,47
Gulf of Guinea,2012-05-17,16,25,35,48
Gulf of Guinea,2012-05-18,16,25,35,48
Gulf of Guinea,2012-05-19,16,25,35,48
Gulf of Guinea,2012-05-20,16,25,35,48
Gulf of Guinea,2012-05-21,16,25,35,48
Gulf of Guinea,2012-05-22,16,25,35,48
Gulf of Guinea,2012-05-23,16,25,35,48
Gulf of Guinea,2012-05-24,16,25,35,48
Gulf of Guinea,2012-05-25,16,25,35,48
Gulf of Guinea,2012-05-26,15,25,35,48
Gulf of Guinea,2012-05-27,15,25,35,48
Gulf of Guinea,2012-05-28,14,25,35,48
Gulf of Guinea,2012-05-29,12,25,35,48
Gulf of Guinea,2012-05-30,12,25,35,48
Gulf of Guinea,2012-05-31,12,25,35,48
Gulf of Guinea,2012-06-01,13,26,36,49
Gulf of Guinea,2012-06-02,13,26,36,48
Gulf of Guinea,2012-06-03,13,26,36,48
Gulf of Guinea,2012-06-04,13,26,36,48
Gulf of Guinea,2012-06-05,12,26,36,48
Gulf of Guinea,2012-06-06,12,26,36,48
Gulf of Guinea,2012-06-07,12,26,36,48
Gulf of Guinea,2012-06-08,12,26,36,47
Gulf of Guinea,2012-06-09,12,26,36,47
Gulf of Guinea,2012-06-10,12,26,33,47
Gulf of Guinea,2012-06-11,12,26,33,47
Gulf of Guinea,2012-06-12,12,26,32,47
Gulf of Guinea,2012-06-13,12,26,32,47
Gulf of Guinea,2012-06-14,12,26,32,47
Gulf of Guinea,2012-06-15,11,26,32,47
Gulf of Guinea,2012-06-16,11,26,32,47
Gulf of Guinea,2012-06-17,11,26,32,47
Gulf of Guinea,2012-06-18,11,26,31,44
Gulf of Guinea,2012-06-19,11,26,31,44
Gulf of Guinea,2012-06-20,10,26,30,43
Gulf of Guinea,2012-06-21,10,26,30,43
Gulf of Guinea,2012-06-22,10,26,30,43
Gulf of Guinea,2012-06-23,10,26,30,43
Gulf of Guinea,2012-06-24,10,26,30,42
Gulf of Guinea,2012-06-25,11,27,31,43
Gulf of Guinea,2012-06-26,11,27,31,43
Gulf of Guinea,2012-06-27,11,27,31,43
Gulf of Guinea,2012-06-28,11,27,30,43
Gulf of Guinea,2012-06-29,11,27,30,43
Gulf of Guinea,2012-06-30,15,31,34,46
Gulf of Guinea,2012-07-01,15,30,34,46
Gulf of Guinea,2012-07-02,15,30,34,46
Gulf of Guinea,2012-07-03,12,30,34,46
Gulf of Guinea,2012-07-04,12,30,33,46
Gulf of Guinea,2012-07-05,12,30,33,46
Gulf of Guinea,2012-07-06,12,30,33,46
Gulf of Guinea,2012-07-07,12,28,33,46
Gulf of Guinea,2012-07-08,12,28,33,46
Gulf of Guinea,2012-07-09,12,27,33,46
Gulf of Guinea,2012-07-10,12,27,33,45
Gulf of Guinea,2012-07-11,12,27,33,45
Gulf of Guinea,2012-07-12,12,27,33,45
Gulf of Guinea,2012-07-13,12,27,33,45
Gulf of Guinea,2012-07-14,12,27,33,45
Gulf of Guinea,2012-07-15,12,27,33,45
Gulf of Guinea,2012-07-16,12,27,33,45
Gulf of Guinea,2012-07-17,13,28,34,46
Gulf of Guinea,2012-07-18,13,28,34,45
Gulf of Guinea,2012-07-19,13,28,34,45
Gulf of Guinea,2012-07-20,13,28,34,45
Gulf of Guinea,2012-07-21,13,28,34,45
Gulf of Guinea,2012-07-22,13,28,33,45
Gulf of Guinea,2012-07-23,13,28,33,45
Gulf of Guinea,2012-07-24,12,28,33,44
Gulf of Guinea,2012-07-25,12,28,32,43
Gulf of Guinea,2012-07-26,12,28,32,43
Gulf of Guinea,2012-07-27,14,30,34,45
Gulf of Guinea,2012-07-28,14,30,34,45
Gulf of Guinea,2012-07-29,13,30,34,45
Gulf of Guinea,2012-07-30,14,31,35,46
Gulf of Guinea,2012-07-31,14,31,35,46
Gulf of Guinea,2012-08-01,14,31,35,46
Gulf of Guinea,2012-08-02,13,31,35,46
Gulf of Guinea,2012-08-03,14,32,36,47
Gulf of Guinea,2012-08-04,15,33,37,48
Gulf of Guinea,2012-08-05,14,33,37,48
Gulf of Guinea,2012-08-06,14,34,38,49
Gulf of Guinea,2012-08-07,14,32,38,49
Gulf of Guinea,2012-08-08,14,32,38,49
Gulf of Guinea,2012-08-09,14,31,38,49
Gulf of Guinea,2012-08-10,14,31,38,49
Gulf of Guinea,2012-08-11,14,30,38,49
Gulf of Guinea,2012-08-12,14,30,38,49
Gulf of Guinea,2012-08-13,14,30,38,49
Gulf of Guinea,2012-08-14,14,29,38,48
Gulf of Guinea,2012-08-15,13,29,38,48
Gulf of Guinea,2012-08-16,13,29,38,48
Gulf of Guinea,2012-08-17,13,29,38,48
Gulf of Guinea,2012-08-18,14,30,39,49
Gulf of Guinea,2012-08-19,14,30,39,49
Gulf of Guinea,2012-08-20,14,30,39,49
Gulf of Guinea,2012-08-21,14,30,39,49
Gulf of Guinea,2012-08-22,14,30,39,49
Gulf of Guinea,2012-08-23,14,30,39,49
Gulf of Guinea,2012-08-24,14,29,39,49
Gulf of Guinea,2012-08-25,14,29,39,49
Gulf of Guinea,2012-08-26,14,28,39,49
Gulf of Guinea,2012-08-27,14,26,39,49
Gulf of Guinea,2012-08-28,16,28,41,51
Gulf of Guinea,2012-08-29,16,28,41,51
Gulf of Guinea,2012-08-30,15,28,41,51
Gulf of Guinea,2012-08-31,15,28,41,51
Gulf of Guinea,2012-09-01,15,28,41,51
Gulf of Guinea,2012-09-02,15,28,41,51
Gulf of Guinea,2012-09-03,15,27,41,51
Gulf of Guinea,2012-09-04,16,28,42,52
Gulf of Guinea,2012-09-05,17,29,43,53
Gulf of Guinea,2012-09-06,17,29,43,53
Gulf of Guinea,2012-09-07,17,29,43,53
Gulf of Guinea,2012-09-08,18,30,44,51
Gulf of Guinea,2012-09-09,19,31,45,52
Gulf of Guinea,2012-09-10,19,31,45,51
Gulf of Guinea,2012-09-11,19,31,45,51
Gulf of Guinea,2012-09-12,19,31,45,51
Gulf of Guinea,2012-09-13,19,30,45,51
Gulf of Guinea,2012-09-14,19,30,45,51
Gulf of Guinea,2012-09-15,19,30,45,51
Gulf of Guinea,2012-09-16,19,30,45,50
Gulf of Guinea,2012-09-17,19,30,45,50
Gulf of Guinea,2012-09-18,19,29,45,49
Gulf of Guinea,2012-09-19,19,29,45,49
Gulf of Guinea,2012-09-20,19,29,45,49
Gulf of Guinea,2012-09-21,19,29,45,49
Gulf of Guinea,2012-09-22,19,29,45,49
Gulf of Guinea,2012-09-23,18,29,45,49
Gulf of Guinea,2012-09-24,18,29,45,49
Gulf of Guinea,2012-09-25,18,29,45,49
Gulf of Guinea,2012-09-26,18,29,45,48
Gulf of Guinea,2012-09-27,18,29,45,48
Gulf of Guinea,2012-09-28,14,29,45,48
Gulf of Guinea,2012-09-29,14,29,44,48
Gulf of Guinea,2012-09-30,14,29,44,48
Gulf of Guinea,2012-10-01,14,26,44,48
Gulf of Guinea,2012-10-02,14,26,44,47
Gulf of Guinea,2012-10-03,14,26,44,47
Gulf of Guinea,2012-10-04,15,27,45,48
Gulf of Guinea,2012-10-05,16,28,44,49
Gulf of Guinea,2012-10-06,17,29,45,50
Gulf of Guinea,2012-10-07,17,29,44,50
Gulf of Guinea,2012-10-08,17,29,44,50
Gulf of Guinea,2012-10-09,17,29,44,50
Gulf of Guinea,2012-10-10,17,29,44,50
Gulf of Guinea,2012-10-11,17,29,44,50
Gulf of Guinea,2012-10-12,17,29,44,50
Gulf of Guinea,2012-10-13,17,29,44,50
Gulf of Guinea,2012-10-14,17,29,44,50
Gulf of Guinea,2012-10-15,17,30,45,51
Gulf of Guinea,2012-10-16,17,30,45,51
Gulf of Guinea,2012-10-17,17,30,45,51
Gulf of Guinea,2012-10-18,17,30,45,51
Gulf of Guinea,2012-10-19,17,30,45,51
Gulf of Guinea,2012-10-20,17,30,45,50
Gulf of Guinea,2012-10-21,17,30,45,50
Gulf of Guinea,2012-10-22,17,29,45,50
Gulf of Guinea,2012-10-23,17,29,45,49
Gulf of Guinea,2012-10-24,18,30,46,50
Gulf of Guinea,2012-10-25,16,30,46,50
Gulf of Guinea,2012-10-26,16,30,46,50
Gulf of Guinea,2012-10-27,16,29,46,50
Gulf of Guinea,2012-10-28,15,29,46,50
Gulf of Guinea,2012-10-29,15,29,46,50
Gulf of Guinea,2012-10-30,15,29,46,50
Gulf of Guinea,2012-10-31,15,28,46,50
Gulf of Guinea,2012-11-01,14,28,46,50
Gulf of Guinea,2012-11-02,13,28,46,50
Gulf of Guinea,2012-11-03,13,27,46,50
Gulf of Guinea,2012-11-04,12,26,46,50
Gulf of Guinea,2012-11-05,12,26,44,50
Gulf of Guinea,2012-11-06,12,26,44,50
Gulf of Guinea,2012-11-07,12,26,43,50
Gulf of Guinea,2012-11-08,12,26,43,50
Gulf of Guinea,2012-11-09,12,26,42,50
Gulf of Guinea,2012-11-10,12,26,42,50
Gulf of Guinea,2012-11-11,12,26,42,50
Gulf of Guinea,2012-11-12,12,26,41,50
Gulf of Guinea,2012-11-13,13,26,42,51
Gulf of Guinea,2012-11-14,13,26,42,51
Gulf of Guinea,2012-11-15,13,26,42,51
Gulf of Guinea,2012-11-16,12,26,42,51
Gulf of Guinea,2012-11-17,12,26,42,51
Gulf of Guinea,2012-11-18,12,26,42,51
Gulf of Guinea,2012-11-19,12,26,42,51
Gulf of Guinea,2012-11-20,12,26,42,51
Gulf of Guinea,2012-11-21,13,27,43,52
Gulf of Guinea,2012-11-22,13,27,42,52
Gulf of Guinea,2012-11-23,13,27,42,52
Gulf of Guinea,2012-11-24,13,27,41,52
Gulf of Guinea,2012-11-25,13,27,39,52
Gulf of Guinea,2012-11-26,11,27,39,52
Gulf of Guinea,2012-11-27,11,27,39,52
Gulf of Guinea,2012-11-28,11,26,39,52
Gulf of Guinea,2012-11-29,11,26,39,52
Gulf of Guinea,2012-11-30,12,27,40,53
Gulf of Guinea,2012-12-01,12,27,40,53
Gulf of Guinea,2012-12-02,12,27,39,53
Gulf of Guinea,2012-12-03,11,27,39,53
Gulf of Guinea,2012-12-04,10,27,39,53
Gulf of Guinea,2012-12-05,10,27,39,53
Gulf of Guinea,2012-12-06,10,27,39,53
Gulf of Guinea,2012-12-07,9,27,39,53
Gulf of Guinea,2012-12-08,8,27,39,53
Gulf of Guinea,2012-12-09,8,27,39,53
Gulf of Guinea,2012-12-10,8,27,39,53
Gulf of Guinea,2012-12-11,9,28,40,54
Gulf of Guinea,2012-12-12,9,28,39,54
Gulf of Guinea,2012-12-13,11,30,41,56
Gulf of Guinea,2012-12-14,11,30,41,56
Gulf of Guinea,2012-12-15,11,30,41,56
Gulf of Guinea,2012-12-16,11,30,41,56
Gulf of Guinea,2012-12-17,14,33,43,59
Gulf of Guinea,2012-12-18,14,33,43,59
Gulf of Guinea,2012-12-19,14,33,43,59
Gulf of Guinea,2012-12-20,14,33,43,59
Gulf of Guinea,2012-12-21,14,33,43,59
Gulf of Guinea,2012-12-22,14,32,43,59
Gulf of Guinea,2012-12-23,16,34,45,61
Gulf of Guinea,2012-12-24,16,34,45,61
Gulf of Guinea,2012-12-25,16,34,45,61
Gulf of Guinea,2012-12-26,16,34,45,61
Gulf of Guinea,2012-12-27,16,30,45,61
Gulf of Guinea,2012-12-28,16,30,45,60
Gulf of Guinea,2012-12-29,16,30,45,60
Gulf of Guinea,2012-12-30,16,30,42,60
Gulf of Guinea,2012-12-31,16,30,42,60
Gulf of Guinea,2013-01-01,16,30,42,60
Gulf of Guinea,2013-01-02,15,30,42,60
Gulf of Guinea,2013-01-03,14,30,42,58
Gulf of Guinea,2013-01-04,13,30,42,58
Gulf of Guinea,2013-01-05,13,30,42,57
Gulf of Guinea,2013-01-06,13,30,42,57
Gulf of Guinea,2013-01-07,13,30,42,57
Gulf of Guinea,2013-01-08,13,30,42,57
Gulf of Guinea,2013-01-09,13,30,42,57
Gulf of Guinea,2013-01-10,13,30,42,57
Gulf of Guinea,2013-01-11,13,30,42,57
Gulf of Guinea,2013-01-12,13,30,42,57
Gulf of Guinea,2013-01-13,12,29,42,57
Gulf of Guinea,2013-01-14,12,29,42,57
Gulf of Guinea,2013-01-15,12,29,42,57
Gulf of Guinea,2013-01-16,13,30,43,58
Gulf of Guinea,2013-01-17,13,30,43,58
Gulf of Guinea,2013-01-18,13,30,43,58
Gulf of Guinea,2013-01-19,13,30,43,58
Gulf of Guinea,2013-01-20,13,30,42,58
Gulf of Guinea,2013-01-21,13,30,42,58
Gulf of Guinea,2013-01-22,12,30,42,58
Gulf of Guinea,2013-01-23,12,28,42,58
Gulf of Guinea,2013-01-24,12,28,42,58
Gulf of Guinea,2013-01-25,12,28,41,58
Gulf of Guinea,2013-01-26,12,27,41,58
Gulf of Guinea,2013-01-27,12,27,41,58
Gulf of Guinea,2013-01-28,12,27,41,58
Gulf of Guinea,2013-01-29,12,27,40,58
Gulf of Guinea,2013-01-30,12,26,40,58
Gulf of Guinea,2013-01-31,13,26,41,59
Gulf of Guinea,2013-02-01,13,26,40,59
Gulf of Guinea,2013-02-02,13,25,39,59
Gulf of Guinea,2013-02-03,14,26,40,58
Gulf of Guinea,2013-02-04,15,27,41,59
Gulf of Guinea,2013-02-05,15,27,41,58
Gulf of Guinea,2013-02-06,16,28,42,59
Gulf of Guinea,2013-02-07,17,29,43,59
Gulf of Guinea,2013-02-08,17,29,43,59
Gulf of Guinea,2013-02-09,17,29,43,59
Gulf of Guinea,2013-02-10,18,30,44,59
Gulf of Guinea,2013-02-11,18,31,44,60
Gulf of Guinea,2013-02-12,18,31,44,60
Gulf of Guinea,2013-02-13,18,31,44,60
Gulf of Guinea,2013-02-14,18,30,44,60
Gulf of Guinea,2013-02-15,18,30,44,60
Gulf of Guinea,2013-02-16,18,30,44,60
Gulf of Guinea,2013-02-17,20,32,46,62
Gulf of Guinea,2013-02-18,20,32,46,62
Gulf of Guinea,2013-02-19,19,32,46,62
Gulf of Guinea,2013-02-20,19,32,46,61
Gulf of Guinea,2013-02-21,19,32,46,61
Gulf of Guinea,2013-02-22,20,33,47,61
Gulf of Guinea,2013-02-23,20,33,47,59
Gulf of Guinea,2013-02-24,20,31,47,59
Gulf of Guinea,2013-02-25,21,32,48,60
Gulf of Guinea,2013-02-26,21,32,47,60
Gulf of Guinea,2013-02-27,21,32,47,60
Gulf of Guinea,2013-02-28,20,32,47,60
Gulf of Guinea,2013-03-01,20,32,47,60
Gulf of Guinea,2013-03-02,21,33,48,60
Gulf of Guinea,2013-03-03,21,32,48,60
Gulf of Guinea,2013-03-04,23,33,50,62
Gulf of Guinea,2013-03-05,24,34,51,63
Gulf of Guinea,2013-03-06,24,34,51,63
Gulf of Guinea,2013-03-07,24,33,51,63
Gulf of Guinea,2013-03-08,24,32,51,63
Gulf of Guinea,2013-03-09,24,32,51,63
Gulf of Guinea,2013-03-10,24,32,51,63
Gulf of Guinea,2013-03-11,23,32,51,63
Gulf of Guinea,2013-03-12,23,32,51,62
Gulf of Guinea,2013-03-13,21,32,51,62
Gulf of Guinea,2013-03-14,21,32,51,62
Gulf of Guinea,2013-03-15,21,32,51,62
Gulf of Guinea,2013-03-16,21,32,51,62
Gulf of Guinea,2013-03-17,18,32,51,61
Gulf of Guinea,2013-03-18,18,32,51,61
Gulf of Guinea,2013-03-19,18,32,51,61
Gulf of Guinea,2013-03-20,18,32,51,61
Gulf of Guinea,2013-03-21,18,32,51,61
Gulf of Guinea,2013-03-22,18,32,50,61
Gulf of Guinea,2013-03-23,16,32,50,61
Gulf of Guinea,2013-03-24,17,33,51,62
Gulf of Guinea,2013-03-25,17,33,51,62
Gulf of Guinea,2013-03-26,17,33,51,62
Gulf of Guinea,2013-03-27,17,33,47,62
Gulf of Guinea,2013-03-28,17,33,47,62
Gulf of Guinea,2013-03-29,17,33,47,62
Gulf of Guinea,2013-03-30,18,34,48,60
Gulf of Guinea,2013-03-31,18,34,48,60
Gulf of Guinea,2013-04-01,18,34,48,60
Gulf of Guinea,2013-04-02,18,33,48,60
Gulf of Guinea,2013-04-03,18,32,48,60
Gulf of Guinea,2013-04-04,18,31,48,60
Gulf of Guinea,2013-04-05,18,31,48,60
Gulf of Guinea,2013-04-06,18,31,48,60
Gulf of Guinea,2013-04-07,18,31,48,60
Gulf of Guinea,2013-04-08,18,31,48,60
Gulf of Guinea,2013-04-09,18,31,48,60
Gulf of Guinea,2013-04-10,18,31,48,60
Gulf of Guinea,2013-04-11,18,31,48,60
Gulf of Guinea,2013-04-12,18,31,48,60
Gulf of Guinea,2013-04-13,20,32,49,62
Gulf of Guinea,2013-04-14,20,32,49,62
Gulf of Guinea,2013-04-15,20,32,49,62
Gulf of Guinea,2013-04-16,20,33,50,63
Gulf of Guinea,2013-04-17,20,33,50,63
Gulf of Guinea,2013-04-18,20,33,50,63
Gulf of Guinea,2013-04-19,20,33,50,63
Gulf of Guinea,2013-04-20,20,33,50,62
Gulf of Guinea,2013-04-21,20,33,50,62
Gulf of Guinea,2013-04-22,22,34,52,64
Gulf of Guinea,2013-04-23,22,34,50,64
Gulf of Guinea,2013-04-24,25,37,53,67
Gulf of Guinea,2013-04-25,26,38,54,67
Gulf of Guinea,2013-04-26,28,40,55,69
Gulf of Guinea,2013-04-27,28,40,55,69
Gulf of Guinea,2013-04-28,28,40,55,69
Gulf of Guinea,2013-04-29,28,40,55,68
Gulf of Guinea,2013-04-30,28,40,54,68
Gulf of Guinea,2013-05-01,27,40,53,68
Gulf of Guinea,2013-05-02,27,40,53,67
Gulf of Guinea,2013-05-03,27,40,52,66
Gulf of Guinea,2013-05-04,28,42,54,68
Gulf of Guinea,2013-05-05,29,44,56,70
Gulf of Guinea,2013-05-06,30,45,57,71
Gulf of Guinea,2013-05-07,30,46,58,72
Gulf of Guinea,2013-05-08,29,46,58,72
Gulf of Guinea,2013-05-09,30,47,59,73
Gulf of Guinea,2013-05-10,30,47,59,73
Gulf of Guinea,2013-05-11,30,48,60,74
Gulf of Guinea,2013-05-12,30,48,61,74
Gulf of Guinea,2013-05-13,31,49,62,75
Gulf of Guinea,2013-05-14,33,51,64,77
Gulf of Guinea,2013-05-15,33,51,63,77
Gulf of Guinea,2013-05-16,33,51,63,77
Gulf of Guinea,2013-05-17,34,52,64,78
Gulf of Guinea,2013-05-18,32,52,64,78
Gulf of Guinea,2013-05-19,32,52,64,78
Gulf of Guinea,2013-05-20,32,51,64,78
Gulf of Guinea,2013-05-21,32,51,64,78
Gulf of Guinea,2013-05-22,32,51,64,78
Gulf of Guinea,2013-05-23,31,51,64,78
Gulf of Guinea,2013-05-24,31,51,64,78
Gulf of Guinea,2013-05-25,32,52,63,79
Gulf of Guinea,2013-05-26,31,52,63,79
Gulf of Guinea,2013-05-27,31,52,63,78
Gulf of Guinea,2013-05-28,31,52,63,78
Gulf of Guinea,2013-05-29,31,51,63,78
Gulf of Guinea,2013-05-30,31,51,63,78
Gulf of Guinea,2013-05-31,30,51,63,78
Gulf of Guinea,2013-06-01,30,51,62,78
Gulf of Guinea,2013-06-02,28,51,61,78
Gulf of Guinea,2013-06-03,29,53,63,80
Gulf of Guinea,2013-06-04,31,55,65,82
Gulf of Guinea,2013-06-05,31,55,64,82
Gulf of Guinea,2013-06-06,31,55,63,82
Gulf of Guinea,2013-06-07,31,55,63,82
Gulf of Guinea,2013-06-08,31,55,63,82
Gulf of Guinea,2013-06-09,31,54,63,82
Gulf of Guinea,2013-06-10,31,54,63,82
Gulf of Guinea,2013-06-11,31,52,63,82
Gulf of Guinea,2013-06-12,31,52,63,82
Gulf of Guinea,2013-06-13,33,54,65,84
Gulf of Guinea,2013-06-14,33,54,65,84
Gulf of Guinea,2013-06-15,33,51,65,84
Gulf of Guinea,2013-06-16,33,51,65,84
Gulf of Guinea,2013-06-17,33,51,65,84
Gulf of Guinea,2013-06-18,33,51,65,84
Gulf of Guinea,2013-06-19,33,51,65,84
Gulf of Guinea,2013-06-20,33,51,65,83
Gulf of Guinea,2013-06-21,33,49,65,83
Gulf of Guinea,2013-06-22,32,49,65,83
Gulf of Guinea,2013-06-23,32,49,65,83
Gulf of Guinea,2013-06-24,32,49,65,83
Gulf of Guinea,2013-06-25,32,49,65,79
Gulf of Guinea,2013-06-26,32,49,65,79
Gulf of Guinea,2013-06-27,33,50,66,80
Gulf of Guinea,2013-06-28,32,50,66,80
Gulf of Guinea,2013-06-29,32,50,66,80
Gulf of Guinea,2013-06-30,32,50,66,80
Gulf of Guinea,2013-07-01,32,50,65,80
Gulf of Guinea,2013-07-02,32,50,64,80
Gulf of Guinea,2013-07-03,32,50,63,80
Gulf of Guinea,2013-07-04,32,50,63,80
Gulf of Guinea,2013-07-05,33,51,64,81
Gulf of Guinea,2013-07-06,33,51,64,81
Gulf of Guinea,2013-07-07,34,52,65,82
Gulf of Guinea,2013-07-08,34,52,65,82
Gulf of Guinea,2013-07-09,34,52,65,82
Gulf of Guinea,2013-07-10,35,53,66,83
Gulf of Guinea,2013-07-11,35,53,66,83
Gulf of Guinea,2013-07-12,33,53,65,82
Gulf of Guinea,2013-07-13,33,53,65,82
Gulf of Guinea,2013-07-14,33,53,65,82
Gulf of Guinea,2013-07-15,35,55,68,85
Gulf of Guinea,2013-07-16,37,57,70,87
Gulf of Guinea,2013-07-17,37,57,70,87
Gulf of Guinea,2013-07-18,38,58,71,88
Gulf of Guinea,2013-07-19,40,60,73,90
Gulf of Guinea,2013-07-20,40,60,73,90
Gulf of Guinea,2013-07-21,38,60,72,90
Gulf of Guinea,2013-07-22,38,60,72,88
Gulf of Guinea,2013-07-23,35,60,72,88
Gulf of Guinea,2013-07-24,34,60,72,88
Gulf of Guinea,2013-07-25,32,60,72,87
Gulf of Guinea,2013-07-26,32,60,72,87
Gulf of Guinea,2013-07-27,32,60,72,87
Gulf of Guinea,2013-07-28,32,60,72,87
Gulf of Guinea,2013-07-29,32,60,72,86
Gulf of Guinea,2013-07-30,33,60,73,86
Gulf of Guinea,2013-07-31,34,61,74,87
Gulf of Guinea,2013-08-01,34,61,74,86
Gulf of Guinea,2013-08-02,32,60,74,86
Gulf of Guinea,2013-08-03,30,59,74,86
Gulf of Guinea,2013-08-04,29,59,74,86
Gulf of Guinea,2013-08-05,28,58,74,86
Gulf of Guinea,2013-08-06,28,57,74,86
Gulf of Guinea,2013-08-07,27,57,74,86
Gulf of Guinea,2013-08-08,27,57,74,86
Gulf of Guinea,2013-08-09,26,56,74,86
Gulf of Guinea,2013-08-10,25,55,73,86
Gulf of Guinea,2013-08-11,26,57,75,88
Gulf of Guinea,2013-08-12,26,59,77,90
Gulf of Guinea,2013-08-13,26,59,77,89
Gulf of Guinea,2013-08-14,26,59,77,89
Gulf of Guinea,2013-08-15,27,61,79,91
Gulf of Guinea,2013-08-16,27,59,79,91
Gulf of Guinea,2013-08-17,27,59,79,91
Gulf of Guinea,2013-08-18,27,59,78,91
Gulf of Guinea,2013-08-19,27,59,78,91
Gulf of Guinea,2013-08-20,27,59,78,91
Gulf of Guinea,2013-08-21,27,58,78,91
Gulf of Guinea,2013-08-22,27,58,78,91
Gulf of Guinea,2013-08-23,26,58,78,89
Gulf of Guinea,2013-08-24,26,57,78,89
Gulf of Guinea,2013-08-25,26,57,78,89
Gulf of Guinea,2013-08-26,26,57,78,89
Gulf of Guinea,2013-08-27,26,57,77,89
Gulf of Guinea,2013-08-28,26,57,77,89
Gulf of Guinea,2013-08-29,26,56,77,89
Gulf of Guinea,2013-08-30,26,56,77,88
Gulf of Guinea,2013-08-31,26,54,77,87
Gulf of Guinea,2013-09-01,24,53,77,87
Gulf of Guinea,2013-09-02,22,53,77,87
Gulf of Guinea,2013-09-03,22,53,77,86
Gulf of Guinea,2013-09-04,23,54,78,86
Gulf of Guinea,2013-09-05,23,54,78,86
Gulf of Guinea,2013-09-06,23,54,78,86
Gulf of Guinea,2013-09-07,23,54,77,86
Gulf of Guinea,2013-09-08,23,54,77,86
Gulf of Guinea,2013-09-09,23,54,75,86
Gulf of Guinea,2013-09-10,23,54,75,86
Gulf of Guinea,2013-09-11,21,54,75,86
Gulf of Guinea,2013-09-12,21,54,75,86
Gulf of Guinea,2013-09-13,21,54,72,86
Gulf of Guinea,2013-09-14,21,54,72,86
Gulf of Guinea,2013-09-15,21,54,72,86
Gulf of Guinea,2013-09-16,21,54,72,86
Gulf of Guinea,2013-09-17,21,54,72,86
Gulf of Guinea,2013-09-18,21,54,72,86
Gulf of Guinea,2013-09-19,21,54,70,86
Gulf of Guinea,2013-09-20,21,53,70,86
Gulf of Guinea,2013-09-21,21,53,70,86
Gulf of Guinea,2013-09-22,21,53,70,86
Gulf of Guinea,2013-09-23,21,53,70,86
Gulf of Guinea,2013-09-24,21,53,70,86
Gulf of Guinea,2013-09-25,20,53,70,86
Gulf of Guinea,2013-09-26,20,52,70,86
Gulf of Guinea,2013-09-27,20,52,70,86
Gulf of Guinea,2013-09-28,20,52,70,86
Gulf of Guinea,2013-09-29,20,52,70,85
Gulf of Guinea,2013-09-30,20,52,70,84
Gulf of Guinea,2013-10-01,20,52,70,83
Gulf of Guinea,2013-10-02,20,52,70,83
Gulf of Guinea,2013-10-03,20,53,71,84
Gulf of Guinea,2013-10-04,20,53,71,84
Gulf of Guinea,2013-10-05,19,53,71,84
Gulf of Guinea,2013-10-06,19,53,71,84
Gulf of Guinea,2013-10-07,19,53,71,84
Gulf of Guinea,2013-10-08,18,53,71,84
Gulf of Guinea,2013-10-09,18,53,71,84
Gulf of Guinea,2013-10-10,18,51,71,83
Gulf of Guinea,2013-10-11,18,51,71,83
Gulf of Guinea,2013-10-12,18,51,71,83
Gulf of Guinea,2013-10-13,15,50,70,83
Gulf of Guinea,2013-10-14,13,50,70,83
Gulf of Guinea,2013-10-15,13,50,70,83
Gulf of Guinea,2013-10-16,12,50,70,83
Gulf of Guinea,2013-10-17,10,50,70,83
Gulf of Guinea,2013-10-18,10,50,70,83
Gulf of Guinea,2013-10-19,10,48,70,82
Gulf of Guinea,2013-10-20,10,48,70,82
Gulf of Guinea,2013-10-21,10,45,70,82
Gulf of Guinea,2013-10-22,10,44,70,82
Gulf of Guinea,2013-10-23,11,43,71,83
Gulf of Guinea,2013-10-24,11,43,71,83
Gulf of Guinea,2013-10-25,11,43,71,83
Gulf of Guinea,2013-10-26,11,43,71,83
Gulf of Guinea,2013-10-27,11,43,71,83
Gulf of Guinea,2013-10-28,10,43,70,83
Gulf of Guinea,2013-10-29,9,43,70,83
Gulf of Guinea,2013-10-30,9,43,70,83
Gulf of Guinea,2013-10-31,9,41,69,83
Gulf of Guinea,2013-11-01,9,39,68,83
Gulf of Guinea,2013-11-02,9,38,68,83
Gulf of Guinea,2013-11-03,9,37,67,83
Gulf of Guinea,2013-11-04,9,37,66,83
Gulf of Guinea,2013-11-05,9,36,66,83
Gulf of Guinea,2013-11-06,9,36,66,83
Gulf of Guinea,2013-11-07,9,35,65,83
Gulf of Guinea,2013-11-08,9,34,64,82
Gulf of Guinea,2013-11-09,7,33,64,82
Gulf of Guinea,2013-11-10,5,31,64,82
Gulf of Guinea,2013-11-11,5,31,64,82
Gulf of Guinea,2013-11-12,5,31,64,82
Gulf of Guinea,2013-11-13,3,30,64,82
Gulf of Guinea,2013-11-14,3,30,62,82
Gulf of Guinea,2013-11-15,3,30,62,82
Gulf of Guinea,2013-11-16,3,30,62,81
Gulf of Guinea,2013-11-17,3,30,62,81
Gulf of Guinea,2013-11-18,3,30,62,81
Gulf of Guinea,2013-11-19,3,30,61,81
Gulf of Guinea,2013-11-20,3,30,61,81
Gulf of Guinea,2013-11-21,3,29,61,81
Gulf of Guinea,2013-11-22,3,29,60,81
Gulf of Guinea,2013-11-23,3,29,60,81
Gulf of Guinea,2013-11-24,3,29,60,81
Gulf of Guinea,2013-11-25,3,29,60,80
Gulf of Guinea,2013-11-26,3,29,60,80
Gulf of Guinea,2013-11-27,3,29,59,80
Gulf of Guinea,2013-11-28,3,29,59,80
Gulf of Guinea,2013-11-29,3,29,57,80
Gulf of Guinea,2013-11-30,3,27,56,80
Gulf of Guinea,2013-12-01,3,25,56,80
Gulf of Guinea,2013-12-02,3,25,56,80
Gulf of Guinea,2013-12-03,3,26,57,81
Gulf of Guinea,2013-12-04,3,26,57,81
Gulf of Guinea,2013-12-05,3,26,57,81
Gulf of Guinea,2013-12-06,3,26,57,80
Gulf of Guinea,2013-12-07,3,26,57,80
Gulf of Guinea,2013-12-08,3,26,57,78
Gulf of Guinea,2013-12-09,3,26,57,78
Gulf of Guinea,2013-12-10,3,24,57,78
Gulf of Guinea,2013-12-11,3,24,57,78
Gulf of Guinea,2013-12-12,3,24,57,75
Gulf of Guinea,2013-12-13,3,24,57,75
Gulf of Guinea,2013-12-14,3,24,57,75
Gulf of Guinea,2013-12-15,3,24,57,75
Gulf of Guinea,2013-12-16,4,25,58,76
Gulf of Guinea,2013-12-17,4,25,58,76
Gulf of Guinea,2013-12-18,4,25,58,74
Gulf of Guinea,2013-12-19,4,25,57,74
Gulf of Guinea,2013-12-20,4,25,57,74
Gulf of Guinea,2013-12-21,4,25,57,74
Gulf of Guinea,2013-12-22,4,25,57,74
Gulf of Guinea,2013-12-23,4,25,57,74
Gulf of Guinea,2013-12-24,4,24,57,74
Gulf of Guinea,2013-12-25,4,24,56,74
Gulf of Guinea,2013-12-26,4,24,56,74
Gulf of Guinea,2013-12-27,4,24,56,74
Gulf of Guinea,2013-12-28,4,24,56,74
Gulf of Guinea,2013-12-29,4,24,56,74
Gulf of Guinea,2013-12-30,4,24,56,74
Gulf of Guinea,2013-12-31,5,25,57,75
Gulf of Guinea,2014-01-01,4,24,57,75
Gulf of Guinea,2014-01-02,5,25,58,76
Gulf of Guinea,2014-01-03,6,25,59,77
Gulf of Guinea,2014-01-04,6,25,59,77
Gulf of Guinea,2014-01-05,6,25,59,77
Gulf of Guinea,2014-01-06,6,24,59,77
Gulf of Guinea,2014-01-07,7,25,60,78
Gulf of Guinea,2014-01-08,7,25,58,78
Gulf of Guinea,2014-01-09,7,25,58,78
Gulf of Guinea,2014-01-10,7,25,58,78
Gulf of Guinea,2014-01-11,7,22,57,77
Gulf of Guinea,2014-01-12,7,20,57,77
Gulf of Guinea,2014-01-13,7,20,57,77
Gulf of Guinea,2014-01-14,7,19,57,77
Gulf of Guinea,2014-01-15,7,17,57,77
Gulf of Guinea,2014-01-16,7,17,57,77
Gulf of Guinea,2014-01-17,7,17,55,77
Gulf of Guinea,2014-01-18,7,17,55,77
Gulf of Guinea,2014-01-19,7,17,52,77
Gulf of Guinea,2014-01-20,7,17,51,77
Gulf of Guinea,2014-01-21,6,17,49,77
Gulf of Guinea,2014-01-22,6,17,49,77
Gulf of Guinea,2014-01-23,7,18,50,78
Gulf of Guinea,2014-01-24,7,18,50,78
Gulf of Guinea,2014-01-25,8,19,51,79
Gulf of Guinea,2014-01-26,9,19,52,79
Gulf of Guinea,2014-01-27,9,18,52,79
Gulf of Guinea,2014-01-28,9,18,52,79
Gulf of Guinea,2014-01-29,10,19,51,79
Gulf of Guinea,2014-01-30,11,20,50,79
Gulf of Guinea,2014-01-31,11,20,49,79
Gulf of Guinea,2014-02-01,11,20,48,78
Gulf of Guinea,2014-02-02,11,20,48,77
Gulf of Guinea,2014-02-03,11,20,47,77
Gulf of Guinea,2014-02-04,11,20,47,77
Gulf of Guinea,2014-02-05,12,21,47,77
Gulf of Guinea,2014-02-06,15,24,49,79
Gulf of Guinea,2014-02-07,15,22,48,79
Gulf of Guinea,2014-02-08,15,20,46,79
Gulf of Guinea,2014-02-09,15,20,46,79
Gulf of Guinea,2014-02-10,15,20,46,79
Gulf of Guinea,2014-02-11,15,18,45,79
Gulf of Guinea,2014-02-12,15,18,45,77
Gulf of Guinea,2014-02-13,15,18,45,77
Gulf of Guinea,2014-02-14,15,18,45,77
Gulf of Guinea,2014-02-15,15,18,45,77
Gulf of Guinea,2014-02-16,15,18,45,77
Gulf of Guinea,2014-02-17,15,18,45,76
Gulf of Guinea,2014-02-18,15,18,45,76
Gulf of Guinea,2014-02-19,16,19,45,77
Gulf of Guinea,2014-02-20,16,19,45,76
Gulf of Guinea,2014-02-21,16,19,45,76
Gulf of Guinea,2014-02-22,16,19,45,76
Gulf of Guinea,2014-02-23,16,19,45,76
Gulf of Guinea,2014-02-24,16,19,45,76
Gulf of Guinea,2014-02-25,16,19,45,75
Gulf of Guinea,2014-02-26,16,19,45,75
Gulf of Guinea,2014-02-27,16,19,45,73
Gulf of Guinea,2014-02-28,16,19,43,72
Gulf of Guinea,2014-03-01,16,19,41,72
Gulf of Guinea,2014-03-02,16,19,41,72
Gulf of Guinea,2014-03-03,16,19,42,73
Gulf of Guinea,2014-03-04,18,21,44,75
Gulf of Guinea,2014-03-05,19,22,45,76
Gulf of Guinea,2014-03-06,20,23,46,77
Gulf of Guinea,2014-03-07,20,23,46,77
Gulf of Guinea,2014-03-08,20,23,46,77
Gulf of Guinea,2014-03-09,20,23,46,77
Gulf of Guinea,2014-03-10,20,23,44,77
Gulf of Guinea,2014-03-11,20,23,44,77
Gulf of Guinea,2014-03-12,22,25,46,79
Gulf of Guinea,2014-03-13,22,25,46,79
Gulf of Guinea,2014-03-14,22,25,46,79
Gulf of Guinea,2014-03-15,22,25,46,79
Gulf of Guinea,2014-03-16,21,25,46,79
Gulf of Guinea,2014-03-17,21,25,46,79
Gulf of Guinea,2014-03-18,21,25,46,79
Gulf of Guinea,2014-03-19,21,25,46,78
Gulf of Guinea,2014-03-20,22,26,47,79
Gulf of Guinea,2014-03-21,22,26,47,79
Gulf of Guinea,2014-03-22,23,27,48,80
Gulf of Guinea,2014-03-23,23,27,48,80
Gulf of Guinea,2014-03-24,23,27,47,80
Gulf of Guinea,2014-03-25,23,27,47,79
Gulf of Guinea,2014-03-26,23,27,47,79
Gulf of Guinea,2014-03-27,23,27,47,79
Gulf of Guinea,2014-03-28,23,27,47,79
Gulf of Guinea,2014-03-29,23,27,47,79
Gulf of Guinea,2014-03-30,23,27,47,79
Gulf of Guinea,2014-03-31,22,27,47,79
Gulf of Guinea,2014-04-01,22,26,46,79
Gulf of Guinea,2014-04-02,21,26,46,79
Gulf of Guinea,2014-04-03,20,26,45,79
Gulf of Guinea,2014-04-04,20,26,45,79
Gulf of Guinea,2014-04-05,20,26,45,79
Gulf of Guinea,2014-04-06,20,26,44,79
Gulf of Guinea,2014-04-07,19,26,44,79
Gulf of Guinea,2014-04-08,19,26,44,77
Gulf of Guinea,2014-04-09,19,26,44,77
Gulf of Guinea,2014-04-10,19,26,44,77
Gulf of Guinea,2014-04-11,19,26,41,76
Gulf of Guinea,2014-04-12,19,26,39,76
Gulf of Guinea,2014-04-13,19,26,39,76
Gulf of Guinea,2014-04-14,19,26,38,76
Gulf of Guinea,2014-04-15,19,26,36,76
Gulf of Guinea,2014-04-16,19,26,36,76
Gulf of Guinea,2014-04-17,19,26,36,74
Gulf of Guinea,2014-04-18,19,26,36,74
Gulf of Guinea,2014-04-19,19,26,36,71
Gulf of Guinea,2014-04-20,20,27,37,71
Gulf of Guinea,2014-04-21,21,27,38,70
Gulf of Guinea,2014-04-22,21,27,38,70
Gulf of Guinea,2014-04-23,21,28,39,71
Gulf of Guinea,2014-04-24,21,28,39,71
Gulf of Guinea,2014-04-25,20,28,39,71
Gulf of Guinea,2014-04-26,19,28,38,71
Gulf of Guinea,2014-04-27,19,28,37,71
Gulf of Guinea,2014-04-28,19,28,37,71
Gulf of Guinea,2014-04-29,19,29,38,70
Gulf of Guinea,2014-04-30,18,29,38,68
Gulf of Guinea,2014-05-01,18,29,38,67
Gulf of Guinea,2014-05-02,18,29,38,66
Gulf of Guinea,2014-05-03,18,29,38,66
Gulf of Guinea,2014-05-04,19,30,39,66
Gulf of Guinea,2014-05-05,19,30,39,66
Gulf of Guinea,2014-05-06,18,30,39,65
Gulf of Guinea,2014-05-07,15,30,39,64
Gulf of Guinea,2014-05-08,15,30,37,63
Gulf of Guinea,2014-05-09,15,30,35,61
Gulf of Guinea,2014-05-10,15,30,35,61
Gulf of Guinea,2014-05-11,15,30,35,61
Gulf of Guinea,2014-05-12,15,30,33,60
Gulf of Guinea,2014-05-13,16,31,34,61
Gulf of Guinea,2014-05-14,16,31,34,61
Gulf of Guinea,2014-05-15,16,31,34,61
Gulf of Guinea,2014-05-16,16,31,34,61
Gulf of Guinea,2014-05-17,16,31,34,61
Gulf of Guinea,2014-05-18,16,31,34,61
Gulf of Guinea,2014-05-19,16,31,34,61
Gulf of Guinea,2014-05-20,15,31,34,60
Gulf of Guinea,2014-05-21,16,32,35,61
Gulf of Guinea,2014-05-22,16,32,35,61
Gulf of Guinea,2014-05-23,16,32,35,61
Gulf of Guinea,2014-05-24,16,32,35,61
Gulf of Guinea,2014-05-25,16,32,35,61
Gulf of Guinea,2014-05-26,16,32,35,61
Gulf of Guinea,2014-05-27,16,32,35,61
Gulf of Guinea,2014-05-28,16,32,35,61
Gulf of Guinea,2014-05-29,16,32,35,59
Gulf of Guinea,2014-05-30,16,32,35,57
Gulf of Guinea,2014-05-31,16,32,35,57
Gulf of Guinea,2014-06-01,15,31,34,57
Gulf of Guinea,2014-06-02,14,32,35,58
Gulf of Guinea,2014-06-03,13,32,35,58
Gulf of Guinea,2014-06-04,13,33,36,59
Gulf of Guinea,2014-06-05,14,34,37,60
Gulf of Guinea,2014-06-06,14,34,37,60
Gulf of Guinea,2014-06-07,14,34,37,60
Gulf of Guinea,2014-06-08,14,34,37,58
Gulf of Guinea,2014-06-09,14,34,37,58
Gulf of Guinea,2014-06-10,13,35,38,59
Gulf of Guinea,2014-06-11,13,35,38,59
Gulf of Guinea,2014-06-12,13,35,38,59
Gulf of Guinea,2014-06-13,13,35,38,59
Gulf of Guinea,2014-06-14,13,34,38,59
Gulf of Guinea,2014-06-15,13,34,38,59
Gulf of Guinea,2014-06-16,13,34,38,59
Gulf of Guinea,2014-06-17,13,34,38,59
Gulf of Guinea,2014-06-18,12,34,38,59
Gulf of Guinea,2014-06-19,12,34,38,59
Gulf of Guinea,2014-06-20,11,34,38,59
Gulf of Guinea,2014-06-21,11,34,38,59
Gulf of Guinea,2014-06-22,11,34,38,58
Gulf of Guinea,2014-06-23,11,34,38,58
Gulf of Guinea,2014-06-24,11,34,38,58
Gulf of Guinea,2014-06-25,11,34,38,58
Gulf of Guinea,2014-06-26,11,34,38,58
Gulf of Guinea,2014-06-27,11,34,38,58
Gulf of Guinea,2014-06-28,11,34,38,58
Gulf of Guinea,2014-06-29,11,33,38,58
Gulf of Guinea,2014-06-30,12,34,38,58
Gulf of Guinea,2014-07-01,12,33,38,58
Gulf of Guinea,2014-07-02,12,32,38,57
Gulf of Guinea,2014-07-03,12,32,38,57
Gulf of Guinea,2014-07-04,12,32,38,57
Gulf of Guinea,2014-07-05,12,32,38,56
Gulf of Guinea,2014-07-06,12,31,38,56
Gulf of Guinea,2014-07-07,12,31,38,56
Gulf of Guinea,2014-07-08,12,31,38,56
Gulf of Guinea,2014-07-09,12,31,38,56
Gulf of Guinea,2014-07-10,12,31,38,53
Gulf of Guinea,2014-07-11,12,31,38,51
Gulf of Guinea,2014-07-12,12,31,38,51
Gulf of Guinea,2014-07-13,12,31,38,50
Gulf of Guinea,2014-07-14,12,31,38,48
Gulf of Guinea,2014-07-15,12,31,38,48
Gulf of Guinea,2014-07-16,12,31,38,48
Gulf of Guinea,2014-07-17,12,31,38,48
Gulf of Guinea,2014-07-18,12,31,38,48
Gulf of Guinea,2014-07-19,11,31,38,48
Gulf of Guinea,2014-07-20,11,32,38,49
Gulf of Guinea,2014-07-21,11,32,38,49
Gulf of Guinea,2014-07-22,10,31,38,49
Gulf of Guinea,2014-07-23,11,32,39,50
Gulf of Guinea,2014-07-24,11,31,39,50
Gulf of Guinea,2014-07-25,13,32,41,51
Gulf of Guinea,2014-07-26,13,32,41,50
Gulf of Guinea,2014-07-27,13,32,41,50
Gulf of Guinea,2014-07-28,12,31,41,50
Gulf of Guinea,2014-07-29,12,30,41,50
Gulf of Guinea,2014-07-30,12,30,41,50
Gulf of Guinea,2014-07-31,12,30,41,50
Gulf of Guinea,2014-08-01,12,30,41,50
Gulf of Guinea,2014-08-02,11,30,41,50
Gulf of Guinea,2014-08-03,11,30,41,50
Gulf of Guinea,2014-08-04,11,29,41,50
Gulf of Guinea,2014-08-05,11,26,41,50
Gulf of Guinea,2014-08-06,11,26,41,48
Gulf of Guinea,2014-08-07,11,26,41,46
Gulf of Guinea,2014-08-08,11,26,41,46
Gulf of Guinea,2014-08-09,12,27,42,47
Gulf of Guinea,2014-08-10,12,27,42,45
Gulf of Guinea,2014-08-11,11,27,42,45
Gulf of Guinea,2014-08-12,11,27,42,45
Gulf of Guinea,2014-08-13,11,27,42,45
Gulf of Guinea,2014-08-14,11,27,42,45
Gulf of Guinea,2014-08-15,11,27,42,45
Gulf of Guinea,2014-08-16,11,27,42,45
Gulf of Guinea,2014-08-17,11,27,42,45
Gulf of Guinea,2014-08-18,11,26,42,45
Gulf of Guinea,2014-08-19,10,26,42,45
Gulf of Guinea,2014-08-20,11,27,43,46
Gulf of Guinea,2014-08-21,11,27,43,46
Gulf of Guinea,2014-08-22,11,27,43,46
Gulf of Guinea,2014-08-23,11,27,43,46
Gulf of Guinea,2014-08-24,11,27,43,46
Gulf of Guinea,2014-08-25,11,27,43,46
Gulf of Guinea,2014-08-26,13,29,45,48
Gulf of Guinea,2014-08-27,14,30,46,49
Gulf of Guinea,2014-08-28,14,30,46,49
Gulf of Guinea,2014-08-29,14,30,46,49
Gulf of Guinea,2014-08-30,14,29,45,48
Gulf of Guinea,2014-08-31,13,27,45,48
Gulf of Guinea,2014-09-01,13,26,45,48
Gulf of Guinea,2014-09-02,12,25,45,48
Gulf of Guinea,2014-09-03,11,25,45,48
Gulf of Guinea,2014-09-04,11,25,45,48
Gulf of Guinea,2014-09-05,11,25,45,48
Gulf of Guinea,2014-09-06,11,25,45,48
Gulf of Guinea,2014-09-07,11,25,45,48
Gulf of Guinea,2014-09-08,10,23,45,48
Gulf of Guinea,2014-09-09,10,23,45,48
Gulf of Guinea,2014-09-10,10,23,45,48
Gulf of Guinea,2014-09-11,10,23,45,48
Gulf of Guinea,2014-09-12,10,23,44,48
Gulf of Guinea,2014-09-13,10,23,44,48
Gulf of Guinea,2014-09-14,10,23,44,48
Gulf of Guinea,2014-09-15,10,23,44,48
Gulf of Guinea,2014-09-16,10,22,44,48
Gulf of Guinea,2014-09-17,10,22,44,48
Gulf of Guinea,2014-09-18,10,21,44,48
Gulf of Guinea,2014-09-19,10,21,44,48
Gulf of Guinea,2014-09-20,10,21,44,48
Gulf of Guinea,2014-09-21,10,21,44,48
Gulf of Guinea,2014-09-22,10,21,44,48
Gulf of Guinea,2014-09-23,10,21,44,48
Gulf of Guinea,2014-09-24,10,21,44,48
Gulf of Guinea,2014-09-25,10,21,44,48
Gulf of Guinea,2014-09-26,10,21,44,48
Gulf of Guinea,2014-09-27,10,21,43,48
Gulf of Guinea,2014-09-28,9,21,43,47
Gulf of Guinea,2014-09-29,9,21,42,47
Gulf of Guinea,2014-09-30,9,21,41,47
Gulf of Guinea,2014-10-01,9,21,41,47
Gulf of Guinea,2014-10-02,9,21,41,47
Gulf of Guinea,2014-10-03,9,21,41,47
Gulf of Guinea,2014-10-04,9,21,40,47
Gulf of Guinea,2014-10-05,9,21,40,47
Gulf of Guinea,2014-10-06,9,21,40,47
Gulf of Guinea,2014-10-07,9,21,40,47
Gulf of Guinea,2014-10-08,9,21,40,47
Gulf of Guinea,2014-10-09,9,21,40,47
Gulf of Guinea,2014-10-10,9,21,40,47
Gulf of Guinea,2014-10-11,10,22,41,48
Gulf of Guinea,2014-10-12,10,22,41,48
Gulf of Guinea,2014-10-13,11,23,42,49
Gulf of Guinea,2014-10-14,11,23,42,49
Gulf of Guinea,2014-10-15,11,23,42,49
Gulf of Guinea,2014-10-16,11,23,42,49
Gulf of Guinea,2014-10-17,11,22,42,49
Gulf of Guinea,2014-10-18,10,21,42,48
Gulf of Guinea,2014-10-19,10,21,42,48
Gulf of Guinea,2014-10-20,10,20,41,48
Gulf of Guinea,2014-10-21,9,20,41,48
Gulf of Guinea,2014-10-22,9,20,40,48
Gulf of Guinea,2014-10-23,7,20,39,48
Gulf of Guinea,2014-10-24,7,20,39,48
Gulf of Guinea,2014-10-25,8,21,40,49
Gulf of Guinea,2014-10-26,8,20,39,49
Gulf of Guinea,2014-10-27,8,20,38,49
Gulf of Guinea,2014-10-28,8,20,38,49
Gulf of Guinea,2014-10-29,8,20,38,49
Gulf of Guinea,2014-10-30,8,20,38,49
Gulf of Guinea,2014-10-31,8,19,38,49
Gulf of Guinea,2014-11-01,8,19,38,49
Gulf of Guinea,2014-11-02,8,19,37,49
Gulf of Guinea,2014-11-03,8,19,34,49
Gulf of Guinea,2014-11-04,10,21,36,51
Gulf of Guinea,2014-11-05,11,22,37,52
Gulf of Guinea,2014-11-06,12,23,38,53
Gulf of Guinea,2014-11-07,11,23,38,53
Gulf of Guinea,2014-11-08,12,24,39,54
Gulf of Guinea,2014-11-09,12,23,39,54
Gulf of Guinea,2014-11-10,12,23,39,54
Gulf of Guinea,2014-11-11,12,23,39,54
Gulf of Guinea,2014-11-12,13,24,40,55
Gulf of Guinea,2014-11-13,13,24,40,55
Gulf of Guinea,2014-11-14,13,24,40,55
Gulf of Guinea,2014-11-15,13,24,40,55
Gulf of Guinea,2014-11-16,14,25,40,56
Gulf of Guinea,2014-11-17,14,24,40,56
Gulf of Guinea,2014-11-18,13,24,40,56
Gulf of Guinea,2014-11-19,13,24,40,56
Gulf of Guinea,2014-11-20,13,24,40,56
Gulf of Guinea,2014-11-21,14,25,41,57
Gulf of Guinea,2014-11-22,14,25,41,57
Gulf of Guinea,2014-11-23,14,25,41,57
Gulf of Guinea,2014-11-24,12,25,41,57
Gulf of Guinea,2014-11-25,11,25,41,57
Gulf of Guinea,2014-11-26,11,25,41,57
Gulf of Guinea,2014-11-27,11,25,41,57
Gulf of Guinea,2014-11-28,11,25,40,56
Gulf of Guinea,2014-11-29,11,24,38,56
Gulf of Guinea,2014-11-30,12,25,38,57
Gulf of Guinea,2014-12-01,12,24,37,57
Gulf of Guinea,2014-12-02,12,23,37,57
Gulf of Guinea,2014-12-03,12,23,37,57
Gulf of Guinea,2014-12-04,12,23,37,57
Gulf of Guinea,2014-12-05,12,23,37,57
Gulf of Guinea,2014-12-06,12,23,37,57
Gulf of Guinea,2014-12-07,12,22,35,57
Gulf of Guinea,2014-12-08,12,22,35,57
Gulf of Guinea,2014-12-09,13,23,36,58
Gulf of Guinea,2014-12-10,13,23,36,58
Gulf of Guinea,2014-12-11,13,23,36,57
Gulf of Guinea,2014-12-12,13,23,36,57
Gulf of Guinea,2014-12-13,13,23,36,57
Gulf of Guinea,2014-12-14,13,23,36,57
Gulf of Guinea,2014-12-15,13,23,35,57
Gulf of Guinea,2014-12-16,13,23,35,57
Gulf of Guinea,2014-12-17,13,23,34,57
Gulf of Guinea,2014-12-18,13,23,34,57
Gulf of Guinea,2014-12-19,14,24,35,58
Gulf of Guinea,2014-12-20,14,24,35,58
Gulf of Guinea,2014-12-21,14,24,35,58
Gulf of Guinea,2014-12-22,14,24,35,58
Gulf of Guinea,2014-12-23,14,24,35,58
Gulf of Guinea,2014-12-24,14,24,35,58
Gulf of Guinea,2014-12-25,14,24,35,58
Gulf of Guinea,2014-12-26,14,24,35,57
Gulf of Guinea,2014-12-27,15,24,36,58
Gulf of Guinea,2014-12-28,15,24,36,57
Gulf of Guinea,2014-12-29,15,24,36,56
Gulf of Guinea,2014-12-30,15,24,36,56
Gulf of Guinea,2014-12-31,15,24,36,56
Gulf of Guinea,2015-01-01,15,24,36,56
Gulf of Guinea,2015-01-02,15,24,36,55
Gulf of Guinea,2015-01-03,15,24,36,55
Gulf of Guinea,2015-01-04,15,24,36,55
Gulf of Guinea,2015-01-05,16,25,37,56
Gulf of Guinea,2015-01-06,16,25,37,56
Gulf of Guinea,2015-01-07,16,25,37,56
Gulf of Guinea,2015-01-08,16,25,37,56
Gulf of Guinea,2015-01-09,15,25,37,56
Gulf of Guinea,2015-01-10,15,25,37,56
Gulf of Guinea,2015-01-11,14,25,37,56
Gulf of Guinea,2015-01-12,14,25,37,56
Gulf of Guinea,2015-01-13,14,25,37,56
Gulf of Guinea,2015-01-14,15,26,38,57
Gulf of Guinea,2015-01-15,15,26,37,57
Gulf of Guinea,2015-01-16,15,25,36,57
Gulf of Guinea,2015-01-17,15,25,36,57
Gulf of Guinea,2015-01-18,16,26,36,57
Gulf of Guinea,2015-01-19,16,25,36,57
Gulf of Guinea,2015-01-20,17,26,37,57
Gulf of Guinea,2015-01-21,17,24,37,56
Gulf of Guinea,2015-01-22,17,24,37,56
Gulf of Guinea,2015-01-23,17,25,38,57
Gulf of Guinea,2015-01-24,17,25,37,56
Gulf of Guinea,2015-01-25,17,25,37,55
Gulf of Guinea,2015-01-26,17,25,37,55
Gulf of Guinea,2015-01-27,17,25,37,55
Gulf of Guinea,2015-01-28,17,25,37,55
Gulf of Guinea,2015-01-29,17,25,36,55
Gulf of Guinea,2015-01-30,18,26,37,56
Gulf of Guinea,2015-01-31,18,26,37,55
Gulf of Guinea,2015-02-01,19,27,38,53
Gulf of Guinea,2015-02-02,17,27,38,53
Gulf of Guinea,2015-02-03,17,28,39,54
Gulf of Guinea,2015-02-04,16,28,39,54
Gulf of Guinea,2015-02-05,17,28,40,55
Gulf of Guinea,2015-02-06,16,28,40,55
Gulf of Guinea,2015-02-07,16,28,39,55
Gulf of Guinea,2015-02-08,16,28,39,55
Gulf of Guinea,2015-02-09,16,28,39,55
Gulf of Guinea,2015-02-10,15,28,39,55
Gulf of Guinea,2015-02-11,15,28,39,55
Gulf of Guinea,2015-02-12,15,28,39,55
Gulf of Guinea,2015-02-13,15,28,39,55
Gulf of Guinea,2015-02-14,14,28,39,54
Gulf of Guinea,2015-02-15,14,28,38,54
Gulf of Guinea,2015-02-16,14,27,38,54
Gulf of Guinea,2015-02-17,14,27,38,54
Gulf of Guinea,2015-02-18,14,27,38,54
Gulf of Guinea,2015-02-19,13,27,38,54
Gulf of Guinea,2015-02-20,13,27,38,54
Gulf of Guinea,2015-02-21,13,27,38,54
Gulf of Guinea,2015-02-22,13,25,38,54
Gulf of Guinea,2015-02-23,13,24,38,54
Gulf of Guinea,2015-02-24,13,24,38,54
Gulf of Guinea,2015-02-25,13,24,38,54
Gulf of Guinea,2015-02-26,13,24,38,53
Gulf of Guinea,2015-02-27,13,24,37,51
Gulf of Guinea,2015-02-28,12,24,37,50
Gulf of Guinea,2015-03-01,12,24,36,49
Gulf of Guinea,2015-03-02,12,24,35,49
Gulf of Guinea,2015-03-03,13,25,36,50
Gulf of Guinea,2015-03-04,13,25,36,50
Gulf of Guinea,2015-03-05,13,25,36,50
Gulf of Guinea,2015-03-06,13,25,36,50
Gulf of Guinea,2015-03-07,13,25,35,48
Gulf of Guinea,2015-03-08,13,25,35,48
Gulf of Guinea,2015-03-09,12,25,35,48
Gulf of Guinea,2015-03-10,13,26,36,49
Gulf of Guinea,2015-03-11,13,26,36,49
Gulf of Guinea,2015-03-12,14,27,37,50
Gulf of Guinea,2015-03-13,14,27,37,50
Gulf of Guinea,2015-03-14,14,27,37,50
Gulf of Guinea,2015-03-15,14,27,37,49
Gulf of Guinea,2015-03-16,14,27,37,49
Gulf of Guinea,2015-03-17,14,27,37,48
Gulf of Guinea,2015-03-18,14,27,37,48
Gulf of Guinea,2015-03-19,14,28,38,49
Gulf of Guinea,2015-03-20,14,28,38,49
Gulf of Guinea,2015-03-21,15,29,39,50
Gulf of Guinea,2015-03-22,15,29,39,50
Gulf of Guinea,2015-03-23,15,29,39,50
Gulf of Guinea,2015-03-24,15,29,39,50
Gulf of Guinea,2015-03-25,16,30,40,51
Gulf of Guinea,2015-03-26,16,30,40,51
Gulf of Guinea,2015-03-27,15,30,39,51
Gulf of Guinea,2015-03-28,15,30,39,51
Gulf of Guinea,2015-03-29,15,30,39,51
Gulf of Guinea,2015-03-30,15,30,39,51
Gulf of Guinea,2015-03-31,15,30,39,51
Gulf of Guinea,2015-04-01,15,30,39,51
Gulf of Guinea,2015-04-02,15,30,39,51
Gulf of Guinea,2015-04-03,15,30,39,51
Gulf of Guinea,2015-04-04,15,30,39,51
Gulf of Guinea,2015-04-05,14,30,39,51
Gulf of Guinea,2015-04-06,14,30,39,51
Gulf of Guinea,2015-04-07,14,30,39,51
Gulf of Guinea,2015-04-08,14,30,39,51
Gulf of Guinea,2015-04-09,15,30,40,52
Gulf of Guinea,2015-04-10,16,31,41,53
Gulf of Guinea,2015-04-11,17,31,42,54
Gulf of Guinea,2015-04-12,17,31,42,54
Gulf of Guinea,2015-04-13,17,31,42,54
Gulf of Guinea,2015-04-14,16,31,42,54
Gulf of Guinea,2015-04-15,16,31,42,53
Gulf of Guinea,2015-04-16,16,31,41,52
Gulf of Guinea,2015-04-17,16,31,41,52
Gulf of Guinea,2015-04-18,15,31,41,51
Gulf of Guinea,2015-04-19,15,31,40,51
Gulf of Guinea,2015-04-20,14,31,40,51
Gulf of Guinea,2015-04-21,14,31,38,51
Gulf of Guinea,2015-04-22,14,31,38,51
Gulf of Guinea,2015-04-23,13,30,38,51
Gulf of Guinea,2015-04-24,14,31,39,51
Gulf of Guinea,2015-04-25,14,31,39,51
Gulf of Guinea,2015-04-26,14,31,39,51
Gulf of Guinea,2015-04-27,14,31,39,51
Gulf of Guinea,2015-04-28,14,31,39,51
Gulf of Guinea,2015-04-29,14,31,39,50
Gulf of Guinea,2015-04-30,13,31,39,50
Gulf of Guinea,2015-05-01,13,31,39,50
Gulf of Guinea,2015-05-02,12,31,39,50
Gulf of Guinea,2015-05-03,12,29,39,50
Gulf of Guinea,2015-05-04,11,28,39,50
Gulf of Guinea,2015-05-05,11,27,39,50
Gulf of Guinea,2015-05-06,10,27,38,50
Gulf of Guinea,2015-05-07,10,26,38,50
Gulf of Guinea,2015-05-08,10,26,38,49
Gulf of Guinea,2015-05-09,10,26,38,49
Gulf of Guinea,2015-05-10,10,26,38,49
Gulf of Guinea,2015-05-11,10,25,38,49
Gulf of Guinea,2015-05-12,10,25,38,49
Gulf of Guinea,2015-05-13,10,25,38,49
Gulf of Guinea,2015-05-14,11,26,39,50
Gulf of Guinea,2015-05-15,11,25,39,50
Gulf of Guinea,2015-05-16,11,25,39,49
Gulf of Guinea,2015-05-17,11,25,38,49
Gulf of Guinea,2015-05-18,11,25,38,49
Gulf of Guinea,2015-05-19,11,25,38,49
Gulf of Guinea,2015-05-20,11,24,38,49
Gulf of Guinea,2015-05-21,11,24,38,49
Gulf of Guinea,2015-05-22,12,25,39,50
Gulf of Guinea,2015-05-23,12,25,37,50
Gulf of Guinea,2015-05-24,12,25,36,50
Gulf of Guinea,2015-05-25,12,25,36,50
Gulf of Guinea,2015-05-26,13,26,37,51
Gulf of Guinea,2015-05-27,13,26,37,51
Gulf of Guinea,2015-05-28,13,26,37,50
Gulf of Guinea,2015-05-29,13,25,37,50
Gulf of Guinea,2015-05-30,13,25,37,49
Gulf of Guinea,2015-05-31,13,25,37,48
Gulf of Guinea,2015-06-01,12,25,37,48
Gulf of Guinea,2015-06-02,13,26,38,49
Gulf of Guinea,2015-06-03,13,26,38,49
Gulf of Guinea,2015-06-04,13,26,38,49
Gulf of Guinea,2015-06-05,13,26,38,48
Gulf of Guinea,2015-06-06,13,26,38,48
Gulf of Guinea,2015-06-07,13,25,38,48
Gulf of Guinea,2015-06-08,12,25,38,48
Gulf of Guinea,2015-06-09,12,25,38,48
Gulf of Guinea,2015-06-10,11,25,38,48
Gulf of Guinea,2015-06-11,11,25,38,48
Gulf of Guinea,2015-06-12,11,25,38,48
Gulf of Guinea,2015-06-13,11,25,38,48
Gulf of Guinea,2015-06-14,11,25,38,48
Gulf of Guinea,2015-06-15,11,25,38,48
Gulf of Guinea,2015-06-16,11,25,38,48
Gulf of Guinea,2015-06-17,10,24,38,48
Gulf of Guinea,2015-06-18,10,24,38,48
Gulf of Guinea,2015-06-19,9,24,38,48
Gulf of Guinea,2015-06-20,9,24,38,48
Gulf of Guinea,2015-06-21,9,24,38,48
Gulf of Guinea,2015-06-22,9,24,38,48
Gulf of Guinea,2015-06-23,8,24,38,48
Gulf of Guinea,2015-06-24,8,24,38,48
Gulf of Guinea,2015-06-25,8,23,38,47
Gulf of Guinea,2015-06-26,9,24,39,48
Gulf of Guinea,2015-06-27,9,24,39,48
Gulf of Guinea,2015-06-28,9,24,39,48
Gulf of Guinea,2015-06-29,9,24,39,48
Gulf of Guinea,2015-06-30,9,24,39,48
Gulf of Guinea,2015-07-01,9,24,39,48
Gulf of Guinea,2015-07-02,9,24,39,48
Gulf of Guinea,2015-07-03,9,24,39,48
Gulf of Guinea,2015-07-04,9,23,39,48
Gulf of Guinea,2015-07-05,9,23,39,48
Gulf of Guinea,2015-07-06,9,23,39,48
Gulf of Guinea,2015-07-07,9,23,39,48
Gulf of Guinea,2015-07-08,8,23,38,48
Gulf of Guinea,2015-07-09,7,23,38,48
Gulf of Guinea,2015-07-10,6,23,37,48
Gulf of Guinea,2015-07-11,6,23,37,48
Gulf of Guinea,2015-07-12,6,23,37,48
Gulf of Guinea,2015-07-13,6,22,37,48
Gulf of Guinea,2015-07-14,7,23,38,49
Gulf of Guinea,2015-07-15,7,23,38,48
Gulf of Guinea,2015-07-16,7,23,38,48
Gulf of Guinea,2015-07-17,7,22,38,48
Gulf of Guinea,2015-07-18,7,22,38,47
Gulf of Guinea,2015-07-19,7,21,38,47
Gulf of Guinea,2015-07-20,7,21,38,45
Gulf of Guinea,2015-07-21,7,21,38,45
Gulf of Guinea,2015-07-22,7,20,37,45
Gulf of Guinea,2015-07-23,6,20,37,45
Gulf of Guinea,2015-07-24,6,20,37,45
Gulf of Guinea,2015-07-25,6,20,37,45
Gulf of Guinea,2015-07-26,6,20,37,45
Gulf of Guinea,2015-07-27,6,20,37,45
Gulf of Guinea,2015-07-28,6,20,37,45
Gulf of Guinea,2015-07-29,6,19,37,45
Gulf of Guinea,2015-07-30,6,19,37,45
Gulf of Guinea,2015-07-31,6,18,37,45
Gulf of Guinea,2015-08-01,6,18,35,45
Gulf of Guinea,2015-08-02,6,17,34,45
Gulf of Guinea,2015-08-03,6,17,33,45
Gulf of Guinea,2015-08-04,6,16,33,44
Gulf of Guinea,2015-08-05,6,16,32,44
Gulf of Guinea,2015-08-06,6,16,32,44
Gulf of Guinea,2015-08-07,6,16,32,44
Gulf of Guinea,2015-08-08,6,16,32,44
Gulf of Guinea,2015-08-09,6,16,31,44
Gulf of Guinea,2015-08-10,6,16,31,44
Gulf of Guinea,2015-08-11,6,16,31,44
Gulf of Guinea,2015-08-12,5,16,31,44
Gulf of Guinea,2015-08-13,5,16,30,44
Gulf of Guinea,2015-08-14,5,16,30,44
Gulf of Guinea,2015-08-15,5,16,30,43
Gulf of Guinea,2015-08-16,5,16,30,43
Gulf of Guinea,2015-08-17,5,16,30,43
Gulf of Guinea,2015-08-18,5,16,29,43
Gulf of Guinea,2015-08-19,5,16,29,43
Gulf of Guinea,2015-08-20,4,16,29,43
Gulf of Guinea,2015-08-21,4,16,29,41
Gulf of Guinea,2015-08-22,4,16,29,40
Gulf of Guinea,2015-08-23,4,16,29,40
Gulf of Guinea,2015-08-24,3,16,29,40
Gulf of Guinea,2015-08-25,3,16,29,40
Gulf of Guinea,2015-08-26,3,16,29,40
Gulf of Guinea,2015-08-27,3,16,28,40
Gulf of Guinea,2015-08-28,3,16,28,40
Gulf of Guinea,2015-08-29,3,16,28,40
Gulf of Guinea,2015-08-30,3,15,28,40
Gulf of Guinea,2015-08-31,2,15,28,40
Gulf of Guinea,2015-09-01,2,15,28,40
Gulf of Guinea,2015-09-02,2,15,28,40
Gulf of Guinea,2015-09-03,2,15,28,40
Gulf of Guinea,2015-09-04,2,15,28,40
Gulf of Guinea,2015-09-05,2,15,27,40
Gulf of Guinea,2015-09-06,2,14,27,40
Gulf of Guinea,2015-09-07,2,14,27,40
Gulf of Guinea,2015-09-08,2,13,27,40
Gulf of Guinea,2015-09-09,2,13,27,40
Gulf of Guinea,2015-09-10,2,13,27,40
Gulf of Guinea,2015-09-11,2,13,27,40
Gulf of Guinea,2015-09-12,2,13,27,40
Gulf of Guinea,2015-09-13,2,13,27,40
Gulf of Guinea,2015-09-14,2,13,27,40
Gulf of Guinea,2015-09-15,2,12,26,40
Gulf of Guinea,2015-09-16,2,12,26,40
Gulf of Guinea,2015-09-17,3,12,27,41
Gulf of Guinea,2015-09-18,3,12,27,41
Gulf of Guinea,2015-09-19,3,12,27,41
Gulf of Guinea,2015-09-20,3,12,27,41
Gulf of Guinea,2015-09-21,3,11,27,41
Gulf of Guinea,2015-09-22,4,12,28,42
Gulf of Guinea,2015-09-23,4,12,27,42
Gulf of Guinea,2015-09-24,3,12,27,42
Gulf of Guinea,2015-09-25,3,12,27,42
Gulf of Guinea,2015-09-26,3,12,27,42
Gulf of Guinea,2015-09-27,3,12,27,42
Gulf of Guinea,2015-09-28,3,12,27,42
Gulf of Guinea,2015-09-29,3,12,27,42
Gulf of Guinea,2015-09-30,3,12,27,42
Gulf of Guinea,2015-10-01,3,12,27,42
Gulf of Guinea,2015-10-02,3,12,26,42
Gulf of Guinea,2015-10-03,3,12,26,42
Gulf of Guinea,2015-10-04,3,12,26,42
Gulf of Guinea,2015-10-05,3,12,26,42
Gulf of Guinea,2015-10-06,3,11,26,41
Gulf of Guinea,2015-10-07,3,10,26,41
Gulf of Guinea,2015-10-08,4,10,27,41
Gulf of Guinea,2015-10-09,4,10,27,41
Gulf of Guinea,2015-10-10,4,10,27,41
Gulf of Guinea,2015-10-11,4,10,26,41
Gulf of Guinea,2015-10-12,3,10,26,41
Gulf of Guinea,2015-10-13,3,10,26,41
Gulf of Guinea,2015-10-14,3,10,26,41
Gulf of Guinea,2015-10-15,3,10,25,41
Gulf of Guinea,2015-10-16,3,10,25,41
Gulf of Guinea,2015-10-17,3,10,24,41
Gulf of Guinea,2015-10-18,4,11,25,42
Gulf of Guinea,2015-10-19,5,12,26,43
Gulf of Guinea,2015-10-20,5,12,25,42
Gulf of Guinea,2015-10-21,5,11,25,42
Gulf of Guinea,2015-10-22,5,11,25,42
Gulf of Guinea,2015-10-23,5,11,25,42
Gulf of Guinea,2015-10-24,5,11,25,42
Gulf of Guinea,2015-10-25,6,12,26,43
Gulf of Guinea,2015-10-26,6,12,26,43
Gulf of Guinea,2015-10-27,6,12,25,43
Gulf of Guinea,2015-10-28,6,12,25,43
Gulf of Guinea,2015-10-29,6,12,24,43
Gulf of Guinea,2015-10-30,6,12,24,41
Gulf of Guinea,2015-10-31,6,12,23,40
Gulf of Guinea,2015-11-01,6,12,23,39
Gulf of Guinea,2015-11-02,6,12,22,39
Gulf of Guinea,2015-11-03,6,12,22,38
Gulf of Guinea,2015-11-04,6,12,22,38
Gulf of Guinea,2015-11-05,6,12,22,38
Gulf of Guinea,2015-11-06,6,12,22,38
Gulf of Guinea,2015-11-07,6,12,22,37
Gulf of Guinea,2015-11-08,6,12,22,37
Gulf of Guinea,2015-11-09,6,12,22,37
Gulf of Guinea,2015-11-10,6,11,22,37
Gulf of Guinea,2015-11-11,6,11,22,36
Gulf of Guinea,2015-11-12,6,11,22,36
Gulf of Guinea,2015-11-13,6,11,22,36
Gulf of Guinea,2015-11-14,6,11,22,36
Gulf of Guinea,2015-11-15,7,12,23,37
Gulf of Guinea,2015-11-16,7,12,23,36
Gulf of Guinea,2015-11-17,7,12,23,36
Gulf of Guinea,2015-11-18,7,11,23,36
Gulf of Guinea,2015-11-19,7,11,23,36
Gulf of Guinea,2015-11-20,7,11,23,36
Gulf of Guinea,2015-11-21,7,11,23,36
Gulf of Guinea,2015-11-22,7,10,23,36
Gulf of Guinea,2015-11-23,7,10,23,36
Gulf of Guinea,2015-11-24,7,10,23,36
Gulf of Guinea,2015-11-25,7,10,23,35
Gulf of Guinea,2015-11-26,8,11,24,36
Gulf of Guinea,2015-11-27,8,11,24,36
Gulf of Guinea,2015-11-28,8,11,23,36
Gulf of Guinea,2015-11-29,8,10,23,36
Gulf of Guinea,2015-11-30,8,10,23,36
Gulf of Guinea,2015-12-01,8,10,23,36
Gulf of Guinea,2015-12-02,8,10,23,36
Gulf of Guinea,2015-12-03,8,10,23,36
Gulf of Guinea,2015-12-04,8,10,23,35
Gulf of Guinea,2015-12-05,8,10,22,35
Gulf of Guinea,2015-12-06,8,10,22,35
Gulf of Guinea,2015-12-07,8,10,21,35
Gulf of Guinea,2015-12-08,8,10,21,35
Gulf of Guinea,2015-12-09,8,10,21,35
Gulf of Guinea,2015-12-10,8,10,21,35
Gulf of Guinea,2015-12-11,8,10,21,35
Gulf of Guinea,2015-12-12,8,10,21,35
Gulf of Guinea,2015-12-13,8,10,21,35
Gulf of Guinea,2015-12-14,8,10,20,34
Gulf of Guinea,2015-12-15,8,10,20,34
Gulf of Guinea,2015-12-16,7,10,19,34
Gulf of Guinea,2015-12-17,7,10,19,34
Gulf of Guinea,2015-12-18,7,10,19,34
Gulf of Guinea,2015-12-19,7,10,19,34
Gulf of Guinea,2015-12-20,7,10,18,34
Gulf of Guinea,2015-12-21,6,10,18,34
Gulf of Guinea,2015-12-22,6,10,18,33
Gulf of Guinea,2015-12-23,6,9,18,33
Gulf of Guinea,2015-12-24,6,9,18,33
Gulf of Guinea,2015-12-25,6,9,18,33
Gulf of Guinea,2015-12-26,6,9,18,33
Gulf of Guinea,2015-12-27,7,10,19,34
Gulf of Guinea,2015-12-28,7,10,19,34
Gulf of Guinea,2015-12-29,7,10,19,34
Gulf of Guinea,2015-12-30,7,10,19,34
Gulf of Guinea,2015-12-31,7,10,19,33
Gulf of Guinea,2016-01-01,7,10,19,33
Gulf of Guinea,2016-01-02,7,10,19,33
Gulf of Guinea,2016-01-03,7,10,19,33
Gulf of Guinea,2016-01-04,7,10,18,33
Gulf of Guinea,2016-01-05,7,10,17,33
Gulf of Guinea,2016-01-06,6,10,16,33
Gulf of Guinea,2016-01-07,6,10,16,33
Gulf of Guinea,2016-01-08,6,10,16,33
Gulf of Guinea,2016-01-09,7,11,17,33
Gulf of Guinea,2016-01-10,7,10,17,33
Gulf of Guinea,2016-01-11,7,10,17,33
Gulf of Guinea,2016-01-12,8,11,18,34
Gulf of Guinea,2016-01-13,8,11,18,33
Gulf of Guinea,2016-01-14,8,11,18,33
Gulf of Guinea,2016-01-15,9,12,19,33
Gulf of Guinea,2016-01-16,8,12,19,33
Gulf of Guinea,2016-01-17,7,12,19,33
Gulf of Guinea,2016-01-18,7,12,19,32
Gulf of Guinea,2016-01-19,8,13,19,33
Gulf of Guinea,2016-01-20,9,14,20,34
Gulf of Guinea,2016-01-21,9,14,20,34
Gulf of Guinea,2016-01-22,10,15,21,35
Gulf of Guinea,2016-01-23,9,15,21,35
Gulf of Guinea,2016-01-24,9,15,21,35
Gulf of Guinea,2016-01-25,9,15,21,34
Gulf of Guinea,2016-01-26,9,15,21,34
Gulf of Guinea,2016-01-27,9,15,21,33
Gulf of Guinea,2016-01-28,10,16,22,34
Gulf of Guinea,2016-01-29,11,17,23,34
Gulf of Guinea,2016-01-30,11,17,23,34
Gulf of Guinea,2016-01-31,11,17,23,33
Gulf of Guinea,2016-02-01,11,17,23,33
Gulf of Guinea,2016-02-02,11,17,23,33
Gulf of Guinea,2016-02-03,11,17,23,33
Gulf of Guinea,2016-02-04,11,17,23,33
Gulf of Guinea,2016-02-05,13,19,25,35
Gulf of Guinea,2016-02-06,13,19,25,35
Gulf of Guinea,2016-02-07,13,19,25,35
Gulf of Guinea,2016-02-08,13,19,24,35
Gulf of Guinea,2016-02-09,13,19,24,35
Gulf of Guinea,2016-02-10,13,19,24,35
Gulf of Guinea,2016-02-11,17,23,28,39
Gulf of Guinea,2016-02-12,17,23,28,39
Gulf of Guinea,2016-02-13,16,23,28,39
Gulf of Guinea,2016-02-14,17,24,29,40
Gulf of Guinea,2016-02-15,17,24,29,40
Gulf of Guinea,2016-02-16,17,24,28,40
Gulf of Guinea,2016-02-17,17,24,28,40
Gulf of Guinea,2016-02-18,17,24,28,40
Gulf of Guinea,2016-02-19,17,24,28,40
Gulf of Guinea,2016-02-20,17,24,27,40
Gulf of Guinea,2016-02-21,17,24,27,40
Gulf of Guinea,2016-02-22,17,24,27,40
Gulf of Guinea,2016-02-23,18,25,28,41
Gulf of Guinea,2016-02-24,17,25,28,41
Gulf of Guinea,2016-02-25,17,25,28,41
Gulf of Guinea,2016-02-26,18,26,29,41
Gulf of Guinea,2016-02-27,18,26,28,41
Gulf of Guinea,2016-02-28,18,26,28,41
Gulf of Guinea,2016-02-29,18,26,28,41
Gulf of Guinea,2016-03-01,18,26,28,41
Gulf of Guinea,2016-03-02,18,26,28,41
Gulf of Guinea,2016-03-03,18,26,28,41
Gulf of Guinea,2016-03-04,18,26,28,40
Gulf of Guinea,2016-03-05,19,27,29,41
Gulf of Guinea,2016-03-06,19,27,29,40
Gulf of Guinea,2016-03-07,19,27,29,40
Gulf of Guinea,2016-03-08,19,27,29,40
Gulf of Guinea,2016-03-09,19,27,29,40
Gulf of Guinea,2016-03-10,19,27,29,40
Gulf of Guinea,2016-03-11,21,29,31,42
Gulf of Guinea,2016-03-12,21,29,31,42
Gulf of Guinea,2016-03-13,21,29,31,41
Gulf of Guinea,2016-03-14,21,29,31,41
Gulf of Guinea,2016-03-15,21,28,31,40
Gulf of Guinea,2016-03-16,21,28,31,40
Gulf of Guinea,2016-03-17,21,28,31,40
Gulf of Guinea,2016-03-18,21,28,31,40
Gulf of Guinea,2016-03-19,21,28,31,39
Gulf of Guinea,2016-03-20,21,27,31,39
Gulf of Guinea,2016-03-21,21,27,31,39
Gulf of Guinea,2016-03-22,21,27,30,39
Gulf of Guinea,2016-03-23,21,27,30,39
Gulf of Guinea,2016-03-24,21,27,30,39
Gulf of Guinea,2016-03-25,21,27,30,39
Gulf of Guinea,2016-03-26,21,28,31,40
Gulf of Guinea,2016-03-27,21,28,31,40
Gulf of Guinea,2016-03-28,21,28,31,40
Gulf of Guinea,2016-03-29,21,28,31,40
Gulf of Guinea,2016-03-30,21,28,31,40
Gulf of Guinea,2016-03-31,21,28,31,40
Gulf of Guinea,2016-04-01,22,29,32,41
Gulf of Guinea,2016-04-02,22,29,32,41
Gulf of Guinea,2016-04-03,22,29,32,40
Gulf of Guinea,2016-04-04,22,29,32,39
Gulf of Guinea,2016-04-05,22,28,32,38
Gulf of Guinea,2016-04-06,22,28,32,38
Gulf of Guinea,2016-04-07,23,29,33,39
Gulf of Guinea,2016-04-08,22,29,33,39
Gulf of Guinea,2016-04-09,22,29,32,39
Gulf of Guinea,2016-04-10,23,30,33,40
Gulf of Guinea,2016-04-11,24,32,35,42
Gulf of Guinea,2016-04-12,24,32,35,42
Gulf of Guinea,2016-04-13,24,32,35,42
Gulf of Guinea,2016-04-14,23,32,35,42
Gulf of Guinea,2016-04-15,23,31,35,42
Gulf of Guinea,2016-04-16,23,30,35,42
Gulf of Guinea,2016-04-17,23,30,35,42
Gulf of Guinea,2016-04-18,23,31,36,42
Gulf of Guinea,2016-04-19,26,35,40,46
Gulf of Guinea,2016-04-20,28,37,42,48
Gulf of Guinea,2016-04-21,27,37,42,48
Gulf of Guinea,2016-04-22,27,36,42,48
Gulf of Guinea,2016-04-23,27,36,42,48
Gulf of Guinea,2016-04-24,27,36,42,48
Gulf of Guinea,2016-04-25,27,36,42,48
Gulf of Guinea,2016-04-26,27,36,42,48
Gulf of Guinea,2016-04-27,26,36,42,48
Gulf of Guinea,2016-04-28,27,38,44,50
Gulf of Guinea,2016-04-29,27,38,44,50
Gulf of Guinea,2016-04-30,27,38,44,50
Gulf of Guinea,2016-05-01,27,38,44,50
Gulf of Guinea,2016-05-02,27,38,44,50
Gulf of Guinea,2016-05-03,27,38,44,50
Gulf of Guinea,2016-05-04,28,39,45,51
Gulf of Guinea,2016-05-05,30,43,49,55
Gulf of Guinea,2016-05-06,30,43,49,55
Gulf of Guinea,2016-05-07,31,44,50,56
Gulf of Guinea,2016-05-08,31,44,50,55
Gulf of Guinea,2016-05-09,31,44,50,55
Gulf of Guinea,2016-05-10,31,44,50,55
Gulf of Guinea,2016-05-11,29,46,52,57
Gulf of Guinea,2016-05-12,29,46,52,57
Gulf of Guinea,2016-05-13,29,45,52,57
Gulf of Guinea,2016-05-14,28,45,52,57
Gulf of Guinea,2016-05-15,28,45,52,57
Gulf of Guinea,2016-05-16,28,45,52,56
Gulf of Guinea,2016-05-17,28,45,52,56
Gulf of Guinea,2016-05-18,28,45,52,56
Gulf of Guinea,2016-05-19,28,45,52,56
Gulf of Guinea,2016-05-20,28,45,52,55
Gulf of Guinea,2016-05-21,28,45,52,55
Gulf of Guinea,2016-05-22,28,45,52,55
Gulf of Guinea,2016-05-23,27,45,52,55
Gulf of Guinea,2016-05-24,27,44,52,55
Gulf of Guinea,2016-05-25,27,44,52,55
Gulf of Guinea,2016-05-26,26,44,52,55
Gulf of Guinea,2016-05-27,26,44,52,54
Gulf of Guinea,2016-05-28,26,44,52,54
Gulf of Guinea,2016-05-29,26,44,52,54
Gulf of Guinea,2016-05-30,26,44,52,54
Gulf of Guinea,2016-05-31,26,44,52,54
Gulf of Guinea,2016-06-01,26,44,52,54
Gulf of Guinea,2016-06-02,26,44,52,54
Gulf of Guinea,2016-06-03,25,44,52,54
Gulf of Guinea,2016-06-04,25,44,52,54
Gulf of Guinea,2016-06-05,25,44,52,54
Gulf of Guinea,2016-06-06,26,45,53,55
Gulf of Guinea,2016-06-07,26,45,53,55
Gulf of Guinea,2016-06-08,26,45,53,55
Gulf of Guinea,2016-06-09,24,45,53,55
Gulf of Guinea,2016-06-10,24,45,53,55
Gulf of Guinea,2016-06-11,24,45,53,55
Gulf of Guinea,2016-06-12,24,45,53,55
Gulf of Guinea,2016-06-13,24,45,52,55
Gulf of Guinea,2016-06-14,24,45,52,55
Gulf of Guinea,2016-06-15,24,45,52,55
Gulf of Guinea,2016-06-16,24,45,52,55
Gulf of Guinea,2016-06-17,24,45,52,55
Gulf of Guinea,2016-06-18,24,45,51,55
Gulf of Guinea,2016-06-19,24,45,51,55
Gulf of Guinea,2016-06-20,24,45,51,54
Gulf of Guinea,2016-06-21,24,45,51,54
Gulf of Guinea,2016-06-22,24,45,51,54
Gulf of Guinea,2016-06-23,24,45,51,54
Gulf of Guinea,2016-06-24,23,44,51,54
Gulf of Guinea,2016-06-25,23,44,51,54
Gulf of Guinea,2016-06-26,23,44,51,54
Gulf of Guinea,2016-06-27,23,44,51,54
Gulf of Guinea,2016-06-28,23,44,51,54
Gulf of Guinea,2016-06-29,23,44,51,54
Gulf of Guinea,2016-06-30,22,44,51,54
Gulf of Guinea,2016-07-01,22,44,51,54
Gulf of Guinea,2016-07-02,22,44,51,54
Gulf of Guinea,2016-07-03,22,44,51,54
Gulf of Guinea,2016-07-04,22,44,50,54
Gulf of Guinea,2016-07-05,22,44,50,54
Gulf of Guinea,2016-07-06,21,44,50,54
Gulf of Guinea,2016-07-07,26,48,55,59
Gulf of Guinea,2016-07-08,27,49,56,59
Gulf of Guinea,2016-07-09,26,49,56,59
Gulf of Guinea,2016-07-10,24,48,56,59
Gulf of Guinea,2016-07-11,24,48,56,59
Gulf of Guinea,2016-07-12,24,48,56,59
Gulf of Guinea,2016-07-13,24,47,56,59
Gulf of Guinea,2016-07-14,24,47,55,59
Gulf of Guinea,2016-07-15,24,47,54,59
Gulf of Guinea,2016-07-16,25,48,55,60
Gulf of Guinea,2016-07-17,24,47,55,60
Gulf of Guinea,2016-07-18,20,46,55,60
Gulf of Guinea,2016-07-19,18,46,55,60
Gulf of Guinea,2016-07-20,18,45,55,60
Gulf of Guinea,2016-07-21,18,45,54,60
Gulf of Guinea,2016-07-22,18,45,54,60
Gulf of Guinea,2016-07-23,18,45,54,60
Gulf of Guinea,2016-07-24,19,46,55,61
Gulf of Guinea,2016-07-25,19,46,55,61
Gulf of Guinea,2016-07-26,20,46,56,62
Gulf of Guinea,2016-07-27,18,45,56,62
Gulf of Guinea,2016-07-28,19,46,57,63
Gulf of Guinea,2016-07-29,19,46,57,63
Gulf of Guinea,2016-07-30,19,46,57,63
Gulf of Guinea,2016-07-31,19,46,57,63
Gulf of Guinea,2016-08-01,19,46,57,63
Gulf of Guinea,2016-08-02,18,46,57,63
Gulf of Guinea,2016-08-03,14,44,57,63
Gulf of Guinea,2016-08-04,14,44,57,63
Gulf of Guinea,2016-08-05,14,45,58,64
Gulf of Guinea,2016-08-06,14,45,58,64
Gulf of Guinea,2016-08-07,14,45,58,64
Gulf of Guinea,2016-08-08,14,45,58,64
Gulf of Guinea,2016-08-09,12,41,58,64
Gulf of Guinea,2016-08-10,12,41,58,64
Gulf of Guinea,2016-08-11,12,41,57,64
Gulf of Guinea,2016-08-12,12,40,57,64
Gulf of Guinea,2016-08-13,13,41,58,65
Gulf of Guinea,2016-08-14,13,41,58,65
Gulf of Guinea,2016-08-15,13,41,58,65
Gulf of Guinea,2016-08-16,13,41,58,65
Gulf of Guinea,2016-08-17,14,42,59,66
Gulf of Guinea,2016-08-18,15,43,60,67
Gulf of Guinea,2016-08-19,16,44,61,68
Gulf of Guinea,2016-08-20,16,44,61,68
Gulf of Guinea,2016-08-21,16,43,61,68
Gulf of Guinea,2016-08-22,16,43,60,68
Gulf of Guinea,2016-08-23,16,43,60,68
Gulf of Guinea,2016-08-24,16,42,60,68
Gulf of Guinea,2016-08-25,16,42,60,68
Gulf of Guinea,2016-08-26,16,42,60,68
Gulf of Guinea,2016-08-27,16,42,60,68
Gulf of Guinea,2016-08-28,16,42,60,68
Gulf of Guinea,2016-08-29,16,42,60,68
Gulf of Guinea,2016-08-30,16,42,60,68
Gulf of Guinea,2016-08-31,16,42,60,68
Gulf of Guinea,2016-09-01,16,41,60,68
Gulf of Guinea,2016-09-02,16,41,60,68
Gulf of Guinea,2016-09-03,16,41,60,68
Gulf of Guinea,2016-09-04,15,41,60,68
Gulf of Guinea,2016-09-05,15,41,60,68
Gulf of Guinea,2016-09-06,15,41,60,68
Gulf of Guinea,2016-09-07,15,39,60,68
Gulf of Guinea,2016-09-08,15,39,60,68
Gulf of Guinea,2016-09-09,15,39,60,68
Gulf of Guinea,2016-09-10,15,39,60,68
Gulf of Guinea,2016-09-11,15,39,60,67
Gulf of Guinea,2016-09-12,15,39,60,67
Gulf of Guinea,2016-09-13,15,39,60,67
Gulf of Guinea,2016-09-14,15,39,60,67
Gulf of Guinea,2016-09-15,15,39,60,67
Gulf of Guinea,2016-09-16,16,40,61,67
Gulf of Guinea,2016-09-17,16,40,61,67
Gulf of Guinea,2016-09-18,16,40,61,67
Gulf of Guinea,2016-09-19,16,40,61,67
Gulf of Guinea,2016-09-20,16,40,61,67
Gulf of Guinea,2016-09-21,16,40,61,67
Gulf of Guinea,2016-09-22,16,39,60,67
Gulf of Guinea,2016-09-23,16,39,60,67
Gulf of Guinea,2016-09-24,16,39,60,67
Gulf of Guinea,2016-09-25,16,39,60,67
Gulf of Guinea,2016-09-26,16,39,60,67
Gulf of Guinea,2016-09-27,16,39,60,67
Gulf of Guinea,2016-09-28,16,38,60,67
Gulf of Guinea,2016-09-29,16,38,60,67
Gulf of Guinea,2016-09-30,16,38,60,67
Gulf of Guinea,2016-10-01,16,38,60,67
Gulf of Guinea,2016-10-02,16,38,60,66
Gulf of Guinea,2016-10-03,16,38,60,66
Gulf of Guinea,2016-10-04,16,37,60,66
Gulf of Guinea,2016-10-05,11,37,59,66
Gulf of Guinea,2016-10-06,10,37,59,66
Gulf of Guinea,2016-10-07,11,37,60,67
Gulf of Guinea,2016-10-08,11,35,59,67
Gulf of Guinea,2016-10-09,11,35,59,67
Gulf of Guinea,2016-10-10,11,35,59,67
Gulf of Guinea,2016-10-11,11,35,58,67
Gulf of Guinea,2016-10-12,11,35,58,66
Gulf of Guinea,2016-10-13,11,35,58,65
Gulf of Guinea,2016-10-14,10,35,58,65
Gulf of Guinea,2016-10-15,10,34,57,65
Gulf of Guinea,2016-10-16,10,30,56,65
Gulf of Guinea,2016-10-17,11,29,57,66
Gulf of Guinea,2016-10-18,11,29,56,66
Gulf of Guinea,2016-10-19,11,29,56,65
Gulf of Guinea,2016-10-20,11,29,56,65
Gulf of Guinea,2016-10-21,11,29,56,65
Gulf of Guinea,2016-10-22,10,29,56,65
Gulf of Guinea,2016-10-23,10,29,56,65
Gulf of Guinea,2016-10-24,9,29,55,65
Gulf of Guinea,2016-10-25,10,28,55,66
Gulf of Guinea,2016-10-26,9,28,55,66
Gulf of Guinea,2016-10-27,9,28,55,66
Gulf of Guinea,2016-10-28,9,28,55,66
Gulf of Guinea,2016-10-29,9,28,55,66
Gulf of Guinea,2016-10-30,9,28,55,66
Gulf of Guinea,2016-10-31,9,27,55,66
Gulf of Guinea,2016-11-01,9,23,53,66
Gulf of Guinea,2016-11-02,9,23,53,66
Gulf of Guinea,2016-11-03,9,23,54,67
Gulf of Guinea,2016-11-04,9,23,54,67
Gulf of Guinea,2016-11-05,10,24,55,68
Gulf of Guinea,2016-11-06,10,24,55,68
Gulf of Guinea,2016-11-07,10,22,51,68
Gulf of Guinea,2016-11-08,10,22,51,68
Gulf of Guinea,2016-11-09,10,22,51,67
Gulf of Guinea,2016-11-10,10,22,50,67
Gulf of Guinea,2016-11-11,9,22,50,67
Gulf of Guinea,2016-11-12,9,22,50,67
Gulf of Guinea,2016-11-13,9,22,50,67
Gulf of Guinea,2016-11-14,9,22,50,67
Gulf of Guinea,2016-11-15,8,22,50,67
Gulf of Guinea,2016-11-16,7,22,50,67
Gulf of Guinea,2016-11-17,6,22,50,67
Gulf of Guinea,2016-11-18,6,22,50,67
Gulf of Guinea,2016-11-19,6,22,49,67
Gulf of Guinea,2016-11-20,7,23,50,67
Gulf of Guinea,2016-11-21,7,23,50,67
Gulf of Guinea,2016-11-22,7,23,49,67
Gulf of Guinea,2016-11-23,8,24,50,68
Gulf of Guinea,2016-11-24,8,24,50,68
Gulf of Guinea,2016-11-25,8,24,50,68
Gulf of Guinea,2016-11-26,8,24,50,68
Gulf of Guinea,2016-11-27,9,25,51,69
Gulf of Guinea,2016-11-28,9,25,51,69
Gulf of Guinea,2016-11-29,11,27,53,71
Gulf of Guinea,2016-11-30,11,27,52,71
Gulf of Guinea,2016-12-01,11,27,52,71
Gulf of Guinea,2016-12-02,11,27,52,71
Gulf of Guinea,2016-12-03,11,26,52,71
Gulf of Guinea,2016-12-04,11,26,52,71
Gulf of Guinea,2016-12-05,11,26,52,71
Gulf of Guinea,2016-12-06,11,26,50,71
Gulf of Guinea,2016-12-07,11,26,50,71
Gulf of Guinea,2016-12-08,11,26,50,71
Gulf of Guinea,2016-12-09,11,26,50,71
Gulf of Guinea,2016-12-10,12,27,51,72
Gulf of Guinea,2016-12-11,12,27,51,72
Gulf of Guinea,2016-12-12,13,28,52,73
Gulf of Guinea,2016-12-13,14,29,53,74
Gulf of Guinea,2016-12-14,14,29,53,74
Gulf of Guinea,2016-12-15,14,30,54,75
Gulf of Guinea,2016-12-16,14,30,54,75
Gulf of Guinea,2016-12-17,14,30,54,75
Gulf of Guinea,2016-12-18,14,30,54,75
Gulf of Guinea,2016-12-19,14,30,54,75
Gulf of Guinea,2016-12-20,14,30,54,75
Gulf of Guinea,2016-12-21,14,30,53,74
Gulf of Guinea,2016-12-22,14,30,53,74
Gulf of Guinea,2016-12-23,14,30,53,74
Gulf of Guinea,2016-12-24,14,30,53,74
Gulf of Guinea,2016-12-25,14,30,53,74
Gulf of Guinea,2016-12-26,14,30,53,74
Gulf of Guinea,2016-12-27,14,30,52,74
Gulf of Guinea,2016-12-28,14,30,52,74
Gulf of Guinea,2016-12-29,14,30,52,74
Gulf of Guinea,2016-12-30,14,30,52,74
Gulf of Guinea,2016-12-31,14,30,52,74
Gulf of Guinea,2017-01-01,14,30,52,74
Gulf of Guinea,2017-01-02,14,30,51,74
Gulf of Guinea,2017-01-03,14,25,51,73
Gulf of Guinea,2017-01-04,14,24,51,73
Gulf of Guinea,2017-01-05,13,24,50,73
Gulf of Guinea,2017-01-06,13,24,48,72
Gulf of Guinea,2017-01-07,13,24,48,72
Gulf of Guinea,2017-01-08,13,24,48,72
Gulf of Guinea,2017-01-09,13,24,48,71
Gulf of Guinea,2017-01-10,13,24,48,71
Gulf of Guinea,2017-01-11,13,24,48,71
Gulf of Guinea,2017-01-12,13,23,48,71
Gulf of Guinea,2017-01-13,13,23,47,70
Gulf of Guinea,2017-01-14,13,23,43,69
Gulf of Guinea,2017-01-15,12,23,41,69
Gulf of Guinea,2017-01-16,12,23,41,68
Gulf of Guinea,2017-01-17,12,23,41,68
Gulf of Guinea,2017-01-18,12,23,41,68
Gulf of Guinea,2017-01-19,12,23,41,68
Gulf of Guinea,2017-01-20,12,22,41,68
Gulf of Guinea,2017-01-21,12,22,41,68
Gulf of Guinea,2017-01-22,12,21,41,67
Gulf of Guinea,2017-01-23,11,21,39,66
Gulf of Guinea,2017-01-24,11,20,39,66
Gulf of Guinea,2017-01-25,11,20,39,66
Gulf of Guinea,2017-01-26,11,20,39,66
Gulf of Guinea,2017-01-27,11,20,39,66
Gulf of Guinea,2017-01-28,11,20,39,66
Gulf of Guinea,2017-01-29,11,20,38,66
Gulf of Guinea,2017-01-30,11,20,34,64
Gulf of Guinea,2017-01-31,11,20,34,64
Gulf of Guinea,2017-02-01,10,19,33,64
Gulf of Guinea,2017-02-02,10,19,33,64
Gulf of Guinea,2017-02-03,9,19,33,64
Gulf of Guinea,2017-02-04,9,19,33,64
Gulf of Guinea,2017-02-05,10,20,32,61
Gulf of Guinea,2017-02-06,10,20,32,61
Gulf of Guinea,2017-02-07,12,22,34,63
Gulf of Guinea,2017-02-08,12,22,34,62
Gulf of Guinea,2017-02-09,12,21,34,62
Gulf of Guinea,2017-02-10,12,21,34,62
Gulf of Guinea,2017-02-11,12,21,34,62
Gulf of Guinea,2017-02-12,12,21,34,62
Gulf of Guinea,2017-02-13,12,20,34,62
Gulf of Guinea,2017-02-14,12,19,34,62
Gulf of Guinea,2017-02-15,12,18,34,62
Gulf of Guinea,2017-02-16,12,18,34,62
Gulf of Guinea,2017-02-17,12,18,34,61
Gulf of Guinea,2017-02-18,11,18,34,61
Gulf of Guinea,2017-02-19,12,19,35,62
Gulf of Guinea,2017-02-20,12,19,35,61
Gulf of Guinea,2017-02-21,11,19,35,61
Gulf of Guinea,2017-02-22,11,19,35,61
Gulf of Guinea,2017-02-23,11,19,35,61
Gulf of Guinea,2017-02-24,11,19,35,61
Gulf of Guinea,2017-02-25,10,19,35,61
Gulf of Guinea,2017-02-26,10,19,35,61
Gulf of Guinea,2017-02-27,8,19,35,61
Gulf of Guinea,2017-02-28,8,19,35,60
Gulf of Guinea,2017-03-01,8,19,35,60
Gulf of Guinea,2017-03-02,9,20,36,61
Gulf of Guinea,2017-03-03,9,20,35,61
Gulf of Guinea,2017-03-04,9,20,35,61
Gulf of Guinea,2017-03-05,9,20,35,61
Gulf of Guinea,2017-03-06,9,20,35,59
Gulf of Guinea,2017-03-07,10,21,36,60
Gulf of Guinea,2017-03-08,13,24,39,63
Gulf of Guinea,2017-03-09,13,24,39,63
Gulf of Guinea,2017-03-10,14,26,41,65
Gulf of Guinea,2017-03-11,14,26,41,65
Gulf of Guinea,2017-03-12,13,26,41,65
Gulf of Guinea,2017-03-13,12,26,41,65
Gulf of Guinea,2017-03-14,12,26,41,65
Gulf of Guinea,2017-03-15,11,25,41,65
Gulf of Guinea,2017-03-16,11,25,41,65
Gulf of Guinea,2017-03-17,11,25,41,65
Gulf of Guinea,2017-03-18,11,25,41,65
Gulf of Guinea,2017-03-19,11,25,41,65
Gulf of Guinea,2017-03-20,11,25,41,65
Gulf of Guinea,2017-03-21,11,25,41,64
Gulf of Guinea,2017-03-22,11,25,41,64
Gulf of Guinea,2017-03-23,11,25,41,64
Gulf of Guinea,2017-03-24,11,25,41,64
Gulf of Guinea,2017-03-25,11,25,41,64
Gulf of Guinea,2017-03-26,11,25,41,64
Gulf of Guinea,2017-03-27,11,25,41,63
Gulf of Guinea,2017-03-28,11,25,41,63
Gulf of Guinea,2017-03-29,14,28,44,66
Gulf of Guinea,2017-03-30,15,29,45,67
Gulf of Guinea,2017-03-31,15,29,45,67
Gulf of Guinea,2017-04-01,15,29,45,67
Gulf of Guinea,2017-04-02,15,29,45,66
Gulf of Guinea,2017-04-03,15,29,40,66
Gulf of Guinea,2017-04-04,15,29,39,66
Gulf of Guinea,2017-04-05,15,28,39,65
Gulf of Guinea,2017-04-06,15,28,39,63
Gulf of Guinea,2017-04-07,15,28,39,63
Gulf of Guinea,2017-04-08,15,28,39,63
Gulf of Guinea,2017-04-09,15,28,39,63
Gulf of Guinea,2017-04-10,15,28,39,63
Gulf of Guinea,2017-04-11,15,28,39,63
Gulf of Guinea,2017-04-12,15,28,38,63
Gulf of Guinea,2017-04-13,15,28,38,62
Gulf of Guinea,2017-04-14,15,28,38,58
Gulf of Guinea,2017-04-15,15,27,38,56
Gulf of Guinea,2017-04-16,15,27,38,56
Gulf of Guinea,2017-04-17,15,27,38,56
Gulf of Guinea,2017-04-18,15,27,38,56
Gulf of Guinea,2017-04-19,18,30,41,59
Gulf of Guinea,2017-04-20,18,30,40,59
Gulf of Guinea,2017-04-21,18,30,40,59
Gulf of Guinea,2017-04-22,18,30,39,59
Gulf of Guinea,2017-04-23,18,29,39,57
Gulf of Guinea,2017-04-24,18,29,38,57
Gulf of Guinea,2017-04-25,18,29,38,57
Gulf of Guinea,2017-04-26,18,29,38,57
Gulf of Guinea,2017-04-27,18,29,38,57
Gulf of Guinea,2017-04-28,19,30,39,58
Gulf of Guinea,2017-04-29,23,34,43,61
Gulf of Guinea,2017-04-30,23,34,43,57
Gulf of Guinea,2017-05-01,23,34,43,57
Gulf of Guinea,2017-05-02,23,33,42,56
Gulf of Guinea,2017-05-03,23,33,42,56
Gulf of Guinea,2017-05-04,23,32,42,56
Gulf of Guinea,2017-05-05,23,32,42,56
Gulf of Guinea,2017-05-06,23,33,43,55
Gulf of Guinea,2017-05-07,23,33,43,55
Gulf of Guinea,2017-05-08,21,33,43,55
Gulf of Guinea,2017-05-09,21,33,43,55
Gulf of Guinea,2017-05-10,21,33,42,55
Gulf of Guinea,2017-05-11,21,33,42,55
Gulf of Guinea,2017-05-12,22,34,43,56
Gulf of Guinea,2017-05-13,22,34,43,56
Gulf of Guinea,2017-05-14,22,34,42,56
Gulf of Guinea,2017-05-15,22,34,41,56
Gulf of Guinea,2017-05-16,23,35,41,57
Gulf of Guinea,2017-05-17,24,36,42,58
Gulf of Guinea,2017-05-18,24,36,42,58
Gulf of Guinea,2017-05-19,24,35,42,58
Gulf of Guinea,2017-05-20,23,35,42,58
Gulf of Guinea,2017-05-21,23,35,42,58
Gulf of Guinea,2017-05-22,23,34,42,58
Gulf of Guinea,2017-05-23,23,34,42,58
Gulf of Guinea,2017-05-24,23,34,42,58
Gulf of Guinea,2017-05-25,23,34,42,58
Gulf of Guinea,2017-05-26,23,33,42,58
Gulf of Guinea,2017-05-27,23,33,42,58
Gulf of Guinea,2017-05-28,23,31,42,58
Gulf of Guinea,2017-05-29,23,31,42,58
Gulf of Guinea,2017-05-30,23,31,42,58
Gulf of Guinea,2017-05-31,22,31,42,58
Gulf of Guinea,2017-06-01,22,31,42,57
Gulf of Guinea,2017-06-02,22,31,42,57
Gulf of Guinea,2017-06-03,22,31,42,57
Gulf of Guinea,2017-06-04,22,31,42,57
Gulf of Guinea,2017-06-05,21,31,42,57
Gulf of Guinea,2017-06-06,18,31,42,57
Gulf of Guinea,2017-06-07,18,31,42,57
Gulf of Guinea,2017-06-08,16,30,42,57
Gulf of Guinea,2017-06-09,16,30,42,57
Gulf of Guinea,2017-06-10,16,29,42,57
Gulf of Guinea,2017-06-11,16,28,42,57
Gulf of Guinea,2017-06-12,16,28,42,57
Gulf of Guinea,2017-06-13,16,27,41,57
Gulf of Guinea,2017-06-14,16,27,41,57
Gulf of Guinea,2017-06-15,16,27,41,57
Gulf of Guinea,2017-06-16,16,27,41,57
Gulf of Guinea,2017-06-17,16,27,41,57
Gulf of Guinea,2017-06-18,16,27,41,57
Gulf of Guinea,2017-06-19,16,27,41,57
Gulf of Guinea,2017-06-20,16,27,41,57
Gulf of Guinea,2017-06-21,16,27,41,57
Gulf of Guinea,2017-06-22,16,27,41,57
Gulf of Guinea,2017-06-23,16,27,41,57
Gulf of Guinea,2017-06-24,16,27,41,57
Gulf of Guinea,2017-06-25,16,27,41,57
Gulf of Guinea,2017-06-26,16,27,41,57
Gulf of Guinea,2017-06-27,13,27,41,57
Gulf of Guinea,2017-06-28,12,27,41,57
Gulf of Guinea,2017-06-29,12,27,41,57
Gulf of Guinea,2017-06-30,12,27,41,57
Gulf of Guinea,2017-07-01,12,27,41,57
Gulf of Guinea,2017-07-02,12,27,41,52
Gulf of Guinea,2017-07-03,12,27,41,51
Gulf of Guinea,2017-07-04,12,27,40,51
Gulf of Guinea,2017-07-05,12,27,40,51
Gulf of Guinea,2017-07-06,12,27,40,51
Gulf of Guinea,2017-07-07,12,27,40,51
Gulf of Guinea,2017-07-08,12,27,40,51
Gulf of Guinea,2017-07-09,12,27,40,51
Gulf of Guinea,2017-07-10,12,27,40,51
Gulf of Guinea,2017-07-11,12,27,40,50
Gulf of Guinea,2017-07-12,12,27,40,50
Gulf of Guinea,2017-07-13,13,28,41,51
Gulf of Guinea,2017-07-14,13,28,40,51
Gulf of Guinea,2017-07-15,13,28,40,51
Gulf of Guinea,2017-07-16,13,28,40,51
Gulf of Guinea,2017-07-17,13,28,40,51
Gulf of Guinea,2017-07-18,10,28,40,51
Gulf of Guinea,2017-07-19,10,28,40,50
Gulf of Guinea,2017-07-20,10,28,40,50
Gulf of Guinea,2017-07-21,10,28,40,49
Gulf of Guinea,2017-07-22,10,28,39,49
Gulf of Guinea,2017-07-23,10,28,39,48
Gulf of Guinea,2017-07-24,10,28,39,48
Gulf of Guinea,2017-07-25,10,28,39,48
Gulf of Guinea,2017-07-26,10,28,39,48
Gulf of Guinea,2017-07-27,9,28,39,48
Gulf of Guinea,2017-07-28,5,28,39,48
Gulf of Guinea,2017-07-29,5,28,39,48
Gulf of Guinea,2017-07-30,6,29,40,49
Gulf of Guinea,2017-07-31,7,30,40,49
Gulf of Guinea,2017-08-01,7,30,40,49
Gulf of Guinea,2017-08-02,7,30,39,49
Gulf of Guinea,2017-08-03,7,30,39,49
Gulf of Guinea,2017-08-04,7,30,40,50
Gulf of Guinea,2017-08-05,7,30,40,50
Gulf of Guinea,2017-08-06,7,28,40,50
Gulf of Guinea,2017-08-07,8,29,41,51
Gulf of Guinea,2017-08-08,8,29,41,50
Gulf of Guinea,2017-08-09,8,29,41,50
Gulf of Guinea,2017-08-10,7,29,41,50
Gulf of Guinea,2017-08-11,7,29,41,50
Gulf of Guinea,2017-08-12,7,29,41,49
Gulf of Guinea,2017-08-13,7,29,41,48
Gulf of Guinea,2017-08-14,6,29,41,47
Gulf of Guinea,2017-08-15,5,29,41,47
Gulf of Guinea,2017-08-16,5,29,41,47
Gulf of Guinea,2017-08-17,5,29,40,47
Gulf of Guinea,2017-08-18,5,28,40,47
Gulf of Guinea,2017-08-19,8,31,43,50
Gulf of Guinea,2017-08-20,8,31,42,50
Gulf of Guinea,2017-08-21,8,31,42,50
Gulf of Guinea,2017-08-22,8,31,42,50
Gulf of Guinea,2017-08-23,8,31,42,50
Gulf of Guinea,2017-08-24,8,31,41,50
Gulf of Guinea,2017-08-25,8,31,41,50
Gulf of Guinea,2017-08-26,8,31,39,50
Gulf of Guinea,2017-08-27,8,31,39,50
Gulf of Guinea,2017-08-28,9,32,40,51
Gulf of Guinea,2017-08-29,9,31,40,51
Gulf of Guinea,2017-08-30,9,31,40,51
Gulf of Guinea,2017-08-31,9,31,40,51
Gulf of Guinea,2017-09-01,9,31,40,51
Gulf of Guinea,2017-09-02,9,31,40,51
Gulf of Guinea,2017-09-03,9,30,40,51
Gulf of Guinea,2017-09-04,9,27,40,51
Gulf of Guinea,2017-09-05,9,27,40,51
Gulf of Guinea,2017-09-06,9,25,39,51
Gulf of Guinea,2017-09-07,9,25,39,51
Gulf of Guinea,2017-09-08,9,25,38,51
Gulf of Guinea,2017-09-09,9,25,37,51
Gulf of Guinea,2017-09-10,9,25,37,51
Gulf of Guinea,2017-09-11,9,25,36,50
Gulf of Guinea,2017-09-12,9,25,36,50
Gulf of Guinea,2017-09-13,9,25,36,50
Gulf of Guinea,2017-09-14,10,26,37,51
Gulf of Guinea,2017-09-15,10,26,37,51
Gulf of Guinea,2017-09-16,10,26,37,51
Gulf of Guinea,2017-09-17,10,26,37,51
Gulf of Guinea,2017-09-18,11,27,38,52
Gulf of Guinea,2017-09-19,11,27,38,52
Gulf of Guinea,2017-09-20,12,28,39,53
Gulf of Guinea,2017-09-21,12,28,39,53
Gulf of Guinea,2017-09-22,12,28,39,53
Gulf of Guinea,2017-09-23,12,28,39,53
Gulf of Guinea,2017-09-24,12,28,39,53
Gulf of Guinea,2017-09-25,12,25,39,53
Gulf of Guinea,2017-09-26,13,25,40,54
Gulf of Guinea,2017-09-27,13,25,40,54
Gulf of Guinea,2017-09-28,13,25,40,54
Gulf of Guinea,2017-09-29,13,25,40,54
Gulf of Guinea,2017-09-30,13,25,40,54
Gulf of Guinea,2017-10-01,13,25,40,54
Gulf of Guinea,2017-10-02,15,27,42,55
Gulf of Guinea,2017-10-03,15,27,42,55
Gulf of Guinea,2017-10-04,15,27,42,55
Gulf of Guinea,2017-10-05,15,27,42,55
Gulf of Guinea,2017-10-06,15,27,42,55
Gulf of Guinea,2017-10-07,15,27,42,55
Gulf of Guinea,2017-10-08,15,27,42,55
Gulf of Guinea,2017-10-09,15,27,42,55
Gulf of Guinea,2017-10-10,15,27,42,55
Gulf of Guinea,2017-10-11,14,27,42,55
Gulf of Guinea,2017-10-12,14,27,42,54
Gulf of Guinea,2017-10-13,14,27,42,54
Gulf of Guinea,2017-10-14,14,27,42,54
Gulf of Guinea,2017-10-15,14,27,42,54
Gulf of Guinea,2017-10-16,14,24,42,54
Gulf of Guinea,2017-10-17,14,24,42,54
Gulf of Guinea,2017-10-18,14,24,42,54
Gulf of Guinea,2017-10-19,14,24,42,54
Gulf of Guinea,2017-10-20,16,26,44,55
Gulf of Guinea,2017-10-21,18,28,46,57
Gulf of Guinea,2017-10-22,18,28,46,57
Gulf of Guinea,2017-10-23,18,28,46,57
Gulf of Guinea,2017-10-24,18,28,46,57
Gulf of Guinea,2017-10-25,20,29,48,59
Gulf of Guinea,2017-10-26,20,25,48,59
Gulf of Guinea,2017-10-27,21,26,49,60
Gulf of Guinea,2017-10-28,20,26,49,60
Gulf of Guinea,2017-10-29,19,26,49,59
Gulf of Guinea,2017-10-30,19,26,49,59
Gulf of Guinea,2017-10-31,19,26,49,58
Gulf of Guinea,2017-11-01,21,28,51,60
Gulf of Guinea,2017-11-02,20,27,50,60
Gulf of Guinea,2017-11-03,21,28,51,61
Gulf of Guinea,2017-11-04,21,28,49,61
Gulf of Guinea,2017-11-05,20,28,49,61
Gulf of Guinea,2017-11-06,20,28,49,61
Gulf of Guinea,2017-11-07,20,28,49,61
Gulf of Guinea,2017-11-08,20,27,49,61
Gulf of Guinea,2017-11-09,20,27,49,61
Gulf of Guinea,2017-11-10,21,28,50,62
Gulf of Guinea,2017-11-11,22,29,51,63
Gulf of Guinea,2017-11-12,22,28,51,63
Gulf of Guinea,2017-11-13,22,27,51,63
Gulf of Guinea,2017-11-14,22,27,51,63
Gulf of Guinea,2017-11-15,22,27,51,62
Gulf of Guinea,2017-11-16,27,32,55,67
Gulf of Guinea,2017-11-17,24,32,55,67
Gulf of Guinea,2017-11-18,24,32,55,66
Gulf of Guinea,2017-11-19,24,32,55,66
Gulf of Guinea,2017-11-20,24,32,55,66
Gulf of Guinea,2017-11-21,26,34,57,68
Gulf of Guinea,2017-11-22,29,37,60,70
Gulf of Guinea,2017-11-23,29,37,60,70
Gulf of Guinea,2017-11-24,29,37,60,68
Gulf of Guinea,2017-11-25,29,37,60,68
Gulf of Guinea,2017-11-26,28,37,60,68
Gulf of Guinea,2017-11-27,28,37,59,68
Gulf of Guinea,2017-11-28,29,38,60,69
Gulf of Guinea,2017-11-29,29,38,60,69
Gulf of Guinea,2017-11-30,29,38,60,69
Gulf of Guinea,2017-12-01,31,40,62,71
Gulf of Guinea,2017-12-02,32,41,62,72
Gulf of Guinea,2017-12-03,32,41,59,72
Gulf of Guinea,2017-12-04,32,41,59,72
Gulf of Guinea,2017-12-05,32,41,57,71
Gulf of Guinea,2017-12-06,32,41,57,71
Gulf of Guinea,2017-12-07,33,42,58,71
Gulf of Guinea,2017-12-08,34,43,59,71
Gulf of Guinea,2017-12-09,34,43,59,71
Gulf of Guinea,2017-12-10,35,44,60,71
Gulf of Guinea,2017-12-11,35,44,60,71
Gulf of Guinea,2017-12-12,35,44,60,71
Gulf of Guinea,2017-12-13,34,44,60,71
Gulf of Guinea,2017-12-14,36,46,62,73
Gulf of Guinea,2017-12-15,36,46,62,73
Gulf of Guinea,2017-12-16,36,46,62,73
Gulf of Guinea,2017-12-17,36,47,63,74
Gulf of Guinea,2017-12-18,36,47,63,74
Gulf of Guinea,2017-12-19,35,47,63,74
Gulf of Guinea,2017-12-20,35,47,63,74
Gulf of Guinea,2017-12-21,36,48,64,75
Gulf of Guinea,2017-12-22,36,48,64,75
Gulf of Guinea,2017-12-23,36,48,64,75
Gulf of Guinea,2017-12-24,38,50,63,77
Gulf of Guinea,2017-12-25,37,50,62,77
Gulf of Guinea,2017-12-26,37,50,62,77
Gulf of Guinea,2017-12-27,37,50,62,77
Gulf of Guinea,2017-12-28,37,50,62,77
Gulf of Guinea,2017-12-29,37,50,62,77
Gulf of Guinea,2017-12-30,37,50,62,77
Gulf of Guinea,2017-12-31,35,50,62,77
Outside of Hotspots,2010-01-01,0,0,0,0
Outside of Hotspots,2010-01-02,0,0,0,0
Outside of Hotspots,2010-01-03,1,1,1,1
Outside of Hotspots,2010-01-04,1,1,1,1
Outside of Hotspots,2010-01-05,1,1,1,1
Outside of Hotspots,2010-01-06,1,1,1,1
Outside of Hotspots,2010-01-07,1,1,1,1
Outside of Hotspots,2010-01-08,1,1,1,1
Outside of Hotspots,2010-01-09,1,1,1,1
Outside of Hotspots,2010-01-10,1,1,1,1
Outside of Hotspots,2010-01-11,1,1,1,1
Outside of Hotspots,2010-01-12,2,2,2,2
Outside of Hotspots,2010-01-13,2,2,2,2
Outside of Hotspots,2010-01-14,2,2,2,2
Outside of Hotspots,2010-01-15,2,2,2,2
Outside of Hotspots,2010-01-16,2,2,2,2
Outside of Hotspots,2010-01-17,2,2,2,2
Outside of Hotspots,2010-01-18,2,2,2,2
Outside of Hotspots,2010-01-19,2,2,2,2
Outside of Hotspots,2010-01-20,3,3,3,3
Outside of Hotspots,2010-01-21,3,3,3,3
Outside of Hotspots,2010-01-22,4,4,4,4
Outside of Hotspots,2010-01-23,4,4,4,4
Outside of Hotspots,2010-01-24,4,4,4,4
Outside of Hotspots,2010-01-25,4,4,4,4
Outside of Hotspots,2010-01-26,4,4,4,4
Outside of Hotspots,2010-01-27,4,4,4,4
Outside of Hotspots,2010-01-28,4,4,4,4
Outside of Hotspots,2010-01-29,4,4,4,4
Outside of Hotspots,2010-01-30,4,4,4,4
Outside of Hotspots,2010-01-31,4,4,4,4
Outside of Hotspots,2010-02-01,4,4,4,4
Outside of Hotspots,2010-02-02,4,4,4,4
Outside of Hotspots,2010-02-03,4,4,4,4
Outside of Hotspots,2010-02-04,4,4,4,4
Outside of Hotspots,2010-02-05,5,5,5,5
Outside of Hotspots,2010-02-06,5,5,5,5
Outside of Hotspots,2010-02-07,5,5,5,5
Outside of Hotspots,2010-02-08,5,5,5,5
Outside of Hotspots,2010-02-09,5,5,5,5
Outside of Hotspots,2010-02-10,5,5,5,5
Outside of Hotspots,2010-02-11,5,5,5,5
Outside of Hotspots,2010-02-12,5,5,5,5
Outside of Hotspots,2010-02-13,6,6,6,6
Outside of Hotspots,2010-02-14,8,8,8,8
Outside of Hotspots,2010-02-15,9,9,9,9
Outside of Hotspots,2010-02-16,9,9,9,9
Outside of Hotspots,2010-02-17,9,9,9,9
Outside of Hotspots,2010-02-18,9,9,9,9
Outside of Hotspots,2010-02-19,9,9,9,9
Outside of Hotspots,2010-02-20,9,9,9,9
Outside of Hotspots,2010-02-21,9,9,9,9
Outside of Hotspots,2010-02-22,9,9,9,9
Outside of Hotspots,2010-02-23,9,9,9,9
Outside of Hotspots,2010-02-24,9,9,9,9
Outside of Hotspots,2010-02-25,9,9,9,9
Outside of Hotspots,2010-02-26,9,9,9,9
Outside of Hotspots,2010-02-27,9,9,9,9
Outside of Hotspots,2010-02-28,9,9,9,9
Outside of Hotspots,2010-03-01,9,9,9,9
Outside of Hotspots,2010-03-02,10,10,10,10
Outside of Hotspots,2010-03-03,11,11,11,11
Outside of Hotspots,2010-03-04,11,11,11,11
Outside of Hotspots,2010-03-05,12,12,12,12
Outside of Hotspots,2010-03-06,12,12,12,12
Outside of Hotspots,2010-03-07,12,12,12,12
Outside of Hotspots,2010-03-08,12,12,12,12
Outside of Hotspots,2010-03-09,12,12,12,12
Outside of Hotspots,2010-03-10,12,12,12,12
Outside of Hotspots,2010-03-11,12,12,12,12
Outside of Hotspots,2010-03-12,13,13,13,13
Outside of Hotspots,2010-03-13,13,13,13,13
Outside of Hotspots,2010-03-14,14,14,14,14
Outside of Hotspots,2010-03-15,15,15,15,15
Outside of Hotspots,2010-03-16,16,16,16,16
Outside of Hotspots,2010-03-17,18,18,18,18
Outside of Hotspots,2010-03-18,18,18,18,18
Outside of Hotspots,2010-03-19,18,18,18,18
Outside of Hotspots,2010-03-20,18,18,18,18
Outside of Hotspots,2010-03-21,18,18,18,18
Outside of Hotspots,2010-03-22,18,18,18,18
Outside of Hotspots,2010-03-23,19,19,19,19
Outside of Hotspots,2010-03-24,19,19,19,19
Outside of Hotspots,2010-03-25,19,19,19,19
Outside of Hotspots,2010-03-26,19,19,19,19
Outside of Hotspots,2010-03-27,19,19,19,19
Outside of Hotspots,2010-03-28,23,23,23,23
Outside of Hotspots,2010-03-29,23,23,23,23
Outside of Hotspots,2010-03-30,23,23,23,23
Outside of Hotspots,2010-03-31,27,27,27,27
Outside of Hotspots,2010-04-01,27,27,27,27
Outside of Hotspots,2010-04-02,28,28,28,28
Outside of Hotspots,2010-04-03,27,28,28,28
Outside of Hotspots,2010-04-04,29,30,30,30
Outside of Hotspots,2010-04-05,30,31,31,31
Outside of Hotspots,2010-04-06,30,31,31,31
Outside of Hotspots,2010-04-07,31,32,32,32
Outside of Hotspots,2010-04-08,32,33,33,33
Outside of Hotspots,2010-04-09,33,34,34,34
Outside of Hotspots,2010-04-10,33,34,34,34
Outside of Hotspots,2010-04-11,34,35,35,35
Outside of Hotspots,2010-04-12,33,35,35,35
Outside of Hotspots,2010-04-13,33,35,35,35
Outside of Hotspots,2010-04-14,33,35,35,35
Outside of Hotspots,2010-04-15,33,35,35,35
Outside of Hotspots,2010-04-16,34,36,36,36
Outside of Hotspots,2010-04-17,34,36,36,36
Outside of Hotspots,2010-04-18,36,38,38,38
Outside of Hotspots,2010-04-19,36,38,38,38
Outside of Hotspots,2010-04-20,35,38,38,38
Outside of Hotspots,2010-04-21,37,40,40,40
Outside of Hotspots,2010-04-22,37,41,41,41
Outside of Hotspots,2010-04-23,37,41,41,41
Outside of Hotspots,2010-04-24,38,42,42,42
Outside of Hotspots,2010-04-25,38,42,42,42
Outside of Hotspots,2010-04-26,38,42,42,42
Outside of Hotspots,2010-04-27,38,42,42,42
Outside of Hotspots,2010-04-28,38,42,42,42
Outside of Hotspots,2010-04-29,38,42,42,42
Outside of Hotspots,2010-04-30,38,42,42,42
Outside of Hotspots,2010-05-01,38,42,42,42
Outside of Hotspots,2010-05-02,38,42,42,42
Outside of Hotspots,2010-05-03,39,43,43,43
Outside of Hotspots,2010-05-04,39,43,43,43
Outside of Hotspots,2010-05-05,40,44,44,44
Outside of Hotspots,2010-05-06,41,46,46,46
Outside of Hotspots,2010-05-07,41,46,46,46
Outside of Hotspots,2010-05-08,41,46,46,46
Outside of Hotspots,2010-05-09,41,46,46,46
Outside of Hotspots,2010-05-10,42,47,47,47
Outside of Hotspots,2010-05-11,42,47,47,47
Outside of Hotspots,2010-05-12,44,49,49,49
Outside of Hotspots,2010-05-13,45,50,50,50
Outside of Hotspots,2010-05-14,45,51,51,51
Outside of Hotspots,2010-05-15,43,51,51,51
Outside of Hotspots,2010-05-16,42,51,51,51
Outside of Hotspots,2010-05-17,42,51,51,51
Outside of Hotspots,2010-05-18,42,51,51,51
Outside of Hotspots,2010-05-19,42,51,51,51
Outside of Hotspots,2010-05-20,43,52,52,52
Outside of Hotspots,2010-05-21,45,54,54,54
Outside of Hotspots,2010-05-22,45,54,54,54
Outside of Hotspots,2010-05-23,45,54,54,54
Outside of Hotspots,2010-05-24,46,55,55,55
Outside of Hotspots,2010-05-25,47,56,56,56
Outside of Hotspots,2010-05-26,47,56,56,56
Outside of Hotspots,2010-05-27,48,57,57,57
Outside of Hotspots,2010-05-28,48,57,57,57
Outside of Hotspots,2010-05-29,49,58,58,58
Outside of Hotspots,2010-05-30,49,58,58,58
Outside of Hotspots,2010-05-31,49,59,59,59
Outside of Hotspots,2010-06-01,48,59,59,59
Outside of Hotspots,2010-06-02,48,59,59,59
Outside of Hotspots,2010-06-03,47,59,59,59
Outside of Hotspots,2010-06-04,47,59,59,59
Outside of Hotspots,2010-06-05,47,59,59,59
Outside of Hotspots,2010-06-06,47,59,59,59
Outside of Hotspots,2010-06-07,47,59,59,59
Outside of Hotspots,2010-06-08,47,59,59,59
Outside of Hotspots,2010-06-09,47,59,59,59
Outside of Hotspots,2010-06-10,46,59,59,59
Outside of Hotspots,2010-06-11,46,59,59,59
Outside of Hotspots,2010-06-12,45,59,59,59
Outside of Hotspots,2010-06-13,44,59,59,59
Outside of Hotspots,2010-06-14,43,59,59,59
Outside of Hotspots,2010-06-15,41,59,59,59
Outside of Hotspots,2010-06-16,42,60,60,60
Outside of Hotspots,2010-06-17,42,60,60,60
Outside of Hotspots,2010-06-18,43,61,61,61
Outside of Hotspots,2010-06-19,43,61,61,61
Outside of Hotspots,2010-06-20,43,61,61,61
Outside of Hotspots,2010-06-21,42,61,61,61
Outside of Hotspots,2010-06-22,44,63,63,63
Outside of Hotspots,2010-06-23,45,64,64,64
Outside of Hotspots,2010-06-24,45,64,64,64
Outside of Hotspots,2010-06-25,45,64,64,64
Outside of Hotspots,2010-06-26,41,64,64,64
Outside of Hotspots,2010-06-27,41,64,64,64
Outside of Hotspots,2010-06-28,41,64,64,64
Outside of Hotspots,2010-06-29,37,64,64,64
Outside of Hotspots,2010-06-30,37,64,64,64
Outside of Hotspots,2010-07-01,36,64,64,64
Outside of Hotspots,2010-07-02,36,63,64,64
Outside of Hotspots,2010-07-03,35,64,65,65
Outside of Hotspots,2010-07-04,34,64,65,65
Outside of Hotspots,2010-07-05,34,64,65,65
Outside of Hotspots,2010-07-06,33,64,65,65
Outside of Hotspots,2010-07-07,32,64,65,65
Outside of Hotspots,2010-07-08,32,65,66,66
Outside of Hotspots,2010-07-09,32,65,66,66
Outside of Hotspots,2010-07-10,31,65,66,66
Outside of Hotspots,2010-07-11,31,64,66,66
Outside of Hotspots,2010-07-12,31,64,66,66
Outside of Hotspots,2010-07-13,31,64,66,66
Outside of Hotspots,2010-07-14,31,64,66,66
Outside of Hotspots,2010-07-15,30,64,66,66
Outside of Hotspots,2010-07-16,30,64,66,66
Outside of Hotspots,2010-07-17,28,64,66,66
Outside of Hotspots,2010-07-18,28,64,66,66
Outside of Hotspots,2010-07-19,28,63,66,66
Outside of Hotspots,2010-07-20,27,64,67,67
Outside of Hotspots,2010-07-21,26,63,67,67
Outside of Hotspots,2010-07-22,26,63,67,67
Outside of Hotspots,2010-07-23,25,63,67,67
Outside of Hotspots,2010-07-24,25,63,67,67
Outside of Hotspots,2010-07-25,25,63,67,67
Outside of Hotspots,2010-07-26,25,63,67,67
Outside of Hotspots,2010-07-27,25,63,67,67
Outside of Hotspots,2010-07-28,25,63,67,67
Outside of Hotspots,2010-07-29,25,63,67,67
Outside of Hotspots,2010-07-30,25,63,67,67
Outside of Hotspots,2010-07-31,25,63,67,67
Outside of Hotspots,2010-08-01,24,63,67,67
Outside of Hotspots,2010-08-02,24,63,67,67
Outside of Hotspots,2010-08-03,23,63,67,67
Outside of Hotspots,2010-08-04,21,62,67,67
Outside of Hotspots,2010-08-05,21,62,67,67
Outside of Hotspots,2010-08-06,21,62,67,67
Outside of Hotspots,2010-08-07,21,62,67,67
Outside of Hotspots,2010-08-08,22,64,69,69
Outside of Hotspots,2010-08-09,22,64,69,69
Outside of Hotspots,2010-08-10,20,64,69,69
Outside of Hotspots,2010-08-11,19,64,69,69
Outside of Hotspots,2010-08-12,18,63,69,69
Outside of Hotspots,2010-08-13,18,61,69,69
Outside of Hotspots,2010-08-14,18,60,69,69
Outside of Hotspots,2010-08-15,18,60,69,69
Outside of Hotspots,2010-08-16,19,61,70,70
Outside of Hotspots,2010-08-17,19,61,70,70
Outside of Hotspots,2010-08-18,18,61,70,70
Outside of Hotspots,2010-08-19,17,62,71,71
Outside of Hotspots,2010-08-20,17,62,71,71
Outside of Hotspots,2010-08-21,17,62,71,71
Outside of Hotspots,2010-08-22,16,62,71,71
Outside of Hotspots,2010-08-23,15,62,71,71
Outside of Hotspots,2010-08-24,15,62,71,71
Outside of Hotspots,2010-08-25,15,63,72,72
Outside of Hotspots,2010-08-26,15,63,72,72
Outside of Hotspots,2010-08-27,14,63,72,72
Outside of Hotspots,2010-08-28,14,63,72,72
Outside of Hotspots,2010-08-29,14,63,73,73
Outside of Hotspots,2010-08-30,14,62,73,73
Outside of Hotspots,2010-08-31,15,63,74,74
Outside of Hotspots,2010-09-01,15,62,74,74
Outside of Hotspots,2010-09-02,15,62,74,74
Outside of Hotspots,2010-09-03,15,62,74,74
Outside of Hotspots,2010-09-04,16,63,75,75
Outside of Hotspots,2010-09-05,17,64,76,76
Outside of Hotspots,2010-09-06,18,65,77,77
Outside of Hotspots,2010-09-07,18,65,77,77
Outside of Hotspots,2010-09-08,18,64,77,77
Outside of Hotspots,2010-09-09,18,64,77,77
Outside of Hotspots,2010-09-10,18,63,77,77
Outside of Hotspots,2010-09-11,18,62,77,77
Outside of Hotspots,2010-09-12,18,61,77,77
Outside of Hotspots,2010-09-13,18,59,77,77
Outside of Hotspots,2010-09-14,17,59,77,77
Outside of Hotspots,2010-09-15,17,59,77,77
Outside of Hotspots,2010-09-16,17,60,78,78
Outside of Hotspots,2010-09-17,17,60,78,78
Outside of Hotspots,2010-09-18,17,60,78,78
Outside of Hotspots,2010-09-19,17,59,78,78
Outside of Hotspots,2010-09-20,15,59,78,78
Outside of Hotspots,2010-09-21,14,59,78,78
Outside of Hotspots,2010-09-22,14,59,78,78
Outside of Hotspots,2010-09-23,14,59,78,78
Outside of Hotspots,2010-09-24,14,55,78,78
Outside of Hotspots,2010-09-25,16,57,80,80
Outside of Hotspots,2010-09-26,17,58,81,81
Outside of Hotspots,2010-09-27,17,54,81,81
Outside of Hotspots,2010-09-28,19,56,83,83
Outside of Hotspots,2010-09-29,20,56,84,84
Outside of Hotspots,2010-09-30,20,56,83,84
Outside of Hotspots,2010-10-01,19,54,83,84
Outside of Hotspots,2010-10-02,20,54,84,85
Outside of Hotspots,2010-10-03,20,54,84,85
Outside of Hotspots,2010-10-04,20,53,84,85
Outside of Hotspots,2010-10-05,20,52,84,85
Outside of Hotspots,2010-10-06,20,52,85,86
Outside of Hotspots,2010-10-07,21,53,86,87
Outside of Hotspots,2010-10-08,22,53,87,88
Outside of Hotspots,2010-10-09,22,53,86,88
Outside of Hotspots,2010-10-10,29,60,93,95
Outside of Hotspots,2010-10-11,29,60,93,95
Outside of Hotspots,2010-10-12,30,61,94,96
Outside of Hotspots,2010-10-13,31,61,95,97
Outside of Hotspots,2010-10-14,31,61,95,97
Outside of Hotspots,2010-10-15,32,60,96,98
Outside of Hotspots,2010-10-16,32,60,96,98
Outside of Hotspots,2010-10-17,32,60,95,98
Outside of Hotspots,2010-10-18,31,58,95,98
Outside of Hotspots,2010-10-19,31,57,94,98
Outside of Hotspots,2010-10-20,31,57,94,98
Outside of Hotspots,2010-10-21,33,58,96,100
Outside of Hotspots,2010-10-22,33,58,96,100
Outside of Hotspots,2010-10-23,35,60,98,102
Outside of Hotspots,2010-10-24,35,60,98,102
Outside of Hotspots,2010-10-25,35,60,98,102
Outside of Hotspots,2010-10-26,37,62,100,104
Outside of Hotspots,2010-10-27,38,63,101,105
Outside of Hotspots,2010-10-28,40,65,103,107
Outside of Hotspots,2010-10-29,42,67,105,109
Outside of Hotspots,2010-10-30,43,67,106,110
Outside of Hotspots,2010-10-31,46,70,109,113
Outside of Hotspots,2010-11-01,46,69,109,113
Outside of Hotspots,2010-11-02,47,68,109,114
Outside of Hotspots,2010-11-03,50,71,112,117
Outside of Hotspots,2010-11-04,50,71,112,117
Outside of Hotspots,2010-11-05,52,73,114,119
Outside of Hotspots,2010-11-06,51,73,115,120
Outside of Hotspots,2010-11-07,51,73,115,120
Outside of Hotspots,2010-11-08,52,72,116,121
Outside of Hotspots,2010-11-09,52,71,116,121
Outside of Hotspots,2010-11-10,52,70,115,121
Outside of Hotspots,2010-11-11,52,70,113,121
Outside of Hotspots,2010-11-12,55,73,115,124
Outside of Hotspots,2010-11-13,55,73,115,124
Outside of Hotspots,2010-11-14,54,73,115,124
Outside of Hotspots,2010-11-15,54,73,115,124
Outside of Hotspots,2010-11-16,57,75,118,127
Outside of Hotspots,2010-11-17,57,74,119,128
Outside of Hotspots,2010-11-18,58,75,120,129
Outside of Hotspots,2010-11-19,58,75,120,129
Outside of Hotspots,2010-11-20,60,76,122,131
Outside of Hotspots,2010-11-21,60,75,122,131
Outside of Hotspots,2010-11-22,60,75,122,131
Outside of Hotspots,2010-11-23,59,74,122,131
Outside of Hotspots,2010-11-24,59,74,122,131
Outside of Hotspots,2010-11-25,61,75,124,133
Outside of Hotspots,2010-11-26,64,78,127,136
Outside of Hotspots,2010-11-27,66,80,129,139
Outside of Hotspots,2010-11-28,68,82,130,141
Outside of Hotspots,2010-11-29,67,82,130,141
Outside of Hotspots,2010-11-30,68,83,130,142
Outside of Hotspots,2010-12-01,68,83,130,142
Outside of Hotspots,2010-12-02,68,83,130,142
Outside of Hotspots,2010-12-03,68,84,131,143
Outside of Hotspots,2010-12-04,68,85,132,144
Outside of Hotspots,2010-12-05,69,87,134,146
Outside of Hotspots,2010-12-06,69,87,134,146
Outside of Hotspots,2010-12-07,70,88,134,147
Outside of Hotspots,2010-12-08,70,88,134,147
Outside of Hotspots,2010-12-09,70,88,133,147
Outside of Hotspots,2010-12-10,73,91,135,150
Outside of Hotspots,2010-12-11,76,94,137,153
Outside of Hotspots,2010-12-12,76,94,135,153
Outside of Hotspots,2010-12-13,78,95,137,155
Outside of Hotspots,2010-12-14,78,95,137,155
Outside of Hotspots,2010-12-15,77,94,137,155
Outside of Hotspots,2010-12-16,79,96,139,157
Outside of Hotspots,2010-12-17,79,96,139,157
Outside of Hotspots,2010-12-18,79,96,138,157
Outside of Hotspots,2010-12-19,79,94,138,157
Outside of Hotspots,2010-12-20,81,95,140,159
Outside of Hotspots,2010-12-21,81,95,140,159
Outside of Hotspots,2010-12-22,81,95,140,159
Outside of Hotspots,2010-12-23,82,96,137,160
Outside of Hotspots,2010-12-24,81,97,138,161
Outside of Hotspots,2010-12-25,82,99,140,163
Outside of Hotspots,2010-12-26,82,99,136,163
Outside of Hotspots,2010-12-27,80,99,136,163
Outside of Hotspots,2010-12-28,79,99,135,163
Outside of Hotspots,2010-12-29,79,99,135,162
Outside of Hotspots,2010-12-30,79,98,133,162
Outside of Hotspots,2010-12-31,79,99,133,163
Outside of Hotspots,2011-01-01,79,99,133,163
Outside of Hotspots,2011-01-02,79,99,132,163
Outside of Hotspots,2011-01-03,79,99,131,163
Outside of Hotspots,2011-01-04,78,98,130,163
Outside of Hotspots,2011-01-05,77,98,130,163
Outside of Hotspots,2011-01-06,76,98,129,163
Outside of Hotspots,2011-01-07,76,98,129,162
Outside of Hotspots,2011-01-08,69,98,129,162
Outside of Hotspots,2011-01-09,71,100,131,164
Outside of Hotspots,2011-01-10,70,100,131,164
Outside of Hotspots,2011-01-11,69,100,130,164
Outside of Hotspots,2011-01-12,69,100,130,164
Outside of Hotspots,2011-01-13,68,100,128,164
Outside of Hotspots,2011-01-14,68,100,128,164
Outside of Hotspots,2011-01-15,69,101,129,164
Outside of Hotspots,2011-01-16,69,100,127,164
Outside of Hotspots,2011-01-17,69,100,126,163
Outside of Hotspots,2011-01-18,69,100,126,163
Outside of Hotspots,2011-01-19,67,100,125,163
Outside of Hotspots,2011-01-20,67,100,125,163
Outside of Hotspots,2011-01-21,65,100,125,163
Outside of Hotspots,2011-01-22,66,101,126,164
Outside of Hotspots,2011-01-23,67,102,127,165
Outside of Hotspots,2011-01-24,65,102,127,165
Outside of Hotspots,2011-01-25,64,102,127,165
Outside of Hotspots,2011-01-26,62,102,127,165
Outside of Hotspots,2011-01-27,60,102,127,165
Outside of Hotspots,2011-01-28,60,103,127,166
Outside of Hotspots,2011-01-29,57,103,127,166
Outside of Hotspots,2011-01-30,58,104,127,167
Outside of Hotspots,2011-01-31,57,104,125,166
Outside of Hotspots,2011-02-01,55,105,126,167
Outside of Hotspots,2011-02-02,55,105,126,167
Outside of Hotspots,2011-02-03,53,105,126,167
Outside of Hotspots,2011-02-04,52,103,125,167
Outside of Hotspots,2011-02-05,54,105,127,169
Outside of Hotspots,2011-02-06,53,105,125,169
Outside of Hotspots,2011-02-07,53,105,124,169
Outside of Hotspots,2011-02-08,53,105,123,168
Outside of Hotspots,2011-02-09,53,105,123,166
Outside of Hotspots,2011-02-10,50,105,123,165
Outside of Hotspots,2011-02-11,50,105,123,165
Outside of Hotspots,2011-02-12,50,104,123,165
Outside of Hotspots,2011-02-13,50,104,123,165
Outside of Hotspots,2011-02-14,47,104,122,165
Outside of Hotspots,2011-02-15,46,103,120,165
Outside of Hotspots,2011-02-16,46,104,121,166
Outside of Hotspots,2011-02-17,46,104,121,166
Outside of Hotspots,2011-02-18,44,104,120,166
Outside of Hotspots,2011-02-19,45,105,120,167
Outside of Hotspots,2011-02-20,45,105,120,167
Outside of Hotspots,2011-02-21,45,104,119,167
Outside of Hotspots,2011-02-22,45,104,119,167
Outside of Hotspots,2011-02-23,43,104,118,167
Outside of Hotspots,2011-02-24,40,104,118,167
Outside of Hotspots,2011-02-25,37,103,117,166
Outside of Hotspots,2011-02-26,35,103,117,165
Outside of Hotspots,2011-02-27,35,102,117,165
Outside of Hotspots,2011-02-28,34,102,117,164
Outside of Hotspots,2011-03-01,34,102,117,164
Outside of Hotspots,2011-03-02,34,102,117,164
Outside of Hotspots,2011-03-03,33,101,117,164
Outside of Hotspots,2011-03-04,32,100,117,164
Outside of Hotspots,2011-03-05,30,99,117,164
Outside of Hotspots,2011-03-06,30,99,117,164
Outside of Hotspots,2011-03-07,30,100,118,164
Outside of Hotspots,2011-03-08,30,100,118,164
Outside of Hotspots,2011-03-09,30,100,118,163
Outside of Hotspots,2011-03-10,27,100,118,162
Outside of Hotspots,2011-03-11,24,100,118,161
Outside of Hotspots,2011-03-12,24,100,118,159
Outside of Hotspots,2011-03-13,22,100,117,159
Outside of Hotspots,2011-03-14,23,101,118,160
Outside of Hotspots,2011-03-15,23,100,117,160
Outside of Hotspots,2011-03-16,21,100,117,160
Outside of Hotspots,2011-03-17,21,100,117,160
Outside of Hotspots,2011-03-18,21,100,117,159
Outside of Hotspots,2011-03-19,22,101,116,160
Outside of Hotspots,2011-03-20,20,101,115,160
Outside of Hotspots,2011-03-21,20,101,115,160
Outside of Hotspots,2011-03-22,20,101,115,160
Outside of Hotspots,2011-03-23,19,101,115,156
Outside of Hotspots,2011-03-24,18,99,115,156
Outside of Hotspots,2011-03-25,17,99,116,157
Outside of Hotspots,2011-03-26,20,102,119,156
Outside of Hotspots,2011-03-27,20,100,119,156
Outside of Hotspots,2011-03-28,20,99,119,155
Outside of Hotspots,2011-03-29,20,99,119,155
Outside of Hotspots,2011-03-30,20,99,118,153
Outside of Hotspots,2011-03-31,19,98,118,152
Outside of Hotspots,2011-04-01,19,98,118,152
Outside of Hotspots,2011-04-02,19,98,118,151
Outside of Hotspots,2011-04-03,20,99,119,151
Outside of Hotspots,2011-04-04,20,98,118,150
Outside of Hotspots,2011-04-05,20,97,118,150
Outside of Hotspots,2011-04-06,20,96,118,149
Outside of Hotspots,2011-04-07,20,96,118,149
Outside of Hotspots,2011-04-08,20,89,118,149
Outside of Hotspots,2011-04-09,18,89,118,149
Outside of Hotspots,2011-04-10,18,88,118,149
Outside of Hotspots,2011-04-11,18,87,118,148
Outside of Hotspots,2011-04-12,18,87,118,148
Outside of Hotspots,2011-04-13,18,86,118,146
Outside of Hotspots,2011-04-14,18,86,118,146
Outside of Hotspots,2011-04-15,17,86,118,146
Outside of Hotspots,2011-04-16,17,86,117,144
Outside of Hotspots,2011-04-17,17,86,117,143
Outside of Hotspots,2011-04-18,17,86,117,143
Outside of Hotspots,2011-04-19,17,84,117,142
Outside of Hotspots,2011-04-20,17,84,117,142
Outside of Hotspots,2011-04-21,18,83,118,143
Outside of Hotspots,2011-04-22,18,84,119,144
Outside of Hotspots,2011-04-23,17,84,119,144
Outside of Hotspots,2011-04-24,18,83,120,145
Outside of Hotspots,2011-04-25,18,82,120,145
Outside of Hotspots,2011-04-26,18,80,120,145
Outside of Hotspots,2011-04-27,19,79,121,146
Outside of Hotspots,2011-04-28,18,78,121,145
Outside of Hotspots,2011-04-29,18,75,121,145
Outside of Hotspots,2011-04-30,18,76,122,145
Outside of Hotspots,2011-05-01,18,75,122,143
Outside of Hotspots,2011-05-02,18,73,123,144
Outside of Hotspots,2011-05-03,18,73,123,144
Outside of Hotspots,2011-05-04,18,71,123,144
Outside of Hotspots,2011-05-05,18,70,121,143
Outside of Hotspots,2011-05-06,16,70,121,143
Outside of Hotspots,2011-05-07,17,70,122,142
Outside of Hotspots,2011-05-08,17,70,122,141
Outside of Hotspots,2011-05-09,17,70,122,140
Outside of Hotspots,2011-05-10,17,70,122,140
Outside of Hotspots,2011-05-11,17,67,122,140
Outside of Hotspots,2011-05-12,17,67,122,140
Outside of Hotspots,2011-05-13,17,67,121,140
Outside of Hotspots,2011-05-14,18,68,122,141
Outside of Hotspots,2011-05-15,18,65,122,140
Outside of Hotspots,2011-05-16,18,64,121,138
Outside of Hotspots,2011-05-17,20,66,124,141
Outside of Hotspots,2011-05-18,21,67,125,142
Outside of Hotspots,2011-05-19,21,65,125,141
Outside of Hotspots,2011-05-20,20,65,125,140
Outside of Hotspots,2011-05-21,20,65,125,140
Outside of Hotspots,2011-05-22,20,65,124,139
Outside of Hotspots,2011-05-23,21,66,125,140
Outside of Hotspots,2011-05-24,21,64,125,139
Outside of Hotspots,2011-05-25,22,62,126,140
Outside of Hotspots,2011-05-26,23,60,126,140
Outside of Hotspots,2011-05-27,23,58,126,140
Outside of Hotspots,2011-05-28,24,59,126,141
Outside of Hotspots,2011-05-29,24,58,126,141
Outside of Hotspots,2011-05-30,24,58,126,141
Outside of Hotspots,2011-05-31,24,58,126,141
Outside of Hotspots,2011-06-01,24,57,125,141
Outside of Hotspots,2011-06-02,24,56,124,141
Outside of Hotspots,2011-06-03,24,54,123,141
Outside of Hotspots,2011-06-04,24,54,123,141
Outside of Hotspots,2011-06-05,23,53,123,141
Outside of Hotspots,2011-06-06,23,53,123,141
Outside of Hotspots,2011-06-07,23,53,123,141
Outside of Hotspots,2011-06-08,23,50,123,141
Outside of Hotspots,2011-06-09,23,47,123,141
Outside of Hotspots,2011-06-10,23,47,123,141
Outside of Hotspots,2011-06-11,23,45,123,140
Outside of Hotspots,2011-06-12,23,46,124,141
Outside of Hotspots,2011-06-13,24,47,124,141
Outside of Hotspots,2011-06-14,24,45,124,141
Outside of Hotspots,2011-06-15,24,45,124,141
Outside of Hotspots,2011-06-16,24,45,124,141
Outside of Hotspots,2011-06-17,24,46,125,140
Outside of Hotspots,2011-06-18,28,48,129,143
Outside of Hotspots,2011-06-19,28,48,129,143
Outside of Hotspots,2011-06-20,28,48,129,143
Outside of Hotspots,2011-06-21,28,47,129,143
Outside of Hotspots,2011-06-22,28,46,127,143
Outside of Hotspots,2011-06-23,29,46,128,145
Outside of Hotspots,2011-06-24,26,46,128,145
Outside of Hotspots,2011-06-25,26,46,126,145
Outside of Hotspots,2011-06-26,26,46,125,145
Outside of Hotspots,2011-06-27,26,46,125,145
Outside of Hotspots,2011-06-28,26,46,125,144
Outside of Hotspots,2011-06-29,26,45,124,144
Outside of Hotspots,2011-06-30,26,45,124,144
Outside of Hotspots,2011-07-01,26,45,124,144
Outside of Hotspots,2011-07-02,25,45,124,144
Outside of Hotspots,2011-07-03,25,45,123,143
Outside of Hotspots,2011-07-04,25,45,122,143
Outside of Hotspots,2011-07-05,25,45,121,143
Outside of Hotspots,2011-07-06,25,45,121,143
Outside of Hotspots,2011-07-07,25,45,114,143
Outside of Hotspots,2011-07-08,25,43,114,143
Outside of Hotspots,2011-07-09,26,44,114,144
Outside of Hotspots,2011-07-10,27,45,114,145
Outside of Hotspots,2011-07-11,27,45,114,145
Outside of Hotspots,2011-07-12,27,45,113,145
Outside of Hotspots,2011-07-13,27,45,113,145
Outside of Hotspots,2011-07-14,27,44,113,145
Outside of Hotspots,2011-07-15,29,46,115,146
Outside of Hotspots,2011-07-16,29,46,115,146
Outside of Hotspots,2011-07-17,29,46,115,146
Outside of Hotspots,2011-07-18,29,46,113,146
Outside of Hotspots,2011-07-19,30,47,114,147
Outside of Hotspots,2011-07-20,30,48,113,148
Outside of Hotspots,2011-07-21,29,47,113,148
Outside of Hotspots,2011-07-22,30,47,114,149
Outside of Hotspots,2011-07-23,29,47,112,149
Outside of Hotspots,2011-07-24,29,47,111,149
Outside of Hotspots,2011-07-25,29,47,109,149
Outside of Hotspots,2011-07-26,28,47,107,149
Outside of Hotspots,2011-07-27,28,46,106,149
Outside of Hotspots,2011-07-28,28,46,103,149
Outside of Hotspots,2011-07-29,27,45,103,149
Outside of Hotspots,2011-07-30,27,45,102,149
Outside of Hotspots,2011-07-31,26,44,99,149
Outside of Hotspots,2011-08-01,28,46,101,151
Outside of Hotspots,2011-08-02,28,46,99,151
Outside of Hotspots,2011-08-03,28,46,98,149
Outside of Hotspots,2011-08-04,29,45,99,150
Outside of Hotspots,2011-08-05,28,45,98,150
Outside of Hotspots,2011-08-06,28,45,98,150
Outside of Hotspots,2011-08-07,29,46,99,151
Outside of Hotspots,2011-08-08,29,46,99,151
Outside of Hotspots,2011-08-09,30,47,97,152
Outside of Hotspots,2011-08-10,30,47,97,152
Outside of Hotspots,2011-08-11,30,47,97,151
Outside of Hotspots,2011-08-12,29,47,97,151
Outside of Hotspots,2011-08-13,29,47,94,151
Outside of Hotspots,2011-08-14,29,47,93,150
Outside of Hotspots,2011-08-15,26,46,92,150
Outside of Hotspots,2011-08-16,25,46,92,150
Outside of Hotspots,2011-08-17,25,46,90,150
Outside of Hotspots,2011-08-18,25,45,90,150
Outside of Hotspots,2011-08-19,26,46,91,151
Outside of Hotspots,2011-08-20,26,46,91,150
Outside of Hotspots,2011-08-21,25,46,91,150
Outside of Hotspots,2011-08-22,26,47,90,151
Outside of Hotspots,2011-08-23,25,47,87,151
Outside of Hotspots,2011-08-24,24,47,84,150
Outside of Hotspots,2011-08-25,24,47,82,150
Outside of Hotspots,2011-08-26,24,48,83,150
Outside of Hotspots,2011-08-27,24,48,82,150
Outside of Hotspots,2011-08-28,24,48,82,150
Outside of Hotspots,2011-08-29,24,48,82,150
Outside of Hotspots,2011-08-30,24,48,81,149
Outside of Hotspots,2011-08-31,24,48,80,148
Outside of Hotspots,2011-09-01,24,48,78,147
Outside of Hotspots,2011-09-02,24,48,78,147
Outside of Hotspots,2011-09-03,24,47,77,147
Outside of Hotspots,2011-09-04,24,47,77,147
Outside of Hotspots,2011-09-05,24,47,77,147
Outside of Hotspots,2011-09-06,24,47,74,147
Outside of Hotspots,2011-09-07,24,47,71,147
Outside of Hotspots,2011-09-08,24,47,71,147
Outside of Hotspots,2011-09-09,24,47,69,147
Outside of Hotspots,2011-09-10,23,46,69,147
Outside of Hotspots,2011-09-11,22,46,69,146
Outside of Hotspots,2011-09-12,22,46,67,146
Outside of Hotspots,2011-09-13,22,46,67,146
Outside of Hotspots,2011-09-14,22,46,67,146
Outside of Hotspots,2011-09-15,21,45,67,146
Outside of Hotspots,2011-09-16,17,45,65,146
Outside of Hotspots,2011-09-17,18,46,66,147
Outside of Hotspots,2011-09-18,18,46,66,147
Outside of Hotspots,2011-09-19,18,46,65,147
Outside of Hotspots,2011-09-20,21,49,67,148
Outside of Hotspots,2011-09-21,20,49,66,148
Outside of Hotspots,2011-09-22,21,47,67,149
Outside of Hotspots,2011-09-23,21,47,67,147
Outside of Hotspots,2011-09-24,21,47,67,146
Outside of Hotspots,2011-09-25,21,47,67,146
Outside of Hotspots,2011-09-26,21,47,67,146
Outside of Hotspots,2011-09-27,21,47,66,145
Outside of Hotspots,2011-09-28,21,47,66,145
Outside of Hotspots,2011-09-29,22,48,67,146
Outside of Hotspots,2011-09-30,22,47,67,146
Outside of Hotspots,2011-10-01,22,47,67,145
Outside of Hotspots,2011-10-02,22,47,67,144
Outside of Hotspots,2011-10-03,23,48,68,144
Outside of Hotspots,2011-10-04,24,49,69,145
Outside of Hotspots,2011-10-05,24,49,69,138
Outside of Hotspots,2011-10-06,26,51,69,140
Outside of Hotspots,2011-10-07,28,54,72,142
Outside of Hotspots,2011-10-08,27,54,72,141
Outside of Hotspots,2011-10-09,27,54,72,141
Outside of Hotspots,2011-10-10,27,54,72,140
Outside of Hotspots,2011-10-11,28,55,73,141
Outside of Hotspots,2011-10-12,28,55,72,141
Outside of Hotspots,2011-10-13,26,55,72,141
Outside of Hotspots,2011-10-14,26,55,72,141
Outside of Hotspots,2011-10-15,26,55,72,141
Outside of Hotspots,2011-10-16,27,56,73,140
Outside of Hotspots,2011-10-17,29,59,76,143
Outside of Hotspots,2011-10-18,28,58,76,141
Outside of Hotspots,2011-10-19,28,57,75,141
Outside of Hotspots,2011-10-20,30,60,77,144
Outside of Hotspots,2011-10-21,30,59,77,142
Outside of Hotspots,2011-10-22,30,59,77,141
Outside of Hotspots,2011-10-23,30,59,77,139
Outside of Hotspots,2011-10-24,30,58,77,137
Outside of Hotspots,2011-10-25,30,58,76,136
Outside of Hotspots,2011-10-26,30,58,76,133
Outside of Hotspots,2011-10-27,30,57,75,133
Outside of Hotspots,2011-10-28,30,57,75,132
Outside of Hotspots,2011-10-29,30,56,74,129
Outside of Hotspots,2011-10-30,30,58,76,131
Outside of Hotspots,2011-10-31,31,59,77,130
Outside of Hotspots,2011-11-01,32,60,78,130
Outside of Hotspots,2011-11-02,31,60,76,130
Outside of Hotspots,2011-11-03,34,62,79,132
Outside of Hotspots,2011-11-04,34,62,79,132
Outside of Hotspots,2011-11-05,33,62,79,132
Outside of Hotspots,2011-11-06,33,62,79,132
Outside of Hotspots,2011-11-07,32,62,79,129
Outside of Hotspots,2011-11-08,33,63,80,130
Outside of Hotspots,2011-11-09,33,63,80,130
Outside of Hotspots,2011-11-10,33,62,80,130
Outside of Hotspots,2011-11-11,33,62,80,127
Outside of Hotspots,2011-11-12,33,62,80,126
Outside of Hotspots,2011-11-13,33,59,79,125
Outside of Hotspots,2011-11-14,33,58,79,125
Outside of Hotspots,2011-11-15,33,58,79,123
Outside of Hotspots,2011-11-16,33,58,78,123
Outside of Hotspots,2011-11-17,32,58,78,123
Outside of Hotspots,2011-11-18,32,58,78,123
Outside of Hotspots,2011-11-19,32,57,78,123
Outside of Hotspots,2011-11-20,31,57,78,121
Outside of Hotspots,2011-11-21,32,57,79,119
Outside of Hotspots,2011-11-22,32,56,79,116
Outside of Hotspots,2011-11-23,32,56,79,114
Outside of Hotspots,2011-11-24,31,55,79,114
Outside of Hotspots,2011-11-25,31,55,79,113
Outside of Hotspots,2011-11-26,32,56,80,114
Outside of Hotspots,2011-11-27,32,56,80,114
Outside of Hotspots,2011-11-28,32,56,80,113
Outside of Hotspots,2011-11-29,32,56,80,112
Outside of Hotspots,2011-11-30,32,56,80,110
Outside of Hotspots,2011-12-01,32,56,80,110
Outside of Hotspots,2011-12-02,32,56,79,109
Outside of Hotspots,2011-12-03,33,57,80,110
Outside of Hotspots,2011-12-04,33,57,80,110
Outside of Hotspots,2011-12-05,33,57,80,107
Outside of Hotspots,2011-12-06,34,58,81,105
Outside of Hotspots,2011-12-07,34,58,81,105
Outside of Hotspots,2011-12-08,34,58,81,103
Outside of Hotspots,2011-12-09,34,57,80,103
Outside of Hotspots,2011-12-10,34,56,80,103
Outside of Hotspots,2011-12-11,34,56,80,101
Outside of Hotspots,2011-12-12,34,56,80,101
Outside of Hotspots,2011-12-13,34,56,80,101
Outside of Hotspots,2011-12-14,34,55,79,101
Outside of Hotspots,2011-12-15,34,51,79,99
Outside of Hotspots,2011-12-16,33,51,79,99
Outside of Hotspots,2011-12-17,33,51,79,99
Outside of Hotspots,2011-12-18,33,51,79,98
Outside of Hotspots,2011-12-19,30,51,79,97
Outside of Hotspots,2011-12-20,30,50,79,96
Outside of Hotspots,2011-12-21,29,50,76,96
Outside of Hotspots,2011-12-22,30,51,77,97
Outside of Hotspots,2011-12-23,30,51,77,97
Outside of Hotspots,2011-12-24,30,51,77,97
Outside of Hotspots,2011-12-25,30,51,77,97
Outside of Hotspots,2011-12-26,30,51,77,96
Outside of Hotspots,2011-12-27,31,52,78,97
Outside of Hotspots,2011-12-28,30,52,78,97
Outside of Hotspots,2011-12-29,30,52,77,97
Outside of Hotspots,2011-12-30,30,52,77,97
Outside of Hotspots,2011-12-31,30,52,77,97
Outside of Hotspots,2012-01-01,29,52,77,97
Outside of Hotspots,2012-01-02,28,52,77,97
Outside of Hotspots,2012-01-03,28,52,77,97
Outside of Hotspots,2012-01-04,26,52,77,95
Outside of Hotspots,2012-01-05,24,52,78,96
Outside of Hotspots,2012-01-06,24,51,78,96
Outside of Hotspots,2012-01-07,24,51,78,96
Outside of Hotspots,2012-01-08,24,51,78,96
Outside of Hotspots,2012-01-09,23,51,78,96
Outside of Hotspots,2012-01-10,23,51,78,95
Outside of Hotspots,2012-01-11,23,49,78,95
Outside of Hotspots,2012-01-12,23,49,78,95
Outside of Hotspots,2012-01-13,24,50,79,96
Outside of Hotspots,2012-01-14,23,50,79,96
Outside of Hotspots,2012-01-15,20,49,79,96
Outside of Hotspots,2012-01-16,20,48,78,96
Outside of Hotspots,2012-01-17,20,48,77,95
Outside of Hotspots,2012-01-18,17,47,77,94
Outside of Hotspots,2012-01-19,17,47,76,94
Outside of Hotspots,2012-01-20,17,47,76,94
Outside of Hotspots,2012-01-21,17,47,76,94
Outside of Hotspots,2012-01-22,17,47,75,94
Outside of Hotspots,2012-01-23,18,48,76,94
Outside of Hotspots,2012-01-24,18,48,76,94
Outside of Hotspots,2012-01-25,19,49,76,94
Outside of Hotspots,2012-01-26,20,50,77,95
Outside of Hotspots,2012-01-27,21,51,77,95
Outside of Hotspots,2012-01-28,19,49,77,95
Outside of Hotspots,2012-01-29,18,49,77,95
Outside of Hotspots,2012-01-30,18,50,78,96
Outside of Hotspots,2012-01-31,18,49,78,94
Outside of Hotspots,2012-02-01,15,49,77,94
Outside of Hotspots,2012-02-02,15,49,77,94
Outside of Hotspots,2012-02-03,15,48,77,94
Outside of Hotspots,2012-02-04,16,49,78,95
Outside of Hotspots,2012-02-05,16,48,78,95
Outside of Hotspots,2012-02-06,16,49,79,96
Outside of Hotspots,2012-02-07,16,49,79,96
Outside of Hotspots,2012-02-08,17,50,79,97
Outside of Hotspots,2012-02-09,17,50,79,97
Outside of Hotspots,2012-02-10,17,50,79,97
Outside of Hotspots,2012-02-11,17,50,76,96
Outside of Hotspots,2012-02-12,17,50,75,96
Outside of Hotspots,2012-02-13,17,50,75,96
Outside of Hotspots,2012-02-14,17,50,75,95
Outside of Hotspots,2012-02-15,18,50,76,96
Outside of Hotspots,2012-02-16,18,50,76,96
Outside of Hotspots,2012-02-17,18,50,75,96
Outside of Hotspots,2012-02-18,19,50,76,97
Outside of Hotspots,2012-02-19,18,50,75,97
Outside of Hotspots,2012-02-20,18,50,74,97
Outside of Hotspots,2012-02-21,18,50,74,97
Outside of Hotspots,2012-02-22,18,49,73,97
Outside of Hotspots,2012-02-23,18,49,73,97
Outside of Hotspots,2012-02-24,17,49,73,97
Outside of Hotspots,2012-02-25,17,49,73,97
Outside of Hotspots,2012-02-26,17,49,73,97
Outside of Hotspots,2012-02-27,17,49,73,97
Outside of Hotspots,2012-02-28,17,49,73,97
Outside of Hotspots,2012-02-29,17,49,73,97
Outside of Hotspots,2012-03-01,17,49,73,96
Outside of Hotspots,2012-03-02,16,49,73,96
Outside of Hotspots,2012-03-03,17,50,74,97
Outside of Hotspots,2012-03-04,17,50,74,97
Outside of Hotspots,2012-03-05,16,50,74,97
Outside of Hotspots,2012-03-06,16,50,74,97
Outside of Hotspots,2012-03-07,16,50,74,97
Outside of Hotspots,2012-03-08,16,50,73,96
Outside of Hotspots,2012-03-09,16,50,72,96
Outside of Hotspots,2012-03-10,16,50,72,96
Outside of Hotspots,2012-03-11,16,50,72,96
Outside of Hotspots,2012-03-12,16,50,72,96
Outside of Hotspots,2012-03-13,16,50,71,95
Outside of Hotspots,2012-03-14,17,51,68,96
Outside of Hotspots,2012-03-15,17,50,68,96
Outside of Hotspots,2012-03-16,17,50,68,96
Outside of Hotspots,2012-03-17,17,50,68,96
Outside of Hotspots,2012-03-18,17,47,68,96
Outside of Hotspots,2012-03-19,16,46,66,95
Outside of Hotspots,2012-03-20,16,45,66,92
Outside of Hotspots,2012-03-21,15,45,66,92
Outside of Hotspots,2012-03-22,15,45,66,92
Outside of Hotspots,2012-03-23,15,45,66,92
Outside of Hotspots,2012-03-24,16,46,67,93
Outside of Hotspots,2012-03-25,16,46,67,93
Outside of Hotspots,2012-03-26,18,49,70,96
Outside of Hotspots,2012-03-27,18,48,70,96
Outside of Hotspots,2012-03-28,18,48,70,95
Outside of Hotspots,2012-03-29,19,49,71,96
Outside of Hotspots,2012-03-30,19,49,71,96
Outside of Hotspots,2012-03-31,19,48,71,96
Outside of Hotspots,2012-04-01,19,47,71,96
Outside of Hotspots,2012-04-02,19,47,71,96
Outside of Hotspots,2012-04-03,19,45,71,96
Outside of Hotspots,2012-04-04,18,42,70,96
Outside of Hotspots,2012-04-05,18,42,69,96
Outside of Hotspots,2012-04-06,18,42,69,96
Outside of Hotspots,2012-04-07,18,42,69,96
Outside of Hotspots,2012-04-08,18,41,69,96
Outside of Hotspots,2012-04-09,18,41,69,96
Outside of Hotspots,2012-04-10,18,41,67,96
Outside of Hotspots,2012-04-11,18,41,67,96
Outside of Hotspots,2012-04-12,17,41,67,96
Outside of Hotspots,2012-04-13,18,41,68,97
Outside of Hotspots,2012-04-14,18,38,67,97
Outside of Hotspots,2012-04-15,18,38,66,96
Outside of Hotspots,2012-04-16,18,38,66,95
Outside of Hotspots,2012-04-17,19,36,66,96
Outside of Hotspots,2012-04-18,19,36,66,95
Outside of Hotspots,2012-04-19,19,36,66,95
Outside of Hotspots,2012-04-20,19,36,66,95
Outside of Hotspots,2012-04-21,19,36,66,94
Outside of Hotspots,2012-04-22,18,36,66,94
Outside of Hotspots,2012-04-23,18,36,66,94
Outside of Hotspots,2012-04-24,17,36,66,93
Outside of Hotspots,2012-04-25,16,36,66,93
Outside of Hotspots,2012-04-26,15,36,66,92
Outside of Hotspots,2012-04-27,16,35,65,93
Outside of Hotspots,2012-04-28,16,34,65,93
Outside of Hotspots,2012-04-29,15,33,65,93
Outside of Hotspots,2012-04-30,16,34,65,94
Outside of Hotspots,2012-05-01,16,31,65,93
Outside of Hotspots,2012-05-02,16,31,65,93
Outside of Hotspots,2012-05-03,16,31,64,93
Outside of Hotspots,2012-05-04,15,31,64,93
Outside of Hotspots,2012-05-05,15,31,63,93
Outside of Hotspots,2012-05-06,14,30,63,93
Outside of Hotspots,2012-05-07,14,30,63,93
Outside of Hotspots,2012-05-08,13,30,63,92
Outside of Hotspots,2012-05-09,13,30,63,92
Outside of Hotspots,2012-05-10,13,30,63,92
Outside of Hotspots,2012-05-11,13,30,63,89
Outside of Hotspots,2012-05-12,13,30,63,88
Outside of Hotspots,2012-05-13,14,31,64,89
Outside of Hotspots,2012-05-14,15,32,65,90
Outside of Hotspots,2012-05-15,14,32,64,90
Outside of Hotspots,2012-05-16,14,32,64,90
Outside of Hotspots,2012-05-17,16,34,66,91
Outside of Hotspots,2012-05-18,15,34,65,91
Outside of Hotspots,2012-05-19,15,33,65,90
Outside of Hotspots,2012-05-20,15,33,65,89
Outside of Hotspots,2012-05-21,15,33,65,89
Outside of Hotspots,2012-05-22,15,33,64,88
Outside of Hotspots,2012-05-23,15,33,64,88
Outside of Hotspots,2012-05-24,16,33,65,89
Outside of Hotspots,2012-05-25,17,34,66,90
Outside of Hotspots,2012-05-26,17,34,66,90
Outside of Hotspots,2012-05-27,18,35,67,91
Outside of Hotspots,2012-05-28,18,35,67,91
Outside of Hotspots,2012-05-29,19,36,68,92
Outside of Hotspots,2012-05-30,19,36,68,92
Outside of Hotspots,2012-05-31,19,35,68,92
Outside of Hotspots,2012-06-01,18,35,68,92
Outside of Hotspots,2012-06-02,18,35,68,92
Outside of Hotspots,2012-06-03,18,34,68,92
Outside of Hotspots,2012-06-04,18,34,68,92
Outside of Hotspots,2012-06-05,18,34,68,92
Outside of Hotspots,2012-06-06,18,34,68,91
Outside of Hotspots,2012-06-07,18,34,68,90
Outside of Hotspots,2012-06-08,18,34,68,90
Outside of Hotspots,2012-06-09,18,34,68,90
Outside of Hotspots,2012-06-10,19,35,69,91
Outside of Hotspots,2012-06-11,19,35,69,90
Outside of Hotspots,2012-06-12,18,35,69,86
Outside of Hotspots,2012-06-13,18,35,68,86
Outside of Hotspots,2012-06-14,18,35,68,86
Outside of Hotspots,2012-06-15,18,35,68,86
Outside of Hotspots,2012-06-16,18,35,65,86
Outside of Hotspots,2012-06-17,19,35,65,85
Outside of Hotspots,2012-06-18,19,35,64,85
Outside of Hotspots,2012-06-19,19,34,64,85
Outside of Hotspots,2012-06-20,19,34,64,85
Outside of Hotspots,2012-06-21,19,34,64,85
Outside of Hotspots,2012-06-22,18,34,64,85
Outside of Hotspots,2012-06-23,18,34,64,85
Outside of Hotspots,2012-06-24,15,33,64,85
Outside of Hotspots,2012-06-25,15,33,63,85
Outside of Hotspots,2012-06-26,15,33,63,85
Outside of Hotspots,2012-06-27,14,33,63,85
Outside of Hotspots,2012-06-28,14,33,63,85
Outside of Hotspots,2012-06-29,14,33,62,85
Outside of Hotspots,2012-06-30,14,33,61,85
Outside of Hotspots,2012-07-01,14,33,61,85
Outside of Hotspots,2012-07-02,15,34,60,86
Outside of Hotspots,2012-07-03,16,34,58,86
Outside of Hotspots,2012-07-04,17,35,59,86
Outside of Hotspots,2012-07-05,17,35,59,86
Outside of Hotspots,2012-07-06,17,35,59,86
Outside of Hotspots,2012-07-07,17,35,58,86
Outside of Hotspots,2012-07-08,17,35,58,86
Outside of Hotspots,2012-07-09,17,35,58,84
Outside of Hotspots,2012-07-10,17,35,58,84
Outside of Hotspots,2012-07-11,17,34,58,84
Outside of Hotspots,2012-07-12,16,34,57,84
Outside of Hotspots,2012-07-13,16,34,54,83
Outside of Hotspots,2012-07-14,16,34,54,82
Outside of Hotspots,2012-07-15,17,35,55,83
Outside of Hotspots,2012-07-16,16,35,52,82
Outside of Hotspots,2012-07-17,16,35,52,82
Outside of Hotspots,2012-07-18,17,36,53,83
Outside of Hotspots,2012-07-19,17,36,53,83
Outside of Hotspots,2012-07-20,17,36,53,83
Outside of Hotspots,2012-07-21,18,36,54,84
Outside of Hotspots,2012-07-22,18,36,54,84
Outside of Hotspots,2012-07-23,18,35,54,84
Outside of Hotspots,2012-07-24,18,34,54,84
Outside of Hotspots,2012-07-25,18,33,54,84
Outside of Hotspots,2012-07-26,17,33,52,82
Outside of Hotspots,2012-07-27,17,33,51,82
Outside of Hotspots,2012-07-28,17,32,50,82
Outside of Hotspots,2012-07-29,16,32,50,81
Outside of Hotspots,2012-07-30,16,32,47,81
Outside of Hotspots,2012-07-31,17,33,48,82
Outside of Hotspots,2012-08-01,17,33,48,81
Outside of Hotspots,2012-08-02,17,32,48,81
Outside of Hotspots,2012-08-03,17,32,48,80
Outside of Hotspots,2012-08-04,17,31,47,80
Outside of Hotspots,2012-08-05,17,31,47,80
Outside of Hotspots,2012-08-06,17,30,47,80
Outside of Hotspots,2012-08-07,17,30,47,80
Outside of Hotspots,2012-08-08,17,30,47,80
Outside of Hotspots,2012-08-09,17,30,47,80
Outside of Hotspots,2012-08-10,19,32,49,82
Outside of Hotspots,2012-08-11,18,32,49,82
Outside of Hotspots,2012-08-12,17,32,49,82
Outside of Hotspots,2012-08-13,17,31,49,81
Outside of Hotspots,2012-08-14,17,31,49,81
Outside of Hotspots,2012-08-15,15,31,49,81
Outside of Hotspots,2012-08-16,16,31,50,81
Outside of Hotspots,2012-08-17,17,32,50,82
Outside of Hotspots,2012-08-18,17,32,50,82
Outside of Hotspots,2012-08-19,17,32,50,82
Outside of Hotspots,2012-08-20,17,32,50,81
Outside of Hotspots,2012-08-21,19,34,52,83
Outside of Hotspots,2012-08-22,18,34,51,83
Outside of Hotspots,2012-08-23,17,34,51,83
Outside of Hotspots,2012-08-24,17,34,51,83
Outside of Hotspots,2012-08-25,16,34,51,83
Outside of Hotspots,2012-08-26,16,34,51,83
Outside of Hotspots,2012-08-27,15,34,51,83
Outside of Hotspots,2012-08-28,15,34,51,83
Outside of Hotspots,2012-08-29,15,34,50,83
Outside of Hotspots,2012-08-30,15,33,50,83
Outside of Hotspots,2012-08-31,15,33,50,83
Outside of Hotspots,2012-09-01,15,33,49,83
Outside of Hotspots,2012-09-02,15,33,49,83
Outside of Hotspots,2012-09-03,15,33,49,83
Outside of Hotspots,2012-09-04,15,33,49,83
Outside of Hotspots,2012-09-05,15,33,49,83
Outside of Hotspots,2012-09-06,15,33,49,83
Outside of Hotspots,2012-09-07,15,33,49,83
Outside of Hotspots,2012-09-08,14,33,49,83
Outside of Hotspots,2012-09-09,14,33,49,83
Outside of Hotspots,2012-09-10,14,32,49,83
Outside of Hotspots,2012-09-11,14,32,49,82
Outside of Hotspots,2012-09-12,14,32,49,82
Outside of Hotspots,2012-09-13,14,32,49,82
Outside of Hotspots,2012-09-14,14,32,49,79
Outside of Hotspots,2012-09-15,14,33,49,79
Outside of Hotspots,2012-09-16,14,33,49,78
Outside of Hotspots,2012-09-17,14,33,48,78
Outside of Hotspots,2012-09-18,14,33,48,78
Outside of Hotspots,2012-09-19,14,33,48,78
Outside of Hotspots,2012-09-20,14,32,48,78
Outside of Hotspots,2012-09-21,15,33,49,79
Outside of Hotspots,2012-09-22,15,30,48,79
Outside of Hotspots,2012-09-23,15,30,48,78
Outside of Hotspots,2012-09-24,15,30,48,78
Outside of Hotspots,2012-09-25,15,29,48,78
Outside of Hotspots,2012-09-26,15,29,48,78
Outside of Hotspots,2012-09-27,15,29,48,77
Outside of Hotspots,2012-09-28,15,29,48,76
Outside of Hotspots,2012-09-29,15,29,48,76
Outside of Hotspots,2012-09-30,14,29,48,74
Outside of Hotspots,2012-10-01,13,29,47,71
Outside of Hotspots,2012-10-02,12,29,47,71
Outside of Hotspots,2012-10-03,12,29,47,71
Outside of Hotspots,2012-10-04,12,29,47,71
Outside of Hotspots,2012-10-05,13,30,48,71
Outside of Hotspots,2012-10-06,13,30,48,71
Outside of Hotspots,2012-10-07,13,30,48,71
Outside of Hotspots,2012-10-08,13,30,48,71
Outside of Hotspots,2012-10-09,13,30,47,71
Outside of Hotspots,2012-10-10,13,29,47,70
Outside of Hotspots,2012-10-11,13,29,47,67
Outside of Hotspots,2012-10-12,13,29,47,67
Outside of Hotspots,2012-10-13,12,29,47,67
Outside of Hotspots,2012-10-14,12,28,47,64
Outside of Hotspots,2012-10-15,13,29,48,65
Outside of Hotspots,2012-10-16,13,30,49,66
Outside of Hotspots,2012-10-17,13,30,49,66
Outside of Hotspots,2012-10-18,13,30,49,66
Outside of Hotspots,2012-10-19,12,30,48,66
Outside of Hotspots,2012-10-20,12,30,48,66
Outside of Hotspots,2012-10-21,12,30,47,66
Outside of Hotspots,2012-10-22,12,30,46,66
Outside of Hotspots,2012-10-23,12,30,45,66
Outside of Hotspots,2012-10-24,12,29,45,64
Outside of Hotspots,2012-10-25,12,29,45,63
Outside of Hotspots,2012-10-26,12,29,44,62
Outside of Hotspots,2012-10-27,12,28,44,62
Outside of Hotspots,2012-10-28,12,28,44,59
Outside of Hotspots,2012-10-29,11,28,44,59
Outside of Hotspots,2012-10-30,11,28,44,59
Outside of Hotspots,2012-10-31,11,28,43,59
Outside of Hotspots,2012-11-01,11,28,43,59
Outside of Hotspots,2012-11-02,11,28,42,58
Outside of Hotspots,2012-11-03,11,28,42,58
Outside of Hotspots,2012-11-04,11,28,41,58
Outside of Hotspots,2012-11-05,11,28,41,58
Outside of Hotspots,2012-11-06,11,28,41,58
Outside of Hotspots,2012-11-07,11,28,41,58
Outside of Hotspots,2012-11-08,9,28,41,58
Outside of Hotspots,2012-11-09,9,27,41,58
Outside of Hotspots,2012-11-10,9,26,41,58
Outside of Hotspots,2012-11-11,10,27,41,59
Outside of Hotspots,2012-11-12,11,28,42,60
Outside of Hotspots,2012-11-13,12,27,43,61
Outside of Hotspots,2012-11-14,11,27,42,61
Outside of Hotspots,2012-11-15,10,27,42,60
Outside of Hotspots,2012-11-16,11,28,43,61
Outside of Hotspots,2012-11-17,11,28,43,61
Outside of Hotspots,2012-11-18,11,28,43,61
Outside of Hotspots,2012-11-19,9,28,43,61
Outside of Hotspots,2012-11-20,10,28,44,61
Outside of Hotspots,2012-11-21,10,27,44,61
Outside of Hotspots,2012-11-22,10,27,44,61
Outside of Hotspots,2012-11-23,10,26,44,61
Outside of Hotspots,2012-11-24,11,27,45,62
Outside of Hotspots,2012-11-25,12,27,46,63
Outside of Hotspots,2012-11-26,12,27,46,63
Outside of Hotspots,2012-11-27,12,27,46,62
Outside of Hotspots,2012-11-28,12,27,45,62
Outside of Hotspots,2012-11-29,12,27,45,62
Outside of Hotspots,2012-11-30,13,28,46,62
Outside of Hotspots,2012-12-01,13,28,46,62
Outside of Hotspots,2012-12-02,13,28,46,62
Outside of Hotspots,2012-12-03,13,28,46,62
Outside of Hotspots,2012-12-04,13,28,46,62
Outside of Hotspots,2012-12-05,13,28,46,62
Outside of Hotspots,2012-12-06,13,28,46,62
Outside of Hotspots,2012-12-07,13,27,46,62
Outside of Hotspots,2012-12-08,13,27,46,62
Outside of Hotspots,2012-12-09,13,27,45,62
Outside of Hotspots,2012-12-10,13,27,45,62
Outside of Hotspots,2012-12-11,13,27,45,62
Outside of Hotspots,2012-12-12,13,27,45,62
Outside of Hotspots,2012-12-13,13,27,45,62
Outside of Hotspots,2012-12-14,13,27,46,62
Outside of Hotspots,2012-12-15,13,27,46,62
Outside of Hotspots,2012-12-16,13,27,46,61
Outside of Hotspots,2012-12-17,13,27,46,61
Outside of Hotspots,2012-12-18,13,27,46,61
Outside of Hotspots,2012-12-19,13,27,45,61
Outside of Hotspots,2012-12-20,12,27,45,61
Outside of Hotspots,2012-12-21,12,27,42,60
Outside of Hotspots,2012-12-22,12,27,42,60
Outside of Hotspots,2012-12-23,12,27,42,60
Outside of Hotspots,2012-12-24,12,27,41,60
Outside of Hotspots,2012-12-25,12,27,41,60
Outside of Hotspots,2012-12-26,12,27,41,60
Outside of Hotspots,2012-12-27,12,27,41,60
Outside of Hotspots,2012-12-28,12,27,41,60
Outside of Hotspots,2012-12-29,12,26,41,60
Outside of Hotspots,2012-12-30,12,25,41,59
Outside of Hotspots,2012-12-31,12,24,41,59
Outside of Hotspots,2013-01-01,12,24,41,59
Outside of Hotspots,2013-01-02,12,24,41,59
Outside of Hotspots,2013-01-03,12,25,42,60
Outside of Hotspots,2013-01-04,12,25,42,60
Outside of Hotspots,2013-01-05,12,25,42,60
Outside of Hotspots,2013-01-06,12,25,42,60
Outside of Hotspots,2013-01-07,12,25,42,59
Outside of Hotspots,2013-01-08,12,25,41,59
Outside of Hotspots,2013-01-09,13,26,42,60
Outside of Hotspots,2013-01-10,13,26,42,60
Outside of Hotspots,2013-01-11,13,25,42,60
Outside of Hotspots,2013-01-12,13,25,41,60
Outside of Hotspots,2013-01-13,12,25,41,60
Outside of Hotspots,2013-01-14,11,24,41,60
Outside of Hotspots,2013-01-15,12,25,42,61
Outside of Hotspots,2013-01-16,12,25,42,61
Outside of Hotspots,2013-01-17,13,25,43,61
Outside of Hotspots,2013-01-18,13,25,43,61
Outside of Hotspots,2013-01-19,13,25,43,60
Outside of Hotspots,2013-01-20,13,25,43,59
Outside of Hotspots,2013-01-21,13,25,43,58
Outside of Hotspots,2013-01-22,13,25,42,58
Outside of Hotspots,2013-01-23,14,26,43,59
Outside of Hotspots,2013-01-24,14,26,43,58
Outside of Hotspots,2013-01-25,14,26,42,58
Outside of Hotspots,2013-01-26,14,26,42,58
Outside of Hotspots,2013-01-27,15,26,43,59
Outside of Hotspots,2013-01-28,16,27,44,60
Outside of Hotspots,2013-01-29,16,27,44,59
Outside of Hotspots,2013-01-30,16,27,44,59
Outside of Hotspots,2013-01-31,17,28,45,59
Outside of Hotspots,2013-02-01,17,28,45,59
Outside of Hotspots,2013-02-02,17,28,45,58
Outside of Hotspots,2013-02-03,17,28,45,58
Outside of Hotspots,2013-02-04,17,28,45,58
Outside of Hotspots,2013-02-05,17,28,45,58
Outside of Hotspots,2013-02-06,17,26,45,58
Outside of Hotspots,2013-02-07,17,26,44,58
Outside of Hotspots,2013-02-08,17,26,43,58
Outside of Hotspots,2013-02-09,16,26,43,57
Outside of Hotspots,2013-02-10,15,26,43,57
Outside of Hotspots,2013-02-11,14,26,41,57
Outside of Hotspots,2013-02-12,14,25,41,56
Outside of Hotspots,2013-02-13,14,24,41,56
Outside of Hotspots,2013-02-14,14,25,42,57
Outside of Hotspots,2013-02-15,14,25,42,57
Outside of Hotspots,2013-02-16,14,25,42,57
Outside of Hotspots,2013-02-17,14,23,42,57
Outside of Hotspots,2013-02-18,13,23,41,57
Outside of Hotspots,2013-02-19,13,23,40,57
Outside of Hotspots,2013-02-20,13,23,40,57
Outside of Hotspots,2013-02-21,13,23,39,57
Outside of Hotspots,2013-02-22,12,23,39,57
Outside of Hotspots,2013-02-23,11,23,38,57
Outside of Hotspots,2013-02-24,12,24,39,58
Outside of Hotspots,2013-02-25,12,24,39,58
Outside of Hotspots,2013-02-26,12,24,39,57
Outside of Hotspots,2013-02-27,13,25,40,58
Outside of Hotspots,2013-02-28,12,25,40,58
Outside of Hotspots,2013-03-01,12,25,40,58
Outside of Hotspots,2013-03-02,12,25,40,58
Outside of Hotspots,2013-03-03,12,25,40,58
Outside of Hotspots,2013-03-04,13,26,41,59
Outside of Hotspots,2013-03-05,13,26,41,59
Outside of Hotspots,2013-03-06,13,26,41,59
Outside of Hotspots,2013-03-07,13,26,40,59
Outside of Hotspots,2013-03-08,13,26,40,59
Outside of Hotspots,2013-03-09,13,26,40,58
Outside of Hotspots,2013-03-10,13,26,40,58
Outside of Hotspots,2013-03-11,13,26,40,58
Outside of Hotspots,2013-03-12,13,26,40,58
Outside of Hotspots,2013-03-13,13,26,40,58
Outside of Hotspots,2013-03-14,12,25,39,58
Outside of Hotspots,2013-03-15,12,25,39,58
Outside of Hotspots,2013-03-16,13,26,40,59
Outside of Hotspots,2013-03-17,13,26,40,59
Outside of Hotspots,2013-03-18,13,26,40,59
Outside of Hotspots,2013-03-19,13,26,40,58
Outside of Hotspots,2013-03-20,13,25,40,58
Outside of Hotspots,2013-03-21,13,25,40,55
Outside of Hotspots,2013-03-22,13,25,40,55
Outside of Hotspots,2013-03-23,13,25,40,55
Outside of Hotspots,2013-03-24,14,26,41,55
Outside of Hotspots,2013-03-25,14,26,41,55
Outside of Hotspots,2013-03-26,15,27,42,56
Outside of Hotspots,2013-03-27,16,28,43,57
Outside of Hotspots,2013-03-28,17,29,44,58
Outside of Hotspots,2013-03-29,17,29,43,58
Outside of Hotspots,2013-03-30,17,29,42,58
Outside of Hotspots,2013-03-31,17,29,41,58
Outside of Hotspots,2013-04-01,18,30,42,59
Outside of Hotspots,2013-04-02,19,31,43,60
Outside of Hotspots,2013-04-03,18,30,43,60
Outside of Hotspots,2013-04-04,18,30,43,60
Outside of Hotspots,2013-04-05,19,31,44,61
Outside of Hotspots,2013-04-06,19,31,44,61
Outside of Hotspots,2013-04-07,19,31,44,61
Outside of Hotspots,2013-04-08,19,31,44,60
Outside of Hotspots,2013-04-09,18,31,44,60
Outside of Hotspots,2013-04-10,18,31,44,60
Outside of Hotspots,2013-04-11,19,32,44,61
Outside of Hotspots,2013-04-12,19,32,44,60
Outside of Hotspots,2013-04-13,20,32,45,61
Outside of Hotspots,2013-04-14,21,32,45,62
Outside of Hotspots,2013-04-15,21,33,46,63
Outside of Hotspots,2013-04-16,22,34,47,64
Outside of Hotspots,2013-04-17,21,34,46,64
Outside of Hotspots,2013-04-18,22,35,47,65
Outside of Hotspots,2013-04-19,22,35,47,65
Outside of Hotspots,2013-04-20,22,35,47,65
Outside of Hotspots,2013-04-21,22,35,47,65
Outside of Hotspots,2013-04-22,22,35,47,64
Outside of Hotspots,2013-04-23,21,35,47,64
Outside of Hotspots,2013-04-24,21,35,47,64
Outside of Hotspots,2013-04-25,21,35,47,63
Outside of Hotspots,2013-04-26,21,35,47,63
Outside of Hotspots,2013-04-27,20,35,46,63
Outside of Hotspots,2013-04-28,19,35,46,63
Outside of Hotspots,2013-04-29,19,35,46,63
Outside of Hotspots,2013-04-30,19,35,46,63
Outside of Hotspots,2013-05-01,18,35,46,63
Outside of Hotspots,2013-05-02,18,35,46,63
Outside of Hotspots,2013-05-03,18,35,46,63
Outside of Hotspots,2013-05-04,18,35,46,63
Outside of Hotspots,2013-05-05,19,36,47,64
Outside of Hotspots,2013-05-06,19,36,47,64
Outside of Hotspots,2013-05-07,19,36,45,64
Outside of Hotspots,2013-05-08,19,36,45,63
Outside of Hotspots,2013-05-09,19,36,45,62
Outside of Hotspots,2013-05-10,19,35,45,62
Outside of Hotspots,2013-05-11,19,34,45,62
Outside of Hotspots,2013-05-12,20,34,46,61
Outside of Hotspots,2013-05-13,20,34,45,61
Outside of Hotspots,2013-05-14,20,34,44,61
Outside of Hotspots,2013-05-15,19,33,44,61
Outside of Hotspots,2013-05-16,19,33,44,61
Outside of Hotspots,2013-05-17,19,33,44,61
Outside of Hotspots,2013-05-18,20,34,43,62
Outside of Hotspots,2013-05-19,20,33,43,61
Outside of Hotspots,2013-05-20,20,33,43,60
Outside of Hotspots,2013-05-21,22,35,45,62
Outside of Hotspots,2013-05-22,22,35,45,61
Outside of Hotspots,2013-05-23,23,35,46,62
Outside of Hotspots,2013-05-24,24,35,47,62
Outside of Hotspots,2013-05-25,23,35,47,62
Outside of Hotspots,2013-05-26,23,35,47,62
Outside of Hotspots,2013-05-27,25,37,49,64
Outside of Hotspots,2013-05-28,24,37,49,64
Outside of Hotspots,2013-05-29,24,36,49,64
Outside of Hotspots,2013-05-30,24,36,49,64
Outside of Hotspots,2013-05-31,24,36,49,64
Outside of Hotspots,2013-06-01,25,37,50,65
Outside of Hotspots,2013-06-02,24,37,50,65
Outside of Hotspots,2013-06-03,24,37,50,65
Outside of Hotspots,2013-06-04,24,37,50,65
Outside of Hotspots,2013-06-05,24,37,50,64
Outside of Hotspots,2013-06-06,24,37,50,64
Outside of Hotspots,2013-06-07,24,37,50,64
Outside of Hotspots,2013-06-08,24,37,50,64
Outside of Hotspots,2013-06-09,24,37,50,64
Outside of Hotspots,2013-06-10,24,37,50,64
Outside of Hotspots,2013-06-11,24,37,50,64
Outside of Hotspots,2013-06-12,24,36,49,63
Outside of Hotspots,2013-06-13,24,36,49,63
Outside of Hotspots,2013-06-14,23,36,49,63
Outside of Hotspots,2013-06-15,23,36,49,63
Outside of Hotspots,2013-06-16,23,36,49,63
Outside of Hotspots,2013-06-17,23,36,49,63
Outside of Hotspots,2013-06-18,23,36,48,63
Outside of Hotspots,2013-06-19,24,37,49,64
Outside of Hotspots,2013-06-20,24,37,49,64
Outside of Hotspots,2013-06-21,24,37,49,64
Outside of Hotspots,2013-06-22,23,37,49,64
Outside of Hotspots,2013-06-23,23,37,49,64
Outside of Hotspots,2013-06-24,22,37,49,64
Outside of Hotspots,2013-06-25,21,37,49,64
Outside of Hotspots,2013-06-26,21,38,50,65
Outside of Hotspots,2013-06-27,21,38,50,64
Outside of Hotspots,2013-06-28,21,38,50,63
Outside of Hotspots,2013-06-29,21,38,50,62
Outside of Hotspots,2013-06-30,21,39,51,63
Outside of Hotspots,2013-07-01,20,39,51,63
Outside of Hotspots,2013-07-02,20,38,50,63
Outside of Hotspots,2013-07-03,20,38,50,63
Outside of Hotspots,2013-07-04,19,38,50,63
Outside of Hotspots,2013-07-05,19,38,50,63
Outside of Hotspots,2013-07-06,19,38,50,63
Outside of Hotspots,2013-07-07,19,38,50,63
Outside of Hotspots,2013-07-08,19,37,50,63
Outside of Hotspots,2013-07-09,19,37,50,63
Outside of Hotspots,2013-07-10,18,37,50,62
Outside of Hotspots,2013-07-11,18,37,50,62
Outside of Hotspots,2013-07-12,17,37,49,62
Outside of Hotspots,2013-07-13,16,37,48,61
Outside of Hotspots,2013-07-14,15,36,48,61
Outside of Hotspots,2013-07-15,14,36,48,61
Outside of Hotspots,2013-07-16,14,35,48,60
Outside of Hotspots,2013-07-17,13,35,48,60
Outside of Hotspots,2013-07-18,13,35,48,60
Outside of Hotspots,2013-07-19,14,36,49,61
Outside of Hotspots,2013-07-20,14,36,49,61
Outside of Hotspots,2013-07-21,14,36,49,61
Outside of Hotspots,2013-07-22,14,35,49,61
Outside of Hotspots,2013-07-23,14,35,49,61
Outside of Hotspots,2013-07-24,15,36,50,62
Outside of Hotspots,2013-07-25,15,36,50,62
Outside of Hotspots,2013-07-26,15,35,50,61
Outside of Hotspots,2013-07-27,16,35,51,62
Outside of Hotspots,2013-07-28,16,35,51,62
Outside of Hotspots,2013-07-29,16,35,51,62
Outside of Hotspots,2013-07-30,16,34,51,62
Outside of Hotspots,2013-07-31,18,36,53,64
Outside of Hotspots,2013-08-01,18,36,53,64
Outside of Hotspots,2013-08-02,18,36,53,64
Outside of Hotspots,2013-08-03,17,36,53,64
Outside of Hotspots,2013-08-04,17,36,53,64
Outside of Hotspots,2013-08-05,17,36,53,62
Outside of Hotspots,2013-08-06,17,36,53,62
Outside of Hotspots,2013-08-07,17,36,53,62
Outside of Hotspots,2013-08-08,17,36,52,62
Outside of Hotspots,2013-08-09,17,36,51,62
Outside of Hotspots,2013-08-10,16,36,50,62
Outside of Hotspots,2013-08-11,16,36,50,61
Outside of Hotspots,2013-08-12,16,36,50,60
Outside of Hotspots,2013-08-13,16,35,49,60
Outside of Hotspots,2013-08-14,16,35,49,60
Outside of Hotspots,2013-08-15,16,35,49,60
Outside of Hotspots,2013-08-16,15,35,49,58
Outside of Hotspots,2013-08-17,15,35,48,58
Outside of Hotspots,2013-08-18,15,35,48,58
Outside of Hotspots,2013-08-19,13,35,48,58
Outside of Hotspots,2013-08-20,13,35,48,58
Outside of Hotspots,2013-08-21,12,35,47,58
Outside of Hotspots,2013-08-22,11,35,46,58
Outside of Hotspots,2013-08-23,11,34,46,58
Outside of Hotspots,2013-08-24,11,34,46,58
Outside of Hotspots,2013-08-25,9,34,46,58
Outside of Hotspots,2013-08-26,9,33,46,58
Outside of Hotspots,2013-08-27,9,33,45,58
Outside of Hotspots,2013-08-28,9,33,45,58
Outside of Hotspots,2013-08-29,9,33,45,58
Outside of Hotspots,2013-08-30,8,33,45,58
Outside of Hotspots,2013-08-31,9,33,46,59
Outside of Hotspots,2013-09-01,9,33,46,59
Outside of Hotspots,2013-09-02,9,33,46,59
Outside of Hotspots,2013-09-03,9,33,46,59
Outside of Hotspots,2013-09-04,9,33,46,59
Outside of Hotspots,2013-09-05,9,33,46,59
Outside of Hotspots,2013-09-06,9,33,46,59
Outside of Hotspots,2013-09-07,9,33,46,59
Outside of Hotspots,2013-09-08,9,33,46,59
Outside of Hotspots,2013-09-09,9,33,46,59
Outside of Hotspots,2013-09-10,9,33,45,58
Outside of Hotspots,2013-09-11,9,33,45,58
Outside of Hotspots,2013-09-12,9,32,45,58
Outside of Hotspots,2013-09-13,9,32,45,58
Outside of Hotspots,2013-09-14,9,32,45,58
Outside of Hotspots,2013-09-15,9,32,45,58
Outside of Hotspots,2013-09-16,9,32,45,57
Outside of Hotspots,2013-09-17,8,32,45,57
Outside of Hotspots,2013-09-18,8,32,45,57
Outside of Hotspots,2013-09-19,8,32,45,57
Outside of Hotspots,2013-09-20,8,31,45,57
Outside of Hotspots,2013-09-21,8,31,45,57
Outside of Hotspots,2013-09-22,8,30,45,57
Outside of Hotspots,2013-09-23,9,30,46,58
Outside of Hotspots,2013-09-24,8,29,46,58
Outside of Hotspots,2013-09-25,8,29,46,58
Outside of Hotspots,2013-09-26,9,30,47,59
Outside of Hotspots,2013-09-27,9,30,47,59
Outside of Hotspots,2013-09-28,8,29,47,59
Outside of Hotspots,2013-09-29,8,28,47,59
Outside of Hotspots,2013-09-30,8,28,46,58
Outside of Hotspots,2013-10-01,9,29,47,59
Outside of Hotspots,2013-10-02,9,28,47,59
Outside of Hotspots,2013-10-03,10,29,48,60
Outside of Hotspots,2013-10-04,10,29,48,60
Outside of Hotspots,2013-10-05,10,29,48,60
Outside of Hotspots,2013-10-06,11,30,48,61
Outside of Hotspots,2013-10-07,11,30,48,61
Outside of Hotspots,2013-10-08,11,29,48,61
Outside of Hotspots,2013-10-09,11,29,48,61
Outside of Hotspots,2013-10-10,11,28,48,60
Outside of Hotspots,2013-10-11,11,27,48,59
Outside of Hotspots,2013-10-12,11,26,47,59
Outside of Hotspots,2013-10-13,11,25,47,59
Outside of Hotspots,2013-10-14,11,25,46,59
Outside of Hotspots,2013-10-15,12,25,47,60
Outside of Hotspots,2013-10-16,12,25,47,60
Outside of Hotspots,2013-10-17,11,25,47,60
Outside of Hotspots,2013-10-18,11,25,47,60
Outside of Hotspots,2013-10-19,12,26,48,61
Outside of Hotspots,2013-10-20,14,28,49,63
Outside of Hotspots,2013-10-21,14,28,49,63
Outside of Hotspots,2013-10-22,14,29,50,64
Outside of Hotspots,2013-10-23,14,29,50,64
Outside of Hotspots,2013-10-24,14,29,49,64
Outside of Hotspots,2013-10-25,13,29,48,64
Outside of Hotspots,2013-10-26,13,29,48,64
Outside of Hotspots,2013-10-27,13,29,48,64
Outside of Hotspots,2013-10-28,13,29,47,64
Outside of Hotspots,2013-10-29,11,29,47,64
Outside of Hotspots,2013-10-30,12,30,48,65
Outside of Hotspots,2013-10-31,12,30,48,65
Outside of Hotspots,2013-11-01,12,29,48,65
Outside of Hotspots,2013-11-02,12,29,48,65
Outside of Hotspots,2013-11-03,12,29,48,65
Outside of Hotspots,2013-11-04,12,29,48,65
Outside of Hotspots,2013-11-05,12,29,48,65
Outside of Hotspots,2013-11-06,13,30,49,65
Outside of Hotspots,2013-11-07,13,30,49,64
Outside of Hotspots,2013-11-08,13,29,49,63
Outside of Hotspots,2013-11-09,14,30,50,64
Outside of Hotspots,2013-11-10,15,31,51,65
Outside of Hotspots,2013-11-11,16,32,51,65
Outside of Hotspots,2013-11-12,16,32,51,65
Outside of Hotspots,2013-11-13,17,33,52,66
Outside of Hotspots,2013-11-14,17,32,52,66
Outside of Hotspots,2013-11-15,17,32,52,65
Outside of Hotspots,2013-11-16,17,32,52,65
Outside of Hotspots,2013-11-17,17,30,52,65
Outside of Hotspots,2013-11-18,17,30,52,65
Outside of Hotspots,2013-11-19,18,30,53,65
Outside of Hotspots,2013-11-20,18,29,53,64
Outside of Hotspots,2013-11-21,20,31,54,66
Outside of Hotspots,2013-11-22,20,31,54,66
Outside of Hotspots,2013-11-23,20,29,54,66
Outside of Hotspots,2013-11-24,21,30,54,67
Outside of Hotspots,2013-11-25,22,31,55,67
Outside of Hotspots,2013-11-26,23,32,56,68
Outside of Hotspots,2013-11-27,23,32,56,68
Outside of Hotspots,2013-11-28,23,31,56,68
Outside of Hotspots,2013-11-29,22,31,55,68
Outside of Hotspots,2013-11-30,22,31,55,68
Outside of Hotspots,2013-12-01,22,31,55,68
Outside of Hotspots,2013-12-02,22,31,55,68
Outside of Hotspots,2013-12-03,22,31,55,68
Outside of Hotspots,2013-12-04,23,32,56,69
Outside of Hotspots,2013-12-05,23,32,56,69
Outside of Hotspots,2013-12-06,23,32,56,69
Outside of Hotspots,2013-12-07,23,32,56,69
Outside of Hotspots,2013-12-08,23,32,56,69
Outside of Hotspots,2013-12-09,23,32,56,68
Outside of Hotspots,2013-12-10,23,32,56,68
Outside of Hotspots,2013-12-11,23,32,55,68
Outside of Hotspots,2013-12-12,23,32,55,68
Outside of Hotspots,2013-12-13,23,32,55,68
Outside of Hotspots,2013-12-14,23,32,55,68
Outside of Hotspots,2013-12-15,23,32,55,68
Outside of Hotspots,2013-12-16,23,31,55,68
Outside of Hotspots,2013-12-17,23,31,55,68
Outside of Hotspots,2013-12-18,23,31,55,68
Outside of Hotspots,2013-12-19,24,32,55,69
Outside of Hotspots,2013-12-20,24,32,55,69
Outside of Hotspots,2013-12-21,24,32,54,69
Outside of Hotspots,2013-12-22,24,33,54,70
Outside of Hotspots,2013-12-23,24,32,53,70
Outside of Hotspots,2013-12-24,24,32,53,70
Outside of Hotspots,2013-12-25,23,32,53,70
Outside of Hotspots,2013-12-26,23,32,53,70
Outside of Hotspots,2013-12-27,23,31,52,70
Outside of Hotspots,2013-12-28,24,32,52,71
Outside of Hotspots,2013-12-29,24,32,52,70
Outside of Hotspots,2013-12-30,23,32,52,70
Outside of Hotspots,2013-12-31,24,33,52,71
Outside of Hotspots,2014-01-01,23,33,52,71
Outside of Hotspots,2014-01-02,23,33,52,71
Outside of Hotspots,2014-01-03,23,33,52,71
Outside of Hotspots,2014-01-04,22,33,52,70
Outside of Hotspots,2014-01-05,22,33,52,70
Outside of Hotspots,2014-01-06,22,33,51,70
Outside of Hotspots,2014-01-07,22,33,51,70
Outside of Hotspots,2014-01-08,23,34,51,71
Outside of Hotspots,2014-01-09,23,34,50,71
Outside of Hotspots,2014-01-10,23,34,49,70
Outside of Hotspots,2014-01-11,23,34,48,70
Outside of Hotspots,2014-01-12,23,34,48,69
Outside of Hotspots,2014-01-13,22,34,47,69
Outside of Hotspots,2014-01-14,22,34,47,69
Outside of Hotspots,2014-01-15,22,33,47,69
Outside of Hotspots,2014-01-16,23,34,48,70
Outside of Hotspots,2014-01-17,23,35,49,71
Outside of Hotspots,2014-01-18,22,36,50,71
Outside of Hotspots,2014-01-19,22,36,50,71
Outside of Hotspots,2014-01-20,21,35,50,71
Outside of Hotspots,2014-01-21,21,35,50,71
Outside of Hotspots,2014-01-22,21,35,50,70
Outside of Hotspots,2014-01-23,21,34,50,69
Outside of Hotspots,2014-01-24,22,35,51,70
Outside of Hotspots,2014-01-25,22,35,51,70
Outside of Hotspots,2014-01-26,22,35,51,69
Outside of Hotspots,2014-01-27,22,33,51,69
Outside of Hotspots,2014-01-28,22,34,52,70
Outside of Hotspots,2014-01-29,22,34,52,70
Outside of Hotspots,2014-01-30,22,34,51,70
Outside of Hotspots,2014-01-31,22,34,51,70
Outside of Hotspots,2014-02-01,22,34,51,70
Outside of Hotspots,2014-02-02,22,34,51,70
Outside of Hotspots,2014-02-03,22,34,51,70
Outside of Hotspots,2014-02-04,22,35,52,71
Outside of Hotspots,2014-02-05,22,35,52,71
Outside of Hotspots,2014-02-06,22,35,51,71
Outside of Hotspots,2014-02-07,21,35,51,71
Outside of Hotspots,2014-02-08,20,35,51,71
Outside of Hotspots,2014-02-09,20,36,52,71
Outside of Hotspots,2014-02-10,22,38,54,73
Outside of Hotspots,2014-02-11,21,38,54,73
Outside of Hotspots,2014-02-12,21,38,53,73
Outside of Hotspots,2014-02-13,22,39,54,74
Outside of Hotspots,2014-02-14,22,39,54,74
Outside of Hotspots,2014-02-15,22,39,52,74
Outside of Hotspots,2014-02-16,22,39,52,74
Outside of Hotspots,2014-02-17,21,39,51,74
Outside of Hotspots,2014-02-18,21,39,50,74
Outside of Hotspots,2014-02-19,19,39,50,73
Outside of Hotspots,2014-02-20,20,40,51,74
Outside of Hotspots,2014-02-21,20,40,49,74
Outside of Hotspots,2014-02-22,19,40,49,73
Outside of Hotspots,2014-02-23,18,40,49,73
Outside of Hotspots,2014-02-24,17,40,49,73
Outside of Hotspots,2014-02-25,17,40,49,73
Outside of Hotspots,2014-02-26,17,40,48,73
Outside of Hotspots,2014-02-27,17,39,48,72
Outside of Hotspots,2014-02-28,17,39,48,72
Outside of Hotspots,2014-03-01,17,39,48,72
Outside of Hotspots,2014-03-02,17,39,48,72
Outside of Hotspots,2014-03-03,17,39,48,72
Outside of Hotspots,2014-03-04,16,39,48,72
Outside of Hotspots,2014-03-05,16,39,48,72
Outside of Hotspots,2014-03-06,17,40,49,73
Outside of Hotspots,2014-03-07,17,40,49,73
Outside of Hotspots,2014-03-08,17,40,49,73
Outside of Hotspots,2014-03-09,18,41,50,74
Outside of Hotspots,2014-03-10,18,41,50,74
Outside of Hotspots,2014-03-11,18,41,50,73
Outside of Hotspots,2014-03-12,18,41,50,73
Outside of Hotspots,2014-03-13,18,41,50,73
Outside of Hotspots,2014-03-14,18,41,50,73
Outside of Hotspots,2014-03-15,18,41,50,73
Outside of Hotspots,2014-03-16,18,41,49,73
Outside of Hotspots,2014-03-17,18,41,49,73
Outside of Hotspots,2014-03-18,18,41,49,73
Outside of Hotspots,2014-03-19,17,41,49,72
Outside of Hotspots,2014-03-20,17,41,49,72
Outside of Hotspots,2014-03-21,17,41,49,71
Outside of Hotspots,2014-03-22,16,40,49,70
Outside of Hotspots,2014-03-23,16,40,48,69
Outside of Hotspots,2014-03-24,16,40,48,69
Outside of Hotspots,2014-03-25,16,39,48,69
Outside of Hotspots,2014-03-26,16,39,48,69
Outside of Hotspots,2014-03-27,16,39,47,68
Outside of Hotspots,2014-03-28,15,39,47,67
Outside of Hotspots,2014-03-29,15,39,47,67
Outside of Hotspots,2014-03-30,15,38,47,67
Outside of Hotspots,2014-03-31,14,38,47,66
Outside of Hotspots,2014-04-01,14,37,47,66
Outside of Hotspots,2014-04-02,14,37,47,66
Outside of Hotspots,2014-04-03,14,37,47,66
Outside of Hotspots,2014-04-04,14,36,47,66
Outside of Hotspots,2014-04-05,14,36,47,66
Outside of Hotspots,2014-04-06,14,36,47,65
Outside of Hotspots,2014-04-07,14,36,47,65
Outside of Hotspots,2014-04-08,13,36,47,64
Outside of Hotspots,2014-04-09,13,36,47,63
Outside of Hotspots,2014-04-10,13,36,47,62
Outside of Hotspots,2014-04-11,13,36,47,61
Outside of Hotspots,2014-04-12,14,37,48,62
Outside of Hotspots,2014-04-13,14,36,48,61
Outside of Hotspots,2014-04-14,14,36,48,61
Outside of Hotspots,2014-04-15,14,36,47,61
Outside of Hotspots,2014-04-16,13,36,47,61
Outside of Hotspots,2014-04-17,12,35,47,61
Outside of Hotspots,2014-04-18,12,34,48,62
Outside of Hotspots,2014-04-19,12,34,48,62
Outside of Hotspots,2014-04-20,12,33,47,62
Outside of Hotspots,2014-04-21,12,33,47,62
Outside of Hotspots,2014-04-22,12,33,47,62
Outside of Hotspots,2014-04-23,12,33,46,62
Outside of Hotspots,2014-04-24,11,33,46,62
Outside of Hotspots,2014-04-25,11,33,46,62
Outside of Hotspots,2014-04-26,11,33,46,62
Outside of Hotspots,2014-04-27,11,33,44,62
Outside of Hotspots,2014-04-28,10,32,44,62
Outside of Hotspots,2014-04-29,10,32,44,62
Outside of Hotspots,2014-04-30,10,32,44,61
Outside of Hotspots,2014-05-01,10,32,44,61
Outside of Hotspots,2014-05-02,10,32,44,61
Outside of Hotspots,2014-05-03,11,33,45,62
Outside of Hotspots,2014-05-04,11,33,45,62
Outside of Hotspots,2014-05-05,11,33,46,63
Outside of Hotspots,2014-05-06,11,33,46,63
Outside of Hotspots,2014-05-07,11,33,46,62
Outside of Hotspots,2014-05-08,11,32,46,62
Outside of Hotspots,2014-05-09,11,31,46,62
Outside of Hotspots,2014-05-10,10,30,46,62
Outside of Hotspots,2014-05-11,8,30,46,62
Outside of Hotspots,2014-05-12,8,29,46,62
Outside of Hotspots,2014-05-13,8,29,46,61
Outside of Hotspots,2014-05-14,7,29,46,61
Outside of Hotspots,2014-05-15,7,29,46,61
Outside of Hotspots,2014-05-16,7,29,46,59
Outside of Hotspots,2014-05-17,7,29,46,59
Outside of Hotspots,2014-05-18,7,28,46,58
Outside of Hotspots,2014-05-19,7,28,46,57
Outside of Hotspots,2014-05-20,7,26,46,57
Outside of Hotspots,2014-05-21,6,26,46,57
Outside of Hotspots,2014-05-22,6,26,46,55
Outside of Hotspots,2014-05-23,6,25,46,55
Outside of Hotspots,2014-05-24,6,24,46,55
Outside of Hotspots,2014-05-25,6,23,46,55
Outside of Hotspots,2014-05-26,6,23,46,55
Outside of Hotspots,2014-05-27,6,23,46,54
Outside of Hotspots,2014-05-28,6,23,45,54
Outside of Hotspots,2014-05-29,6,23,45,54
Outside of Hotspots,2014-05-30,6,23,45,54
Outside of Hotspots,2014-05-31,6,23,45,54
Outside of Hotspots,2014-06-01,6,23,45,54
Outside of Hotspots,2014-06-02,7,23,46,55
Outside of Hotspots,2014-06-03,7,23,46,55
Outside of Hotspots,2014-06-04,6,23,46,55
Outside of Hotspots,2014-06-05,6,23,46,55
Outside of Hotspots,2014-06-06,6,23,46,55
Outside of Hotspots,2014-06-07,5,23,46,55
Outside of Hotspots,2014-06-08,5,23,46,55
Outside of Hotspots,2014-06-09,5,23,46,55
Outside of Hotspots,2014-06-10,6,24,47,56
Outside of Hotspots,2014-06-11,6,24,47,56
Outside of Hotspots,2014-06-12,6,24,47,56
Outside of Hotspots,2014-06-13,6,24,47,56
Outside of Hotspots,2014-06-14,6,24,47,55
Outside of Hotspots,2014-06-15,6,24,47,55
Outside of Hotspots,2014-06-16,6,24,47,55
Outside of Hotspots,2014-06-17,6,23,47,55
Outside of Hotspots,2014-06-18,6,23,47,55
Outside of Hotspots,2014-06-19,6,23,47,55
Outside of Hotspots,2014-06-20,6,22,46,55
Outside of Hotspots,2014-06-21,6,22,46,54
Outside of Hotspots,2014-06-22,6,22,46,54
Outside of Hotspots,2014-06-23,6,22,45,54
Outside of Hotspots,2014-06-24,6,22,45,54
Outside of Hotspots,2014-06-25,7,23,46,54
Outside of Hotspots,2014-06-26,7,22,46,54
Outside of Hotspots,2014-06-27,7,22,46,54
Outside of Hotspots,2014-06-28,7,22,45,54
Outside of Hotspots,2014-06-29,7,21,45,54
Outside of Hotspots,2014-06-30,7,21,44,54
Outside of Hotspots,2014-07-01,7,21,44,54
Outside of Hotspots,2014-07-02,7,21,44,54
Outside of Hotspots,2014-07-03,7,21,43,54
Outside of Hotspots,2014-07-04,7,21,43,54
Outside of Hotspots,2014-07-05,7,21,43,54
Outside of Hotspots,2014-07-06,8,22,44,55
Outside of Hotspots,2014-07-07,8,21,44,55
Outside of Hotspots,2014-07-08,8,21,44,55
Outside of Hotspots,2014-07-09,8,21,44,55
Outside of Hotspots,2014-07-10,9,22,45,56
Outside of Hotspots,2014-07-11,9,23,46,57
Outside of Hotspots,2014-07-12,9,23,45,57
Outside of Hotspots,2014-07-13,9,23,45,57
Outside of Hotspots,2014-07-14,9,23,45,56
Outside of Hotspots,2014-07-15,9,22,45,56
Outside of Hotspots,2014-07-16,9,21,44,56
Outside of Hotspots,2014-07-17,8,20,42,56
Outside of Hotspots,2014-07-18,8,20,42,56
Outside of Hotspots,2014-07-19,8,20,41,55
Outside of Hotspots,2014-07-20,8,20,41,55
Outside of Hotspots,2014-07-21,8,20,41,55
Outside of Hotspots,2014-07-22,8,20,41,54
Outside of Hotspots,2014-07-23,8,19,41,54
Outside of Hotspots,2014-07-24,8,19,41,54
Outside of Hotspots,2014-07-25,8,19,41,54
Outside of Hotspots,2014-07-26,8,19,41,52
Outside of Hotspots,2014-07-27,8,18,40,52
Outside of Hotspots,2014-07-28,8,18,40,52
Outside of Hotspots,2014-07-29,8,18,40,52
Outside of Hotspots,2014-07-30,8,18,40,52
Outside of Hotspots,2014-07-31,8,18,40,52
Outside of Hotspots,2014-08-01,7,18,40,52
Outside of Hotspots,2014-08-02,7,18,40,52
Outside of Hotspots,2014-08-03,6,17,39,52
Outside of Hotspots,2014-08-04,8,19,41,54
Outside of Hotspots,2014-08-05,8,19,41,54
Outside of Hotspots,2014-08-06,8,19,40,54
Outside of Hotspots,2014-08-07,8,19,39,54
Outside of Hotspots,2014-08-08,8,18,38,54
Outside of Hotspots,2014-08-09,8,16,38,54
Outside of Hotspots,2014-08-10,8,16,37,54
Outside of Hotspots,2014-08-11,8,16,37,54
Outside of Hotspots,2014-08-12,8,15,37,54
Outside of Hotspots,2014-08-13,8,15,37,54
Outside of Hotspots,2014-08-14,9,16,38,55
Outside of Hotspots,2014-08-15,9,16,38,55
Outside of Hotspots,2014-08-16,9,16,37,55
Outside of Hotspots,2014-08-17,9,16,37,55
Outside of Hotspots,2014-08-18,9,16,35,55
Outside of Hotspots,2014-08-19,9,15,35,55
Outside of Hotspots,2014-08-20,10,16,36,56
Outside of Hotspots,2014-08-21,10,16,35,56
Outside of Hotspots,2014-08-22,10,16,34,56
Outside of Hotspots,2014-08-23,10,16,33,56
Outside of Hotspots,2014-08-24,10,16,33,56
Outside of Hotspots,2014-08-25,11,17,34,57
Outside of Hotspots,2014-08-26,11,17,34,56
Outside of Hotspots,2014-08-27,11,17,34,56
Outside of Hotspots,2014-08-28,11,17,34,56
Outside of Hotspots,2014-08-29,11,17,34,56
Outside of Hotspots,2014-08-30,11,17,34,56
Outside of Hotspots,2014-08-31,10,17,33,56
Outside of Hotspots,2014-09-01,10,17,33,56
Outside of Hotspots,2014-09-02,10,16,33,56
Outside of Hotspots,2014-09-03,11,17,34,57
Outside of Hotspots,2014-09-04,11,17,34,57
Outside of Hotspots,2014-09-05,11,16,34,57
Outside of Hotspots,2014-09-06,11,16,34,57
Outside of Hotspots,2014-09-07,11,16,34,57
Outside of Hotspots,2014-09-08,10,16,34,57
Outside of Hotspots,2014-09-09,10,16,34,57
Outside of Hotspots,2014-09-10,10,16,34,57
Outside of Hotspots,2014-09-11,10,16,34,57
Outside of Hotspots,2014-09-12,10,16,34,57
Outside of Hotspots,2014-09-13,10,16,34,57
Outside of Hotspots,2014-09-14,11,17,35,58
Outside of Hotspots,2014-09-15,11,17,34,58
Outside of Hotspots,2014-09-16,11,17,34,58
Outside of Hotspots,2014-09-17,11,17,34,58
Outside of Hotspots,2014-09-18,11,17,33,57
Outside of Hotspots,2014-09-19,11,17,33,57
Outside of Hotspots,2014-09-20,11,17,33,57
Outside of Hotspots,2014-09-21,11,17,33,56
Outside of Hotspots,2014-09-22,11,17,33,56
Outside of Hotspots,2014-09-23,10,17,33,56
Outside of Hotspots,2014-09-24,10,17,32,56
Outside of Hotspots,2014-09-25,10,17,32,56
Outside of Hotspots,2014-09-26,10,17,32,55
Outside of Hotspots,2014-09-27,10,17,31,55
Outside of Hotspots,2014-09-28,10,17,31,54
Outside of Hotspots,2014-09-29,11,18,32,55
Outside of Hotspots,2014-09-30,12,19,33,56
Outside of Hotspots,2014-10-01,12,19,33,55
Outside of Hotspots,2014-10-02,12,19,33,55
Outside of Hotspots,2014-10-03,12,19,33,55
Outside of Hotspots,2014-10-04,11,19,33,55
Outside of Hotspots,2014-10-05,12,20,33,56
Outside of Hotspots,2014-10-06,12,20,33,56
Outside of Hotspots,2014-10-07,12,20,33,56
Outside of Hotspots,2014-10-08,11,20,33,56
Outside of Hotspots,2014-10-09,10,19,33,56
Outside of Hotspots,2014-10-10,10,19,33,55
Outside of Hotspots,2014-10-11,10,19,33,55
Outside of Hotspots,2014-10-12,10,19,33,55
Outside of Hotspots,2014-10-13,10,19,32,55
Outside of Hotspots,2014-10-14,10,19,31,54
Outside of Hotspots,2014-10-15,10,18,30,52
Outside of Hotspots,2014-10-16,10,18,30,52
Outside of Hotspots,2014-10-17,10,18,30,51
Outside of Hotspots,2014-10-18,10,18,30,51
Outside of Hotspots,2014-10-19,10,18,30,51
Outside of Hotspots,2014-10-20,10,18,30,51
Outside of Hotspots,2014-10-21,11,19,30,52
Outside of Hotspots,2014-10-22,11,19,30,52
Outside of Hotspots,2014-10-23,11,19,30,52
Outside of Hotspots,2014-10-24,12,20,31,53
Outside of Hotspots,2014-10-25,12,20,30,52
Outside of Hotspots,2014-10-26,12,20,30,52
Outside of Hotspots,2014-10-27,12,20,30,52
Outside of Hotspots,2014-10-28,12,20,30,52
Outside of Hotspots,2014-10-29,12,20,30,52
Outside of Hotspots,2014-10-30,12,19,30,52
Outside of Hotspots,2014-10-31,12,19,30,52
Outside of Hotspots,2014-11-01,12,18,29,51
Outside of Hotspots,2014-11-02,10,18,29,51
Outside of Hotspots,2014-11-03,10,18,29,51
Outside of Hotspots,2014-11-04,10,18,29,50
Outside of Hotspots,2014-11-05,10,18,29,49
Outside of Hotspots,2014-11-06,10,18,28,48
Outside of Hotspots,2014-11-07,11,19,27,49
Outside of Hotspots,2014-11-08,11,19,27,48
Outside of Hotspots,2014-11-09,11,19,27,48
Outside of Hotspots,2014-11-10,11,19,26,48
Outside of Hotspots,2014-11-11,11,19,26,48
Outside of Hotspots,2014-11-12,10,19,26,48
Outside of Hotspots,2014-11-13,10,19,26,48
Outside of Hotspots,2014-11-14,10,19,26,47
Outside of Hotspots,2014-11-15,10,19,26,47
Outside of Hotspots,2014-11-16,10,19,26,45
Outside of Hotspots,2014-11-17,10,19,25,45
Outside of Hotspots,2014-11-18,9,19,25,45
Outside of Hotspots,2014-11-19,9,19,25,44
Outside of Hotspots,2014-11-20,9,19,25,43
Outside of Hotspots,2014-11-21,9,19,25,42
Outside of Hotspots,2014-11-22,9,19,25,42
Outside of Hotspots,2014-11-23,8,19,25,42
Outside of Hotspots,2014-11-24,8,19,25,42
Outside of Hotspots,2014-11-25,9,20,26,43
Outside of Hotspots,2014-11-26,10,21,27,44
Outside of Hotspots,2014-11-27,10,21,27,44
Outside of Hotspots,2014-11-28,10,21,27,44
Outside of Hotspots,2014-11-29,10,20,27,43
Outside of Hotspots,2014-11-30,10,20,27,43
Outside of Hotspots,2014-12-01,10,20,26,43
Outside of Hotspots,2014-12-02,9,20,26,43
Outside of Hotspots,2014-12-03,9,20,26,43
Outside of Hotspots,2014-12-04,9,20,25,43
Outside of Hotspots,2014-12-05,9,20,25,43
Outside of Hotspots,2014-12-06,9,20,25,43
Outside of Hotspots,2014-12-07,10,20,26,44
Outside of Hotspots,2014-12-08,11,21,27,45
Outside of Hotspots,2014-12-09,11,21,27,45
Outside of Hotspots,2014-12-10,11,21,27,45
Outside of Hotspots,2014-12-11,11,21,27,45
Outside of Hotspots,2014-12-12,12,22,28,46
Outside of Hotspots,2014-12-13,13,24,30,48
Outside of Hotspots,2014-12-14,13,24,30,47
Outside of Hotspots,2014-12-15,13,24,30,47
Outside of Hotspots,2014-12-16,14,25,31,48
Outside of Hotspots,2014-12-17,14,25,31,47
Outside of Hotspots,2014-12-18,14,25,31,47
Outside of Hotspots,2014-12-19,14,25,31,47
Outside of Hotspots,2014-12-20,14,25,31,47
Outside of Hotspots,2014-12-21,14,25,31,47
Outside of Hotspots,2014-12-22,14,24,31,47
Outside of Hotspots,2014-12-23,14,24,31,46
Outside of Hotspots,2014-12-24,14,24,31,46
Outside of Hotspots,2014-12-25,14,24,31,46
Outside of Hotspots,2014-12-26,14,24,31,45
Outside of Hotspots,2014-12-27,14,24,31,45
Outside of Hotspots,2014-12-28,13,24,31,45
Outside of Hotspots,2014-12-29,12,24,31,45
Outside of Hotspots,2014-12-30,12,24,31,45
Outside of Hotspots,2014-12-31,12,24,31,45
Outside of Hotspots,2015-01-01,12,24,31,45
Outside of Hotspots,2015-01-02,12,23,31,45
Outside of Hotspots,2015-01-03,11,23,31,44
Outside of Hotspots,2015-01-04,11,23,31,44
Outside of Hotspots,2015-01-05,11,23,31,44
Outside of Hotspots,2015-01-06,11,22,31,44
Outside of Hotspots,2015-01-07,11,21,30,44
Outside of Hotspots,2015-01-08,11,21,30,44
Outside of Hotspots,2015-01-09,12,22,31,45
Outside of Hotspots,2015-01-10,12,22,31,45
Outside of Hotspots,2015-01-11,12,22,31,44
Outside of Hotspots,2015-01-12,12,22,31,43
Outside of Hotspots,2015-01-13,12,22,30,42
Outside of Hotspots,2015-01-14,12,22,30,42
Outside of Hotspots,2015-01-15,12,22,30,42
Outside of Hotspots,2015-01-16,12,22,30,42
Outside of Hotspots,2015-01-17,12,22,30,42
Outside of Hotspots,2015-01-18,12,22,30,42
Outside of Hotspots,2015-01-19,11,22,30,41
Outside of Hotspots,2015-01-20,11,22,30,41
Outside of Hotspots,2015-01-21,11,22,30,41
Outside of Hotspots,2015-01-22,10,22,30,41
Outside of Hotspots,2015-01-23,10,22,30,40
Outside of Hotspots,2015-01-24,10,22,30,40
Outside of Hotspots,2015-01-25,10,22,30,40
Outside of Hotspots,2015-01-26,10,22,30,40
Outside of Hotspots,2015-01-27,10,22,30,40
Outside of Hotspots,2015-01-28,11,23,30,41
Outside of Hotspots,2015-01-29,11,23,30,41
Outside of Hotspots,2015-01-30,11,23,29,40
Outside of Hotspots,2015-01-31,11,21,29,40
Outside of Hotspots,2015-02-01,12,22,30,41
Outside of Hotspots,2015-02-02,13,23,31,42
Outside of Hotspots,2015-02-03,14,24,32,43
Outside of Hotspots,2015-02-04,14,24,32,42
Outside of Hotspots,2015-02-05,13,24,32,40
Outside of Hotspots,2015-02-06,13,24,32,40
Outside of Hotspots,2015-02-07,13,24,32,40
Outside of Hotspots,2015-02-08,13,24,32,39
Outside of Hotspots,2015-02-09,13,24,32,39
Outside of Hotspots,2015-02-10,13,23,32,39
Outside of Hotspots,2015-02-11,13,23,32,39
Outside of Hotspots,2015-02-12,13,23,32,39
Outside of Hotspots,2015-02-13,13,23,32,39
Outside of Hotspots,2015-02-14,13,23,32,39
Outside of Hotspots,2015-02-15,14,24,33,39
Outside of Hotspots,2015-02-16,14,23,33,39
Outside of Hotspots,2015-02-17,14,23,33,39
Outside of Hotspots,2015-02-18,14,23,33,39
Outside of Hotspots,2015-02-19,14,23,33,39
Outside of Hotspots,2015-02-20,14,23,33,39
Outside of Hotspots,2015-02-21,14,22,33,39
Outside of Hotspots,2015-02-22,14,22,33,39
Outside of Hotspots,2015-02-23,13,22,33,39
Outside of Hotspots,2015-02-24,12,22,33,39
Outside of Hotspots,2015-02-25,12,22,33,39
Outside of Hotspots,2015-02-26,12,22,33,39
Outside of Hotspots,2015-02-27,12,22,32,39
Outside of Hotspots,2015-02-28,12,22,32,39
Outside of Hotspots,2015-03-01,12,22,32,38
Outside of Hotspots,2015-03-02,12,21,32,38
Outside of Hotspots,2015-03-03,12,21,32,38
Outside of Hotspots,2015-03-04,12,21,32,37
Outside of Hotspots,2015-03-05,12,21,32,37
Outside of Hotspots,2015-03-06,13,22,33,38
Outside of Hotspots,2015-03-07,13,23,33,39
Outside of Hotspots,2015-03-08,12,23,33,39
Outside of Hotspots,2015-03-09,12,23,33,39
Outside of Hotspots,2015-03-10,12,23,33,39
Outside of Hotspots,2015-03-11,12,23,33,39
Outside of Hotspots,2015-03-12,11,23,33,39
Outside of Hotspots,2015-03-13,9,22,33,39
Outside of Hotspots,2015-03-14,10,23,34,40
Outside of Hotspots,2015-03-15,11,24,35,41
Outside of Hotspots,2015-03-16,11,25,36,42
Outside of Hotspots,2015-03-17,11,25,36,42
Outside of Hotspots,2015-03-18,11,25,36,42
Outside of Hotspots,2015-03-19,11,25,36,42
Outside of Hotspots,2015-03-20,11,25,36,42
Outside of Hotspots,2015-03-21,11,25,36,42
Outside of Hotspots,2015-03-22,11,25,35,42
Outside of Hotspots,2015-03-23,12,26,36,43
Outside of Hotspots,2015-03-24,12,26,36,43
Outside of Hotspots,2015-03-25,12,26,36,43
Outside of Hotspots,2015-03-26,12,26,36,43
Outside of Hotspots,2015-03-27,12,26,36,43
Outside of Hotspots,2015-03-28,12,25,36,43
Outside of Hotspots,2015-03-29,12,24,36,43
Outside of Hotspots,2015-03-30,14,26,38,45
Outside of Hotspots,2015-03-31,15,27,39,46
Outside of Hotspots,2015-04-01,17,29,41,48
Outside of Hotspots,2015-04-02,17,29,40,48
Outside of Hotspots,2015-04-03,17,28,40,48
Outside of Hotspots,2015-04-04,17,28,40,48
Outside of Hotspots,2015-04-05,17,28,40,48
Outside of Hotspots,2015-04-06,17,28,39,48
Outside of Hotspots,2015-04-07,17,28,38,47
Outside of Hotspots,2015-04-08,17,28,38,47
Outside of Hotspots,2015-04-09,16,28,38,47
Outside of Hotspots,2015-04-10,16,28,38,47
Outside of Hotspots,2015-04-11,16,28,38,47
Outside of Hotspots,2015-04-12,16,28,38,47
Outside of Hotspots,2015-04-13,16,28,38,46
Outside of Hotspots,2015-04-14,16,28,38,46
Outside of Hotspots,2015-04-15,16,28,38,46
Outside of Hotspots,2015-04-16,17,29,39,47
Outside of Hotspots,2015-04-17,18,30,40,48
Outside of Hotspots,2015-04-18,18,30,40,48
Outside of Hotspots,2015-04-19,18,29,40,48
Outside of Hotspots,2015-04-20,18,29,40,48
Outside of Hotspots,2015-04-21,18,29,40,48
Outside of Hotspots,2015-04-22,18,28,40,48
Outside of Hotspots,2015-04-23,18,28,40,48
Outside of Hotspots,2015-04-24,19,29,41,49
Outside of Hotspots,2015-04-25,19,29,41,49
Outside of Hotspots,2015-04-26,19,29,41,49
Outside of Hotspots,2015-04-27,19,29,41,49
Outside of Hotspots,2015-04-28,18,29,41,48
Outside of Hotspots,2015-04-29,18,29,41,48
Outside of Hotspots,2015-04-30,18,29,41,47
Outside of Hotspots,2015-05-01,19,30,40,48
Outside of Hotspots,2015-05-02,18,30,40,48
Outside of Hotspots,2015-05-03,17,30,40,48
Outside of Hotspots,2015-05-04,16,30,40,48
Outside of Hotspots,2015-05-05,16,30,40,48
Outside of Hotspots,2015-05-06,16,29,40,48
Outside of Hotspots,2015-05-07,18,31,42,50
Outside of Hotspots,2015-05-08,18,31,42,50
Outside of Hotspots,2015-05-09,18,31,42,50
Outside of Hotspots,2015-05-10,18,31,42,50
Outside of Hotspots,2015-05-11,18,31,41,50
Outside of Hotspots,2015-05-12,18,31,41,50
Outside of Hotspots,2015-05-13,18,31,41,50
Outside of Hotspots,2015-05-14,18,31,41,50
Outside of Hotspots,2015-05-15,20,33,43,52
Outside of Hotspots,2015-05-16,19,33,43,52
Outside of Hotspots,2015-05-17,19,33,42,52
Outside of Hotspots,2015-05-18,19,33,42,52
Outside of Hotspots,2015-05-19,19,33,42,52
Outside of Hotspots,2015-05-20,19,33,42,52
Outside of Hotspots,2015-05-21,19,33,42,52
Outside of Hotspots,2015-05-22,19,33,41,52
Outside of Hotspots,2015-05-23,19,33,41,52
Outside of Hotspots,2015-05-24,19,32,41,52
Outside of Hotspots,2015-05-25,19,31,41,52
Outside of Hotspots,2015-05-26,19,31,41,52
Outside of Hotspots,2015-05-27,20,32,42,53
Outside of Hotspots,2015-05-28,20,32,42,52
Outside of Hotspots,2015-05-29,20,32,42,52
Outside of Hotspots,2015-05-30,20,32,42,52
Outside of Hotspots,2015-05-31,20,32,41,52
Outside of Hotspots,2015-06-01,21,33,42,53
Outside of Hotspots,2015-06-02,21,33,42,53
Outside of Hotspots,2015-06-03,21,33,42,53
Outside of Hotspots,2015-06-04,20,33,42,53
Outside of Hotspots,2015-06-05,20,33,43,53
Outside of Hotspots,2015-06-06,20,32,43,53
Outside of Hotspots,2015-06-07,20,32,43,53
Outside of Hotspots,2015-06-08,22,34,45,55
Outside of Hotspots,2015-06-09,22,34,45,55
Outside of Hotspots,2015-06-10,22,33,45,55
Outside of Hotspots,2015-06-11,22,31,44,55
Outside of Hotspots,2015-06-12,22,32,45,56
Outside of Hotspots,2015-06-13,21,32,45,56
Outside of Hotspots,2015-06-14,20,31,45,56
Outside of Hotspots,2015-06-15,20,31,45,56
Outside of Hotspots,2015-06-16,20,31,45,56
Outside of Hotspots,2015-06-17,20,31,45,56
Outside of Hotspots,2015-06-18,20,31,45,56
Outside of Hotspots,2015-06-19,20,31,45,56
Outside of Hotspots,2015-06-20,20,31,45,55
Outside of Hotspots,2015-06-21,19,31,45,55
Outside of Hotspots,2015-06-22,19,31,45,55
Outside of Hotspots,2015-06-23,19,31,45,55
Outside of Hotspots,2015-06-24,19,31,45,55
Outside of Hotspots,2015-06-25,20,32,46,56
Outside of Hotspots,2015-06-26,20,32,45,56
Outside of Hotspots,2015-06-27,21,33,45,57
Outside of Hotspots,2015-06-28,19,33,45,57
Outside of Hotspots,2015-06-29,18,33,45,57
Outside of Hotspots,2015-06-30,16,33,45,57
Outside of Hotspots,2015-07-01,16,33,45,56
Outside of Hotspots,2015-07-02,16,33,44,56
Outside of Hotspots,2015-07-03,16,33,44,56
Outside of Hotspots,2015-07-04,16,33,44,56
Outside of Hotspots,2015-07-05,17,34,45,56
Outside of Hotspots,2015-07-06,17,34,45,55
Outside of Hotspots,2015-07-07,17,34,45,55
Outside of Hotspots,2015-07-08,17,33,45,55
Outside of Hotspots,2015-07-09,17,33,45,55
Outside of Hotspots,2015-07-10,17,33,45,55
Outside of Hotspots,2015-07-11,17,33,45,55
Outside of Hotspots,2015-07-12,17,33,45,55
Outside of Hotspots,2015-07-13,17,33,45,55
Outside of Hotspots,2015-07-14,17,33,45,55
Outside of Hotspots,2015-07-15,16,33,45,55
Outside of Hotspots,2015-07-16,15,33,45,55
Outside of Hotspots,2015-07-17,15,33,45,55
Outside of Hotspots,2015-07-18,15,33,44,55
Outside of Hotspots,2015-07-19,15,33,44,55
Outside of Hotspots,2015-07-20,16,34,45,56
Outside of Hotspots,2015-07-21,18,36,46,58
Outside of Hotspots,2015-07-22,18,36,46,58
Outside of Hotspots,2015-07-23,18,37,47,59
Outside of Hotspots,2015-07-24,19,38,48,60
Outside of Hotspots,2015-07-25,19,38,48,60
Outside of Hotspots,2015-07-26,19,38,48,60
Outside of Hotspots,2015-07-27,19,37,48,60
Outside of Hotspots,2015-07-28,19,37,48,60
Outside of Hotspots,2015-07-29,19,37,48,60
Outside of Hotspots,2015-07-30,18,37,48,58
Outside of Hotspots,2015-07-31,18,36,48,58
Outside of Hotspots,2015-08-01,18,35,48,58
Outside of Hotspots,2015-08-02,18,34,48,58
Outside of Hotspots,2015-08-03,18,34,48,58
Outside of Hotspots,2015-08-04,18,34,47,58
Outside of Hotspots,2015-08-05,16,34,47,58
Outside of Hotspots,2015-08-06,16,34,47,58
Outside of Hotspots,2015-08-07,16,34,47,58
Outside of Hotspots,2015-08-08,16,34,47,58
Outside of Hotspots,2015-08-09,16,34,47,57
Outside of Hotspots,2015-08-10,16,34,47,57
Outside of Hotspots,2015-08-11,16,34,47,57
Outside of Hotspots,2015-08-12,16,34,47,57
Outside of Hotspots,2015-08-13,14,34,47,57
Outside of Hotspots,2015-08-14,14,33,47,57
Outside of Hotspots,2015-08-15,14,33,47,56
Outside of Hotspots,2015-08-16,15,34,48,57
Outside of Hotspots,2015-08-17,15,34,48,57
Outside of Hotspots,2015-08-18,15,34,48,57
Outside of Hotspots,2015-08-19,15,34,48,57
Outside of Hotspots,2015-08-20,16,35,49,57
Outside of Hotspots,2015-08-21,17,36,50,58
Outside of Hotspots,2015-08-22,17,36,49,58
Outside of Hotspots,2015-08-23,17,36,48,58
Outside of Hotspots,2015-08-24,17,36,48,58
Outside of Hotspots,2015-08-25,16,36,48,58
Outside of Hotspots,2015-08-26,16,36,48,58
Outside of Hotspots,2015-08-27,16,36,48,58
Outside of Hotspots,2015-08-28,16,36,48,58
Outside of Hotspots,2015-08-29,16,36,48,57
Outside of Hotspots,2015-08-30,15,36,48,57
Outside of Hotspots,2015-08-31,15,36,48,57
Outside of Hotspots,2015-09-01,15,36,48,57
Outside of Hotspots,2015-09-02,15,35,48,57
Outside of Hotspots,2015-09-03,14,34,47,57
Outside of Hotspots,2015-09-04,14,34,46,57
Outside of Hotspots,2015-09-05,14,34,46,57
Outside of Hotspots,2015-09-06,12,34,46,57
Outside of Hotspots,2015-09-07,12,34,46,57
Outside of Hotspots,2015-09-08,12,34,45,57
Outside of Hotspots,2015-09-09,12,34,43,56
Outside of Hotspots,2015-09-10,11,33,43,56
Outside of Hotspots,2015-09-11,11,32,43,56
Outside of Hotspots,2015-09-12,11,31,42,56
Outside of Hotspots,2015-09-13,11,31,42,56
Outside of Hotspots,2015-09-14,11,31,42,56
Outside of Hotspots,2015-09-15,11,31,42,56
Outside of Hotspots,2015-09-16,11,31,42,56
Outside of Hotspots,2015-09-17,11,31,42,56
Outside of Hotspots,2015-09-18,11,31,42,56
Outside of Hotspots,2015-09-19,12,31,43,57
Outside of Hotspots,2015-09-20,12,31,43,57
Outside of Hotspots,2015-09-21,12,31,43,57
Outside of Hotspots,2015-09-22,12,31,43,57
Outside of Hotspots,2015-09-23,11,31,43,57
Outside of Hotspots,2015-09-24,11,31,43,56
Outside of Hotspots,2015-09-25,10,31,43,55
Outside of Hotspots,2015-09-26,10,29,43,55
Outside of Hotspots,2015-09-27,10,28,43,55
Outside of Hotspots,2015-09-28,11,27,44,56
Outside of Hotspots,2015-09-29,11,27,44,56
Outside of Hotspots,2015-09-30,11,27,44,55
Outside of Hotspots,2015-10-01,11,27,44,55
Outside of Hotspots,2015-10-02,11,27,44,55
Outside of Hotspots,2015-10-03,10,27,44,55
Outside of Hotspots,2015-10-04,10,27,44,55
Outside of Hotspots,2015-10-05,10,27,44,55
Outside of Hotspots,2015-10-06,10,27,43,55
Outside of Hotspots,2015-10-07,10,27,43,55
Outside of Hotspots,2015-10-08,10,27,43,55
Outside of Hotspots,2015-10-09,10,27,43,55
Outside of Hotspots,2015-10-10,11,28,44,56
Outside of Hotspots,2015-10-11,11,28,44,56
Outside of Hotspots,2015-10-12,11,28,44,56
Outside of Hotspots,2015-10-13,11,27,44,56
Outside of Hotspots,2015-10-14,11,26,44,56
Outside of Hotspots,2015-10-15,11,26,44,56
Outside of Hotspots,2015-10-16,12,27,45,56
Outside of Hotspots,2015-10-17,12,27,45,56
Outside of Hotspots,2015-10-18,12,28,46,57
Outside of Hotspots,2015-10-19,10,28,46,56
Outside of Hotspots,2015-10-20,11,29,47,57
Outside of Hotspots,2015-10-21,10,28,47,57
Outside of Hotspots,2015-10-22,9,28,47,57
Outside of Hotspots,2015-10-23,9,28,47,57
Outside of Hotspots,2015-10-24,10,29,48,58
Outside of Hotspots,2015-10-25,10,29,47,58
Outside of Hotspots,2015-10-26,10,29,47,58
Outside of Hotspots,2015-10-27,10,29,47,58
Outside of Hotspots,2015-10-28,10,28,47,58
Outside of Hotspots,2015-10-29,11,29,47,59
Outside of Hotspots,2015-10-30,11,29,46,59
Outside of Hotspots,2015-10-31,12,30,46,60
Outside of Hotspots,2015-11-01,12,30,46,60
Outside of Hotspots,2015-11-02,12,30,46,59
Outside of Hotspots,2015-11-03,13,29,47,60
Outside of Hotspots,2015-11-04,13,29,47,60
Outside of Hotspots,2015-11-05,13,29,47,60
Outside of Hotspots,2015-11-06,13,29,47,60
Outside of Hotspots,2015-11-07,14,30,48,61
Outside of Hotspots,2015-11-08,14,30,48,61
Outside of Hotspots,2015-11-09,14,30,48,61
Outside of Hotspots,2015-11-10,14,30,48,61
Outside of Hotspots,2015-11-11,14,28,48,61
Outside of Hotspots,2015-11-12,14,28,47,61
Outside of Hotspots,2015-11-13,14,28,47,61
Outside of Hotspots,2015-11-14,13,28,47,61
Outside of Hotspots,2015-11-15,13,28,47,61
Outside of Hotspots,2015-11-16,13,28,47,61
Outside of Hotspots,2015-11-17,13,28,47,61
Outside of Hotspots,2015-11-18,14,30,49,63
Outside of Hotspots,2015-11-19,13,30,49,63
Outside of Hotspots,2015-11-20,13,30,49,62
Outside of Hotspots,2015-11-21,13,30,49,61
Outside of Hotspots,2015-11-22,13,30,49,61
Outside of Hotspots,2015-11-23,13,29,49,61
Outside of Hotspots,2015-11-24,13,29,49,61
Outside of Hotspots,2015-11-25,15,31,51,63
Outside of Hotspots,2015-11-26,15,31,51,63
Outside of Hotspots,2015-11-27,15,31,51,63
Outside of Hotspots,2015-11-28,15,30,51,63
Outside of Hotspots,2015-11-29,15,30,51,63
Outside of Hotspots,2015-11-30,15,30,51,63
Outside of Hotspots,2015-12-01,17,32,52,65
Outside of Hotspots,2015-12-02,18,32,52,65
Outside of Hotspots,2015-12-03,18,32,52,64
Outside of Hotspots,2015-12-04,18,32,52,64
Outside of Hotspots,2015-12-05,19,31,53,65
Outside of Hotspots,2015-12-06,19,31,53,65
Outside of Hotspots,2015-12-07,19,31,53,64
Outside of Hotspots,2015-12-08,21,33,55,64
Outside of Hotspots,2015-12-09,22,33,55,65
Outside of Hotspots,2015-12-10,22,33,54,65
Outside of Hotspots,2015-12-11,22,33,53,64
Outside of Hotspots,2015-12-12,22,33,53,64
Outside of Hotspots,2015-12-13,22,33,53,64
Outside of Hotspots,2015-12-14,23,34,54,65
Outside of Hotspots,2015-12-15,23,34,54,65
Outside of Hotspots,2015-12-16,24,35,55,66
Outside of Hotspots,2015-12-17,24,35,55,66
Outside of Hotspots,2015-12-18,23,35,54,66
Outside of Hotspots,2015-12-19,23,35,54,66
Outside of Hotspots,2015-12-20,24,36,55,67
Outside of Hotspots,2015-12-21,24,36,55,67
Outside of Hotspots,2015-12-22,24,35,55,67
Outside of Hotspots,2015-12-23,24,35,55,67
Outside of Hotspots,2015-12-24,25,35,56,68
Outside of Hotspots,2015-12-25,25,35,54,68
Outside of Hotspots,2015-12-26,25,35,53,68
Outside of Hotspots,2015-12-27,24,35,51,68
Outside of Hotspots,2015-12-28,24,35,51,68
Outside of Hotspots,2015-12-29,25,36,52,69
Outside of Hotspots,2015-12-30,26,37,53,70
Outside of Hotspots,2015-12-31,26,37,53,70
Outside of Hotspots,2016-01-01,27,37,54,71
Outside of Hotspots,2016-01-02,27,37,54,71
Outside of Hotspots,2016-01-03,27,37,54,71
Outside of Hotspots,2016-01-04,28,38,55,71
Outside of Hotspots,2016-01-05,28,38,55,71
Outside of Hotspots,2016-01-06,28,38,55,71
Outside of Hotspots,2016-01-07,28,38,55,71
Outside of Hotspots,2016-01-08,27,38,55,71
Outside of Hotspots,2016-01-09,27,38,55,71
Outside of Hotspots,2016-01-10,27,38,55,71
Outside of Hotspots,2016-01-11,29,40,56,73
Outside of Hotspots,2016-01-12,29,40,55,73
Outside of Hotspots,2016-01-13,30,41,56,74
Outside of Hotspots,2016-01-14,30,42,57,75
Outside of Hotspots,2016-01-15,30,42,57,75
Outside of Hotspots,2016-01-16,29,41,57,75
Outside of Hotspots,2016-01-17,29,39,57,75
Outside of Hotspots,2016-01-18,28,39,57,75
Outside of Hotspots,2016-01-19,29,39,57,76
Outside of Hotspots,2016-01-20,29,38,57,76
Outside of Hotspots,2016-01-21,29,38,57,76
Outside of Hotspots,2016-01-22,28,38,57,76
Outside of Hotspots,2016-01-23,29,39,58,76
Outside of Hotspots,2016-01-24,29,39,58,76
Outside of Hotspots,2016-01-25,31,41,60,78
Outside of Hotspots,2016-01-26,31,41,59,78
Outside of Hotspots,2016-01-27,31,42,60,78
Outside of Hotspots,2016-01-28,32,43,61,78
Outside of Hotspots,2016-01-29,31,43,61,77
Outside of Hotspots,2016-01-30,31,43,61,77
Outside of Hotspots,2016-01-31,31,43,61,77
Outside of Hotspots,2016-02-01,30,43,59,77
Outside of Hotspots,2016-02-02,31,44,60,78
Outside of Hotspots,2016-02-03,33,46,62,80
Outside of Hotspots,2016-02-04,33,46,62,80
Outside of Hotspots,2016-02-05,32,46,62,80
Outside of Hotspots,2016-02-06,32,46,62,80
Outside of Hotspots,2016-02-07,32,46,62,80
Outside of Hotspots,2016-02-08,33,47,63,81
Outside of Hotspots,2016-02-09,34,48,62,82
Outside of Hotspots,2016-02-10,34,48,62,81
Outside of Hotspots,2016-02-11,34,48,62,81
Outside of Hotspots,2016-02-12,34,47,62,81
Outside of Hotspots,2016-02-13,34,47,62,81
Outside of Hotspots,2016-02-14,35,48,63,82
Outside of Hotspots,2016-02-15,35,48,63,82
Outside of Hotspots,2016-02-16,33,47,63,82
Outside of Hotspots,2016-02-17,33,46,63,82
Outside of Hotspots,2016-02-18,33,46,63,82
Outside of Hotspots,2016-02-19,34,47,64,83
Outside of Hotspots,2016-02-20,34,47,64,83
Outside of Hotspots,2016-02-21,34,47,63,83
Outside of Hotspots,2016-02-22,34,47,63,83
Outside of Hotspots,2016-02-23,32,47,63,83
Outside of Hotspots,2016-02-24,32,47,63,83
Outside of Hotspots,2016-02-25,32,47,63,83
Outside of Hotspots,2016-02-26,32,47,62,83
Outside of Hotspots,2016-02-27,32,47,62,83
Outside of Hotspots,2016-02-28,32,47,62,83
Outside of Hotspots,2016-02-29,30,47,62,82
Outside of Hotspots,2016-03-01,29,47,61,81
Outside of Hotspots,2016-03-02,30,48,62,82
Outside of Hotspots,2016-03-03,31,49,63,83
Outside of Hotspots,2016-03-04,31,50,62,84
Outside of Hotspots,2016-03-05,31,50,62,84
Outside of Hotspots,2016-03-06,31,50,62,84
Outside of Hotspots,2016-03-07,29,50,62,84
Outside of Hotspots,2016-03-08,28,50,61,83
Outside of Hotspots,2016-03-09,29,51,62,83
Outside of Hotspots,2016-03-10,29,51,62,82
Outside of Hotspots,2016-03-11,29,51,62,82
Outside of Hotspots,2016-03-12,29,51,62,82
Outside of Hotspots,2016-03-13,28,51,62,82
Outside of Hotspots,2016-03-14,28,51,62,82
Outside of Hotspots,2016-03-15,27,51,62,82
Outside of Hotspots,2016-03-16,27,51,62,82
Outside of Hotspots,2016-03-17,27,50,62,81
Outside of Hotspots,2016-03-18,27,50,62,81
Outside of Hotspots,2016-03-19,26,50,62,81
Outside of Hotspots,2016-03-20,26,50,62,81
Outside of Hotspots,2016-03-21,26,50,61,81
Outside of Hotspots,2016-03-22,27,51,62,82
Outside of Hotspots,2016-03-23,27,52,62,83
Outside of Hotspots,2016-03-24,27,52,62,81
Outside of Hotspots,2016-03-25,27,52,62,80
Outside of Hotspots,2016-03-26,27,51,62,78
Outside of Hotspots,2016-03-27,28,52,63,79
Outside of Hotspots,2016-03-28,27,52,63,79
Outside of Hotspots,2016-03-29,26,52,63,79
Outside of Hotspots,2016-03-30,26,52,63,79
Outside of Hotspots,2016-03-31,25,52,62,79
Outside of Hotspots,2016-04-01,25,52,62,79
Outside of Hotspots,2016-04-02,25,52,62,79
Outside of Hotspots,2016-04-03,24,52,62,79
Outside of Hotspots,2016-04-04,24,52,62,79
Outside of Hotspots,2016-04-05,24,52,62,79
Outside of Hotspots,2016-04-06,24,52,62,79
Outside of Hotspots,2016-04-07,24,51,62,79
Outside of Hotspots,2016-04-08,24,51,62,79
Outside of Hotspots,2016-04-09,24,51,62,79
Outside of Hotspots,2016-04-10,22,51,62,78
Outside of Hotspots,2016-04-11,22,51,62,77
Outside of Hotspots,2016-04-12,22,52,63,78
Outside of Hotspots,2016-04-13,21,51,63,78
Outside of Hotspots,2016-04-14,21,51,63,78
Outside of Hotspots,2016-04-15,21,50,62,78
Outside of Hotspots,2016-04-16,21,50,60,78
Outside of Hotspots,2016-04-17,21,49,60,78
Outside of Hotspots,2016-04-18,20,49,59,77
Outside of Hotspots,2016-04-19,20,49,58,77
Outside of Hotspots,2016-04-20,20,49,58,77
Outside of Hotspots,2016-04-21,21,49,59,78
Outside of Hotspots,2016-04-22,20,49,59,78
Outside of Hotspots,2016-04-23,21,50,60,79
Outside of Hotspots,2016-04-24,20,51,61,80
Outside of Hotspots,2016-04-25,21,52,62,80
Outside of Hotspots,2016-04-26,20,51,62,80
Outside of Hotspots,2016-04-27,19,51,62,80
Outside of Hotspots,2016-04-28,19,50,62,80
Outside of Hotspots,2016-04-29,20,51,63,81
Outside of Hotspots,2016-04-30,21,52,64,82
Outside of Hotspots,2016-05-01,21,51,64,80
Outside of Hotspots,2016-05-02,21,52,65,81
Outside of Hotspots,2016-05-03,21,54,67,83
Outside of Hotspots,2016-05-04,21,54,67,83
Outside of Hotspots,2016-05-05,21,53,67,83
Outside of Hotspots,2016-05-06,21,53,67,83
Outside of Hotspots,2016-05-07,21,53,67,83
Outside of Hotspots,2016-05-08,21,54,68,84
Outside of Hotspots,2016-05-09,20,54,68,82
Outside of Hotspots,2016-05-10,20,54,68,82
Outside of Hotspots,2016-05-11,20,54,68,82
Outside of Hotspots,2016-05-12,21,55,68,83
Outside of Hotspots,2016-05-13,21,55,68,83
Outside of Hotspots,2016-05-14,21,56,69,84
Outside of Hotspots,2016-05-15,22,57,70,85
Outside of Hotspots,2016-05-16,22,55,69,85
Outside of Hotspots,2016-05-17,22,55,68,85
Outside of Hotspots,2016-05-18,22,55,68,85
Outside of Hotspots,2016-05-19,21,55,68,85
Outside of Hotspots,2016-05-20,21,55,68,85
Outside of Hotspots,2016-05-21,21,55,68,84
Outside of Hotspots,2016-05-22,21,55,68,84
Outside of Hotspots,2016-05-23,22,54,69,85
Outside of Hotspots,2016-05-24,22,54,69,85
Outside of Hotspots,2016-05-25,24,56,71,87
Outside of Hotspots,2016-05-26,24,56,71,86
Outside of Hotspots,2016-05-27,25,57,72,87
Outside of Hotspots,2016-05-28,26,58,73,88
Outside of Hotspots,2016-05-29,26,56,73,88
Outside of Hotspots,2016-05-30,26,55,73,87
Outside of Hotspots,2016-05-31,25,55,73,87
Outside of Hotspots,2016-06-01,24,55,73,87
Outside of Hotspots,2016-06-02,24,55,74,86
Outside of Hotspots,2016-06-03,24,55,74,86
Outside of Hotspots,2016-06-04,24,55,74,86
Outside of Hotspots,2016-06-05,24,53,74,86
Outside of Hotspots,2016-06-06,24,52,74,85
Outside of Hotspots,2016-06-07,23,52,74,85
Outside of Hotspots,2016-06-08,23,52,74,85
Outside of Hotspots,2016-06-09,24,53,75,86
Outside of Hotspots,2016-06-10,24,53,75,86
Outside of Hotspots,2016-06-11,24,52,75,86
Outside of Hotspots,2016-06-12,24,52,75,86
Outside of Hotspots,2016-06-13,25,52,76,87
Outside of Hotspots,2016-06-14,25,52,76,87
Outside of Hotspots,2016-06-15,25,52,75,87
Outside of Hotspots,2016-06-16,25,52,75,87
Outside of Hotspots,2016-06-17,25,51,75,87
Outside of Hotspots,2016-06-18,25,51,75,87
Outside of Hotspots,2016-06-19,25,51,75,86
Outside of Hotspots,2016-06-20,25,52,76,87
Outside of Hotspots,2016-06-21,24,51,76,86
Outside of Hotspots,2016-06-22,24,51,76,86
Outside of Hotspots,2016-06-23,24,51,76,86
Outside of Hotspots,2016-06-24,24,51,75,86
Outside of Hotspots,2016-06-25,25,53,77,88
Outside of Hotspots,2016-06-26,26,53,78,89
Outside of Hotspots,2016-06-27,26,52,78,89
Outside of Hotspots,2016-06-28,26,52,78,89
Outside of Hotspots,2016-06-29,26,51,78,88
Outside of Hotspots,2016-06-30,26,51,78,88
Outside of Hotspots,2016-07-01,28,53,80,90
Outside of Hotspots,2016-07-02,28,52,80,90
Outside of Hotspots,2016-07-03,30,54,82,92
Outside of Hotspots,2016-07-04,31,55,83,93
Outside of Hotspots,2016-07-05,31,55,83,93
Outside of Hotspots,2016-07-06,31,55,82,93
Outside of Hotspots,2016-07-07,31,55,82,93
Outside of Hotspots,2016-07-08,31,55,82,93
Outside of Hotspots,2016-07-09,31,53,82,93
Outside of Hotspots,2016-07-10,31,53,82,93
Outside of Hotspots,2016-07-11,31,53,83,94
Outside of Hotspots,2016-07-12,31,52,82,94
Outside of Hotspots,2016-07-13,31,52,82,94
Outside of Hotspots,2016-07-14,31,52,81,93
Outside of Hotspots,2016-07-15,31,52,81,91
Outside of Hotspots,2016-07-16,33,54,82,93
Outside of Hotspots,2016-07-17,35,55,84,94
Outside of Hotspots,2016-07-18,35,55,84,93
Outside of Hotspots,2016-07-19,35,55,84,93
Outside of Hotspots,2016-07-20,36,57,85,95
Outside of Hotspots,2016-07-21,36,56,85,95
Outside of Hotspots,2016-07-22,35,56,85,95
Outside of Hotspots,2016-07-23,34,54,85,95
Outside of Hotspots,2016-07-24,33,54,85,95
Outside of Hotspots,2016-07-25,33,53,84,95
Outside of Hotspots,2016-07-26,33,52,84,95
Outside of Hotspots,2016-07-27,33,52,83,95
Outside of Hotspots,2016-07-28,32,52,83,95
Outside of Hotspots,2016-07-29,31,52,83,95
Outside of Hotspots,2016-07-30,32,53,83,96
Outside of Hotspots,2016-07-31,31,52,83,96
Outside of Hotspots,2016-08-01,29,50,83,96
Outside of Hotspots,2016-08-02,30,51,84,97
Outside of Hotspots,2016-08-03,30,51,83,97
Outside of Hotspots,2016-08-04,30,51,83,97
Outside of Hotspots,2016-08-05,30,51,83,97
Outside of Hotspots,2016-08-06,29,50,83,97
Outside of Hotspots,2016-08-07,30,50,84,98
Outside of Hotspots,2016-08-08,30,50,84,98
Outside of Hotspots,2016-08-09,30,50,84,98
Outside of Hotspots,2016-08-10,29,50,84,97
Outside of Hotspots,2016-08-11,29,50,84,97
Outside of Hotspots,2016-08-12,28,49,84,97
Outside of Hotspots,2016-08-13,27,49,84,97
Outside of Hotspots,2016-08-14,27,49,82,96
Outside of Hotspots,2016-08-15,27,49,82,95
Outside of Hotspots,2016-08-16,27,49,82,95
Outside of Hotspots,2016-08-17,30,51,85,98
Outside of Hotspots,2016-08-18,30,51,85,98
Outside of Hotspots,2016-08-19,31,52,86,99
Outside of Hotspots,2016-08-20,31,52,86,99
Outside of Hotspots,2016-08-21,30,52,84,99
Outside of Hotspots,2016-08-22,30,52,84,99
Outside of Hotspots,2016-08-23,28,52,84,99
Outside of Hotspots,2016-08-24,29,53,85,100
Outside of Hotspots,2016-08-25,29,54,86,101
Outside of Hotspots,2016-08-26,28,54,86,101
Outside of Hotspots,2016-08-27,29,55,85,102
Outside of Hotspots,2016-08-28,30,56,85,103
Outside of Hotspots,2016-08-29,30,55,85,103
Outside of Hotspots,2016-08-30,30,54,85,103
Outside of Hotspots,2016-08-31,29,53,84,103
Outside of Hotspots,2016-09-01,29,53,84,103
Outside of Hotspots,2016-09-02,31,55,86,105
Outside of Hotspots,2016-09-03,31,55,84,105
Outside of Hotspots,2016-09-04,31,55,83,105
Outside of Hotspots,2016-09-05,31,54,83,105
Outside of Hotspots,2016-09-06,32,55,84,106
Outside of Hotspots,2016-09-07,31,55,84,106
Outside of Hotspots,2016-09-08,31,55,84,106
Outside of Hotspots,2016-09-09,31,55,83,106
Outside of Hotspots,2016-09-10,32,56,84,107
Outside of Hotspots,2016-09-11,31,56,83,107
Outside of Hotspots,2016-09-12,32,57,84,108
Outside of Hotspots,2016-09-13,32,57,84,107
Outside of Hotspots,2016-09-14,32,57,84,107
Outside of Hotspots,2016-09-15,32,57,83,107
Outside of Hotspots,2016-09-16,33,58,84,108
Outside of Hotspots,2016-09-17,33,58,84,108
Outside of Hotspots,2016-09-18,32,57,84,108
Outside of Hotspots,2016-09-19,32,56,83,108
Outside of Hotspots,2016-09-20,32,56,83,108
Outside of Hotspots,2016-09-21,33,57,84,109
Outside of Hotspots,2016-09-22,34,58,85,109
Outside of Hotspots,2016-09-23,33,58,86,110
Outside of Hotspots,2016-09-24,32,58,85,110
Outside of Hotspots,2016-09-25,32,58,84,110
Outside of Hotspots,2016-09-26,32,58,84,110
Outside of Hotspots,2016-09-27,32,58,83,110
Outside of Hotspots,2016-09-28,33,59,84,111
Outside of Hotspots,2016-09-29,31,59,84,111
Outside of Hotspots,2016-09-30,31,59,83,111
Outside of Hotspots,2016-10-01,30,60,84,112
Outside of Hotspots,2016-10-02,29,60,84,112
Outside of Hotspots,2016-10-03,29,60,84,112
Outside of Hotspots,2016-10-04,29,60,84,111
Outside of Hotspots,2016-10-05,29,60,84,111
Outside of Hotspots,2016-10-06,30,61,85,112
Outside of Hotspots,2016-10-07,30,61,83,112
Outside of Hotspots,2016-10-08,30,61,83,112
Outside of Hotspots,2016-10-09,31,62,84,114
Outside of Hotspots,2016-10-10,32,63,84,114
Outside of Hotspots,2016-10-11,32,63,84,114
Outside of Hotspots,2016-10-12,32,63,84,113
Outside of Hotspots,2016-10-13,32,63,84,113
Outside of Hotspots,2016-10-14,31,64,85,113
Outside of Hotspots,2016-10-15,29,64,84,113
Outside of Hotspots,2016-10-16,29,64,84,113
Outside of Hotspots,2016-10-17,29,64,84,113
Outside of Hotspots,2016-10-18,27,63,84,112
Outside of Hotspots,2016-10-19,27,63,83,112
Outside of Hotspots,2016-10-20,27,62,83,112
Outside of Hotspots,2016-10-21,28,62,82,113
Outside of Hotspots,2016-10-22,28,61,82,113
Outside of Hotspots,2016-10-23,28,61,81,112
Outside of Hotspots,2016-10-24,28,61,80,112
Outside of Hotspots,2016-10-25,28,61,80,111
Outside of Hotspots,2016-10-26,28,60,80,111
Outside of Hotspots,2016-10-27,28,59,80,111
Outside of Hotspots,2016-10-28,27,59,80,110
Outside of Hotspots,2016-10-29,27,58,79,110
Outside of Hotspots,2016-10-30,28,57,78,111
Outside of Hotspots,2016-10-31,27,57,78,111
Outside of Hotspots,2016-11-01,29,59,80,112
Outside of Hotspots,2016-11-02,29,59,80,112
Outside of Hotspots,2016-11-03,30,60,81,113
Outside of Hotspots,2016-11-04,30,59,80,113
Outside of Hotspots,2016-11-05,30,60,80,114
Outside of Hotspots,2016-11-06,31,61,81,115
Outside of Hotspots,2016-11-07,32,62,82,116
Outside of Hotspots,2016-11-08,32,61,82,116
Outside of Hotspots,2016-11-09,32,61,82,116
Outside of Hotspots,2016-11-10,32,60,81,116
Outside of Hotspots,2016-11-11,33,60,82,117
Outside of Hotspots,2016-11-12,33,60,82,115
Outside of Hotspots,2016-11-13,33,60,82,115
Outside of Hotspots,2016-11-14,33,60,82,115
Outside of Hotspots,2016-11-15,31,61,82,116
Outside of Hotspots,2016-11-16,32,62,83,117
Outside of Hotspots,2016-11-17,31,62,83,117
Outside of Hotspots,2016-11-18,31,62,83,117
Outside of Hotspots,2016-11-19,31,61,83,115
Outside of Hotspots,2016-11-20,31,61,83,115
Outside of Hotspots,2016-11-21,31,59,83,115
Outside of Hotspots,2016-11-22,30,59,83,115
Outside of Hotspots,2016-11-23,30,59,84,116
Outside of Hotspots,2016-11-24,31,59,85,117
Outside of Hotspots,2016-11-25,30,59,85,115
Outside of Hotspots,2016-11-26,30,60,86,115
Outside of Hotspots,2016-11-27,31,61,86,116
Outside of Hotspots,2016-11-28,31,61,85,116
Outside of Hotspots,2016-11-29,31,60,84,115
Outside of Hotspots,2016-11-30,31,60,84,115
Outside of Hotspots,2016-12-01,30,61,85,116
Outside of Hotspots,2016-12-02,30,61,85,114
Outside of Hotspots,2016-12-03,30,61,85,113
Outside of Hotspots,2016-12-04,30,61,84,113
Outside of Hotspots,2016-12-05,29,61,84,113
Outside of Hotspots,2016-12-06,29,60,84,113
Outside of Hotspots,2016-12-07,29,60,84,113
Outside of Hotspots,2016-12-08,29,60,84,112
Outside of Hotspots,2016-12-09,28,60,84,112
Outside of Hotspots,2016-12-10,28,59,84,111
Outside of Hotspots,2016-12-11,27,59,84,111
Outside of Hotspots,2016-12-12,27,59,84,111
Outside of Hotspots,2016-12-13,27,59,84,111
Outside of Hotspots,2016-12-14,27,59,84,110
Outside of Hotspots,2016-12-15,26,59,84,110
Outside of Hotspots,2016-12-16,26,59,84,110
Outside of Hotspots,2016-12-17,26,58,83,110
Outside of Hotspots,2016-12-18,26,58,82,109
Outside of Hotspots,2016-12-19,26,58,82,109
Outside of Hotspots,2016-12-20,26,59,83,110
Outside of Hotspots,2016-12-21,25,59,83,110
Outside of Hotspots,2016-12-22,24,57,82,110
Outside of Hotspots,2016-12-23,24,56,82,109
Outside of Hotspots,2016-12-24,24,56,82,108
Outside of Hotspots,2016-12-25,24,56,82,108
Outside of Hotspots,2016-12-26,24,56,82,107
Outside of Hotspots,2016-12-27,23,56,82,107
Outside of Hotspots,2016-12-28,23,54,82,107
Outside of Hotspots,2016-12-29,23,54,82,106
Outside of Hotspots,2016-12-30,22,52,82,106
Outside of Hotspots,2016-12-31,22,51,82,106
Outside of Hotspots,2017-01-01,22,51,82,106
Outside of Hotspots,2017-01-02,22,51,82,106
Outside of Hotspots,2017-01-03,22,51,82,106
Outside of Hotspots,2017-01-04,21,51,82,106
Outside of Hotspots,2017-01-05,21,51,82,104
Outside of Hotspots,2017-01-06,22,52,83,105
Outside of Hotspots,2017-01-07,20,51,82,104
Outside of Hotspots,2017-01-08,20,52,83,104
Outside of Hotspots,2017-01-09,20,52,83,104
Outside of Hotspots,2017-01-10,20,52,83,104
Outside of Hotspots,2017-01-11,20,52,83,104
Outside of Hotspots,2017-01-12,20,51,84,105
Outside of Hotspots,2017-01-13,21,50,85,105
Outside of Hotspots,2017-01-14,21,50,85,105
Outside of Hotspots,2017-01-15,22,51,86,106
Outside of Hotspots,2017-01-16,22,49,85,106
Outside of Hotspots,2017-01-17,22,49,85,105
Outside of Hotspots,2017-01-18,22,49,84,105
Outside of Hotspots,2017-01-19,24,52,86,106
Outside of Hotspots,2017-01-20,24,52,85,106
Outside of Hotspots,2017-01-21,25,53,86,106
Outside of Hotspots,2017-01-22,25,53,86,105
Outside of Hotspots,2017-01-23,25,53,86,105
Outside of Hotspots,2017-01-24,26,54,86,106
Outside of Hotspots,2017-01-25,29,57,88,109
Outside of Hotspots,2017-01-26,29,56,88,109
Outside of Hotspots,2017-01-27,30,57,88,109
Outside of Hotspots,2017-01-28,30,58,87,108
Outside of Hotspots,2017-01-29,30,57,87,108
Outside of Hotspots,2017-01-30,30,59,89,110
Outside of Hotspots,2017-01-31,30,59,89,110
Outside of Hotspots,2017-02-01,29,59,89,110
Outside of Hotspots,2017-02-02,29,59,88,109
Outside of Hotspots,2017-02-03,28,58,88,108
Outside of Hotspots,2017-02-04,27,58,88,108
Outside of Hotspots,2017-02-05,26,58,88,108
Outside of Hotspots,2017-02-06,26,58,87,108
Outside of Hotspots,2017-02-07,27,59,88,109
Outside of Hotspots,2017-02-08,28,60,88,109
Outside of Hotspots,2017-02-09,28,61,88,110
Outside of Hotspots,2017-02-10,28,61,88,110
Outside of Hotspots,2017-02-11,28,61,88,110
Outside of Hotspots,2017-02-12,29,62,89,111
Outside of Hotspots,2017-02-13,29,60,90,111
Outside of Hotspots,2017-02-14,29,61,91,112
Outside of Hotspots,2017-02-15,29,60,91,112
Outside of Hotspots,2017-02-16,31,62,93,114
Outside of Hotspots,2017-02-17,33,64,94,116
Outside of Hotspots,2017-02-18,33,64,94,116
Outside of Hotspots,2017-02-19,33,64,92,116
Outside of Hotspots,2017-02-20,33,63,92,116
Outside of Hotspots,2017-02-21,33,63,92,117
Outside of Hotspots,2017-02-22,32,63,91,117
Outside of Hotspots,2017-02-23,32,62,91,117
Outside of Hotspots,2017-02-24,33,63,93,119
Outside of Hotspots,2017-02-25,32,63,93,118
Outside of Hotspots,2017-02-26,32,63,93,117
Outside of Hotspots,2017-02-27,32,63,92,116
Outside of Hotspots,2017-02-28,32,63,92,116
Outside of Hotspots,2017-03-01,32,62,93,117
Outside of Hotspots,2017-03-02,33,63,94,118
Outside of Hotspots,2017-03-03,33,63,94,118
Outside of Hotspots,2017-03-04,33,63,94,117
Outside of Hotspots,2017-03-05,33,62,94,117
Outside of Hotspots,2017-03-06,33,62,93,117
Outside of Hotspots,2017-03-07,33,62,93,117
Outside of Hotspots,2017-03-08,33,62,93,117
Outside of Hotspots,2017-03-09,33,61,93,117
Outside of Hotspots,2017-03-10,33,61,92,117
Outside of Hotspots,2017-03-11,33,60,92,117
Outside of Hotspots,2017-03-12,34,61,93,118
Outside of Hotspots,2017-03-13,35,62,94,119
Outside of Hotspots,2017-03-14,35,62,94,119
Outside of Hotspots,2017-03-15,36,62,95,120
Outside of Hotspots,2017-03-16,36,62,95,120
Outside of Hotspots,2017-03-17,38,64,96,121
Outside of Hotspots,2017-03-18,39,65,97,121
Outside of Hotspots,2017-03-19,39,65,97,121
Outside of Hotspots,2017-03-20,38,64,97,121
Outside of Hotspots,2017-03-21,38,63,97,121
Outside of Hotspots,2017-03-22,39,63,96,121
Outside of Hotspots,2017-03-23,39,63,95,121
Outside of Hotspots,2017-03-24,39,63,95,121
Outside of Hotspots,2017-03-25,40,64,96,122
Outside of Hotspots,2017-03-26,41,65,97,123
Outside of Hotspots,2017-03-27,41,64,97,123
Outside of Hotspots,2017-03-28,43,66,97,125
Outside of Hotspots,2017-03-29,43,66,97,125
Outside of Hotspots,2017-03-30,44,66,96,126
Outside of Hotspots,2017-03-31,44,66,95,126
Outside of Hotspots,2017-04-01,45,67,96,127
Outside of Hotspots,2017-04-02,46,68,97,128
Outside of Hotspots,2017-04-03,46,68,97,128
Outside of Hotspots,2017-04-04,46,67,97,128
Outside of Hotspots,2017-04-05,47,68,98,129
Outside of Hotspots,2017-04-06,47,69,99,130
Outside of Hotspots,2017-04-07,48,68,99,130
Outside of Hotspots,2017-04-08,48,68,100,131
Outside of Hotspots,2017-04-09,48,68,100,131
Outside of Hotspots,2017-04-10,49,69,101,132
Outside of Hotspots,2017-04-11,49,69,101,132
Outside of Hotspots,2017-04-12,48,68,99,132
Outside of Hotspots,2017-04-13,47,68,97,132
Outside of Hotspots,2017-04-14,47,68,97,132
Outside of Hotspots,2017-04-15,46,68,97,132
Outside of Hotspots,2017-04-16,46,68,95,131
Outside of Hotspots,2017-04-17,46,68,95,131
Outside of Hotspots,2017-04-18,46,68,95,130
Outside of Hotspots,2017-04-19,43,67,95,129
Outside of Hotspots,2017-04-20,43,67,95,128
Outside of Hotspots,2017-04-21,42,67,95,128
Outside of Hotspots,2017-04-22,42,67,95,128
Outside of Hotspots,2017-04-23,43,68,96,129
Outside of Hotspots,2017-04-24,42,68,96,128
Outside of Hotspots,2017-04-25,39,68,96,127
Outside of Hotspots,2017-04-26,39,68,95,127
Outside of Hotspots,2017-04-27,39,69,96,127
Outside of Hotspots,2017-04-28,40,70,98,127
Outside of Hotspots,2017-04-29,40,70,97,127
Outside of Hotspots,2017-04-30,38,68,97,127
Outside of Hotspots,2017-05-01,38,68,97,127
Outside of Hotspots,2017-05-02,39,68,98,128
Outside of Hotspots,2017-05-03,39,68,98,127
Outside of Hotspots,2017-05-04,40,68,98,128
Outside of Hotspots,2017-05-05,40,67,98,128
Outside of Hotspots,2017-05-06,40,66,98,128
Outside of Hotspots,2017-05-07,40,66,98,127
Outside of Hotspots,2017-05-08,39,66,98,127
Outside of Hotspots,2017-05-09,38,66,98,126
Outside of Hotspots,2017-05-10,37,65,98,125
Outside of Hotspots,2017-05-11,37,65,98,125
Outside of Hotspots,2017-05-12,38,66,99,126
Outside of Hotspots,2017-05-13,37,66,99,126
Outside of Hotspots,2017-05-14,36,65,96,126
Outside of Hotspots,2017-05-15,35,64,96,126
Outside of Hotspots,2017-05-16,36,65,96,127
Outside of Hotspots,2017-05-17,34,65,96,127
Outside of Hotspots,2017-05-18,33,66,97,127
Outside of Hotspots,2017-05-19,33,66,97,127
Outside of Hotspots,2017-05-20,33,66,97,125
Outside of Hotspots,2017-05-21,33,66,96,125
Outside of Hotspots,2017-05-22,32,65,95,124
Outside of Hotspots,2017-05-23,32,64,95,123
Outside of Hotspots,2017-05-24,34,66,96,125
Outside of Hotspots,2017-05-25,32,65,95,125
Outside of Hotspots,2017-05-26,33,65,96,126
Outside of Hotspots,2017-05-27,33,65,96,126
Outside of Hotspots,2017-05-28,33,65,96,125
Outside of Hotspots,2017-05-29,33,65,96,125
Outside of Hotspots,2017-05-30,32,64,94,125
Outside of Hotspots,2017-05-31,32,65,95,126
Outside of Hotspots,2017-06-01,33,66,96,127
Outside of Hotspots,2017-06-02,33,66,96,127
Outside of Hotspots,2017-06-03,33,66,95,127
Outside of Hotspots,2017-06-04,33,66,95,126
Outside of Hotspots,2017-06-05,33,66,95,126
Outside of Hotspots,2017-06-06,33,66,95,126
Outside of Hotspots,2017-06-07,33,66,94,126
Outside of Hotspots,2017-06-08,33,66,94,125
Outside of Hotspots,2017-06-09,33,66,93,125
Outside of Hotspots,2017-06-10,32,66,93,125
Outside of Hotspots,2017-06-11,31,66,93,125
Outside of Hotspots,2017-06-12,31,66,93,125
Outside of Hotspots,2017-06-13,30,66,92,125
Outside of Hotspots,2017-06-14,30,66,92,125
Outside of Hotspots,2017-06-15,28,66,92,124
Outside of Hotspots,2017-06-16,27,66,92,124
Outside of Hotspots,2017-06-17,27,66,92,124
Outside of Hotspots,2017-06-18,27,65,91,124
Outside of Hotspots,2017-06-19,28,66,91,125
Outside of Hotspots,2017-06-20,27,66,90,123
Outside of Hotspots,2017-06-21,27,66,90,122
Outside of Hotspots,2017-06-22,27,66,90,122
Outside of Hotspots,2017-06-23,26,66,90,122
Outside of Hotspots,2017-06-24,26,67,91,123
Outside of Hotspots,2017-06-25,26,67,90,123
Outside of Hotspots,2017-06-26,24,67,90,121
Outside of Hotspots,2017-06-27,24,67,90,121
Outside of Hotspots,2017-06-28,23,67,89,119
Outside of Hotspots,2017-06-29,23,67,89,118
Outside of Hotspots,2017-06-30,23,68,90,119
Outside of Hotspots,2017-07-01,22,68,90,119
Outside of Hotspots,2017-07-02,23,69,91,120
Outside of Hotspots,2017-07-03,23,69,90,120
Outside of Hotspots,2017-07-04,22,69,90,120
Outside of Hotspots,2017-07-05,21,68,90,120
Outside of Hotspots,2017-07-06,20,68,88,119
Outside of Hotspots,2017-07-07,20,68,88,120
Outside of Hotspots,2017-07-08,20,68,88,120
Outside of Hotspots,2017-07-09,19,68,88,120
Outside of Hotspots,2017-07-10,19,68,88,120
Outside of Hotspots,2017-07-11,20,68,88,119
Outside of Hotspots,2017-07-12,20,67,88,117
Outside of Hotspots,2017-07-13,21,68,89,118
Outside of Hotspots,2017-07-14,21,67,89,118
Outside of Hotspots,2017-07-15,21,67,89,116
Outside of Hotspots,2017-07-16,21,67,89,116
Outside of Hotspots,2017-07-17,21,67,89,116
Outside of Hotspots,2017-07-18,21,64,88,116
Outside of Hotspots,2017-07-19,21,64,88,116
Outside of Hotspots,2017-07-20,21,63,88,116
Outside of Hotspots,2017-07-21,22,64,89,117
Outside of Hotspots,2017-07-22,22,65,90,118
Outside of Hotspots,2017-07-23,22,64,90,118
Outside of Hotspots,2017-07-24,22,61,90,118
Outside of Hotspots,2017-07-25,23,62,91,118
Outside of Hotspots,2017-07-26,22,61,91,118
Outside of Hotspots,2017-07-27,20,60,90,118
Outside of Hotspots,2017-07-28,20,60,90,117
Outside of Hotspots,2017-07-29,20,58,88,117
Outside of Hotspots,2017-07-30,20,58,88,117
Outside of Hotspots,2017-07-31,19,58,87,117
Outside of Hotspots,2017-08-01,19,58,87,117
Outside of Hotspots,2017-08-02,18,58,86,116
Outside of Hotspots,2017-08-03,19,59,86,117
Outside of Hotspots,2017-08-04,19,59,85,117
Outside of Hotspots,2017-08-05,20,60,86,118
Outside of Hotspots,2017-08-06,20,59,86,118
Outside of Hotspots,2017-08-07,21,59,87,119
Outside of Hotspots,2017-08-08,21,58,86,119
Outside of Hotspots,2017-08-09,22,59,87,120
Outside of Hotspots,2017-08-10,21,59,87,120
Outside of Hotspots,2017-08-11,21,58,87,120
Outside of Hotspots,2017-08-12,22,58,87,118
Outside of Hotspots,2017-08-13,22,57,86,118
Outside of Hotspots,2017-08-14,21,57,86,117
Outside of Hotspots,2017-08-15,21,55,86,117
Outside of Hotspots,2017-08-16,20,53,86,117
Outside of Hotspots,2017-08-17,20,53,86,117
Outside of Hotspots,2017-08-18,21,54,87,118
Outside of Hotspots,2017-08-19,21,54,87,117
Outside of Hotspots,2017-08-20,21,53,86,116
Outside of Hotspots,2017-08-21,22,54,86,117
Outside of Hotspots,2017-08-22,21,55,87,117
Outside of Hotspots,2017-08-23,21,53,86,116
Outside of Hotspots,2017-08-24,20,53,85,116
Outside of Hotspots,2017-08-25,20,53,85,116
Outside of Hotspots,2017-08-26,20,53,85,116
Outside of Hotspots,2017-08-27,21,54,86,117
Outside of Hotspots,2017-08-28,21,53,85,115
Outside of Hotspots,2017-08-29,23,55,88,118
Outside of Hotspots,2017-08-30,22,55,88,118
Outside of Hotspots,2017-08-31,22,55,88,118
Outside of Hotspots,2017-09-01,24,57,90,119
Outside of Hotspots,2017-09-02,25,58,91,120
Outside of Hotspots,2017-09-03,25,58,91,120
Outside of Hotspots,2017-09-04,25,58,91,120
Outside of Hotspots,2017-09-05,25,58,91,119
Outside of Hotspots,2017-09-06,25,58,91,119
Outside of Hotspots,2017-09-07,25,58,91,118
Outside of Hotspots,2017-09-08,26,58,92,119
Outside of Hotspots,2017-09-09,26,57,92,119
Outside of Hotspots,2017-09-10,26,57,92,119
Outside of Hotspots,2017-09-11,26,56,92,118
Outside of Hotspots,2017-09-12,26,56,92,118
Outside of Hotspots,2017-09-13,26,54,92,118
Outside of Hotspots,2017-09-14,26,53,92,118
Outside of Hotspots,2017-09-15,27,54,93,119
Outside of Hotspots,2017-09-16,28,55,93,119
Outside of Hotspots,2017-09-17,27,55,93,118
Outside of Hotspots,2017-09-18,27,54,93,117
Outside of Hotspots,2017-09-19,27,54,93,117
Outside of Hotspots,2017-09-20,27,54,93,117
Outside of Hotspots,2017-09-21,27,53,93,117
Outside of Hotspots,2017-09-22,27,53,94,118
Outside of Hotspots,2017-09-23,27,53,94,117
Outside of Hotspots,2017-09-24,28,52,95,118
Outside of Hotspots,2017-09-25,28,52,95,118
Outside of Hotspots,2017-09-26,29,52,96,118
Outside of Hotspots,2017-09-27,29,52,96,118
Outside of Hotspots,2017-09-28,29,52,97,119
Outside of Hotspots,2017-09-29,30,52,98,120
Outside of Hotspots,2017-09-30,29,52,98,120
Outside of Hotspots,2017-10-01,29,52,98,119
Outside of Hotspots,2017-10-02,29,51,98,119
Outside of Hotspots,2017-10-03,29,50,97,119
Outside of Hotspots,2017-10-04,29,49,97,117
Outside of Hotspots,2017-10-05,29,49,97,117
Outside of Hotspots,2017-10-06,29,49,97,117
Outside of Hotspots,2017-10-07,29,48,97,117
Outside of Hotspots,2017-10-08,29,48,97,117
Outside of Hotspots,2017-10-09,28,48,96,116
Outside of Hotspots,2017-10-10,28,48,95,116
Outside of Hotspots,2017-10-11,27,48,95,116
Outside of Hotspots,2017-10-12,27,48,94,116
Outside of Hotspots,2017-10-13,27,48,94,116
Outside of Hotspots,2017-10-14,27,48,94,116
Outside of Hotspots,2017-10-15,27,48,94,116
Outside of Hotspots,2017-10-16,27,48,91,115
Outside of Hotspots,2017-10-17,28,49,92,116
Outside of Hotspots,2017-10-18,28,49,91,116
Outside of Hotspots,2017-10-19,27,49,91,116
Outside of Hotspots,2017-10-20,27,49,92,117
Outside of Hotspots,2017-10-21,27,49,91,117
Outside of Hotspots,2017-10-22,27,49,88,117
Outside of Hotspots,2017-10-23,26,49,88,117
Outside of Hotspots,2017-10-24,26,48,87,117
Outside of Hotspots,2017-10-25,27,47,87,117
Outside of Hotspots,2017-10-26,27,47,87,117
Outside of Hotspots,2017-10-27,27,47,85,115
Outside of Hotspots,2017-10-28,27,47,85,115
Outside of Hotspots,2017-10-29,28,47,86,115
Outside of Hotspots,2017-10-30,28,47,86,115
Outside of Hotspots,2017-10-31,28,46,86,114
Outside of Hotspots,2017-11-01,27,46,86,113
Outside of Hotspots,2017-11-02,27,46,86,112
Outside of Hotspots,2017-11-03,26,46,86,112
Outside of Hotspots,2017-11-04,26,46,85,112
Outside of Hotspots,2017-11-05,25,46,84,112
Outside of Hotspots,2017-11-06,25,46,83,111
Outside of Hotspots,2017-11-07,24,46,83,111
Outside of Hotspots,2017-11-08,24,45,83,111
Outside of Hotspots,2017-11-09,24,45,82,111
Outside of Hotspots,2017-11-10,23,45,81,110
Outside of Hotspots,2017-11-11,23,45,80,109
Outside of Hotspots,2017-11-12,23,44,80,109
Outside of Hotspots,2017-11-13,24,45,79,110
Outside of Hotspots,2017-11-14,24,44,77,110
Outside of Hotspots,2017-11-15,24,44,77,110
Outside of Hotspots,2017-11-16,24,45,78,111
Outside of Hotspots,2017-11-17,24,45,78,111
Outside of Hotspots,2017-11-18,24,45,77,110
Outside of Hotspots,2017-11-19,23,45,77,109
Outside of Hotspots,2017-11-20,22,43,77,109
Outside of Hotspots,2017-11-21,22,43,75,108
Outside of Hotspots,2017-11-22,22,42,75,107
Outside of Hotspots,2017-11-23,22,42,75,107
Outside of Hotspots,2017-11-24,22,42,75,107
Outside of Hotspots,2017-11-25,21,42,75,107
Outside of Hotspots,2017-11-26,21,42,74,106
Outside of Hotspots,2017-11-27,18,41,73,106
Outside of Hotspots,2017-11-28,18,40,73,106
Outside of Hotspots,2017-11-29,18,40,73,106
Outside of Hotspots,2017-11-30,17,41,74,107
Outside of Hotspots,2017-12-01,16,41,74,107
Outside of Hotspots,2017-12-02,16,41,74,107
Outside of Hotspots,2017-12-03,16,41,74,107
Outside of Hotspots,2017-12-04,16,41,74,107
Outside of Hotspots,2017-12-05,16,41,74,107
Outside of Hotspots,2017-12-06,16,41,74,107
Outside of Hotspots,2017-12-07,15,41,73,107
Outside of Hotspots,2017-12-08,15,41,72,107
Outside of Hotspots,2017-12-09,15,41,72,107
Outside of Hotspots,2017-12-10,15,41,71,107
Outside of Hotspots,2017-12-11,15,41,71,107
Outside of Hotspots,2017-12-12,15,41,69,107
Outside of Hotspots,2017-12-13,15,41,68,107
Outside of Hotspots,2017-12-14,14,41,68,107
Outside of Hotspots,2017-12-15,13,41,68,106
Outside of Hotspots,2017-12-16,13,40,68,106
Outside of Hotspots,2017-12-17,13,40,67,106
Outside of Hotspots,2017-12-18,13,40,67,106
Outside of Hotspots,2017-12-19,13,40,67,106
Outside of Hotspots,2017-12-20,13,40,66,106
Outside of Hotspots,2017-12-21,12,39,65,106
Outside of Hotspots,2017-12-22,12,39,65,106
Outside of Hotspots,2017-12-23,11,39,63,106
Outside of Hotspots,2017-12-24,11,39,63,106
Outside of Hotspots,2017-12-25,10,39,62,106
Outside of Hotspots,2017-12-26,10,39,62,106
Outside of Hotspots,2017-12-27,9,38,61,106
Outside of Hotspots,2017-12-28,10,40,62,108
Outside of Hotspots,2017-12-29,12,41,64,110
Outside of Hotspots,2017-12-30,12,41,64,110
Outside of Hotspots,2017-12-31,12,41,63,110
Southeast Asia,2010-01-01,0,0,0,0
Southeast Asia,2010-01-02,0,0,0,0
Southeast Asia,2010-01-03,0,0,0,0
Southeast Asia,2010-01-04,1,1,1,1
Southeast Asia,2010-01-05,1,1,1,1
Southeast Asia,2010-01-06,1,1,1,1
Southeast Asia,2010-01-07,1,1,1,1
Southeast Asia,2010-01-08,1,1,1,1
Southeast Asia,2010-01-09,1,1,1,1
Southeast Asia,2010-01-10,1,1,1,1
Southeast Asia,2010-01-11,1,1,1,1
Southeast Asia,2010-01-12,2,2,2,2
Southeast Asia,2010-01-13,2,2,2,2
Southeast Asia,2010-01-14,2,2,2,2
Southeast Asia,2010-01-15,2,2,2,2
Southeast Asia,2010-01-16,2,2,2,2
Southeast Asia,2010-01-17,2,2,2,2
Southeast Asia,2010-01-18,2,2,2,2
Southeast Asia,2010-01-19,2,2,2,2
Southeast Asia,2010-01-20,2,2,2,2
Southeast Asia,2010-01-21,3,3,3,3
Southeast Asia,2010-01-22,3,3,3,3
Southeast Asia,2010-01-23,3,3,3,3
Southeast Asia,2010-01-24,3,3,3,3
Southeast Asia,2010-01-25,3,3,3,3
Southeast Asia,2010-01-26,3,3,3,3
Southeast Asia,2010-01-27,3,3,3,3
Southeast Asia,2010-01-28,3,3,3,3
Southeast Asia,2010-01-29,4,4,4,4
Southeast Asia,2010-01-30,4,4,4,4
Southeast Asia,2010-01-31,4,4,4,4
Southeast Asia,2010-02-01,4,4,4,4
Southeast Asia,2010-02-02,4,4,4,4
Southeast Asia,2010-02-03,4,4,4,4
Southeast Asia,2010-02-04,4,4,4,4
Southeast Asia,2010-02-05,4,4,4,4
Southeast Asia,2010-02-06,5,5,5,5
Southeast Asia,2010-02-07,5,5,5,5
Southeast Asia,2010-02-08,5,5,5,5
Southeast Asia,2010-02-09,5,5,5,5
Southeast Asia,2010-02-10,6,6,6,6
Southeast Asia,2010-02-11,6,6,6,6
Southeast Asia,2010-02-12,6,6,6,6
Southeast Asia,2010-02-13,6,6,6,6
Southeast Asia,2010-02-14,6,6,6,6
Southeast Asia,2010-02-15,6,6,6,6
Southeast Asia,2010-02-16,6,6,6,6
Southeast Asia,2010-02-17,6,6,6,6
Southeast Asia,2010-02-18,6,6,6,6
Southeast Asia,2010-02-19,6,6,6,6
Southeast Asia,2010-02-20,6,6,6,6
Southeast Asia,2010-02-21,6,6,6,6
Southeast Asia,2010-02-22,6,6,6,6
Southeast Asia,2010-02-23,6,6,6,6
Southeast Asia,2010-02-24,7,7,7,7
Southeast Asia,2010-02-25,7,7,7,7
Southeast Asia,2010-02-26,7,7,7,7
Southeast Asia,2010-02-27,7,7,7,7
Southeast Asia,2010-02-28,7,7,7,7
Southeast Asia,2010-03-01,7,7,7,7
Southeast Asia,2010-03-02,7,7,7,7
Southeast Asia,2010-03-03,7,7,7,7
Southeast Asia,2010-03-04,7,7,7,7
Southeast Asia,2010-03-05,7,7,7,7
Southeast Asia,2010-03-06,7,7,7,7
Southeast Asia,2010-03-07,7,7,7,7
Southeast Asia,2010-03-08,7,7,7,7
Southeast Asia,2010-03-09,7,7,7,7
Southeast Asia,2010-03-10,7,7,7,7
Southeast Asia,2010-03-11,8,8,8,8
Southeast Asia,2010-03-12,8,8,8,8
Southeast Asia,2010-03-13,8,8,8,8
Southeast Asia,2010-03-14,8,8,8,8
Southeast Asia,2010-03-15,8,8,8,8
Southeast Asia,2010-03-16,8,8,8,8
Southeast Asia,2010-03-17,8,8,8,8
Southeast Asia,2010-03-18,8,8,8,8
Southeast Asia,2010-03-19,9,9,9,9
Southeast Asia,2010-03-20,10,10,10,10
Southeast Asia,2010-03-21,10,10,10,10
Southeast Asia,2010-03-22,10,10,10,10
Southeast Asia,2010-03-23,11,11,11,11
Southeast Asia,2010-03-24,11,11,11,11
Southeast Asia,2010-03-25,11,11,11,11
Southeast Asia,2010-03-26,11,11,11,11
Southeast Asia,2010-03-27,11,11,11,11
Southeast Asia,2010-03-28,11,11,11,11
Southeast Asia,2010-03-29,11,11,11,11
Southeast Asia,2010-03-30,11,11,11,11
Southeast Asia,2010-03-31,11,11,11,11
Southeast Asia,2010-04-01,11,11,11,11
Southeast Asia,2010-04-02,11,11,11,11
Southeast Asia,2010-04-03,12,12,12,12
Southeast Asia,2010-04-04,12,13,13,13
Southeast Asia,2010-04-05,12,13,13,13
Southeast Asia,2010-04-06,12,13,13,13
Southeast Asia,2010-04-07,13,14,14,14
Southeast Asia,2010-04-08,13,14,14,14
Southeast Asia,2010-04-09,14,15,15,15
Southeast Asia,2010-04-10,16,17,17,17
Southeast Asia,2010-04-11,16,17,17,17
Southeast Asia,2010-04-12,15,17,17,17
Southeast Asia,2010-04-13,15,17,17,17
Southeast Asia,2010-04-14,15,17,17,17
Southeast Asia,2010-04-15,15,17,17,17
Southeast Asia,2010-04-16,16,18,18,18
Southeast Asia,2010-04-17,17,19,19,19
Southeast Asia,2010-04-18,18,20,20,20
Southeast Asia,2010-04-19,19,21,21,21
Southeast Asia,2010-04-20,19,21,21,21
Southeast Asia,2010-04-21,19,22,22,22
Southeast Asia,2010-04-22,20,23,23,23
Southeast Asia,2010-04-23,20,23,23,23
Southeast Asia,2010-04-24,20,23,23,23
Southeast Asia,2010-04-25,20,23,23,23
Southeast Asia,2010-04-26,20,23,23,23
Southeast Asia,2010-04-27,22,25,25,25
Southeast Asia,2010-04-28,23,26,26,26
Southeast Asia,2010-04-29,22,26,26,26
Southeast Asia,2010-04-30,22,26,26,26
Southeast Asia,2010-05-01,24,28,28,28
Southeast Asia,2010-05-02,24,28,28,28
Southeast Asia,2010-05-03,24,28,28,28
Southeast Asia,2010-05-04,24,28,28,28
Southeast Asia,2010-05-05,24,28,28,28
Southeast Asia,2010-05-06,24,28,28,28
Southeast Asia,2010-05-07,23,28,28,28
Southeast Asia,2010-05-08,25,30,30,30
Southeast Asia,2010-05-09,25,30,30,30
Southeast Asia,2010-05-10,26,31,31,31
Southeast Asia,2010-05-11,25,31,31,31
Southeast Asia,2010-05-12,25,31,31,31
Southeast Asia,2010-05-13,25,31,31,31
Southeast Asia,2010-05-14,25,31,31,31
Southeast Asia,2010-05-15,25,31,31,31
Southeast Asia,2010-05-16,25,31,31,31
Southeast Asia,2010-05-17,25,31,31,31
Southeast Asia,2010-05-18,26,32,32,32
Southeast Asia,2010-05-19,26,32,32,32
Southeast Asia,2010-05-20,26,32,32,32
Southeast Asia,2010-05-21,26,32,32,32
Southeast Asia,2010-05-22,26,32,32,32
Southeast Asia,2010-05-23,26,32,32,32
Southeast Asia,2010-05-24,26,32,32,32
Southeast Asia,2010-05-25,25,32,32,32
Southeast Asia,2010-05-26,26,33,33,33
Southeast Asia,2010-05-27,26,33,33,33
Southeast Asia,2010-05-28,26,33,33,33
Southeast Asia,2010-05-29,26,33,33,33
Southeast Asia,2010-05-30,26,33,33,33
Southeast Asia,2010-05-31,26,33,33,33
Southeast Asia,2010-06-01,26,33,33,33
Southeast Asia,2010-06-02,26,33,33,33
Southeast Asia,2010-06-03,26,33,33,33
Southeast Asia,2010-06-04,27,34,34,34
Southeast Asia,2010-06-05,27,34,34,34
Southeast Asia,2010-06-06,27,34,34,34
Southeast Asia,2010-06-07,27,34,34,34
Southeast Asia,2010-06-08,27,34,34,34
Southeast Asia,2010-06-09,28,36,36,36
Southeast Asia,2010-06-10,30,38,38,38
Southeast Asia,2010-06-11,30,38,38,38
Southeast Asia,2010-06-12,32,40,40,40
Southeast Asia,2010-06-13,33,41,41,41
Southeast Asia,2010-06-14,33,41,41,41
Southeast Asia,2010-06-15,35,43,43,43
Southeast Asia,2010-06-16,36,44,44,44
Southeast Asia,2010-06-17,35,44,44,44
Southeast Asia,2010-06-18,34,44,44,44
Southeast Asia,2010-06-19,34,44,44,44
Southeast Asia,2010-06-20,35,45,45,45
Southeast Asia,2010-06-21,34,45,45,45
Southeast Asia,2010-06-22,34,45,45,45
Southeast Asia,2010-06-23,34,45,45,45
Southeast Asia,2010-06-24,34,45,45,45
Southeast Asia,2010-06-25,34,45,45,45
Southeast Asia,2010-06-26,35,46,46,46
Southeast Asia,2010-06-27,35,46,46,46
Southeast Asia,2010-06-28,37,48,48,48
Southeast Asia,2010-06-29,38,49,49,49
Southeast Asia,2010-06-30,38,49,49,49
Southeast Asia,2010-07-01,38,49,49,49
Southeast Asia,2010-07-02,37,49,49,49
Southeast Asia,2010-07-03,36,48,49,49
Southeast Asia,2010-07-04,36,48,49,49
Southeast Asia,2010-07-05,36,48,49,49
Southeast Asia,2010-07-06,35,48,49,49
Southeast Asia,2010-07-07,36,49,50,50
Southeast Asia,2010-07-08,35,49,50,50
Southeast Asia,2010-07-09,33,49,50,50
Southeast Asia,2010-07-10,33,49,50,50
Southeast Asia,2010-07-11,33,48,50,50
Southeast Asia,2010-07-12,34,49,51,51
Southeast Asia,2010-07-13,34,49,51,51
Southeast Asia,2010-07-14,35,50,52,52
Southeast Asia,2010-07-15,34,50,52,52
Southeast Asia,2010-07-16,33,50,52,52
Southeast Asia,2010-07-17,32,50,52,52
Southeast Asia,2010-07-18,32,51,53,53
Southeast Asia,2010-07-19,32,51,53,53
Southeast Asia,2010-07-20,31,50,53,53
Southeast Asia,2010-07-21,30,50,53,53
Southeast Asia,2010-07-22,31,51,54,54
Southeast Asia,2010-07-23,32,52,55,55
Southeast Asia,2010-07-24,32,52,55,55
Southeast Asia,2010-07-25,32,52,55,55
Southeast Asia,2010-07-26,30,52,55,55
Southeast Asia,2010-07-27,29,52,55,55
Southeast Asia,2010-07-28,30,52,56,56
Southeast Asia,2010-07-29,30,52,56,56
Southeast Asia,2010-07-30,28,52,56,56
Southeast Asia,2010-07-31,29,53,57,57
Southeast Asia,2010-08-01,29,53,57,57
Southeast Asia,2010-08-02,29,53,57,57
Southeast Asia,2010-08-03,30,54,58,58
Southeast Asia,2010-08-04,31,55,59,59
Southeast Asia,2010-08-05,33,56,61,61
Southeast Asia,2010-08-06,31,56,61,61
Southeast Asia,2010-08-07,32,57,62,62
Southeast Asia,2010-08-08,31,57,62,62
Southeast Asia,2010-08-09,31,56,62,62
Southeast Asia,2010-08-10,32,57,63,63
Southeast Asia,2010-08-11,32,57,63,63
Southeast Asia,2010-08-12,34,59,65,65
Southeast Asia,2010-08-13,34,59,65,65
Southeast Asia,2010-08-14,34,59,65,65
Southeast Asia,2010-08-15,35,60,66,66
Southeast Asia,2010-08-16,35,61,67,67
Southeast Asia,2010-08-17,37,63,69,69
Southeast Asia,2010-08-18,38,64,70,70
Southeast Asia,2010-08-19,38,64,70,70
Southeast Asia,2010-08-20,39,65,71,71
Southeast Asia,2010-08-21,40,66,72,72
Southeast Asia,2010-08-22,40,66,72,72
Southeast Asia,2010-08-23,41,66,73,73
Southeast Asia,2010-08-24,40,66,73,73
Southeast Asia,2010-08-25,40,66,73,73
Southeast Asia,2010-08-26,40,66,73,73
Southeast Asia,2010-08-27,40,66,73,73
Southeast Asia,2010-08-28,40,66,73,73
Southeast Asia,2010-08-29,41,67,74,74
Southeast Asia,2010-08-30,43,69,76,76
Southeast Asia,2010-08-31,44,70,77,77
Southeast Asia,2010-09-01,46,72,79,79
Southeast Asia,2010-09-02,45,72,79,79
Southeast Asia,2010-09-03,45,72,79,79
Southeast Asia,2010-09-04,46,73,80,80
Southeast Asia,2010-09-05,48,75,82,82
Southeast Asia,2010-09-06,48,75,82,82
Southeast Asia,2010-09-07,46,74,82,82
Southeast Asia,2010-09-08,44,74,82,82
Southeast Asia,2010-09-09,45,75,83,83
Southeast Asia,2010-09-10,44,76,84,84
Southeast Asia,2010-09-11,43,76,84,84
Southeast Asia,2010-09-12,44,77,85,85
Southeast Asia,2010-09-13,42,77,85,85
Southeast Asia,2010-09-14,41,77,85,85
Southeast Asia,2010-09-15,41,76,85,85
Southeast Asia,2010-09-16,41,75,85,85
Southeast Asia,2010-09-17,41,75,85,85
Southeast Asia,2010-09-18,41,76,86,86
Southeast Asia,2010-09-19,41,75,86,86
Southeast Asia,2010-09-20,41,75,86,86
Southeast Asia,2010-09-21,41,75,86,86
Southeast Asia,2010-09-22,41,75,86,86
Southeast Asia,2010-09-23,41,75,86,86
Southeast Asia,2010-09-24,41,76,87,87
Southeast Asia,2010-09-25,41,76,87,87
Southeast Asia,2010-09-26,39,76,87,87
Southeast Asia,2010-09-27,38,76,87,87
Southeast Asia,2010-09-28,38,76,87,87
Southeast Asia,2010-09-29,38,76,87,87
Southeast Asia,2010-09-30,39,76,88,88
Southeast Asia,2010-10-01,39,75,87,88
Southeast Asia,2010-10-02,42,78,90,91
Southeast Asia,2010-10-03,44,80,92,93
Southeast Asia,2010-10-04,44,79,92,93
Southeast Asia,2010-10-05,43,79,92,93
Southeast Asia,2010-10-06,43,78,92,93
Southeast Asia,2010-10-07,43,76,92,93
Southeast Asia,2010-10-08,43,76,92,93
Southeast Asia,2010-10-09,44,77,92,94
Southeast Asia,2010-10-10,43,77,92,94
Southeast Asia,2010-10-11,44,78,93,95
Southeast Asia,2010-10-12,44,79,94,96
Southeast Asia,2010-10-13,44,78,94,96
Southeast Asia,2010-10-14,44,77,94,96
Southeast Asia,2010-10-15,45,77,95,97
Southeast Asia,2010-10-16,46,78,97,99
Southeast Asia,2010-10-17,46,78,97,99
Southeast Asia,2010-10-18,46,77,96,99
Southeast Asia,2010-10-19,46,76,96,99
Southeast Asia,2010-10-20,47,78,98,101
Southeast Asia,2010-10-21,46,78,98,101
Southeast Asia,2010-10-22,46,78,98,101
Southeast Asia,2010-10-23,46,78,98,101
Southeast Asia,2010-10-24,47,77,99,102
Southeast Asia,2010-10-25,47,76,99,102
Southeast Asia,2010-10-26,46,76,98,102
Southeast Asia,2010-10-27,46,76,98,102
Southeast Asia,2010-10-28,46,74,98,102
Southeast Asia,2010-10-29,45,74,98,102
Southeast Asia,2010-10-30,45,74,98,102
Southeast Asia,2010-10-31,45,74,98,102
Southeast Asia,2010-11-01,44,74,98,102
Southeast Asia,2010-11-02,44,75,99,103
Southeast Asia,2010-11-03,42,75,98,103
Southeast Asia,2010-11-04,42,73,98,103
Southeast Asia,2010-11-05,41,73,98,103
Southeast Asia,2010-11-06,42,73,99,104
Southeast Asia,2010-11-07,43,74,99,105
Southeast Asia,2010-11-08,42,74,99,105
Southeast Asia,2010-11-09,42,74,99,105
Southeast Asia,2010-11-10,40,74,99,105
Southeast Asia,2010-11-11,40,74,99,105
Southeast Asia,2010-11-12,40,74,99,105
Southeast Asia,2010-11-13,39,74,99,105
Southeast Asia,2010-11-14,38,73,99,105
Southeast Asia,2010-11-15,36,73,99,105
Southeast Asia,2010-11-16,38,76,102,108
Southeast Asia,2010-11-17,38,76,102,108
Southeast Asia,2010-11-18,37,76,102,108
Southeast Asia,2010-11-19,36,76,102,108
Southeast Asia,2010-11-20,36,76,102,108
Southeast Asia,2010-11-21,36,77,102,109
Southeast Asia,2010-11-22,36,76,102,109
Southeast Asia,2010-11-23,36,76,102,109
Southeast Asia,2010-11-24,36,76,102,109
Southeast Asia,2010-11-25,36,76,102,109
Southeast Asia,2010-11-26,36,76,102,109
Southeast Asia,2010-11-27,35,76,102,109
Southeast Asia,2010-11-28,33,76,102,109
Southeast Asia,2010-11-29,32,76,102,109
Southeast Asia,2010-11-30,30,76,102,109
Southeast Asia,2010-12-01,30,75,102,109
Southeast Asia,2010-12-02,30,75,102,109
Southeast Asia,2010-12-03,29,75,102,109
Southeast Asia,2010-12-04,27,75,102,109
Southeast Asia,2010-12-05,27,75,102,109
Southeast Asia,2010-12-06,27,73,101,109
Southeast Asia,2010-12-07,27,71,101,109
Southeast Asia,2010-12-08,27,72,102,110
Southeast Asia,2010-12-09,26,70,102,110
Southeast Asia,2010-12-10,26,69,102,110
Southeast Asia,2010-12-11,25,69,102,110
Southeast Asia,2010-12-12,25,67,102,110
Southeast Asia,2010-12-13,26,67,103,111
Southeast Asia,2010-12-14,28,69,104,113
Southeast Asia,2010-12-15,28,69,103,113
Southeast Asia,2010-12-16,28,69,103,113
Southeast Asia,2010-12-17,27,68,103,113
Southeast Asia,2010-12-18,27,68,102,113
Southeast Asia,2010-12-19,27,68,102,113
Southeast Asia,2010-12-20,27,68,102,113
Southeast Asia,2010-12-21,27,68,102,113
Southeast Asia,2010-12-22,27,68,102,113
Southeast Asia,2010-12-23,27,68,103,114
Southeast Asia,2010-12-24,28,69,104,115
Southeast Asia,2010-12-25,28,67,104,115
Southeast Asia,2010-12-26,28,66,104,115
Southeast Asia,2010-12-27,28,66,104,115
Southeast Asia,2010-12-28,28,66,104,115
Southeast Asia,2010-12-29,27,66,103,115
Southeast Asia,2010-12-30,28,67,103,115
Southeast Asia,2010-12-31,26,68,104,116
Southeast Asia,2011-01-01,24,68,104,116
Southeast Asia,2011-01-02,24,68,103,116
Southeast Asia,2011-01-03,24,67,103,116
Southeast Asia,2011-01-04,24,67,102,116
Southeast Asia,2011-01-05,24,67,100,116
Southeast Asia,2011-01-06,24,67,100,116
Southeast Asia,2011-01-07,23,67,100,115
Southeast Asia,2011-01-08,23,66,100,115
Southeast Asia,2011-01-09,22,66,100,115
Southeast Asia,2011-01-10,21,65,100,115
Southeast Asia,2011-01-11,22,66,100,116
Southeast Asia,2011-01-12,22,66,99,116
Southeast Asia,2011-01-13,22,67,99,117
Southeast Asia,2011-01-14,20,66,98,117
Southeast Asia,2011-01-15,20,66,98,117
Southeast Asia,2011-01-16,20,66,97,116
Southeast Asia,2011-01-17,20,66,96,116
Southeast Asia,2011-01-18,18,65,96,116
Southeast Asia,2011-01-19,18,64,96,116
Southeast Asia,2011-01-20,18,64,96,116
Southeast Asia,2011-01-21,18,64,96,116
Southeast Asia,2011-01-22,17,64,94,116
Southeast Asia,2011-01-23,17,64,93,116
Southeast Asia,2011-01-24,18,64,94,116
Southeast Asia,2011-01-25,18,64,94,116
Southeast Asia,2011-01-26,18,64,92,116
Southeast Asia,2011-01-27,19,64,93,117
Southeast Asia,2011-01-28,19,64,93,117
Southeast Asia,2011-01-29,19,64,93,117
Southeast Asia,2011-01-30,19,63,93,117
Southeast Asia,2011-01-31,18,62,93,117
Southeast Asia,2011-02-01,18,60,93,116
Southeast Asia,2011-02-02,18,60,91,116
Southeast Asia,2011-02-03,18,59,91,116
Southeast Asia,2011-02-04,17,59,90,116
Southeast Asia,2011-02-05,16,59,90,115
Southeast Asia,2011-02-06,16,58,90,115
Southeast Asia,2011-02-07,16,58,90,115
Southeast Asia,2011-02-08,16,56,90,115
Southeast Asia,2011-02-09,16,56,90,115
Southeast Asia,2011-02-10,16,56,90,115
Southeast Asia,2011-02-11,17,56,91,116
Southeast Asia,2011-02-12,17,55,90,116
Southeast Asia,2011-02-13,17,53,90,116
Southeast Asia,2011-02-14,15,53,91,117
Southeast Asia,2011-02-15,15,53,91,117
Southeast Asia,2011-02-16,15,52,91,117
Southeast Asia,2011-02-17,17,53,93,119
Southeast Asia,2011-02-18,17,53,93,119
Southeast Asia,2011-02-19,17,53,94,119
Southeast Asia,2011-02-20,17,53,93,119
Southeast Asia,2011-02-21,19,55,95,121
Southeast Asia,2011-02-22,19,55,95,121
Southeast Asia,2011-02-23,20,56,96,122
Southeast Asia,2011-02-24,20,56,96,122
Southeast Asia,2011-02-25,20,55,96,122
Southeast Asia,2011-02-26,21,54,97,123
Southeast Asia,2011-02-27,21,53,97,123
Southeast Asia,2011-02-28,21,51,97,123
Southeast Asia,2011-03-01,21,51,96,123
Southeast Asia,2011-03-02,21,51,96,123
Southeast Asia,2011-03-03,22,51,97,124
Southeast Asia,2011-03-04,22,49,97,124
Southeast Asia,2011-03-05,22,49,97,124
Southeast Asia,2011-03-06,22,49,95,123
Southeast Asia,2011-03-07,23,50,94,124
Southeast Asia,2011-03-08,23,50,95,125
Southeast Asia,2011-03-09,24,50,94,126
Southeast Asia,2011-03-10,24,50,93,126
Southeast Asia,2011-03-11,24,49,93,126
Southeast Asia,2011-03-12,26,51,93,128
Southeast Asia,2011-03-13,25,51,92,128
Southeast Asia,2011-03-14,23,51,92,127
Southeast Asia,2011-03-15,23,51,92,126
Southeast Asia,2011-03-16,24,52,93,127
Southeast Asia,2011-03-17,24,51,92,127
Southeast Asia,2011-03-18,25,52,93,127
Southeast Asia,2011-03-19,25,52,93,127
Southeast Asia,2011-03-20,26,53,94,128
Southeast Asia,2011-03-21,28,55,96,130
Southeast Asia,2011-03-22,29,56,97,131
Southeast Asia,2011-03-23,28,55,96,131
Southeast Asia,2011-03-24,27,55,96,131
Southeast Asia,2011-03-25,29,57,96,133
Southeast Asia,2011-03-26,29,57,95,133
Southeast Asia,2011-03-27,29,57,95,133
Southeast Asia,2011-03-28,29,57,95,133
Southeast Asia,2011-03-29,29,56,95,132
Southeast Asia,2011-03-30,28,56,95,131
Southeast Asia,2011-03-31,28,54,96,132
Southeast Asia,2011-04-01,29,53,97,133
Southeast Asia,2011-04-02,29,53,97,132
Southeast Asia,2011-04-03,30,54,97,133
Southeast Asia,2011-04-04,30,54,97,132
Southeast Asia,2011-04-05,31,55,98,131
Southeast Asia,2011-04-06,31,55,98,131
Southeast Asia,2011-04-07,31,54,98,131
Southeast Asia,2011-04-08,31,54,97,131
Southeast Asia,2011-04-09,31,53,97,131
Southeast Asia,2011-04-10,31,52,96,131
Southeast Asia,2011-04-11,31,53,97,131
Southeast Asia,2011-04-12,31,53,97,130
Southeast Asia,2011-04-13,30,52,97,129
Southeast Asia,2011-04-14,30,50,96,128
Southeast Asia,2011-04-15,31,51,97,129
Southeast Asia,2011-04-16,31,51,97,128
Southeast Asia,2011-04-17,32,52,98,128
Southeast Asia,2011-04-18,33,51,98,129
Southeast Asia,2011-04-19,33,51,97,129
Southeast Asia,2011-04-20,33,51,97,129
Southeast Asia,2011-04-21,33,51,97,129
Southeast Asia,2011-04-22,33,50,97,127
Southeast Asia,2011-04-23,33,50,97,126
Southeast Asia,2011-04-24,33,51,97,127
Southeast Asia,2011-04-25,34,52,98,128
Southeast Asia,2011-04-26,34,52,98,126
Southeast Asia,2011-04-27,33,52,97,126
Southeast Asia,2011-04-28,33,52,97,126
Southeast Asia,2011-04-29,33,52,97,126
Southeast Asia,2011-04-30,34,53,97,127
Southeast Asia,2011-05-01,34,52,96,127
Southeast Asia,2011-05-02,34,52,94,127
Southeast Asia,2011-05-03,34,52,94,125
Southeast Asia,2011-05-04,34,52,93,125
Southeast Asia,2011-05-05,35,52,94,125
Southeast Asia,2011-05-06,35,51,94,125
Southeast Asia,2011-05-07,35,51,93,125
Southeast Asia,2011-05-08,35,51,93,125
Southeast Asia,2011-05-09,35,51,91,125
Southeast Asia,2011-05-10,35,51,91,125
Southeast Asia,2011-05-11,35,51,91,125
Southeast Asia,2011-05-12,34,51,90,125
Southeast Asia,2011-05-13,34,51,89,124
Southeast Asia,2011-05-14,34,51,87,124
Southeast Asia,2011-05-15,36,51,89,127
Southeast Asia,2011-05-16,36,51,89,127
Southeast Asia,2011-05-17,36,51,88,127
Southeast Asia,2011-05-18,35,52,88,128
Southeast Asia,2011-05-19,35,52,88,128
Southeast Asia,2011-05-20,34,51,87,128
Southeast Asia,2011-05-21,35,52,88,128
Southeast Asia,2011-05-22,34,53,89,129
Southeast Asia,2011-05-23,35,54,90,130
Southeast Asia,2011-05-24,35,55,91,131
Southeast Asia,2011-05-25,35,55,91,131
Southeast Asia,2011-05-26,36,56,91,132
Southeast Asia,2011-05-27,36,57,90,133
Southeast Asia,2011-05-28,36,57,89,133
Southeast Asia,2011-05-29,38,59,89,135
Southeast Asia,2011-05-30,38,59,89,134
Southeast Asia,2011-05-31,38,59,89,134
Southeast Asia,2011-06-01,39,61,90,136
Southeast Asia,2011-06-02,39,61,88,136
Southeast Asia,2011-06-03,39,61,88,136
Southeast Asia,2011-06-04,39,61,88,134
Southeast Asia,2011-06-05,38,61,88,132
Southeast Asia,2011-06-06,38,61,88,133
Southeast Asia,2011-06-07,37,61,87,131
Southeast Asia,2011-06-08,37,61,87,130
Southeast Asia,2011-06-09,37,61,86,130
Southeast Asia,2011-06-10,35,61,86,128
Southeast Asia,2011-06-11,35,60,86,127
Southeast Asia,2011-06-12,35,58,86,127
Southeast Asia,2011-06-13,35,58,86,127
Southeast Asia,2011-06-14,34,58,86,127
Southeast Asia,2011-06-15,34,58,85,126
Southeast Asia,2011-06-16,33,58,85,126
Southeast Asia,2011-06-17,33,58,85,126
Southeast Asia,2011-06-18,32,58,85,126
Southeast Asia,2011-06-19,30,58,85,126
Southeast Asia,2011-06-20,29,58,85,126
Southeast Asia,2011-06-21,29,57,84,125
Southeast Asia,2011-06-22,29,56,84,125
Southeast Asia,2011-06-23,28,57,85,124
Southeast Asia,2011-06-24,28,57,85,123
Southeast Asia,2011-06-25,28,57,85,123
Southeast Asia,2011-06-26,28,57,85,123
Southeast Asia,2011-06-27,28,57,84,123
Southeast Asia,2011-06-28,28,56,84,123
Southeast Asia,2011-06-29,27,55,81,123
Southeast Asia,2011-06-30,27,56,80,124
Southeast Asia,2011-07-01,29,58,82,126
Southeast Asia,2011-07-02,28,58,82,125
Southeast Asia,2011-07-03,28,58,82,125
Southeast Asia,2011-07-04,28,59,83,126
Southeast Asia,2011-07-05,28,59,83,126
Southeast Asia,2011-07-06,28,59,82,126
Southeast Asia,2011-07-07,28,59,82,125
Southeast Asia,2011-07-08,29,60,82,126
Southeast Asia,2011-07-09,29,60,81,125
Southeast Asia,2011-07-10,28,59,81,125
Southeast Asia,2011-07-11,28,59,81,125
Southeast Asia,2011-07-12,28,58,80,125
Southeast Asia,2011-07-13,29,59,79,125
Southeast Asia,2011-07-14,28,59,79,125
Southeast Asia,2011-07-15,28,59,79,125
Southeast Asia,2011-07-16,27,59,79,125
Southeast Asia,2011-07-17,27,60,78,125
Southeast Asia,2011-07-18,27,60,78,124
Southeast Asia,2011-07-19,27,60,78,124
Southeast Asia,2011-07-20,28,61,79,125
Southeast Asia,2011-07-21,28,61,78,125
Southeast Asia,2011-07-22,28,61,78,125
Southeast Asia,2011-07-23,27,60,78,124
Southeast Asia,2011-07-24,26,60,78,124
Southeast Asia,2011-07-25,26,60,78,124
Southeast Asia,2011-07-26,26,59,78,123
Southeast Asia,2011-07-27,26,59,78,123
Southeast Asia,2011-07-28,26,59,78,123
Southeast Asia,2011-07-29,26,60,79,123
Southeast Asia,2011-07-30,26,60,78,122
Southeast Asia,2011-07-31,26,60,78,120
Southeast Asia,2011-08-01,26,60,78,120
Southeast Asia,2011-08-02,26,60,78,119
Southeast Asia,2011-08-03,26,61,78,120
Southeast Asia,2011-08-04,26,61,77,120
Southeast Asia,2011-08-05,26,61,77,119
Southeast Asia,2011-08-06,27,62,78,120
Southeast Asia,2011-08-07,27,62,78,118
Southeast Asia,2011-08-08,28,63,79,119
Southeast Asia,2011-08-09,28,63,79,119
Southeast Asia,2011-08-10,28,62,79,118
Southeast Asia,2011-08-11,29,63,80,118
Southeast Asia,2011-08-12,30,64,81,117
Southeast Asia,2011-08-13,27,63,78,116
Southeast Asia,2011-08-14,27,63,78,116
Southeast Asia,2011-08-15,27,63,78,115
Southeast Asia,2011-08-16,26,61,78,114
Southeast Asia,2011-08-17,26,61,78,114
Southeast Asia,2011-08-18,26,60,77,113
Southeast Asia,2011-08-19,25,60,77,113
Southeast Asia,2011-08-20,25,59,78,114
Southeast Asia,2011-08-21,24,59,78,114
Southeast Asia,2011-08-22,23,58,78,114
Southeast Asia,2011-08-23,23,58,78,114
Southeast Asia,2011-08-24,22,58,78,113
Southeast Asia,2011-08-25,21,57,78,111
Southeast Asia,2011-08-26,22,58,79,111
Southeast Asia,2011-08-27,21,59,80,110
Southeast Asia,2011-08-28,21,59,80,110
Southeast Asia,2011-08-29,21,59,80,110
Southeast Asia,2011-08-30,19,58,80,109
Southeast Asia,2011-08-31,19,58,80,107
Southeast Asia,2011-09-01,19,58,80,107
Southeast Asia,2011-09-02,19,58,80,107
Southeast Asia,2011-09-03,19,57,80,107
Southeast Asia,2011-09-04,18,56,79,106
Southeast Asia,2011-09-05,18,55,79,105
Southeast Asia,2011-09-06,18,55,79,105
Southeast Asia,2011-09-07,18,55,79,104
Southeast Asia,2011-09-08,19,54,80,105
Southeast Asia,2011-09-09,21,56,81,107
Southeast Asia,2011-09-10,21,56,79,107
Southeast Asia,2011-09-11,21,56,79,107
Southeast Asia,2011-09-12,21,55,79,107
Southeast Asia,2011-09-13,21,55,79,106
Southeast Asia,2011-09-14,21,54,79,106
Southeast Asia,2011-09-15,22,55,80,107
Southeast Asia,2011-09-16,22,54,80,107
Southeast Asia,2011-09-17,22,52,80,107
Southeast Asia,2011-09-18,22,51,80,107
Southeast Asia,2011-09-19,22,51,79,106
Southeast Asia,2011-09-20,22,51,78,106
Southeast Asia,2011-09-21,21,49,78,106
Southeast Asia,2011-09-22,21,49,78,106
Southeast Asia,2011-09-23,21,49,78,106
Southeast Asia,2011-09-24,21,49,78,106
Southeast Asia,2011-09-25,21,49,78,105
Southeast Asia,2011-09-26,21,49,77,105
Southeast Asia,2011-09-27,21,48,76,102
Southeast Asia,2011-09-28,20,47,76,100
Southeast Asia,2011-09-29,18,47,76,100
Southeast Asia,2011-09-30,19,47,77,101
Southeast Asia,2011-10-01,19,47,77,101
Southeast Asia,2011-10-02,18,46,77,101
Southeast Asia,2011-10-03,18,46,77,101
Southeast Asia,2011-10-04,18,46,77,100
Southeast Asia,2011-10-05,18,46,77,100
Southeast Asia,2011-10-06,17,46,77,99
Southeast Asia,2011-10-07,17,46,77,98
Southeast Asia,2011-10-08,17,45,76,98
Southeast Asia,2011-10-09,17,45,76,98
Southeast Asia,2011-10-10,20,48,78,100
Southeast Asia,2011-10-11,19,48,78,98
Southeast Asia,2011-10-12,19,47,78,98
Southeast Asia,2011-10-13,19,47,78,98
Southeast Asia,2011-10-14,19,46,78,98
Southeast Asia,2011-10-15,18,45,78,96
Southeast Asia,2011-10-16,18,45,78,96
Southeast Asia,2011-10-17,18,45,78,96
Southeast Asia,2011-10-18,18,46,79,97
Southeast Asia,2011-10-19,18,46,79,96
Southeast Asia,2011-10-20,18,46,79,96
Southeast Asia,2011-10-21,18,45,78,96
Southeast Asia,2011-10-22,18,44,78,96
Southeast Asia,2011-10-23,18,44,78,96
Southeast Asia,2011-10-24,19,45,78,97
Southeast Asia,2011-10-25,21,47,80,99
Southeast Asia,2011-10-26,22,48,81,100
Southeast Asia,2011-10-27,22,48,82,101
Southeast Asia,2011-10-28,22,48,82,100
Southeast Asia,2011-10-29,22,48,82,100
Southeast Asia,2011-10-30,22,48,82,100
Southeast Asia,2011-10-31,22,48,82,100
Southeast Asia,2011-11-01,21,47,82,99
Southeast Asia,2011-11-02,21,47,82,98
Southeast Asia,2011-11-03,21,47,82,98
Southeast Asia,2011-11-04,20,47,82,98
Southeast Asia,2011-11-05,20,47,82,98
Southeast Asia,2011-11-06,19,47,82,98
Southeast Asia,2011-11-07,19,47,82,98
Southeast Asia,2011-11-08,19,47,81,98
Southeast Asia,2011-11-09,18,47,81,98
Southeast Asia,2011-11-10,17,47,81,98
Southeast Asia,2011-11-11,17,44,80,95
Southeast Asia,2011-11-12,17,44,80,95
Southeast Asia,2011-11-13,17,44,80,95
Southeast Asia,2011-11-14,19,45,80,97
Southeast Asia,2011-11-15,19,45,80,97
Southeast Asia,2011-11-16,22,48,82,99
Southeast Asia,2011-11-17,23,48,83,100
Southeast Asia,2011-11-18,22,47,81,100
Southeast Asia,2011-11-19,22,46,81,100
Southeast Asia,2011-11-20,23,46,81,101
Southeast Asia,2011-11-21,23,46,81,101
Southeast Asia,2011-11-22,23,45,81,101
Southeast Asia,2011-11-23,23,44,80,101
Southeast Asia,2011-11-24,22,44,80,101
Southeast Asia,2011-11-25,21,42,80,101
Southeast Asia,2011-11-26,21,42,80,101
Southeast Asia,2011-11-27,21,42,80,101
Southeast Asia,2011-11-28,21,40,79,101
Southeast Asia,2011-11-29,21,40,79,101
Southeast Asia,2011-11-30,22,41,80,102
Southeast Asia,2011-12-01,23,42,81,103
Southeast Asia,2011-12-02,23,42,80,103
Southeast Asia,2011-12-03,23,41,79,102
Southeast Asia,2011-12-04,23,41,78,102
Southeast Asia,2011-12-05,23,41,78,102
Southeast Asia,2011-12-06,24,42,79,103
Southeast Asia,2011-12-07,24,43,78,104
Southeast Asia,2011-12-08,24,45,80,105
Southeast Asia,2011-12-09,24,45,80,103
Southeast Asia,2011-12-10,25,46,81,104
Southeast Asia,2011-12-11,25,46,80,104
Southeast Asia,2011-12-12,26,47,81,105
Southeast Asia,2011-12-13,27,48,81,106
Southeast Asia,2011-12-14,26,48,81,106
Southeast Asia,2011-12-15,26,48,80,106
Southeast Asia,2011-12-16,26,48,78,106
Southeast Asia,2011-12-17,26,48,77,106
Southeast Asia,2011-12-18,26,48,77,105
Southeast Asia,2011-12-19,26,48,77,104
Southeast Asia,2011-12-20,26,47,75,104
Southeast Asia,2011-12-21,26,47,75,104
Southeast Asia,2011-12-22,27,48,76,105
Southeast Asia,2011-12-23,27,48,76,105
Southeast Asia,2011-12-24,28,49,77,106
Southeast Asia,2011-12-25,29,50,78,106
Southeast Asia,2011-12-26,30,51,78,106
Southeast Asia,2011-12-27,30,50,77,106
Southeast Asia,2011-12-28,30,48,77,106
Southeast Asia,2011-12-29,30,49,77,107
Southeast Asia,2011-12-30,31,50,78,108
Southeast Asia,2011-12-31,31,49,77,108
Southeast Asia,2012-01-01,32,50,78,109
Southeast Asia,2012-01-02,32,50,78,109
Southeast Asia,2012-01-03,33,51,79,110
Southeast Asia,2012-01-04,33,50,79,110
Southeast Asia,2012-01-05,33,50,79,110
Southeast Asia,2012-01-06,33,50,78,109
Southeast Asia,2012-01-07,35,52,80,111
Southeast Asia,2012-01-08,32,52,80,110
Southeast Asia,2012-01-09,32,51,80,110
Southeast Asia,2012-01-10,32,51,79,110
Southeast Asia,2012-01-11,33,52,80,111
Southeast Asia,2012-01-12,33,52,79,111
Southeast Asia,2012-01-13,34,52,79,112
Southeast Asia,2012-01-14,35,53,80,113
Southeast Asia,2012-01-15,35,53,80,113
Southeast Asia,2012-01-16,34,52,80,113
Southeast Asia,2012-01-17,34,52,80,113
Southeast Asia,2012-01-18,34,52,80,113
Southeast Asia,2012-01-19,35,53,80,113
Southeast Asia,2012-01-20,35,53,79,113
Southeast Asia,2012-01-21,37,55,81,115
Southeast Asia,2012-01-22,37,56,82,115
Southeast Asia,2012-01-23,36,57,83,116
Southeast Asia,2012-01-24,35,57,83,116
Southeast Asia,2012-01-25,34,56,82,116
Southeast Asia,2012-01-26,34,56,82,116
Southeast Asia,2012-01-27,35,57,83,117
Southeast Asia,2012-01-28,37,59,85,119
Southeast Asia,2012-01-29,37,59,85,119
Southeast Asia,2012-01-30,38,59,85,120
Southeast Asia,2012-01-31,38,59,85,120
Southeast Asia,2012-02-01,39,60,86,121
Southeast Asia,2012-02-02,39,59,86,121
Southeast Asia,2012-02-03,39,59,86,121
Southeast Asia,2012-02-04,39,58,86,121
Southeast Asia,2012-02-05,39,58,86,121
Southeast Asia,2012-02-06,40,59,87,121
Southeast Asia,2012-02-07,41,59,88,122
Southeast Asia,2012-02-08,41,58,88,122
Southeast Asia,2012-02-09,41,58,85,121
Southeast Asia,2012-02-10,42,59,86,122
Southeast Asia,2012-02-11,42,59,86,122
Southeast Asia,2012-02-12,41,60,86,121
Southeast Asia,2012-02-13,41,60,86,121
Southeast Asia,2012-02-14,38,60,86,120
Southeast Asia,2012-02-15,37,60,85,120
Southeast Asia,2012-02-16,37,59,84,118
Southeast Asia,2012-02-17,37,59,83,118
Southeast Asia,2012-02-18,36,59,82,117
Southeast Asia,2012-02-19,36,59,82,117
Southeast Asia,2012-02-20,36,59,81,117
Southeast Asia,2012-02-21,36,59,80,116
Southeast Asia,2012-02-22,36,58,80,116
Southeast Asia,2012-02-23,37,58,79,117
Southeast Asia,2012-02-24,37,58,79,117
Southeast Asia,2012-02-25,37,58,79,117
Southeast Asia,2012-02-26,38,59,78,117
Southeast Asia,2012-02-27,38,59,78,117
Southeast Asia,2012-02-28,37,59,78,117
Southeast Asia,2012-02-29,37,60,79,118
Southeast Asia,2012-03-01,37,60,79,117
Southeast Asia,2012-03-02,37,60,78,116
Southeast Asia,2012-03-03,37,60,78,115
Southeast Asia,2012-03-04,37,60,78,115
Southeast Asia,2012-03-05,36,60,78,115
Southeast Asia,2012-03-06,35,59,78,113
Southeast Asia,2012-03-07,33,57,78,113
Southeast Asia,2012-03-08,34,58,79,114
Southeast Asia,2012-03-09,33,58,79,114
Southeast Asia,2012-03-10,33,58,79,113
Southeast Asia,2012-03-11,34,60,81,115
Southeast Asia,2012-03-12,33,60,81,114
Southeast Asia,2012-03-13,33,59,81,114
Southeast Asia,2012-03-14,33,59,81,113
Southeast Asia,2012-03-15,33,59,81,111
Southeast Asia,2012-03-16,33,59,81,110
Southeast Asia,2012-03-17,33,59,81,110
Southeast Asia,2012-03-18,34,60,82,111
Southeast Asia,2012-03-19,34,60,81,109
Southeast Asia,2012-03-20,34,60,81,109
Southeast Asia,2012-03-21,33,60,81,109
Southeast Asia,2012-03-22,33,60,81,109
Southeast Asia,2012-03-23,32,60,81,109
Southeast Asia,2012-03-24,31,60,81,109
Southeast Asia,2012-03-25,31,61,82,109
Southeast Asia,2012-03-26,31,61,81,108
Southeast Asia,2012-03-27,31,61,79,108
Southeast Asia,2012-03-28,30,60,79,107
Southeast Asia,2012-03-29,29,60,79,107
Southeast Asia,2012-03-30,29,60,78,106
Southeast Asia,2012-03-31,28,60,78,106
Southeast Asia,2012-04-01,28,60,78,106
Southeast Asia,2012-04-02,29,62,80,108
Southeast Asia,2012-04-03,30,63,80,109
Southeast Asia,2012-04-04,30,63,80,109
Southeast Asia,2012-04-05,30,63,80,108
Southeast Asia,2012-04-06,29,64,81,109
Southeast Asia,2012-04-07,30,62,82,110
Southeast Asia,2012-04-08,30,62,81,110
Southeast Asia,2012-04-09,30,62,81,109
Southeast Asia,2012-04-10,29,62,81,109
Southeast Asia,2012-04-11,29,62,81,108
Southeast Asia,2012-04-12,28,62,80,107
Southeast Asia,2012-04-13,27,62,80,107
Southeast Asia,2012-04-14,27,62,80,107
Southeast Asia,2012-04-15,28,62,80,108
Southeast Asia,2012-04-16,28,62,80,108
Southeast Asia,2012-04-17,29,63,81,109
Southeast Asia,2012-04-18,28,63,81,108
Southeast Asia,2012-04-19,28,63,81,107
Southeast Asia,2012-04-20,27,64,82,108
Southeast Asia,2012-04-21,26,63,82,108
Southeast Asia,2012-04-22,25,61,82,108
Southeast Asia,2012-04-23,25,60,82,108
Southeast Asia,2012-04-24,26,60,82,108
Southeast Asia,2012-04-25,26,60,82,108
Southeast Asia,2012-04-26,25,60,82,108
Southeast Asia,2012-04-27,23,60,82,108
Southeast Asia,2012-04-28,23,60,82,108
Southeast Asia,2012-04-29,22,60,81,107
Southeast Asia,2012-04-30,22,60,81,107
Southeast Asia,2012-05-01,21,60,81,107
Southeast Asia,2012-05-02,21,60,80,107
Southeast Asia,2012-05-03,21,60,80,107
Southeast Asia,2012-05-04,21,60,79,107
Southeast Asia,2012-05-05,21,60,79,107
Southeast Asia,2012-05-06,20,60,79,107
Southeast Asia,2012-05-07,19,60,78,107
Southeast Asia,2012-05-08,21,62,79,109
Southeast Asia,2012-05-09,21,62,79,106
Southeast Asia,2012-05-10,21,63,80,107
Southeast Asia,2012-05-11,21,63,80,107
Southeast Asia,2012-05-12,22,63,82,108
Southeast Asia,2012-05-13,22,63,82,108
Southeast Asia,2012-05-14,22,60,82,108
Southeast Asia,2012-05-15,22,59,82,107
Southeast Asia,2012-05-16,22,59,81,106
Southeast Asia,2012-05-17,22,59,81,105
Southeast Asia,2012-05-18,23,59,82,105
Southeast Asia,2012-05-19,23,59,82,105
Southeast Asia,2012-05-20,23,59,82,104
Southeast Asia,2012-05-21,23,59,82,103
Southeast Asia,2012-05-22,24,60,82,104
Southeast Asia,2012-05-23,24,61,82,103
Southeast Asia,2012-05-24,24,61,82,103
Southeast Asia,2012-05-25,24,61,82,103
Southeast Asia,2012-05-26,23,61,82,101
Southeast Asia,2012-05-27,23,61,82,101
Southeast Asia,2012-05-28,23,60,82,101
Southeast Asia,2012-05-29,22,59,82,101
Southeast Asia,2012-05-30,22,59,82,101
Southeast Asia,2012-05-31,22,59,82,100
Southeast Asia,2012-06-01,22,59,82,100
Southeast Asia,2012-06-02,22,59,82,100
Southeast Asia,2012-06-03,22,58,82,100
Southeast Asia,2012-06-04,23,58,82,101
Southeast Asia,2012-06-05,23,56,80,101
Southeast Asia,2012-06-06,22,56,80,101
Southeast Asia,2012-06-07,22,55,80,101
Southeast Asia,2012-06-08,22,55,80,101
Southeast Asia,2012-06-09,20,54,80,101
Southeast Asia,2012-06-10,20,53,80,101
Southeast Asia,2012-06-11,20,53,79,101
Southeast Asia,2012-06-12,20,53,79,101
Southeast Asia,2012-06-13,20,53,79,101
Southeast Asia,2012-06-14,20,53,79,101
Southeast Asia,2012-06-15,20,53,79,101
Southeast Asia,2012-06-16,19,53,79,101
Southeast Asia,2012-06-17,20,54,80,101
Southeast Asia,2012-06-18,20,54,80,101
Southeast Asia,2012-06-19,20,53,80,101
Southeast Asia,2012-06-20,20,53,80,101
Southeast Asia,2012-06-21,20,52,80,101
Southeast Asia,2012-06-22,20,51,80,101
Southeast Asia,2012-06-23,19,50,80,101
Southeast Asia,2012-06-24,19,50,80,100
Southeast Asia,2012-06-25,19,50,80,98
Southeast Asia,2012-06-26,20,50,80,99
Southeast Asia,2012-06-27,21,50,81,100
Southeast Asia,2012-06-28,21,50,81,99
Southeast Asia,2012-06-29,21,49,81,99
Southeast Asia,2012-06-30,21,49,81,99
Southeast Asia,2012-07-01,19,48,81,99
Southeast Asia,2012-07-02,18,48,81,98
Southeast Asia,2012-07-03,18,48,81,98
Southeast Asia,2012-07-04,18,48,81,98
Southeast Asia,2012-07-05,17,46,81,98
Southeast Asia,2012-07-06,16,46,78,98
Southeast Asia,2012-07-07,16,46,78,97
Southeast Asia,2012-07-08,16,46,78,97
Southeast Asia,2012-07-09,16,45,78,97
Southeast Asia,2012-07-10,16,45,78,97
Southeast Asia,2012-07-11,16,44,78,96
Southeast Asia,2012-07-12,16,43,78,96
Southeast Asia,2012-07-13,17,44,79,97
Southeast Asia,2012-07-14,16,44,78,96
Southeast Asia,2012-07-15,16,44,78,96
Southeast Asia,2012-07-16,15,44,78,96
Southeast Asia,2012-07-17,16,44,79,97
Southeast Asia,2012-07-18,16,44,79,97
Southeast Asia,2012-07-19,15,42,79,97
Southeast Asia,2012-07-20,15,41,78,97
Southeast Asia,2012-07-21,15,40,76,97
Southeast Asia,2012-07-22,16,41,76,98
Southeast Asia,2012-07-23,16,42,76,98
Southeast Asia,2012-07-24,16,42,76,98
Southeast Asia,2012-07-25,16,41,76,98
Southeast Asia,2012-07-26,16,39,76,98
Southeast Asia,2012-07-27,17,40,77,99
Southeast Asia,2012-07-28,18,40,78,99
Southeast Asia,2012-07-29,18,40,78,99
Southeast Asia,2012-07-30,18,39,78,99
Southeast Asia,2012-07-31,18,39,78,98
Southeast Asia,2012-08-01,18,39,78,98
Southeast Asia,2012-08-02,19,40,79,98
Southeast Asia,2012-08-03,19,40,79,98
Southeast Asia,2012-08-04,19,39,79,98
Southeast Asia,2012-08-05,19,38,79,97
Southeast Asia,2012-08-06,18,39,80,97
Southeast Asia,2012-08-07,18,39,80,97
Southeast Asia,2012-08-08,17,38,80,97
Southeast Asia,2012-08-09,18,39,81,98
Southeast Asia,2012-08-10,16,38,79,98
Southeast Asia,2012-08-11,16,38,79,98
Southeast Asia,2012-08-12,16,38,76,98
Southeast Asia,2012-08-13,16,38,75,98
Southeast Asia,2012-08-14,16,38,75,97
Southeast Asia,2012-08-15,16,38,75,97
Southeast Asia,2012-08-16,15,38,74,97
Southeast Asia,2012-08-17,18,41,77,100
Southeast Asia,2012-08-18,18,41,77,100
Southeast Asia,2012-08-19,20,43,79,102
Southeast Asia,2012-08-20,19,43,79,101
Southeast Asia,2012-08-21,18,42,79,100
Southeast Asia,2012-08-22,18,42,79,100
Southeast Asia,2012-08-23,18,42,79,100
Southeast Asia,2012-08-24,18,41,79,100
Southeast Asia,2012-08-25,18,41,79,100
Southeast Asia,2012-08-26,18,41,78,100
Southeast Asia,2012-08-27,18,40,77,100
Southeast Asia,2012-08-28,19,41,78,101
Southeast Asia,2012-08-29,19,41,78,101
Southeast Asia,2012-08-30,19,41,78,101
Southeast Asia,2012-08-31,21,43,80,103
Southeast Asia,2012-09-01,21,43,79,103
Southeast Asia,2012-09-02,21,44,79,103
Southeast Asia,2012-09-03,22,45,78,102
Southeast Asia,2012-09-04,23,45,79,103
Southeast Asia,2012-09-05,23,45,78,103
Southeast Asia,2012-09-06,24,46,79,104
Southeast Asia,2012-09-07,25,45,79,105
Southeast Asia,2012-09-08,27,47,80,107
Southeast Asia,2012-09-09,27,47,80,106
Southeast Asia,2012-09-10,27,47,80,106
Southeast Asia,2012-09-11,28,48,81,107
Southeast Asia,2012-09-12,28,48,81,107
Southeast Asia,2012-09-13,29,49,82,108
Southeast Asia,2012-09-14,31,50,84,110
Southeast Asia,2012-09-15,30,50,84,110
Southeast Asia,2012-09-16,31,51,85,111
Southeast Asia,2012-09-17,31,51,84,111
Southeast Asia,2012-09-18,31,51,84,111
Southeast Asia,2012-09-19,32,52,84,112
Southeast Asia,2012-09-20,32,52,83,112
Southeast Asia,2012-09-21,32,51,82,112
Southeast Asia,2012-09-22,33,52,83,113
Southeast Asia,2012-09-23,33,52,83,113
Southeast Asia,2012-09-24,33,53,83,113
Southeast Asia,2012-09-25,33,54,83,114
Southeast Asia,2012-09-26,33,54,83,114
Southeast Asia,2012-09-27,33,54,82,114
Southeast Asia,2012-09-28,33,54,82,114
Southeast Asia,2012-09-29,34,53,82,115
Southeast Asia,2012-09-30,34,52,82,115
Southeast Asia,2012-10-01,34,52,82,115
Southeast Asia,2012-10-02,34,52,82,115
Southeast Asia,2012-10-03,34,51,80,115
Southeast Asia,2012-10-04,34,50,80,112
Southeast Asia,2012-10-05,35,51,81,113
Southeast Asia,2012-10-06,35,51,81,113
Southeast Asia,2012-10-07,35,51,80,113
Southeast Asia,2012-10-08,36,52,81,114
Southeast Asia,2012-10-09,36,52,80,114
Southeast Asia,2012-10-10,36,52,79,114
Southeast Asia,2012-10-11,35,52,79,114
Southeast Asia,2012-10-12,35,51,79,113
Southeast Asia,2012-10-13,36,52,80,114
Southeast Asia,2012-10-14,37,52,81,115
Southeast Asia,2012-10-15,37,53,81,116
Southeast Asia,2012-10-16,38,54,82,117
Southeast Asia,2012-10-17,40,55,82,119
Southeast Asia,2012-10-18,42,57,83,120
Southeast Asia,2012-10-19,43,58,83,119
Southeast Asia,2012-10-20,43,59,84,119
Southeast Asia,2012-10-21,43,59,85,119
Southeast Asia,2012-10-22,43,59,85,119
Southeast Asia,2012-10-23,43,59,84,119
Southeast Asia,2012-10-24,43,59,82,119
Southeast Asia,2012-10-25,42,59,82,119
Southeast Asia,2012-10-26,41,59,81,119
Southeast Asia,2012-10-27,44,62,84,122
Southeast Asia,2012-10-28,44,62,83,122
Southeast Asia,2012-10-29,44,62,83,122
Southeast Asia,2012-10-30,44,62,83,122
Southeast Asia,2012-10-31,43,62,83,122
Southeast Asia,2012-11-01,43,62,83,122
Southeast Asia,2012-11-02,44,63,83,123
Southeast Asia,2012-11-03,45,64,83,124
Southeast Asia,2012-11-04,44,62,83,124
Southeast Asia,2012-11-05,44,62,83,124
Southeast Asia,2012-11-06,45,62,83,125
Southeast Asia,2012-11-07,44,62,83,125
Southeast Asia,2012-11-08,44,60,82,123
Southeast Asia,2012-11-09,44,60,82,123
Southeast Asia,2012-11-10,44,60,82,120
Southeast Asia,2012-11-11,45,61,83,120
Southeast Asia,2012-11-12,45,61,83,120
Southeast Asia,2012-11-13,45,61,83,120
Southeast Asia,2012-11-14,45,60,83,119
Southeast Asia,2012-11-15,42,60,83,119
Southeast Asia,2012-11-16,43,61,84,120
Southeast Asia,2012-11-17,42,62,85,121
Southeast Asia,2012-11-18,42,61,85,121
Southeast Asia,2012-11-19,43,61,85,122
Southeast Asia,2012-11-20,43,61,85,122
Southeast Asia,2012-11-21,45,63,87,124
Southeast Asia,2012-11-22,45,63,86,124
Southeast Asia,2012-11-23,45,63,86,124
Southeast Asia,2012-11-24,46,64,87,124
Southeast Asia,2012-11-25,46,64,86,123
Southeast Asia,2012-11-26,45,64,86,123
Southeast Asia,2012-11-27,45,64,86,123
Southeast Asia,2012-11-28,47,66,88,125
Southeast Asia,2012-11-29,46,67,89,126
Southeast Asia,2012-11-30,47,68,90,126
Southeast Asia,2012-12-01,47,68,91,126
Southeast Asia,2012-12-02,46,68,91,124
Southeast Asia,2012-12-03,45,68,90,124
Southeast Asia,2012-12-04,45,68,90,123
Southeast Asia,2012-12-05,45,69,91,124
Southeast Asia,2012-12-06,44,69,89,123
Southeast Asia,2012-12-07,42,69,89,122
Southeast Asia,2012-12-08,43,70,90,123
Southeast Asia,2012-12-09,43,70,90,123
Southeast Asia,2012-12-10,43,71,91,124
Southeast Asia,2012-12-11,44,72,92,125
Southeast Asia,2012-12-12,43,72,92,125
Southeast Asia,2012-12-13,41,72,91,125
Southeast Asia,2012-12-14,41,71,91,125
Southeast Asia,2012-12-15,40,71,91,125
Southeast Asia,2012-12-16,40,71,91,124
Southeast Asia,2012-12-17,40,71,91,124
Southeast Asia,2012-12-18,39,71,91,123
Southeast Asia,2012-12-19,39,71,91,122
Southeast Asia,2012-12-20,40,72,91,122
Southeast Asia,2012-12-21,39,72,91,122
Southeast Asia,2012-12-22,39,72,91,122
Southeast Asia,2012-12-23,38,71,91,121
Southeast Asia,2012-12-24,37,70,91,120
Southeast Asia,2012-12-25,37,70,91,120
Southeast Asia,2012-12-26,37,70,91,119
Southeast Asia,2012-12-27,37,70,91,119
Southeast Asia,2012-12-28,36,70,89,118
Southeast Asia,2012-12-29,38,72,90,120
Southeast Asia,2012-12-30,38,72,90,120
Southeast Asia,2012-12-31,38,72,90,120
Southeast Asia,2013-01-01,38,72,89,118
Southeast Asia,2013-01-02,38,72,88,118
Southeast Asia,2013-01-03,37,72,88,118
Southeast Asia,2013-01-04,38,73,89,119
Southeast Asia,2013-01-05,38,73,89,118
Southeast Asia,2013-01-06,37,73,89,118
Southeast Asia,2013-01-07,37,73,89,117
Southeast Asia,2013-01-08,38,74,90,117
Southeast Asia,2013-01-09,38,73,90,117
Southeast Asia,2013-01-10,38,73,89,117
Southeast Asia,2013-01-11,37,73,89,117
Southeast Asia,2013-01-12,37,74,89,118
Southeast Asia,2013-01-13,36,73,89,117
Southeast Asia,2013-01-14,35,73,89,117
Southeast Asia,2013-01-15,33,73,88,115
Southeast Asia,2013-01-16,32,74,89,115
Southeast Asia,2013-01-17,32,75,90,115
Southeast Asia,2013-01-18,31,74,90,115
Southeast Asia,2013-01-19,30,73,89,115
Southeast Asia,2013-01-20,30,73,89,115
Southeast Asia,2013-01-21,30,73,89,114
Southeast Asia,2013-01-22,31,74,90,113
Southeast Asia,2013-01-23,31,73,90,113
Southeast Asia,2013-01-24,32,73,91,113
Southeast Asia,2013-01-25,29,73,91,113
Southeast Asia,2013-01-26,29,73,91,112
Southeast Asia,2013-01-27,29,73,91,112
Southeast Asia,2013-01-28,29,73,91,112
Southeast Asia,2013-01-29,30,73,92,113
Southeast Asia,2013-01-30,30,73,92,113
Southeast Asia,2013-01-31,30,74,93,113
Southeast Asia,2013-02-01,29,74,93,112
Southeast Asia,2013-02-02,30,74,92,113
Southeast Asia,2013-02-03,30,74,92,113
Southeast Asia,2013-02-04,29,74,91,112
Southeast Asia,2013-02-05,29,73,91,112
Southeast Asia,2013-02-06,30,74,90,112
Southeast Asia,2013-02-07,30,74,90,112
Southeast Asia,2013-02-08,30,74,90,112
Southeast Asia,2013-02-09,29,74,90,112
Southeast Asia,2013-02-10,29,74,90,112
Southeast Asia,2013-02-11,29,74,90,112
Southeast Asia,2013-02-12,31,76,91,114
Southeast Asia,2013-02-13,32,74,92,115
Southeast Asia,2013-02-14,32,75,93,116
Southeast Asia,2013-02-15,32,74,94,117
Southeast Asia,2013-02-16,32,74,93,117
Southeast Asia,2013-02-17,31,74,92,116
Southeast Asia,2013-02-18,34,77,95,119
Southeast Asia,2013-02-19,32,77,95,119
Southeast Asia,2013-02-20,35,80,98,121
Southeast Asia,2013-02-21,35,80,98,121
Southeast Asia,2013-02-22,34,80,98,121
Southeast Asia,2013-02-23,34,80,98,120
Southeast Asia,2013-02-24,34,79,98,120
Southeast Asia,2013-02-25,34,79,98,120
Southeast Asia,2013-02-26,32,79,98,120
Southeast Asia,2013-02-27,32,78,99,121
Southeast Asia,2013-02-28,31,78,99,121
Southeast Asia,2013-03-01,30,77,98,121
Southeast Asia,2013-03-02,30,76,98,121
Southeast Asia,2013-03-03,30,75,98,120
Southeast Asia,2013-03-04,31,76,99,121
Southeast Asia,2013-03-05,30,75,99,121
Southeast Asia,2013-03-06,30,74,99,119
Southeast Asia,2013-03-07,30,72,99,119
Southeast Asia,2013-03-08,29,72,99,119
Southeast Asia,2013-03-09,29,72,99,119
Southeast Asia,2013-03-10,28,71,99,119
Southeast Asia,2013-03-11,27,71,99,119
Southeast Asia,2013-03-12,28,71,100,120
Southeast Asia,2013-03-13,28,69,100,119
Southeast Asia,2013-03-14,29,70,100,120
Southeast Asia,2013-03-15,29,69,100,120
Southeast Asia,2013-03-16,29,69,100,120
Southeast Asia,2013-03-17,29,69,100,120
Southeast Asia,2013-03-18,29,68,100,120
Southeast Asia,2013-03-19,29,68,100,120
Southeast Asia,2013-03-20,28,68,100,119
Southeast Asia,2013-03-21,29,68,101,120
Southeast Asia,2013-03-22,30,69,102,121
Southeast Asia,2013-03-23,31,69,102,122
Southeast Asia,2013-03-24,32,69,102,123
Southeast Asia,2013-03-25,34,71,104,125
Southeast Asia,2013-03-26,35,72,105,126
Southeast Asia,2013-03-27,36,73,106,127
Southeast Asia,2013-03-28,37,73,107,126
Southeast Asia,2013-03-29,36,74,108,126
Southeast Asia,2013-03-30,37,75,109,127
Southeast Asia,2013-03-31,37,75,109,127
Southeast Asia,2013-04-01,38,76,110,127
Southeast Asia,2013-04-02,39,77,111,127
Southeast Asia,2013-04-03,41,78,113,129
Southeast Asia,2013-04-04,41,79,114,130
Southeast Asia,2013-04-05,41,79,114,130
Southeast Asia,2013-04-06,42,79,115,131
Southeast Asia,2013-04-07,42,79,115,131
Southeast Asia,2013-04-08,41,79,115,131
Southeast Asia,2013-04-09,42,80,115,132
Southeast Asia,2013-04-10,42,80,115,131
Southeast Asia,2013-04-11,42,79,115,131
Southeast Asia,2013-04-12,41,78,115,130
Southeast Asia,2013-04-13,42,78,115,131
Southeast Asia,2013-04-14,42,77,115,131
Southeast Asia,2013-04-15,42,75,115,130
Southeast Asia,2013-04-16,41,73,115,130
Southeast Asia,2013-04-17,41,73,116,131
Southeast Asia,2013-04-18,41,72,115,131
Southeast Asia,2013-04-19,42,72,115,131
Southeast Asia,2013-04-20,42,72,115,131
Southeast Asia,2013-04-21,42,72,115,131
Southeast Asia,2013-04-22,42,73,116,132
Southeast Asia,2013-04-23,44,75,117,134
Southeast Asia,2013-04-24,45,77,118,136
Southeast Asia,2013-04-25,45,74,118,136
Southeast Asia,2013-04-26,45,74,118,136
Southeast Asia,2013-04-27,46,75,119,137
Southeast Asia,2013-04-28,46,75,119,137
Southeast Asia,2013-04-29,46,76,119,138
Southeast Asia,2013-04-30,48,78,121,140
Southeast Asia,2013-05-01,47,77,121,140
Southeast Asia,2013-05-02,47,76,121,140
Southeast Asia,2013-05-03,46,76,120,138
Southeast Asia,2013-05-04,46,76,120,138
Southeast Asia,2013-05-05,46,75,120,137
Southeast Asia,2013-05-06,46,75,119,137
Southeast Asia,2013-05-07,46,76,120,136
Southeast Asia,2013-05-08,46,76,120,136
Southeast Asia,2013-05-09,46,76,120,136
Southeast Asia,2013-05-10,46,75,120,136
Southeast Asia,2013-05-11,46,75,120,136
Southeast Asia,2013-05-12,48,77,122,138
Southeast Asia,2013-05-13,46,77,122,137
Southeast Asia,2013-05-14,45,77,119,137
Southeast Asia,2013-05-15,45,77,120,138
Southeast Asia,2013-05-16,44,76,118,138
Southeast Asia,2013-05-17,44,76,118,137
Southeast Asia,2013-05-18,44,75,118,136
Southeast Asia,2013-05-19,41,75,118,136
Southeast Asia,2013-05-20,42,74,119,137
Southeast Asia,2013-05-21,39,74,119,137
Southeast Asia,2013-05-22,39,74,119,137
Southeast Asia,2013-05-23,40,74,120,138
Southeast Asia,2013-05-24,41,75,121,139
Southeast Asia,2013-05-25,41,75,120,139
Southeast Asia,2013-05-26,41,75,120,139
Southeast Asia,2013-05-27,41,73,120,139
Southeast Asia,2013-05-28,40,72,118,139
Southeast Asia,2013-05-29,40,71,118,139
Southeast Asia,2013-05-30,40,70,117,138
Southeast Asia,2013-05-31,40,70,116,138
Southeast Asia,2013-06-01,40,70,115,138
Southeast Asia,2013-06-02,39,70,115,138
Southeast Asia,2013-06-03,41,71,116,140
Southeast Asia,2013-06-04,41,71,115,140
Southeast Asia,2013-06-05,41,71,113,140
Southeast Asia,2013-06-06,41,70,113,140
Southeast Asia,2013-06-07,41,70,113,140
Southeast Asia,2013-06-08,42,70,113,141
Southeast Asia,2013-06-09,44,71,115,143
Southeast Asia,2013-06-10,44,72,115,144
Southeast Asia,2013-06-11,44,72,113,144
Southeast Asia,2013-06-12,44,73,114,144
Southeast Asia,2013-06-13,46,75,115,146
Southeast Asia,2013-06-14,46,75,115,146
Southeast Asia,2013-06-15,48,77,117,148
Southeast Asia,2013-06-16,49,78,117,149
Southeast Asia,2013-06-17,50,79,118,150
Southeast Asia,2013-06-18,50,78,118,150
Southeast Asia,2013-06-19,50,79,118,151
Southeast Asia,2013-06-20,50,80,119,152
Southeast Asia,2013-06-21,49,80,118,151
Southeast Asia,2013-06-22,48,80,117,150
Southeast Asia,2013-06-23,46,80,117,150
Southeast Asia,2013-06-24,45,80,117,150
Southeast Asia,2013-06-25,44,80,117,150
Southeast Asia,2013-06-26,43,80,116,150
Southeast Asia,2013-06-27,43,79,117,151
Southeast Asia,2013-06-28,42,79,117,151
Southeast Asia,2013-06-29,42,79,117,151
Southeast Asia,2013-06-30,41,79,117,151
Southeast Asia,2013-07-01,41,80,118,152
Southeast Asia,2013-07-02,39,80,117,152
Southeast Asia,2013-07-03,38,79,117,152
Southeast Asia,2013-07-04,39,80,118,153
Southeast Asia,2013-07-05,38,80,117,153
Southeast Asia,2013-07-06,38,80,117,153
Southeast Asia,2013-07-07,39,80,118,154
Southeast Asia,2013-07-08,38,80,118,153
Southeast Asia,2013-07-09,38,80,118,153
Southeast Asia,2013-07-10,41,83,120,156
Southeast Asia,2013-07-11,42,83,120,157
Southeast Asia,2013-07-12,42,84,120,157
Southeast Asia,2013-07-13,42,84,119,157
Southeast Asia,2013-07-14,42,84,117,157
Southeast Asia,2013-07-15,42,83,115,157
Southeast Asia,2013-07-16,41,82,114,157
Southeast Asia,2013-07-17,42,83,114,157
Southeast Asia,2013-07-18,41,83,113,156
Southeast Asia,2013-07-19,41,83,113,156
Southeast Asia,2013-07-20,41,83,113,156
Southeast Asia,2013-07-21,42,84,115,158
Southeast Asia,2013-07-22,40,84,115,157
Southeast Asia,2013-07-23,38,83,115,156
Southeast Asia,2013-07-24,40,85,114,158
Southeast Asia,2013-07-25,42,87,116,160
Southeast Asia,2013-07-26,42,88,117,161
Southeast Asia,2013-07-27,44,90,119,163
Southeast Asia,2013-07-28,44,90,120,163
Southeast Asia,2013-07-29,43,91,121,164
Southeast Asia,2013-07-30,44,91,121,165
Southeast Asia,2013-07-31,44,91,120,165
Southeast Asia,2013-08-01,44,90,120,164
Southeast Asia,2013-08-02,46,92,122,166
Southeast Asia,2013-08-03,46,92,121,166
Southeast Asia,2013-08-04,48,94,123,167
Southeast Asia,2013-08-05,47,93,123,167
Southeast Asia,2013-08-06,47,93,123,167
Southeast Asia,2013-08-07,47,93,123,167
Southeast Asia,2013-08-08,47,93,122,167
Southeast Asia,2013-08-09,47,93,122,167
Southeast Asia,2013-08-10,47,95,124,169
Southeast Asia,2013-08-11,47,93,124,169
Southeast Asia,2013-08-12,47,92,124,166
Southeast Asia,2013-08-13,46,91,123,166
Southeast Asia,2013-08-14,47,91,123,165
Southeast Asia,2013-08-15,48,92,124,166
Southeast Asia,2013-08-16,50,94,125,168
Southeast Asia,2013-08-17,51,92,126,169
Southeast Asia,2013-08-18,51,93,125,170
Southeast Asia,2013-08-19,51,90,125,170
Southeast Asia,2013-08-20,51,90,125,170
Southeast Asia,2013-08-21,50,90,124,170
Southeast Asia,2013-08-22,49,90,124,170
Southeast Asia,2013-08-23,52,93,127,172
Southeast Asia,2013-08-24,52,93,127,172
Southeast Asia,2013-08-25,52,93,125,172
Southeast Asia,2013-08-26,52,92,124,170
Southeast Asia,2013-08-27,53,93,124,171
Southeast Asia,2013-08-28,54,94,124,171
Southeast Asia,2013-08-29,54,94,124,170
Southeast Asia,2013-08-30,54,94,124,169
Southeast Asia,2013-08-31,54,93,124,169
Southeast Asia,2013-09-01,52,93,123,168
Southeast Asia,2013-09-02,52,93,123,167
Southeast Asia,2013-09-03,53,94,124,166
Southeast Asia,2013-09-04,53,94,123,166
Southeast Asia,2013-09-05,53,94,123,166
Southeast Asia,2013-09-06,52,94,122,165
Southeast Asia,2013-09-07,50,94,121,165
Southeast Asia,2013-09-08,49,93,121,164
Southeast Asia,2013-09-09,49,93,121,162
Southeast Asia,2013-09-10,48,92,121,162
Southeast Asia,2013-09-11,47,93,122,162
Southeast Asia,2013-09-12,47,93,122,162
Southeast Asia,2013-09-13,45,93,122,162
Southeast Asia,2013-09-14,45,94,123,162
Southeast Asia,2013-09-15,45,95,124,163
Southeast Asia,2013-09-16,46,96,124,164
Southeast Asia,2013-09-17,45,95,124,163
Southeast Asia,2013-09-18,44,94,124,163
Southeast Asia,2013-09-19,44,93,124,162
Southeast Asia,2013-09-20,44,92,124,161
Southeast Asia,2013-09-21,46,92,126,163
Southeast Asia,2013-09-22,47,92,127,164
Southeast Asia,2013-09-23,49,93,129,166
Southeast Asia,2013-09-24,49,92,129,165
Southeast Asia,2013-09-25,48,91,127,165
Southeast Asia,2013-09-26,49,91,128,166
Southeast Asia,2013-09-27,50,92,129,167
Southeast Asia,2013-09-28,50,91,129,167
Southeast Asia,2013-09-29,49,90,129,167
Southeast Asia,2013-09-30,49,88,129,166
Southeast Asia,2013-10-01,50,88,129,167
Southeast Asia,2013-10-02,49,88,129,167
Southeast Asia,2013-10-03,49,87,129,166
Southeast Asia,2013-10-04,49,87,129,166
Southeast Asia,2013-10-05,49,88,129,167
Southeast Asia,2013-10-06,51,89,131,169
Southeast Asia,2013-10-07,53,91,133,171
Southeast Asia,2013-10-08,50,91,133,170
Southeast Asia,2013-10-09,51,93,134,171
Southeast Asia,2013-10-10,52,94,136,172
Southeast Asia,2013-10-11,52,94,136,171
Southeast Asia,2013-10-12,53,95,137,170
Southeast Asia,2013-10-13,53,95,136,168
Southeast Asia,2013-10-14,53,94,135,167
Southeast Asia,2013-10-15,52,94,135,166
Southeast Asia,2013-10-16,52,93,135,165
Southeast Asia,2013-10-17,52,93,135,165
Southeast Asia,2013-10-18,53,94,136,166
Southeast Asia,2013-10-19,53,95,137,168
Southeast Asia,2013-10-20,53,93,137,168
Southeast Asia,2013-10-21,53,91,136,168
Southeast Asia,2013-10-22,53,93,138,167
Southeast Asia,2013-10-23,52,94,139,168
Southeast Asia,2013-10-24,51,93,139,168
Southeast Asia,2013-10-25,49,93,139,168
Southeast Asia,2013-10-26,49,93,139,169
Southeast Asia,2013-10-27,49,92,140,170
Southeast Asia,2013-10-28,49,93,140,170
Southeast Asia,2013-10-29,49,93,140,169
Southeast Asia,2013-10-30,50,94,140,170
Southeast Asia,2013-10-31,48,94,140,170
Southeast Asia,2013-11-01,48,94,140,169
Southeast Asia,2013-11-02,47,95,141,170
Southeast Asia,2013-11-03,47,94,140,170
Southeast Asia,2013-11-04,48,95,141,171
Southeast Asia,2013-11-05,48,95,141,171
Southeast Asia,2013-11-06,49,96,142,171
Southeast Asia,2013-11-07,50,97,143,172
Southeast Asia,2013-11-08,50,97,145,174
Southeast Asia,2013-11-09,52,99,145,176
Southeast Asia,2013-11-10,52,99,144,176
Southeast Asia,2013-11-11,53,99,144,176
Southeast Asia,2013-11-12,52,99,143,175
Southeast Asia,2013-11-13,51,99,143,175
Southeast Asia,2013-11-14,50,100,144,175
Southeast Asia,2013-11-15,49,100,141,175
Southeast Asia,2013-11-16,49,100,142,174
Southeast Asia,2013-11-17,49,100,139,174
Southeast Asia,2013-11-18,49,100,139,174
Southeast Asia,2013-11-19,49,99,139,173
Southeast Asia,2013-11-20,49,98,139,173
Southeast Asia,2013-11-21,46,98,139,173
Southeast Asia,2013-11-22,47,99,140,174
Southeast Asia,2013-11-23,49,101,142,174
Southeast Asia,2013-11-24,50,102,142,174
Southeast Asia,2013-11-25,49,102,142,173
Southeast Asia,2013-11-26,48,102,142,172
Southeast Asia,2013-11-27,49,103,143,173
Southeast Asia,2013-11-28,49,103,143,173
Southeast Asia,2013-11-29,50,104,143,174
Southeast Asia,2013-11-30,50,102,143,173
Southeast Asia,2013-12-01,51,103,144,174
Southeast Asia,2013-12-02,51,104,145,175
Southeast Asia,2013-12-03,51,104,145,174
Southeast Asia,2013-12-04,51,104,145,174
Southeast Asia,2013-12-05,52,104,146,174
Southeast Asia,2013-12-06,52,102,146,173
Southeast Asia,2013-12-07,53,102,146,174
Southeast Asia,2013-12-08,53,102,146,174
Southeast Asia,2013-12-09,53,101,145,174
Southeast Asia,2013-12-10,53,100,146,175
Southeast Asia,2013-12-11,53,100,146,175
Southeast Asia,2013-12-12,54,99,147,176
Southeast Asia,2013-12-13,54,99,148,177
Southeast Asia,2013-12-14,53,98,148,177
Southeast Asia,2013-12-15,52,98,148,176
Southeast Asia,2013-12-16,53,98,148,177
Southeast Asia,2013-12-17,53,97,147,177
Southeast Asia,2013-12-18,56,100,149,180
Southeast Asia,2013-12-19,58,102,150,182
Southeast Asia,2013-12-20,57,103,149,183
Southeast Asia,2013-12-21,56,103,148,183
Southeast Asia,2013-12-22,54,103,147,183
Southeast Asia,2013-12-23,54,103,146,183
Southeast Asia,2013-12-24,54,102,145,181
Southeast Asia,2013-12-25,54,103,145,182
Southeast Asia,2013-12-26,53,103,145,182
Southeast Asia,2013-12-27,53,103,144,182
Southeast Asia,2013-12-28,53,102,143,182
Southeast Asia,2013-12-29,53,102,141,182
Southeast Asia,2013-12-30,52,102,140,181
Southeast Asia,2013-12-31,52,101,140,181
Southeast Asia,2014-01-01,52,101,139,181
Southeast Asia,2014-01-02,52,101,139,181
Southeast Asia,2014-01-03,53,102,141,182
Southeast Asia,2014-01-04,51,102,140,182
Southeast Asia,2014-01-05,49,102,140,182
Southeast Asia,2014-01-06,50,100,141,183
Southeast Asia,2014-01-07,49,100,142,183
Southeast Asia,2014-01-08,47,99,141,183
Southeast Asia,2014-01-09,48,100,142,184
Southeast Asia,2014-01-10,48,101,143,185
Southeast Asia,2014-01-11,48,101,143,184
Southeast Asia,2014-01-12,48,101,142,183
Southeast Asia,2014-01-13,48,100,142,183
Southeast Asia,2014-01-14,48,100,141,183
Southeast Asia,2014-01-15,48,100,141,183
Southeast Asia,2014-01-16,48,101,142,184
Southeast Asia,2014-01-17,46,99,141,183
Southeast Asia,2014-01-18,47,100,140,184
Southeast Asia,2014-01-19,47,100,138,183
Southeast Asia,2014-01-20,45,98,138,183
Southeast Asia,2014-01-21,44,96,138,183
Southeast Asia,2014-01-22,44,95,137,183
Southeast Asia,2014-01-23,44,93,137,183
Southeast Asia,2014-01-24,43,92,136,182
Southeast Asia,2014-01-25,42,91,134,182
Southeast Asia,2014-01-26,41,90,134,181
Southeast Asia,2014-01-27,41,90,134,181
Southeast Asia,2014-01-28,40,90,134,180
Southeast Asia,2014-01-29,40,88,134,180
Southeast Asia,2014-01-30,40,88,134,180
Southeast Asia,2014-01-31,39,86,134,180
Southeast Asia,2014-02-01,40,87,134,180
Southeast Asia,2014-02-02,39,87,134,180
Southeast Asia,2014-02-03,39,87,134,180
Southeast Asia,2014-02-04,38,87,134,180
Southeast Asia,2014-02-05,39,89,136,182
Southeast Asia,2014-02-06,39,89,136,184
Southeast Asia,2014-02-07,37,89,136,182
Southeast Asia,2014-02-08,37,89,136,181
Southeast Asia,2014-02-09,36,89,135,180
Southeast Asia,2014-02-10,37,89,136,180
Southeast Asia,2014-02-11,37,88,136,180
Southeast Asia,2014-02-12,36,86,136,180
Southeast Asia,2014-02-13,36,85,136,177
Southeast Asia,2014-02-14,37,86,137,179
Southeast Asia,2014-02-15,37,86,137,176
Southeast Asia,2014-02-16,37,86,137,176
Southeast Asia,2014-02-17,37,86,136,176
Southeast Asia,2014-02-18,37,86,135,176
Southeast Asia,2014-02-19,37,83,135,176
Southeast Asia,2014-02-20,37,84,136,177
Southeast Asia,2014-02-21,35,84,136,177
Southeast Asia,2014-02-22,34,84,136,176
Southeast Asia,2014-02-23,35,84,137,177
Southeast Asia,2014-02-24,36,84,138,178
Southeast Asia,2014-02-25,35,84,138,178
Southeast Asia,2014-02-26,35,84,138,178
Southeast Asia,2014-02-27,34,84,138,177
Southeast Asia,2014-02-28,34,84,136,177
Southeast Asia,2014-03-01,34,85,137,178
Southeast Asia,2014-03-02,33,84,137,178
Southeast Asia,2014-03-03,34,85,138,179
Southeast Asia,2014-03-04,34,85,138,179
Southeast Asia,2014-03-05,33,85,137,179
Southeast Asia,2014-03-06,36,88,138,182
Southeast Asia,2014-03-07,35,88,137,181
Southeast Asia,2014-03-08,35,88,137,181
Southeast Asia,2014-03-09,35,88,136,180
Southeast Asia,2014-03-10,35,88,135,181
Southeast Asia,2014-03-11,36,89,136,182
Southeast Asia,2014-03-12,35,89,134,182
Southeast Asia,2014-03-13,34,88,133,182
Southeast Asia,2014-03-14,34,87,132,182
Southeast Asia,2014-03-15,34,86,132,182
Southeast Asia,2014-03-16,33,86,131,181
Southeast Asia,2014-03-17,33,86,130,180
Southeast Asia,2014-03-18,30,86,130,179
Southeast Asia,2014-03-19,28,86,130,178
Southeast Asia,2014-03-20,28,85,131,177
Southeast Asia,2014-03-21,28,84,131,176
Southeast Asia,2014-03-22,28,82,131,175
Southeast Asia,2014-03-23,28,82,131,174
Southeast Asia,2014-03-24,28,82,130,173
Southeast Asia,2014-03-25,27,81,130,172
Southeast Asia,2014-03-26,27,80,130,172
Southeast Asia,2014-03-27,27,80,130,171
Southeast Asia,2014-03-28,27,80,129,170
Southeast Asia,2014-03-29,28,81,130,169
Southeast Asia,2014-03-30,28,80,130,168
Southeast Asia,2014-03-31,30,82,131,170
Southeast Asia,2014-04-01,31,83,132,170
Southeast Asia,2014-04-02,32,84,133,171
Southeast Asia,2014-04-03,31,84,133,172
Southeast Asia,2014-04-04,31,82,133,171
Southeast Asia,2014-04-05,31,80,133,171
Southeast Asia,2014-04-06,30,80,130,171
Southeast Asia,2014-04-07,29,78,129,171
Southeast Asia,2014-04-08,30,77,129,171
Southeast Asia,2014-04-09,30,78,130,172
Southeast Asia,2014-04-10,29,77,130,172
Southeast Asia,2014-04-11,29,77,130,172
Southeast Asia,2014-04-12,29,77,130,171
Southeast Asia,2014-04-13,29,77,129,171
Southeast Asia,2014-04-14,29,77,129,170
Southeast Asia,2014-04-15,29,77,129,170
Southeast Asia,2014-04-16,28,76,129,170
Southeast Asia,2014-04-17,29,75,128,170
Southeast Asia,2014-04-18,29,76,129,169
Southeast Asia,2014-04-19,30,77,130,168
Southeast Asia,2014-04-20,31,76,129,169
Southeast Asia,2014-04-21,32,76,128,170
Southeast Asia,2014-04-22,33,77,128,170
Southeast Asia,2014-04-23,33,77,126,170
Southeast Asia,2014-04-24,34,77,126,170
Southeast Asia,2014-04-25,34,76,125,168
Southeast Asia,2014-04-26,34,75,124,168
Southeast Asia,2014-04-27,34,75,124,168
Southeast Asia,2014-04-28,34,74,124,168
Southeast Asia,2014-04-29,34,74,122,168
Southeast Asia,2014-04-30,37,77,125,171
Southeast Asia,2014-05-01,39,78,125,173
Southeast Asia,2014-05-02,38,78,125,172
Southeast Asia,2014-05-03,39,78,126,173
Southeast Asia,2014-05-04,40,79,127,174
Southeast Asia,2014-05-05,41,79,128,175
Southeast Asia,2014-05-06,39,78,128,175
Southeast Asia,2014-05-07,38,77,127,174
Southeast Asia,2014-05-08,38,75,127,174
Southeast Asia,2014-05-09,38,75,127,174
Southeast Asia,2014-05-10,38,74,127,173
Southeast Asia,2014-05-11,37,74,126,173
Southeast Asia,2014-05-12,38,75,126,174
Southeast Asia,2014-05-13,38,74,124,174
Southeast Asia,2014-05-14,38,74,123,174
Southeast Asia,2014-05-15,36,73,122,173
Southeast Asia,2014-05-16,36,73,122,173
Southeast Asia,2014-05-17,36,73,122,173
Southeast Asia,2014-05-18,36,73,122,172
Southeast Asia,2014-05-19,36,73,122,171
Southeast Asia,2014-05-20,36,73,119,171
Southeast Asia,2014-05-21,35,72,119,171
Southeast Asia,2014-05-22,36,71,120,172
Southeast Asia,2014-05-23,37,71,121,173
Southeast Asia,2014-05-24,36,71,120,173
Southeast Asia,2014-05-25,36,72,120,174
Southeast Asia,2014-05-26,36,71,120,174
Southeast Asia,2014-05-27,38,73,122,176
Southeast Asia,2014-05-28,39,73,123,177
Southeast Asia,2014-05-29,44,78,128,180
Southeast Asia,2014-05-30,43,77,128,180
Southeast Asia,2014-05-31,44,77,128,181
Southeast Asia,2014-06-01,43,77,128,181
Southeast Asia,2014-06-02,43,77,128,181
Southeast Asia,2014-06-03,44,77,129,181
Southeast Asia,2014-06-04,41,77,129,179
Southeast Asia,2014-06-05,41,76,129,178
Southeast Asia,2014-06-06,41,76,129,178
Southeast Asia,2014-06-07,43,78,131,179
Southeast Asia,2014-06-08,43,78,131,178
Southeast Asia,2014-06-09,42,78,131,178
Southeast Asia,2014-06-10,43,78,132,177
Southeast Asia,2014-06-11,43,77,131,176
Southeast Asia,2014-06-12,43,77,130,175
Southeast Asia,2014-06-13,43,77,129,175
Southeast Asia,2014-06-14,44,77,130,175
Southeast Asia,2014-06-15,44,77,130,174
Southeast Asia,2014-06-16,44,74,130,174
Southeast Asia,2014-06-17,46,74,132,176
Southeast Asia,2014-06-18,45,73,130,176
Southeast Asia,2014-06-19,46,74,130,177
Southeast Asia,2014-06-20,46,74,128,177
Southeast Asia,2014-06-21,46,74,128,177
Southeast Asia,2014-06-22,47,75,129,177
Southeast Asia,2014-06-23,47,74,128,177
Southeast Asia,2014-06-24,47,74,127,177
Southeast Asia,2014-06-25,50,77,130,180
Southeast Asia,2014-06-26,51,78,131,180
Southeast Asia,2014-06-27,51,79,132,181
Southeast Asia,2014-06-28,51,79,131,181
Southeast Asia,2014-06-29,49,79,131,180
Southeast Asia,2014-06-30,51,82,134,183
Southeast Asia,2014-07-01,50,82,134,183
Southeast Asia,2014-07-02,50,81,134,183
Southeast Asia,2014-07-03,50,81,132,183
Southeast Asia,2014-07-04,51,82,131,184
Southeast Asia,2014-07-05,52,82,132,182
Southeast Asia,2014-07-06,52,81,130,181
Southeast Asia,2014-07-07,51,81,128,180
Southeast Asia,2014-07-08,50,80,128,180
Southeast Asia,2014-07-09,52,81,129,182
Southeast Asia,2014-07-10,52,81,129,182
Southeast Asia,2014-07-11,52,81,129,182
Southeast Asia,2014-07-12,52,81,129,181
Southeast Asia,2014-07-13,53,82,130,182
Southeast Asia,2014-07-14,53,82,130,182
Southeast Asia,2014-07-15,55,83,131,184
Southeast Asia,2014-07-16,54,83,129,182
Southeast Asia,2014-07-17,53,82,129,182
Southeast Asia,2014-07-18,52,82,129,182
Southeast Asia,2014-07-19,52,83,128,181
Southeast Asia,2014-07-20,51,83,127,179
Southeast Asia,2014-07-21,50,83,127,178
Southeast Asia,2014-07-22,50,83,127,176
Southeast Asia,2014-07-23,49,83,126,175
Southeast Asia,2014-07-24,50,84,126,175
Southeast Asia,2014-07-25,53,87,128,177
Southeast Asia,2014-07-26,53,87,128,177
Southeast Asia,2014-07-27,53,87,127,177
Southeast Asia,2014-07-28,53,87,127,175
Southeast Asia,2014-07-29,50,87,127,175
Southeast Asia,2014-07-30,48,87,126,173
Southeast Asia,2014-07-31,49,87,127,174
Southeast Asia,2014-08-01,48,87,126,174
Southeast Asia,2014-08-02,48,88,127,175
Southeast Asia,2014-08-03,47,88,126,175
Southeast Asia,2014-08-04,48,87,126,176
Southeast Asia,2014-08-05,47,85,124,174
Southeast Asia,2014-08-06,47,85,122,174
Southeast Asia,2014-08-07,47,85,122,174
Southeast Asia,2014-08-08,48,86,122,175
Southeast Asia,2014-08-09,48,85,122,174
Southeast Asia,2014-08-10,47,85,122,173
Southeast Asia,2014-08-11,48,86,122,172
Southeast Asia,2014-08-12,48,86,122,171
Southeast Asia,2014-08-13,48,84,121,170
Southeast Asia,2014-08-14,48,84,121,170
Southeast Asia,2014-08-15,49,85,122,171
Southeast Asia,2014-08-16,49,85,122,171
Southeast Asia,2014-08-17,49,85,122,171
Southeast Asia,2014-08-18,49,85,122,168
Southeast Asia,2014-08-19,49,84,121,168
Southeast Asia,2014-08-20,50,86,121,170
Southeast Asia,2014-08-21,49,86,120,170
Southeast Asia,2014-08-22,52,88,123,172
Southeast Asia,2014-08-23,51,87,123,171
Southeast Asia,2014-08-24,51,87,122,171
Southeast Asia,2014-08-25,51,89,124,173
Southeast Asia,2014-08-26,50,89,123,173
Southeast Asia,2014-08-27,45,89,123,173
Southeast Asia,2014-08-28,46,89,123,174
Southeast Asia,2014-08-29,45,89,122,173
Southeast Asia,2014-08-30,45,88,122,173
Southeast Asia,2014-08-31,45,88,122,173
Southeast Asia,2014-09-01,44,88,121,173
Southeast Asia,2014-09-02,44,85,121,173
Southeast Asia,2014-09-03,44,85,120,173
Southeast Asia,2014-09-04,44,85,120,173
Southeast Asia,2014-09-05,42,85,120,173
Southeast Asia,2014-09-06,41,84,119,172
Southeast Asia,2014-09-07,41,83,119,172
Southeast Asia,2014-09-08,40,83,118,172
Southeast Asia,2014-09-09,40,83,117,171
Southeast Asia,2014-09-10,40,83,117,170
Southeast Asia,2014-09-11,40,83,117,169
Southeast Asia,2014-09-12,39,83,116,169
Southeast Asia,2014-09-13,39,83,116,169
Southeast Asia,2014-09-14,39,83,113,169
Southeast Asia,2014-09-15,37,83,111,169
Southeast Asia,2014-09-16,37,82,110,167
Southeast Asia,2014-09-17,38,84,112,168
Southeast Asia,2014-09-18,39,85,113,167
Southeast Asia,2014-09-19,39,85,113,167
Southeast Asia,2014-09-20,38,85,113,167
Southeast Asia,2014-09-21,38,85,112,166
Southeast Asia,2014-09-22,40,87,114,167
Southeast Asia,2014-09-23,37,87,114,167
Southeast Asia,2014-09-24,36,87,114,167
Southeast Asia,2014-09-25,36,87,115,168
Southeast Asia,2014-09-26,36,87,115,167
Southeast Asia,2014-09-27,37,86,116,168
Southeast Asia,2014-09-28,34,85,116,168
Southeast Asia,2014-09-29,34,84,116,168
Southeast Asia,2014-09-30,33,83,114,167
Southeast Asia,2014-10-01,33,83,114,165
Southeast Asia,2014-10-02,33,84,115,164
Southeast Asia,2014-10-03,32,84,114,164
Southeast Asia,2014-10-04,32,84,113,162
Southeast Asia,2014-10-05,33,84,114,161
Southeast Asia,2014-10-06,33,83,113,161
Southeast Asia,2014-10-07,31,83,112,160
Southeast Asia,2014-10-08,32,84,113,161
Southeast Asia,2014-10-09,32,84,113,161
Southeast Asia,2014-10-10,32,84,113,161
Southeast Asia,2014-10-11,32,85,114,162
Southeast Asia,2014-10-12,33,86,115,163
Southeast Asia,2014-10-13,31,86,114,162
Southeast Asia,2014-10-14,35,89,118,164
Southeast Asia,2014-10-15,36,89,118,165
Southeast Asia,2014-10-16,36,88,118,165
Southeast Asia,2014-10-17,36,88,119,164
Southeast Asia,2014-10-18,36,87,119,163
Southeast Asia,2014-10-19,37,87,120,164
Southeast Asia,2014-10-20,38,88,121,165
Southeast Asia,2014-10-21,40,89,123,166
Southeast Asia,2014-10-22,40,90,124,166
Southeast Asia,2014-10-23,37,90,124,165
Southeast Asia,2014-10-24,38,91,125,166
Southeast Asia,2014-10-25,38,91,125,165
Southeast Asia,2014-10-26,39,92,126,166
Southeast Asia,2014-10-27,40,90,127,167
Southeast Asia,2014-10-28,40,88,127,166
Southeast Asia,2014-10-29,39,88,126,166
Southeast Asia,2014-10-30,39,87,126,165
Southeast Asia,2014-10-31,38,86,126,165
Southeast Asia,2014-11-01,38,85,126,164
Southeast Asia,2014-11-02,37,85,124,163
Southeast Asia,2014-11-03,37,84,122,161
Southeast Asia,2014-11-04,41,88,126,163
Southeast Asia,2014-11-05,41,88,126,163
Southeast Asia,2014-11-06,40,88,126,162
Southeast Asia,2014-11-07,40,88,125,162
Southeast Asia,2014-11-08,42,89,127,164
Southeast Asia,2014-11-09,41,89,127,163
Southeast Asia,2014-11-10,41,89,127,163
Southeast Asia,2014-11-11,42,90,126,163
Southeast Asia,2014-11-12,42,90,126,163
Southeast Asia,2014-11-13,42,91,127,164
Southeast Asia,2014-11-14,42,91,127,164
Southeast Asia,2014-11-15,43,92,128,165
Southeast Asia,2014-11-16,46,95,131,168
Southeast Asia,2014-11-17,46,95,130,167
Southeast Asia,2014-11-18,44,94,130,165
Southeast Asia,2014-11-19,46,95,132,166
Southeast Asia,2014-11-20,45,97,133,168
Southeast Asia,2014-11-21,45,96,132,168
Southeast Asia,2014-11-22,47,98,134,169
Southeast Asia,2014-11-23,47,98,136,171
Southeast Asia,2014-11-24,47,97,136,170
Southeast Asia,2014-11-25,47,92,136,170
Southeast Asia,2014-11-26,46,92,135,169
Southeast Asia,2014-11-27,47,92,136,169
Southeast Asia,2014-11-28,47,92,135,169
Southeast Asia,2014-11-29,47,92,135,169
Southeast Asia,2014-11-30,47,91,135,168
Southeast Asia,2014-12-01,47,91,132,168
Southeast Asia,2014-12-02,47,91,132,167
Southeast Asia,2014-12-03,47,91,132,167
Southeast Asia,2014-12-04,47,89,132,167
Southeast Asia,2014-12-05,47,88,131,166
Southeast Asia,2014-12-06,49,90,132,168
Southeast Asia,2014-12-07,51,91,134,169
Southeast Asia,2014-12-08,51,91,134,168
Southeast Asia,2014-12-09,51,91,134,168
Southeast Asia,2014-12-10,51,91,134,168
Southeast Asia,2014-12-11,51,90,134,167
Southeast Asia,2014-12-12,51,90,134,167
Southeast Asia,2014-12-13,51,90,134,164
Southeast Asia,2014-12-14,51,88,134,162
Southeast Asia,2014-12-15,51,88,133,161
Southeast Asia,2014-12-16,49,87,133,161
Southeast Asia,2014-12-17,49,88,134,162
Southeast Asia,2014-12-18,49,88,134,162
Southeast Asia,2014-12-19,49,87,134,162
Southeast Asia,2014-12-20,52,90,137,164
Southeast Asia,2014-12-21,50,90,137,164
Southeast Asia,2014-12-22,50,87,137,164
Southeast Asia,2014-12-23,51,87,138,165
Southeast Asia,2014-12-24,50,86,137,165
Southeast Asia,2014-12-25,52,88,139,167
Southeast Asia,2014-12-26,51,88,137,167
Southeast Asia,2014-12-27,51,85,136,167
Southeast Asia,2014-12-28,51,85,135,167
Southeast Asia,2014-12-29,51,84,134,165
Southeast Asia,2014-12-30,51,84,134,165
Southeast Asia,2014-12-31,50,83,134,165
Southeast Asia,2015-01-01,50,82,134,164
Southeast Asia,2015-01-02,50,82,134,163
Southeast Asia,2015-01-03,49,82,133,163
Southeast Asia,2015-01-04,49,82,132,162
Southeast Asia,2015-01-05,49,80,132,161
Southeast Asia,2015-01-06,48,80,132,161
Southeast Asia,2015-01-07,49,81,133,162
Southeast Asia,2015-01-08,51,83,135,164
Southeast Asia,2015-01-09,50,82,135,164
Southeast Asia,2015-01-10,50,83,136,165
Southeast Asia,2015-01-11,50,81,136,164
Southeast Asia,2015-01-12,46,81,135,164
Southeast Asia,2015-01-13,45,81,134,163
Southeast Asia,2015-01-14,46,82,134,164
Southeast Asia,2015-01-15,45,81,133,164
Southeast Asia,2015-01-16,45,81,132,164
Southeast Asia,2015-01-17,44,81,131,164
Southeast Asia,2015-01-18,44,82,132,165
Southeast Asia,2015-01-19,42,82,131,165
Southeast Asia,2015-01-20,41,81,131,165
Southeast Asia,2015-01-21,41,78,131,165
Southeast Asia,2015-01-22,41,79,132,166
Southeast Asia,2015-01-23,41,79,132,166
Southeast Asia,2015-01-24,40,79,132,166
Southeast Asia,2015-01-25,39,79,129,166
Southeast Asia,2015-01-26,39,79,127,166
Southeast Asia,2015-01-27,39,78,127,165
Southeast Asia,2015-01-28,39,78,126,165
Southeast Asia,2015-01-29,40,78,126,166
Southeast Asia,2015-01-30,40,78,125,166
Southeast Asia,2015-01-31,40,77,125,164
Southeast Asia,2015-02-01,40,77,124,162
Southeast Asia,2015-02-02,37,78,125,163
Southeast Asia,2015-02-03,37,78,125,163
Southeast Asia,2015-02-04,38,78,126,164
Southeast Asia,2015-02-05,38,78,126,163
Southeast Asia,2015-02-06,36,78,125,163
Southeast Asia,2015-02-07,36,77,125,163
Southeast Asia,2015-02-08,36,77,125,163
Southeast Asia,2015-02-09,35,77,125,161
Southeast Asia,2015-02-10,36,78,126,162
Southeast Asia,2015-02-11,35,77,126,162
Southeast Asia,2015-02-12,37,79,128,164
Southeast Asia,2015-02-13,37,80,129,165
Southeast Asia,2015-02-14,35,81,130,166
Southeast Asia,2015-02-15,36,82,131,166
Southeast Asia,2015-02-16,36,80,130,166
Southeast Asia,2015-02-17,34,80,129,166
Southeast Asia,2015-02-18,32,77,129,165
Southeast Asia,2015-02-19,32,77,128,164
Southeast Asia,2015-02-20,31,78,129,165
Southeast Asia,2015-02-21,29,76,127,165
Southeast Asia,2015-02-22,29,76,126,165
Southeast Asia,2015-02-23,29,76,121,165
Southeast Asia,2015-02-24,30,76,122,165
Southeast Asia,2015-02-25,30,77,122,166
Southeast Asia,2015-02-26,30,77,122,165
Southeast Asia,2015-02-27,30,77,122,165
Southeast Asia,2015-02-28,30,77,121,165
Southeast Asia,2015-03-01,30,77,121,162
Southeast Asia,2015-03-02,30,77,121,162
Southeast Asia,2015-03-03,30,77,121,162
Southeast Asia,2015-03-04,30,77,119,162
Southeast Asia,2015-03-05,30,77,118,161
Southeast Asia,2015-03-06,28,77,118,160
Southeast Asia,2015-03-07,27,78,118,161
Southeast Asia,2015-03-08,28,79,119,162
Southeast Asia,2015-03-09,29,80,120,163
Southeast Asia,2015-03-10,29,80,120,163
Southeast Asia,2015-03-11,30,81,120,164
Southeast Asia,2015-03-12,31,82,121,165
Southeast Asia,2015-03-13,31,82,121,165
Southeast Asia,2015-03-14,31,82,119,165
Southeast Asia,2015-03-15,31,82,119,164
Southeast Asia,2015-03-16,31,80,118,164
Southeast Asia,2015-03-17,30,79,118,164
Southeast Asia,2015-03-18,31,80,119,165
Southeast Asia,2015-03-19,32,81,119,166
Southeast Asia,2015-03-20,32,84,122,169
Southeast Asia,2015-03-21,33,83,123,170
Southeast Asia,2015-03-22,34,84,121,171
Southeast Asia,2015-03-23,34,85,121,172
Southeast Asia,2015-03-24,34,84,120,171
Southeast Asia,2015-03-25,34,86,122,173
Southeast Asia,2015-03-26,34,85,122,171
Southeast Asia,2015-03-27,34,85,119,170
Southeast Asia,2015-03-28,34,85,119,169
Southeast Asia,2015-03-29,35,86,119,169
Southeast Asia,2015-03-30,36,87,120,170
Southeast Asia,2015-03-31,36,86,119,170
Southeast Asia,2015-04-01,37,87,119,171
Southeast Asia,2015-04-02,37,87,119,171
Southeast Asia,2015-04-03,38,87,120,171
Southeast Asia,2015-04-04,38,87,120,170
Southeast Asia,2015-04-05,38,87,118,170
Southeast Asia,2015-04-06,38,86,118,170
Southeast Asia,2015-04-07,37,86,118,170
Southeast Asia,2015-04-08,36,87,119,171
Southeast Asia,2015-04-09,36,86,118,171
Southeast Asia,2015-04-10,35,85,118,171
Southeast Asia,2015-04-11,36,86,117,172
Southeast Asia,2015-04-12,36,82,117,171
Southeast Asia,2015-04-13,36,81,117,170
Southeast Asia,2015-04-14,35,81,117,169
Southeast Asia,2015-04-15,35,80,116,168
Southeast Asia,2015-04-16,36,81,117,168
Southeast Asia,2015-04-17,36,80,117,167
Southeast Asia,2015-04-18,35,79,117,167
Southeast Asia,2015-04-19,36,78,118,167
Southeast Asia,2015-04-20,37,78,118,168
Southeast Asia,2015-04-21,39,80,117,170
Southeast Asia,2015-04-22,38,79,117,170
Southeast Asia,2015-04-23,38,79,117,170
Southeast Asia,2015-04-24,39,79,118,171
Southeast Asia,2015-04-25,43,82,122,172
Southeast Asia,2015-04-26,44,83,123,171
Southeast Asia,2015-04-27,44,83,122,171
Southeast Asia,2015-04-28,44,83,122,170
Southeast Asia,2015-04-29,43,83,121,169
Southeast Asia,2015-04-30,43,83,121,168
Southeast Asia,2015-05-01,44,84,121,169
Southeast Asia,2015-05-02,45,85,122,169
Southeast Asia,2015-05-03,44,81,122,169
Southeast Asia,2015-05-04,46,83,124,171
Southeast Asia,2015-05-05,47,85,125,173
Southeast Asia,2015-05-06,48,86,126,174
Southeast Asia,2015-05-07,48,84,126,173
Southeast Asia,2015-05-08,50,86,127,175
Southeast Asia,2015-05-09,50,86,127,175
Southeast Asia,2015-05-10,51,86,128,176
Southeast Asia,2015-05-11,51,87,129,177
Southeast Asia,2015-05-12,51,86,128,177
Southeast Asia,2015-05-13,49,86,128,177
Southeast Asia,2015-05-14,48,85,128,177
Southeast Asia,2015-05-15,49,84,130,179
Southeast Asia,2015-05-16,50,86,132,181
Southeast Asia,2015-05-17,52,88,132,182
Southeast Asia,2015-05-18,52,86,132,181
Southeast Asia,2015-05-19,52,84,129,181
Southeast Asia,2015-05-20,54,86,131,182
Southeast Asia,2015-05-21,53,84,131,182
Southeast Asia,2015-05-22,54,83,130,181
Southeast Asia,2015-05-23,55,84,131,181
Southeast Asia,2015-05-24,55,84,131,176
Southeast Asia,2015-05-25,54,84,130,176
Southeast Asia,2015-05-26,53,83,130,175
Southeast Asia,2015-05-27,53,83,130,175
Southeast Asia,2015-05-28,53,83,130,175
Southeast Asia,2015-05-29,53,83,130,174
Southeast Asia,2015-05-30,53,83,130,174
Southeast Asia,2015-05-31,53,83,130,174
Southeast Asia,2015-06-01,54,84,131,175
Southeast Asia,2015-06-02,54,84,131,173
Southeast Asia,2015-06-03,55,85,132,173
Southeast Asia,2015-06-04,57,85,134,175
Southeast Asia,2015-06-05,56,83,134,174
Southeast Asia,2015-06-06,55,83,134,174
Southeast Asia,2015-06-07,54,83,134,174
Southeast Asia,2015-06-08,54,83,134,174
Southeast Asia,2015-06-09,53,83,134,173
Southeast Asia,2015-06-10,52,83,134,173
Southeast Asia,2015-06-11,53,84,135,174
Southeast Asia,2015-06-12,54,85,136,173
Southeast Asia,2015-06-13,55,86,137,174
Southeast Asia,2015-06-14,55,86,135,173
Southeast Asia,2015-06-15,55,85,134,173
Southeast Asia,2015-06-16,55,86,135,174
Southeast Asia,2015-06-17,58,90,139,177
Southeast Asia,2015-06-18,55,87,139,177
Southeast Asia,2015-06-19,54,87,137,177
Southeast Asia,2015-06-20,54,88,138,175
Southeast Asia,2015-06-21,53,87,138,174
Southeast Asia,2015-06-22,54,88,138,174
Southeast Asia,2015-06-23,52,86,138,174
Southeast Asia,2015-06-24,53,87,138,175
Southeast Asia,2015-06-25,53,87,138,172
Southeast Asia,2015-06-26,55,89,140,174
Southeast Asia,2015-06-27,56,91,142,175
Southeast Asia,2015-06-28,55,91,142,175
Southeast Asia,2015-06-29,55,91,141,174
Southeast Asia,2015-06-30,54,91,141,173
Southeast Asia,2015-07-01,54,91,141,173
Southeast Asia,2015-07-02,53,91,140,173
Southeast Asia,2015-07-03,53,91,140,173
Southeast Asia,2015-07-04,54,92,141,172
Southeast Asia,2015-07-05,54,92,140,172
Southeast Asia,2015-07-06,54,91,140,172
Southeast Asia,2015-07-07,53,89,140,172
Southeast Asia,2015-07-08,53,89,139,171
Southeast Asia,2015-07-09,53,88,138,171
Southeast Asia,2015-07-10,52,88,138,169
Southeast Asia,2015-07-11,53,89,135,170
Southeast Asia,2015-07-12,53,89,134,170
Southeast Asia,2015-07-13,53,88,134,170
Southeast Asia,2015-07-14,53,88,133,169
Southeast Asia,2015-07-15,53,89,134,170
Southeast Asia,2015-07-16,53,89,133,170
Southeast Asia,2015-07-17,53,88,132,170
Southeast Asia,2015-07-18,52,88,130,170
Southeast Asia,2015-07-19,51,88,129,169
Southeast Asia,2015-07-20,49,88,129,166
Southeast Asia,2015-07-21,49,87,128,166
Southeast Asia,2015-07-22,49,87,128,166
Southeast Asia,2015-07-23,48,87,127,166
Southeast Asia,2015-07-24,45,88,127,167
Southeast Asia,2015-07-25,45,89,128,168
Southeast Asia,2015-07-26,47,91,130,169
Southeast Asia,2015-07-27,47,91,130,169
Southeast Asia,2015-07-28,48,91,131,169
Southeast Asia,2015-07-29,48,91,131,169
Southeast Asia,2015-07-30,48,92,132,169
Southeast Asia,2015-07-31,48,93,133,170
Southeast Asia,2015-08-01,48,92,129,170
Southeast Asia,2015-08-02,46,92,129,170
Southeast Asia,2015-08-03,46,93,131,171
Southeast Asia,2015-08-04,45,93,131,171
Southeast Asia,2015-08-05,45,93,129,171
Southeast Asia,2015-08-06,43,93,129,170
Southeast Asia,2015-08-07,43,93,129,170
Southeast Asia,2015-08-08,43,94,129,171
Southeast Asia,2015-08-09,45,96,132,174
Southeast Asia,2015-08-10,45,96,131,173
Southeast Asia,2015-08-11,45,94,131,173
Southeast Asia,2015-08-12,47,95,132,175
Southeast Asia,2015-08-13,45,94,129,175
Southeast Asia,2015-08-14,43,93,129,175
Southeast Asia,2015-08-15,44,96,132,176
Southeast Asia,2015-08-16,44,96,130,176
Southeast Asia,2015-08-17,44,96,128,173
Southeast Asia,2015-08-18,42,96,128,173
Southeast Asia,2015-08-19,42,95,126,173
Southeast Asia,2015-08-20,42,96,125,172
Southeast Asia,2015-08-21,46,101,130,177
Southeast Asia,2015-08-22,48,103,132,179
Southeast Asia,2015-08-23,48,102,132,178
Southeast Asia,2015-08-24,48,101,131,178
Southeast Asia,2015-08-25,48,101,131,178
Southeast Asia,2015-08-26,48,101,131,178
Southeast Asia,2015-08-27,48,101,131,178
Southeast Asia,2015-08-28,48,101,131,178
Southeast Asia,2015-08-29,48,101,131,178
Southeast Asia,2015-08-30,47,101,131,178
Southeast Asia,2015-08-31,47,101,131,178
Southeast Asia,2015-09-01,47,102,132,179
Southeast Asia,2015-09-02,46,103,131,180
Southeast Asia,2015-09-03,46,102,129,180
Southeast Asia,2015-09-04,46,101,129,180
Southeast Asia,2015-09-05,46,100,129,180
Southeast Asia,2015-09-06,47,101,130,181
Southeast Asia,2015-09-07,48,101,131,182
Southeast Asia,2015-09-08,49,101,132,183
Southeast Asia,2015-09-09,48,101,132,183
Southeast Asia,2015-09-10,47,101,132,183
Southeast Asia,2015-09-11,46,101,132,183
Southeast Asia,2015-09-12,46,101,132,181
Southeast Asia,2015-09-13,46,101,131,180
Southeast Asia,2015-09-14,45,100,131,180
Southeast Asia,2015-09-15,42,100,132,181
Southeast Asia,2015-09-16,43,98,130,182
Southeast Asia,2015-09-17,43,97,130,180
Southeast Asia,2015-09-18,43,97,131,181
Southeast Asia,2015-09-19,44,97,131,182
Southeast Asia,2015-09-20,44,98,132,182
Southeast Asia,2015-09-21,44,96,130,182
Southeast Asia,2015-09-22,43,96,130,181
Southeast Asia,2015-09-23,43,96,130,181
Southeast Asia,2015-09-24,41,96,130,181
Southeast Asia,2015-09-25,40,96,131,182
Southeast Asia,2015-09-26,40,95,131,182
Southeast Asia,2015-09-27,40,95,131,181
Southeast Asia,2015-09-28,40,94,131,181
Southeast Asia,2015-09-29,42,96,133,183
Southeast Asia,2015-09-30,43,96,134,183
Southeast Asia,2015-10-01,44,97,135,184
Southeast Asia,2015-10-02,43,97,135,184
Southeast Asia,2015-10-03,43,97,135,183
Southeast Asia,2015-10-04,43,97,134,183
Southeast Asia,2015-10-05,45,98,134,185
Southeast Asia,2015-10-06,46,99,135,185
Southeast Asia,2015-10-07,46,99,134,184
Southeast Asia,2015-10-08,46,98,134,184
Southeast Asia,2015-10-09,45,98,134,180
Southeast Asia,2015-10-10,45,98,134,179
Southeast Asia,2015-10-11,45,98,133,179
Southeast Asia,2015-10-12,46,99,134,179
Southeast Asia,2015-10-13,45,98,134,179
Southeast Asia,2015-10-14,48,101,137,181
Southeast Asia,2015-10-15,49,102,137,181
Southeast Asia,2015-10-16,49,101,137,179
Southeast Asia,2015-10-17,49,100,137,178
Southeast Asia,2015-10-18,50,99,138,179
Southeast Asia,2015-10-19,50,99,137,178
Southeast Asia,2015-10-20,50,99,137,178
Southeast Asia,2015-10-21,50,98,137,177
Southeast Asia,2015-10-22,51,96,139,178
Southeast Asia,2015-10-23,50,95,139,178
Southeast Asia,2015-10-24,48,95,139,178
Southeast Asia,2015-10-25,48,95,139,178
Southeast Asia,2015-10-26,49,97,140,180
Southeast Asia,2015-10-27,49,97,140,180
Southeast Asia,2015-10-28,48,96,140,180
Southeast Asia,2015-10-29,47,95,140,180
Southeast Asia,2015-10-30,47,95,139,176
Southeast Asia,2015-10-31,47,93,139,176
Southeast Asia,2015-11-01,45,91,138,176
Southeast Asia,2015-11-02,45,90,138,176
Southeast Asia,2015-11-03,46,91,139,175
Southeast Asia,2015-11-04,46,89,139,175
Southeast Asia,2015-11-05,46,89,139,175
Southeast Asia,2015-11-06,47,90,141,176
Southeast Asia,2015-11-07,44,89,140,176
Southeast Asia,2015-11-08,44,89,140,175
Southeast Asia,2015-11-09,44,89,138,175
Southeast Asia,2015-11-10,43,90,138,175
Southeast Asia,2015-11-11,43,88,137,172
Southeast Asia,2015-11-12,44,87,137,173
Southeast Asia,2015-11-13,42,86,138,174
Southeast Asia,2015-11-14,43,87,139,173
Southeast Asia,2015-11-15,43,87,139,171
Southeast Asia,2015-11-16,43,85,139,171
Southeast Asia,2015-11-17,43,85,138,169
Southeast Asia,2015-11-18,42,84,138,167
Southeast Asia,2015-11-19,38,84,139,168
Southeast Asia,2015-11-20,37,85,140,169
Southeast Asia,2015-11-21,37,85,139,169
Southeast Asia,2015-11-22,37,85,138,168
Southeast Asia,2015-11-23,37,85,138,168
Southeast Asia,2015-11-24,37,85,138,168
Southeast Asia,2015-11-25,37,85,138,168
Southeast Asia,2015-11-26,38,86,139,169
Southeast Asia,2015-11-27,38,86,139,169
Southeast Asia,2015-11-28,38,85,139,169
Southeast Asia,2015-11-29,38,85,139,169
Southeast Asia,2015-11-30,37,84,139,169
Southeast Asia,2015-12-01,36,82,139,167
Southeast Asia,2015-12-02,37,83,139,166
Southeast Asia,2015-12-03,37,83,138,166
Southeast Asia,2015-12-04,38,84,138,167
Southeast Asia,2015-12-05,37,84,138,167
Southeast Asia,2015-12-06,36,84,137,167
Southeast Asia,2015-12-07,35,84,136,167
Southeast Asia,2015-12-08,36,84,137,168
Southeast Asia,2015-12-09,37,84,138,169
Southeast Asia,2015-12-10,37,83,138,169
Southeast Asia,2015-12-11,37,83,138,169
Southeast Asia,2015-12-12,37,83,138,168
Southeast Asia,2015-12-13,37,82,137,168
Southeast Asia,2015-12-14,36,78,136,168
Southeast Asia,2015-12-15,36,79,134,166
Southeast Asia,2015-12-16,37,80,134,167
Southeast Asia,2015-12-17,36,79,133,167
Southeast Asia,2015-12-18,36,80,133,167
Southeast Asia,2015-12-19,36,80,134,168
Southeast Asia,2015-12-20,36,80,132,166
Southeast Asia,2015-12-21,36,79,132,166
Southeast Asia,2015-12-22,36,79,132,166
Southeast Asia,2015-12-23,36,77,132,166
Southeast Asia,2015-12-24,36,76,132,167
Southeast Asia,2015-12-25,36,76,131,167
Southeast Asia,2015-12-26,36,76,131,167
Southeast Asia,2015-12-27,37,77,131,168
Southeast Asia,2015-12-28,35,77,131,168
Southeast Asia,2015-12-29,34,77,130,168
Southeast Asia,2015-12-30,33,77,130,168
Southeast Asia,2015-12-31,33,76,130,168
Southeast Asia,2016-01-01,33,76,130,168
Southeast Asia,2016-01-02,33,76,130,167
Southeast Asia,2016-01-03,31,76,129,165
Southeast Asia,2016-01-04,30,76,129,165
Southeast Asia,2016-01-05,31,77,130,165
Southeast Asia,2016-01-06,31,77,129,165
Southeast Asia,2016-01-07,32,77,130,166
Southeast Asia,2016-01-08,32,77,130,166
Southeast Asia,2016-01-09,32,77,130,165
Southeast Asia,2016-01-10,31,77,130,165
Southeast Asia,2016-01-11,31,76,129,165
Southeast Asia,2016-01-12,28,76,129,165
Southeast Asia,2016-01-13,27,76,129,164
Southeast Asia,2016-01-14,27,76,128,164
Southeast Asia,2016-01-15,28,77,128,165
Southeast Asia,2016-01-16,27,77,126,165
Southeast Asia,2016-01-17,27,77,126,164
Southeast Asia,2016-01-18,27,77,126,164
Southeast Asia,2016-01-19,27,77,125,164
Southeast Asia,2016-01-20,25,76,121,164
Southeast Asia,2016-01-21,25,75,120,164
Southeast Asia,2016-01-22,25,73,120,164
Southeast Asia,2016-01-23,25,73,120,164
Southeast Asia,2016-01-24,23,72,120,163
Southeast Asia,2016-01-25,23,72,120,163
Southeast Asia,2016-01-26,23,71,119,163
Southeast Asia,2016-01-27,23,70,118,163
Southeast Asia,2016-01-28,23,70,118,162
Southeast Asia,2016-01-29,23,70,116,162
Southeast Asia,2016-01-30,23,68,114,161
Southeast Asia,2016-01-31,23,68,113,161
Southeast Asia,2016-02-01,22,68,113,161
Southeast Asia,2016-02-02,22,68,111,161
Southeast Asia,2016-02-03,22,68,111,161
Southeast Asia,2016-02-04,20,67,110,161
Southeast Asia,2016-02-05,20,64,109,160
Southeast Asia,2016-02-06,20,64,109,160
Southeast Asia,2016-02-07,20,64,109,158
Southeast Asia,2016-02-08,19,62,109,157
Southeast Asia,2016-02-09,20,63,108,157
Southeast Asia,2016-02-10,19,63,106,156
Southeast Asia,2016-02-11,18,60,104,156
Southeast Asia,2016-02-12,17,60,104,156
Southeast Asia,2016-02-13,17,60,104,156
Southeast Asia,2016-02-14,19,62,104,158
Southeast Asia,2016-02-15,20,63,105,158
Southeast Asia,2016-02-16,20,62,104,158
Southeast Asia,2016-02-17,19,57,103,158
Southeast Asia,2016-02-18,18,55,103,158
Southeast Asia,2016-02-19,19,56,104,158
Southeast Asia,2016-02-20,19,56,104,157
Southeast Asia,2016-02-21,19,56,104,157
Southeast Asia,2016-02-22,19,56,104,157
Southeast Asia,2016-02-23,19,56,104,157
Southeast Asia,2016-02-24,18,56,104,157
Southeast Asia,2016-02-25,18,56,104,157
Southeast Asia,2016-02-26,18,56,103,157
Southeast Asia,2016-02-27,19,57,104,158
Southeast Asia,2016-02-28,19,56,103,158
Southeast Asia,2016-02-29,19,55,101,158
Southeast Asia,2016-03-01,18,55,101,157
Southeast Asia,2016-03-02,18,55,101,156
Southeast Asia,2016-03-03,17,55,101,155
Southeast Asia,2016-03-04,18,55,102,156
Southeast Asia,2016-03-05,18,54,102,155
Southeast Asia,2016-03-06,19,54,103,155
Southeast Asia,2016-03-07,19,55,103,156
Southeast Asia,2016-03-08,18,55,102,156
Southeast Asia,2016-03-09,18,55,101,156
Southeast Asia,2016-03-10,18,55,101,156
Southeast Asia,2016-03-11,18,55,101,156
Southeast Asia,2016-03-12,18,55,100,155
Southeast Asia,2016-03-13,18,54,96,154
Southeast Asia,2016-03-14,17,53,96,151
Southeast Asia,2016-03-15,16,53,96,150
Southeast Asia,2016-03-16,16,52,95,149
Southeast Asia,2016-03-17,15,51,95,148
Southeast Asia,2016-03-18,14,50,94,148
Southeast Asia,2016-03-19,14,50,94,146
Southeast Asia,2016-03-20,14,50,93,146
Southeast Asia,2016-03-21,14,50,93,146
Southeast Asia,2016-03-22,15,51,92,147
Southeast Asia,2016-03-23,14,50,90,146
Southeast Asia,2016-03-24,14,50,90,145
Southeast Asia,2016-03-25,15,51,91,146
Southeast Asia,2016-03-26,15,52,92,146
Southeast Asia,2016-03-27,15,50,92,146
Southeast Asia,2016-03-28,15,49,92,145
Southeast Asia,2016-03-29,15,48,92,145
Southeast Asia,2016-03-30,16,49,92,146
Southeast Asia,2016-03-31,16,49,92,146
Southeast Asia,2016-04-01,18,51,94,148
Southeast Asia,2016-04-02,18,49,94,147
Southeast Asia,2016-04-03,19,49,95,148
Southeast Asia,2016-04-04,18,49,95,148
Southeast Asia,2016-04-05,18,49,95,147
Southeast Asia,2016-04-06,17,49,94,147
Southeast Asia,2016-04-07,17,49,94,147
Southeast Asia,2016-04-08,17,49,94,147
Southeast Asia,2016-04-09,17,48,94,147
Southeast Asia,2016-04-10,17,48,93,146
Southeast Asia,2016-04-11,17,45,93,146
Southeast Asia,2016-04-12,18,45,94,147
Southeast Asia,2016-04-13,18,45,94,146
Southeast Asia,2016-04-14,17,45,94,145
Southeast Asia,2016-04-15,19,46,96,145
Southeast Asia,2016-04-16,20,47,97,146
Southeast Asia,2016-04-17,21,48,98,147
Southeast Asia,2016-04-18,22,49,99,147
Southeast Asia,2016-04-19,22,47,98,143
Southeast Asia,2016-04-20,22,47,97,142
Southeast Asia,2016-04-21,23,48,96,143
Southeast Asia,2016-04-22,23,48,96,143
Southeast Asia,2016-04-23,23,46,95,143
Southeast Asia,2016-04-24,23,46,95,143
Southeast Asia,2016-04-25,24,47,95,143
Southeast Asia,2016-04-26,24,47,94,142
Southeast Asia,2016-04-27,24,47,94,142
Southeast Asia,2016-04-28,24,47,94,140
Southeast Asia,2016-04-29,24,47,92,138
Southeast Asia,2016-04-30,24,47,92,137
Southeast Asia,2016-05-01,24,46,92,137
Southeast Asia,2016-05-02,24,46,92,135
Southeast Asia,2016-05-03,25,47,93,136
Southeast Asia,2016-05-04,27,47,94,137
Southeast Asia,2016-05-05,27,47,91,136
Southeast Asia,2016-05-06,27,47,91,136
Southeast Asia,2016-05-07,28,48,92,137
Southeast Asia,2016-05-08,29,48,91,138
Southeast Asia,2016-05-09,29,49,92,137
Southeast Asia,2016-05-10,29,48,92,135
Southeast Asia,2016-05-11,29,47,89,133
Southeast Asia,2016-05-12,29,46,89,133
Southeast Asia,2016-05-13,29,46,89,133
Southeast Asia,2016-05-14,27,46,89,131
Southeast Asia,2016-05-15,27,47,90,132
Southeast Asia,2016-05-16,27,47,89,131
Southeast Asia,2016-05-17,27,46,84,130
Southeast Asia,2016-05-18,28,46,83,131
Southeast Asia,2016-05-19,28,47,84,132
Southeast Asia,2016-05-20,28,47,84,132
Southeast Asia,2016-05-21,30,49,86,134
Southeast Asia,2016-05-22,30,49,86,134
Southeast Asia,2016-05-23,30,49,86,134
Southeast Asia,2016-05-24,30,48,86,134
Southeast Asia,2016-05-25,30,48,86,134
Southeast Asia,2016-05-26,30,48,86,133
Southeast Asia,2016-05-27,29,48,86,133
Southeast Asia,2016-05-28,29,48,85,132
Southeast Asia,2016-05-29,29,48,84,130
Southeast Asia,2016-05-30,29,47,84,130
Southeast Asia,2016-05-31,29,47,84,130
Southeast Asia,2016-06-01,29,46,84,130
Southeast Asia,2016-06-02,30,48,85,132
Southeast Asia,2016-06-03,30,48,84,132
Southeast Asia,2016-06-04,29,48,83,132
Southeast Asia,2016-06-05,28,47,83,131
Southeast Asia,2016-06-06,28,46,83,130
Southeast Asia,2016-06-07,28,46,83,129
Southeast Asia,2016-06-08,28,46,83,129
Southeast Asia,2016-06-09,28,46,83,129
Southeast Asia,2016-06-10,28,46,83,128
Southeast Asia,2016-06-11,28,46,82,124
Southeast Asia,2016-06-12,28,45,81,124
Southeast Asia,2016-06-13,28,44,81,124
Southeast Asia,2016-06-14,29,45,81,124
Southeast Asia,2016-06-15,29,44,80,124
Southeast Asia,2016-06-16,31,45,81,125
Southeast Asia,2016-06-17,31,45,81,125
Southeast Asia,2016-06-18,32,46,82,125
Southeast Asia,2016-06-19,32,46,82,125
Southeast Asia,2016-06-20,31,46,82,123
Southeast Asia,2016-06-21,32,46,82,122
Southeast Asia,2016-06-22,33,47,83,123
Southeast Asia,2016-06-23,32,47,83,123
Southeast Asia,2016-06-24,31,46,83,123
Southeast Asia,2016-06-25,31,46,81,123
Southeast Asia,2016-06-26,31,46,80,123
Southeast Asia,2016-06-27,31,46,79,123
Southeast Asia,2016-06-28,32,48,81,124
Southeast Asia,2016-06-29,32,48,81,124
Southeast Asia,2016-06-30,30,48,81,124
Southeast Asia,2016-07-01,30,48,79,124
Southeast Asia,2016-07-02,29,48,78,124
Southeast Asia,2016-07-03,30,48,79,125
Southeast Asia,2016-07-04,30,48,79,125
Southeast Asia,2016-07-05,30,47,79,124
Southeast Asia,2016-07-06,30,47,79,124
Southeast Asia,2016-07-07,30,47,79,124
Southeast Asia,2016-07-08,30,47,78,124
Southeast Asia,2016-07-09,32,49,80,125
Southeast Asia,2016-07-10,33,50,78,126
Southeast Asia,2016-07-11,32,50,77,126
Southeast Asia,2016-07-12,32,50,77,126
Southeast Asia,2016-07-13,32,49,77,126
Southeast Asia,2016-07-14,30,49,76,126
Southeast Asia,2016-07-15,30,50,77,127
Southeast Asia,2016-07-16,30,51,78,128
Southeast Asia,2016-07-17,30,52,79,129
Southeast Asia,2016-07-18,31,53,78,129
Southeast Asia,2016-07-19,31,53,78,128
Southeast Asia,2016-07-20,30,53,78,126
Southeast Asia,2016-07-21,30,53,78,126
Southeast Asia,2016-07-22,30,53,76,125
Southeast Asia,2016-07-23,30,53,76,125
Southeast Asia,2016-07-24,30,54,77,125
Southeast Asia,2016-07-25,30,54,77,124
Southeast Asia,2016-07-26,30,54,77,124
Southeast Asia,2016-07-27,30,54,77,124
Southeast Asia,2016-07-28,31,55,78,123
Southeast Asia,2016-07-29,32,56,79,124
Southeast Asia,2016-07-30,32,56,78,124
Southeast Asia,2016-07-31,32,56,78,124
Southeast Asia,2016-08-01,31,56,78,124
Southeast Asia,2016-08-02,29,56,76,123
Southeast Asia,2016-08-03,30,57,77,121
Southeast Asia,2016-08-04,30,57,77,121
Southeast Asia,2016-08-05,29,57,77,121
Southeast Asia,2016-08-06,28,57,76,119
Southeast Asia,2016-08-07,29,58,78,121
Southeast Asia,2016-08-08,29,58,77,121
Southeast Asia,2016-08-09,29,58,76,118
Southeast Asia,2016-08-10,29,58,75,118
Southeast Asia,2016-08-11,29,58,75,118
Southeast Asia,2016-08-12,29,56,75,118
Southeast Asia,2016-08-13,28,55,75,118
Southeast Asia,2016-08-14,28,55,75,117
Southeast Asia,2016-08-15,28,55,74,112
Southeast Asia,2016-08-16,27,55,73,110
Southeast Asia,2016-08-17,26,54,73,110
Southeast Asia,2016-08-18,27,55,74,111
Southeast Asia,2016-08-19,26,56,75,112
Southeast Asia,2016-08-20,26,56,75,112
Southeast Asia,2016-08-21,26,56,75,112
Southeast Asia,2016-08-22,26,56,74,112
Southeast Asia,2016-08-23,26,56,74,112
Southeast Asia,2016-08-24,26,56,74,112
Southeast Asia,2016-08-25,28,57,76,114
Southeast Asia,2016-08-26,28,57,76,113
Southeast Asia,2016-08-27,28,57,76,112
Southeast Asia,2016-08-28,28,57,75,112
Southeast Asia,2016-08-29,28,57,75,112
Southeast Asia,2016-08-30,28,57,74,112
Southeast Asia,2016-08-31,26,56,74,111
Southeast Asia,2016-09-01,26,56,74,110
Southeast Asia,2016-09-02,26,55,74,109
Southeast Asia,2016-09-03,26,54,73,109
Southeast Asia,2016-09-04,26,54,72,109
Southeast Asia,2016-09-05,26,54,72,109
Southeast Asia,2016-09-06,27,55,73,110
Southeast Asia,2016-09-07,27,55,73,110
Southeast Asia,2016-09-08,28,56,74,111
Southeast Asia,2016-09-09,29,57,75,111
Southeast Asia,2016-09-10,30,58,75,111
Southeast Asia,2016-09-11,30,58,74,111
Southeast Asia,2016-09-12,29,58,74,110
Southeast Asia,2016-09-13,29,58,73,109
Southeast Asia,2016-09-14,30,61,75,111
Southeast Asia,2016-09-15,30,61,75,111
Southeast Asia,2016-09-16,31,63,77,113
Southeast Asia,2016-09-17,31,63,77,113
Southeast Asia,2016-09-18,32,63,78,114
Southeast Asia,2016-09-19,31,63,77,113
Southeast Asia,2016-09-20,31,64,78,114
Southeast Asia,2016-09-21,31,63,78,114
Southeast Asia,2016-09-22,31,62,77,114
Southeast Asia,2016-09-23,31,62,77,112
Southeast Asia,2016-09-24,31,62,77,111
Southeast Asia,2016-09-25,32,63,78,111
Southeast Asia,2016-09-26,31,63,79,112
Southeast Asia,2016-09-27,33,65,81,114
Southeast Asia,2016-09-28,33,63,81,114
Southeast Asia,2016-09-29,33,63,81,112
Southeast Asia,2016-09-30,33,62,81,111
Southeast Asia,2016-10-01,33,63,81,112
Southeast Asia,2016-10-02,34,64,82,113
Southeast Asia,2016-10-03,34,64,81,113
Southeast Asia,2016-10-04,35,65,82,114
Southeast Asia,2016-10-05,35,65,82,114
Southeast Asia,2016-10-06,35,65,82,113
Southeast Asia,2016-10-07,34,66,83,114
Southeast Asia,2016-10-08,33,66,83,111
Southeast Asia,2016-10-09,33,65,83,110
Southeast Asia,2016-10-10,33,65,83,110
Southeast Asia,2016-10-11,33,65,82,110
Southeast Asia,2016-10-12,36,66,85,112
Southeast Asia,2016-10-13,35,65,85,112
Southeast Asia,2016-10-14,34,64,85,112
Southeast Asia,2016-10-15,33,63,85,112
Southeast Asia,2016-10-16,32,63,85,110
Southeast Asia,2016-10-17,32,63,85,110
Southeast Asia,2016-10-18,32,62,85,110
Southeast Asia,2016-10-19,32,62,85,110
Southeast Asia,2016-10-20,34,64,87,110
Southeast Asia,2016-10-21,34,64,87,110
Southeast Asia,2016-10-22,33,63,87,110
Southeast Asia,2016-10-23,33,63,87,110
Southeast Asia,2016-10-24,34,64,88,111
Southeast Asia,2016-10-25,36,66,90,113
Southeast Asia,2016-10-26,36,67,91,114
Southeast Asia,2016-10-27,35,67,91,114
Southeast Asia,2016-10-28,35,67,91,113
Southeast Asia,2016-10-29,35,67,91,113
Southeast Asia,2016-10-30,36,67,92,114
Southeast Asia,2016-10-31,36,65,92,112
Southeast Asia,2016-11-01,36,66,93,113
Southeast Asia,2016-11-02,36,66,93,113
Southeast Asia,2016-11-03,36,65,93,113
Southeast Asia,2016-11-04,36,64,93,112
Southeast Asia,2016-11-05,37,66,95,115
Southeast Asia,2016-11-06,38,67,96,115
Southeast Asia,2016-11-07,38,67,96,114
Southeast Asia,2016-11-08,38,67,96,113
Southeast Asia,2016-11-09,39,68,97,114
Southeast Asia,2016-11-10,39,68,95,114
Southeast Asia,2016-11-11,40,68,95,115
Southeast Asia,2016-11-12,40,68,95,115
Southeast Asia,2016-11-13,41,69,96,115
Southeast Asia,2016-11-14,41,68,96,114
Southeast Asia,2016-11-15,42,68,96,115
Southeast Asia,2016-11-16,42,69,97,116
Southeast Asia,2016-11-17,41,67,97,116
Southeast Asia,2016-11-18,41,67,97,116
Southeast Asia,2016-11-19,43,69,99,118
Southeast Asia,2016-11-20,45,71,101,119
Southeast Asia,2016-11-21,45,71,101,119
Southeast Asia,2016-11-22,45,71,101,119
Southeast Asia,2016-11-23,45,73,102,121
Southeast Asia,2016-11-24,47,75,104,123
Southeast Asia,2016-11-25,47,75,104,123
Southeast Asia,2016-11-26,48,76,105,123
Southeast Asia,2016-11-27,48,76,105,123
Southeast Asia,2016-11-28,48,76,105,122
Southeast Asia,2016-11-29,48,74,104,122
Southeast Asia,2016-11-30,49,75,105,123
Southeast Asia,2016-12-01,50,76,105,124
Southeast Asia,2016-12-02,51,77,105,124
Southeast Asia,2016-12-03,51,77,105,123
Southeast Asia,2016-12-04,51,77,105,123
Southeast Asia,2016-12-05,51,78,106,124
Southeast Asia,2016-12-06,51,78,106,124
Southeast Asia,2016-12-07,51,79,107,125
Southeast Asia,2016-12-08,53,82,110,128
Southeast Asia,2016-12-09,52,82,110,127
Southeast Asia,2016-12-10,52,82,110,126
Southeast Asia,2016-12-11,52,81,110,126
Southeast Asia,2016-12-12,52,81,110,125
Southeast Asia,2016-12-13,49,79,110,124
Southeast Asia,2016-12-14,49,79,110,124
Southeast Asia,2016-12-15,47,78,110,124
Southeast Asia,2016-12-16,47,78,110,124
Southeast Asia,2016-12-17,46,78,109,124
Southeast Asia,2016-12-18,46,77,109,123
Southeast Asia,2016-12-19,45,76,109,123
Southeast Asia,2016-12-20,46,77,109,124
Southeast Asia,2016-12-21,46,77,108,123
Southeast Asia,2016-12-22,46,77,108,123
Southeast Asia,2016-12-23,46,77,108,123
Southeast Asia,2016-12-24,45,77,108,123
Southeast Asia,2016-12-25,44,75,107,123
Southeast Asia,2016-12-26,42,75,107,123
Southeast Asia,2016-12-27,42,75,105,123
Southeast Asia,2016-12-28,42,75,105,123
Southeast Asia,2016-12-29,43,76,105,124
Southeast Asia,2016-12-30,42,75,105,123
Southeast Asia,2016-12-31,41,75,105,123
Southeast Asia,2017-01-01,41,75,105,122
Southeast Asia,2017-01-02,40,75,105,122
Southeast Asia,2017-01-03,41,76,106,123
Southeast Asia,2017-01-04,41,76,106,123
Southeast Asia,2017-01-05,40,74,106,123
Southeast Asia,2017-01-06,40,73,106,123
Southeast Asia,2017-01-07,41,74,106,124
Southeast Asia,2017-01-08,42,75,107,125
Southeast Asia,2017-01-09,43,76,108,125
Southeast Asia,2017-01-10,40,76,106,125
Southeast Asia,2017-01-11,40,75,105,125
Southeast Asia,2017-01-12,40,74,104,125
Southeast Asia,2017-01-13,40,73,103,125
Southeast Asia,2017-01-14,40,72,103,125
Southeast Asia,2017-01-15,40,72,103,125
Southeast Asia,2017-01-16,42,74,104,127
Southeast Asia,2017-01-17,42,74,104,127
Southeast Asia,2017-01-18,40,74,104,127
Southeast Asia,2017-01-19,41,75,105,128
Southeast Asia,2017-01-20,41,74,104,128
Southeast Asia,2017-01-21,41,74,104,128
Southeast Asia,2017-01-22,40,74,104,128
Southeast Asia,2017-01-23,38,74,104,128
Southeast Asia,2017-01-24,37,73,104,128
Southeast Asia,2017-01-25,37,72,104,128
Southeast Asia,2017-01-26,37,72,104,128
Southeast Asia,2017-01-27,37,72,104,128
Southeast Asia,2017-01-28,36,72,103,128
Southeast Asia,2017-01-29,36,72,101,128
Southeast Asia,2017-01-30,35,71,101,128
Southeast Asia,2017-01-31,35,71,101,128
Southeast Asia,2017-02-01,35,71,100,128
Southeast Asia,2017-02-02,35,71,99,128
Southeast Asia,2017-02-03,32,69,98,127
Southeast Asia,2017-02-04,31,69,98,127
Southeast Asia,2017-02-05,31,69,98,127
Southeast Asia,2017-02-06,32,70,99,128
Southeast Asia,2017-02-07,31,70,99,128
Southeast Asia,2017-02-08,31,70,99,126
Southeast Asia,2017-02-09,30,70,98,125
Southeast Asia,2017-02-10,30,70,98,125
Southeast Asia,2017-02-11,29,70,98,125
Southeast Asia,2017-02-12,29,70,97,125
Southeast Asia,2017-02-13,28,70,96,124
Southeast Asia,2017-02-14,27,69,96,124
Southeast Asia,2017-02-15,27,68,94,124
Southeast Asia,2017-02-16,27,68,94,124
Southeast Asia,2017-02-17,25,68,94,124
Southeast Asia,2017-02-18,23,68,94,124
Southeast Asia,2017-02-19,24,69,95,125
Southeast Asia,2017-02-20,24,69,95,125
Southeast Asia,2017-02-21,22,67,95,124
Southeast Asia,2017-02-22,21,68,96,125
Southeast Asia,2017-02-23,22,69,97,126
Southeast Asia,2017-02-24,21,69,97,126
Southeast Asia,2017-02-25,21,69,97,126
Southeast Asia,2017-02-26,21,69,97,126
Southeast Asia,2017-02-27,21,69,95,125
Southeast Asia,2017-02-28,20,69,95,125
Southeast Asia,2017-03-01,19,69,95,124
Southeast Asia,2017-03-02,18,69,95,123
Southeast Asia,2017-03-03,18,69,95,123
Southeast Asia,2017-03-04,18,69,95,123
Southeast Asia,2017-03-05,18,69,96,124
Southeast Asia,2017-03-06,18,69,96,124
Southeast Asia,2017-03-07,17,68,96,124
Southeast Asia,2017-03-08,14,67,96,124
Southeast Asia,2017-03-09,15,67,97,125
Southeast Asia,2017-03-10,15,67,97,125
Southeast Asia,2017-03-11,16,68,97,126
Southeast Asia,2017-03-12,16,68,97,126
Southeast Asia,2017-03-13,16,65,95,126
Southeast Asia,2017-03-14,16,65,95,126
Southeast Asia,2017-03-15,17,64,95,127
Southeast Asia,2017-03-16,17,64,95,127
Southeast Asia,2017-03-17,17,63,95,126
Southeast Asia,2017-03-18,17,63,94,126
Southeast Asia,2017-03-19,19,64,95,128
Southeast Asia,2017-03-20,18,64,95,127
Southeast Asia,2017-03-21,19,65,96,127
Southeast Asia,2017-03-22,19,65,96,127
Southeast Asia,2017-03-23,20,66,97,128
Southeast Asia,2017-03-24,20,65,97,128
Southeast Asia,2017-03-25,20,64,95,127
Southeast Asia,2017-03-26,24,66,99,131
Southeast Asia,2017-03-27,24,66,99,129
Southeast Asia,2017-03-28,24,66,99,129
Southeast Asia,2017-03-29,23,66,99,128
Southeast Asia,2017-03-30,23,65,98,128
Southeast Asia,2017-03-31,23,64,98,128
Southeast Asia,2017-04-01,23,64,98,128
Southeast Asia,2017-04-02,23,63,98,128
Southeast Asia,2017-04-03,22,63,98,128
Southeast Asia,2017-04-04,22,63,98,128
Southeast Asia,2017-04-05,22,62,96,128
Southeast Asia,2017-04-06,22,62,95,128
Southeast Asia,2017-04-07,21,62,95,127
Southeast Asia,2017-04-08,20,62,95,127
Southeast Asia,2017-04-09,19,62,95,127
Southeast Asia,2017-04-10,19,59,95,125
Southeast Asia,2017-04-11,19,59,94,124
Southeast Asia,2017-04-12,19,59,93,123
Southeast Asia,2017-04-13,19,59,92,122
Southeast Asia,2017-04-14,19,59,91,122
Southeast Asia,2017-04-15,19,59,91,122
Southeast Asia,2017-04-16,17,59,91,121
Southeast Asia,2017-04-17,17,59,91,121
Southeast Asia,2017-04-18,18,58,92,122
Southeast Asia,2017-04-19,18,59,93,123
Southeast Asia,2017-04-20,19,60,93,123
Southeast Asia,2017-04-21,19,60,93,123
Southeast Asia,2017-04-22,21,61,95,125
Southeast Asia,2017-04-23,21,59,95,125
Southeast Asia,2017-04-24,21,58,94,125
Southeast Asia,2017-04-25,21,58,93,125
Southeast Asia,2017-04-26,21,58,93,125
Southeast Asia,2017-04-27,21,58,93,125
Southeast Asia,2017-04-28,21,57,93,124
Southeast Asia,2017-04-29,21,57,93,122
Southeast Asia,2017-04-30,21,56,92,122
Southeast Asia,2017-05-01,21,56,92,122
Southeast Asia,2017-05-02,23,58,94,123
Southeast Asia,2017-05-03,24,59,95,123
Southeast Asia,2017-05-04,24,56,93,122
Southeast Asia,2017-05-05,24,55,93,122
Southeast Asia,2017-05-06,24,55,93,122
Southeast Asia,2017-05-07,23,55,93,122
Southeast Asia,2017-05-08,23,54,93,122
Southeast Asia,2017-05-09,23,54,93,122
Southeast Asia,2017-05-10,24,54,94,122
Southeast Asia,2017-05-11,25,55,95,123
Southeast Asia,2017-05-12,25,54,95,123
Southeast Asia,2017-05-13,25,54,95,122
Southeast Asia,2017-05-14,25,53,95,121
Southeast Asia,2017-05-15,25,52,94,121
Southeast Asia,2017-05-16,25,52,93,119
Southeast Asia,2017-05-17,25,52,93,119
Southeast Asia,2017-05-18,25,50,93,119
Southeast Asia,2017-05-19,25,48,93,119
Southeast Asia,2017-05-20,25,49,94,120
Southeast Asia,2017-05-21,25,49,94,120
Southeast Asia,2017-05-22,25,47,92,120
Southeast Asia,2017-05-23,24,45,92,120
Southeast Asia,2017-05-24,24,46,93,121
Southeast Asia,2017-05-25,24,45,93,121
Southeast Asia,2017-05-26,24,45,93,121
Southeast Asia,2017-05-27,24,45,93,121
Southeast Asia,2017-05-28,25,46,94,120
Southeast Asia,2017-05-29,25,45,94,120
Southeast Asia,2017-05-30,25,44,94,120
Southeast Asia,2017-05-31,26,44,95,121
Southeast Asia,2017-06-01,26,44,95,121
Southeast Asia,2017-06-02,26,44,95,121
Southeast Asia,2017-06-03,26,44,95,122
Southeast Asia,2017-06-04,26,44,95,122
Southeast Asia,2017-06-05,26,43,94,122
Southeast Asia,2017-06-06,26,40,93,122
Southeast Asia,2017-06-07,26,41,93,123
Southeast Asia,2017-06-08,26,41,93,123
Southeast Asia,2017-06-09,25,41,93,122
Southeast Asia,2017-06-10,25,41,93,122
Southeast Asia,2017-06-11,25,41,90,120
Southeast Asia,2017-06-12,25,41,90,120
Southeast Asia,2017-06-13,26,43,90,121
Southeast Asia,2017-06-14,27,44,91,122
Southeast Asia,2017-06-15,27,44,90,122
Southeast Asia,2017-06-16,27,44,90,121
Southeast Asia,2017-06-17,25,44,89,120
Southeast Asia,2017-06-18,25,43,89,120
Southeast Asia,2017-06-19,24,43,89,120
Southeast Asia,2017-06-20,24,43,89,120
Southeast Asia,2017-06-21,24,44,90,121
Southeast Asia,2017-06-22,24,44,89,121
Southeast Asia,2017-06-23,25,45,89,120
Southeast Asia,2017-06-24,21,45,87,120
Southeast Asia,2017-06-25,21,45,87,120
Southeast Asia,2017-06-26,21,45,87,120
Southeast Asia,2017-06-27,21,44,87,120
Southeast Asia,2017-06-28,22,45,87,120
Southeast Asia,2017-06-29,22,45,86,120
Southeast Asia,2017-06-30,22,45,86,120
Southeast Asia,2017-07-01,22,45,85,120
Southeast Asia,2017-07-02,22,44,85,120
Southeast Asia,2017-07-03,22,44,85,120
Southeast Asia,2017-07-04,22,44,84,118
Southeast Asia,2017-07-05,22,44,84,117
Southeast Asia,2017-07-06,22,43,84,117
Southeast Asia,2017-07-07,22,42,84,117
Southeast Asia,2017-07-08,22,41,84,117
Southeast Asia,2017-07-09,22,41,81,117
Southeast Asia,2017-07-10,23,42,82,117
Southeast Asia,2017-07-11,23,42,82,116
Southeast Asia,2017-07-12,23,42,82,115
Southeast Asia,2017-07-13,23,42,82,114
Southeast Asia,2017-07-14,24,43,83,115
Southeast Asia,2017-07-15,24,41,83,115
Southeast Asia,2017-07-16,24,41,83,115
Southeast Asia,2017-07-17,23,41,81,115
Southeast Asia,2017-07-18,22,40,81,115
Southeast Asia,2017-07-19,21,40,81,114
Southeast Asia,2017-07-20,21,40,81,114
Southeast Asia,2017-07-21,19,40,80,114
Southeast Asia,2017-07-22,19,40,78,114
Southeast Asia,2017-07-23,19,40,77,113
Southeast Asia,2017-07-24,19,40,77,112
Southeast Asia,2017-07-25,19,40,77,112
Southeast Asia,2017-07-26,19,40,77,112
Southeast Asia,2017-07-27,19,40,76,112
Southeast Asia,2017-07-28,19,40,76,112
Southeast Asia,2017-07-29,19,40,75,111
Southeast Asia,2017-07-30,19,40,75,111
Southeast Asia,2017-07-31,17,40,75,111
Southeast Asia,2017-08-01,16,40,75,111
Southeast Asia,2017-08-02,17,41,73,110
Southeast Asia,2017-08-03,17,41,72,110
Southeast Asia,2017-08-04,17,41,72,110
Southeast Asia,2017-08-05,17,40,72,110
Southeast Asia,2017-08-06,17,40,71,110
Southeast Asia,2017-08-07,17,40,71,110
Southeast Asia,2017-08-08,16,40,70,110
Southeast Asia,2017-08-09,16,41,71,111
Southeast Asia,2017-08-10,16,41,70,111
Southeast Asia,2017-08-11,16,41,70,111
Southeast Asia,2017-08-12,16,41,69,111
Southeast Asia,2017-08-13,18,43,70,112
Southeast Asia,2017-08-14,18,43,70,111
Southeast Asia,2017-08-15,20,45,72,113
Southeast Asia,2017-08-16,20,45,70,113
Southeast Asia,2017-08-17,20,45,68,113
Southeast Asia,2017-08-18,19,44,68,113
Southeast Asia,2017-08-19,19,44,68,113
Southeast Asia,2017-08-20,20,45,67,112
Southeast Asia,2017-08-21,20,44,65,112
Southeast Asia,2017-08-22,19,43,65,112
Southeast Asia,2017-08-23,19,43,64,112
Southeast Asia,2017-08-24,19,43,64,112
Southeast Asia,2017-08-25,19,43,64,112
Southeast Asia,2017-08-26,18,43,64,112
Southeast Asia,2017-08-27,18,43,63,112
Southeast Asia,2017-08-28,18,43,62,112
Southeast Asia,2017-08-29,17,43,61,112
Southeast Asia,2017-08-30,17,43,61,112
Southeast Asia,2017-08-31,17,43,61,112
Southeast Asia,2017-09-01,16,42,60,111
Southeast Asia,2017-09-02,17,43,61,112
Southeast Asia,2017-09-03,17,43,60,111
Southeast Asia,2017-09-04,17,43,57,110
Southeast Asia,2017-09-05,16,42,57,109
Southeast Asia,2017-09-06,17,43,58,110
Southeast Asia,2017-09-07,19,44,60,112
Southeast Asia,2017-09-08,19,44,60,112
Southeast Asia,2017-09-09,19,44,60,109
Southeast Asia,2017-09-10,19,44,60,109
Southeast Asia,2017-09-11,17,43,60,107
Southeast Asia,2017-09-12,16,43,60,107
Southeast Asia,2017-09-13,16,43,60,106
Southeast Asia,2017-09-14,16,43,60,106
Southeast Asia,2017-09-15,16,41,60,105
Southeast Asia,2017-09-16,16,41,59,105
Southeast Asia,2017-09-17,16,40,59,105
Southeast Asia,2017-09-18,16,40,59,105
Southeast Asia,2017-09-19,16,40,60,106
Southeast Asia,2017-09-20,16,40,60,105
Southeast Asia,2017-09-21,15,40,60,104
Southeast Asia,2017-09-22,15,36,60,102
Southeast Asia,2017-09-23,15,36,60,102
Southeast Asia,2017-09-24,15,36,60,102
Southeast Asia,2017-09-25,15,36,59,102
Southeast Asia,2017-09-26,14,36,59,101
Southeast Asia,2017-09-27,14,36,59,100
Southeast Asia,2017-09-28,14,36,59,100
Southeast Asia,2017-09-29,14,36,59,99
Southeast Asia,2017-09-30,16,38,60,101
Southeast Asia,2017-10-01,16,38,60,101
Southeast Asia,2017-10-02,16,38,60,100
Southeast Asia,2017-10-03,16,38,60,100
Southeast Asia,2017-10-04,17,39,60,101
Southeast Asia,2017-10-05,17,39,59,101
Southeast Asia,2017-10-06,17,39,58,101
Southeast Asia,2017-10-07,17,39,58,98
Southeast Asia,2017-10-08,16,39,58,98
Southeast Asia,2017-10-09,16,39,58,98
Southeast Asia,2017-10-10,16,39,58,98
Southeast Asia,2017-10-11,16,39,58,98
Southeast Asia,2017-10-12,16,40,59,99
Southeast Asia,2017-10-13,17,41,58,100
Southeast Asia,2017-10-14,18,42,59,101
Southeast Asia,2017-10-15,18,41,59,99
Southeast Asia,2017-10-16,18,40,58,99
Southeast Asia,2017-10-17,19,40,59,100
Southeast Asia,2017-10-18,19,40,59,100
Southeast Asia,2017-10-19,19,38,59,99
Southeast Asia,2017-10-20,19,38,59,97
Southeast Asia,2017-10-21,19,38,59,96
Southeast Asia,2017-10-22,19,38,59,96
Southeast Asia,2017-10-23,19,38,59,96
Southeast Asia,2017-10-24,19,38,59,96
Southeast Asia,2017-10-25,21,40,61,97
Southeast Asia,2017-10-26,21,40,61,97
Southeast Asia,2017-10-27,23,42,63,98
Southeast Asia,2017-10-28,23,42,63,98
Southeast Asia,2017-10-29,25,42,65,100
Southeast Asia,2017-10-30,25,41,65,100
Southeast Asia,2017-10-31,24,41,65,97
Southeast Asia,2017-11-01,24,41,65,96
Southeast Asia,2017-11-02,24,41,65,96
Southeast Asia,2017-11-03,27,44,67,99
Southeast Asia,2017-11-04,27,44,67,98
Southeast Asia,2017-11-05,27,44,67,98
Southeast Asia,2017-11-06,27,43,67,97
Southeast Asia,2017-11-07,27,43,68,98
Southeast Asia,2017-11-08,27,43,68,97
Southeast Asia,2017-11-09,27,43,68,97
Southeast Asia,2017-11-10,28,44,69,97
Southeast Asia,2017-11-11,26,44,69,96
Southeast Asia,2017-11-12,26,44,69,96
Southeast Asia,2017-11-13,24,44,69,96
Southeast Asia,2017-11-14,24,44,69,94
Southeast Asia,2017-11-15,24,44,69,92
Southeast Asia,2017-11-16,24,43,68,92
Southeast Asia,2017-11-17,25,44,69,93
Southeast Asia,2017-11-18,24,44,69,91
Southeast Asia,2017-11-19,24,44,68,89
Southeast Asia,2017-11-20,25,44,68,90
Southeast Asia,2017-11-21,25,44,68,89
Southeast Asia,2017-11-22,26,45,69,90
Southeast Asia,2017-11-23,26,45,69,90
Southeast Asia,2017-11-24,26,44,69,90
Southeast Asia,2017-11-25,26,44,69,89
Southeast Asia,2017-11-26,27,45,70,89
Southeast Asia,2017-11-27,27,44,70,88
Southeast Asia,2017-11-28,27,44,70,88
Southeast Asia,2017-11-29,27,44,70,88
Southeast Asia,2017-11-30,27,43,69,87
Southeast Asia,2017-12-01,26,43,69,87
Southeast Asia,2017-12-02,26,43,69,86
Southeast Asia,2017-12-03,28,45,71,85
Southeast Asia,2017-12-04,28,44,70,85
Southeast Asia,2017-12-05,28,45,71,86
Southeast Asia,2017-12-06,26,45,70,86
Southeast Asia,2017-12-07,29,48,73,89
Southeast Asia,2017-12-08,30,49,74,90
Southeast Asia,2017-12-09,31,50,75,91
Southeast Asia,2017-12-10,31,48,74,91
Southeast Asia,2017-12-11,31,47,74,91
Southeast Asia,2017-12-12,31,47,74,91
Southeast Asia,2017-12-13,32,48,75,92
Southeast Asia,2017-12-14,32,48,73,92
Southeast Asia,2017-12-15,32,48,73,91
Southeast Asia,2017-12-16,34,50,74,93
Southeast Asia,2017-12-17,34,50,74,93
Southeast Asia,2017-12-18,33,49,73,93
Southeast Asia,2017-12-19,33,49,73,93
Southeast Asia,2017-12-20,33,48,73,93
Southeast Asia,2017-12-21,33,48,69,93
Southeast Asia,2017-12-22,33,48,69,93
Southeast Asia,2017-12-23,33,48,69,93
Southeast Asia,2017-12-24,33,48,69,92
Southeast Asia,2017-12-25,34,48,70,93
Southeast Asia,2017-12-26,34,48,70,93
Southeast Asia,2017-12-27,34,48,70,93
Southeast Asia,2017-12-28,35,49,71,94
Southeast Asia,2017-12-29,33,49,71,93
Southeast Asia,2017-12-30,33,49,71,93
Southeast Asia,2017-12-31,34,50,72,94
