s2id,label,anchor_group,lat,lon
008fe79d,"BACIA DE SANTOS,BRA",9,-24.627788897231117,-42.248716619670354
00940fbb,"CAMPOS BASIN,BRA",11,-23.52137437157311,-41.0911683273952
00940e3b,"BACIA DE CAMPOS,BRA",11,-23.513130670160066,-41.06600606155707
00963087,"MACAE,BRA",18,-22.38483357514088,-41.76799793225014
00998253,"NITEROI,BRA",20,-22.867893836656677,-43.13820274124353
00998255,"NITEROI,BRA",20,-22.86578150315203,-43.138202628471625
00998307,"NITEROI,BRA",20,-22.863573276597307,-43.12949787959521
0099801d,"AI PATRA,BRA",20,-22.951790359132755,-43.1716911923205
00998139,"PARANAGUA,BRA",20,-22.932535872178317,-43.10803685829577
00998185,"RIO DE JANEIRO,BRA",20,-22.90728877650633,-43.1420076135575
00998225,"RIO DE JANEIRO,BRA",20,-22.889340571205032,-43.14825566510761
00997f47,"RIO DE JANEIRO,BRA",20,-22.89193944331958,-43.19291470848609
00997ed9,"RIO DE JANEIRO,BRA",20,-22.888001235663967,-43.21482515307247
009981d7,"RIO DE JANEIRO,BRA",20,-22.918492247878145,-43.17146127690331
00998193,"RIO DE JANEIRO,BRA",20,-22.907531690007367,-43.15327928067492
00997f51,"RIO DE JANEIRO,BRA",20,-22.894726374931224,-43.182463529444945
009982fb,"RIO DE JANEIRO,BRA",20,-22.8533181990366,-43.14324943543652
00998187,"RIO DE JANEIRO,BRA",20,-22.900604998666417,-43.143805040299526
00998023,"RIO DE JANEIRO,BRA",20,-22.945236364761158,-43.168018451703816
00998217,"RIO DE JANEIRO,BRA",20,-22.880365397535332,-43.15958771692101
009981ff,"RIO DE JANEIRO,BRA",20,-22.893119872718444,-43.172779509554374
00997f4f,"RIO DE JANEIRO,BRA",20,-22.893278330601696,-43.186605786875454
009982f7,"RIO DE JANEIRO,BRA",20,-22.855527053646227,-43.14799336625767
0099819d,"RIO DE JANEIRO,BRA",20,-22.911083095947966,-43.139139074761516
009981d9,"RIO DE JANEIRO,BRA",20,-22.916890316872824,-43.17069644106968
009982d9,"DTSE / GEGUA OIL TERMINAL,BRA",20,-22.836132987740335,-43.138261202741035
009982e1,"DTSE / GEGUA OIL TERMINAL,BRA",20,-22.845601341053918,-43.13832821752375
009982f1,"DTSE / GEGUA OIL TERMINAL,BRA",20,-22.851529185094478,-43.14801813953339
0099829f,"DTSE / GEGUA OIL TERMINAL,BRA",20,-22.832154165383773,-43.17181063086977
009982e3,"DTSE / GEGUA OIL TERMINAL,BRA",20,-22.85032627065624,-43.13835442122602
009a29db,"RIO DE JANEIRO,BRA",21,-23.006796263791387,-43.07000509363889
0099874b,"RIO DE JANEIRO,BRA",21,-22.97475592580063,-43.09426098898016
009a2b07,"RIO DE JANEIRO,BRA",22,-23.02273655661928,-43.138159500570026
009a2c0d,"RIO DE JANEIRO,BRA",22,-23.06830316387477,-43.114397293594365
009a2be5,"RIO DE JANEIRO,BRA",22,-23.052756021324566,-43.10503603190214
009a2bef,"RIO DE JANEIRO,BRA",22,-23.051120290462386,-43.10955515294758
009a2b5b,"RIO DE JANEIRO,BRA",22,-23.038084644985855,-43.16234327648356
009a2bbd,"RIO DE JANEIRO,BRA",22,-23.036642621272854,-43.12408520582473
009a2c73,"RIO DE JANEIRO,BRA",22,-23.066485485429475,-43.119249032542605
009a2ba9,"RIO DE JANEIRO,BRA",22,-23.024066701723388,-43.13368403089433
009b2ee5,"RIO DE JANEIRO,BRA",23,-24.042907492873397,-43.27987569953258
009b2efb,"BACIA DE SANTOS,BRA",23,-24.042470532323502,-43.28248295896937
009bf629,"ITAGUAI,BRA",24,-22.953503160580897,-43.789335070033324
009c0965,"ITAGUAI BRAZIL,BRA",25,-22.957796129689495,-43.84218689559765
009c6b9f,"GUAIBA ISLAND TERMINAL,BRA",33,-23.013632987633052,-44.03480168498427
00b81ab5,"TUBARAO,BRA",35,-20.306359532618448,-40.14744413624633
00b811ef,"TUBARAO,BRA",35,-20.38680173491627,-40.157832652893354
00b8052d,"TUBARAO,BRA",35,-20.293293506705155,-40.14236101595532
00b81221,"TUBARAO,BRA",35,-20.39860587342436,-40.16849633595049
00b80557,"TUBARAO,BRA",35,-20.323717351284518,-40.13734847152611
00b80539,"TUBARAO,BRA",35,-20.305779885033385,-40.13256389452684
00b81091,"TUBARAO,BRA",35,-20.321651553373957,-40.19876557705066
00b80533,"TUBARAO,BRA",35,-20.297796845494712,-40.14291291323089
00b819e7,"TUBARAO,BRA",35,-20.288838694917203,-40.24534595854379
00b810bf,"TUBARAO,BRA",35,-20.323605889126107,-40.209727789985294
00b811d5,"TUBARAO,BRA",35,-20.364793946023838,-40.148139364219944
00b8107b,"TUBARAO,BRA",35,-20.32270673254507,-40.17841862795974
00b81071,"PRAIA MOLE,BRA",35,-20.323441934850596,-40.17338325985316
00b8162b,"VITORIA,BRA",36,-20.321044526739392,-40.30550970373318
00b83db1,"VITORIA,BRA",36,-20.322810625839928,-40.3404382076455
00b8fbdd,"BR POU,BRA",38,-20.773255887302575,-40.530635859248754
00b8fbc3,"PONTA DO UBU,BRA",38,-20.77686260846834,-40.53047729775657
00b8fc67,"PONTA DO UBU,BRA",38,-20.7870645742841,-40.571608049928386
00be8a9f,"ACU,BRA",40,-21.805202935001187,-40.97987215578857
00bff379,"P 35,BRA",45,-22.430052299148738,-40.07142077212887
00bff495,"RONCADOR BC,BRA",45,-22.42322803753062,-40.04486053410485
00bff177,"RIO DE JANEIRO,BRA",45,-22.47626438036268,-40.101734265941694
00bff37d,"RIO DE JANEIRO,BRA",45,-22.427556701381235,-40.06575250242922
00bf94b3,"P 32,BRA",47,-22.341760178537548,-40.23974630348705
00bfeb41,"RIO DE JANEIRO,BRA",47,-22.358828741106027,-40.24549645526535
00c00ab7,"P 53,BRA",52,-22.432156214207264,-39.96290187596844
00c07537,"P 53,BRA",52,-22.41934150791159,-39.95822213021493
00c0753b,"CAMPOS BASIN,BRA",52,-22.41571842274611,-39.953029584560035
00c09117,"CAMPOS BASIN,BRA",54,-21.95130080694281,-39.76296426668928
00c0916b,"CAMPOS BASIN,BRA",54,-21.95703687387172,-39.75261083150186
00c0916d,"CAMPOS BASIN,BRA",54,-21.959365868445754,-39.75231208829147
07015075,"MACEIO,BRA",58,-9.717407968433564,-35.743480403717385
07015aa7,"MACEIO,BRA",58,-9.70922819707467,-35.73830433561004
07015aa1,"MACEIO,BRA",58,-9.713816912796512,-35.738166034191316
07015a9f,"MACEIO,BRA",58,-9.718449175753504,-35.738165004850515
07014569,"PORTO DE MACEIO,BRA",58,-9.679418419807368,-35.72560163787478
07014543,"PORTO DE MACEIO,BRA",58,-9.682241441973948,-35.72644385205255
071601b9,"SALVADOR,BRA",60,-13.041086416341397,-38.598164283566575
071601a3,"SALVADOR,BRA",60,-13.032298379031218,-38.59246807170435
07160029,"SALVADOR,BRA",60,-13.056578766240596,-38.61902946674161
0716002b,"SALVADOR,BRA",60,-13.057643464671015,-38.614106722484095
0716043d,"SALVADOR,BRA",61,-12.972135659858592,-38.556466558126985
07160419,"SALVADOR,BRA",61,-12.975624054500317,-38.561888034948204
071605c5,"SALVADOR,BRA",61,-12.944608809448615,-38.55627171512931
07390b6f,"PORT OF ILHEUS,BRA",64,-14.756625402848309,-39.01657916870629
07aaeb0f,"SUAPE,BRA",65,-8.411562674695839,-34.919935032057964
07aaebd9,"SUAPE,BRA",65,-8.369263596420982,-34.920547865843226
07aaea3d,"SUAPE,BRA",65,-8.383006160504294,-34.887387941400306
07ab2219,"RECIFE,BRA",66,-8.072500436170051,-34.84213426101596
07ab221f,"RECIFE,BRA",66,-8.076215644428627,-34.842735154918806
07ad2159,"CABEDELO,BRA",69,-6.914261961223313,-34.78846407946915
07ad215d,"CABEDELO,BRA",69,-6.91768476546002,-34.793202123512756
07b3007b,"NATAL,BRA",70,-5.776408966872001,-35.20691228445895
07b76987,"TERMISA,BRA",72,-4.8231255084518745,-37.0443535614673
07b76993,"TERMISA,BRA",72,-4.8293363537020975,-37.05425095785103
07b76991,"TERMISA,BRA",72,-4.82667758599395,-37.054327039759755
07b76995,"TERMISA,BRA",72,-4.829215371712919,-37.05734427105454
07c0d6d7,"PECEM,BRA",74,-3.4896123394056167,-38.776968995454055
07c0d729,"PECEM,BRA",74,-3.4894996947179293,-38.78066412375849
07c0d6d5,"PECEM,BRA",74,-3.492711558932692,-38.776714247870764
07c747f1,"PORTO DE MUCURIPE,BRA",75,-3.70910199136482,-38.474261223696175
07c737fd,"PORTO DE MUCURIPE,BRA",75,-3.700826396294196,-38.4942705789561
07c737eb,"PORTO DE MUCURIPE,BRA",75,-3.6896382053644023,-38.50406259211416
07c7395d,"FORTALEZA,BRA",76,-3.6483101500252566,-38.41978423218728
07c73941,"FORTALEZA,BRA",76,-3.6564430528259177,-38.419710410602335
07f6886d,"ITAQUI,BRA",78,-2.553466445478347,-44.37715770831371
07f68875,"ITAQUI,BRA",78,-2.560329680718281,-44.37957955624777
07f687dd,"ITAQUI,BRA",78,-2.565593065296337,-44.37861620463286
07f687c9,"ITAQUI,BRA",78,-2.5755745217028614,-44.37077735510375
07f6880d,"ITAQUI,BRA",78,-2.5552795278357205,-44.38064095189234
07f687c1,"ITAQUI,BRA",78,-2.5725249931967715,-44.376103857239904
07f687a9,"ITAQUI,BRA",78,-2.589497511584606,-44.36793696129229
07f687df,"ITAQUI,BRA",78,-2.563945830297134,-44.3792351384478
07f6f1ef,"ITAQUI,BRA",79,-2.383358858169012,-44.25901010661961
07f6f1e5,"SAO LUIS,BRA",79,-2.383525075823675,-44.255663343130635
07f6f249,"SAO LUIS,BRA",79,-2.408077890144358,-44.27845717830494
07f6f451,"ITAQUI,BRA",80,-2.4124428129346005,-44.354982417558354
07f6f425,"SAO LUIS,BRA",80,-2.394123599122947,-44.34941529395602
07f71eb1,"SAO LUIS,BRA",81,-2.1712444758232397,-44.16072972755292
07f71c2b,"SAO LUIS,BRA",81,-2.1923801939828116,-44.17400214838406
07f71e99,"SAO LUIS,BRA",81,-2.1813819518490103,-44.165075394949376
07f7193f,"SAO LUIS,BRA",81,-2.1534730481393898,-44.15079888538086
07f71939,"SAO LUIS,BRA",81,-2.157121285090205,-44.15041966161296
07f71dd1,"SAO LUIS,BRA",81,-2.199008834709856,-44.17870543914279
093598bf,"PORTO DA PRAIA,CPV",82,14.899684420272955,-23.497572945008027
093598b9,"PORTO DA PRAIA,CPV",82,14.900040665913535,-23.493141598691114
094f1eab,"PORTO GRANDE,CPV",85,16.88805486674382,-24.99572728353714
094f1be3,"PORTO GRANDE,CPV",85,16.891397802088893,-25.014163084246277
094f1bff,"PORTO GRANDE,CPV",85,16.892727485031084,-25.00275264162024
094f1955,"PORTO GRANDE,CPV",85,16.88843494853229,-25.000385392238957
094f1953,"PORTO GRANDE,CPV",85,16.883008923690014,-25.002449145968672
0b432ab3,"PONTA DELGADA,PRT",87,37.735179021039,-25.666425147216547
0b5cd55d,"PONTA DELGADA,PRT",87,37.735642590873184,-25.64035107926393
0b5cd567,"PONTA DELGADA,PRT",87,37.73598307891164,-25.63659355488036
0b45d3c5,"PRAIA DE VITORIA,PRT",88,38.713696767572884,-27.049867236095153
0c37635d,"LAAYOUNE,ESH",95,27.06404376726616,-13.460098292201039
0c37630f,"LAAYOUNE,ESH",95,27.046074773619413,-13.483419482644322
0c377cb7,"LAAYOUNE,ESH",95,27.09289980481917,-13.470994753564591
0c40bfc1,"LAS PALMAS,ESP",98,28.140798965564045,-15.387621912244507
0c40bfcd,"LAS PALMAS,ESP",98,28.12443499942144,-15.393178827262007
0c409565,"LAS PALMAS,ESP",98,28.132221556532784,-15.417708641288664
0c40957f,"LAS PALMAS,ESP",98,28.122494870564424,-15.411419944118663
0c409545,"LAS PALMAS,ESP",98,28.146517136768043,-15.42091971155104
0c40bfc5,"LAS PALMAS,ESP",98,28.134933958121135,-15.392664499457926
0c40957d,"LAS PALMAS,ESP",98,28.12821450810399,-15.41192132553631
0c40bfef,"LAS PALMAS,ESP",98,28.151735146037666,-15.391308104751117
0c409567,"LAS PALMAS,ESP",98,28.139004076281374,-15.415752321451492
0c40bfc7,"LAS PALMAS,ESP",98,28.135493821104436,-15.387368311442668
0c40bfe7,"LAS PALMAS,ESP",98,28.144776245343902,-15.398709098181182
0c409563,"LAS PALMAS,ESP",98,28.13311744424098,-15.411529494719188
0c409541,"LAS PALMAS,ESP",98,28.14217172048813,-15.425343749660527
0c40bfeb,"LAS PALMAS,ESP",98,28.146912447535136,-15.387645093634443
0c40bfd5,"LAS PALMAS,ESP",98,28.1232772433763,-15.405073654287438
0c409547,"LAS PALMAS,ESP",98,28.146351953037605,-15.426749320875295
0c40957b,"LAS PALMAS,ESP",98,28.127959328900737,-15.41689343473973
0c40955d,"LAS PALMAS,ESP",98,28.142946472390655,-15.416071790817233
0c409561,"LAS PALMAS,ESP",98,28.140122109982187,-15.410289825772528
0c40bfc3,"LAS PALMAS,ESP",98,28.1406078424905,-15.392367795856286
0c40be17,"LAS PALMAS DE GRAN CANARIA,ESP",98,28.095847682817144,-15.391911963360021
0c409587,"LAS PALMAS DE GRAN CANARIA,ESP",98,28.11090827412954,-15.407979291433909
0c40be15,"LAS PALMAS DE GRAN CANARIA,ESP",98,28.095533789086037,-15.387406031439749
0c409581,"LAS PALMAS DE GRAN CANARIA,ESP",98,28.114526491421746,-15.40880236911824
0c40be2b,"LAS PALMAS DE GRAN CANARIA,ESP",98,28.114773016782515,-15.404774132126112
0c40be27,"LAS PALMAS DE GRAN CANARIA,ESP",98,28.105048523197958,-15.403857722194395
0c40be29,"LAS PALMAS DE GRAN CANARIA,ESP",98,28.110743635661073,-15.404294135339711
0c40be25,"LAS PALMAS DE GRAN CANARIA,ESP",98,28.105469781859163,-15.398700340869285
0c40be3d,"LAS PALMAS DE GRAN CANARIA,ESP",98,28.10006929461005,-15.392722288492507
0c40be13,"LAS PALMAS DE GRAN CANARIA,ESP",98,28.090079698334872,-15.387297281225257
0c40be2f,"LAS PALMAS DE GRAN CANARIA,ESP",98,28.110718516163157,-15.398744182192848
0c40be23,"LAS PALMAS DE GRAN CANARIA,ESP",98,28.099954506199623,-15.398481184956974
0c40be0d,"LAS PALMAS DE GRAN CANARIA,ESP",98,28.084509316548075,-15.386889033520795
0c40bd2d,"AAS,ESP",99,27.98973874810276,-15.368218571980726
0c41ca51,"TENERIFE,ESP",100,28.489031182057534,-16.195859551104487
0c41ca59,"TENERIFE,ESP",100,28.48599866097095,-16.191108201995956
0c41ca5d,"TENERIFE,ESP",100,28.491397726704868,-16.184415064434084
0c41ca77,"TENERIFE,ESP",100,28.50062455982326,-16.160787708181353
0c41cbaf,"SANTA CRUZ DE TENERIFE,ESP",100,28.48622725920533,-16.21374144030153
0c41cba9,"SANTA CRUZ DE TENERIFE,ESP",100,28.483516809901353,-16.214895122550427
0c41cbab,"SANTA CRUZ DE TENERIFE,ESP",100,28.484278635051727,-16.207782734087772
0c41ca53,"SANTA CRUZ DE TENERIFE,ESP",100,28.48862339442142,-16.202713075342718
0c41cb65,"SANTA CRUZ DE TENERIFE,ESP",100,28.4619513437863,-16.24460924217579
0c41ca55,"SANTA CRUZ DE TENERIFE,ESP",100,28.484634509599392,-16.202888891310078
0c489d9d,"ARRECIFE,ESP",102,28.965602351025797,-13.528757487739796
0c605ffd,"FUNCHAL,PRT",109,32.64207288310947,-16.915232661839045
0d0c1861,"ALGECIRAS,ESP",122,36.08006805390181,-6.277641465349268
0d0c7f45,"TANGER,MAR",124,35.78910547896339,-5.801769721718
0d0c84a5,"TANGER MED,MAR",125,35.88246129455598,-5.57455810595138
0d0c849f,"TANGER MED,MAR",125,35.87495083927034,-5.584588736501398
0d0c84af,"TANGER MED,MAR",125,35.8822769856532,-5.570114523561383
0d0c8363,"TANGER MED,MAR",125,35.86922371063109,-5.591943858451595
0d0c9b55,"TANGER MED,MAR",125,35.87817001355149,-5.559962778105384
0d0c84a1,"TANGER MED,MAR",125,35.87572259199679,-5.581281804793634
0d0c9bed,"TANGIER-MEDITERRANEAN,MAR",125,35.8910840226385,-5.496344757614351
0d0c9b93,"TANGIER-MEDITERRANEAN,MAR",125,35.889663266257955,-5.5007201345942685
0d0c9b95,"TANGIER-MEDITERRANEAN,MAR",125,35.89412989731299,-5.501289431958262
0d0c9b7f,"TANGIER-MEDITERRANEAN,MAR",125,35.87781193690251,-5.521621355569369
0d0c9be7,"TANGIER-MEDITERRANEAN,MAR",125,35.898248999513605,-5.488074377775967
0d0c9b91,"TANGIER-MEDITERRANEAN,MAR",125,35.8909816724502,-5.504221207866719
0d0c9beb,"TANGIER-MEDITERRANEAN,MAR",125,35.89697832375087,-5.496529931838161
0d0c9be9,"TANGIER-MEDITERRANEAN,MAR",125,35.8969681888982,-5.490380463722239
0d0ceac5,"ALGECIRAS,ESP",127,36.15597127497875,-5.422219055615294
0d0c9589,"ALGECIRAS,ESP",127,36.084752689120144,-5.397882672743982
0d0c952b,"ALGECIRAS,ESP",127,36.137368385873664,-5.4335612402542335
0d0c9571,"ALGECIRAS,ESP",127,36.104877303251506,-5.40706926576758
0d0c9545,"ALGECIRAS,ESP",127,36.12620313390249,-5.408139787987224
0d0c954b,"ALGECIRAS,ESP",127,36.136729620458624,-5.411421623879124
0d0ceaa5,"ALGECIRAS,ESP",127,36.15431634047986,-5.403805657056932
0d0cead1,"ALGECIRAS,ESP",127,36.146652618397766,-5.428840032798356
0d0c9537,"ALGECIRAS,ESP",127,36.13294338420792,-5.418417304229705
0d0c957b,"ALGECIRAS,ESP",127,36.10474696127061,-5.402893669040323
0d0c9543,"ALGECIRAS,ESP",127,36.1226825646523,-5.407418938868633
0d0c954f,"ALGECIRAS,ESP",127,36.13409833613903,-5.408319714810468
0d0c9569,"ALGECIRAS,ESP",127,36.117286641677126,-5.406926284795804
0d0ceac1,"ALGECIRAS,ESP",127,36.158393501804525,-5.4177429649497775
0d0ceb29,"ALGECIRAS,ESP",127,36.14853889105922,-5.437354693706409
0d0ceab9,"ALGECIRAS,ESP",127,36.15565771059932,-5.4121623458480395
0d0c94d5,"ALGECIRAS,ESP",127,36.13667896980722,-5.436017445331008
0d0c954d,"ALGECIRAS,ESP",127,36.136863160871215,-5.408260810768542
0d0c950d,"ALGECIRAS,ESP",127,36.1049872913656,-5.417487109937727
0d0c9581,"ALGECIRAS,ESP",127,36.09573054440406,-5.3974397326237336
0d0c9567,"ALGECIRAS,ESP",127,36.11679003417315,-5.402932117718812
0d0c9531,"ALGECIRAS,ESP",127,36.13138394241946,-5.422507397599089
0d0c953b,"ALGECIRAS,ESP",127,36.1276191579482,-5.422367633690866
0d0c957f,"ALGECIRAS,ESP",127,36.10010394481144,-5.39791650006552
0d0c959d,"ALGECIRAS,ESP",127,36.09522232427943,-5.407028139012092
0d0cea9f,"ALGECIRAS,ESP",127,36.16691710779665,-5.395530650420791
0d0c9593,"ALGECIRAS,ESP",127,36.0803650064342,-5.407049693312334
0d0cead7,"ALGECIRAS,ESP",127,36.14682083062539,-5.435258758032406
0d0cead5,"ALGECIRAS,ESP",127,36.14267659143209,-5.435339856180542
0d0c9585,"ALGECIRAS,ESP",127,36.09039977110933,-5.401734081432213
0d0c9577,"ALGECIRAS,ESP",127,36.10098394055754,-5.407061712766723
0d0ceac7,"ALGECIRAS,ESP",127,36.15594780852489,-5.417463481395078
0d0c9579,"ALGECIRAS,ESP",127,36.10095153147921,-5.402171916636204
0d0c958d,"ALGECIRAS,ESP",127,36.08050819596733,-5.401411842731246
0d0ceabb,"ALGECIRAS,ESP",127,36.1553446261122,-5.407392564483727
0d0c95a1,"ALGECIRAS,ESP",127,36.09506177779546,-5.4175070026731404
0d0c9547,"ALGECIRAS,ESP",127,36.126738311813625,-5.410888975249904
0d0c94d7,"ALGECIRAS,ESP",127,36.13339419912883,-5.437679222704389
0d0c9587,"ALGECIRAS,ESP",127,36.090084550624965,-5.3973477460035575
0d0cb8c5,"GIBRALTAR,GIB",127,36.117698385815636,-5.297209412993745
0d0cb8a3,"GIBRALTAR,GIB",127,36.13792391703713,-5.292165102951625
0d0cb8bd,"GIBRALTAR,GIB",127,36.133311501051296,-5.292410839188804
0d0cb8bf,"GIBRALTAR,GIB",127,36.127455978711,-5.29239422293967
0d0cb8b7,"GIBRALTAR,GIB",127,36.127126932407954,-5.302327184281829
0d0cb8cd,"GIBRALTAR,GIB",127,36.11621865359344,-5.30747182456798
0d0cb8c1,"GIBRALTAR,GIB",127,36.122354776636755,-5.2921551289793225
0d0cb8b9,"GIBRALTAR,GIB",127,36.12725391073145,-5.297107518204459
0d0cb8cf,"GIBRALTAR,GIB",127,36.11688755266884,-5.303192495629275
0d0cbfb1,"EUROPA POINT,GIB",127,36.1071797797987,-5.363699552604008
0d0cbfad,"EUROPA POINT,GIB",127,36.10489175305042,-5.359369935801077
0d0cbf93,"EUROPA POINT,GIB",127,36.13016864678644,-5.369435721424384
0d0cbfa3,"EUROPA POINT,GIB",127,36.12004225352224,-5.359462627005454
0d0cbf99,"EUROPA POINT,GIB",127,36.12349015809032,-5.3604763746654935
0d0cbf8d,"EUROPA POINT,GIB",127,36.13566795159485,-5.370460886427005
0d0cbfa7,"EUROPA POINT,GIB",127,36.11470164350009,-5.355490045959421
0d0cbfab,"EUROPA POINT,GIB",127,36.10472402575994,-5.3565087113776455
0d0cbfe5,"EUROPA POINT,GIB",127,36.129761558171815,-5.38481636141269
0d0cc077,"EUROPA POINT,GIB",127,36.147115977499034,-5.364196524751859
0d0cbf33,"EUROPA POINT,GIB",127,36.11607634588209,-5.312443829212284
0d0cbfaf,"EUROPA POINT,GIB",127,36.10729287642922,-5.359638386451414
0d0cbf91,"EUROPA POINT,GIB",127,36.128860225272994,-5.3661657137108225
0d0cbf95,"EUROPA POINT,GIB",127,36.12327565075477,-5.3716156747249695
0d0cbfbb,"EUROPA POINT,GIB",127,36.1136608003498,-5.3645545677598205
0d0cbfe9,"EUROPA POINT,GIB",127,36.12488867708507,-5.379112673795521
0d0cbfa1,"EUROPA POINT,GIB",127,36.117762059590625,-5.35594181309338
0d0cbfbd,"EUROPA POINT,GIB",127,36.118189142114325,-5.365907067763312
0d0cbfa5,"EUROPA POINT,GIB",127,36.11378680237059,-5.360331540728985
0d0cbf97,"EUROPA POINT,GIB",127,36.125245596711665,-5.364184009509434
0d0cc025,"LA LINEA DE LA CONCEPCION,ESP",127,36.17219096599321,-5.387474706196833
0d0ca3a5,"CUETA,ESP",128,35.91910779789298,-5.3390559585398245
0d0ca3af,"CUETA,ESP",128,35.91897815536572,-5.3437307152655995
0d0ca38d,"CUETA,ESP",128,35.908978531405765,-5.31866313993339
0d0ca38f,"CUETA,ESP",128,35.9141437098794,-5.3185155469454255
0d0ca385,"CUETA,ESP",128,35.91978619789436,-5.318577335183474
0d0ca3bd,"CUETA,ESP",128,35.91388328118117,-5.333867021616028
0d0ca39f,"CUETA,ESP",128,35.92394887863883,-5.328687041707308
0d0dd727,"CADIZ,ESP",132,36.574487540231175,-6.335303765196552
0d0dd729,"CADIZ,ESP",132,36.5747220378284,-6.330827462934474
0d0dd129,"CADIZ,ESP",132,36.56782076998538,-6.315411525107162
0d0dd12b,"CADIZ,ESP",132,36.56807715822993,-6.318867566495534
0d0dd177,"CADIZ,ESP",133,36.54170621979391,-6.282647118489833
0d0de0bf,"SANLUCAR DE BARRAMEDA,ESP",135,36.80323620555106,-6.340267379527324
0d0de0bd,"SANLUCAR DE BARRAMEDA,ESP",135,36.7995577499893,-6.3402379088222824
0d0e2777,"HUELVA,ESP",136,37.084513437772536,-6.875986547728834
0d0e2715,"HUELVA,ESP",136,37.0758815308698,-6.859641725645873
0d0e2753,"HUELVA,ESP",136,37.09186422607486,-6.8376649187476914
0d0e280f,"HUELVA,ESP",136,37.08189327446567,-6.92908452618968
0d0e2713,"HUELVA,ESP",136,37.076228243156955,-6.863855282562461
0d0e276f,"HUELVA,ESP",136,37.085215473989656,-6.863394550567078
0d0e280b,"HUELVA,ESP",136,37.07817949412962,-6.923029490960423
0d0e74cb,"SEVILLA,ESP",137,36.775100582224304,-6.468621831451973
0d11d033,"HUELVA,ESP",140,37.2523306584061,-6.959339575369555
0d11d0af,"PUNTA UMBRIA,ESP",140,37.1861491706414,-6.931155782722445
0d193473,"LISBOA,PRT",142,38.70839186754486,-9.127290994279138
0d193459,"LISBOA,PRT",142,38.685107930287145,-9.145160448467035
0d1934f7,"LISBOA,PRT",142,38.68405456698819,-9.146378676378252
0d1936a1,"LISBON,PRT",142,38.698583774454484,-9.098668654930893
0d193609,"SEIXAL,PRT",142,38.64587690381497,-9.0975145428918
0d1935ab,"PIEDADE,PRT",142,38.667579758619574,-9.144928525131137
0d1936ff,"BARREIRO,PRT",142,38.68310235723724,-9.060277085927545
0d19365b,"BARREIRO,PRT",142,38.66846231265965,-9.072995388763296
0d1936fd,"BARREIRO,PRT",142,38.68325191830603,-9.060278015486139
0d194339,"SETUBAL,PRT",143,38.49406113465376,-8.901897669932833
0d195d67,"SETUBAL,PRT",143,38.46372660218677,-8.845000441573594
0d1944a5,"SETUBAL,PRT",143,38.4925227643385,-8.932197054855678
0d19430f,"SETUBAL,PRT",143,38.514707121662646,-8.89350516061986
0d194347,"SETUBAL,PRT",143,38.49397575492315,-8.903105491853287
0d195d5d,"SETUBAL,PRT",143,38.46687658096646,-8.845749156229333
0d1b9615,"SINES,PRT",151,37.87916541608895,-8.856873641814213
0d1b95cf,"SINES,PRT",151,37.90942275075138,-8.87125030316192
0d1b968b,"SINES,PRT",151,37.878340143267074,-8.884042809039991
0d1b9667,"SINES,PRT",151,37.878488366655716,-8.871629917646969
0d1b958f,"SINES,PRT",151,37.93051359427013,-8.843571571237407
0d1ec663,"CASCAIS,PRT",152,38.67726783496369,-9.408870639207692
0d1ec65b,"CASCAIS,PRT",152,38.664081721034655,-9.403726054861083
0d1ec6f5,"CASCAIS,PRT",152,38.6679086456657,-9.41441740841545
0d1ec6f7,"CASCAIS,PRT",152,38.66349507970263,-9.41446353591177
0d1ec659,"CASCAIS,PRT",152,38.6638996291247,-9.408938658957485
0d1ec91f,"CARCAVELOS,PRT",153,38.676211658241336,-9.31777128641444
0d1ec919,"CARCAVELOS,PRT",153,38.67629621714081,-9.316971527679074
0d239523,"AVEIRO,PRT",157,40.65439749673375,-8.816648403475654
0d239525,"AVEIRO,PRT",157,40.6547125289918,-8.822382383674546
0d2443fd,"VILA DO CONDE,PRT",159,41.34259595713129,-8.743176891805843
0d246be3,"LEIXOES,PRT",161,41.200490710343495,-8.74927375861205
0d246def,"LEIXOES,PRT",162,41.12017213627847,-8.762129003589157
0d246de5,"LEIXOES,PRT",162,41.12071679670201,-8.7573098538734655
0d246dcb,"LEIXOES,PRT",162,41.1450328536597,-8.767632054707926
0d246c49,"LEIXOES,PRT",162,41.15419061117057,-8.772624803730203
0d246deb,"LEIXOES,PRT",162,41.124537810204785,-8.76770511377227
0d246c69,"LEIXOES,PRT",162,41.16851409083097,-8.777906838238529
0d246dbb,"LEIXOES,PRT",162,41.13390855870427,-8.778556459470769
0d246c53,"LEIXOES,PRT",162,41.148941443345834,-8.783788684490878
0d246c2d,"LEIXOES,PRT",162,41.15034254572452,-8.75689888828335
0d25c90b,"VIANA DO CASTELO,PRT",163,41.677437858309865,-8.88303795707998
0d25c9db,"VIANA DO CASTELO,PRT",163,41.68575062866881,-8.842487037047157
0d25f57d,"VIGO,ESP",165,42.20564979806237,-8.871896807885388
0d292cf9,"FISTERRA,ESP",166,42.90989692177114,-9.232515287880526
0d2e7849,"FERROL,ESP",171,43.4571976206104,-8.332022253191203
0d2e7639,"FERROL,ESP",171,43.47746123937797,-8.24913414053426
0d2e7b6d,"LA CORUNA,ESP",172,43.35700382424661,-8.379355354285533
0d2e7b83,"LA CORUNA,ESP",172,43.36851629960533,-8.386866761488857
0d2e87a5,"LA CORUNA,ESP",173,43.35244702920428,-8.514147331468473
0d2f3ef1,"B E,ESP",178,42.56948345678485,-8.888006873153799
0d2f625b,"VIGO,ESP",186,42.246408815148314,-8.710607796214626
0d367eff,"GIJON,ESP",195,43.60916490355916,-5.685277357212797
0d367fb3,"GIJON,ESP",195,43.612362037247934,-5.701219424408562
0d369dc7,"AVILES,ESP",196,43.609367129138136,-5.965239352582368
0d369dbf,"AVILES,ESP",196,43.61461859860004,-5.9601272651127974
0d369ddb,"AVILES,ESP",196,43.608724905894896,-5.97580091716418
0d369dc3,"AVILES,ESP",196,43.61320635899047,-5.969513618921857
0d494b67,"SANTANDER,ESP",197,43.49115036430261,-3.7665765266961255
0d494a25,"SANTANDER,ESP",197,43.446396674660534,-3.8168797834673525
0d494b69,"SANTANDER,ESP",197,43.48714415457251,-3.7659962156122617
0d494b5b,"SANTANDER,ESP",197,43.49187442851816,-3.7564782371134435
0d494b47,"SANTANDER,ESP",197,43.48264268987453,-3.756512644926639
0d4ef59d,"BILBAO,ESP",199,43.399797313710586,-3.110233408376708
0d4e5f73,"BILBAO,ESP",199,43.39680813711367,-3.079320078518911
0d4e5f75,"BILBAO,ESP",199,43.401546328052525,-3.079588818926229
0d51697d,"BAYONNE,FRA",206,43.55241350778759,-1.5669711380133147
0d603d29,"SAGUNTO,ESP",214,39.613225276386615,-0.15667643233291678
0d6022cd,"SAGUNTO,ESP",214,39.622718888264835,-0.1474759949776666
0d603cdf,"SAGUNTO,ESP",214,39.60950322617288,-0.1656745867785969
0d603d2b,"SAGUNTO,ESP",214,39.61298194533837,-0.15184980548096155
0d6035d7,"VALENCIA,ESP",215,39.400625406122515,-0.26908041329931454
0d6035d9,"VALENCIA,ESP",215,39.40073245160665,-0.27354154594693797
0d6035e5,"VALENCIA,ESP",215,39.39552477109003,-0.2878796274215378
0d6049d1,"VALENCIA,ESP",215,39.43804262748725,-0.3053747429320986
0d603425,"VALENCIA,ESP",215,39.39512599621878,-0.2507859160210006
0d6035c9,"VALENCIA,ESP",215,39.38587893158367,-0.2692829728003218
0d6049bb,"VALENCIA,ESP",215,39.433585671842486,-0.32469026903325193
0d6035c5,"VALENCIA,ESP",215,39.39008863958125,-0.27354649779455137
0d60343b,"VALENCIA,ESP",215,39.390697432669945,-0.25077342169818123
0d6049b1,"VALENCIA,ESP",215,39.437635347476665,-0.32563517235210865
0d603427,"VALENCIA,ESP",215,39.400981952548335,-0.25100602885769757
0d6049d3,"VALENCIA,ESP",215,39.44294539373876,-0.30570600518719615
0d603431,"VALENCIA,ESP",215,39.39089059695163,-0.2552442066140103
0d6049c7,"VALENCIA,ESP",215,39.431161154634495,-0.3159910948070381
0d6035c1,"VALENCIA,ESP",215,39.38603683383811,-0.2787940787420871
0d6049c5,"VALENCIA,ESP",215,39.432495614592376,-0.31346255706114584
0d603683,"VALENCIA,ESP",215,39.404445940571634,-0.2545806448658815
0d6035cb,"VALENCIA,ESP",215,39.38625135123731,-0.2646153850237545
0d6035df,"VALENCIA,ESP",215,39.40093532442425,-0.2785893882283679
0d60342f,"VALENCIA,ESP",215,39.39563591835359,-0.25489703709567285
0d6237ff,"ALICANTE,ESP",218,38.318391425549194,-0.45249372344481337
0d63074b,"TORREVIEJA,ESP",221,37.95799687746066,-0.6792920238801937
0d63415b,"CARTAGENA,ESP",224,37.56358699548592,-0.9752870468406167
0d63435f,"CARTAGENA,ESP",224,37.55230681308028,-1.0423006478878958
0d634391,"CARTAGENA,ESP",224,37.56365658379482,-1.0097265212742113
0d63415d,"CARTAGENA,ESP",224,37.568128793901955,-0.9739445729806125
0d6344ab,"CARTAGENA,ESP",224,37.54615479419326,-1.0569986078922031
0d707613,"ALMERIA,ESP",230,36.830389205212356,-2.479468362038438
0d707639,"ALMERIA,ESP",230,36.812990216087165,-2.477726164921042
0d719a13,"MOTRIL,ESP",231,36.71748850514609,-3.5170559908116155
0d719a0d,"MOTRIL,ESP",231,36.720105541681384,-3.5180966085602994
0d72579d,"MALAGA,ESP",233,36.68888236214345,-4.359200428165191
0d72f7f5,"MALAGA,ESP",233,36.70297185171306,-4.416138944565695
0d7257ef,"MALAGA,ESP",233,36.689127732859816,-4.3848982165458015
0d7257ff,"MALAGA,ESP",233,36.69998067692586,-4.395691356377721
0d7329bf,"SAN PEDRO DE ALCANTARA,ESP",237,36.48483066769696,-4.953263503746103
0d770f49,"PORT NADOR,MAR",238,35.27613273196627,-2.9192067741189125
0d78567b,"GHAZAOUET,DZA",239,35.103018519581546,-1.8631224890145381
0d7ade63,"PUERTO DE CARBONERAS,ESP",240,36.977424997535664,-1.8974444344674237
0d7ade65,"PUERTO DE CARBONERAS,ESP",240,36.97529961808945,-1.8991909818200392
0d7b29ed,"PUERTO DE GARRUCHA,ESP",241,37.18339743105139,-1.8163943924059776
0d7b29eb,"PUERTO DE GARRUCHA,ESP",241,37.18112326780323,-1.8169180679634718
0d7e0c79,"ARZEW EL DJEDID,DZA",243,35.82427333266216,-0.2549241611108778
0d7e87f5,"ORAN,DZA",244,35.757898806560696,-0.6039149443456805
0d7e87db,"ORAN,DZA",244,35.74709427368969,-0.627486903306255
0d7e87fd,"ORAN,DZA",244,35.74219476039077,-0.6089734284650375
0da7b9b1,"MOHAMMEDIA,MAR",246,33.784466488808555,-7.387099277091614
0da7cec3,"CASABLANCA,MAR",247,33.686442466326895,-7.543298196879588
0da7cebd,"CASABLANCA,MAR",247,33.66969375658318,-7.543466512921221
0da7c8d9,"CASABLANCA,MAR",247,33.70533793721929,-7.511630350740544
0da7c8d7,"CASABLANCA,MAR",247,33.704339642063985,-7.516543891409515
0da7cf21,"CASABLANCA,MAR",247,33.702674989077245,-7.5436496664856545
0da7cedf,"CASABLANCA,MAR",247,33.69744385226093,-7.543809948785153
0da7d197,"CASABLANCA,MAR",248,33.66872468435378,-7.641621754916154
0da7d209,"CASABLANCA,MAR",248,33.63742321590746,-7.613224694759239
0da7ce3f,"CASABLANCA,MAR",248,33.67766268523601,-7.592532813285941
0da7ce19,"CASABLANCA,MAR",248,33.67133165303822,-7.60338512131608
0da7cdc3,"CASABLANCA,MAR",248,33.638935579438254,-7.587976264380916
0da7d02b,"CASABLANCA,MAR",248,33.69848801567563,-7.614198778929147
0da7cd9f,"CASABLANCA,MAR",248,33.608955136903695,-7.594121421189669
0da7d1d3,"CASABLANCA,MAR",248,33.69220620537966,-7.619221048259501
0da7ce37,"CASABLANCA,MAR",248,33.689266793452475,-7.592491185202456
0da7ce35,"CASABLANCA,MAR",248,33.69384586568955,-7.592676183433098
0da7d189,"CASABLANCA,MAR",248,33.65346013092333,-7.64108641867901
0da7cd83,"CASABLANCA,MAR",248,33.6096919969676,-7.604801448690695
0da7cd85,"CASABLANCA,MAR",248,33.61479086612825,-7.602260208194923
0da91635,"JORF LASFAR,MAR",249,33.1536502475382,-8.70671975826829
0da9176f,"JORF LASFAR,MAR",249,33.194743789171056,-8.673495337721345
0da917ab,"JORF LASFAR,MAR",249,33.17567175789815,-8.701680528079141
0da91649,"JORF LASFAR,MAR",249,33.15826522074615,-8.711845870149222
0da9170d,"JORF LASFAR,MAR",249,33.188577825469324,-8.684773181534597
0da917af,"JORF LASFAR,MAR",249,33.17034516564271,-8.695432296203336
0da91793,"JORF LASFAR,MAR",249,33.16128568005592,-8.673983429743124
0da91785,"JORF LASFAR,MAR",249,33.17318327170617,-8.66861210399108
0da9177b,"JORF LASFAR,MAR",249,33.1893394113076,-8.667851424172262
0da9176d,"JORF LASFAR,MAR",249,33.19376671644759,-8.67942329987304
0da917bf,"JORF LASFAR,MAR",249,33.160182369608606,-8.685240635246037
0da917d1,"JORF LASFAR,MAR",249,33.14354378569538,-8.695979026904482
0da92291,"EL JORF LASFAR,MAR",250,33.125230074059886,-8.630023627631642
0da92283,"EL JORF LASFAR,MAR",250,33.135627409345915,-8.62505665511887
0da9229d,"EL JORF LASFAR,MAR",250,33.13377346685685,-8.63178371563554
0da92293,"EL JORF LASFAR,MAR",250,33.12205913361237,-8.629298592977271
0da92285,"EL JORF LASFAR,MAR",250,33.13121882358383,-8.624515467481203
0da92297,"EL JORF LASFAR,MAR",250,33.12479721448309,-8.634358444066846
0dac213d,"SAFI,MAR",251,32.30768124616592,-9.247168994175254
0dac2117,"SAFI,MAR",251,32.31194277131303,-9.24919401578448
0dac2371,"SAFI,MAR",252,32.29636655228438,-9.331044210742796
0dac238f,"SAFI,MAR",252,32.291890270070724,-9.309114144199645
0dac2391,"SAFI,MAR",252,32.29757318431983,-9.309377413269175
0dac2375,"SAFI,MAR",252,32.30165730369036,-9.325425281751905
0dac2479,"SAFI,MAR",252,32.280643355060455,-9.314040491368639
0dac247f,"SAFI,MAR",252,32.28013484424299,-9.320041469793384
0db3b147,"AGADIR,MAR",253,30.427086325306117,-9.6469897790862
0db3b1b3,"AGADIR,MAR",253,30.400047742189766,-9.692077543068915
0db3b115,"AGADIR,MAR",253,30.418998350768433,-9.660085184373965
0db3b1a1,"AGADIR,MAR",253,30.418080708798968,-9.681873498472985
0db3b1eb,"AGADIR,MAR",253,30.422685764531998,-9.704016808711446
0db3b1b9,"AGADIR,MAR",253,30.410833796430875,-9.698162999587032
0db3b149,"AGADIR,MAR",253,30.426937519205122,-9.642736967632683
0db3b1bd,"AGADIR,MAR",253,30.418034450338375,-9.69219393540709
0db3b197,"AGADIR,MAR",253,30.42290412342291,-9.692625401128806
0db3b19d,"AGADIR,MAR",253,30.428657137999835,-9.681005619281093
0db3b107,"AGADIR,MAR",253,30.40749299316405,-9.675973823565494
0e9648fd,"NOUAKCHOTT,MRT",254,17.97763977974048,-16.102879169210727
0e9648dd,"NOUAKCHOTT,MRT",254,17.9735038375012,-16.08534617587573
0e96491d,"NOUAKCHOTT,MRT",254,17.98476161385492,-16.0958843225412
0e964ee3,"NOUAKCHOTT,MRT",255,17.990530106071738,-16.032459115782387
0e964ee1,"NOUAKCHOTT,MRT",255,17.99004231362892,-16.035584426412505
0ea1b0a1,"NOUADHIBOU,MRT",256,20.80009687490053,-17.028397367358114
0ea1ba73,"NOUADHIBOU,MRT",256,20.791755567261724,-17.031392338932314
0ea1b6a5,"NOUADHIBOU,MRT",257,20.886479738703613,-16.99197209867648
0ea1b3d7,"NOUADHIBOU,MRT",257,20.89069733132282,-17.04570207571884
0ea1b973,"NOUADHIBOU,MRT",258,20.74886628622144,-16.985903325480614
0ea1bbe3,"NOUADHIBOU,MRT",258,20.72357866862449,-17.008941981202064
0ea1bbd7,"NOUADHIBOU,MRT",258,20.745731973642183,-17.00999056366911
0ea1bbdb,"NOUADHIBOU,MRT",258,20.739896887773902,-17.014718314233104
0ea1b99f,"NOUADHIBOU,MRT",258,20.76036375422946,-16.986084591962367
0ea1b96f,"NOUADHIBOU,MRT",258,20.742953932453425,-16.99235535355795
0ea1bbdd,"NOUADHIBOU,MRT",258,20.73459564098159,-17.015520593001877
0ea1b957,"NOUADHIBOU,MRT",258,20.717590028425047,-17.003567810237872
0ea1b991,"NOUADHIBOU,MRT",258,20.770930392621462,-16.99162390361812
0ec175cb,"DAKAR,SEN",259,14.667543966699762,-17.33427451583422
0ec17439,"DAKAR,SEN",259,14.66666859161096,-17.35265721597501
0ec1769b,"DAKAR,SEN",259,14.638959149465434,-17.351813011677965
0ec17443,"DAKAR,SEN",259,14.677260217947286,-17.358226072040125
0ec175d1,"DAKAR,SEN",259,14.657341500525476,-17.329432967479896
0ec173b3,"DAKAR,SEN",259,14.673893889633858,-17.427330457021487
0ec173b1,"DAKAR,SEN",259,14.67393798351699,-17.423992377448656
0ec17429,"DAKAR,SEN",259,14.650298925094413,-17.34593167960753
0ec175df,"DAKAR,SEN",259,14.652153634831064,-17.31657067718245
0ec1746b,"DAKAR,SEN",259,14.671487719811115,-17.363803079041304
0ec17469,"DAKAR,SEN",259,14.676795218728829,-17.363926759612394
0ec176a1,"DAKAR,SEN",259,14.64381401107084,-17.364166401685136
0ec1767b,"DAKAR,SEN",259,14.639839690015684,-17.328826257182254
0ec175cd,"DAKAR,SEN",259,14.662346844182624,-17.335246979923234
0ec175d5,"DAKAR,SEN",259,14.651330719612229,-17.33433117398469
0ec175cf,"DAKAR,SEN",259,14.663444475305921,-17.32924351023054
0ec17417,"DAKAR,SEN",259,14.660306112958414,-17.363763023194387
0ec17425,"DAKAR,SEN",259,14.655928166587858,-17.352279261057703
0ec1769f,"DAKAR,SEN",259,14.6435782701657,-17.358302981223638
0ec17421,"DAKAR,SEN",259,14.649408731095342,-17.358423472992424
0ec1739f,"DAKAR,SEN",259,14.685204256599118,-17.405085669290354
0ec17435,"DAKAR,SEN",259,14.667359325087292,-17.340669577070035
0ec17433,"DAKAR,SEN",259,14.66189320203656,-17.340939611445286
0ec17695,"DAKAR,SEN",259,14.626974017525427,-17.358739574704494
0ec17663,"DAKAR,SEN",259,14.634366676281843,-17.334948292785484
0ec17687,"DAKAR,SEN",259,14.63933688744817,-17.340218473038785
0ec1742b,"DAKAR,SEN",259,14.650861422440364,-17.339859277177077
0ec17419,"DAKAR,SEN",259,14.654298560218647,-17.363799660761845
0ec17689,"DAKAR,SEN",259,14.634010437185253,-17.34078581309044
0ec1743d,"DAKAR,SEN",259,14.660303088716828,-17.358292655545007
0ec1743b,"DAKAR,SEN",259,14.661490895747152,-17.35235827034574
0ec175b5,"DAKAR,SEN",259,14.67334119419461,-17.334905545784952
0ec1743f,"DAKAR,SEN",259,14.666221454818304,-17.35789594636969
0ec1742d,"DAKAR,SEN",259,14.65597177767525,-17.34043639584766
0ec17441,"DAKAR,SEN",259,14.671743422311577,-17.358250621911875
0ec17677,"DAKAR,SEN",259,14.646169373557633,-17.32287425732005
0ec17671,"DAKAR,SEN",259,14.641242690466425,-17.323471337538045
0ec17415,"DAKAR,SEN",259,14.665246228470942,-17.363423233518212
0ec17431,"DAKAR,SEN",259,14.661296970225198,-17.34647001451156
0ec17699,"DAKAR,SEN",259,14.638995487085008,-17.358190263874526
0ec17301,"DAKAR,SEN",259,14.6876081696532,-17.430291463892118
0ec173af,"DAKAR,SEN",259,14.677931825282668,-17.42235709944169
0ec1741f,"DAKAR,SEN",259,14.648975000598606,-17.364439144361764
0ec1741b,"DAKAR,SEN",259,14.653668349656417,-17.369267416800884
0ec1746f,"DAKAR,SEN",259,14.675828607565085,-17.369233698874407
0ec1742f,"DAKAR,SEN",259,14.6562980116646,-17.34592721619982
0ec17447,"DAKAR,SEN",259,14.671828167707742,-17.352111051888375
0ec173ab,"DAKAR,SEN",259,14.6842048495054,-17.42951948499991
0ec175d3,"DAKAR,SEN",259,14.656506249910406,-17.33477722388686
0ec173ad,"DAKAR,SEN",259,14.676140243360013,-17.428618891185597
0ec172ff,"DAKAR,SEN",259,14.686337027139972,-17.433620506610186
0ec173a9,"DAKAR,SEN",259,14.68359521529728,-17.424130877364522
0ec175d7,"DAKAR,SEN",259,14.651214674283024,-17.328897310339414
0ec1744b,"DAKAR,SEN",259,14.672867325345102,-17.340933905014346
0ec17381,"M BAO OIL TERMINAL,SEN",259,14.686634941885526,-17.388111785730835
0ec29e75,"BANJUL,GMB",260,13.444734576469552,-16.560977172516413
0ec29ddf,"BANJUL,GMB",260,13.450484583428453,-16.56060655386961
0ec29e79,"BANJUL,GMB",260,13.444021053958908,-16.57170684722903
0ec29de1,"BANJUL,GMB",260,13.45083688335498,-16.556694256562732
0ee20de3,"KAMSAR,GIN",261,10.438446378156138,-14.749157594398598
0ee20e03,"KAMSAR,GIN",261,10.448541909430473,-14.760460080108112
0ee20e0d,"KAMSAR,GIN",261,10.432676503468752,-14.761042310429545
0ee20dff,"PORT KAMSAR,GIN",261,10.449212390927418,-14.74947045964513
0ee2401f,"KAMSAR,GIN",262,10.634109277056337,-14.635899461770322
0ee6c521,"BISSAU,GNB",265,11.857853751710753,-15.574627788490929
0ee6c569,"BISSAU,GNB",265,11.832060274543279,-15.567963244915505
0ee6c56d,"BISSAU,GNB",265,11.837383906110242,-15.562046051252716
0ee6c523,"BISSAU,GNB",265,11.85579050307319,-15.575430773032487
0f04c249,"FREETOWN,SLE",266,8.494132269781064,-13.211954024892787
0f04c3c3,"FREETOWN,SLE",266,8.506416156685802,-13.24022004339764
0f04c3cb,"FREETOWN,SLE",266,8.501413058460178,-13.223301553671089
0f04c241,"FREETOWN,SLE",266,8.496857801676923,-13.198898662866688
0f04c3f3,"FREETOWN,SLE",266,8.499157683079726,-13.257168928933947
0f04c231,"FREETOWN,SLE",266,8.506384129197153,-13.211399363470164
0f04c26b,"FREETOWN,SLE",266,8.495698317659706,-13.194751364722352
0f04ce53,"PEPEL,SLE",267,8.460929527590011,-13.406716781503242
0f04cf0b,"PEPEL,SLE",267,8.472561330622781,-13.384464327608388
0f04ce49,"PEPEL,SLE",267,8.451906103035451,-13.4135164751145
0f04cfb3,"PEPEL,SLE",267,8.458175200114788,-13.402554068074894
0f04ce4f,"PEPEL,SLE",267,8.456412851026467,-13.412822284279933
0f04cfa3,"PEPEL,SLE",267,8.464288735513337,-13.38557142297619
0f04ce3f,"PEPEL,SLE",267,8.446634222253826,-13.424484048471994
0f04ce41,"PEPEL,SLE",267,8.450592086408014,-13.423988267326544
0f058289,"FREETOWN,SLE",269,7.725189915124235,-12.79069620135215
0f05828b,"FREETOWN,SLE",269,7.7236340143989075,-12.78562012284455
0f09f77f,"MONROVIA,LBR",271,6.341916779999812,-10.800533451923506
0f09f9d9,"MONROVIA,LBR",271,6.350797312941697,-10.796550964743895
0f09f9d5,"MONROVIA,LBR",271,6.341470380944518,-10.796903109082102
0f09f711,"MONROVIA,LBR",271,6.349043404280307,-10.831324405369775
0f09f70d,"MONROVIA,LBR",271,6.344697312143338,-10.826354658634441
0f09f9d7,"MONROVIA,LBR",271,6.343675945589448,-10.796251243849053
0f09f70f,"MONROVIA,LBR",271,6.344452948007784,-10.83144272784673
0f09f705,"MONROVIA,LBR",271,6.344319757529938,-10.836663290936766
0f1cd07b,"CONAKRY,GIN",272,9.48664000353125,-13.720228310984071
0f1cd09b,"CONAKRY,GIN",272,9.51005958220949,-13.722909240042387
0f1cd099,"CONAKRY,GIN",272,9.512614431358731,-13.72145303968465
0f9612ff,"SAN PEDRO,CIV",273,4.7371745803136385,-6.617134174772313
0f961255,"SAN PEDRO,CIV",273,4.739683518212454,-6.618398153929698
0f961251,"SAN PEDRO,CIV",273,4.743630605751307,-6.615346802394189
0f9612c9,"SAN PEDRO,CIV",274,4.703872065120651,-6.602522765895624
0fa0e5a3,"BUCHANAN,LBR",275,5.8603555312192155,-10.056808966232685
0fa0e5bd,"BUCHANAN,LBR",275,5.861834514664616,-10.057123783849859
0fa0e5a5,"BUCHANAN,LBR",275,5.8578185703997825,-10.050330003466696
0fc1e963,"ABIDJAN,CIV",276,5.295846497885591,-4.014701594967607
0fc1e917,"ABIDJAN,CIV",276,5.269946311571493,-4.009964439355902
0fc1e867,"ABIDJAN,CIV",276,5.231712598042858,-4.0363790192977005
0fc1e871,"ABIDJAN,CIV",276,5.221623358785467,-4.041625046546798
0fc1e7e5,"ABIDJAN,CIV",276,5.206053799049834,-4.056742801420831
0fc1e911,"ABIDJAN,CIV",276,5.269877986895781,-4.015743329867155
0fc1e7d7,"ABIDJAN,CIV",276,5.211636063446583,-4.0363807266453104
0fc1e7fb,"ABIDJAN,CIV",276,5.205973675474218,-4.062353939283722
0fc1e971,"ABIDJAN,CIV",276,5.283727055258465,-4.020398558452854
0fc1e7f9,"ABIDJAN,CIV",276,5.205626509433946,-4.066705897781265
0fc1e965,"ABIDJAN,CIV",276,5.289183602714894,-4.015124429859379
0fc1e7d1,"ABIDJAN,CIV",276,5.206069317646069,-4.035955050960938
0fc1e807,"ABIDJAN,CIV",276,5.2157574220535965,-4.061578939998266
0fc1e7fd,"ABIDJAN,CIV",276,5.211058024463816,-4.0620617673476245
0fc1e861,"ABIDJAN,CIV",276,5.2315771930464985,-4.031896740749602
0fc1e913,"ABIDJAN,CIV",276,5.27381218332899,-4.013724516794654
0fc1e811,"ABIDJAN,CIV",276,5.226119961654332,-4.056471354829717
0fc1e81b,"ABIDJAN,CIV",276,5.225704006376186,-4.0620666775547
0fc1e873,"ABIDJAN,CIV",276,5.221483078307879,-4.046398469827109
0fc1e97f,"ABIDJAN,CIV",276,5.2965480590302745,-4.027032118694843
0fc1e7ff,"ABIDJAN,CIV",276,5.210955474296963,-4.067057632624895
0fc1e99f,"ABIDJAN,CIV",276,5.279786556705364,-4.031913492133236
0fc1e999,"ABIDJAN,CIV",276,5.277501101796224,-4.034834952315927
0fc1e975,"ABIDJAN,CIV",276,5.277646512737745,-4.024239440623487
0fc1dd55,"ABIDJAN,CIV",276,5.2113749360460435,-4.072169393889466
0fc1e9a7,"ABIDJAN,CIV",276,5.26824733499218,-4.031152063955203
0fc1e7d5,"ABIDJAN,CIV",276,5.211271798060625,-4.031447619506447
0fc1e9b9,"ABIDJAN,CIV",276,5.268885320239146,-4.045911810424131
0fc1e91d,"ABIDJAN,CIV",276,5.260146083388709,-4.013968023905516
0fc1ea2b,"ABIDJAN,CIV",276,5.2983762047497445,-4.03112320391695
0fc1e803,"ABIDJAN,CIV",276,5.22107939811976,-4.066838818658603
0fc1e809,"ABIDJAN,CIV",276,5.21587696200084,-4.0572210294305275
0fc1e7e3,"ABIDJAN,CIV",276,5.21136688084415,-4.056620656117897
0fc1e97d,"ABIDJAN,CIV",276,5.29458431541175,-4.019757007608543
0fc1ebd5,"ABIDJAN,CIV",276,5.2997218807104165,-4.026447160130183
0fc1e86d,"ABIDJAN,CIV",276,5.2266435722238755,-4.046344862013968
0fc1e90b,"ABIDJAN,CIV",276,5.274541671995655,-4.024474613271358
0fc1e90f,"ABIDJAN,CIV",276,5.268735979418659,-4.018910019904111
0fc1e7e1,"ABIDJAN,CIV",276,5.211392647562232,-4.0515494472613005
0fc1e877,"ABIDJAN,CIV",276,5.216448674115697,-4.041379638237823
0fc1e91b,"ABIDJAN,CIV",276,5.2622545829834255,-4.016126474031918
0fc1e96d,"ABIDJAN,CIV",276,5.278771655927532,-4.014675963227708
0fc1e969,"ABIDJAN,CIV",276,5.285403575444498,-4.012071612136852
0fc1c2ab,"ABIDJAN,CIV",276,5.215711544577367,-4.072063179785868
0fc1e7db,"ABIDJAN,CIV",276,5.205891855066605,-4.0414866299266325
0fc1ea4d,"ABIDJAN,CIV",276,5.327144515135507,-4.0300500994020325
0fc1dd53,"ABIDJAN,CIV",276,5.210980511822233,-4.077047564979844
0fc1e96f,"ABIDJAN,CIV",276,5.283448870018949,-4.014638908564228
0fc1e9a3,"ABIDJAN,CIV",276,5.274561618227675,-4.03498163157822
0fc1e881,"ABIDJAN,CIV",276,5.216832245234055,-4.026519595363873
0fc1ebd7,"ABIDJAN,CIV",276,5.300763449515493,-4.02077499843737
0fc1e879,"ABIDJAN,CIV",276,5.216634594628902,-4.036266851325571
0fc1e875,"ABIDJAN,CIV",276,5.216445213152296,-4.04643527407092
0fc1e9af,"ABIDJAN,CIV",276,5.264795449416356,-4.035393993973897
0fc1ea53,"ABIDJAN,CIV",276,5.329729778687272,-4.030579804243818
0fc1e7e7,"ABIDJAN,CIV",276,5.205887102426087,-4.051747134364107
0fc1e80b,"ABIDJAN,CIV",276,5.216170366955124,-4.051540959922673
0fc1ebd3,"ABIDJAN,CIV",276,5.303884889288389,-4.025320608483907
0fc1ebcf,"ABIDJAN,CIV",276,5.30863486033586,-4.023056211813103
0fc1e7d9,"ABIDJAN,CIV",276,5.211568901935083,-4.04155257614993
0fc1e86f,"ABIDJAN,CIV",276,5.226643899391812,-4.041393695644196
0fc1e91f,"ABIDJAN,CIV",276,5.258661610038789,-4.012134739738614
0fc1ebcd,"ABIDJAN,CIV",276,5.307910631712527,-4.0239027874744595
0fc1e889,"ABIDJAN,CIV",276,5.226440860033816,-4.025932491463105
0fc1e80d,"ABIDJAN,CIV",276,5.221288242277973,-4.051514818112867
0fc1e7dd,"ABIDJAN,CIV",276,5.206293483164587,-4.046472572542822
0fc1dd4d,"ABIDJAN,CIV",276,5.211288138102899,-4.082271114565996
0fc1e9a1,"ABIDJAN,CIV",276,5.27297675105339,-4.0326824084138035
0fc1ebd9,"ABIDJAN,CIV",276,5.298191663355862,-4.017199791242347
0fc1ef6b,"PORT BOUET,CIV",277,5.234314831667301,-3.9651016224382847
0fc1ef15,"PORT BOUET,CIV",277,5.235979632987169,-3.9650059976902217
102079d5,"TEMA,GHA",278,5.564607653409231,0.03961482272455772
0fdf8803,"TEMA,GHA",278,5.554175566313508,-0.0022437650288778055
10207805,"TEMA,GHA",278,5.56907007318248,0.006534150774984984
102078bf,"TEMA,GHA",278,5.6298166382803325,0.01686116855186532
102079e3,"TEMA,GHA",278,5.56422727719768,0.06309305366473585
102079b9,"TEMA,GHA",278,5.585225884624489,0.04881525714791118
102079fb,"TEMA,GHA",278,5.569995628443829,0.06725675911802491
10207835,"TEMA,GHA",278,5.580341728071548,0.03461887947389055
102079bb,"TEMA,GHA",278,5.590403434868351,0.04909978870410944
102079d7,"TEMA,GHA",278,5.564456942429527,0.044066918636411274
102077e9,"TEMA,GHA",278,5.543043719713157,0.01135168045510989
10207783,"TEMA,GHA",278,5.5534814063341145,0.03509089245135242
10207861,"TEMA,GHA",278,5.601282574888851,0.016679047007055664
10207759,"TEMA,GHA",278,5.559048976138705,0.06329518191661727
1020781b,"TEMA,GHA",278,5.570176424105561,0.011742725693192428
10207785,"TEMA,GHA",278,5.554087839777172,0.03061233527421056
1020774f,"TEMA,GHA",278,5.548812515136236,0.06741097925091767
0fdf878b,"TEMA,GHA",278,5.585474935563448,-0.0019050549687879084
10207863,"TEMA,GHA",278,5.60168249562353,0.011615994823282575
102079a9,"TEMA,GHA",278,5.600587636480799,0.04392544344196898
102079e7,"TEMA,GHA",278,5.569292392057263,0.057997983947426744
102079d3,"TEMA,GHA",278,5.570099771494995,0.040092691527190076
10207817,"TEMA,GHA",278,5.574893863687787,0.016202759003187014
1020778f,"TEMA,GHA",278,5.553764538342432,0.02555099784238566
102079fd,"TEMA,GHA",278,5.564284406190198,0.06704006418607145
10207773,"TEMA,GHA",278,5.542986126783023,0.0442988077164034
1020779d,"TEMA,GHA",278,5.5482849036161985,0.035036641403547855
10207837,"TEMA,GHA",278,5.580394387921742,0.030365961205268348
102079c3,"TEMA,GHA",278,5.574886328516952,0.05369390676695506
102079cf,"TEMA,GHA",278,5.574947932822676,0.04449832066492779
10207819,"TEMA,GHA",278,5.569807822316291,0.01637831282039203
102077eb,"TEMA,GHA",278,5.543344004827272,0.016658057022572392
1020779b,"TEMA,GHA",278,5.548920324441506,0.030506341453024256
102079cd,"TEMA,GHA",278,5.574616597760411,0.039524635855841234
10207825,"TEMA,GHA",278,5.569463167355695,0.02570469906142569
102077f1,"TEMA,GHA",278,5.553932450890957,0.01140666621680508
102079a3,"TEMA,GHA",278,5.595695938874535,0.05351466482288453
102078b1,"TEMA,GHA",278,5.635570253781918,0.011543614294815686
1020778b,"TEMA,GHA",278,5.559294654002912,0.021756248559415225
102077a1,"TEMA,GHA",278,5.53823101833556,0.034893492363824954
1020784b,"TEMA,GHA",278,5.585819315053128,0.03488877209012403
10207787,"TEMA,GHA",278,5.558800379356749,0.030652097688228068
1020781d,"TEMA,GHA",278,5.564054937676282,0.011354116968994962
102079e5,"TEMA,GHA",278,5.570094830837521,0.06331911692339544
102079c1,"TEMA,GHA",278,5.580139183825126,0.0536852293348854
102079ab,"TEMA,GHA",278,5.6010599304806155,0.039694194632385736
10207791,"TEMA,GHA",278,5.5488630241311805,0.025834444833560226
102079f1,"TEMA,GHA",278,5.574619344710529,0.06755619261693126
10207767,"TEMA,GHA",278,5.554847327180982,0.054067897763200604
102078f9,"TEMA,GHA",278,5.606137996325118,0.03022652879407174
102079c7,"TEMA,GHA",278,5.579944762453915,0.04912152474389125
10207997,"TEMA,GHA",278,5.590692587541649,0.05826702448598836
10207831,"TEMA,GHA",278,5.574749734441776,0.030485178681263558
10207799,"TEMA,GHA",278,5.543717622169859,0.0305131410919105
102079dd,"TEMA,GHA",278,5.5697626240373745,0.05333457078494537
102079b3,"TEMA,GHA",278,5.590820863985083,0.03982529547192252
10207847,"TEMA,GHA",278,5.58551666905429,0.02536419399460803
1020777f,"TEMA,GHA",278,5.559600281408732,0.03978604582386056
10207839,"TEMA,GHA",278,5.58039598053072,0.025932142260910108
10207879,"TEMA,GHA",278,5.595633701183607,0.002482882085357825
102078bb,"TEMA,GHA",278,5.632330254224437,0.011179065763520055
102079ad,"TEMA,GHA",278,5.5962550103970425,0.039807434877545636
102077ed,"TEMA,GHA",278,5.548930907931368,0.016199187754803723
1020786b,"TEMA,GHA",278,5.585244264256924,0.016563345479746246
1020778d,"TEMA,GHA",278,5.553909559655783,0.021171857659270918
10207763,"TEMA,GHA",278,5.559896171196924,0.04872387021010925
10207813,"TEMA,GHA",278,5.579990180284111,0.012131198793718177
102077fd,"TEMA,GHA",278,5.553921336880714,0.0025722262328060222
1020781f,"TEMA,GHA",278,5.564521598891241,0.016519321460277802
102079eb,"TEMA,GHA",278,5.580328684861931,0.058210667552571226
102078bd,"TEMA,GHA",278,5.626476395970804,0.010104586774632442
10207995,"TEMA,GHA",278,5.585019886486803,0.05848862611822236
1020775b,"TEMA,GHA",278,5.553933977671802,0.06334115894344344
102079ef,"TEMA,GHA",278,5.574577416991598,0.06269212901149039
10207789,"TEMA,GHA",278,5.5593135683711115,0.025725692821356116
10207801,"TEMA,GHA",278,5.564305255720722,0.0025208913100909715
102079bf,"TEMA,GHA",278,5.58477806529549,0.05360150767894316
1020775f,"TEMA,GHA",278,5.559620545795484,0.058420669696216135
10207907,"TEMA,GHA",278,5.606120436894923,0.04404920441353168
102079c9,"TEMA,GHA",278,5.580520188064705,0.04401926174916381
102078a5,"TEMA,GHA",278,5.630202188149595,0.009183007523459519
102078a3,"TEMA,GHA",278,5.627180869812071,0.007435994358976447
102079af,"TEMA,GHA",278,5.595618140907383,0.04426163692430515
10207809,"TEMA,GHA",278,5.574779809572236,0.0024211111597832982
102079e1,"TEMA,GHA",278,5.564467754007987,0.058685165151891885
10207747,"TEMA,GHA",278,5.543136871549099,0.0632200138360173
10207857,"TEMA,GHA",278,5.601155931031863,0.030154129622811318
10207781,"TEMA,GHA",278,5.559010419038133,0.03486123098599459
10207899,"TEMA,GHA",278,5.6244858220497,0.007731408306504148
1020775d,"TEMA,GHA",278,5.5529529615522835,0.05840042365217005
10207793,"TEMA,GHA",278,5.548763617979697,0.021065817075153547
10207827,"TEMA,GHA",278,5.5646908976689815,0.02575581566086432
102079bd,"TEMA,GHA",278,5.590484956521318,0.05361120588856597
102079b1,"TEMA,GHA",278,5.590816283974027,0.044047324921241776
102078f5,"TEMA,GHA",278,5.606625736261018,0.020738791401243316
10207823,"TEMA,GHA",278,5.569621783794655,0.02088149115613209
1020791d,"TEMA,GHA",278,5.6166349936973985,0.03915950596054436
102077f7,"TEMA,GHA",278,5.558855467300115,0.0116790373792761
10207797,"TEMA,GHA",278,5.543540397695686,0.025747457344622485
10207745,"TEMA,GHA",278,5.548664471219828,0.0634370563083885
102079e9,"TEMA,GHA",278,5.574591024994095,0.05822360767381044
10207901,"TEMA,GHA",278,5.606264063344359,0.0395388778820183
102077fb,"TEMA,GHA",278,5.553846198225124,0.0074490677172854266
10207829,"TEMA,GHA",278,5.564442214316109,0.029879722097879688
1020788b,"TEMA,GHA",278,5.606540435878197,0.016317909156206456
102079db,"TEMA,GHA",278,5.569385584024971,0.04909828020508518
10207849,"TEMA,GHA",278,5.5854894214865265,0.030386310157170915
1020782b,"TEMA,GHA",278,5.5643440076401225,0.035243835038547916
0fdf881f,"TEMA,GHA",278,5.543707914495059,-0.0021850524305664087
102079d1,"TEMA,GHA",278,5.570144627103581,0.04410958906651738
10207757,"TEMA,GHA",278,5.559377534700978,0.06757040566150453
10207845,"TEMA,GHA",278,5.5906253828496,0.025672783911457216
102078e3,"TEMA,GHA",278,5.616849700919922,0.03421355537126619
102078e7,"TEMA,GHA",278,5.6212599995867825,0.029841917612599893
102079c5,"TEMA,GHA",278,5.574303416768884,0.0489928951084312
102077f5,"TEMA,GHA",278,5.559070660223946,0.016295722006410558
102079f3,"TEMA,GHA",278,5.57968213062548,0.06743831006521273
102079df,"TEMA,GHA",278,5.564296209460151,0.05379951278417424
10207761,"TEMA,GHA",278,5.559055160536316,0.05377083958865543
102077ef,"TEMA,GHA",278,5.548697896768973,0.011766283662333038
102078b9,"TEMA,GHA",278,5.6338732899865915,0.0176423983687541
0fdf87ff,"TEMA,GHA",278,5.56445561200136,-0.0027088311464071625
1020777b,"TEMA,GHA",278,5.55368634402197,0.04444522575408969
10207755,"TEMA,GHA",278,5.55879266431027,0.07251028504350196
0fe77b1d,"SEKONDI,GHA",279,4.93558031129069,-1.7040542215646501
0fe77b1b,"SEKONDI,GHA",279,4.940014912977415,-1.7019588009039281
0fe77b19,"SEKONDI,GHA",279,4.939789091922241,-1.6990562584866677
0fe77b3d,"SEKONDI,GHA",279,4.945632792785169,-1.6932388433362826
0fe77a85,"TAKORADI,GHA",279,4.899255825888006,-1.7073649965775677
0fe7700f,"TAKORADI,GHA",279,4.883808235843145,-1.6883233516840637
0fe77019,"TAKORADI,GHA",279,4.873616594980047,-1.6831738990825131
0fe77a9b,"TAKORADI,GHA",279,4.898958860594395,-1.7028330455982101
0fe77077,"TAKORADI,GHA",279,4.8889427218180295,-1.7022453065748862
0fe77a99,"TAKORADI,GHA",279,4.899199849671836,-1.698085769264997
0fe77a5d,"TAKORADI,GHA",279,4.914466400463542,-1.7220340253376145
0fe77007,"TAKORADI,GHA",279,4.8890394348695185,-1.6836343205712063
0fe77abd,"TAKORADI,GHA",279,4.904225216288006,-1.6933541824961915
0fe77075,"TAKORADI,GHA",279,4.889204332296785,-1.6979650223911125
0fe77a8f,"TAKORADI,GHA",279,4.903953681613729,-1.7084753363692096
0fe77a9f,"TAKORADI,GHA",279,4.894269619749939,-1.697847201640061
0fe77a83,"TAKORADI,GHA",279,4.894146039581494,-1.7069606818156393
0fe77015,"TAKORADI,GHA",279,4.8736886699585416,-1.6932066188077337
0fe77a65,"TAKORADI,GHA",279,4.905045783079481,-1.7217069196057673
0fe77a8b,"TAKORADI,GHA",279,4.909598939155709,-1.7129481640603823
0fe77aa1,"TAKORADI,GHA",279,4.894467827897903,-1.6931384979739659
0fe7700d,"TAKORADI,GHA",279,4.8837368528896326,-1.6932399924690935
0fe77aa3,"TAKORADI,GHA",279,4.899056568666376,-1.6933068313339712
0fe77aab,"TAKORADI,GHA",279,4.894054862987112,-1.678365757647459
0fe77a0b,"TAKORADI,GHA",279,4.895450136852456,-1.7379419194288437
0fe7701d,"TAKORADI,GHA",279,4.878662414170865,-1.678766073470112
0fe77005,"TAKORADI,GHA",279,4.883688971072897,-1.6836095758015488
0fe7706d,"TAKORADI,GHA",279,4.87885670131406,-1.697781017068589
0fe7701b,"TAKORADI,GHA",279,4.878391071700582,-1.68361220724521
0fe77aa9,"TAKORADI,GHA",279,4.8938744245788905,-1.6835481935828178
0fe77a87,"TAKORADI,GHA",279,4.899904014023273,-1.7124951641684456
0fe7707b,"TAKORADI,GHA",279,4.883395997978096,-1.7071844964408525
0fe77aaf,"TAKORADI,GHA",279,4.898935067972186,-1.683918933631271
0fe77ab5,"TAKORADI,GHA",279,4.909853767503551,-1.6784729419434568
0fe77a9d,"TAKORADI,GHA",279,4.894404782117015,-1.7026254376861105
0fe770a7,"TAKORADI,GHA",279,4.886512678268488,-1.7409902994911641
0fe77a61,"TAKORADI,GHA",279,4.909428726154519,-1.717347658538504
0fe77017,"TAKORADI,GHA",279,4.873569390337066,-1.6885862350112408
0fe770a5,"TAKORADI,GHA",279,4.884327508309039,-1.7413354609932008
0fe770a9,"TAKORADI,GHA",279,4.887333228262745,-1.7449071853521447
0fe77ab1,"TAKORADI,GHA",279,4.904338604428588,-1.6834561758248785
0fe77aa7,"TAKORADI,GHA",279,4.89414592067534,-1.6882648966570446
0fe76ff9,"TAKORADI,GHA",279,4.889678250029149,-1.670479434015674
0fe7700b,"TAKORADI,GHA",279,4.888679525958275,-1.6929869708539944
0fe77a63,"TAKORADI,GHA",279,4.904858724317258,-1.7176619556671526
0fe770a1,"TAKORADI,GHA",279,4.887101135005289,-1.7383910532087465
0fe77011,"TAKORADI,GHA",279,4.8785787408614345,-1.6883500216774407
0fe77013,"TAKORADI,GHA",279,4.8782584543422285,-1.6928990222731508
0fe76fff,"TAKORADI,GHA",279,4.889264731861968,-1.67257690123779
0fe77aa5,"TAKORADI,GHA",279,4.89928045684814,-1.688475078003364
0fe77071,"TAKORADI,GHA",279,4.88376243071023,-1.7025966854816708
0fe77009,"TAKORADI,GHA",279,4.888881337082469,-1.6881597180931172
0fe770a3,"TAKORADI,GHA",279,4.885238610507913,-1.7368994112819618
101510b9,"BONGA,NGA",281,4.565366068086083,4.6327731327319315
101510b7,"BONGA,NGA",281,4.565575441770724,4.6372975257555895
101510b1,"BONGA,NGA",281,4.561276213656279,4.637487532984208
101510bb,"BONGA,NGA",281,4.561193008741003,4.633021498334738
10207be3,"TEMA,GHA",282,5.631711279189506,0.07738062167514369
1021602d,"LOME,GHA",283,6.0267209928916055,1.204582627073273
1023df0d,"LOME,GHA",283,6.0160418760409256,1.233693644364668
1023df0b,"LOME,GHA",283,6.021874519723346,1.233719911774452
1023df47,"LOME,GHA",283,5.995552764714514,1.2292473694469388
1023d897,"LOME,GHA",283,5.958774979393965,1.2241801443463516
1023d8dd,"LOME,GHA",283,5.9631567111167785,1.2436022897312295
10216021,"LOME,GHA",283,6.04258331910543,1.2097759319824775
1023d8bf,"LOME,GHA",283,5.963195622280625,1.2294632230157616
1023df11,"LOME,GHA",283,6.011010640373609,1.2384038199749179
1023df6b,"LOME,GHA",283,6.005963466125463,1.2285582452556871
1023d927,"LOME,GHA",283,5.968635163224281,1.253486367782871
102161e1,"LOME,GHA",283,6.000497877187101,1.2093835617590727
1023df69,"LOME,GHA",283,6.005695889621198,1.2242808343634615
102161dd,"LOME,GHA",283,6.005159474470674,1.204997995033402
102161d5,"LOME,GHA",283,6.0213146612308845,1.209903526677128
1023d8ab,"LOME,GHA",283,5.979704210977511,1.2140284044983924
1023d8b1,"LOME,GHA",283,5.974013376929397,1.223316522506764
1023df63,"LOME,GHA",283,6.010835342474603,1.2148031379093363
1023d8d7,"LOME,GHA",283,5.974728674011475,1.2484624524237118
1023dff9,"LOME,GHA",283,6.0583907223200155,1.2146691117898556
1023d8df,"LOME,GHA",283,5.963733239964968,1.2481927128191206
102161d7,"LOME,GHA",283,6.016543842936618,1.209815758852085
1023ddc1,"LOME,TGO",283,6.042677977713192,1.305859939398698
1023dc29,"LOME,TGO",283,6.015850178738418,1.2910812799523246
1023e0f5,"LOME,TGO",283,6.089958569431598,1.2526623779013648
1023e6ad,"LOME,TGO",283,6.143285798619438,1.2894726158318972
1023de25,"LOME,TGO",283,6.058462415791104,1.2625928490059672
1023ddd5,"LOME,TGO",283,6.026974598974761,1.2913801623746137
1023deeb,"LOME,TGO",283,6.005379854770124,1.2677987809851083
1023dfd1,"LOME,TGO",283,6.059066726796981,1.243332957985938
1023dc51,"LOME,TGO",283,6.015962814039289,1.32032610814668
1023dea7,"LOME,TGO",283,5.994821351986047,1.2865217366791153
1023ddd1,"LOME,TGO",283,6.03200439990679,1.296042735814016
1023e75f,"LOME,TGO",283,6.068598827501991,1.305949346947887
1023de73,"LOME,TGO",283,6.042946222376867,1.2819399546575303
1023e043,"LOME,TGO",283,6.090240872072246,1.2385908321270929
1023de1d,"LOME,TGO",283,6.064166827026455,1.2769171756728475
1023e6d7,"LOME,TGO",283,6.111758929150012,1.2961875509260463
1023de43,"LOME,TGO",283,6.03718316650591,1.2675813750375173
1023d93b,"LOME,TGO",283,5.968547022053464,1.261967020351995
1023dc5f,"LOME,TGO",283,6.0056451499887515,1.3247949254190752
1023d92f,"LOME,TGO",283,5.974194831851095,1.2583651029689484
1023e09d,"LOME,TGO",283,6.069642720537935,1.2626281607566383
1023de8d,"LOME,TGO",283,6.016431519291822,1.2723428612238084
1023de27,"LOME,TGO",283,6.064223615104158,1.262888315796976
1023dea1,"LOME,TGO",283,6.001195040924674,1.2866015534614443
1023de89,"LOME,TGO",283,6.021334820952877,1.2772780388767244
1023e743,"LOME,TGO",283,6.079684388977168,1.3058223158501756
1023de99,"LOME,TGO",283,6.005628716491758,1.281630100475719
1023dc47,"LOME,TGO",283,6.010566573039027,1.3103518049256617
1023dea5,"LOME,TGO",283,5.995041117019158,1.281912986946037
1023e6d5,"LOME,TGO",283,6.111648233076286,1.291776865508321
1023e737,"LOME,TGO",283,6.090538225943333,1.2963332783575023
1023dc01,"LOME,TGO",283,5.984739858179305,1.291590822127605
1023dfd3,"LOME,TGO",283,6.058411094881196,1.2478353266182016
1023de13,"LOME,TGO",283,6.047773592201793,1.2772153111338458
1023ddf1,"LOME,TGO",283,6.058471549399291,1.3012343636529253
1023d94d,"LOME,TGO",283,5.978858137417449,1.2768301025276043
1023deb1,"LOME,TGO",283,5.989444679821725,1.2769815458595375
1023e75d,"LOME,TGO",283,6.074074809845535,1.3059447012932928
1023e0ad,"LOME,TGO",283,6.07421273674524,1.2865937401754408
1023e089,"LOME,TGO",283,6.080033713426941,1.2530573090827648
1023ddd7,"LOME,TGO",283,6.031871761388094,1.2916643349204853
1023dc45,"LOME,TGO",283,6.010531418162734,1.315522143536687
1023e723,"LOME,TGO",283,6.100174037817672,1.3060064306478025
1023ddf5,"LOME,TGO",283,6.063982192180118,1.3058261107364295
1023dc07,"LOME,TGO",283,5.984234349820306,1.2962986535376675
1023dc3b,"LOME,TGO",283,6.010779433682838,1.301566198319003
1023dc55,"LOME,TGO",283,6.02180690982313,1.3248301915018157
1023dc13,"LOME,TGO",283,5.995301141038691,1.3063955778869036
1023dde9,"LOME,TGO",283,6.047793783361244,1.301189723490039
1023de07,"LOME,TGO",283,6.05864745602079,1.2864454686223945
1023e153,"LOME,TGO",283,6.142351564807106,1.2862202530863056
1023de35,"LOME,TGO",283,6.047796763937581,1.2530336415156413
1023ddb5,"LOME,TGO",283,6.026913961808847,1.3111922646878462
1023e741,"LOME,TGO",283,6.084849073325459,1.3059148566636654
1023dec3,"LOME,TGO",283,6.000359624796977,1.2625078809002144
1023dc2d,"LOME,TGO",283,6.021728959898967,1.2962799799650742
1023e73b,"LOME,TGO",283,6.095375009347515,1.3010969917280002
1023dc6b,"LOME,TGO",283,6.000070922244706,1.3108024894186898
1023de63,"LOME,TGO",283,6.026818489674598,1.277156544679478
1023e151,"LOME,TGO",283,6.141537811993892,1.2827717598205852
1023de21,"LOME,TGO",283,6.063623966384614,1.2674644972321356
1023e757,"LOME,TGO",283,6.068947939555597,1.2959975927881107
1023ddd9,"LOME,TGO",283,6.037412948682657,1.2916077550908003
1023dd9f,"LOME,TGO",283,6.047627726143263,1.3253840832367334
1023d933,"LOME,TGO",283,5.9791674276515545,1.2625745646572926
1023dda5,"LOME,TGO",283,6.037280990510651,1.3203645477088999
1023dec5,"LOME,TGO",283,5.995014522135404,1.2628372222949031
1023e76f,"LOME,TGO",283,6.0795820114377355,1.3154991732046326
1023deed,"LOME,TGO",283,6.010874337008748,1.2674944365934933
1023de2f,"LOME,TGO",283,6.058647678463431,1.2578918441050257
1023d953,"LOME,TGO",283,5.9789908447438735,1.2823723576519062
1023dc17,"LOME,TGO",283,6.001143360952943,1.3009056390121607
1023dda7,"LOME,TGO",283,6.037582559028804,1.3252726551942255
1023de3d,"LOME,TGO",283,6.053237018943716,1.2675980062096395
1023dded,"LOME,TGO",283,6.052801817050269,1.3059390164530493
1023de6f,"LOME,TGO",283,6.037486370638979,1.276766064011978
1023e00b,"LOME,TGO",283,6.06877404822666,1.2290713721767677
1023e715,"LOME,TGO",283,6.090019484820723,1.310538520257669
1023dfc1,"LOME,TGO",283,6.048005193730217,1.2339861188892742
1023e76d,"LOME,TGO",283,6.084595804368333,1.315099407351091
1023dd83,"LOME,TGO",283,6.058739700627525,1.325370390285554
1023dc53,"LOME,TGO",283,6.021475917054143,1.320441050746868
1023d935,"LOME,TGO",283,5.979292130153659,1.2680527615825232
1023e14f,"LOME,TGO",283,6.138673337700936,1.2822870052264446
1023de93,"LOME,TGO",283,6.010919737436934,1.2721155432750704
1023dddf,"LOME,TGO",283,6.043102223390853,1.2915132256973432
1023dda1,"LOME,TGO",283,6.04281931778733,1.3256474686726312
1023dd8b,"LOME,TGO",283,6.0642482201385075,1.3108001965977625
1023ddb1,"LOME,TGO",283,6.032002467530544,1.3156710456441878
10215f8b,"LOME,TGO",283,6.090397984611556,1.2099735296706708
1023e745,"LOME,TGO",283,6.079517901413223,1.3011625441732284
1023de17,"LOME,TGO",283,6.052779666964081,1.2723127460192478
1023dc69,"LOME,TGO",283,6.000607776686754,1.3152503648987863
1023dd8f,"LOME,TGO",283,6.05833893766018,1.315453159238207
1023e059,"LOME,TGO",283,6.095186826218846,1.2485607869775215
1023e763,"LOME,TGO",283,6.068889408352137,1.315589769833225
1023e023,"LOME,TGO",283,6.090641355677781,1.2192328512165946
1023de55,"LOME,TGO",283,6.026648891130153,1.2530309709468967
1023e087,"LOME,TGO",283,6.074235010096113,1.2530302404241869
1023dec7,"LOME,TGO",283,5.995164068125108,1.2671258730018122
1023e717,"LOME,TGO",283,6.095549483892933,1.310058093285358
1023dde1,"LOME,TGO",283,6.04783224476987,1.2913354871952702
1023e097,"LOME,TGO",283,6.079898655755484,1.2674715803284546
1023dc2b,"LOME,TGO",283,6.021698594481971,1.290910171497042
1023e03b,"LOME,TGO",283,6.095529432118772,1.2237349879310109
1023d955,"LOME,TGO",283,5.979383585080461,1.2864004141751573
1023dee3,"LOME,TGO",283,6.011018324153156,1.2532766981744758
1023dc4b,"LOME,TGO",283,6.021270015092331,1.3107189538592576
1023dd99,"LOME,TGO",283,6.047495894658662,1.3196514279673304
1023e74f,"LOME,TGO",283,6.0799642234225715,1.2961233635805347
1023dc61,"LOME,TGO",283,6.000110730342069,1.3248508870968634
1023e093,"LOME,TGO",283,6.084867761232938,1.2626337829977095
1023dc03,"LOME,TGO",283,5.989822881557603,1.2916887899231735
1023dfd5,"LOME,TGO",283,6.063940521732307,1.2481483827096003
1023de87,"LOME,TGO",283,6.021164238121769,1.281660182164971
1023e0ab,"LOME,TGO",283,6.068831289427893,1.2865290209503173
1023dc19,"LOME,TGO",283,6.000629519939247,1.2960409440054688
1023dc4f,"LOME,TGO",283,6.016321379021137,1.3158887666750658
1023e0d7,"LOME,TGO",283,6.106240418217431,1.2820165014397282
1023ddbb,"LOME,TGO",283,6.037138275377758,1.3156265422864568
1023d937,"LOME,TGO",283,5.973969777674549,1.2671285516185122
1023ddaf,"LOME,TGO",283,6.0323659936105285,1.3204853408056298
1023e09b,"LOME,TGO",283,6.074737276918089,1.2625757674732399
1023e129,"LOME,TGO",283,6.111334787330198,1.2821467799089992
1023e0a7,"LOME,TGO",283,6.069600708293888,1.277263072082251
1023e765,"LOME,TGO",283,6.074415731581969,1.315474431800509
1023dddd,"LOME,TGO",283,6.042436724403129,1.296438115136203
1023de57,"LOME,TGO",283,6.02673279183151,1.2582087983818853
1023e769,"LOME,TGO",283,6.079225443605411,1.3108463812580544
1023def7,"LOME,TGO",283,6.021115840004432,1.2624984814300273
1023dd97,"LOME,TGO",283,6.047810780573074,1.3150351402462528
1023debd,"LOME,TGO",283,6.000180400226116,1.2770758136833422
1023ddfd,"LOME,TGO",283,6.05863781751117,1.2913937844280374
1023de53,"LOME,TGO",283,6.032060081080559,1.2529961673992522
1023dead,"LOME,TGO",283,5.984495181591994,1.2822373289089448
1023de5b,"LOME,TGO",283,6.031991753115811,1.2622493401028843
1023dedf,"LOME,TGO",283,6.000473790860485,1.252683153828949
1023de9d,"LOME,TGO",283,6.01066606656388,1.2866345556670327
1023dc09,"LOME,TGO",283,5.984464560709669,1.3015905788571625
1023e751,"LOME,TGO",283,6.074002729601972,1.296349104508044
1023dc49,"LOME,TGO",283,6.01638899514709,1.310707643284808
1023ddbd,"LOME,TGO",283,6.042583291021818,1.3159806084267525
1023de4b,"LOME,TGO",283,6.042659696092343,1.2527243915435127
1023de5d,"LOME,TGO",283,6.031945144176099,1.267640660334455
1023e091,"LOME,TGO",283,6.079581126816481,1.2624775036523146
1023ddb9,"LOME,TGO",283,6.037064606341584,1.3107350303973173
1023e733,"LOME,TGO",283,6.095521073991226,1.2917014464275254
1023ddd3,"LOME,TGO",283,6.026929189631071,1.2964565005267976
1023ddc5,"LOME,TGO",283,6.03711065691471,1.3012779189661008
1023e0bb,"LOME,TGO",283,6.079447178442942,1.2771095264647774
1023e0e1,"LOME,TGO",283,6.106158393554961,1.2680559895499304
1023de9f,"LOME,TGO",283,6.005017612841653,1.2868857302734988
1023e0db,"LOME,TGO",283,6.1007952726674715,1.2772242984817084
1023dcf7,"LOME,TGO",283,6.010211943973226,1.329757886098855
1023dc3f,"LOME,TGO",283,6.004792515568821,1.3058687087227072
1023dc35,"LOME,TGO",283,6.021411183218871,1.3060217129703595
1023dd81,"LOME,TGO",283,6.063504969278786,1.3256574889373907
1023de9b,"LOME,TGO",283,6.011084112156671,1.2822946260480372
1023de09,"LOME,TGO",283,6.053006054465917,1.2860664629389689
1023dde5,"LOME,TGO",283,6.0534540935617684,1.296057404340605
1023de77,"LOME,TGO",283,6.037355909115783,1.2868280877231248
1023dc15,"LOME,TGO",283,5.999742896324704,1.3061874308222021
1023e07d,"LOME,TGO",283,6.074523104515018,1.2482042172139496
1023dc1b,"LOME,TGO",283,5.9950428965961775,1.29580244777978
1023e753,"LOME,TGO",283,6.0746121755141,1.2915157360347604
1023dd89,"LOME,TGO",283,6.063858030536231,1.3153805237896703
1023dc3d,"LOME,TGO",283,6.005428188976573,1.3011214285051442
1023dda3,"LOME,TGO",283,6.042795313592394,1.3202302266583807
1023dd07,"LOME,TGO",283,6.031845512837103,1.3303728319192987
1023ddad,"LOME,TGO",283,6.026773437612075,1.3201497398458317
1023dfb1,"LOME,TGO",283,6.037255923108881,1.243433308227908
1023dc41,"LOME,TGO",283,6.005471588385742,1.3106209595956912
1023e12b,"LOME,TGO",283,6.111106914483461,1.2866364247333035
1023de5f,"LOME,TGO",283,6.026624736501602,1.267326874025368
1023d949,"LOME,TGO",283,5.973834485716059,1.2716880065341443
1023de61,"LOME,TGO",283,6.026716463871014,1.272296905490752
1023df27,"LOME,TGO",283,5.995224047632317,1.2480029805545703
1023df1d,"LOME,TGO",283,6.010913046423332,1.2480415963866855
1023dd09,"LOME,TGO",283,6.03705751588643,1.3299308398028609
1023dfdb,"LOME,TGO",283,6.058758246130587,1.23822980121185
1023de1f,"LOME,TGO",283,6.063995563265154,1.2724196762800806
1023dfb3,"LOME,TGO",283,6.037469007043862,1.2482018988141645
1023dc4d,"LOME,TGO",283,6.021336263036822,1.3157900288174293
1023ddcd,"LOME,TGO",283,6.0265287311203855,1.3007550363800426
1023dd0b,"LOME,TGO",283,6.042528806333783,1.3302521122441564
1023dc39,"LOME,TGO",283,6.011071261321302,1.3056588870294816
1023e061,"LOME,TGO",283,6.085259841328581,1.2484160626135943
1023e0dd,"LOME,TGO",283,6.100442836005833,1.2719161340230787
1023e069,"LOME,TGO",283,6.084682940797243,1.2385513301308246
1023e77b,"LOME,TGO",283,6.073932355357559,1.3201482312238668
1023dee9,"LOME,TGO",283,6.005664497576858,1.2626940237605067
1023e09f,"LOME,TGO",283,6.069155727437908,1.2674378440689
1023dd8d,"LOME,TGO",283,6.058257291496533,1.3111703601166231
1023e767,"LOME,TGO",283,6.07430319344604,1.310560266214041
1023deab,"LOME,TGO",283,5.98491289219684,1.2864192165285606
1023dddb,"LOME,TGO",283,6.037560688676275,1.2963792484691115
1023e74b,"LOME,TGO",283,6.0845857852076195,1.291432502083836
1023ddc9,"LOME,TGO",283,6.032478664076426,1.3060578494836808
1023e06d,"LOME,TGO",283,6.079631908801263,1.2334132250997751
1023e77d,"LOME,TGO",283,6.068851236871109,1.320283396236191
1023dd9b,"LOME,TGO",283,6.053137592585439,1.320458377109639
1023dc59,"LOME,TGO",283,6.010885925455499,1.325619011351739
1023ddab,"LOME,TGO",283,6.027236442982727,1.3251624064317944
1023e14d,"LOME,TGO",283,6.138550555256172,1.2857997332814912
1023de85,"LOME,TGO",283,6.016912215957706,1.2813996746747132
1023dea9,"LOME,TGO",283,5.989847963401583,1.2861294162441825
1023dd75,"LOME,TGO",283,6.048022198743889,1.3298475378858035
1023de23,"LOME,TGO",283,6.058330262158547,1.2674372348245087
1023deb7,"LOME,TGO",283,5.989481920735024,1.2720896191232236
1023ddff,"LOME,TGO",283,6.064024456178956,1.2913238631847312
1023dc2f,"LOME,TGO",283,6.016167761415945,1.2964195226734625
1023deb5,"LOME,TGO",283,5.984482218623669,1.2723940607212205
1023decd,"LOME,TGO",283,5.984974944508546,1.2624923248640987
1023deb3,"LOME,TGO",283,5.984467968066923,1.2768115578247095
1023e73d,"LOME,TGO",283,6.095447075334795,1.3058575142459734
1023dde7,"LOME,TGO",283,6.04746348417137,1.2965246647887176
1023dda9,"LOME,TGO",283,6.03177335284574,1.324899648189759
1023dd91,"LOME,TGO",283,6.052705847444829,1.315489928109299
1023dec1,"LOME,TGO",283,6.000531842487504,1.267509426731436
1023dd95,"LOME,TGO",283,6.047781926397046,1.3106963828966571
1023dc1d,"LOME,TGO",283,5.9951533767918965,1.2914888348611009
1023de37,"LOME,TGO",283,6.0478134790567495,1.2579150054876616
1023de29,"LOME,TGO",283,6.063427793393298,1.2579160246991514
1023e6b3,"LOME,TGO",283,6.139461420979047,1.2895667814888663
1023e0b7,"LOME,TGO",283,6.085194661593739,1.2818120001862776
1023e0bf,"LOME,TGO",283,6.084934833448702,1.2721643693450968
1023dc43,"LOME,TGO",283,6.0052543814688235,1.3156521651320892
1023e145,"LOME,TGO",283,6.136496990069907,1.2768064245406956
1023e6d9,"LOME,TGO",283,6.111169800055993,1.3009024223879404
1023df19,"LOME,TGO",283,6.005176090552017,1.2433323279794928
1023dd9d,"LOME,TGO",283,6.053183742979167,1.3251286069146202
1023dc27,"LOME,TGO",283,6.010758147247493,1.2912712583402008
1023dd87,"LOME,TGO",283,6.064180453421318,1.3206559660083559
1023e761,"LOME,TGO",283,6.06913751428512,1.3107604480095925
1023ded9,"LOME,TGO",283,5.994897953353636,1.2529488374331301
1023dc05,"LOME,TGO",283,5.990500569215082,1.2969232550455148
1023ddf7,"LOME,TGO",283,6.063774777090643,1.3009732782421024
1023e721,"LOME,TGO",283,6.105534687451617,1.3055526974663918
1023de39,"LOME,TGO",283,6.047918966021787,1.2625760365624457
1023dd05,"LOME TOGO,TGO",283,6.031584761952591,1.334568020712512
102354ef,"COTONOU,BEN",284,6.34705181742402,2.4320393235226505
10235459,"COTONOU,BEN",284,6.346562978465712,2.4200077800705757
102354f1,"COTONOU,BEN",284,6.347565512274059,2.4276638452963746
102354f7,"COTONOU,BEN",284,6.34706803668225,2.4226660480157163
103b8871,"LAGOS,NGA",285,6.429048905810336,3.26664837737811
103b8865,"LAGOS,NGA",285,6.429700690074156,3.270325831471454
103b8a31,"APAPA,NGA",286,6.432190245300675,3.3516933643453304
103b8a49,"APAPA,NGA",286,6.431664495616008,3.360368382939321
103b8a3b,"APAPA,NGA",286,6.425490309045105,3.3515192885190586
103b8baf,"APAPA,NGA",286,6.4494054996681305,3.3738077107361604
103b8a25,"APAPA,NGA",286,6.425600806678775,3.345953111541726
103b8a51,"APAPA,NGA",286,6.432832035330702,3.3701880053950433
103b8a2f,"APAPA,NGA",286,6.431223058752792,3.3470274970606315
103b8a55,"APAPA,NGA",286,6.436186363064445,3.375991947753427
103b8ba3,"APAPA,NGA",286,6.458418129412357,3.3720596402197827
103b8ba5,"APAPA,NGA",286,6.450992184840671,3.3730391786085936
103b8a4f,"APAPA,NGA",286,6.433044249566956,3.367898106086518
103b8a37,"APAPA,NGA",286,6.431777864565005,3.3561392721770527
103b8ba9,"APAPA,NGA",286,6.447785904464226,3.37584363956294
103b8a53,"APAPA,NGA",286,6.4348210769074665,3.3726581062891143
103c0b6b,"LAGOS,NGA",286,6.329928300892561,3.441887309265504
103c7497,"LAGOS,NGA",286,6.324574880870655,3.396545571687081
103c7153,"LAGOS,NGA",286,6.309279330232753,3.331324629500217
103c0b75,"LAGOS,NGA",286,6.329833855560191,3.4572936111008565
103c0b63,"LAGOS,NGA",286,6.313666069892251,3.4477912257938788
103c0b19,"LAGOS,NGA",286,6.346256675806047,3.4421589122576726
103c7133,"LAGOS,NGA",286,6.310325014602567,3.3108061548337178
103c7151,"LAGOS,NGA",286,6.303955026901744,3.3318364193772863
103c7519,"LAGOS,NGA",286,6.362304241438098,3.397065455603931
103c74cd,"LAGOS,NGA",286,6.34067062661121,3.4169514123164735
103b8b09,"LAGOS,NGA",286,6.45375001478613,3.381589587047003
103c7481,"LAGOS,NGA",286,6.314284123586641,3.381977053393426
103c74cb,"LAGOS,NGA",286,6.335341975509413,3.417127322366811
103c7135,"LAGOS,NGA",286,6.3094416465228536,3.316328825222481
103c0b17,"LAGOS,NGA",286,6.340076612867021,3.44239699616311
103c7517,"LAGOS,NGA",286,6.3670468954379835,3.397140091191431
103c73f3,"LAGOS,NGA",286,6.304040539776448,3.3566440635004198
103c7401,"LAGOS,NGA",286,6.314479922686834,3.3414983651631105
103c7463,"LAGOS,NGA",286,6.324966895693326,3.376621800148875
103c7515,"LAGOS,NGA",286,6.372773311499937,3.3967358455647303
103c0b29,"LAGOS,NGA",286,6.351483269178926,3.42744948532735
103c73dd,"LAGOS,NGA",286,6.288027523962057,3.3463147499400945
103c0b65,"LAGOS,NGA",286,6.3195851528651765,3.4475398585145283
103c7373,"LAGOS,NGA",286,6.292603151466214,3.3865748201487564
103c74ef,"LAGOS,NGA",286,6.340457637435058,3.3917576313865903
103c76b5,"LAGOS,NGA",286,6.314537555566113,3.320980520285255
103c74d9,"LAGOS,NGA",286,6.351420552588804,3.4066435270896127
103c74eb,"LAGOS,NGA",286,6.33559417831119,3.397038190616535
103c739f,"LAGOS,NGA",286,6.293090301993294,3.37681783606017
103c0b67,"LAGOS,NGA",286,6.319127518999482,3.4423566573944626
103c0b01,"LAGOS,NGA",286,6.350388277753556,3.4575957196970393
103c0b13,"LAGOS,NGA",286,6.335288818560537,3.4472334587491917
103c0b39,"LAGOS,NGA",286,6.335641390139934,3.432045506382886
103c73a1,"LAGOS,NGA",286,6.288268653710932,3.3767440113443183
103c73fb,"LAGOS,NGA",286,6.303513709951174,3.346107184704891
103c712b,"LAGOS,NGA",286,6.309015554049922,3.301346977152591
103c74e3,"LAGOS,NGA",286,6.351749717755607,3.3920787836125994
103c715f,"LAGOS,NGA",286,6.293172302299513,3.3366487780549368
103c7573,"LAGOS,NGA",286,6.377718711434155,3.3866964127567787
103c73c3,"LAGOS,NGA",286,6.288055074662691,3.351781224787373
103c738b,"LAGOS,NGA",286,6.30930056066707,3.361275197119528
103c73fd,"LAGOS,NGA",286,6.303836277647096,3.341419250423911
103c753d,"LAGOS,NGA",286,6.367095476605853,3.401101497525445
103c0b15,"LAGOS,NGA",286,6.335543231526601,3.4420365674642044
103c737f,"LAGOS,NGA",286,6.308784907869267,3.381726702097644
103c712d,"LAGOS,NGA",286,6.30938324145079,3.3064997481182976
103c74bf,"LAGOS,NGA",286,6.329731179041097,3.401441431042139
103c74c1,"LAGOS,NGA",286,6.33543785809758,3.4018191757166374
103c749b,"LAGOS,NGA",286,6.319689041123036,3.3918267841351466
103c74a5,"LAGOS,NGA",286,6.319202374851113,3.4065295080467566
103c7139,"LAGOS,NGA",286,6.299224214108248,3.3164475415923538
103b8aff,"LAGOS,NGA",286,6.437221611235845,3.3816486843621596
103c7341,"LAGOS,NGA",286,6.293193147337282,3.402361895183415
103c737b,"LAGOS,NGA",286,6.303684021318085,3.3867853142294053
103c73ef,"LAGOS,NGA",286,6.298785011257276,3.351771488440167
103c74db,"LAGOS,NGA",286,6.346312753739233,3.406961873267594
103c0b37,"LAGOS,NGA",286,6.335452186890887,3.4274753424836764
103c7523,"LAGOS,NGA",286,6.3619504615455345,3.401873604426447
103c0ba3,"LAGOS,NGA",286,6.3355291048120135,3.4672253903765937
103c0b11,"LAGOS,NGA",286,6.339962244501804,3.4472686837966933
103c736d,"LAGOS,NGA",286,6.292899347408307,3.3912895990643865
103c0b71,"LAGOS,NGA",286,6.325077708704099,3.4527140757119805
103c7575,"LAGOS,NGA",286,6.377585226173691,3.3822321779302267
103c747f,"LAGOS,NGA",286,6.314237250504267,3.376746169103078
103c737d,"LAGOS,NGA",286,6.3093985968406505,3.387270934938338
103c74b1,"LAGOS,NGA",286,6.324860068182424,3.411789464744393
103b8ac7,"LAGOS,NGA",286,6.422234198260632,3.4060092996120863
103c73bb,"LAGOS,NGA",286,6.282856850063191,3.3662112847229997
103c748f,"LAGOS,NGA",286,6.324992603863856,3.3867802310972257
103c0b41,"LAGOS,NGA",286,6.329674477319077,3.4373499840550847
103c749f,"LAGOS,NGA",286,6.314593320125865,3.3965768064338335
103b8ac5,"LAGOS,NGA",286,6.424452181936191,3.40615466683435
103c0b1f,"LAGOS,NGA",286,6.350747365046072,3.4420383064434574
103c7365,"LAGOS,NGA",286,6.3038878368036295,3.3916567058724123
103c7155,"LAGOS,NGA",286,6.309451433076728,3.3366608152417725
103c714d,"LAGOS,NGA",286,6.309605294143917,3.326723886520876
103c756d,"LAGOS,NGA",286,6.378329313230428,3.391510504302503
103c74af,"LAGOS,NGA",286,6.319563163209829,3.412390847803141
103c7143,"LAGOS,NGA",286,6.2936643652723285,3.3262761222352295
103c73a7,"LAGOS,NGA",286,6.2827199584164894,3.3770589337932857
103c0afb,"LAGOS,NGA",286,6.361387864990161,3.452229795777754
103c7485,"LAGOS,NGA",286,6.3196414789862425,3.386839656567063
103c0af1,"LAGOS,NGA",286,6.36705516645411,3.4519140102902677
103c74a1,"LAGOS,NGA",286,6.314287895985857,3.401821338528551
103c74ab,"LAGOS,NGA",286,6.314224058434451,3.4169552806188164
103c7521,"LAGOS,NGA",286,6.356542372931744,3.4017127842469685
103c74d5,"LAGOS,NGA",286,6.35082552302843,3.4166088457575836
103c7345,"LAGOS,NGA",286,6.2982976990240305,3.406720146017145
103c714b,"LAGOS,NGA",286,6.3095162768341275,3.321402492875094
103c7483,"LAGOS,NGA",286,6.314672174686401,3.386616212688371
103c74a7,"LAGOS,NGA",286,6.314477766266882,3.407096737496467
103b8b1f,"LAGOS,NGA",286,6.4423972303172565,3.397527777285606
103b8b9f,"LAGOS,NGA",286,6.465235115518101,3.3764448902334925
103c0adf,"LAGOS,NGA",286,6.356118198758909,3.4373243265802125
103c7513,"LAGOS,NGA",286,6.372820516924797,3.3915139017918183
103c0b2d,"LAGOS,NGA",286,6.345680820789361,3.422908180466997
103c7389,"LAGOS,NGA",286,6.309403356210194,3.366376837764711
103c0bad,"LAGOS,NGA",286,6.35084907872305,3.467394249078971
103b8ae5,"LAGOS,NGA",286,6.431966254959993,3.3906766775311734
103c0b2f,"LAGOS,NGA",286,6.345668838828539,3.427109548013696
103c7371,"LAGOS,NGA",286,6.29864472422487,3.3866449576267414
103c0a53,"LAGOS,NGA",286,6.3566908982322055,3.467494123712868
103c7369,"LAGOS,NGA",286,6.298437962330068,3.3972350235329376
103c74b5,"LAGOS,NGA",286,6.33012893667185,3.41717543080419
103c0b73,"LAGOS,NGA",286,6.329718350674963,3.4523379471716074
103c747b,"LAGOS,NGA",286,6.319566374322901,3.3712303083023043
103c7505,"LAGOS,NGA",286,6.362770737698543,3.386382794725595
103c7489,"LAGOS,NGA",286,6.325039784006558,3.381961063750388
103c76cd,"LAGOS,NGA",286,6.314454205682457,3.3111253237952742
103b8afd,"LAGOS,NGA",286,6.4361675305476584,3.3869528462414342
103c73a5,"LAGOS,NGA",286,6.283413687423484,3.3715483855032096
103c0b47,"LAGOS,NGA",286,6.329739627317248,3.4325266595894126
103c73e7,"LAGOS,NGA",286,6.293674909158659,3.3464226314995797
103b8b21,"LAGOS,NGA",286,6.441529566692692,3.3999932768284
103c0b79,"LAGOS,NGA",286,6.319529830918267,3.457340221932483
103c748b,"LAGOS,NGA",286,6.330246920083243,3.3817897240488417
103c0b51,"LAGOS,NGA",286,6.319412038616651,3.4274717652722395
103c751b,"LAGOS,NGA",286,6.362915152196509,3.39127746783408
103c7149,"LAGOS,NGA",286,6.304428369684915,3.321326540641558
103c0b35,"LAGOS,NGA",286,6.335272387507479,3.42224507294417
103c751d,"LAGOS,NGA",286,6.356721093537257,3.392222304471616
103c7357,"LAGOS,NGA",286,6.3093660148647075,3.4115148112061267
103b8ae1,"LAGOS,NGA",286,6.436910483515081,3.395073936560416
103c74a9,"LAGOS,NGA",286,6.314783498224807,3.411559663561513
103c0b49,"LAGOS,NGA",286,6.3300804897029375,3.4272912040943715
103c7145,"LAGOS,NGA",286,6.29864334359637,3.326758851029233
103c76cb,"LAGOS,NGA",286,6.314349148211987,3.316373620813919
103c740b,"LAGOS,NGA",286,6.31452666929281,3.356387997928877
103c73e9,"LAGOS,NGA",286,6.293691598283021,3.3513751482517042
103c7367,"LAGOS,NGA",286,6.304451776701192,3.396750977648154
103c74e7,"LAGOS,NGA",286,6.345922981005464,3.396796254103471
103c7385,"LAGOS,NGA",286,6.303634538813376,3.3716108266064313
103c0afd,"LAGOS,NGA",286,6.356181971482277,3.4523826773098727
103b8b1d,"LAGOS,NGA",286,6.440114854055205,3.3915782322578805
103b8b07,"LAGOS,NGA",286,6.4449999820424795,3.380373700112508
103c0b03,"LAGOS,NGA",286,6.350851969489235,3.4521882663459555
103c730d,"LAGOS,NGA",286,6.28809561293518,3.3860868805119657
103c7137,"LAGOS,NGA",286,6.304067744669039,3.3160036242166506
103c751f,"LAGOS,NGA",286,6.3565149279347875,3.3966219243440325
103c7569,"LAGOS,NGA",286,6.382735385836154,3.39610230494656
103c73f7,"LAGOS,NGA",286,6.309180489047857,3.3515429529159375
103c74c9,"LAGOS,NGA",286,6.335357575872347,3.4116575606273116
103c0cab,"LAGOS,NGA",286,6.3089376063982705,3.4219427697939633
103c0b5f,"LAGOS,NGA",286,6.314020480432344,3.4375917652840444
103c749d,"LAGOS,NGA",286,6.313978997830987,3.3918095415618197
103c0b43,"LAGOS,NGA",286,6.324629074514231,3.4370233244664408
103c0ae1,"LAGOS,NGA",286,6.3563699974172385,3.442348655570907
103c7479,"LAGOS,NGA",286,6.314072587657724,3.3720008537918527
103c750f,"LAGOS,NGA",286,6.367185777298274,3.3865458872424545
103c7503,"LAGOS,NGA",286,6.355957171953671,3.3865575873583267
103c0b4b,"LAGOS,NGA",286,6.330431161645107,3.4222942276717725
103c738f,"LAGOS,NGA",286,6.303633472664794,3.3669954953264436
103c73f5,"LAGOS,NGA",286,6.309204856703655,3.3563599849988046
103c0b1d,"LAGOS,NGA",286,6.350731222543935,3.4474606468412743
103c0b3b,"LAGOS,NGA",286,6.340752165220292,3.4319499379232
103c0b5b,"LAGOS,NGA",286,6.319361199944641,3.431719762433115
103c74c3,"LAGOS,NGA",286,6.340882569737931,3.402133004923818
103c0ba7,"LAGOS,NGA",286,6.3398327855910965,3.46277682545587
103c0b4f,"LAGOS,NGA",286,6.324698104704047,3.427371773886143
103c0b1b,"LAGOS,NGA",286,6.345832175733738,3.447252445410326
103c74fd,"LAGOS,NGA",286,6.351648460464953,3.3866974055745085
103c73eb,"LAGOS,NGA",286,6.293272104263641,3.356605565550131
103c0b0b,"LAGOS,NGA",286,6.335130638919901,3.457543503756128
103c73a3,"LAGOS,NGA",286,6.287751387153382,3.371845708349243
103c7393,"LAGOS,NGA",286,6.29880894904779,3.3615506260932952
103c0b59,"LAGOS,NGA",286,6.313889092471536,3.4318378719539924
103c74e5,"LAGOS,NGA",286,6.346272873100186,3.3920528598259803
103c739b,"LAGOS,NGA",286,6.298358305154635,3.3717103070816807
103c74b3,"LAGOS,NGA",286,6.324866105339296,3.4168052113488865
103c0af9,"LAGOS,NGA",286,6.361440953662597,3.457513301238169
103c7495,"LAGOS,NGA",286,6.330315447228242,3.397147325184902
103c756f,"LAGOS,NGA",286,6.382685373380137,3.391389376302362
103c7383,"LAGOS,NGA",286,6.303482432297032,3.376184152586317
103b8a95,"LAGOS,NGA",286,6.413033029009261,3.398046478021783
103c7353,"LAGOS,NGA",286,6.3039220489468,3.417068656752331
103c73f9,"LAGOS,NGA",286,6.309624626700934,3.346660954176466
103c0b4d,"LAGOS,NGA",286,6.325317827732652,3.4222004001115756
103c76b3,"LAGOS,NGA",286,6.31416813529929,3.327330683313033
103c74a3,"LAGOS,NGA",286,6.319711048961949,3.402003925797
103c750b,"LAGOS,NGA",286,6.3729249731385185,3.3820437033655635
103c0af7,"LAGOS,NGA",286,6.3670907496828155,3.457396296027761
103c730b,"LAGOS,NGA",286,6.287930445275163,3.381870280473293
103c7499,"LAGOS,NGA",286,6.319267692859629,3.39667931845676
103c0b07,"LAGOS,NGA",286,6.345776355664002,3.4571037808709897
103c74ad,"LAGOS,NGA",286,6.320040973260579,3.417382599087438
103c7477,"LAGOS,NGA",286,6.314228716607554,3.3663862556039095
103c7359,"LAGOS,NGA",286,6.309139091346602,3.4070898614988057
103c73f1,"LAGOS,NGA",286,6.3039215553932335,3.350974586606976
103c7381,"LAGOS,NGA",286,6.309004122275695,3.3768693909318492
103c714f,"LAGOS,NGA",286,6.303899772348012,3.3261662306155007
103c7361,"LAGOS,NGA",286,6.308967219014911,3.396335922530434
103c73c1,"LAGOS,NGA",286,6.288631666292488,3.356593381187051
103c73ff,"LAGOS,NGA",286,6.3095753932279734,3.3415589438631854
103c0b45,"LAGOS,NGA",286,6.325019518848391,3.43233120438237
103c0a57,"LAGOS,NGA",286,6.36126995025323,3.462499422388739
103c7527,"LAGOS,NGA",286,6.3559946854618525,3.406996509325048
103c0b27,"LAGOS,NGA",286,6.350990524383314,3.4322040764347186
103b8b01,"LAGOS,NGA",286,6.443746044452191,3.38277914420149
103c76ad,"LAGOS,NGA",286,6.313992678777779,3.3312961336343614
103c750d,"LAGOS,NGA",286,6.372924500381421,3.3865739370469545
103c74fb,"LAGOS,NGA",286,6.346269006605005,3.3862479322543897
103c7391,"LAGOS,NGA",286,6.298214588174829,3.3665991087767266
103c7351,"LAGOS,NGA",286,6.303712377023448,3.4116380385349485
103c7397,"LAGOS,NGA",286,6.293391057046051,3.366542100563689
103c74e9,"LAGOS,NGA",286,6.340958757054828,3.397207320516313
103c0b0d,"LAGOS,NGA",286,6.335402531357747,3.4519359399799403
103c0b25,"LAGOS,NGA",286,6.345771159175498,3.432384822209783
103c715d,"LAGOS,NGA",286,6.293444532840513,3.3313440593488495
103b8b03,"LAGOS,NGA",286,6.442076065310631,3.386834456542935
103c0ad9,"LAGOS,NGA",286,6.3557096178010974,3.4325535318467137
103c74ed,"LAGOS,NGA",286,6.335304296937367,3.391959935175548
103c735d,"LAGOS,NGA",286,6.304066432990893,3.4017171596366973
103c74d1,"LAGOS,NGA",286,6.3459609351527515,3.411806468532494
103c74b9,"LAGOS,NGA",286,6.330617827065635,3.4066599636730404
103c0b31,"LAGOS,NGA",286,6.340229997996555,3.427542729287888
103c7487,"LAGOS,NGA",286,6.319447120996135,3.381897686205527
103c73c5,"LAGOS,NGA",286,6.2827769048193005,3.3517038491026887
103c73e1,"LAGOS,NGA",286,6.293268542084331,3.341761516016364
103c7387,"LAGOS,NGA",286,6.30884561263025,3.3713470664293457
103c0b3d,"LAGOS,NGA",286,6.340324736508423,3.4371907201332847
103c74dd,"LAGOS,NGA",286,6.345949737047363,3.4019572353350886
103c7157,"LAGOS,NGA",286,6.304018825738124,3.336454234510958
103c7493,"LAGOS,NGA",286,6.330249128106461,3.3917984801276213
103c0b53,"LAGOS,NGA",286,6.318794697938828,3.42249624731794
103c0b33,"LAGOS,NGA",286,6.340667597869438,3.421954631061218
103c7511,"LAGOS,NGA",286,6.367705315135235,3.3916630647439208
103c0b05,"LAGOS,NGA",286,6.345842566993838,3.452513248093055
103c0b6d,"LAGOS,NGA",286,6.330338012649594,3.4472359298909616
103c76d5,"LAGOS,NGA",286,6.314368958454238,3.301185434994498
103c0b6f,"LAGOS,NGA",286,6.324740345918228,3.4474263570908747
103c74e1,"LAGOS,NGA",286,6.35150299960003,3.396859180950583
103c0ae5,"LAGOS,NGA",286,6.361429046062683,3.4470558766667136
103c73bd,"LAGOS,NGA",286,6.288175521321942,3.3673393691154323
103c0b69,"LAGOS,NGA",286,6.3248549360244395,3.4424935642640317
103c73db,"LAGOS,NGA",286,6.2827555917743965,3.3458318510704483
103c734f,"LAGOS,NGA",286,6.298262408124646,3.4118728783894627
103c74cf,"LAGOS,NGA",286,6.340387553792809,3.4116475703916858
103c7343,"LAGOS,NGA",286,6.298294518509429,3.4017368674909174
103c74d7,"LAGOS,NGA",286,6.351203893887945,3.4117640002778487
103c0b21,"LAGOS,NGA",286,6.351091568711712,3.4370166940964766
103c7395,"LAGOS,NGA",286,6.293167420596788,3.361741265588526
103c0b3f,"LAGOS,NGA",286,6.335434226197743,3.437152422554043
103c7363,"LAGOS,NGA",286,6.309711481047024,3.391937918618164
103c748d,"LAGOS,NGA",286,6.329849523493444,3.386670549949392
103c756b,"LAGOS,NGA",286,6.378074759399709,3.39681546857859
103c74b7,"LAGOS,NGA",286,6.330167166420304,3.4118337052076884
103c735f,"LAGOS,NGA",286,6.308582630518685,3.4019917858488835
103c73e3,"LAGOS,NGA",286,6.2984732430635555,3.3414394111564003
103c739d,"LAGOS,NGA",286,6.298114858254482,3.3770811626806303
103c74c5,"LAGOS,NGA",286,6.340743820622827,3.40700171098577
103c7147,"LAGOS,NGA",286,6.299090745793312,3.3212502131079233
103c74bd,"LAGOS,NGA",286,6.3248821460968205,3.4019238326829897
103b8afb,"LAGOS,NGA",286,6.432319831353642,3.388544502680149
103c76ab,"LAGOS,NGA",286,6.314684583676339,3.3359981085046715
103b8ae3,"LAGOS,NGA",286,6.434616162382297,3.3925756314517583
103c747d,"LAGOS,NGA",286,6.319705792508768,3.376605577537826
103c7571,"LAGOS,NGA",286,6.3828740000453434,3.3872813448529104
103c7377,"LAGOS,NGA",286,6.298323510128534,3.3811322258771273
103c0ae3,"LAGOS,NGA",286,6.356496223244997,3.447112149005845
103c7375,"LAGOS,NGA",286,6.293400456060267,3.381633186903708
103c735b,"LAGOS,NGA",286,6.303914969766019,3.407074156880022
103c0b09,"LAGOS,NGA",286,6.340879826344239,3.457351817923655
103c74bb,"LAGOS,NGA",286,6.32500250299365,3.4067589761390678
103c0b55,"LAGOS,NGA",286,6.31445674289651,3.421267211145268
103c0ba9,"LAGOS,NGA",286,6.345848014605465,3.4626612526295735
103c74df,"LAGOS,NGA",286,6.351053033404661,3.401825369327917
103c734d,"LAGOS,NGA",286,6.298301042179155,3.4171538712877165
103c0b23,"LAGOS,NGA",286,6.345982598779924,3.4372679035974607
103c74c7,"LAGOS,NGA",286,6.335605379044513,3.4072387793533654
103c0a55,"LAGOS,NGA",286,6.356188569269466,3.4628896379511214
103c7399,"LAGOS,NGA",286,6.293129331739521,3.3714239069615353
103b899d,"AJEGUNLE,NGA",286,6.436302256115203,3.3277590529280556
103b8989,"AJEGUNLE,NGA",286,6.426916768784504,3.338218674238942
103b8a29,"AJEGUNLE,NGA",286,6.4294523601003,3.3410093997574006
103b8981,"AJEGUNLE,NGA",286,6.437530407561423,3.334100538652182
103b8a27,"AJEGUNLE,NGA",286,6.426671037097815,3.3406916124225337
103b899f,"AJEGUNLE,NGA",286,6.435621661400613,3.31982086360973
103b89a7,"AJEGUNLE,NGA",286,6.436151088834954,3.3124053541002945
103b8983,"AJEGUNLE,NGA",286,6.436633873877663,3.331612294454188
103b89a1,"AJEGUNLE,NGA",286,6.435704027813557,3.3157324129707293
103b8987,"AJEGUNLE,NGA",286,6.4308832765552255,3.3372530568290957
103b8a21,"AJEGUNLE,NGA",286,6.42175623339878,3.3414465306802286
103b8999,"AJEGUNLE,NGA",286,6.432161097895883,3.3211815556963127
103b899b,"AJEGUNLE,NGA",286,6.433910412591724,3.3242905605362756
103b890b,"AJEGUNLE,NGA",286,6.443287682020296,3.3160311642270366
103b8985,"AJEGUNLE,NGA",286,6.4332227013153425,3.3327210196467973
103c7413,"TIN CAN ISLAND,NGA",286,6.325483430998949,3.356609387022199
103c745f,"TIN CAN ISLAND,NGA",286,6.335902713155616,3.377041084672099
103c7447,"TIN CAN ISLAND,NGA",286,6.340776330697162,3.3617982889140148
103c7405,"TIN CAN ISLAND,NGA",286,6.319760965184285,3.346621345818296
103c7469,"TIN CAN ISLAND,NGA",286,6.330663448453816,3.3662806184917926
103c7403,"TIN CAN ISLAND,NGA",286,6.3199646586737686,3.341410220504563
103c744f,"TIN CAN ISLAND,NGA",286,6.346460100588885,3.3667379470110546
103c7699,"TIN CAN ISLAND,NGA",286,6.335614301888596,3.330972434819595
103c769f,"TIN CAN ISLAND,NGA",286,6.335662121003031,3.3361872462264515
103c75ab,"TIN CAN ISLAND,NGA",286,6.356453967717436,3.376440766566729
103c7431,"TIN CAN ISLAND,NGA",286,6.3462011155789675,3.351277745943306
103c7411,"TIN CAN ISLAND,NGA",286,6.324689123310078,3.3514508207125004
103c746d,"TIN CAN ISLAND,NGA",286,6.325070531780101,3.361351520950337
103c7443,"TIN CAN ISLAND,NGA",286,6.3358540155488425,3.366558525549502
103c7459,"TIN CAN ISLAND,NGA",286,6.340720599754308,3.376785980237982
103c7449,"TIN CAN ISLAND,NGA",286,6.346557703205634,3.3619615636911817
103c7457,"TIN CAN ISLAND,NGA",286,6.34646268249828,3.376469991136948
103c7507,"TIN CAN ISLAND,NGA",286,6.362842843907368,3.382162530999586
103c7415,"TIN CAN ISLAND,NGA",286,6.330888931523115,3.356167787673777
103c741f,"TIN CAN ISLAND,NGA",286,6.33053147410771,3.3412436609970397
103c74f7,"TIN CAN ISLAND,NGA",286,6.340877487193001,3.3815293903863823
103c7439,"TIN CAN ISLAND,NGA",286,6.341173180332598,3.3567368863209133
103c7683,"TIN CAN ISLAND,NGA",286,6.346829714906191,3.3361691106585467
103c7689,"TIN CAN ISLAND,NGA",286,6.351534256845847,3.326429440675818
103c742f,"TIN CAN ISLAND,NGA",286,6.346417485397947,3.3464704882568084
103c7425,"TIN CAN ISLAND,NGA",286,6.34159603255977,3.346096217563677
103c7451,"TIN CAN ISLAND,NGA",286,6.3463040233892185,3.371800062339721
103c7461,"TIN CAN ISLAND,NGA",286,6.330175500834234,3.3762678119554734
103c7427,"TIN CAN ISLAND,NGA",286,6.341194557425669,3.3414929619606406
103c7445,"TIN CAN ISLAND,NGA",286,6.3409583800566525,3.3667569321035176
103c7501,"TIN CAN ISLAND,NGA",286,6.356948062718615,3.3818921024011797
103c74f5,"TIN CAN ISLAND,NGA",286,6.335432778761724,3.38148145739467
103c76f3,"TIN CAN ISLAND,NGA",286,6.346894753851149,3.3165672212342465
103c740f,"TIN CAN ISLAND,NGA",286,6.3199401113888,3.351401398994078
103c76a7,"TIN CAN ISLAND,NGA",286,6.325060645841329,3.3363564397488314
103c75bb,"TIN CAN ISLAND,NGA",286,6.366911894641211,3.3672174672483024
103c76a1,"TIN CAN ISLAND,NGA",286,6.330662678776184,3.3369569550444207
103c7695,"TIN CAN ISLAND,NGA",286,6.3361853017166245,3.321301556352582
103c7453,"TIN CAN ISLAND,NGA",286,6.351474964116033,3.372096210648604
103c74f9,"TIN CAN ISLAND,NGA",286,6.345822410096122,3.3822258092707567
103c76eb,"TIN CAN ISLAND,NGA",286,6.336704428239613,3.3164927806915694
103c7455,"TIN CAN ISLAND,NGA",286,6.351480788851565,3.37631005790039
103c7429,"TIN CAN ISLAND,NGA",286,6.346570122675682,3.3414076313475918
103c7509,"TIN CAN ISLAND,NGA",286,6.367445435753168,3.38150371658262
103c769d,"TIN CAN ISLAND,NGA",286,6.341816223699736,3.336292106303531
103c7465,"TIN CAN ISLAND,NGA",286,6.32547760687613,3.3716272433431964
103c7a37,"LAGOS,NGA",287,6.2944136617156214,3.225796319292787
103c7a3f,"LAGOS,NGA",287,6.294048246764696,3.235863436192948
103c7a35,"LAGOS,NGA",287,6.294282297925115,3.2206252083129008
103cadcd,"COTONOU,BEN",288,6.271419650976314,2.527095272979159
103cac59,"COTONOU,BEN",288,6.287191998791896,2.502532857194464
103cac51,"COTONOU,BEN",288,6.282247230550051,2.507124590067065
103cacf7,"COTONOU,BEN",288,6.2867449925783445,2.49744881802557
103cac43,"COTONOU,BEN",288,6.292597274761758,2.51248164056304
103cad97,"COTONOU,BEN",288,6.250728849598418,2.5121020006997496
103cac37,"COTONOU,BEN",288,6.281193999785811,2.522533775085874
103cac33,"COTONOU,BEN",288,6.27651703597737,2.5268400677333256
103cac4f,"COTONOU,BEN",288,6.282184762708755,2.5122427464699
103cadad,"COTONOU,BEN",288,6.271507371922944,2.5074688380518513
103cadbd,"COTONOU,BEN",288,6.2555860949091855,2.512157811477235
103cac99,"COTONOU,BEN",288,6.308897645625695,2.482670672716018
103cac45,"COTONOU,BEN",288,6.287172466083238,2.512011877480767
103cadb3,"COTONOU,BEN",288,6.271699028055856,2.5128236143573783
103cada3,"COTONOU,BEN",288,6.255657490259347,2.50789753403256
103cacf9,"COTONOU,BEN",288,6.282557393082899,2.49714915425998
103cada5,"COTONOU,BEN",288,6.260911570609773,2.507580544368078
103cac49,"COTONOU,BEN",288,6.281876503908917,2.516981591049053
103cac5f,"COTONOU,BEN",288,6.292985715108959,2.502774454257548
103cace3,"COTONOU,BEN",288,6.276709562583158,2.4873252176635634
103e3509,"ERHA,NGA",289,5.348888209697365,4.358269487981726
103e3507,"ERHA,NGA",289,5.3461608307611135,4.358470337263074
103f8e57,"ESCRAVOS,NGA",290,5.491875797194869,4.933060170289643
103f8f23,"ESCRAVOS,NGA",290,5.507770868306668,4.958815819946617
103f8e53,"ESCRAVOS,NGA",290,5.4968666554663965,4.928304133087737
103f8e55,"ESCRAVOS,NGA",290,5.495986502553671,4.932006543824884
103f8f3d,"ESCRAVOS DOCK,NGA",290,5.5120520485028885,4.958665449346544
103f8e51,"ESCRAVOS NIGERIA,NGA",290,5.492793726423355,4.928423462790889
103f88c5,"ESCRAVOS OIL TERMINAL,NGA",290,5.512737103546529,4.9901617296005405
104005b5,"FORCADOS OIL TERMINAL,NGA",291,5.1662265583258025,5.166865307126155
1040044d,"FORCADOS OIL TERMINAL,NGA",291,5.161279064317565,5.172702724891819
104005b7,"FORCADOS OIL TERMINAL,NGA",291,5.171756124371557,5.166069951160018
10401521,"CK NO 3,NGA",292,5.350126521263528,5.352639904028921
10405281,"WARRI,NGA",293,5.536246746332467,5.6920086007979505
1040527f,"WARRI,NGA",293,5.534906495641959,5.686507772589972
10404d81,"WARRI,NGA",293,5.534236660791616,5.685419269137085
104051e5,"WARRI,NGA",294,5.542701546955219,5.631800801614661
104051c5,"WARRI,NGA",294,5.5480372391304185,5.617513089348336
104051c3,"WARRI,NGA",294,5.54807155442751,5.62266667254897
104051e7,"WARRI,NGA",294,5.54422738564166,5.628538012858269
104051e9,"WARRI,NGA",294,5.548177132020668,5.6261820802237645
1040646d,"LAGOS,NGA",295,5.608118588656532,5.286441480429693
10406463,"LAGOS,NGA",295,5.608405441041668,5.2715110051915035
10406467,"WARRI,NGA",295,5.604962061504291,5.276766641417195
10407b6d,"WARRI,NGA",295,5.605041754854313,5.197372140440438
10406469,"WARRI,NGA",295,5.605369527173237,5.280770680799147
10406489,"WARRI,NGA",295,5.6093294342962805,5.266583969601338
10406465,"WARRI,NGA",295,5.608077581390418,5.276163001167785
1040646f,"ESCRAVOS,NGA",295,5.608309031457931,5.281382030422087
10407b43,"ESCRAVOS,NGA",295,5.610812137136584,5.207266562196912
104064a9,"ESCRAVOS,NGA",295,5.619352709708598,5.2343606842598
10407b51,"ESCRAVOS,NGA",295,5.616191778538638,5.220354629400436
10407b6f,"ESCRAVOS FUNIWA,NGA",295,5.610080291013521,5.19778385351005
10407613,"LOME,NGA",296,5.469749677189496,5.078120750007747
10407639,"LAGOS,NGA",296,5.4851000449136,5.078360346126053
10407611,"LAGOS,NGA",296,5.469486887529357,5.073132232122579
10407625,"LAGOS,NGA",296,5.484997241958502,5.068082163663307
1040766b,"WARRI,NGA",296,5.474558102000335,5.0831352521446025
10407641,"ESCRAVOS,NGA",296,5.479754889781411,5.08285741145285
10407615,"ESCRAVOS,NGA",296,5.474872688510426,5.077808887340781
1040763f,"ESCRAVOS,NGA",296,5.4799807259233475,5.077902706156734
106112f9,"DOUALA,CMR",298,4.0495351156144865,9.687103196243077
1061131d,"DOUALA,CMR",298,4.041513208927607,9.676700129683313
10611353,"DOUALA,CMR",298,4.013792963133698,9.642856724050604
10616b57,"DOUALA,CMR",298,4.004090093713458,9.631970479602328
1061132d,"DOUALA,CMR",298,4.013164532613489,9.671265598605245
10611303,"DOUALA,CMR",298,4.042471752343778,9.678189533185645
10616cab,"DOUALA,CMR",298,4.009240968851863,9.637882371964933
10616b5b,"DUOALA,CMR",298,3.9995798753843057,9.627253841189171
1061427f,"DOUALA,CMR",299,3.8955718462558813,9.541948491521524
1061434b,"DOUALA,CMR",299,3.8559288312221964,9.475596920129975
10614321,"DOUALA,CMR",299,3.8707051396626992,9.497930865289128
106142e1,"DOUALA,CMR",299,3.874898339406486,9.503500071234159
106142dd,"DOUALA,CMR",299,3.8705430696329075,9.50889014618134
1061433d,"DOUALA,CMR",299,3.8705023877754017,9.48745885687081
10614327,"DOUALA,CMR",299,3.866373190643152,9.496585870180681
10614287,"DOUALA,CMR",299,3.890240781070269,9.536253155126026
10614285,"DOUALA,CMR",299,3.8851074705116058,9.536359880803726
10615b57,"DOUALA,CMR",299,3.8452239409761457,9.453709403238804
106142fb,"DOUALA,CMR",299,3.8846107353610324,9.509246389532915
106142ef,"DOUALA,CMR",299,3.8801350689359118,9.514173778750239
1061427b,"DOUALA,CMR",299,3.8990482523090915,9.537149232075505
10614325,"DOUALA,CMR",299,3.866016694492558,9.492129257986779
106169d1,"DOUALA,CMR",299,3.900398317493694,9.553079436685172
1061434d,"DOUALA,CMR",299,3.8551268671291723,9.469898055551102
106142f5,"DOUALA,CMR",299,3.8893128834983792,9.520411241711276
106142f3,"DOUALA,CMR",299,3.884916202569309,9.520065149536718
10615caf,"DOUALA,CMR",299,3.8463511081632324,9.464102703016536
10615cb3,"DOUALA,CMR",299,3.8514187670411846,9.469803665359953
106142e9,"DOUALA,CMR",299,3.875480272932287,9.514420620670387
10614281,"DOUALA,CMR",299,3.8900483110796737,9.541952995241115
106169d7,"DOUALA,CMR",299,3.900184769779507,9.547410161441418
1061682b,"DOUALA,CMR",299,3.8896507158710962,9.548051398231337
1061431d,"DOUALA,CMR",299,3.8806339270224823,9.498213813473209
10616829,"DOUALA,CMR",299,3.885265388107885,9.547518604859496
1061427d,"DOUALA,CMR",299,3.894977803587101,9.536662822501201
1061434f,"DOUALA,CMR",299,3.860025864888264,9.470432435583756
106142e3,"DOUALA,CMR",299,3.8802761488327158,9.503403098378232
10615ca7,"DOUALA,CMR",299,3.8416335351746045,9.458134929668526
10614295,"DOUALA,CMR",299,3.8758215188325806,9.525579568467391
10614293,"DOUALA,CMR",299,3.8799350817946276,9.525506154005043
106169dd,"DOUALA,CMR",299,3.9099509018338963,9.55392738712282
10615b5d,"DOUALA,CMR",299,3.8359485574778476,9.447624730167185
106142e7,"DOUALA,CMR",299,3.8756013757045866,9.508605072577486
10615b43,"DOUALA,CMR",299,3.8352613807968456,9.442804315038368
10615cad,"DOUALA,CMR",299,3.8509887400260707,9.46453440628917
106142df,"DOUALA,CMR",299,3.870573292367695,9.503456199133865
10614263,"DOUALA,CMR",299,3.894538826509883,9.531877261564953
10614261,"DOUALA,CMR",299,3.8952899172470725,9.525891654027815
10615b5b,"DOUALA,CMR",299,3.8403634050324507,9.448538389001115
1061428b,"DOUALA,CMR",299,3.889887780205413,9.525819352263227
1061428d,"DOUALA,CMR",299,3.8855387644997714,9.525567675114303
1061433b,"DOUALA,CMR",299,3.8654485227403748,9.486720024096334
10615ca9,"DOUALA,CMR",299,3.8456994076101165,9.45820689231515
10615b69,"DOUALA,CMR",299,3.831378140753828,9.442341222864167
1061428f,"DOUALA,CMR",299,3.885372729272119,9.531081615117248
106169d9,"DOUALA,CMR",299,3.905174277657365,9.54782580466055
106142f1,"DOUALA,CMR",299,3.885268958219713,9.51497236269519
1061431f,"DOUALA,CMR",299,3.87526552167789,9.497762353415862
10615cab,"DOUALA,CMR",299,3.850265450831073,9.458867758767909
10614339,"DOUALA,CMR",299,3.8657388738424965,9.481510445282836
10614349,"DOUALA,CMR",299,3.86008659996048,9.47616931065243
10614283,"DOUALA,CMR",299,3.884937967156354,9.542139505891935
10614291,"DOUALA,CMR",299,3.8803983704749734,9.53103637283438
106142e5,"DOUALA,CMR",299,3.880476033809464,9.509162158679475
1061682f,"DOUALA,CMR",299,3.8853394856624788,9.552970679464925
106142eb,"DOUALA,CMR",299,3.875549323682323,9.51994397914572
10614279,"DOUALA,CMR",299,3.8997342875869374,9.543174960018943
10615b59,"DOUALA,CMR",299,3.841126530095549,9.453513449392673
10614331,"DOUALA,CMR",299,3.861443179143461,9.486369691163263
10614323,"DOUALA,CMR",299,3.870144916227088,9.49259517692172
10614289,"DOUALA,CMR",299,3.8900569131853775,9.53185318299144
10614337,"DOUALA,CMR",299,3.8608117621632796,9.480771846808203
10614ab5,"LIMBE,CMR",300,3.9998464483454677,9.191909248692276
1066b533,"LIMBE,CMR",300,3.9898221870052675,9.18689203506531
106433f1,"LUBA,GNQ",302,3.4694655949519326,8.559056177600803
106433ef,"LUBA,GNQ",302,3.4736054846785707,8.559012585437006
106433dd,"LUBA,GNQ",302,3.4838921523279733,8.564060115396938
106433e9,"LUBA,GNQ",302,3.4782114792028773,8.558770331740549
1064338d,"LUBA,GNQ",302,3.466922391005334,8.547994852771163
106433e5,"LUBA,GNQ",302,3.4735842604714486,8.563333744895662
106433e7,"LUBA,GNQ",302,3.4791654950811517,8.563931729345981
1064338b,"LUBA,GNQ",302,3.4662161128532682,8.548846909388637
10660c67,"SERPENTINA TERMINAL,GNQ",303,3.8038159878820763,8.081578615510942
10661fd9,"ODUDU TERMINAL,NGA",304,4.00470473065547,7.787891381338228
10663769,"QUA IBOE,NGA",305,4.20469917113798,8.070577887125026
10663753,"QUA IBOE,NGA",305,4.199868071103985,8.04862475088938
106637a7,"QUA IBOE,NGA",305,4.220464991796865,8.092596735499468
1066376b,"QUA IBOE,NGA",305,4.208852156949286,8.070599337564925
10663741,"QUA IBOE,NGA",305,4.209047803008143,8.066318894123349
10663743,"QUA IBOE NIGERIA,NGA",305,4.204966242347977,8.066208793206362
1066374d,"QUA IBOE OIL TERMINAL,NGA",305,4.20383175398034,8.048212831794563
106630ad,"QUA IBOE OIL TERMINAL,NGA",305,4.200178113173103,8.043978142929463
106630cd,"QUA IBOE OIL TERMINAL,NGA",305,4.2198610905470675,8.04478634421384
10663733,"QUA IBOE OIL TERMINAL,NGA",305,4.219672148718927,8.04798464485409
1066472d,"ONNE PORT,NGA",306,4.110070812985264,8.168178269279435
106640d5,"EBOK FIELD,NGA",306,4.106046651082129,8.175690025964785
1066412b,"EBOK FIELD,NGA",306,4.107529964409846,8.17977214548099
106658a9,"MOUDI MARINE TERMINAL,CMR",308,4.115135887293413,8.482091245133285
1066f603,"MOUDI MARINE TERMINAL,CMR",308,4.115287488776548,8.486992844592145
10669947,"MALABO,GNQ",309,3.7928231699849784,8.767270165282211
10669bd7,"MALABO,GNQ",309,3.813054099842937,8.745425575105584
10669ec3,"MALABO,GNQ",309,3.762649897804278,8.779453191312774
10669bd9,"MALABO,GNQ",309,3.8078927495441146,8.74523015208675
1066995b,"MALABO,GNQ",309,3.7931496424320943,8.75680455042872
10669969,"MALABO,GNQ",309,3.802821183614437,8.76142835377118
10669943,"MALABO,GNQ",309,3.7980120097138372,8.761861954043358
10669edd,"MALABO,GNQ",309,3.763615382981362,8.78268045880745
10669ee9,"MALABO,GNQ",309,3.7590008311406664,8.780549717823321
10669ec1,"MALABO,GNQ",309,3.7618242477427035,8.772263168659977
1066994d,"MALABO,GNQ",309,3.7828471284523864,8.761680609023456
1066995f,"MALABO,GNQ",309,3.797917675490863,8.7502538167904
1066995d,"MALABO,GNQ",309,3.797876053283184,8.756189101729504
10669961,"MALABO,GNQ",309,3.803222548689796,8.750580341359873
10669ead,"MALABO,GNQ",309,3.7781236290069833,8.756386554557055
10669b79,"PUNTA EUROPA TERMINAL,GNQ",309,3.7871915331783215,8.703550671949124
10669be1,"PUNTA EUROPA TERMINAL,GNQ",309,3.797825507259782,8.745275553648586
10669be3,"PUNTA EUROPA TERMINAL,GNQ",309,3.7932466382609653,8.745705470218352
10669c1f,"PUNTA EUROPA TERMINAL,GNQ",309,3.763201697403077,8.74345208555724
10669eab,"PUNTA EUROPA TERMINAL,GNQ",309,3.7777611172401917,8.75093287524863
10669b83,"PUNTA EUROPA TERMINAL,GNQ",309,3.7884628714218462,8.704830045852335
10669be7,"PUNTA EUROPA TERMINAL,GNQ",309,3.7980754867376705,8.740205036572481
10669bfb,"PUNTA EUROPA TERMINAL,GNQ",309,3.7879176958773106,8.740579043157348
10669bdb,"PUNTA EUROPA TERMINAL,GNQ",309,3.8079751388101863,8.7402924927695
10669bff,"PUNTA EUROPA TERMINAL,GNQ",309,3.7835749630251363,8.745491675255652
10669b7d,"PUNTA EUROPA TERMINAL,GNQ",309,3.7828140807958195,8.697843504943371
10669be5,"PUNTA EUROPA TERMINAL,GNQ",309,3.7933996057374064,8.740419656503457
10669bdd,"PUNTA EUROPA TERMINAL,GNQ",309,3.8031283687355995,8.740173583062738
10669bfd,"PUNTA EUROPA TERMINAL,GNQ",309,3.788019061169016,8.746237614917053
1066b591,"LIMBOH TERMINAL,CMR",310,4.0065167892420694,9.13209403154796
1066b595,"LIMBOH TERMINAL,CMR",310,4.002121961384026,9.127898406620655
106787c3,"CALABAR,NGA",311,4.98293341875022,8.322222130503894
106787c5,"CALABAR,NGA",311,4.976528334254731,8.323681008878303
106787df,"CALABAR,NGA",311,4.983700131643018,8.312125125500225
106787cf,"CALABAR,NGA",311,4.973992675330839,8.32288966944903
106788b7,"CALABAR,NGA",312,4.933494966814616,8.288050224625934
106788b9,"CALABAR,NGA",312,4.937119045662791,8.28976212405126
106788c9,"CALABAR,NGA",312,4.931935371058692,8.286194597748613
106788cb,"CALABAR,NGA",312,4.927970623897965,8.283706606975349
1067d44d,"ONNE,NGA",313,4.410820552372773,7.832452509935448
1067d5b3,"OKORO FIELD,NGA",313,4.409426825096771,7.824900676483428
10683519,"OKRIKA,NGA",314,4.723652712856149,7.118371067821334
1069cacf,"OKRIKA,NGA",314,4.719927210910912,7.085940778286447
1069cad1,"OKRIKA,NGA",314,4.722843509626339,7.0841422643092
10684a41,"ONNE,NGA",315,4.668614634845623,7.153962640244982
10684a0b,"ONNE,NGA",315,4.688552370945522,7.158119003753887
10684a75,"ONNE,NGA",315,4.686609012609169,7.157361015833657
10684a73,"ONNE,NGA",315,4.683251520085712,7.156801912605507
106835f5,"ONNE,NGA",315,4.694953638618498,7.1591647109116865
10684a15,"ONNE,NGA",315,4.673530349386234,7.1589561499025605
10684a0d,"ONNE,NGA",315,4.6834120539093265,7.158948936577394
10684a13,"ONNE,NGA",315,4.678432419398095,7.158968311222365
10684a3f,"ONNE,NGA",315,4.668286610139808,7.1587472857037975
106835f7,"ONNE,NGA",315,4.695206017787844,7.16579639356807
10684a6d,"ONNE,NGA",315,4.678362553259325,7.155907241701286
106835f3,"ONNE,NGA",315,4.696809525181817,7.160635699545812
10684a6b,"ONNE,NGA",315,4.673675558008926,7.154562508618303
1068358d,"ONNE,NGA",315,4.698662203438131,7.157172816251905
106835f9,"ONNE,NGA",315,4.694291397008229,7.170600248764266
106835fd,"ONNE,NGA",315,4.69637773900837,7.177986827188229
106835ff,"ONNE,NGA",315,4.6947820992820715,7.175253328571668
1068358b,"ONNE,NGA",315,4.695905684827987,7.15726689753407
1068538b,"BONNY,NGA",316,4.447869206479908,7.154139052257969
106853e7,"BONNY,NGA",316,4.462862091280956,7.170486244289608
106853f3,"BONNY,NGA",316,4.452926049804098,7.1602793813211765
106853d5,"BONNY,NGA",316,4.483776234974375,7.176802247799031
106853ef,"BONNY,NGA",316,4.458471076382237,7.165398154780422
1068545f,"BONNY,NGA",316,4.422345648679766,7.140517619043877
106853eb,"BONNY,NGA",316,4.462491961410057,7.162041381940803
1068546b,"BONNY,NGA",316,4.428219290680157,7.155574102905233
106853ed,"BONNY,NGA",316,4.457990406472145,7.161173012687611
1068517f,"BONNY,NGA",316,4.483605491921295,7.181422268492318
10685389,"BONNY,NGA",316,4.447166616954866,7.150909665563109
10685467,"BONNY,NGA",316,4.4272966373778715,7.14494711854229
106853db,"BONNY,NGA",316,4.472247926311296,7.171379759928464
10685459,"BONNY,NGA",316,4.415963161631286,7.138325656444293
106853e9,"BONNY,NGA",316,4.4631821894156865,7.165157149276749
1068538d,"BONNY,NGA",316,4.452304292676657,7.154445201275123
106853e5,"BONNY,NGA",316,4.457606775856347,7.17034265897387
10685477,"BONNY,NGA",316,4.442877604845567,7.149746350707303
106853c5,"BONNY,NGA",316,4.471589350009532,7.166902262621484
106853f1,"BONNY,NGA",316,4.453765386863218,7.164483616981104
106853f5,"BONNY,NGA",316,4.448801162054598,7.160202351734296
106853c3,"BONNY,NGA",316,4.4680323898485375,7.166076419207028
106853dd,"BONNY,NGA",316,4.468486666060027,7.171039615393215
10685461,"BONNY,NGA",316,4.426951558237126,7.1397615430110255
1068545d,"BONNY,NGA",316,4.421878235462927,7.14401751470723
106853d9,"BONNY,NGA",316,4.472582639627445,7.175119495016637
10685475,"BONNY,NGA",316,4.443067287308224,7.153713150940331
10685181,"PORT HARCOURT,NGA",316,4.48836942063004,7.181526274519366
10685185,"PORT HARCOURT,NGA",316,4.493263776767774,7.185956485140995
10685187,"PORT HARCOURT,NGA",316,4.493233471841145,7.18158297417381
10685183,"PORT HARCOURT,NGA",316,4.488319445925232,7.186240205014435
10685189,"PORT HARCOURT,NGA",316,4.4978901444688315,7.181237365098702
1068522b,"PORT HARCOURT,NGA",316,4.488115640109584,7.17730581991239
1068bdff,"YOHO,NGA",318,4.0325933178217745,7.525962397963176
1068c2ff,"OKONO TERMINAL,NGA",319,4.000091509646384,7.304789489713088
1068e185,"SHELL SLOT BONNY,NGA",320,4.111069942917823,7.128575262735779
1068e18f,"SHELL SLOT BONNY,NGA",320,4.1110884034525785,7.122692759270855
1068e19b,"SHELL SLOT BONNY,NGA",320,4.107538517907346,7.128738574347705
1068e56b,"BONNY OFFSHORE TERMINAL,NGA",321,4.176833921096103,7.247457805613201
1068e51b,"BONNY OFFSHORE TERMINAL,NGA",321,4.173037515429471,7.231470119674654
1068e519,"BONNY OFFSHORE TERMINAL,NGA",321,4.175556249158521,7.2306979034336685
1068e547,"BONNY OFFSHORE TERMINAL,NGA",321,4.187165003261132,7.244656034694163
1069c94f,"PORT HARCOURT,NGA",322,4.769303433307308,6.994757076626669
1069c929,"PORT HARCOURT,NGA",322,4.768982932555007,6.9660217987186535
1069cbff,"PORT HARCOURT,NGA",322,4.771814329920928,7.009176695011418
1069c959,"PORT HARCOURT,NGA",322,4.761990057602157,7.004481687540918
1069c957,"PORT HARCOURT,NGA",322,4.76497958764546,7.006523530752654
1069c92b,"PORT HARCOURT,NGA",322,4.770727005439965,6.965671917118657
1069c955,"PORT HARCOURT,NGA",322,4.774175500462174,7.003372068660731
1069cbfd,"PORT HARCOURT,NGA",322,4.767308742390764,7.008279795699047
1069c933,"PORT HARCOURT,NGA",322,4.774032554827909,6.977974880980963
1069c961,"PORT HARCOURT,NGA",322,4.751589809633073,7.002172174493484
1069cb99,"PORT HARCOURT,NGA",323,4.755466463777038,7.0428882471238925
1069cba3,"LAGOS EKO ATLANTIC,NGA",323,4.751129076402313,7.0432503318499
106b05ab,"PENNINGTON OIL TERMINAL,NGA",324,4.2512664797472075,5.606890884471718
106b05b1,"PENNINGTON OIL TERMINAL,NGA",324,4.246607331614238,5.617326269610303
106c8dff,"AGBAMI,NGA",325,3.482320323415485,5.565696201100443
106c8dfd,"AGBAMI,NGA",325,3.48178546764894,5.569635764941248
106c9201,"AGBAMI,NGA",325,3.4820979842924387,5.559187004832648
106c8e01,"AGBAMI,NGA",325,3.486264369736924,5.565071186132125
106ef3fd,"AKPO NIGERIA,NGA",326,3.1619144633535003,6.831088931187022
106ef3ff,"AKPO NIGERIA,NGA",326,3.159120994280534,6.831469961223932
106ef3fb,"AKPO NIGERIA,NGA",326,3.162481859890374,6.827774928613308
106f3653,"USAN,NGA",327,3.5936446220760634,7.402656622374428
106f37a7,"USAN,NGA",327,3.57844660588726,7.3963933557181285
107641dd,"SAO TOME,STP",328,0.35093574694487584,6.757490430342682
107cf78d,"BATA,GNQ",330,1.827193868866589,9.714765613965866
107cf839,"BATA,GNQ",330,1.831290816898397,9.741082554504906
107cf823,"BATA,GNQ",330,1.8255304007130078,9.733414165353484
107cf78f,"BATA,GNQ",330,1.8317814212541805,9.71479179128089
107cf83f,"BATA,GNQ",330,1.826292185386373,9.740486670798253
107cf795,"BATA,GNQ",330,1.827094687507507,9.704324810813178
107cf79b,"BATA,GNQ",330,1.8368747469942097,9.70975566025327
107cf819,"BATA,GNQ",330,1.8229579180782862,9.733201411379495
107cf817,"BATA,GNQ",330,1.8231148897882967,9.736475022571575
107cf7ed,"BATA,GNQ",330,1.8228779520787652,9.709243418547906
107cf79d,"BATA,GNQ",330,1.8413938190094226,9.709373817774019
107cf797,"BATA,GNQ",330,1.8316849666495205,9.70331039927975
107cf789,"BATA,GNQ",330,1.8314323911671457,9.719878676285429
107cf83d,"BATA,GNQ",330,1.825590430352139,9.736049172872418
107cf815,"BATA,GNQ",330,1.8236825368083571,9.740930746822904
107cf793,"BATA,GNQ",330,1.827249044676413,9.70974454340542
107cf785,"BATA,GNQ",330,1.8368040844111604,9.714690041750151
107cf791,"BATA,GNQ",330,1.8324888332865372,9.70998569631362
107f3865,"OWENDO,GAB",331,0.3073612884748443,9.403798134813847
107f4749,"LIBREVILLE,GAB",331,0.27956709057454754,9.447588771382428
107f3863,"LIBREVILLE,GAB",331,0.3071330518919935,9.409342817107165
107f387d,"LIBREVILLE,GAB",331,0.3027778833659978,9.409651888562275
107f477b,"LIBREVILLE,GAB",331,0.2892977179683994,9.420643603203027
107f3849,"LIBREVILLE,GAB",331,0.3257102708908306,9.392340876372778
107f3867,"LIBREVILLE,GAB",331,0.3117870701715142,9.404133247185314
107f3845,"LIBREVILLE,GAB",331,0.3212673930749522,9.398071477603294
107f4763,"LIBREVILLE,GAB",331,0.29326725136428294,9.425617273326441
107f477d,"LIBREVILLE,GAB",331,0.293563292399546,9.420378884978632
107f39b5,"LIBREVILLE,GAB",331,0.334479454532174,9.391706565830217
107f384f,"LIBREVILLE,GAB",331,0.3252279253839631,9.397705346776176
107f385b,"LIBREVILLE,GAB",331,0.3207007321356548,9.403159407735727
107f388f,"LIBREVILLE,GAB",331,0.30724934183729,9.4194027284159
107f389d,"LIBREVILLE,GAB",331,0.29761017542636214,9.42532233859284
107f4765,"LIBREVILLE,GAB",331,0.288730888613311,9.425573992665996
107f385f,"LIBREVILLE,GAB",331,0.3159084260250508,9.408457984097852
107f4745,"LIBREVILLE,GAB",331,0.2835881977507285,9.442474556310835
107f389b,"LIBREVILLE,GAB",331,0.30251789496822673,9.425438914367342
107f475f,"LIBREVILLE,GAB",331,0.293161852682379,9.43667967006146
107f3885,"LIBREVILLE,GAB",331,0.3025005702599559,9.419768237429704
107f39cb,"LIBREVILLE,GAB",331,0.3346648370756102,9.387023803236488
107f385d,"LIBREVILLE,GAB",331,0.3166355033592064,9.403206799439662
107f3861,"LIBREVILLE,GAB",331,0.3117681206134178,9.408802193408826
107f3881,"LIBREVILLE,GAB",331,0.2981433545457764,9.414967928197957
107f384b,"LIBREVILLE,GAB",331,0.33010117620761636,9.39169087647186
107f3887,"LIBREVILLE,GAB",331,0.3026904071214017,9.414336989768437
107f475b,"LIBREVILLE,GAB",331,0.2881800134375105,9.442542783021654
107f4089,"PORT OWENDO,GAB",332,0.28478739740969933,9.499411088065585
107f408f,"PORT OWENDO,GAB",332,0.28387063598421775,9.493316389185347
107f4063,"PORT OWENDO,GAB",332,0.28396646987084784,9.502854220682414
1255655b,"GABES,TUN",333,33.923414193629625,10.096012242418599
12556561,"GABES,TUN",333,33.92050504512144,10.103627103768577
1255667d,"GABES,TUN",334,33.95098541645397,10.178210368354426
12556687,"GABES,TUN",334,33.955007941086976,10.178447943787555
125565c7,"GABES,TUN",334,33.94217906580642,10.150917367089644
125565cf,"GABES,TUN",334,33.94598620665591,10.156609192164497
12820117,"MOSTAGANEM,DZA",335,35.97774129697064,0.04944102824099311
128e4cef,"ALGER,DZA",337,36.79779965842818,3.1252060407173134
128fb343,"ALGER,DZA",337,36.81524091253675,3.080441213236613
128e4cb3,"ALGER,DZA",337,36.81268468270127,3.100049580773664
12978e77,"CRUISING MALLORCA,ESP",350,39.53572526734075,2.592178337015543
12979213,"PALMA DE MALLORCA,ESP",350,39.558625427064946,2.629582338362482
1297926b,"PALMA DE MALLORCA,ESP",350,39.563749536316344,2.6363595970039055
12979205,"PALMA DE MALLORCA,ESP",350,39.547073981309666,2.6255571264543573
12979241,"PALMA DE MALLORCA,ESP",350,39.56458194853589,2.6398021413252266
12979273,"PALMA DE MALLORCA,ESP",350,39.561832502583115,2.6283264659835157
1297926d,"PALMA DE MALLORCA,ESP",350,39.5634920566858,2.6305046222397173
1297926f,"PALMA DE MALLORCA,ESP",350,39.566444090852485,2.6316829974526845
12995b6d,"IBIZA,ESP",362,38.780882635006385,1.4256502100384356
129e1ae7,"DENIA,ESP",367,38.842240737365806,0.11902156422208991
129e1adf,"DENIA,ESP",367,38.8407371563276,0.11490957524739079
129fffa3,"EL GRAO,ESP",368,39.957950785785656,0.02900470191568928
129ff8bf,"CASTELLON,ESP",368,39.96293235230972,0.09096677585696948
129ff8b9,"CASTELLON,ESP",368,39.96287448230016,0.08724439963882581
129ff8b5,"CASTELLON,ESP",368,39.963121846696765,0.07740108573201598
12a05467,"LES CASES D'ALCANAR,ESP",370,40.5715838141855,0.5549546460126168
12a05469,"LES CASES D'ALCANAR,ESP",370,40.57165717368877,0.5516550738447378
12a3e3ab,"TARRAGONA,ESP",372,41.07119394854462,1.2535340496904088
12a3e3a3,"TARRAGONA,ESP",372,41.065234072917534,1.2669449751379767
12a3e27b,"TARRAGONA,ESP",372,41.06635245195064,1.2178854504165988
12a1580b,"TARRAGONA,ESP",372,41.094228588148916,1.2111345536294358
12a3e3a7,"TARRAGONA,ESP",372,41.07009050720045,1.2628665693359966
12a3e29f,"TARRAGONA,ESP",372,41.09145119659635,1.2137402163248903
12a3e3a5,"TARRAGONA,ESP",372,41.065699672657765,1.2628576027981457
12a3e283,"TARRAGONA,ESP",372,41.08035502459983,1.214192628370331
12a3e49d,"TARRAGONA,ESP",372,41.085091527297905,1.2915203179564072
12a3e397,"TARRAGONA,ESP",372,41.06002975743329,1.2719187956606641
12a3e37f,"TARRAGONA,ESP",372,41.07474343289565,1.2871887753475846
12a3e2cf,"TARRAGONA,ESP",372,41.106608764472725,1.239622392834376
12a3e391,"TARRAGONA,ESP",372,41.060811445233284,1.2766470300872819
12a3e383,"TARRAGONA,ESP",372,41.06997596669183,1.2820944467837139
12a4a0fd,"BARCELONA,ESP",376,41.2980467870329,2.1919485351410826
12a4a3b3,"BARCELONA,ESP",376,41.36800642842404,2.1859785113130403
12a4a0e3,"BARCELONA,ESP",376,41.29840820759505,2.196530157290587
12a4a033,"BARCELONA,ESP",376,41.299699550919726,2.1567477292116766
12a4a121,"BARCELONA,ESP",376,41.30290969921698,2.2063342260802137
12b6cb33,"SETE,FRA",385,43.371645342317066,3.7456025169715303
12b6228b,"FOS,FRA",386,43.36065637471217,4.9334008390746344
12b6165f,"FOS,FRA",386,43.41849438178339,4.8342320152453215
12b621a1,"FOS,FRA",386,43.33893045463488,5.000157981311798
12b621f1,"FOS FRANCE,FRA",386,43.363778324352545,4.984969895704537
12b62199,"FOS FRANCE,FRA",386,43.3442199156037,4.995413410859417
12b618bd,"PORT-DE-BOUC,FRA",386,43.38912173133663,4.958655564798744
12bbaaf7,"PALAMOS,ESP",396,41.841961099702594,3.1242886770255796
12c91b47,"TOULON,FRA",403,43.115829154491955,5.91211349702994
12c91b4d,"TOULON,FRA",403,43.113097979567826,5.903263654788765
12c91cb7,"TOULON,FRA",403,43.081323672289386,5.907386277185459
12c91c89,"TOULON,FRA",403,43.08447940643714,5.936832616282452
12c91b4f,"TOULON,FRA",403,43.11361260020172,5.906364286477759
12c91b6b,"TOULON,FRA",403,43.11733742468915,5.922480622565514
12c91b3f,"TOULON,FRA",403,43.12012817037879,5.9156826012121835
12c92a85,"CRUISING MED,FRA",404,43.00634221995816,6.373842110424706
12c9af69,"LA CIOTAT,FRA",406,43.180262267468756,5.621493776384059
12c9c0dd,"MARSEILLE,FRA",409,43.29868120697425,5.360749173904531
12cdc345,"EZE,FRA",410,43.71739675961876,7.363633092518999
12cdebf1,"MENTON,FRA",410,43.7829990603494,7.517809777003739
12cde9d5,"MONACO,MCO",410,43.74175638804915,7.440982971320676
12cdc281,"MONACO,MCO",410,43.73883673973978,7.435301735447132
12cddb4d,"VILLEFRANCHE,FRA",410,43.70739636510546,7.337210536447767
12ce80f9,"CANNES,FRA",412,43.531790675037435,7.057284298407622
12ce818f,"CANNES,FRA",412,43.54896231360926,7.015592452852274
12cec157,"ST TROPEZ,FRA",416,43.21501584099354,6.671540640542525
12cec76d,"SAINT-TROPEZ,FRA",416,43.27294251940574,6.634841234231008
12d26c3d,"IMPERIA,ITA",422,43.8781581214774,8.022591917255797
12d33e61,"GENOA,ITA",426,44.39938423729942,8.767762655513689
12d343cf,"GENOVA,ITA",426,44.393904166275526,8.937538163879411
12d3415f,"GENOVA,ITA",426,44.41071757744915,8.92199172096938
12d343cd,"GENOVA,ITA",426,44.392511154654315,8.93869625479171
12d343d1,"GENOVA,ITA",426,44.395039543550894,8.932702817669925
12d34111,"GENOVA,ITA",426,44.40419355473627,8.89528832468149
12d34161,"GENOVA,ITA",426,44.40668689285073,8.920769916566348
12d34169,"GENOVA,ITA",426,44.40687930530108,8.912456976242987
12d343df,"GENOVA,ITA",426,44.404626768884086,8.926336195737404
12d340a1,"GENOVA,ITA",426,44.41648126653285,8.839141236528675
12d342b9,"GENOVA,ITA",427,44.36277641241026,8.999144233989284
12d342c1,"GENOVA,ITA",427,44.367315105135575,8.993774984033642
12d4ff7f,"LA SPEZIA,ITA",428,43.97639298398919,9.854465640276416
12d4ff87,"LA SPEZIA,ITA",428,43.975380428108146,9.865311573689405
12d501fd,"LA SPEZIA,ITA",430,44.03895141397854,9.904222600700594
12d501ed,"LA SPEZIA,ITA",430,44.031915270319615,9.92034885466699
12d501ef,"LA SPEZIA,ITA",430,44.03248652994209,9.917056966757379
12d4fd05,"LA SPEZIA,ITA",430,44.09166366196028,9.866108454487483
12d4fce3,"LA SPEZIA,ITA",430,44.10013438308728,9.85537558381584
12d5068f,"MARINA DI CARRARA,ITA",431,44.02242253014622,10.02736656075585
12d5042b,"MARINA DI CARRARA,ITA",431,44.03327792409307,10.035874233209471
12d5a21f,"VIAREGGIO,ITA",434,43.86164426075899,10.2410215693609
12d5e985,"LIVORNO,ITA",435,43.547444013112205,10.296808224530531
12d5e821,"LIVORNO,ITA",435,43.503451239701555,10.263332014101675
12d5ea27,"LIVORNO,ITA",435,43.55925429431315,10.293539712717896
12d5e825,"LIVORNO,ITA",435,43.507209654018055,10.269007500045502
12d5c2a9,"LIVORNO,ITA",435,43.489726436828356,10.25743212562968
12d5ebb3,"LIVORNO,ITA",435,43.5789992859768,10.305809165807581
12d5ebc9,"LIVORNO,ITA",435,43.57215275599382,10.311584175112676
12d5e835,"LIVORNO,ITA",435,43.51558380063072,10.279758715920938
12d5ea2d,"LIVORNO,ITA",435,43.56111371840616,10.302014939090776
12d5eba5,"LIVORNO,ITA",435,43.58354191426418,10.319128996457376
12d5e99b,"LIVORNO,ITA",435,43.54311668133219,10.297257599841672
12d5e831,"LIVORNO,ITA",435,43.511701211106285,10.274382236036818
12d5e7e3,"LIVORNO,ITA",435,43.478732425030984,10.273794013425533
12d62721,"PIOMBINO,ITA",436,42.901475809419736,10.57796412099191
12dc85c1,"PORTO TORRES,ITA",464,40.84005266814483,8.37675373909205
12dc8677,"PORTO TORRES,ITA",464,40.84168558412961,8.399907149038714
12dd9c8d,"PORTO DI ORISTANO,ITA",469,39.86392448288005,8.55283573436634
12dd9cf5,"PORTO DI ORISTANO,ITA",469,39.86627617027033,8.54812415406161
12dd9cf3,"PORTO DI ORISTANO,ITA",469,39.86541017147047,8.546382008265093
12de47cb,"ARBATAX,ITA",470,39.93890139256758,9.70378831080831
12e6ffc1,"GOLFO DI PALMAS,ITA",476,38.99185479419094,8.509413553088185
12e72f6d,"SARROCH OIL TERMINAL,ITA",478,39.08282286008373,9.033896612264964
12e73181,"CAGLIARI,ITA",480,39.17056851977314,9.097535107101935
12f1cffd,"SKIKDA,DZA",486,36.921046507601766,6.929055929441933
12f1cfef,"PORT METHANIER,DZA",486,36.909522594904935,6.934406339501591
12f1cf9b,"PORT METHANIER,DZA",486,36.88660192473424,6.93612308275987
12f2672d,"JIJEL,DZA",487,36.846851396515056,5.817303979175332
12f267e3,"DJEN-DJEN,DZA",488,36.82198497137254,5.8963798952065165
12f2cf0f,"BEJAIA,DZA",489,36.71971004202021,5.198190157398646
12f2c955,"BEJAIA,DZA",489,36.76006002340678,5.146257131387935
12f2cc81,"BEJAIA,DZA",489,36.75611176478656,5.0992742925854895
12f2cf19,"BEJAIA,DZA",489,36.730843799455286,5.192459704602211
12f2cbf9,"BEJAIA,DZA",489,36.76012025384876,5.134954705478189
12f2ccbf,"BEJAIA,DZA",489,36.7420427367782,5.07919797064766
12f2cf09,"BEJAIA,DZA",489,36.71430141637449,5.197793797065555
130e5ac1,"VALLETTA HARBORS,MLT",497,35.87876457262247,14.499653298652614
130e5acf,"VALLETTA HARBORS,MLT",497,35.886763055012814,14.505478533053788
130e5b2b,"VALLETTA HARBORS,MLT",497,35.89035606392164,14.521605353418815
130e44d3,"VALLETTA HARBORS,MLT",497,35.89522553909157,14.525405789891925
130e5ad9,"VALLETTA HARBORS,MLT",497,35.88163684916385,14.516223591263143
130e4f2d,"MALTA,MLT",498,35.987237736089476,14.434572662250885
130e4d03,"MELLIEHA,MLT",498,35.958192297476934,14.32405298599057
130e5cf7,"MARSASKALA,MLT",499,35.84295304884816,14.598796628226872
130e679d,"MARSAXLOKK,MLT",499,35.835805866190086,14.673268004723933
130e5d43,"MARSAXLOKK,MLT",499,35.858843265627726,14.644945102010585
130e5be7,"MARSAXLOKK,MLT",499,35.815290124305044,14.543824409314743
130e71cb,"MALTA,MLT",500,35.89667173930842,14.86586563972318
130e7099,"MALTA,MLT",500,35.85371527623348,14.912476859919344
130e6e77,"MALTA,MLT",500,35.94056104166682,14.813272092017733
130e6df1,"MALTA,MLT",500,35.95327615593596,14.83688713035778
130e709b,"MALTA,MLT",500,35.853741972929384,14.90762578171012
130e73db,"MALTA,MLT",500,35.93922914895176,14.907135268682172
130e6929,"MALTA,MLT",500,35.91203073770696,14.74451378449514
130e70e1,"MALTA,MLT",500,35.88524110942642,14.912814949784284
130e6f49,"MALTA,MLT",500,35.88282161416618,14.760945817070525
130e7193,"MALTA OPL,MLT",500,35.92244521207781,14.871558458216786
130e7325,"OPL MALTA,MLT",500,36.00386716577242,14.900485955970906
1313db1d,"AUGUSTA,ITA",510,37.2089392618746,15.188767668280015
1313dad9,"AUGUSTA,ITA",510,37.200926733564906,15.20430728577307
1313cf6d,"MELILLI OIL TERMINAL,ITA",512,37.131602563675926,15.281056291256759
13144ddf,"MESSINA,ITA",517,38.195153050209136,15.56716808762366
131450f3,"REGGIO DI CALABRIA,ITA",518,38.122516078547214,15.651004900940901
13150ee9,"GIOIA TAURO,ITA",519,38.448646776761485,15.90302668219916
1315ab33,"SCILLA,ITA",523,38.25642460461471,15.719072510784331
1319e5ff,"PORTO DI PALERMO,ITA",533,38.13403488705463,13.364011919819482
1319e5f1,"PORTO DI PALERMO,ITA",533,38.12557718288179,13.367862700355056
1328a303,"CIVITAVECCHIA,ITA",551,42.07137796536415,11.755541843688286
1328bcc9,"CIVITAVECCHIA,ITA",551,42.10733626856162,11.770158337103437
13356cdb,"VELIKI DRVENIK,HRV",572,43.438691545312054,16.173079529620647
13357b6f,"MILNA,HRV",577,43.33107450578061,16.426580850115407
133b09bd,"NAPOLI,ITA",589,40.816268394277486,14.254283521610772
133b0831,"NAPOLI,ITA",589,40.839484780482636,14.271615791021
133b0839,"NAPOLI,ITA",589,40.84341015236791,14.26526673376088
133ba765,"PORTICI,ITA",589,40.81481444360115,14.295735105336313
133ba77b,"PORTICI,ITA",589,40.8193622105345,14.294824038958394
133b7783,"CAPRI,ITA",593,40.56209074256696,14.241474606855414
133bea89,"CETARA,ITA",599,40.64463060732992,14.702307477801918
133bea13,"SALERNO,ITA",599,40.64079886784067,14.733535507156796
1347e609,"BARI,ITA",612,41.160679815833795,16.820482153477283
134c0b45,"CIBACA,HRV",624,42.62909295132785,18.127612751771657
134e7155,"BAR,MNE",637,42.096066320105926,19.088597075345277
134e7145,"BAR,MNE",637,42.08801488514786,19.078036003375342
135b14fb,"SARANDE,ALB",639,39.870788401062256,20.00432590672245
135b1505,"SARANDE,ALB",639,39.87237829184466,19.989344492678082
135e4c19,"ANTIRRIO,GRC",670,38.33218755536463,21.76992533790538
1361ba43,"KALAMATA,GRC",683,37.00712111661193,22.109928450420142
1361ba5f,"KALAMATA,GRC",683,37.00943136129236,22.098397131237245
13831dd3,"BANGHAZI,LBY",689,32.120199408272335,20.052178702649798
13854b11,"AL BURAYQAH,LBY",691,30.416016968590277,19.60104401077895
13854b13,"AL BURAYQAH,LBY",691,30.413872011268886,19.601524654878457
13a65f17,"KHOMS,LBY",693,32.68097429423933,14.254705280103343
13a89297,"MINA TARABULUS (TRIPOLI),LBY",695,32.90122740137558,13.199113689915912
13a91859,"ZAWIA,LBY",696,32.82361514277884,12.664225922945947
13a965fd,"MELLITAH,LBY",697,32.925551180898644,12.245696627447776
13a967d3,"MELLITAH,LBY",697,32.87854278070874,12.243813433966443
13aaef83,"ZARZIS,TUN",698,33.48298891458937,11.119549212826938
14528653,"EL GHARDAQA,EGY",702,27.22571404435328,33.842026441607516
14563aaf,"SUEZ,EGY",709,29.922959099561396,32.54464836897577
1456308f,"SUEZ,EGY",709,29.88796740479551,32.5221408854687
14563a0b,"SUEZ,EGY",709,29.866002820928156,32.53955296899592
1456398d,"SUEZ,EGY",709,29.834768915024203,32.56121778699322
147e0317,"MERSA TOBRUQ,LBY",712,32.077072638814826,23.978175136859814
14983745,"ANG,GRC",731,36.65574849895995,25.36588864190284
1498e0ed,"MILOS,GRC",742,36.7418943466052,24.549977015668684
149c7e3d,"SOUDA,GRC",751,35.49096199405331,24.07577459651924
149e72bd,"VATIKA,GRC",752,36.50816310058125,23.021793829122448
149e7293,"VATIKA,GRC",752,36.500483066883746,23.033192645623128
149e72d1,"VATIKA,GRC",752,36.489842307768846,23.01042686335408
149e72cd,"NEAPOLIS,GRC",752,36.49639989010708,23.00441242596266
149e72bf,"VATIKA BAY,GRC",752,36.50255596618934,23.021703544732002
14a1afe5,"ELEVSIS,GRC",775,38.03907777116475,23.559542685486278
14a1afd3,"ELEVSIS,GRC",775,38.041985746242915,23.529406248420763
14a1b033,"ELEVSIS,GRC",775,38.02373281496708,23.52837638876361
14a1ba0b,"PERAMA,GRC",776,37.96170929138549,23.57427160622089
14a1b0b9,"PERAMA,GRC",776,37.96254427579918,23.55414824883823
14a1c825,"PIRAEUS,GRC",776,37.8655124429588,23.54068614410592
14a1c83d,"PIRAEUS,GRC",776,37.861138053025385,23.544582325737363
14a1b7e1,"PIRAEUS,GRC",776,37.873404779102664,23.551612896811136
14a1b7ef,"PIRAEUS,GRC",776,37.88227368947127,23.556993992000983
14a1b7e3,"PIRAEUS,GRC",776,37.87313174424721,23.556250315530598
14a1b7e5,"PIRAEUS,GRC",776,37.87760976741322,23.556710745317627
14a1c839,"PIRAEUS,GRC",776,37.85675175198705,23.53890732110023
14a1c993,"PIRAEUS,GRC",776,37.860865945877215,23.493423019112267
14a1c849,"PIRAEUS,GRC",776,37.85282137649591,23.533459585042273
14a1b78f,"PIRAEUS,GRC",776,37.896313893289694,23.562330222727876
14a1c9a1,"PIRAEUS,GRC",776,37.84332091333739,23.505052788439855
14a1b7ed,"PIRAEUS,GRC",776,37.88714086008626,23.55736333028305
14a1c823,"PIRAEUS,GRC",776,37.86489376294954,23.545481821668833
14a1c853,"PIRAEUS,GRC",776,37.84421100062531,23.527297844931386
14a1c83b,"PIRAEUS,GRC",776,37.86072604349901,23.54008412047209
14a1b7d7,"PIRAEUS,GRC",776,37.87700990786153,23.53412696771766
14a1c81f,"PIRAEUS,GRC",776,37.86888859938533,23.551020372863043
14a1c831,"PIRAEUS,GRC",776,37.861749386402174,23.533941390122674
14a1c9b7,"PIRAEUS,GRC",776,37.85562749291403,23.516138081868142
14a1bbe1,"PIRAIEVS,GRC",776,37.9328809521547,23.648513076781512
14a1b97f,"PIRAIEVS,GRC",776,37.93490318721016,23.622640023301354
14a1be9b,"PALAIO FALIRO,GRC",776,37.91296743586209,23.701577230978312
14a1cc35,"KYPSELI,GRC",778,37.77140496523013,23.457043268223437
14a1f4f3,"LAVRIO,GRC",782,37.72633717988645,24.074908688613753
14a1f4bf,"LAVRIO,GRC",782,37.742475687914826,24.070742077579908
14a1f4f1,"LAVRIO,GRC",782,37.7245124963638,24.08161606445993
14a288bf,"LIMIN SIROU,GRC",790,37.41636270221775,24.97883961452136
14a28853,"LIMIN SIROU,GRC",790,37.44267298398576,24.944013256176248
14a2be8d,"ORNOS,GRC",792,37.4133445811321,25.340544708668357
14a76b43,"AGRIA,GRC",799,39.3305351268121,22.980051583596257
14a83eaf,"KALAMARIA,GRC",801,40.59582241224466,22.91415714227679
14b0164b,"NOVOROSSIYSK,TUR",809,39.83440557487926,25.902402738869398
14b01401,"NOVOROSSIYSK,TUR",809,39.77113080117077,25.94975364268775
14b016f9,"NOVOROSSIYSK,TUR",809,39.814102322452975,25.908541619577502
14b01653,"NOVOROSSIYSK,TUR",809,39.82553778269221,25.90251512867705
14b046a9,"AKCANSA,TUR",810,39.88535860220878,26.133167378068574
14b1a9cf,"CANAKKALE,TUR",813,40.15186367532627,26.402096503742655
14b1a9c9,"CANAKKALE,TUR",813,40.150823858394766,26.400792282766837
14b1aa4b,"AAN,TUR",814,40.10512380309384,26.37775757099555
14b3fbf1,"GENOA,TUR",816,40.571294244518405,27.063076821883165
14b3f849,"SARKOY,TUR",816,40.598881334504846,27.13544141133437
14b3f973,"SARKOY,TUR",816,40.58510473010839,27.099062504980207
14b3f90b,"SARKOY,TUR",816,40.58816211463164,27.105593346928355
14b3fbf3,"AUGUSTA FOR ORDERS,TUR",816,40.57046701695531,27.059426523438805
14b5d20d,"BANDIRMA,TUR",818,40.3903063718914,27.99749624962542
14b561cf,"AMBARLI,TUR",826,40.92621303015861,28.65811168277919
14ba3723,"ALIAGA,TUR",829,38.816208845102544,26.871417176020284
14ba36c3,"ALIAGA,TUR",829,38.79686533009295,26.870511680471896
14ba36a7,"NEMRUT LIMANI BAY,TUR",829,38.770519877740625,26.87609535532872
14ba341f,"NEMRUT LIMANI BAY,TUR",829,38.766882518634176,26.870664544001286
14bef587,"GULLUK,TUR",856,37.25402168708819,27.605376112557124
14be74ef,"ABURG,TUR",859,37.05469338080883,27.233631084520358
14bfbddf,"MARMARIS,TUR",863,36.84694918140063,28.272055987873667
14c3b79f,"KEMER,TUR",878,36.60078699372176,30.573035519504472
14ca5dab,"BORUSAN FERTILIZER JETTY,TUR",879,40.443878211728006,29.090379488565183
14cabcf5,"ISTANBUL,TUR",883,40.95684970531513,28.903466448537525
14cabc6b,"ISTANBUL,TUR",883,40.956601575455466,28.92566540683501
14cabc0f,"ISTANBUL,TUR",883,40.96270843327208,28.93739956637729
14cab7b9,"DEFTERDAR BURNU,TUR",883,41.044215063670954,29.020780727736014
14cae81d,"TUZLA,TUR",884,40.81501470182385,29.21758292104832
14cac2d5,"TUZLA,TUR",884,40.847306923330734,29.229872134931945
14cac373,"KARTAL,TUR",884,40.8815699266329,29.193713466631024
14cadcb3,"PENDIK,TUR",884,40.87436333242639,29.23600810706621
14cadcb7,"PENDIK,TUR",884,40.869738402598,29.238747124382606
14cadc67,"ICMELER,TUR",884,40.85415582995535,29.287233853054868
14caddbf,"ICMELER,TUR",884,40.81587037030755,29.298348933554603
14cadcff,"ICMELER,TUR",884,40.83991022044159,29.273667992980794
14cadc5d,"ICMELER,TUR",884,40.85158822138726,29.28729768207362
14cadc49,"ICMELER,TUR",884,40.83840985206015,29.29715017923751
14cadcfd,"ICMELER,TUR",884,40.84138938400662,29.27096045603127
14cb1f55,"BER,TUR",886,40.73259379151839,29.505930099634906
14cb1e59,"YALOVA,TUR",886,40.699206190747795,29.46104513335418
14cb1f13,"ALTINOVA,TUR",886,40.7224132349478,29.480237993234592
14cb1ef9,"ALTINOVA,TUR",886,40.70264463947432,29.466807034395217
14de2823,"LARNACA,CYP",894,34.92560517754129,33.64249303779891
14e73269,"LIMASSOL,CYP",899,34.65462895968646,33.020203322513495
14e732fb,"LIMASSOL,CYP",899,34.666006345444295,33.04113253619239
14e7326d,"LIMASSOL,CYP",899,34.6524550945252,33.01662696892205
14e706db,"PAPHOS,CYP",900,34.75449489622309,32.40896703848737
14f590af,"SIDI KERIR (KURAYR),EGY",901,31.10849698007633,29.613354933537032
14f5bc21,"ALEXANDRIA,EGY",903,31.240567865063152,29.692772059303092
14f5bf47,"ALEXANDRIA,EGY",903,31.231881746571933,29.768720023652875
14f5bf9b,"ALEXANDRIA,EGY",903,31.193915645989556,29.774243855445548
14f5c10d,"AL ISKANDARIYH (ALEXANDRIA),EGY",904,31.18728893045134,29.85516913156471
14f5eab7,"ALEXANDRIA,EGY",908,31.137110485683415,29.795785371269346
14f5eaad,"ALEXANDRIA,EGY",908,31.145006636797277,29.79379142260968
14f99e09,"ISMAILIA,EGY",909,31.21744205375151,32.339748206267934
14f99e1f,"PORT SAID,EGY",909,31.19902502702784,32.35207861960273
14f99d09,"BUR SAID (PORT SAID),EGY",909,31.26567707237735,32.32423590300819
14f9823b,"PORT SAID,EGY",910,31.37561347126754,32.32449577037305
14fa2a99,"PORT SAID,EGY",910,31.473331114094492,32.33041177521247
14f98375,"PORT SAID,EGY",910,31.355382855339503,32.28608141559155
14f983ab,"PORT SAID,EGY",910,31.352673304526274,32.308728449715026
14f9815b,"PORT SAID,EGY",910,31.40689580502426,32.27825777307828
14f980f5,"PORT SAID,EGY",910,31.45064990285946,32.308038136479176
14f98013,"PORT SAID,EGY",910,31.452570760413014,32.335172687318114
14f98197,"PORT SAID,EGY",910,31.40572041661913,32.325543257325776
14f9804d,"PORT SAID,EGY",910,31.429771078547795,32.32484125823303
14f9819f,"PORT SAID,EGY",910,31.408085150548082,32.31185616968966
14f98083,"PORT SAID,EGY",910,31.471987989638905,32.302608961210446
14f9e52b,"DAMIETTA,EGY",911,31.457200288988187,31.767666474229987
14f9f8a9,"DAMIETTA,EGY",912,31.632064784995116,31.72847787845319
14f9f87d,"DAMIETTA,EGY",912,31.61605529487014,31.767708666397688
14f9f8c1,"DAMIETTA,EGY",912,31.608100050733444,31.73914175239082
14f9f899,"DAMIETTA,EGY",912,31.62220859993983,31.745790090540055
1500722d,"ELAT,ISR",915,29.530206557956106,34.94081211029846
150071b3,"AL AQABAH,JOR",915,29.523365314201033,34.99212023905151
151dbbcd,"HAIFA,ISR",919,32.82620251385396,34.99336418680254
151db83d,"HAIFA,ISR",919,32.8856700388882,35.02476455487832
151f16f1,"BAYRUT,LBN",923,33.90067298014534,35.51480464229337
1527f303,"MERSIN,TUR",930,36.78933657388354,34.639560281386835
15278d05,"MERSIN,TUR",930,36.72445643463047,34.649907692523776
152792bb,"MERSIN,TUR",930,36.72701614890089,34.698560547913104
15278ce9,"MERSIN,TUR",930,36.74127223870008,34.62743117545152
152f434b,"YAKACIK,TUR",934,36.684587594968676,36.196025365889696
152f44fb,"ISKENDERUN,TUR",934,36.73151539646729,36.140419461297526
152f598f,"ISKENDERUN,TUR",936,36.62618300625294,36.11980983371371
152f5eb7,"ISKENDERUN,TUR",936,36.59409854946614,36.185774104549985
15ac4061,"DUBA,SAU",938,27.5583195201437,35.547451869056324
15ac4067,"DUBA,SAU",938,27.563020789268826,35.5476383431581
15c3c6b9,"JEDDAH,SAU",945,21.468072500158378,39.08393247411459
15c3c8a7,"JEDDAH,SAU",945,21.454040964462003,39.1580769958992
15d75495,"PORT SUDAN,SDN",947,19.618079502959787,37.22840974398011
15e2bb47,"JIZAN,SAU",951,17.284491963170606,42.33260122214275
15e2bb41,"JIZAN,SAU",951,17.285264932661004,42.33351662544743
160514ed,"HODEIDAH,YEM",952,14.945140201459072,42.89129356327405
16053e87,"AL AHMADI,YEM",953,14.840902845430659,42.93581711940484
161e1f49,"ADEN,YEM",957,12.723779968169055,44.93216589851737
161e1937,"ADEN,YEM",957,12.763975697335482,44.917220447611754
161e1949,"ADEN,YEM",957,12.765070028554945,44.91848598989133
161e1941,"ADEN,YEM",957,12.767258285473728,44.90982084054804
161e1f4b,"ADEN,YEM",957,12.724740943364163,44.92788241448889
161e18ab,"ADEN,YEM",957,12.71168864427167,44.923236685732064
161e1d79,"AL MA'ALLA',YEM",958,12.80357660298207,44.99472852286428
1622ffb1,"DJIBOUTI,DJI",959,11.676595301545175,43.14330599730318
1623011f,"DJIBOUTI,DJI",959,11.604408077095828,43.13245823008896
1622fff1,"DJIBOUTI,DJI",959,11.659050659881371,43.167144330346815
1623011b,"DJIBOUTI,DJI",959,11.60723434657024,43.13042670756714
16230103,"DJIBOUTI,DJI",959,11.609775853969001,43.13543613361912
1622fe69,"DJIBOUTI,DJI",959,11.682173232501222,43.11443839243582
162761a7,"BERBERA,SOM",960,10.440170339606485,44.96540816283572
18401337,"MOMBASA,KEN",962,-4.0740062453329,39.66126539460195
18401347,"MOMBASA,KEN",962,-4.079174697063351,39.66408394390069
18401339,"MOMBASA,KEN",962,-4.074041187150655,39.66285144249006
18406d33,"MOMBASA,KEN",962,-4.052390243207373,39.64708327490239
18406ccd,"MOMBASA,KEN",962,-4.071016566135961,39.64833325823821
18406d31,"MOMBASA,KEN",962,-4.050505658937674,39.645004530090844
1843d989,"TANGA,TZA",963,-5.0435960688345665,39.12510032025188
188d44e9,"MTWARA,TZA",968,-10.260849709168605,40.19982418682979
1898feaf,"MORONI,COM",969,-11.698665959477045,43.24667907767245
18b9ab0d,"NACALA,MOZ",971,-14.538939714963623,40.667765108097605
18b9ab6d,"NACALA,MOZ",971,-14.543079813463672,40.66494888798794
18b9ab19,"NACALA,MOZ",971,-14.532754211971355,40.65556251752372
18bfc89b,"PEMBA,MOZ",972,-12.973783856043767,40.47967968363248
18bfc89d,"PEMBA,MOZ",972,-12.974068416240655,40.47508993595002
1a50b3a9,"GREATER PLUTONIO,AGO",974,-7.832892858071002,12.120902687333047
1a51ec27,"LUANDA,AGO",975,-8.720236566140185,13.263416150335699
1a51eec7,"LUANDA,AGO",975,-8.702053145062616,13.29231694355132
1a51eeaf,"LUANDA,AGO",975,-8.697980688907208,13.274721577382197
1a51eda3,"LUANDA,AGO",975,-8.753694548424992,13.228509653926224
1a51ec29,"LUANDA,AGO",975,-8.725178433845159,13.26362032060212
1a51edb1,"LUANDA,AGO",975,-8.742063978141617,13.234753341695926
1a51ee0d,"LUANDA,AGO",975,-8.758117035411871,13.276630617906678
1a51edd1,"LUANDA,AGO",975,-8.741587485361661,13.257610732524215
1a51ee95,"LUANDA,AGO",975,-8.714401076359296,13.2872217357664
1a51edd5,"LUANDA,AGO",975,-8.735605474460238,13.263626871825059
1a51ee45,"LUANDA,AGO",975,-8.74559875949538,13.298021182671771
1a51eecd,"LUANDA,AGO",975,-8.692431456702936,13.297946306747155
1a51ec2b,"LUANDA,AGO",975,-8.73081786876515,13.26379362775019
1a51edcb,"LUANDA,AGO",975,-8.736651614068116,13.24646968841523
1a51ee09,"LUANDA,AGO",975,-8.762934071812776,13.268318470145289
1a51ee15,"LUANDA,AGO",975,-8.756074515696,13.286640775911295
1a51f1f9,"LUANDA,AGO",975,-8.785048170375605,13.271449476714963
1a51ee6f,"LUANDA,AGO",975,-8.746183504294205,13.281998696189728
1a51edc9,"LUANDA,AGO",975,-8.742160074824534,13.246214808332246
1a51f23f,"LUANDA,AGO",975,-8.799229070469316,13.247623657565658
1a51ee51,"LUANDA,AGO",975,-8.740172949086903,13.3039021179242
1a51ee7b,"LUANDA,AGO",975,-8.739934174234177,13.275595252174334
1a51ee01,"LUANDA,AGO",975,-8.77391965901775,13.26986059309477
1a51ec2f,"LUANDA,AGO",975,-8.725839220126467,13.257696655056217
1a51eeb1,"LUANDA,AGO",975,-8.698369868848207,13.281329094741206
1a51eeab,"LUANDA,AGO",975,-8.692896450388199,13.26939975208835
1a51ee83,"LUANDA,AGO",975,-8.724547660545014,13.269732750600513
1a51edbb,"LUANDA,AGO",975,-8.74785008532314,13.23464502358014
1a51eed7,"LUANDA,AGO",975,-8.697239218799934,13.309154264819723
1a51ee79,"LUANDA,AGO",975,-8.740928324748456,13.267974441584714
1a51ee9b,"LUANDA,AGO",975,-8.719252544822556,13.275078673225128
1a51f201,"LUANDA,AGO",975,-8.778638761826258,13.262735956025317
1a51f21d,"LUANDA,AGO",975,-8.791699682352105,13.265451097285835
1a51edb9,"LUANDA,AGO",975,-8.747448774489273,13.240577120147808
1a51f205,"LUANDA,AGO",975,-8.783364347792558,13.256689668590939
1a51ee0b,"LUANDA,AGO",975,-8.758269681526695,13.268968380958308
1a51eea9,"LUANDA,AGO",975,-8.698372953322258,13.269751525701675
1a51f1fb,"LUANDA,AGO",975,-8.784565286326638,13.275331124967495
1a51edd7,"LUANDA,AGO",975,-8.741397610659574,13.263467401712765
1a51ee7d,"LUANDA,AGO",975,-8.734987279119357,13.275175668555098
1a51ef01,"LUANDA,AGO",975,-8.728692861875869,13.314911588108835
1a51ee55,"LUANDA,AGO",975,-8.733947269512305,13.309032877212342
1a51f219,"LUANDA,AGO",975,-8.795508454750934,13.257439580342721
1a51ee6d,"LUANDA,AGO",975,-8.751746089218578,13.281794624689729
1a51ee7f,"LUANDA,AGO",975,-8.735550703037216,13.2688210197176
1a51eef5,"LUANDA,AGO",975,-8.729436882169145,13.292527061957486
1a51ee81,"LUANDA,AGO",975,-8.730700678155523,13.269357143297299
1a51ee07,"LUANDA,AGO",975,-8.76769037931518,13.26820381954144
1a51eed9,"LUANDA,AGO",975,-8.701554145539102,13.309555325243975
1a51f21b,"LUANDA,AGO",975,-8.791450328444704,13.25695656887568
1a51ee57,"LUANDA,AGO",975,-8.734345211329407,13.303836872591853
1a51ed91,"LUANDA,AGO",975,-8.763824907717867,13.235387986511439
1a51f21f,"LUANDA,AGO",975,-8.793900513455267,13.26296958546114
1a51ee99,"LUANDA,AGO",975,-8.714536361018482,13.275648287653597
1a51ee0f,"LUANDA,AGO",975,-8.763246434777987,13.27615519790167
1a51f217,"LUANDA,AGO",975,-8.797396381495561,13.252497449032964
1a51eeb7,"LUANDA,AGO",975,-8.69722930263481,13.286225864709406
1a51f273,"LUANDA,AGO",975,-8.785326293706985,13.241413329957336
1a51ec2d,"LUANDA,AGO",975,-8.73079684812149,13.257588511464467
1a51ec25,"LUANDA,AGO",975,-8.720400602607366,13.258743732830638
1a51ee63,"LUANDA,AGO",975,-8.735169938127754,13.280414505059245
1a51ec03,"LUANDA,AGO",975,-8.697924798128863,13.264380169883806
1a51ee9d,"LUANDA,AGO",975,-8.719794525650284,13.26922619652992
1a51eef1,"LUANDA,AGO",975,-8.723803181700605,13.298560839953383
1a51edd3,"LUANDA,AGO",975,-8.736227013207824,13.257548911290721
1a51edbf,"LUANDA,AGO",975,-8.752874788423687,13.240314577038658
1a51e94d,"LUANDA,AGO",975,-8.687238833478888,13.280913851507357
1a51f211,"LUANDA,AGO",975,-8.788700592924599,13.250859534724883
1a51ec35,"LUANDA,AGO",975,-8.730891516322673,13.246517957614255
1a51ee9f,"LUANDA,AGO",975,-8.714658698823293,13.269301941195772
1a51edb5,"LUANDA,AGO",975,-8.736897272102537,13.24017056002216
1a51eead,"LUANDA,AGO",975,-8.692522962016453,13.275093821621232
1a51f23d,"LUANDA,AGO",975,-8.798713173885972,13.252261093310512
1a51ee85,"LUANDA,AGO",975,-8.724605631851427,13.274913442835443
1a51edff,"LUANDA,AGO",975,-8.773261388471356,13.262620361870907
1a51f203,"LUANDA,AGO",975,-8.784613730452651,13.263159194682453
1a51eda7,"LUANDA,AGO",975,-8.748373621411218,13.222940192087247
1a51ee5d,"LUANDA,AGO",975,-8.740290836502922,13.292084454871418
1a51f215,"LUANDA,AGO",975,-8.796908815693902,13.245835419149715
1a51eeb5,"LUANDA,AGO",975,-8.692134963399988,13.286482800412735
1a51ec33,"LUANDA,AGO",975,-8.7307982695668,13.252209391129298
1a51edb7,"LUANDA,AGO",975,-8.742112227964334,13.240480258411633
1a51eecb,"LUANDA,AGO",975,-8.691872316597665,13.292081629889354
1a576041,"GIRASSOL TERMINAL,AGO",977,-7.648473944831861,11.681745558406606
1a58cb39,"KIZOMBA,COD",978,-6.303937996987781,11.046310044159943
1a58cd99,"KIZOMBA,COD",979,-6.336267228476272,11.142913847610009
1a5c0e43,"SOYO ANGOLA LNG TERMINAL,AGO",982,-6.1230099696756906,12.320704248860881
1a5c0e41,"SOYO ANGOLA LNG TERMINAL,AGO",982,-6.119384180009997,12.32151489394932
1a5c11cb,"SOYO,AGO",983,-6.077214170598628,12.30365126085029
1a5c11c7,"SOYO,AGO",983,-6.07747108986572,12.313924480292682
1a5c1047,"SOYO,AGO",983,-6.07212959226955,12.286498221424909
1a5c1037,"SOYO,AGO",983,-6.077023523031872,12.291675313623712
1a5c1039,"SOYO,AGO",983,-6.077322685135904,12.287175134704494
1a5c11c9,"SOYO,AGO",983,-6.07686620651394,12.30914527830771
1a5c104d,"SOYO,AGO",983,-6.06806869336273,12.29797920572225
1a5c11b7,"SOYO,AGO",983,-6.07333552446137,12.308797544839669
1a5c137d,"BANANA,COD",984,-6.012291619456488,12.403337513677078
1a5c13dd,"MATADI,COD",985,-6.03385347094024,12.355933672931005
1a5c6e87,"BANANA,AGO",987,-6.045608249336403,12.539081761578734
1a5c6e8d,"BANANA,COD",987,-6.041164101650556,12.549815922727019
1a5c6e89,"BANANA,COD",987,-6.044318388912237,12.54364843099259
1a5c6ef3,"ANGC ANGO OIL TERM,COD",987,-6.039033324440102,12.555618757086005
1a5dd683,"CABINDA,AGO",988,-5.5182062379474175,12.126292672337025
1a5dd42b,"MALONGO,AGO",988,-5.522933460299746,12.120799626139394
1a5dd699,"MALONGO,AGO",988,-5.512790598941314,12.137534260360885
1a5e85cb,"ENSCO 109,AGO",996,-5.708819004880778,11.930357739688086
1a609e17,"POINTE NOIRE,COG",999,-4.9448278602731195,11.637394462631953
1a60bdc7,"POINTE NOIRE,COG",1001,-4.728145401645584,11.737701794278678
1a60bc8d,"POINTE NOIRE,COG",1001,-4.757335307160887,11.778094199913458
1a60bcfd,"POINTE NOIRE,COG",1001,-4.758183199823031,11.755487103870067
1a60bc55,"POINTE NOIRE,COG",1001,-4.747788484662267,11.755039115167364
1a60bc7f,"POINTE NOIRE,COG",1001,-4.747852347283055,11.795355690782312
1a60bdbd,"POINTE NOIRE,COG",1001,-4.737693879277193,11.732619192226599
1a60bc5f,"POINTE NOIRE,COG",1001,-4.748169953425084,11.77223930534791
1a60bc89,"POINTE NOIRE,COG",1001,-4.752749966306079,11.783661517502983
1a60bb23,"POINTE NOIRE,COG",1001,-4.771513917895284,11.836203671134966
1a60bdb7,"POINTE NOIRE,COG",1001,-4.733024104344652,11.743478116257172
1a60bcbd,"POINTE NOIRE,COG",1001,-4.772816918729969,11.784020925210818
1a60bcfb,"POINTE NOIRE,COG",1001,-4.758189736961964,11.760635074804048
1a60bc5b,"POINTE NOIRE,COG",1001,-4.743196354350208,11.766766390508806
1a60bc7b,"POINTE NOIRE,COG",1001,-4.742772705180104,11.78936923808465
1a60bdcd,"POINTE NOIRE,COG",1001,-4.722628317042067,11.74973831605311
1a60bcf3,"POINTE NOIRE,COG",1001,-4.7582889519374065,11.771717152491947
1a60bcef,"POINTE NOIRE,COG",1001,-4.762839316119453,11.767256713683148
1a60bceb,"POINTE NOIRE,COG",1001,-4.768086794325738,11.772920639962045
1a60bb81,"POINTE NOIRE,COG",1001,-4.747291683666707,11.801004509261114
1a60bb73,"POINTE NOIRE,COG",1001,-4.75654256354453,11.818337603677842
1a60bb7f,"POINTE NOIRE,COG",1001,-4.752409041780757,11.800760665977098
1a60bddb,"POINTE NOIRE,COG",1001,-4.718582877115527,11.738496430794937
1a60bc9b,"POINTE NOIRE,COG",1001,-4.762907872883664,11.788952955115473
1a60bc47,"POINTE NOIRE,COG",1001,-4.732918225460514,11.766450638657103
1a60bdb9,"POINTE NOIRE,COG",1001,-4.733036837085723,11.738416211812066
1a60bc45,"POINTE NOIRE,COG",1001,-4.737953509780767,11.76678002706071
1a60bdcb,"POINTE NOIRE,COG",1001,-4.727992385066304,11.749162570090181
1a60bc59,"POINTE NOIRE,COG",1001,-4.74791579257428,11.76645847652363
1a60bb8f,"POINTE NOIRE,COG",1001,-4.737575573553446,11.806199286396087
1a60bb39,"POINTE NOIRE,COG",1001,-4.77916104774244,11.825499350859939
1a60bc33,"POINTE NOIRE,COG",1001,-4.7228248004568565,11.755028743520255
1a60bde9,"POINTE NOIRE,COG",1001,-4.723370224657433,11.727034383826538
1a60bb89,"POINTE NOIRE,COG",1001,-4.7369147059280445,11.800168825750724
1a60bc6d,"POINTE NOIRE,COG",1001,-4.732455633990562,11.783944951131863
1a60bb83,"POINTE NOIRE,COG",1001,-4.747276641797192,11.806310525744102
1a60bc9f,"POINTE NOIRE,COG",1001,-4.767566951376667,11.794967339986648
1a60bb77,"POINTE NOIRE,COG",1001,-4.752541701119584,11.812379502833211
1a60bc7d,"POINTE NOIRE,COG",1001,-4.74754956815814,11.789709567929647
1a60bb99,"POINTE NOIRE,COG",1001,-4.742496516464571,11.817914215984484
1a60bda9,"POINTE NOIRE,COG",1001,-4.748029775566431,11.744255170249762
1a60bcf9,"POINTE NOIRE,COG",1001,-4.753198655101097,11.76091616829969
1a60bb37,"POINTE NOIRE,COG",1001,-4.782586182188143,11.825410120883365
1a60bb17,"POINTE NOIRE,COG",1001,-4.7657706896551195,11.831144615181167
1a60bad1,"POINTE NOIRE,COG",1001,-4.782792452803811,11.849882049686753
1a60bc61,"POINTE NOIRE,COG",1001,-4.747848532204373,11.778071584899562
1a60bdc3,"POINTE NOIRE,COG",1001,-4.723426163404219,11.73209798028741
1a60bdc1,"POINTE NOIRE,COG",1001,-4.727897474801355,11.732614068117055
1a60bdaf,"POINTE NOIRE,COG",1001,-4.743756483923586,11.743528910301478
1a60bb13,"POINTE NOIRE,COG",1001,-4.760941448610992,11.825160535625647
1a60bc15,"POINTE NOIRE,COG",1001,-4.7277279308487,11.778044107853542
1a60bc3d,"POINTE NOIRE,COG",1001,-4.722560448751624,11.771735203277396
1a60bc41,"POINTE NOIRE,COG",1001,-4.732454654235107,11.772486545409516
1a60bc77,"POINTE NOIRE,COG",1001,-4.737617684208259,11.794870812458198
1a60bde7,"POINTE NOIRE,COG",1001,-4.718975210270637,11.727423891543987
1a60bb71,"POINTE NOIRE,COG",1001,-4.757150259072831,11.812456249388541
1a60bc57,"POINTE NOIRE,COG",1001,-4.748205205891114,11.761010214271781
1a60bd01,"POINTE NOIRE,COG",1001,-4.753463063908093,11.750380091632286
1a60bdd1,"POINTE NOIRE,COG",1001,-4.7179368852238905,11.743847565731489
1a60bdad,"POINTE NOIRE,COG",1001,-4.743463906573153,11.749894357309868
1a60bc91,"POINTE NOIRE,COG",1001,-4.762913464274308,11.783933246455375
1a60bb2d,"POINTE NOIRE,COG",1001,-4.786397518304978,11.834692452202063
1a60bc8f,"POINTE NOIRE,COG",1001,-4.758235732738197,11.783868669798041
1a60bb7d,"POINTE NOIRE,COG",1001,-4.757364951672339,11.800324439043788
1a60bc95,"POINTE NOIRE,COG",1001,-4.767630668462959,11.778620614353176
1a60bdab,"POINTE NOIRE,COG",1001,-4.748246221304756,11.748878622617699
1a60bdb3,"POINTE NOIRE,COG",1001,-4.738454415161523,11.750373054990266
1a60bc83,"POINTE NOIRE,COG",1001,-4.757217124999116,11.795043634155455
1a60bdb5,"POINTE NOIRE,COG",1001,-4.732628534251088,11.74949195372621
1a60bb87,"POINTE NOIRE,COG",1001,-4.742773951456706,11.8012149024495
1a60bcbb,"POINTE NOIRE,COG",1001,-4.777652930497127,11.784026502571674
1a60bc53,"POINTE NOIRE,COG",1001,-4.743718562515283,11.755132115268848
1a60bb7b,"POINTE NOIRE,COG",1001,-4.75711849071054,11.806120732375232
1a60bb19,"POINTE NOIRE,COG",1001,-4.766863301158459,11.835289147579603
1a60bcff,"POINTE NOIRE,COG",1001,-4.753228760672379,11.755525376702442
1a60bb25,"POINTE NOIRE,COG",1001,-4.776975148664586,11.835157920135824
1a60bdbf,"POINTE NOIRE,COG",1001,-4.73342419981724,11.731836931441208
1a60bcf1,"POINTE NOIRE,COG",1001,-4.758378431320394,11.76634225521703
1a60bc63,"POINTE NOIRE,COG",1001,-4.7478060268671785,11.783569671686386
1a60bdc5,"POINTE NOIRE,COG",1001,-4.723555372129292,11.738281873718146
1a60bcf7,"POINTE NOIRE,COG",1001,-4.753159930438933,11.767042447650514
1a60bb33,"POINTE NOIRE,COG",1001,-4.786664993883483,11.829594650631456
1a60bc4f,"POINTE NOIRE,COG",1001,-4.737819422914213,11.760797655858417
1a60bc49,"POINTE NOIRE,COG",1001,-4.733224993963041,11.761174915922275
1a60bcf5,"POINTE NOIRE,COG",1001,-4.752798680387059,11.77183983317831
1a60bc79,"POINTE NOIRE,COG",1001,-4.742261791513709,11.795150083841788
1a60bc87,"POINTE NOIRE,COG",1001,-4.752898845785342,11.78934087895164
1a60bc97,"POINTE NOIRE,COG",1001,-4.768320432023711,11.783896803160962
1a60bb31,"POINTE NOIRE,COG",1001,-4.783488419712931,11.830340497108207
1a60bc9d,"POINTE NOIRE,COG",1001,-4.7620159155598465,11.794740016378771
1a60bced,"POINTE NOIRE,COG",1001,-4.763050855141268,11.771649497296352
1a60bb3b,"POINTE NOIRE,COG",1001,-4.77862510485667,11.829351763666411
1a60bc4d,"POINTE NOIRE,COG",1001,-4.738206206933562,11.754983332149965
1a60bc4b,"POINTE NOIRE,COG",1001,-4.733050485296844,11.755325005799103
1a60bc51,"POINTE NOIRE,COG",1001,-4.743189105606205,11.761098248000184
1a60bc37,"POINTE NOIRE,COG",1001,-4.728319332022161,11.760011810902894
1a60bdcf,"POINTE NOIRE,COG",1001,-4.723142951372247,11.743464351255776
1a60bb75,"POINTE NOIRE,COG",1001,-4.752277994340798,11.81846240135912
1a60bc99,"POINTE NOIRE,COG",1001,-4.767762027594775,11.789537520356044
1a60bca3,"POINTE NOIRE,COG",1001,-4.77303617122203,11.788968712564088
1a60bdbb,"POINTE NOIRE,COG",1001,-4.738763697283932,11.737875995177856
1a83b365,"CAP LOPEZ,GAB",1002,-0.6196898410569265,8.739682355882918
1a83b695,"PORT GENTIL,GAB",1003,-0.6858629774360905,8.774604002085065
1a83b5b7,"PORT GENTIL,GAB",1003,-0.6486087762339687,8.799800859294631
1a83b5b5,"PORT GENTIL,GAB",1003,-0.648622363932761,8.795366840651193
1a83b5c1,"PORT GENTIL,GAB",1003,-0.65282863915553635,8.81122713123986
1a83b59f,"PORT GENTIL,GAB",1003,-0.6343963871841425,8.816990212411644
1a83b599,"PORT GENTIL,GAB",1003,-0.6386262860002674,8.816661202145267
1a83b433,"PORT GENTIL,GAB",1003,-0.6574665684152519,8.788345754207507
1a83b5a5,"PORT GENTIL,GAB",1003,-0.6392550222861554,8.806193801478608
1a83b7a1,"PORT GENTIL,GAB",1003,-0.7245198326502561,8.794892604452738
1a83b5a3,"PORT GENTIL,GAB",1003,-0.6391531041501489,8.81164190037782
1a83b5bf,"PORT GENTIL,GAB",1003,-0.6477689332040648,8.811216462855242
1a83b5c5,"PORT GENTIL,GAB",1003,-0.6576345760823407,8.805376484783602
1a83b6eb,"PORT GENTIL,GAB",1003,-0.6895375359883841,8.775229632673705
1a83b5cb,"PORT GENTIL,GAB",1003,-0.653020954501581,8.79550592379429
1a83b5bd,"PORT GENTIL,GAB",1003,-0.6439834356292293,8.811356790132661
1a83b5bb,"PORT GENTIL,GAB",1003,-0.6440596253581198,8.806567625647377
1a83b693,"PORT GENTIL,GAB",1003,-0.6866122323000109,8.776101766234982
1a83b597,"PORT GENTIL,GAB",1003,-0.6435347578483628,8.817098436904645
1a83b5b9,"PORT GENTIL,GAB",1003,-0.6477801963696035,8.806196969698945
1a83b691,"PORT GENTIL,GAB",1003,-0.6808271591313814,8.77933792530515
1a83b5c7,"PORT GENTIL,GAB",1003,-0.6527231408060339,8.805777948876823
1a83b6ed,"PORT GENTIL,GAB",1003,-0.6887260809816818,8.775944479876877
1a841445,"OGUENDJO TERMINAL,GAB",1004,-1.4519527796295357,8.895503902831052
1a8859a1,"GAMBA,GAB",1005,-2.8570929072173583,9.967585351983882
1ba3d93d,"NAMIBE,AGO",1006,-15.191387256341295,12.131831604880496
1ba3d933,"NAMIBE,AGO",1006,-15.173365396201985,12.132408234681245
1ba3d931,"NAMIBE,AGO",1006,-15.178556967676773,12.132833180839274
1ba3dec1,"NAMIBE,AGO",1006,-15.149771165683783,12.136649857616732
1ba3d937,"NAMIBE,AGO",1006,-15.17879610063849,12.137044520777284
1ba3deeb,"NAMIBE,AGO",1006,-15.144458415608076,12.13639866185327
1ba3d935,"NAMIBE,AGO",1006,-15.174056399710718,12.13688437183112
1bb1d64f,"LOBITO,AGO",1007,-12.332345760571613,13.574454689967192
1bb1d639,"LOBITO,AGO",1007,-12.340141757615354,13.563995504231073
1bb1d623,"LOBITO,AGO",1007,-12.34379417629125,13.550638098950552
1bb1d9d5,"LOBITO,AGO",1008,-12.276666072668649,13.593055445352734
1bb1d783,"LOBITO,AGO",1008,-12.287509845155784,13.58769730888561
1bb1d9cd,"LOBITO,AGO",1008,-12.264032116124458,13.592862835736954
1bb1d777,"LOBITO,AGO",1008,-12.292642513388992,13.593139807372042
1bb1d77f,"LOBITO,AGO",1008,-12.282038417015405,13.593075327241989
1bb1d9d3,"LOBITO,AGO",1008,-12.27106932667623,13.593206981741046
1bb1d77b,"LOBITO,AGO",1008,-12.286928848347097,13.59734601661574
1bb1d781,"LOBITO,AGO",1008,-12.281727861832788,13.586777635204285
1bb1d82b,"LOBITO,AGO",1008,-12.276904864121631,13.586894784955991
1bb2975b,"PORTO AMBOIM,AGO",1009,-10.748159264866059,13.736455410774708
1bb29767,"PORTO AMBOIM,AGO",1009,-10.737069774101682,13.738348035419104
1bb29759,"PORTO AMBOIM,AGO",1009,-10.74829985044975,13.733106378383514
1c34a89b,"SALDANHA BAY,ZAF",1011,-33.01573286820388,17.98822178002341
1c34a8fb,"SALDANHA BAY,ZAF",1011,-33.04156423297508,17.992719706039402
1c34a893,"SALDANHA BAY,ZAF",1011,-33.02854792045583,17.98515676907021
1c34a885,"SALDANHA BAY,ZAF",1011,-33.01297078327668,17.989513900156044
1c34a891,"SALDANHA BAY,ZAF",1011,-33.0183183307961,17.98708237630184
1c34a91d,"SALDANHA BAY,ZAF",1011,-33.05257664317815,17.986508246890438
1c6be41b,"LUDERITZ BAY,NAM",1012,-26.628030847935094,15.141612608720152
1c6be69f,"LUDERITZ BAY,NAM",1012,-26.639361169227048,15.154666339659157
1c76efa5,"WALVIS BAY,NAM",1013,-22.93951799982374,14.506058613288866
1c76ef73,"WALVIS BAY,NAM",1013,-22.954014387038097,14.490600762559822
1c76ef75,"WALVIS BAY,NAM",1013,-22.95262646752793,14.493611474358476
1c76efaf,"WALVIS BAY,NAM",1013,-22.936142256885496,14.509452524335133
1c76efa1,"WALVIS BAY,NAM",1013,-22.944947504207285,14.499778909938907
1c76ef71,"WALVIS BAY,NAM",1013,-22.95493540261303,14.488299465161147
1c76ef0b,"WALVIS BAY,NAM",1013,-22.94947315062505,14.49774594383524
1c76f055,"WALVIS BAY,NAM",1014,-22.855453056194303,14.515966636606203
1c76f01b,"WALVIS BAY,NAM",1014,-22.892930716947074,14.486012657014417
1c76fa9f,"WALVIS BAY,NAM",1014,-22.87675156069463,14.469484970489642
1c76f1ad,"WALVIS BAY,NAM",1014,-22.860643299686867,14.520969773642145
1c76fa83,"WALVIS BAY,NAM",1014,-22.865988259047214,14.469263665058332
1c76f0fd,"WALVIS BAY,NAM",1014,-22.844205838798935,14.51427647478126
1c76fa8f,"WALVIS BAY,NAM",1014,-22.867198881451152,14.457852571901368
1c76fa85,"WALVIS BAY,NAM",1014,-22.866259996512664,14.463191533631521
1c76efe3,"WALVIS BAY,NAM",1014,-22.904345991150336,14.486636266819335
1c76f04d,"WALVIS BAY,NAM",1014,-22.866509511497302,14.516667281899982
1c76f013,"WALVIS BAY,NAM",1014,-22.881483461458714,14.486118260116918
1c76f0d7,"WALVIS BAY,NAM",1014,-22.814720122998338,14.514818809311995
1c76f0f9,"WALVIS BAY,NAM",1014,-22.849392501614265,14.510872599169248
1c76faa1,"WALVIS BAY,NAM",1014,-22.88275337860558,14.469516114875626
1c76f0fb,"WALVIS BAY,NAM",1014,-22.844341133726747,14.510446080826942
1c76f1b3,"WALVIS BAY,NAM",1014,-22.866389668437883,14.520446014306865
1c76f071,"WALVIS BAY,NAM",1014,-22.871187406753393,14.480833464991472
1c76f077,"WALVIS BAY,NAM",1014,-22.87172765822245,14.475314913244954
1c76f0d1,"WALVIS BAY,NAM",1014,-22.815083071830646,14.510601862062455
1c76f0db,"WALVIS BAY,NAM",1014,-22.82136168865746,14.510704145510868
1c76f04b,"WALVIS BAY,NAM",1014,-22.872607504100863,14.516332116680543
1c76f075,"WALVIS BAY,NAM",1014,-22.876629181050358,14.47517396279986
1c76f0e7,"WALVIS BAY,NAM",1014,-22.832459410767942,14.510705746448803
1c76f0e1,"WALVIS BAY,NAM",1014,-22.831455149476202,14.514883056564079
1c76fa9d,"WALVIS BAY,NAM",1014,-22.872796917319285,14.469427611268047
1c76f0e5,"WALVIS BAY,NAM",1014,-22.83869433186602,14.510538260024662
1c76f06d,"WALVIS BAY,NAM",1014,-22.87663716426364,14.485892811119834
1c76fa99,"WALVIS BAY,NAM",1014,-22.877835153179433,14.463651129336698
1c76f011,"WALVIS BAY,NAM",1014,-22.887299598575986,14.48593604125186
1c76faa3,"WALVIS BAY,NAM",1014,-22.88379874559488,14.463350325625258
1c76f0dd,"WALVIS BAY,NAM",1014,-22.827219044432066,14.51084711423187
1c76fa9b,"WALVIS BAY,NAM",1014,-22.872918084561086,14.463605111935799
1dcc3fd1,"SIMONSTOWN,ZAF",1015,-34.18705253901858,18.435655460084693
1dcc5deb,"CAPE TOWN,ZAF",1016,-33.90982827723679,18.44772881678991
1dcc5e6d,"CAPE TOWN,ZAF",1016,-33.875912741074266,18.453824224389788
1dcc5e35,"CAPE TOWN,ZAF",1016,-33.849739831945314,18.44800055645579
1dcc5e17,"CAPE TOWN,ZAF",1016,-33.87169504294399,18.443198797521397
1dcc5d95,"CAPE TOWN,ZAF",1016,-33.91332885580875,18.450401781055902
1dcc5fc9,"CAPE TOWN,ZAF",1016,-33.83914552271828,18.448349618579524
1dcc5ded,"CAPE TOWN,ZAF",1016,-33.90789452930798,18.445105182416903
1dcc5e0b,"CAPE TOWN,ZAF",1016,-33.88722782517188,18.449223190036108
1dcc5e37,"CAPE TOWN,ZAF",1016,-33.85578957881048,18.44791192628902
1dcc5def,"CAPE TOWN,ZAF",1016,-33.90494738270079,18.442161556448543
1dcc5df5,"CAPE TOWN,ZAF",1016,-33.912495198813694,18.429730250730703
1dcc5df1,"CAPE TOWN,ZAF",1016,-33.90499235913763,18.438788978437593
1dcc5dbd,"CAPE TOWN,ZAF",1016,-33.9169618292351,18.453048961529458
1dcc5d8b,"CAPE TOWN,ZAF",1016,-33.914778223329655,18.432648165692125
1dcc606f,"CAPE TOWN,ZAF",1016,-33.83884867234694,18.413254548366137
1dcc5df3,"CAPE TOWN,ZAF",1016,-33.91041316646576,18.436582421031066
1dcc6757,"CAPE TOWN,ZAF",1016,-33.90388496180014,18.42295403809199
1dcc607b,"CAPE TOWN,ZAF",1016,-33.84227508143217,18.418637586861564
1dcc5df9,"CAPE TOWN,ZAF",1016,-33.903001376009655,18.428660018939063
1dcc5e13,"CAPE TOWN,ZAF",1016,-33.87637531617125,18.448563252098815
1dcc5e3d,"CAPE TOWN,ZAF",1016,-33.86642557090489,18.44302654575793
1dcc675f,"CAPE TOWN,ZAF",1016,-33.91034876971327,18.426176016356653
1dcc613b,"CAPE TOWN,ZAF",1017,-33.89014376200158,18.365376795021085
1dcc6131,"CAPE TOWN,ZAF",1017,-33.89459003572616,18.365246181645656
1dcc612f,"CAPE TOWN,ZAF",1017,-33.89419201844002,18.370703841612556
1dcc6129,"CAPE TOWN,ZAF",1017,-33.89322356064223,18.37700950182227
1dd66b99,"MOSSEL BAY,ZAF",1019,-34.12157787889263,22.181849675976583
1dd66ba5,"MOSSEL BAY,ZAF",1019,-34.13274590836343,22.18133475158643
1dd66bbb,"MOSSEL BAY,ZAF",1019,-34.13344668068861,22.176367547503713
1e652957,"PORT ELIZABETH,ZAF",1021,-33.861357282219856,25.76094708740304
1e652ec9,"PORT ELIZABETH,ZAF",1021,-33.87206647436595,25.783284243545666
1e652be1,"PORT ELIZABETH,ZAF",1021,-33.852626562976646,25.754249432348182
1e652b95,"PORT ELIZABETH,ZAF",1021,-33.857897568614604,25.73086842884431
1e652bed,"PORT ELIZABETH,ZAF",1021,-33.8617120540349,25.736852253226125
1e652eb7,"PORT ELIZABETH,ZAF",1021,-33.87336690340354,25.77838408017393
1e652eb1,"PORT ELIZABETH,ZAF",1021,-33.874144877037146,25.771971120151502
1e652bf3,"PORT ELIZABETH,ZAF",1021,-33.866386324754465,25.73710219886506
1e652eaf,"PORT ELIZABETH,ZAF",1021,-33.87539437001324,25.766494324705466
1e652937,"PORT ELIZABETH,ZAF",1021,-33.8565098874646,25.784260354345694
1e652941,"PORT ELIZABETH,ZAF",1021,-33.847255280891716,25.77822147612273
1e652b93,"PORT ELIZABETH,ZAF",1021,-33.861863291121885,25.731386501626083
1e652baf,"PORT ELIZABETH,ZAF",1021,-33.84451774087168,25.71940308420662
1e652c03,"PORT ELIZABETH,ZAF",1021,-33.87779973353885,25.753943830647213
1e652ead,"PORT ELIZABETH,ZAF",1021,-33.87049487520505,25.76582134551022
1e652c09,"PORT ELIZABETH,ZAF",1021,-33.875041203574035,25.743605756793503
1e652cb9,"PORT ELIZABETH,ZAF",1022,-33.905668089367204,25.67771293824482
1e652b43,"PORT ELIZABETH,ZAF",1022,-33.87385254437037,25.682882850281928
1e7ad34b,"PORT ELIZABETH,ZAF",1022,-33.90978617938072,25.66025892551739
1e652b5b,"PORT ELIZABETH,ZAF",1022,-33.88021144413624,25.677678229360847
1e652b5f,"PORT ELIZABETH,ZAF",1022,-33.88374292374395,25.68361901228193
1e652b59,"PORT ELIZABETH,ZAF",1022,-33.885166669908834,25.677905855130575
1e652c97,"PORT ELIZABETH,ZAF",1022,-33.89861303785052,25.688560808182114
1e66e1f1,"EAST LONDON,ZAF",1023,-33.02717441810694,27.911667971228113
1e66e1ef,"EAST LONDON,ZAF",1023,-33.02519805200687,27.908151966713902
1e66e1fb,"EAST LONDON,ZAF",1023,-33.02920816919162,27.913798957740347
1e7ad2c1,"PORT ELIZABETH,ZAF",1024,-33.958493628487446,25.639610040176454
1ee6a3cb,"MAPUTO,MOZ",1026,-25.938331895580543,32.76594896848714
1ee6a237,"MAPUTO,MOZ",1026,-25.94070575999637,32.755022672386424
1ee6a419,"MAPUTO,MOZ",1026,-25.93358129899045,32.82782600616103
1ee6a67d,"MAPUTO,MOZ",1026,-25.94127113747631,32.85677978066868
1ee6a401,"MAPUTO,MOZ",1026,-25.94167743934978,32.8113950783819
1ef70a6f,"DURBAN,ZAF",1027,-29.778986610584766,31.202756484117913
1ef709f1,"DURBAN,ZAF",1027,-29.789994964239217,31.162833261469345
1ef70bd5,"DURBAN,ZAF",1027,-29.755502510871654,31.173501106855955
1ef70aff,"DURBAN,ZAF",1027,-29.748651027708586,31.219524421924365
1ef70bf7,"DURBAN,ZAF",1027,-29.716151014896727,31.18488724796591
1ef70cf7,"DURBAN,ZAF",1027,-29.67573956585611,31.218784945806057
1ef709f9,"DURBAN,ZAF",1027,-29.792722736419837,31.168444760169262
1ef70a89,"DURBAN,ZAF",1027,-29.7746325194075,31.21921891979668
1ef70bc3,"DURBAN,ZAF",1027,-29.737161192314296,31.18500092136564
1ef70bd7,"DURBAN,ZAF",1027,-29.749966142470125,31.173855921986288
1ef70a21,"DURBAN,ZAF",1027,-29.77562306483389,31.173824607183324
1ef709a7,"DURBAN,ZAF",1027,-29.76921430913999,31.139412524240093
1ef70e9d,"DURBAN,ZAF",1027,-29.68954055048483,31.16807497628008
1ef709c7,"DURBAN,ZAF",1027,-29.790026949404943,31.139742892815313
1ef7085b,"DURBAN,ZAF",1027,-29.782290056147623,31.111075046793914
1ef709c1,"DURBAN,ZAF",1027,-29.78925728528062,31.145298065166838
1ef70a7d,"DURBAN,ZAF",1027,-29.78137346456707,31.212927402788292
1ef7097f,"DURBAN,ZAF",1027,-29.75711505695834,31.167457112973764
1ef709ef,"DURBAN,ZAF",1027,-29.791009138767887,31.157248576757905
1ef70979,"DURBAN,ZAF",1027,-29.758290157593855,31.16303988594073
1ef70a11,"DURBAN,ZAF",1027,-29.78369136436974,31.1851252695925
1ef7095d,"DURBAN,ZAF",1027,-29.737800330981848,31.16280569367969
1ef70983,"DURBAN,ZAF",1027,-29.763744306506158,31.162456970017303
1ef709a3,"DURBAN,ZAF",1027,-29.77309167903077,31.14542819256221
1ef709ed,"DURBAN,ZAF",1027,-29.78570242484663,31.156607353743652
1ef70a07,"DURBAN,ZAF",1027,-29.79537801673674,31.17975969985171
1ef708d7,"DURBAN,ZAF",1027,-29.737692375428225,31.122401264698965
1ef7a9b1,"DURBAN,ZAF",1028,-29.865183917645528,31.026009152877865
1ef7a9b3,"DURBAN,ZAF",1028,-29.864083999937375,31.031921554390735
1ef7a9ab,"DURBAN,ZAF",1028,-29.87719353253908,31.030788753525798
1ef7a857,"DURBAN,ZAF",1028,-29.87366502880907,31.041788380007315
1ef7a859,"DURBAN,ZAF",1028,-29.873629112859128,31.04682563422016
1ef7a997,"DURBAN,ZAF",1028,-29.87268255504056,31.008997993226266
1ef7a9ad,"DURBAN,ZAF",1028,-29.869608539566034,31.03255900119492
1ef7a8f3,"DURBAN,ZAF",1028,-29.878763123793398,31.05134189103114
1ef7a977,"DURBAN,ZAF",1028,-29.88736530743231,31.001288758821314
1ef7a999,"DURBAN,ZAF",1028,-29.87741851667652,31.006450976790006
1ef7a8f1,"DURBAN,ZAF",1028,-29.881788973850636,31.047551257769523
1ef7a853,"DURBAN,ZAF",1028,-29.870569308769685,31.035218555357282
1ef7a8f5,"DURBAN,ZAF",1028,-29.87614325904949,31.05302809009152
1ef7a9a9,"DURBAN,ZAF",1028,-29.879094305015236,31.022944869769304
1ef7a901,"DURBAN,ZAF",1028,-29.880609313856432,31.030969253046266
1ef7a84d,"DURBAN,ZAF",1028,-29.865632292972965,31.03373439056698
1ef7a855,"DURBAN,ZAF",1028,-29.872953383328095,31.037664063911254
1ef7adef,"DURBAN,ZAF",1029,-30.00604494597898,30.972973325676783
1ef98803,"RICHARDS BAY,ZAF",1030,-28.874675532816106,32.16584041193616
1ef987fb,"RICHARDS BAY,ZAF",1030,-28.87501172188314,32.18244910157766
1ef98621,"RICHARDS BAY,ZAF",1030,-28.92895413762644,32.17714025730332
1ef98923,"RICHARDS BAY,ZAF",1030,-28.948604768624033,32.120862113435116
1efa2779,"RICHARDS BAY,ZAF",1030,-28.87446387890969,32.126477061926145
1ef988a3,"RICHARDS BAY,ZAF",1030,-28.937154326993312,32.16587853094676
1ef988dd,"RICHARDS BAY,ZAF",1030,-28.94443760451299,32.13766542605207
1ef9896f,"RICHARDS BAY,ZAF",1030,-28.94449518363687,32.09811397923365
1ef988c5,"RICHARDS BAY,ZAF",1030,-28.94847489986885,32.14311031395934
1ef98993,"RICHARDS BAY,ZAF",1030,-28.91317470971465,32.09804721435812
1ef988bf,"RICHARDS BAY,ZAF",1030,-28.939774663390494,32.15505094288277
1ef98811,"RICHARDS BAY,ZAF",1030,-28.886104378724472,32.160401589175436
1ef98989,"RICHARDS BAY,ZAF",1030,-28.921681057728026,32.08652685935127
1ef98611,"RICHARDS BAY,ZAF",1030,-28.9359786931677,32.18871151839692
1ef987b9,"RICHARDS BAY,ZAF",1030,-28.89209199631777,32.19979023703104
1ef98905,"RICHARDS BAY,ZAF",1030,-28.93307433911588,32.12049189689256
1ef9863b,"RICHARDS BAY,ZAF",1030,-28.919858966922437,32.189611033311046
1ef98807,"RICHARDS BAY,ZAF",1030,-28.878071678624593,32.17155249390791
1ef98969,"RICHARDS BAY,ZAF",1030,-28.949345013319586,32.09854740074567
1ef989d1,"RICHARDS BAY,ZAF",1030,-28.89185190249454,32.12028804564411
1ef988e7,"RICHARDS BAY,ZAF",1030,-28.93850121699058,32.13803942641812
1efa27f9,"RICHARDS BAY,ZAF",1030,-28.870042681567227,32.165499241098765
1efa23f1,"RICHARDS BAY,ZAF",1031,-28.796912369283245,32.07755669221045
1efa23bb,"RICHARDS BAY,ZAF",1031,-28.79001013875648,32.05236676115341
1efa2251,"RICHARDS BAY,ZAF",1031,-28.792044721868173,32.03087805624893
1efa23f7,"RICHARDS BAY,ZAF",1031,-28.79655812220488,32.078778001814506
1f2a3193,"BEIRA,MOZ",1032,-19.948374107850405,35.11314538904515
1f2a30a9,"BEIRA,MOZ",1032,-19.913445936381176,35.042145615933705
1f2a31af,"BEIRA,MOZ",1032,-19.943226335594137,35.091002612224614
1f2a6a31,"BEIRA,MOZ",1034,-19.799996830046105,34.829061997969994
1f2bd27b,"BEIRA,MOZ",1035,-19.94392247473143,35.266837610774346
1f647d11,"TOLIARA,MDG",1036,-23.378542866502464,43.66424071165396
217c51b9,"PORT LOUIS,MUS",1037,-20.147907922197646,57.48791656162787
217c51bd,"PORT LOUIS,MUS",1037,-20.14051257154635,57.49268016717122
217c51b7,"PORT LOUIS,MUS",1037,-20.150395530103676,57.488903763490235
217c521b,"PORT LOUIS,MUS",1037,-20.106767491291723,57.477988942105895
217c51af,"PORT LOUIS,MUS",1037,-20.154358807775832,57.49819149950848
217c51e3,"PORT LOUIS,MUS",1037,-20.125711728678624,57.466669928362805
217c521d,"PORT LOUIS,MUS",1037,-20.11226096672227,57.47761559557452
217c4e2f,"PORT LOUIS,MUS",1037,-20.144063988883786,57.45496851151623
217c51f1,"PORT LOUIS,MUS",1037,-20.121986595648163,57.476978864320834
217c51fb,"PORT LOUIS,MUS",1037,-20.121611421489238,57.472724656613494
217c51e9,"PORT LOUIS,MUS",1037,-20.132046486209248,57.47757367615836
217c4e33,"PORT LOUIS,MUS",1037,-20.147847355457383,57.44884822361991
217c51bf,"PORT LOUIS,MUS",1037,-20.142039465917897,57.48933942126883
217c51e5,"PORT LOUIS,MUS",1037,-20.126463025299742,57.47150029051186
217c4e27,"PORT LOUIS,MUS",1037,-20.140189886542174,57.46019467762726
218287d7,"PORT EST,REU",1039,-20.9315338924008,55.317407213197484
218288f5,"PORT OUEST,REU",1039,-20.932027044828722,55.28759006438222
21d1a4bb,"PORTL EHOALA,MDG",1040,-25.065211260548246,46.96614414190503
21f506cb,"TAMATAVE,MDG",1041,-18.100524772009912,49.42351562170042
226b1c83,"ANTISRANANA,MDG",1044,-12.268711793587004,49.28801426741956
22e0282d,"VICTORIA,SYC",1045,-4.6193842228490185,55.482172481776246
22e0284d,"VICTORIA,SYC",1045,-4.619134561191269,55.4605243254562
22e029b3,"VICTORIA,SYC",1045,-4.623365793507728,55.4615515718332
22e029b7,"VICTORIA,SYC",1045,-4.627008067169761,55.46491702571053
22e027fd,"PORT VICTORIA,SYC",1045,-4.585713845331152,55.48407980919074
2a2d57c5,"KWINANA,AUS",1047,-31.929600167057202,115.64845091340871
2a329e51,"FREMANTLE,AUS",1053,-32.16739650277538,115.70094728559651
2a329e61,"KWINANA AUS,AUS",1053,-32.18266088689644,115.70645582236507
2a32ab99,"HILLARYS,AUS",1054,-31.82263717980493,115.73569155987737
2a32ab97,"HILLARYS,AUS",1054,-31.82435765686134,115.73758415509963
2a5b40e3,"ESPERANCE,AUS",1056,-33.884519839126234,121.93427728048968
2be31e33,"CAPE CUVIER,AUS",1061,-24.2007261785755,113.3977561198996
2bf54e7f,"PORT HEDLAND,AUS",1062,-20.31286063317058,118.57439102938929
2bf54e7d,"PORT HEDLAND,AUS",1062,-20.31321096857742,118.57287033022246
2bf54c27,"PORT HEDLAND,AUS",1062,-20.32520620101429,118.5841314577766
2bf54e7b,"PORT HEDLAND,AUS",1062,-20.30779090456203,118.57124449791012
2c0aa99b,"AU PHE,AUS",1063,-20.064956076887317,118.56674596006951
2c0aa9b7,"AU PHE,AUS",1063,-20.080692759743933,118.54094704144345
2c0aa9f5,"AU PHE,AUS",1063,-20.07998653766886,118.5770781071035
2bf55815,"PORT HEDLAND,AUS",1063,-20.136728859281796,118.46557815700544
2bf55709,"PORT HEDLAND,AUS",1063,-20.153751084179035,118.51931056831226
2bf5eef5,"AU PWL,AUS",1066,-20.51823901936056,117.42877535865217
2bf5ef01,"AU PWL,AUS",1066,-20.522602223067725,117.40525866279134
2bf62175,"DAMPIER,AUS",1067,-20.479473689392997,116.74815882388839
2bf62107,"DAMPIER,AUS",1067,-20.459695378878326,116.74830418859088
2bf620ff,"DAMPIER,AUS",1067,-20.44879298642693,116.74820296938589
2bf6246b,"DAMPIER,AUS",1069,-20.531011583362655,116.68229350159922
2c09d901,"DAMPIER,AUS",1080,-20.377576419347847,116.6578913951876
2c09d8f5,"DAMPIER,AUS",1080,-20.39937509456086,116.65866483285602
2c09d921,"DAMPIER,AUS",1080,-20.37416194700485,116.68111029146594
2c09de41,"DAMPIER,AUS",1081,-20.3411150744868,116.77111924814272
2c908f75,"WYNDHAM,AUS",1086,-15.45279773126985,128.10084389122633
2c908f0f,"WYNDHAM,AUS",1086,-15.444542832430443,128.09807010116754
2d5eab03,"TG. SORONG,IDN",1097,-0.8792828191896492,131.24808593710026
2d6ce8e1,"AMBON,IDN",1098,-3.6725627399146865,128.18689749858575
2d6ce857,"AMBON,IDN",1098,-3.6903251403119137,128.180011501287
2d97f825,"POMALAA,IDN",1103,-4.1789460919199914,121.59934304017939
2dbe4db7,"BIRINGKASI,IDN",1111,-4.817385940060635,119.48290592905659
2dbe4db9,"BIRINGKASI,IDN",1111,-4.818026693948695,119.48280578696317
2dbe4daf,"BIRINGKASSI,IDN",1111,-4.81575397217296,119.47268546737838
2dbe4da9,"BIRINGKASSI,IDN",1111,-4.8160491876956515,119.46741538289865
2dbf02fb,"UJUNG PANDANG,IDN",1112,-5.11519672270489,119.379578493403
2dbf029b,"UJUNG PANDANG,IDN",1112,-5.118011808208949,119.40823794035515
2dbf02df,"UJUNG PANDANG,IDN",1112,-5.128489508085048,119.37472858373465
2dcdbd23,"LEMBAR,IDN",1117,-8.729925687774333,116.07770898677292
2dd1438b,"GILIMANUK,IDN",1119,-8.159701067249033,114.4336018718603
2dd1441f,"KETAPANG GILIMANUK,IDN",1119,-8.140266928221378,114.40650803807533
2dd14419,"KETAPANG GILIMANUK,IDN",1119,-8.145470971985368,114.40678453832503
2dd14421,"KETAPANG GILIMANUK,IDN",1119,-8.140098811450793,114.402309322241
2dd800fb,"GRESIK,IDN",1125,-7.142739579854892,112.65874337351714
2dd7f8b5,"SURABAYA,IDN",1125,-7.206332710084283,112.71978134962798
2dd7f8c9,"SURABAYA,IDN",1125,-7.208160469446371,112.72603191279241
2dd7f8bb,"SURABAYA,IDN",1125,-7.1994008300802905,112.7296780526503
2dd7f8b1,"SURABAYA,IDN",1125,-7.199373242784243,112.72434893348061
2dd7f8c7,"SURABAYA,IDN",1125,-7.2080658384229235,112.7285927826819
2dd801f9,"SURABAYA,IDN",1125,-7.181020577541192,112.71198102740298
2dd7f8b7,"SURABAYA,IDN",1125,-7.204864673293129,112.72503885802801
2dd7ff4d,"SURABAYA,IDN",1125,-7.199380502640092,112.71170447448529
2dd80201,"SURABAYA,IDN",1125,-7.18541134808939,112.71775904535357
2dd7ff51,"SURABAYA,IDN",1125,-7.196349933979632,112.70644487965632
2dd80937,"SURABAYA,IDN",1126,-6.970193549268066,112.70621761061768
2dd872fd,"SURABAYA,IDN",1127,-6.831906250950046,112.76574586935138
2dd87305,"SURABAYA,IDN",1127,-6.832779747413867,112.75396053921034
2dd80cd7,"SURABAYA,IDN",1127,-6.871723263401583,112.760099685524
2dd80d2f,"SURABAYA,IDN",1127,-6.871107347291361,112.77186183375596
2dd87325,"SURABAYA,IDN",1127,-6.852622223978966,112.75426485276402
2de41f97,"TABUNGANEN,IDN",1129,-3.3814574684743963,114.50377138264662
2de42223,"BANJARMASIN,IDN",1129,-3.3264484163624823,114.55328978986975
2de421df,"BANJARMASIN,IDN",1129,-3.3544417998140292,114.5288661774233
2de41f79,"BANJARMASIN,IDN",1129,-3.367674546793616,114.51556437764859
2de41f83,"BANJARMASIN,IDN",1129,-3.370902706355674,114.513444360356
2de42227,"BANJARMASIN,IDN",1129,-3.330022917817362,114.5561613038046
2de42189,"BANJARMASIN,IDN",1129,-3.333162940992273,114.55481908128797
2de41f7f,"BANJARMASIN,IDN",1129,-3.365795604075899,114.51906252978075
2de421e9,"BANJARMASIN,IDN",1129,-3.347252687357458,114.53757658789054
2de42249,"BANJARMASIN,IDN",1129,-3.310664770455229,114.56465829007996
2de42231,"BANJARMASIN,IDN",1129,-3.31909452831753,114.56177231344212
2de4224f,"BANJARMASIN,IDN",1129,-3.306398130475539,114.5643823626627
2de421ef,"BANJARMASIN,IDN",1129,-3.3441655877704797,114.53998795212863
2de421dd,"BANJARMASIN,IDN",1129,-3.3522889589999307,114.5319244977835
2de6c09b,"TABONEO,IDN",1130,-3.712448488824683,114.46193164921885
2de6c0d5,"TABONEO,IDN",1130,-3.7407962717990926,114.43258066950901
2de6c09d,"TABONEO,IDN",1130,-3.7078320343595563,114.4611835460779
2de6c099,"TABONEO,IDN",1130,-3.7124561809935375,114.45662632755979
2de6c0dd,"TABONEO,IDN",1130,-3.7353972822518346,114.45019766052648
2de6bfad,"TABONEO,IDN",1130,-3.6698975244887944,114.48519532323365
2de6c11f,"TABONEO,IDN",1130,-3.7451668081278804,114.45586105414152
2de6c085,"TABONEO,IDN",1130,-3.712339813565484,114.46802800912944
2de6bfab,"BANJARMASIN,IDN",1130,-3.6700000950286706,114.48075864469543
2def2585,"NORTH PULAU LAUT COAL TERMINAL,IDN",1131,-3.20485750557251,116.28529908047331
2def27c1,"KOTABARU,IDN",1132,-3.192498300378159,116.39196397573022
2def2a17,"SEBUKU,IDN",1133,-3.2922415424554137,116.39887267374995
2df147f3,"BALIKPAPAN,IDN",1136,-1.2346360708259598,116.8042779090996
2df1a5c1,"ADANG BAY,IDN",1137,-1.7224138891906828,116.6348943865752
2df40593,"SURABAYA,IDN",1138,-0.9896310338060371,117.34736686710004
2df4061d,"BALIKPAPAN,IDN",1138,-1.0183427001421972,117.35740744886978
2df3f9d9,"BALIKPAPAN,IDN",1138,-1.120111967394996,117.35812714739507
2df4086f,"PECIKO AREA,IDN",1138,-1.052254752886118,117.37801790297677
2df40627,"PECIKO AREA,IDN",1138,-1.030878140078168,117.3576861523935
2df40c5f,"PECIKO AREA,IDN",1139,-0.9876007715631558,117.49826303404079
2df418b9,"HANDILENAM,IDN",1143,-0.8202663750860546,117.28287713580481
2df59591,"SAMARINDA,IDN",1149,-0.2554877732095146,117.61166426003555
2df5be33,"SAMARINDA,IDN",1149,-0.27562087808653013,117.59988845601235
2df59525,"SAMARINDA,IDN",1149,-0.238322909190555,117.56359852484319
2e40d921,"PANJANG,IDN",1161,-5.48540952927773,105.29232919460036
2e417513,"MERAK BAKAUHENI,IDN",1162,-5.869380245604538,105.75579958640549
2e418551,"BANTEN,IDN",1163,-6.008248270962292,105.95946925920394
2e419acb,"BANTEN,IDN",1163,-5.996596925313969,105.94345740736918
2e41939d,"CILEGON,IDN",1163,-5.9273844611914805,106.10954365344794
2e419ae9,"CIGADING,IDN",1163,-5.976907632521461,105.93764746946698
2e41970b,"SURALAYA,IDN",1163,-5.878248403932927,105.9969519801171
2e419263,"BOJONEGARA,IDN",1163,-5.9804627844641916,106.10901819633078
2e4192ef,"BOJONEGARA,IDN",1163,-5.966234938945974,106.12593603066775
2e4193a9,"BOJONEGARA,IDN",1163,-5.946205635329894,106.10691890534011
2e4196f1,"KUBANGKEPUH,IDN",1163,-5.88295229833587,106.02984547231772
2e41906f,"TANJUNG GEREM,IDN",1163,-5.969636392190987,105.98344337643246
2e419085,"TANJUNG GEREM,IDN",1163,-5.95025920143352,105.97898189715936
2e4190c7,"TANJUNG SEKONG,IDN",1163,-5.929651425395004,105.99532872151795
2e41973b,"TANJUNG SEKONG,IDN",1163,-5.902951724355828,106.00180946309142
2e419769,"MERAK MAS TERMINAL,IDN",1163,-5.893772969018806,105.98498808208434
2e41974d,"MERAK MAS TERMINAL,IDN",1163,-5.913267232274919,105.98577852877331
2e419751,"MERAK MAS TERMINAL,IDN",1163,-5.908712673738867,105.97996931834962
2e41976b,"MERAK MAS TERMINAL,IDN",1163,-5.893595477140212,105.99076456768265
2e6a1fa3,"JAKARTA,IDN",1169,-6.10062582660854,106.8859862430151
2e6a18cd,"JAKARTA,IDN",1169,-6.04987191608762,106.877977806587
2e6a1f3f,"JAKARTA,IDN",1169,-6.069802680789251,106.88679062217383
2e6a18b1,"JAKARTA,IDN",1169,-6.044100509057789,106.8973182668096
2e6a1fa1,"JAKARTA,IDN",1169,-6.096542762519634,106.88463035888333
2e6a18b7,"JAKARTA,IDN",1169,-6.044322343769983,106.89160346064999
2e6a1faf,"JAKARTA,IDN",1169,-6.102629720716933,106.87550802553875
2e6a1fb1,"JAKARTA,IDN",1169,-6.105498518066057,106.87423839178823
2e6a1f25,"JAKARTA,IDN",1169,-6.0649684831867505,106.87438486689143
2e6a1f6b,"JAKARTA,IDN",1169,-6.074709729063756,106.89123582591982
2e6a1fb5,"JAKARTA,IDN",1169,-6.111991560416652,106.86767257213835
2e6a18c9,"JAKARTA,IDN",1169,-6.044557187341512,106.88725752853071
2e6a1899,"JAKARTA,IDN",1169,-6.028645508060323,106.90346563185696
2e6a1f9f,"JAKARTA,IDN",1169,-6.097011766296987,106.89106846972311
2e6a1fbb,"JAKARTA,IDN",1169,-6.104745611331822,106.87928719990022
2e6a18cb,"JAKARTA,IDN",1169,-6.049865084125621,106.88719312882881
2e6a18d3,"JAKARTA,IDN",1169,-6.049888164277664,106.87397973436249
2e6a1f4f,"JAKARTA,IDN",1169,-6.059159969781103,106.89745975200249
2e6a1f5b,"JAKARTA,IDN",1169,-6.063542866719567,106.90406801557236
2e6a1867,"JAKARTA,IDN",1169,-6.004136986787618,106.89242500228849
2e6a1f35,"JAKARTA,IDN",1169,-6.054638435980846,106.88701172868907
2e6a1f31,"JAKARTA,IDN",1169,-6.059923517408477,106.8782063931132
2e6a21ab,"MARUNDA,IDN",1169,-6.086893260389403,106.95849606910829
2e6a21a9,"MARUNDA,IDN",1169,-6.083957565940616,106.95835483788385
2e6a2055,"PHE ONWJ,IDN",1169,-6.094750766301951,106.95684234000096
2e6a2057,"PHE ONWJ,IDN",1169,-6.096952186492351,106.95668152114537
2e6a2101,"KALIANGET,IDN",1169,-6.086971741646596,106.96068151790102
2e6a1de7,"JAKARTA,IDN",1170,-6.1183420433328815,106.80978764525034
2e70f153,"SEMARANG,IDN",1175,-6.887902167654429,110.42918689985574
2e70f483,"SEMARANG,IDN",1175,-6.941880642354753,110.42330726870142
2e70f361,"SEMARANG,IDN",1175,-6.9510387336260004,110.42648488448502
304ac49f,"PULAU PINANG,MYS",1186,5.448830765135073,100.3540651215378
304d3373,"SONGKHLA HARBOR,THA",1189,7.209293239343691,100.583423413071
30502ee1,"BAN CHALONG,THA",1191,7.814342211847517,98.35453580341154
30ace0b7,"CHITTAGONG,BGD",1204,22.20840391719884,91.7607370227186
30ace0ad,"CHITTAGONG,BGD",1204,22.219889421542913,91.75632342269303
30acdd97,"CHITTAGONG,BGD",1204,22.25053325389914,91.7274000259724
30ace0b3,"CHITTAGONG,BGD",1204,22.214204346135027,91.75601278846344
30ace125,"CHITTAGONG,BGD",1204,22.1732074102655,91.7659861684203
30ace735,"CHITTAGONG,BGD",1204,22.20227749421989,91.75136230878644
30acdd9b,"CHITTAGONG,BGD",1204,22.245015611913615,91.72210621054859
30acdd89,"CHITTAGONG,BGD",1204,22.232682404098792,91.72702390767608
30acdc41,"CHITTAGONG,BGD",1204,22.29779920331099,91.73205697208287
30ace79f,"CHITTAGONG,BGD",1204,22.20834973451793,91.71274688761544
30acdffb,"CHITTAGONG,BGD",1205,22.237440664373718,91.8259334404468
30acdf07,"CHITTAGONG,BGD",1205,22.27764865656152,91.79988043154756
30acdf85,"CHITTAGONG,BGD",1205,22.268075266513385,91.82438820541755
30e2a71f,"PHRA SAMUT CHEDI,THA",1208,13.57150573624481,100.57666659238558
30e2aab7,"TH BKK,THA",1209,13.329720624291966,100.60004788685883
311d553f,"BANGKOK,THA",1209,13.338736020082374,100.64479396998672
311d557f,"BANGKOK,THA",1209,13.361851984335491,100.62196314076566
30e2aa87,"BANGKOK,THA",1209,13.36220823183668,100.61128260580688
30e2c7f3,"SAMUT SAKHON,THA",1210,13.536972024524228,100.2499901243706
30fee02f,"BANG SAPHAN,THA",1211,11.19929359480012,99.57983496795829
3102f85d,"MAPTAPHUT,THA",1212,12.594690246790952,101.1987378718172
3102f8a1,"MAP TA PHUT,THA",1212,12.571362184346372,101.23228583821096
31028943,"SATTAHIP,THA",1214,12.652755360451309,100.87635569586155
31028a4b,"SATTAHIP,THA",1214,12.623473022888902,100.91417466291026
3102babd,"TH KSI,THA",1218,13.115246848421604,100.81984290034657
3102bb65,"TH LCH,THA",1218,13.046594117543513,100.83153696375459
3102bba1,"TH LCH,THA",1218,13.062117137897864,100.84819631669836
3102a4c3,"SRIRACHA,THA",1218,13.072342214149476,100.7785970386821
3102a4e9,"SRIRACHA,THA",1218,13.071803783235538,100.77656799184261
3102a5a3,"SRIRACHA,THA",1218,13.106621698728011,100.74681222067902
3102b111,"KOSICHANG,THA",1218,13.188500191754784,100.85790785696992
3102ba93,"KOSICHANG,THA",1218,13.109211675941781,100.83065132471809
3102baeb,"KOSICHANG,THA",1218,13.103562658681351,100.82484693578812
3102b19d,"KOSICHANG,THA",1218,13.205286353328063,100.84242780299051
3102badd,"KOSICHANG,THA",1218,13.093578291249239,100.81932328752033
3102b171,"KOSICHANG,THA",1218,13.204617326702595,100.85291313691773
3102b185,"KOSICHANG,THA",1218,13.211242303463335,100.83689782081818
3102a56d,"SRI RACHA,THA",1218,13.111521756296172,100.76915834541502
3102bb0b,"LAEM CHABANG,THA",1218,13.062058595617852,100.84273649816285
3102bc9d,"LAEM CHABANG,THA",1218,13.03560536627609,100.83235553470647
3102bbc5,"LAEM CHABANG,THA",1218,13.069001172579721,100.8782805911651
3102bbdb,"LAEM CHABANG,THA",1218,13.066259637336017,100.88052494656887
3102b963,"LAEM CHABANG,THA",1218,13.06650686769415,100.89348931234224
3102b0b3,"SIAM SEAPORT,THA",1218,13.14065640643508,100.88714079474073
3102b0ad,"SIAM SEAPORT,THA",1218,13.135550234341416,100.8879307682693
3102b09d,"SIAM SEAPORT,THA",1218,13.13076263224916,100.85929091719797
3102b0a5,"SIAM SEAPORT,THA",1218,13.135225192521796,100.87514816473103
3102b1a9,"KO SI CHANG TERMINAL,THA",1218,13.182386351519826,100.84194891680382
3102b05d,"KO SI CHANG TERMINAL,THA",1218,13.154873221205964,100.83788308443758
3102b05b,"KO SI CHANG TERMINAL,THA",1218,13.159899210177402,100.8371423041555
3102b101,"KO SI CHANG TERMINAL,THA",1218,13.176432805987746,100.84797236498073
3102b05f,"KO SI CHANG TERMINAL,THA",1218,13.154095938625943,100.84197248588733
3102b0ff,"KO SI CHANG TERMINAL,THA",1218,13.170789464443388,100.84785082555017
3102b061,"KO SI CHANG TERMINAL,THA",1218,13.148509638415225,100.8422530681493
3102f799,"MAPTAPHUT THAILAND,THA",1219,12.609282748346267,101.14171763666901
314222ff,"DA NANG,VNM",1225,16.154506528333137,108.19315649904627
31454913,"31454913,CHN",1228,18.226649221354766,109.44673094813243
31454b27,"31454b27,CHN",1228,18.204389448252737,109.55396605546983
31454bd9,"31454bd9,CHN",1228,18.224323835492882,109.47631718505424
31454bdd,"31454bdd,CHN",1228,18.229767836902415,109.48122211525485
31454be9,"31454be9,CHN",1228,18.23396977435861,109.48849123444778
31456893,"31456893,CHN",1229,18.36100574308132,109.12395705162338
314a5a11,"HON GAI,VNM",1232,20.871260425823376,107.08672261884284
314a54e9,"CAMPHA,VNM",1233,20.900081270387922,107.26391275769684
314a7a4d,"HAIPHONG,VNM",1236,20.87826600438386,106.6610650083521
314a7af1,"HAIPHONG,VNM",1236,20.866917644392224,106.684789724169
314a7ae1,"HAIPHONG,VNM",1236,20.873429843091905,106.69882916343826
314a7ae7,"HAIPHONG,VNM",1236,20.87146511330483,106.6957842765257
36b34c81,"36b34c81,CHN",1239,21.6208501840527,108.33202398978638
314cc467,"314cc467,CHN",1240,21.298949490350214,108.55974842252427
314cd055,"314cd055,CHN",1242,21.401267483394925,108.6621760333931
314ce97b,"314ce97b,CHN",1244,21.134963384191153,108.5318674923313
314d16a3,"314d16a3,CHN",1247,21.055850302772143,109.08442375261146
314d3347,"314d3347,CHN",1249,21.480824396895613,109.07072917363769
314d33a5,"314d33a5,CHN",1249,21.443392867710912,109.05962054187114
314d33b7,"314d33b7,CHN",1249,21.431057174389334,109.05398347240872
314d343f,"314d343f,CHN",1250,21.418855455149476,109.12132826521069
3152aa01,"3152aa01,CHN",1251,21.34578829471618,109.57276924936419
314e1495,"314e1495,CHN",1253,19.721120393716323,109.21552326454706
314e14bb,"314e14bb,CHN",1253,19.7271554992695,109.2022945755706
314e6b4b,"314e6b4b,CHN",1253,19.723713438431076,109.18498261984662
314f0e4b,"314f0e4b,CHN",1255,19.115612637646578,108.64220894254136
314f1107,"314f1107,CHN",1255,19.116030299897318,108.56705576672609
31522c53,"31522c53,CHN",1257,20.026421541188736,110.2764244519792
31522daf,"31522daf,CHN",1257,20.037762649802712,110.2755291653381
31523299,"31523299,CHN",1257,20.079025126108558,110.30471160409672
31532929,"31532929,CHN",1263,21.196397208401493,110.4169492121475
31532bef,"31532bef,CHN",1263,21.254379524859413,110.41045489702104
31532f4b,"31532f4b,CHN",1263,21.165565713913512,110.42962370292885
31756b57,"PHU MY,VNM",1268,10.50494196119833,107.00534970745157
31751355,"VUNG TAU,VNM",1268,10.513803631870571,107.01149474423958
31756ec5,"VUNG TAU,VNM",1272,10.395204182662008,107.02312151302054
31756f81,"VUNG TAU,VNM",1272,10.338343779587177,107.05800267294181
31756ec3,"VUNG TAU,VNM",1272,10.393540332236352,107.02604802876301
31756f87,"VUNG TAU,VNM",1272,10.33838253076841,107.0630423672977
3175718b,"VUNG TAU,VNM",1272,10.41372710153234,107.1266019475648
31756efd,"VUNG TAU,VNM",1272,10.383022057904528,107.04659338378264
31cdabad,"PORT KLANG,MYS",1281,2.99094926600816,101.3936646204342
31cdaabd,"PORT KLANG,MYS",1281,3.0200339988188043,101.35667943431596
31cd06f9,"PORT KLANG,MYS",1281,2.9230333458920663,101.28743800281624
31cd06e1,"PORT KLANG,MYS",1281,2.937248962636357,101.29566719263735
31cd06e3,"PORT KLANG,MYS",1281,2.9329005065577993,101.29318096457607
31cd0659,"PORT KLANG,MYS",1281,2.9180773399198574,101.28455786464535
31cd06e5,"PORT KLANG,MYS",1281,2.9305899056977824,101.29166114348119
31cd0b8b,"PORT KLANG,MYS",1284,2.7808046143299023,101.25525666704574
31cd0a61,"PORT KLANG,MYS",1284,2.765666108404896,101.3230565994273
31cd0aff,"PORT KLANG,MYS",1284,2.76118542502746,101.30097003226098
31cd0a8d,"PORT KLANG,MYS",1284,2.755825557677362,101.3232240370422
31cd0b13,"PORT KLANG,MYS",1284,2.7513131838172926,101.27739529581618
31cd0b1b,"PORT KLANG,MYS",1284,2.7512330381664847,101.28928399899479
31cd0ae3,"PORT KLANG,MYS",1284,2.7510182932144653,101.3008039453538
31cd0b89,"PORT KLANG,MYS",1284,2.7762205676234295,101.2554893495771
31cd0b71,"PORT KLANG,MYS",1284,2.756275941239611,101.26657848566776
31cd0b0b,"PORT KLANG,MYS",1284,2.761310412259258,101.27810562903447
31cd0af3,"PORT KLANG,MYS",1284,2.756258156068851,101.31842684746351
31cd0b01,"PORT KLANG,MYS",1284,2.760952477810824,101.29496382431223
31cd0b07,"PORT KLANG,MYS",1284,2.7612262299398838,101.28918148236741
31cd0b8d,"PORT KLANG,MYS",1284,2.7811182374725147,101.26105626562651
31cd094f,"PORT KLANG,MYS",1284,2.814977619775221,101.26121418597337
31cd0b6f,"PORT KLANG,MYS",1284,2.7514016540765773,101.26667105290993
31cd0a89,"PORT KLANG,MYS",1284,2.7606512415093833,101.32903947322828
31cd0bb5,"PORT KLANG,MYS",1284,2.7804819205007383,101.29474956534825
31cd0b79,"PORT KLANG,MYS",1284,2.7614027468079962,101.26116132235353
31cd0a63,"PORT KLANG,MYS",1284,2.7658742119009583,101.3290011930909
31cd0bf7,"PORT KLANG,MYS",1284,2.7904298736417936,101.25595936457754
31cd0ba1,"PORT KLANG,MYS",1284,2.7660118361040595,101.27848389081514
31cd0b17,"PORT KLANG,MYS",1284,2.746702138717988,101.28353768888202
31cd0b7f,"PORT KLANG,MYS",1284,2.761086392501129,101.25575164070824
31cd0a65,"PORT KLANG,MYS",1284,2.7702930584870837,101.32841971201618
31cd0bb7,"PORT KLANG,MYS",1284,2.7807060326485926,101.28884339526581
31cd0ba3,"PORT KLANG,MYS",1284,2.770690153578632,101.27760832287609
31cd0b6d,"PORT KLANG,MYS",1284,2.7514486540996157,101.27215499729228
31cd093b,"PORT KLANG,MYS",1284,2.8298077254694647,101.26666706867513
31cd0bc9,"PORT KLANG,MYS",1284,2.785386909551605,101.28917620521406
31cd0a8f,"PORT KLANG,MYS",1284,2.7556639889168535,101.32871976912236
31cd0bf5,"PORT KLANG,MYS",1284,2.7855004719283656,101.25557339645358
31cd0a55,"PORT KLANG,MYS",1284,2.76566038171043,101.30028971575094
31cd0bab,"PORT KLANG,MYS",1284,2.7660000194588616,101.29502129255442
31cd095f,"PORT KLANG,MYS",1284,2.8049862644882517,101.2723357560547
31cd0bf9,"PORT KLANG,MYS",1284,2.7949339783687126,101.25592344567147
31cd0925,"PORT KLANG,MYS",1284,2.8346541437665933,101.26696563847177
31cd0bb9,"PORT KLANG,MYS",1284,2.780904627911326,101.28289291690136
31cd0af1,"PORT KLANG,MYS",1284,2.7558729453728117,101.31194883307721
31cd0dc1,"PORT KLANG,MYS",1285,2.786041947502515,101.18781263365628
31cd0c33,"PORT KLANG,MYS",1285,2.7913284753886813,101.20931204134325
31cd0dcd,"PORT KLANG,MYS",1285,2.7910286608542374,101.204723020954
31cd0e79,"PORT KLANG,MYS",1285,2.8048036001193455,101.1982884976959
31cd0c2d,"PORT KLANG,MYS",1285,2.7963063564098025,101.20948327583383
31cd0db5,"PORT KLANG,MYS",1285,2.781061997895465,101.20451444654404
31cd0dd5,"PORT KLANG,MYS",1285,2.8012575339380965,101.20395590256486
31cd0de5,"PORT KLANG,MYS",1285,2.7960510147420994,101.17574383575301
31cd0e09,"PORT KLANG,MYS",1285,2.8063449700995293,101.17619390774115
31cd0e75,"PORT KLANG,MYS",1285,2.8058082989216246,101.18742776010116
31cd0dc3,"PORT KLANG,MYS",1285,2.7910590597481275,101.18671348857347
31cd0dd3,"PORT KLANG,MYS",1285,2.796201503715837,101.20465565286759
31cd0e77,"PORT KLANG,MYS",1285,2.8054411674899433,101.1934270477295
31cd0e11,"PORT KLANG,MYS",1285,2.815323267814753,101.17598318877407
31da081b,"TANJUNG PELEPAS,MYS",1289,1.3399659111683986,103.55325598294627
31da0809,"TANJUNG PELEPAS,MYS",1289,1.3320573140979755,103.55648900892257
31da080f,"TANJUNG PELEPAS,MYS",1289,1.33364333084356,103.55579993090664
31da22e3,"AEPB,SGP",1290,1.2998862253762402,103.95779243231522
31d0aa77,"WOPL,MYS",1290,1.2286738475000902,103.54151398794751
31da0051,"WOPL,MYS",1290,1.2099247741303214,103.58142945039843
31da08bf,"YING,MYS",1290,1.3440786313304287,103.61534096513483
31da075d,"LUMUT,MYS",1290,1.269023198315957,103.5531864637181
31da0089,"CRK USA,MYS",1290,1.2187370993328366,103.55878520654443
31d0ae91,"SINGAPORE,MYS",1290,1.2662094313444912,103.41975182901764
31da2d5f,"SINGAPORE,MYS",1290,1.3217348499213746,104.26561404967005
31dbcda5,"SINGAPORE,MYS",1290,1.3494658395390882,104.34106495232048
31dbcd41,"SINGAPORE,MYS",1290,1.339949019174612,104.30651747978206
31d0aea3,"SINGAPORE,MYS",1290,1.260755252329907,103.4308673043937
31da21e3,"SINGAPORE,SGP",1290,1.2409256531774004,103.91672959343232
31da1891,"SINGAPORE,SGP",1290,1.2771992910562973,103.89987526007926
31da21f1,"SINGAPORE,SGP",1290,1.2456896415268122,103.92764879677884
31da03c9,"SINGAPORE,SGP",1290,1.2225402399734064,103.65653436955087
31da1b07,"SINGAPORE,SGP",1290,1.2827248927981079,103.77079842905266
31da247b,"SINGAPORE,SGP",1290,1.2826046374475832,104.01493600548105
31da18c3,"SINGAPORE,SGP",1290,1.2677554158516633,103.88251281602554
31da2213,"SINGAPORE,SGP",1290,1.268794644288225,103.92990695207504
31da1897,"SINGAPORE,SGP",1290,1.2724325209493,103.8998765375815
31da225f,"SINGAPORE,SGP",1290,1.2863905610932278,103.94067135203042
31da1b73,"SINGAPORE,SGP",1290,1.2696478195985432,103.7674922235464
31da0251,"SINGAPORE,SGP",1290,1.2066511907868507,103.67337645826129
31da18d3,"SINGAPORE,SGP",1290,1.2538764338442703,103.87671350298729
31da1f3d,"SINGAPORE,SGP",1290,1.2361725816375775,103.88342784751124
31da03b9,"SINGAPORE,SGP",1290,1.2265729120801845,103.66055051250389
31da033d,"SINGAPORE,SGP",1290,1.225562223588072,103.70971955684551
31da2391,"SINGAPORE,SGP",1290,1.2780361188008618,103.9923742302261
31da1f2f,"SINGAPORE,SGP",1290,1.2457340029357473,103.87532873810778
31da21f5,"SINGAPORE,SGP",1290,1.250083979673765,103.93313213563779
31da033b,"SINGAPORE,SGP",1290,1.2261869285828955,103.71445806210109
31da224b,"SINGAPORE,SGP",1290,1.2720682710484672,103.95792115200858
31da24f9,"SINGAPORE,SGP",1290,1.2901950203600963,104.04619732194162
31da1f29,"SINGAPORE,SGP",1290,1.2455100115112738,103.87280270159356
31da18cf,"SINGAPORE,SGP",1290,1.2583127497037498,103.8824998861219
31da1ed5,"SINGAPORE,SGP",1290,1.24982606226841,103.86620753325347
31da0175,"SINGAPORE,SGP",1290,1.2183858537642127,103.61588656041057
31d9f813,"SINGAPORE,SGP",1290,1.1670127983138474,103.71006662239458
31da0339,"SINGAPORE,SGP",1290,1.2294351103602994,103.71475481648272
31da0375,"SINGAPORE,SGP",1290,1.235169211277582,103.6857672656641
31da226f,"SINGAPORE,SGP",1290,1.2769621967812246,103.92906874710943
31da2301,"SINGAPORE,SGP",1290,1.2915982041801815,103.9635539813619
31da0373,"SINGAPORE,SGP",1290,1.2365734981478222,103.69012513091135
31da032b,"SINGAPORE,SGP",1290,1.217217316153149,103.72590122015461
31da2235,"SINGAPORE,SGP",1290,1.2686827152301432,103.957843157682
31da030d,"SINGAPORE,SGP",1290,1.232284834316979,103.68967883054891
31da1f35,"SINGAPORE,SGP",1290,1.249228310708553,103.88813232895606
31da18c9,"SINGAPORE,SGP",1290,1.2584604310929655,103.88817599643771
31da18b9,"SINGAPORE,SGP",1290,1.2630238567713634,103.89407480159777
31da05ef,"SINGAPORE,SGP",1290,1.3154869248709156,103.65029686130262
31da225b,"SINGAPORE,SGP",1290,1.2815672421442539,103.94638298507886
31da1f41,"SINGAPORE,SGP",1290,1.236070928423479,103.89341238662274
31da2237,"SINGAPORE,SGP",1290,1.2686079049550063,103.95211708374255
31da24e3,"SINGAPORE,SGP",1290,1.2996940501223193,104.05039792969606
31da1f3f,"SINGAPORE,SGP",1290,1.2356999523763117,103.8883354132818
31da1c05,"SINGAPORE,SGP",1290,1.2445601926810443,103.81268361976163
31da2397,"SINGAPORE,SGP",1290,1.2780510999665695,103.98620969028242
31da0309,"SINGAPORE,SGP",1290,1.2273766178969974,103.68452599665555
31da18bd,"SINGAPORE,SGP",1290,1.2676824624239853,103.89989369825862
31da18a1,"SINGAPORE,SGP",1290,1.2675989889634296,103.91179941204659
31da2241,"SINGAPORE,SGP",1290,1.2723001780474337,103.94043420560716
31da2265,"SINGAPORE,SGP",1290,1.2814396195734314,103.928966472522
31da1f3b,"SINGAPORE,SGP",1290,1.240449867911434,103.88308238831382
31da1ba3,"SINGAPORE,SGP",1290,1.2719620528538333,103.78516218961671
31da23b9,"SINGAPORE,SGP",1290,1.2736211418373877,103.97360170728179
31da23cb,"SINGAPORE,SGP",1290,1.2688724874137198,103.9623230835673
31da224d,"SINGAPORE,SGP",1290,1.2768070768570545,103.95774088163708
31da030b,"SINGAPORE,SGP",1290,1.2329097143788725,103.68458362005583
31da0407,"SINGAPORE,SGP",1290,1.2545608497842287,103.64367662643728
31da251b,"SINGAPORE,SGP",1290,1.2995715401907963,104.06237235014333
31da1c6f,"PULAU BUKOM,SGP",1290,1.2406135024830613,103.79068054346459
31da1b81,"PULAU BUKOM,SGP",1290,1.2553798315413973,103.77892234378469
31da1b79,"PULAU BUKOM,SGP",1290,1.2598346795740976,103.77350490108665
31da1b89,"PULAU BUKOM,SGP",1290,1.2540357029580378,103.78913928673217
31da1b6f,"PULAU BUKOM,SGP",1290,1.2641418863222222,103.76136652629445
31da301b,"PASIR GUDANG,MYS",1290,1.3316758506932986,104.11425563113153
31da3a73,"BATUAN TENGAH,MYS",1290,1.3782577470886774,104.08981703072857
31da054b,"JURONG ISLAND,SGP",1290,1.310135693129834,103.72656740011699
31da0535,"JURONG ISLAND,SGP",1290,1.3063241963917371,103.72723720114483
31da1ad7,"JURONG ISLAND,SGP",1290,1.2934089781079836,103.73918689543882
31da1b31,"JURONG ISLAND,SGP",1290,1.2785233145568238,103.73811233438889
31da0531,"JURONG ISLAND,SGP",1290,1.3012875579417946,103.7205222737901
31da1b03,"JURONG ISLAND,SGP",1290,1.2868695477404957,103.766484090495
31da1b3d,"JURONG ISLAND,SGP",1290,1.2794112895967984,103.75109528479506
31da1b13,"JURONG ISLAND,SGP",1290,1.273766957120159,103.76073858269231
31da1b11,"JURONG ISLAND,SGP",1290,1.2756225781940513,103.75803647104183
31da1c3f,"PULAU SEBAROK,SGP",1290,1.2308652738285972,103.80128298449438
31da1dd5,"PULAU SEBAROK,SGP",1290,1.2134545674041946,103.81879856022746
31da1e7d,"PULAU SEBAROK,SGP",1290,1.2133099376148069,103.82995124786983
31da0083,"TANJONG PELEPAS,MYS",1290,1.2230092593851487,103.5471632925427
31d0abfb,"TANJUNG PELEPAS,MYS",1290,1.2479001315967833,103.46025922983787
31d0aa41,"TANJUNG PELEPAS,MYS",1290,1.2330820138436804,103.51775754576437
31d0aa0b,"TANJUNG PELEPAS,MYS",1290,1.237299016423429,103.54181492239287
31d0aa09,"TANJUNG PELEPAS,MYS",1290,1.2410778837915801,103.54240269211553
31da0749,"TANJUNG PELEPAS,MYS",1290,1.2604805092406042,103.56386963870983
31d0aa49,"TANJUNG PELEPAS,MYS",1290,1.232948416326497,103.50619499397762
31d0aa11,"TANJUNG PELEPAS,MYS",1290,1.2420585990361583,103.52872012692777
31d0aa6b,"TANJUNG PELEPAS,MYS",1290,1.2329153751219706,103.52294828703468
31d0abff,"TANJUNG PELEPAS,MYS",1290,1.2514508884881361,103.45426476832775
31d0abd9,"TANJUNG PELEPAS,MYS",1290,1.2511668067885522,103.4832656827825
31d0aa03,"TANJUNG PELEPAS,MYS",1290,1.2515705874823053,103.53313577105754
31da00a7,"TANJUNG PELEPAS,MYS",1290,1.2408607687316973,103.54652775002417
31d0aa47,"TANJUNG PELEPAS,MYS",1290,1.233073359316685,103.51223466836149
31da1925,"KEPPEL - (EAST SINGAPORE),SGP",1290,1.2641734188644442,103.86010411696508
31da1949,"KEPPEL - (EAST SINGAPORE),SGP",1290,1.2581431324232921,103.84132592987999
31da1941,"KEPPEL - (EAST SINGAPORE),SGP",1290,1.2662130019712412,103.84058057023022
31da191f,"KEPPEL - (EAST SINGAPORE),SGP",1290,1.2704858092310833,103.8665129171927
31d1f12f,"KLEBANG BESAR,MYS",1292,2.2045688721721426,102.17234157285867
31d3aedd,"DUMAI,IDN",1295,1.6879012541052008,101.45327365238377
31d3ae39,"BATU PANJANG,IDN",1295,1.6932522381480417,101.50508308044286
31d3b715,"DUMAI,IDN",1297,1.662087254045212,101.63982656772848
31d3b737,"PELINTUNG,IDN",1297,1.6630985502238413,101.62467208829099
31d98a05,"BATAM,IDN",1304,1.1678028281359094,103.99991855037298
31d99295,"BATAM,IDN",1304,1.0108097166433179,103.93961204932022
31d9f2d1,"BATAM,IDN",1304,1.0575343776279513,103.90658245529723
31d98a0f,"BATAM,IDN",1304,1.1697992304914575,103.99248241789707
31d98a1b,"BATAM,IDN",1304,1.1652868300854928,103.99899101546744
31d9f4d7,"SEKUPANG,IDN",1304,1.1364137502261145,103.90656882413805
31d98b31,"SEKUPANG,IDN",1304,1.127071559904223,103.92341153328137
31d9f539,"PULAU SAMBU,IDN",1304,1.1564936031185604,103.89833216007925
31d9fe83,"NIPA,IDN",1305,1.105765271764672,103.59924361616834
31d9fe6f,"NIPA,IDN",1305,1.1157757759227616,103.57475343794563
31d9fe6b,"NIPA,IDN",1305,1.119999680485451,103.5699648396751
31d9fe39,"NIPAH,IDN",1305,1.1299240746079624,103.56450072714021
31d9fe3f,"NIPAH,IDN",1305,1.1243266909844303,103.56423869167288
31da1509,"JOHOR,MYS",1306,1.439213716529798,103.88407715627177
31f9ef01,"TG MANIS,MYS",1310,2.110332662113754,111.33526768521712
31f9ef6d,"TG. MANI,MYS",1310,2.1280833378172046,111.34626047944818
31f9ee55,"TANJUNG MANIS,MYS",1310,2.106920764277278,111.3286088765307
320a6d0d,"BONTANG,IDN",1317,0.15103388348483926,117.58743969078212
320d6e65,"MUARA PANTAI,IDN",1319,1.9719007811279807,118.15014109418934
320d6e39,"MUARA PANTAI,IDN",1319,1.9845889325725232,118.13300420102004
320d6ef9,"MUARA PANTAI,IDN",1319,1.9884938048665501,118.16155143658318
32138b01,"LINGKAS,IDN",1321,3.2807837627799508,117.5934356856707
3218abbd,"KUALA BELAIT,BRN",1323,4.560945652790783,114.20508577460431
321dc39f,"BINTULU PORT,MYS",1324,3.257269248864844,113.07450250511567
321dc397,"BINTULU PORT,MYS",1324,3.247059542670569,113.07391542716908
321f4f2f,"MIRI,MYS",1327,4.405291454189968,113.99091214499684
321f5467,"KUALA BARAM,MYS",1328,4.560176105106208,114.08500071112469
323f9ef1,"LAHAD DATU,MYS",1340,5.002171726968357,118.36116170238336
325041d9,"ZAMBOANGA,PHL",1342,6.909689031330495,122.0535031871423
325576b5,"DALIPUGA,PHL",1344,8.281404685865148,124.26101626360595
328701f3,"BITUNG,IDN",1346,1.4394289915988205,125.19643515032925
328703d1,"BITUNG,IDN",1346,1.4282382421661943,125.16283671589683
32f96ea5,"BABAK,PHL",1353,7.115586246311384,125.65957974453998
32f96ead,"BABAK,PHL",1353,7.123977469490421,125.66337203850341
32fff28d,"CAGAYAN DE ORO,PHL",1357,8.498961050036547,124.66440910299532
3396222b,"CABCABEN,PHL",1368,14.42455650126257,120.5710435042838
3397caa3,"MANILA,PHL",1370,14.612902291851503,120.91584571108372
3397cb45,"MANILA,PHL",1370,14.550225914443566,120.91096386604944
33963357,"MANILA,PHL",1370,14.538250626371994,120.88748686018317
33963541,"MANILA,PHL",1370,14.608527253092822,120.87545460404183
33964a77,"MANILA,PHL",1370,14.63374821771598,120.83631002793001
3397b599,"NIUGAN,PHL",1370,14.634501919469075,120.94850702675002
3396742f,"SUBIC,PHL",1371,14.796778986796932,120.21503530105613
3396768d,"SUBIC,PHL",1371,14.823102968768573,120.21368807844752
3396710b,"SUBIC BAY,PHL",1371,14.816818822386589,120.29513310875517
33a972bf,"TOLEDO,PHL",1374,10.38888775424206,123.63630980251828
33a99bdf,"CEBU,PHL",1376,10.293066677305466,123.90902241757958
33a99be7,"CEBU,PHL",1376,10.290639443763123,123.90618287751705
33a99cb1,"TANGKE,PHL",1376,10.231168013038996,123.87144162241098
33a99cb7,"TALISAY,PHL",1376,10.231184965279535,123.86566275189635
33a99cc7,"TALISAY,PHL",1376,10.236295108195389,123.86114476001433
33a999bb,"LAPU-LAPU CITY,PHL",1376,10.31988965841319,123.94261015657487
33a999c9,"LAPU-LAPU CITY,PHL",1376,10.321338281101047,123.95746685948457
33bd0601,"BOLO,PHL",1382,13.782394238134515,120.98317957475516
33bd0641,"MABINI,PHL",1382,13.765573551759083,120.96218904470146
33bd050d,"BATANGAS CITY,PHL",1382,13.754385292463773,121.04063487942797
33bd0597,"BATANGAS CITY,PHL",1382,13.762076341302762,121.01970133322166
33bd059b,"BATANGAS CITY,PHL",1382,13.76614397829519,121.02501704815492
33bd0507,"BATANGAS CITY,PHL",1382,13.744141966217132,121.03654182576892
33bd05a9,"BATANGAS CITY,PHL",1382,13.745568015768132,121.03081283557742
33bd058f,"SANTA RITA APLAYA,PHL",1382,13.771487521751054,121.01870683023652
33bda16b,"CALACA,PHL",1383,13.914818251682302,120.82318218164833
3404009b,"CENTRAL,HKG",1385,22.30440116012629,114.15201509439855
34015361,"34015361,CHN",1385,22.158774687069645,114.11722270727256
34015cdd,"34015cdd,CHN",1385,22.138762045701696,113.81758870452728
34015dd3,"34015dd3,CHN",1385,22.202605084002798,113.80664144526159
34015f03,"34015f03,CHN",1385,22.254475190969472,113.82047426926395
34015f09,"34015f09,CHN",1385,22.267165764619783,113.81490372662468
34015f0b,"34015f0b,CHN",1385,22.272599284256803,113.81430044020712
34015f7f,"34015f7f,CHN",1385,22.294313858421788,113.81393641269058
34015f83,"34015f83,CHN",1385,22.289887047630653,113.80882694997682
34015f99,"34015f99,CHN",1385,22.279803245407667,113.8020849093657
340183cd,"340183cd,CHN",1385,22.26879768258514,113.33405444619162
3403000d,"3403000d,CHN",1385,23.08589251710727,113.40376931702245
3403000f,"3403000f,CHN",1385,23.085398300629905,113.39739494683613
34030061,"34030061,CHN",1385,23.095274098199113,113.42625175243104
3403008f,"3403008f,CHN",1385,23.08912833862709,113.4375644997617
34030095,"34030095,CHN",1385,23.091548439711755,113.45095226899348
340300f3,"340300f3,CHN",1385,23.09476798343037,113.4396976232988
34030787,"34030787,CHN",1385,23.059756455550513,113.53429267107752
3403a9b7,"3403a9b7,CHN",1385,23.036024417575565,113.51776712740288
3403ae27,"3403ae27,CHN",1385,22.884139256766893,113.51150962291878
3403ae2d,"3403ae2d,CHN",1385,22.88680329483645,113.52215379379194
3403b70d,"3403b70d,CHN",1385,22.748765688383234,113.54552920332594
3403b92f,"3403b92f,CHN",1385,22.732705120858174,113.65915305798171
3403ba27,"3403ba27,CHN",1385,22.779145584557444,113.60569012212834
3403ba8f,"3403ba8f,CHN",1385,22.83353583510511,113.58800376586885
3403bf27,"3403bf27,CHN",1385,22.716650031446,113.68217776620395
3403bf49,"3403bf49,CHN",1385,22.696154998857807,113.67848594136913
3403c0ad,"3403c0ad,CHN",1385,22.66847643039419,113.67076760125991
3403c0b5,"3403c0b5,CHN",1385,22.660310238736184,113.67195043007935
3403c0d9,"3403c0d9,CHN",1385,22.633097030584647,113.6849437664528
3403c0db,"3403c0db,CHN",1385,22.63936505344439,113.68358428633766
3403c0f3,"3403c0f3,CHN",1385,22.647178061586203,113.70562749486845
3403c127,"3403c127,CHN",1385,22.62798764017416,113.68283640756083
3403cc35,"3403cc35,CHN",1385,22.577517910723127,113.45538755958684
3403ddeb,"3403ddeb,CHN",1385,22.417271868059782,113.74252297357407
3403e31d,"3403e31d,CHN",1385,22.328931267976746,113.92159764073503
3403e34d,"3403e34d,CHN",1385,22.352489742231487,113.9507079418852
3403e357,"3403e357,CHN",1385,22.362268541347323,113.94521445984448
3403e447,"3403e447,CHN",1385,22.406665081579703,113.88445460482791
3403e44d,"3403e44d,CHN",1385,22.416871397434218,113.89126441730687
3403e585,"3403e585,CHN",1385,22.455840605221308,113.89518574035927
3403e58d,"3403e58d,CHN",1385,22.456370417807268,113.88553034623303
3403e593,"3403e593,CHN",1385,22.45228458224127,113.88510857954927
3403e597,"3403e597,CHN",1385,22.447007986823934,113.88941330552076
3403e5ed,"3403e5ed,CHN",1385,22.45335210330602,113.87853378908113
3403e5fd,"3403e5fd,CHN",1385,22.460828483382794,113.86176462431801
3403e607,"3403e607,CHN",1385,22.462250887958714,113.85701369939642
3403e75b,"3403e75b,CHN",1385,22.408418355248713,113.77232920902651
3403e823,"3403e823,CHN",1385,22.50804175615985,113.77247233251886
3403eec5,"3403eec5,CHN",1385,22.525961190649234,113.8735265474412
3403ef49,"3403ef49,CHN",1385,22.487511478699215,113.86680636612758
3403ef55,"3403ef55,CHN",1385,22.471365978349453,113.86023666143694
3403ef5f,"3403ef5f,CHN",1385,22.470299427609476,113.88054469155139
3403ef79,"3403ef79,CHN",1385,22.471674460834905,113.90281312486336
3403fcad,"3403fcad,CHN",1385,22.35776864029412,113.95704306608827
3403fe4b,"3403fe4b,CHN",1385,22.28111744352513,114.09115416431263
3403fe57,"3403fe57,CHN",1385,22.296519967289324,114.08746077485371
3403feed,"3403feed,CHN",1385,22.314965999843125,114.07464074409157
3403feef,"3403feef,CHN",1385,22.313652618548574,114.08094101527294
3403ff05,"3403ff05,CHN",1385,22.306468258474904,114.10509264401793
3403ff13,"3403ff13,CHN",1385,22.308713337594046,114.11867452407452
3403ff3d,"3403ff3d,CHN",1385,22.32068370802306,114.1117153184157
3403ff6b,"3403ff6b,CHN",1385,22.312216000441545,114.12277710867723
34040003,"34040003,CHN",1385,22.2463664920665,114.152438661294
3406ab15,"3406ab15,CHN",1385,22.177354096470722,114.16988016026076
3406ab3f,"3406ab3f,CHN",1385,22.178281449790134,114.16437574715223
3406ab59,"3406ab59,CHN",1385,22.158342860535583,114.15848200319346
3403fb43,"TUEN MUN,HKG",1385,22.376062141841945,113.97337279695053
3403ff69,"SHAM SHUI PO,HKG",1385,22.311211670971154,114.12752507720371
3403ff4f,"SHAM SHUI PO,HKG",1385,22.32852167130117,114.1294555573829
340400bd,"SHAM SHUI PO,HKG",1385,22.31348372611452,114.15852750435405
340400a1,"SHAM SHUI PO,HKG",1385,22.315095288383926,114.1481309743894
3403ff45,"SHAM SHUI PO,HKG",1385,22.32575410570042,114.1281860310203
340400a3,"SHAM SHUI PO,HKG",1385,22.3133140327273,114.1530733727875
340146e1,"340146e1,CHN",1386,21.976283580178915,113.88510617233379
3401471b,"3401471b,CHN",1386,21.964268045255842,113.89148936644376
34014dbb,"34014dbb,CHN",1386,22.046350431681226,114.08149615878395
34015195,"34015195,CHN",1386,22.109293936355197,114.02828887464342
340151c1,"340151c1,CHN",1386,22.104920864830728,114.02193283120035
340151e3,"340151e3,CHN",1386,22.087589668086864,114.0342203057441
340151eb,"340151eb,CHN",1386,22.107174850892008,114.02900053106423
3406acff,"3406acff,CHN",1387,22.10778450207849,114.18842876944939
3406aee5,"3406aee5,CHN",1387,22.104788355797,114.27779606763838
3406af1b,"3406af1b,CHN",1387,22.102483955483,114.29601053000945
3401568d,"3401568d,CHN",1388,22.20956039880253,114.02598923172859
34018a4d,"34018a4d,CHN",1392,22.367527803321618,113.06491454869466
34018de9,"34018de9,CHN",1392,22.24869873132033,113.08067418436637
34019225,"34019225,CHN",1392,22.19846924166933,113.08887418248959
3401a4e5,"3401a4e5,CHN",1392,21.90072922750012,113.22507426520053
3401a91b,"3401a91b,CHN",1392,21.781480149211777,113.31991514028859
3401bc81,"3401bc81,CHN",1392,21.952621266104305,113.14692144279806
3401bc95,"3401bc95,CHN",1392,21.967903473160717,113.16554483181056
3401bced,"3401bced,CHN",1392,21.974125430339814,113.16022876919338
3401bcef,"3401bcef,CHN",1392,21.98018626090237,113.16021644187046
34040ca3,"34040ca3,CHN",1405,22.568350219968348,114.25018602639389
34040ca5,"34040ca5,CHN",1405,22.56988774614962,114.25021826351505
34046d2d,"34046d2d,CHN",1405,22.56981075696922,114.37255726305752
34046d4b,"34046d4b,CHN",1405,22.572385673427636,114.3549329486519
34041665,"34041665,CHN",1408,22.44691003361719,114.48529179891455
3404167b,"3404167b,CHN",1408,22.45021964391299,114.4867454020187
3404425f,"3404425f,CHN",1413,22.66953250708306,114.55147119963789
340442b1,"340442b1,CHN",1413,22.709415354902998,114.53986917777704
340442c1,"340442c1,CHN",1413,22.69579629304767,114.55164160538963
340442f1,"340442f1,CHN",1413,22.678768572785202,114.55640926440643
340442f9,"340442f9,CHN",1413,22.6721818087943,114.56253035773209
3404448d,"3404448d,CHN",1414,22.665210748335852,114.64068309441986
340444f5,"340444f5,CHN",1414,22.66041898091729,114.64413321189132
34044597,"34044597,CHN",1414,22.63530218700362,114.69355114064601
340448cd,"340448cd,CHN",1415,22.59434769295625,114.74591299246981
34044f33,"34044f33,CHN",1415,22.596827639814567,114.74844313995398
34044f49,"34044f49,CHN",1415,22.605358612114802,114.73671770999495
3405758d,"3405758d,CHN",1420,22.769537412772188,115.35127809529175
340e205f,"340e205f,CHN",1425,23.196588111754394,116.75258457260325
34118ba3,"34118ba3,CHN",1428,23.559320273282196,117.10612754461421
3411db8f,"3411db8f,CHN",1430,23.351432828556156,116.69217400093613
3411dc7b,"3411dc7b,CHN",1430,23.353033926653016,116.71183845502482
3411f6dd,"3411f6dd,CHN",1433,23.385126389953076,117.0997884984592
3413618f,"3413618f,CHN",1442,24.310736197279596,118.21504939612717
34136191,"34136191,CHN",1442,24.308708795191432,118.2202224394703
341361bd,"341361bd,CHN",1442,24.30651665232272,118.23257776991137
3413620d,"3413620d,CHN",1442,24.337652393425827,118.18564219073149
3413624f,"3413624f,CHN",1442,24.312820265550833,118.17241873322709
341362eb,"341362eb,CHN",1442,24.3317215256287,118.1393020940448
3413639d,"3413639d,CHN",1442,24.27708671092417,118.16227022806622
3414815f,"3414815f,CHN",1442,24.445196541731736,118.01601963426657
34148329,"34148329,CHN",1442,24.409549257650834,118.10481267842619
3414836b,"3414836b,CHN",1442,24.433869832939365,118.08523578344688
34148409,"34148409,CHN",1442,24.465046828445377,118.03564473461456
34148445,"34148445,CHN",1442,24.48885052578444,118.05066900888166
341498b3,"JINCHENG,TWN",1451,24.416616011210607,118.28664491019973
3414a449,"3414a449,CHN",1453,24.408873343001652,118.42882037323119
346b2fd1,"346b2fd1,CHN",1456,24.744059895099042,118.82218389619261
346b3239,"346b3239,CHN",1456,24.722801858851295,118.74418890008157
346b3369,"346b3369,CHN",1456,24.68691703899548,118.69835846205798
346b339b,"346b339b,CHN",1456,24.682879091512117,118.72735649647376
346b2c15,"346b2c15,CHN",1457,24.81969906303839,118.74558166400514
346b2c5d,"346b2c5d,CHN",1457,24.81740681226237,118.72678123552404
3446ce99,"3446ce99,CHN",1466,26.88023852336112,119.67051652531892
344135d1,"344135d1,CHN",1467,26.689760381195235,119.75223407220922
34415ab7,"34415ab7,CHN",1473,26.52653674814965,119.98334092902776
34415ab9,"34415ab9,CHN",1473,26.52422528659356,119.98833961109766
34417141,"NANGAN,TWN",1475,26.155159231456597,119.90149474353825
3441e12b,"3441e12b,CHN",1486,25.46339631680918,119.83731622642011
3441e6d5,"3441e6d5,CHN",1486,25.466373257846364,119.83848462552093
3442a4f9,"TAN-SHUI,TWN",1488,25.154165081525218,121.3921014694081
344418fb,"344418fb,CHN",1490,26.9498249500917,120.28923540437465
34441c21,"34441c21,CHN",1490,26.913740428136474,120.2229456833063
34441ea5,"34441ea5,CHN",1490,26.920912344129558,120.23768134261076
34441eb9,"34441eb9,CHN",1490,26.93029816739123,120.23859489765034
34441ec9,"34441ec9,CHN",1490,26.93485692066595,120.24163395740682
3444224b,"3444224b,CHN",1491,27.027520676282254,120.27644012100295
34444495,"34444495,CHN",1497,26.995062744458235,120.68564045509483
3444449d,"3444449d,CHN",1497,26.979636347433278,120.68077374097426
344444db,"344444db,CHN",1497,27.00460713877877,120.69995496279668
34456cd7,"34456cd7,CHN",1499,27.468019562346768,121.12635808128185
34456285,"34456285,CHN",1500,27.793758188619133,121.11679896350259
34457d57,"34457d57,CHN",1500,27.81072655301327,121.07064351806217
344f898b,"344f898b,CHN",1500,27.812587434161095,121.16758641865444
344f8c09,"344f8c09,CHN",1500,27.871570489344336,121.18519187886038
344f8dab,"344f8dab,CHN",1500,27.906214356742336,121.21427640451456
344f918f,"344f918f,CHN",1500,27.986288062468926,121.1637195432498
344f91f5,"344f91f5,CHN",1500,27.97612633536528,121.1692921510483
344f940b,"344f940b,CHN",1500,28.037903521133845,121.19172392479692
344f9477,"344f9477,CHN",1500,28.03645576959478,121.20204414506588
344f96f3,"344f96f3,CHN",1500,28.08180861802642,121.14366305756289
3445663f,"3445663f,CHN",1501,27.630101602479932,121.19803756837257
34456647,"34456647,CHN",1501,27.63437547135544,121.2029237450692
3445bfcb,"3445bfcb,CHN",1505,27.578801837623256,120.5704562768907
35b2d0a9,"35b2d0a9,CHN",1515,30.675281637210382,120.9972991232632
35b32aab,"35b32aab,CHN",1515,30.54289283642987,120.89118236760945
345297c5,"345297c5,CHN",1521,29.943670207820436,121.84181346589591
3452b887,"3452b887,CHN",1521,30.0391906490761,121.98379994443681
3452b937,"3452b937,CHN",1521,30.021959007667718,121.92566853754563
3452be0d,"3452be0d,CHN",1521,29.954413834325226,121.91088611937532
3452c1fd,"3452c1fd,CHN",1521,29.893351440915534,122.07691793067451
3452c247,"3452c247,CHN",1521,29.908723143141255,122.1114670451991
3452c4fb,"3452c4fb,CHN",1521,29.990920090764817,122.13767332273004
3452d843,"3452d843,CHN",1521,29.959579415318967,122.33077130990229
3452d903,"3452d903,CHN",1521,29.945031374333997,122.30814172435346
3452d915,"3452d915,CHN",1521,29.941535188676095,122.28962055556998
3452d941,"3452d941,CHN",1521,29.938023063992322,122.2831227816604
3452d95b,"3452d95b,CHN",1521,29.933220119231745,122.27380054038983
3452d95d,"3452d95d,CHN",1521,29.939927290904702,122.27478541688183
3452d969,"3452d969,CHN",1521,29.940782257702313,122.27910545931941
3452dbc7,"3452dbc7,CHN",1521,29.957184210530993,122.2461997001229
3452dbe5,"3452dbe5,CHN",1521,29.939966833830344,122.25719777377695
3452dbe7,"3452dbe7,CHN",1521,29.941278203792457,122.25844924218899
3452de19,"3452de19,CHN",1521,29.843952470567345,122.28479490091833
3452e401,"3452e401,CHN",1521,29.754622636426923,122.26302760870489
3452e70b,"3452e70b,CHN",1521,29.82920014296123,122.22465038659783
3452e711,"3452e711,CHN",1521,29.822609734258563,122.23185595613096
3452e93d,"3452e93d,CHN",1521,29.818156150647056,122.11622247886544
3452ea7b,"3452ea7b,CHN",1521,29.889729152644513,122.04722924771137
3452ec33,"3452ec33,CHN",1521,29.77337986046822,122.06826431835243
3452ec3b,"3452ec3b,CHN",1521,29.780312353112993,122.0717254854781
3452ed37,"3452ed37,CHN",1521,29.76854929416347,122.00322498134096
3452ef13,"3452ef13,CHN",1521,29.759961061865518,122.14956076460356
344e21ed,"344e21ed,CHN",1530,28.680284529799764,121.55122378639751
344e3cd9,"344e3cd9,CHN",1530,28.68679632834196,121.43267233251031
344e27bf,"344e27bf,CHN",1531,28.541864852747132,121.60159898565493
3451d865,"3451d865,CHN",1531,28.54370861014684,121.6426305429645
344e2aa7,"344e2aa7,CHN",1533,28.359651380323054,121.62460122904152
34502aab,"34502aab,CHN",1533,28.34298323868088,121.62891753473255
3451d55f,"3451d55f,CHN",1533,28.361746584089698,121.63113169742718
3451d5b3,"3451d5b3,CHN",1533,28.388794391050904,121.6701447586257
3451d5c5,"3451d5c5,CHN",1533,28.406592589460747,121.65877761926916
3451d5cf,"3451d5cf,CHN",1533,28.4052311268736,121.66534591247527
344f7ed7,"344f7ed7,CHN",1536,27.945468033177846,120.84865138894148
344f7f2b,"344f7f2b,CHN",1536,27.947292254656773,120.85193314161933
344f81cd,"344f81cd,CHN",1536,27.897023571649573,120.91024198080311
344f82ef,"344f82ef,CHN",1536,27.986922684540776,120.92828927254439
344f82f1,"344f82f1,CHN",1536,27.982323868389994,120.92844300017249
344fc57d,"344fc57d,CHN",1539,28.231186398590253,121.40775447009212
344fd657,"344fd657,CHN",1540,28.23824515605798,121.58558689257343
344fd67b,"344fd67b,CHN",1540,28.264433729008136,121.58897072401562
344fd689,"344fd689,CHN",1540,28.259989017689467,121.58069671409785
344fd6c9,"344fd6c9,CHN",1540,28.25664547608344,121.54707909710906
345029d9,"345029d9,CHN",1540,28.229266138573426,121.6303692626224
34502a05,"34502a05,CHN",1540,28.266605967990266,121.63697671013449
34502a49,"34502a49,CHN",1540,28.275075445246266,121.6656656180075
34502bb3,"34502bb3,CHN",1540,28.277087447739856,121.67701912971572
34502bcb,"34502bcb,CHN",1540,28.266832624376978,121.6764821785031
34502c7b,"34502c7b,CHN",1543,28.268136304581624,121.72767234726294
3451c415,"3451c415,CHN",1545,28.511134314715523,121.88307617875397
3451c5df,"3451c5df,CHN",1545,28.46445107660788,121.8991696939061
3451cecb,"3451cecb,CHN",1545,28.381857973598528,121.89952554109742
345210bb,"345210bb,CHN",1554,29.1230749187528,121.88692059102415
345210ed,"345210ed,CHN",1554,29.14016022654464,121.87165801216204
34521403,"34521403,CHN",1554,29.18947066766784,121.91205929215575
3452141d,"3452141d,CHN",1554,29.189908197668316,121.91617008228307
3452143b,"3452143b,CHN",1554,29.194519449238403,121.9346050393925
345215a9,"345215a9,CHN",1554,29.217519377605452,121.95641059790954
345215ab,"345215ab,CHN",1554,29.21816549500109,121.94894949849449
345216a9,"345216a9,CHN",1554,29.18790482566098,121.91070774034239
345216ad,"345216ad,CHN",1554,29.184646709004365,121.90359514886116
34523c49,"34523c49,CHN",1554,29.130834062181435,122.04732363610809
34523d85,"34523d85,CHN",1554,29.131229280859262,122.00042773553474
34523d8b,"34523d8b,CHN",1554,29.142642441121602,121.9955979853244
3452f4e7,"3452f4e7,CHN",1559,29.62519981680895,122.01822023948233
34528be3,"34528be3,CHN",1561,29.676824155707514,121.90453973112912
3452d4a3,"3452d4a3,CHN",1567,30.150845105289864,122.2733991904362
3452d4bf,"3452d4bf,CHN",1567,30.147418667702436,122.28489230445192
3452d7c5,"3452d7c5,CHN",1568,30.01430524876073,122.34031268633066
34531715,"34531715,CHN",1569,29.699904413264374,122.56313082182136
3453171d,"3453171d,CHN",1569,29.700675425889866,122.57907893199238
3453171f,"3453171f,CHN",1569,29.695538756308107,122.57943899279928
3453178b,"3453178b,CHN",1569,29.742599451445038,122.5406305596437
345317d1,"345317d1,CHN",1569,29.748252940136194,122.57349734101567
345318b3,"345318b3,CHN",1569,29.77724546068802,122.44951408144478
34531939,"34531939,CHN",1569,29.7283337051755,122.46039187855912
34531c45,"34531c45,CHN",1569,29.6883817525811,122.41534005859253
34531d8b,"34531d8b,CHN",1569,29.708674063509093,122.35862697015826
34531e17,"34531e17,CHN",1569,29.748139011015493,122.37014563125376
34533ba3,"34533ba3,CHN",1571,29.8579515491365,122.59003362336875
345d4f69,"CNG,TWN",1572,25.158543501967223,121.79657058715752
345d4e89,"KEELUNG,TWN",1572,25.159749221488656,121.73391648987023
345d4ebb,"KEELUNG,TWN",1572,25.18532852329358,121.73348667039804
345d4f03,"CHI-LUNG,TWN",1572,25.15401306958779,121.76810682902202
345d4ef7,"CHI-LUNG,TWN",1572,25.153849249694783,121.75059218231209
345d4e41,"CHI-LUNG,TWN",1572,25.135046736396486,121.74402160818035
345d4f0b,"CHI-LUNG,TWN",1572,25.147103264994108,121.78641766871128
345d4e59,"CHI-LUNG,TWN",1572,25.147978103657444,121.7524099878788
34696af1,"TAICHUNG,TWN",1579,24.233848427580718,120.48867610772906
34696b15,"TAICHUNG,TWN",1579,24.263233939853894,120.50479218335641
346a71a7,"346a71a7,CHN",1580,25.28532889969584,119.66402670063742
346a71a9,"346a71a9,CHN",1580,25.28637513884539,119.65794652190975
346a7bbd,"346a7bbd,CHN",1581,25.329417640193885,119.53641009167566
346a8367,"346a8367,CHN",1583,25.42844506163488,119.25825033926148
346a8483,"346a8483,CHN",1583,25.414927691289645,119.27013621848904
346ac111,"346ac111,CHN",1586,25.16250850990056,118.98333196540027
346ac11b,"346ac11b,CHN",1586,25.167926090794733,118.98299743165309
346ac11d,"346ac11d,CHN",1586,25.176280843687834,118.98230533852303
346ac1b9,"346ac1b9,CHN",1586,25.156077390022034,119.01904083522773
346ac229,"346ac229,CHN",1586,25.123886633097193,119.0099530534473
346ac2ed,"346ac2ed,CHN",1587,25.070233289451163,119.01860114269341
346ac2ef,"346ac2ef,CHN",1587,25.071786494461467,119.01304962499842
346ac303,"346ac303,CHN",1587,25.07916855949997,118.99457727801727
346ae9ed,"346ae9ed,CHN",1592,25.103627792612542,119.06679258836803
346c5aeb,"MAGONG,TWN",1597,23.564648412544823,119.57616417351876
346c5aed,"MAGONG,TWN",1597,23.56566440265679,119.57291229902037
346c5a8d,"MAGONG,TWN",1597,23.561858781065702,119.56568185285744
346c5a65,"PENG-HU KANG,TWN",1597,23.55891539184644,119.54840400781593
346e0321,"USER,TWN",1601,22.572650437599886,120.32304358650185
346e0243,"TW KHH,TWN",1601,22.55834030109059,120.28312352714204
346e01c7,"KAOHSIUNG,TWN",1601,22.56584896025737,120.22091399318245
346e02c1,"KAOHSIUNG,TWN",1601,22.549624548491153,120.32290360439576
346e0105,"KAOHSIUNG,TWN",1601,22.599290919056994,120.21357511338623
3471fe0d,"KAOHSIUNG,TWN",1601,22.522920428941273,120.24350423948687
3471fc25,"KAOHSIUNG,TWN",1601,22.481905653605956,120.25994502271281
346e06db,"KAOHSIUNG,TWN",1601,22.647532761706827,120.21419663227304
346e1d35,"KAOHSIUNG,TWN",1601,22.544694959138404,120.34449139227898
3471fde7,"KAOHSIUNG,TWN",1601,22.52005909547314,120.25982869674048
3471e4a9,"KAOHSIUNG,TWN",1601,22.43185730951042,120.35240474976409
346e0103,"KAOHSIUNG,TWN",1601,22.600275923906164,120.20931236923202
3471fdf7,"KAOHSIUNG,TWN",1601,22.533164195353994,120.26650053412374
346e03a9,"KAOHSIUNG,TWN",1601,22.582902714122785,120.29448345032004
3471fe73,"KAOHSIUNG,TWN",1601,22.517906093036355,120.24333605982522
3471fe71,"KAOHSIUNG,TWN",1601,22.51318942663156,120.24286168101591
346e01c3,"KAOHSIUNG,TWN",1601,22.559421654504963,120.22549872429394
346e02b9,"KAOHSIUNG,TWN",1601,22.543491066302384,120.32863155033058
3471fde1,"KAOHSIUNG,TWN",1601,22.521311825008034,120.25392564169697
3471fe75,"KAOHSIUNG,TWN",1601,22.516827857578576,120.24836351430345
346e011f,"KAOHSIUNG,TWN",1601,22.610683396817862,120.20841927550397
346e03cb,"KAOHSIUNG,TWN",1601,22.58215853921718,120.271384672647
346e06ab,"KAO-HSIUNG,TWN",1601,22.630368825272843,120.24772566584483
346e0389,"KAO-HSIUNG,TWN",1601,22.61713241505489,120.28279884877074
346e017d,"KAO-HSIUNG,TWN",1601,22.591965267296903,120.24822921188621
346e017b,"KAO-HSIUNG,TWN",1601,22.59307260919717,120.24251135302222
346e06df,"KAOHSIUNG N 1 ANCHOR,TWN",1601,22.65423175228512,120.20858379762647
3540435d,"JP NGU,JPN",1630,32.909605749347115,130.45514519807625
3541ed9f,"JP HKT OFF,JPN",1634,33.65227825574879,130.26572273709107
3541ed99,"JP HKT OFF,JPN",1634,33.65410705524925,130.2606704973056
35438f51,"JP UBJ OFF,JPN",1636,33.890526462742784,131.19240047066816
3543ebb1,"KANDA,JPN",1637,33.775100134209886,131.0074260590172
35439783,"MOJI KO,JPN",1637,33.96700613879237,130.99801472518845
3543a4c7,"HIBIKINADA,JPN",1637,34.043842676320914,130.8556504739423
3543b8e3,"HIBIKINADA,JPN",1637,33.9196578461784,130.85103876316117
35438a2f,"JP UBJ,JPN",1638,33.79176990592196,131.24899020310895
354428c7,"JP OIT,JPN",1640,33.274020323547774,131.78195891682736
35442c11,"SAGANOSEKI KO,JPN",1642,33.267438422842076,131.8533261517272
3544e669,"TOKUYAMA,JPN",1646,34.0398060312909,131.7877282224257
354e1a75,"KOCHI KO,JPN",1659,33.47932264528401,133.582716119319
355017ff,"JP KIK,JPN",1667,34.08285672831338,132.8616232549043
35503969,"NAMIKATA OFF,JPN",1667,34.120431396202875,132.96356887676288
3551cd5d,"SAIJO,JPN",1669,33.945569536252,133.1918028629654
3551cd67,"SAIJO,JPN",1669,33.94162266262538,133.1971815273738
355030a3,"IMABARI KO,JPN",1670,34.066047511221576,133.0274207608449
35504787,"TEST1,JPN",1671,34.173025772306964,132.9889249536304
3551a9cf,"JP TSUNEISHI,JPN",1678,34.32147149409638,133.28371326874526
35510c37,"JP FKY,JPN",1680,34.373807086182815,133.42430040704798
35510c53,"JP FKY,JPN",1680,34.37130828994093,133.43848692223327
355113d1,"FUKUYAMA,JPN",1680,34.46268807887585,133.41429988725884
355112f3,"FUKUYAMA,JPN",1680,34.42402363468703,133.45349480630904
35516757,"JP MIZ OFF,JPN",1681,34.43088435874323,133.707956536221
35516f55,"JP MIZ OFF,JPN",1681,34.39231917325552,133.63615196746764
35515e4d,"JP MIZ OFF,JPN",1681,34.440606628997855,133.74936445890214
35517a01,"JP TKM OFF,JPN",1683,34.25002485032586,133.64047666321773
3553892f,"JP IKA OFF,JPN",1689,34.434326575138286,134.20238111096933
3553894b,"JP IKA OFF,JPN",1689,34.43648224393003,134.18881612058672
35538935,"JP IKA OFF,JPN",1689,34.43452697735093,134.19294159724168
3553e745,"JP SKD OFF,JPN",1691,34.367601334482636,133.88002238569035
3553de31,"SAKAIDE KO,JPN",1691,34.36282232794142,133.8380096354215
3553e125,"JP MIZ OFF,JPN",1692,34.41143510224305,133.85561626308868
3553e135,"JP MIZ OFF,JPN",1692,34.41581388560696,133.86442992326818
3554db53,"JP HHR,JPN",1701,34.661852538600115,134.7825462664843
3554c353,"JP HHR,JPN",1701,34.66459597223623,134.76863471552383
3554dadf,"JP HHR OFF,JPN",1701,34.66006700776075,134.8152004556587
3554d97f,"HIGASHI-HARIMA,JPN",1701,34.72078574794371,134.809474482402
3554e8af,"HIMEJI,JPN",1702,34.72327388244014,134.63220803050328
3554e60f,"HIMEJI,JPN",1702,34.740502211718926,134.63235105457056
3561b815,"KR TGH,KOR",1712,37.49375197622915,129.13608766612825
3561c807,"TONGHAE,KOR",1712,37.50850745886448,129.1569313332436
3561c3e5,"OKGYE,KOR",1713,37.621137653700316,129.05676777118367
356710cd,"POHANG,KOR",1714,36.11623673082008,129.5148044913864
3567d057,"ULSAN,KOR",1716,35.442954950031634,129.452918141969
3567d27b,"ULSAN,KOR",1716,35.50129582340968,129.36915192748097
3567d6d1,"ULSAN,KOR",1716,35.40328454973085,129.43720848438963
3567d0b7,"ULSAN,KOR",1716,35.40537122324698,129.4673483347929
3567cde5,"ULSAN,KOR",1716,35.511777197444204,129.3953871881491
3567d72d,"ULSAN,KOR",1716,35.4019255654973,129.4525789671585
3567d067,"ULSAN,KOR",1716,35.441264415215805,129.4683464981474
3567d0d1,"ULSAN,KOR",1716,35.41045459201635,129.4523823589395
3567ce45,"HHI 2716 SEATRIAL,KOR",1716,35.510279131180674,129.43348123701062
35688603,"ILGWANG,KOR",1717,35.260908885697845,129.24654262623565
356888a9,"ILGWANG,KOR",1717,35.258768825621274,129.24603839457768
3568e659,"BUSAN,KOR",1718,35.00481117621654,129.0432645461449
3568e5ef,"BUSAN,KOR",1718,35.01276345765475,129.083438809734
3568e617,"BUSAN,KOR",1718,35.024243593780454,129.05283942669755
3568ec03,"BUSAN,KOR",1718,35.10347983185464,129.0787178678154
3568e5dd,"BUSAN,KOR",1718,35.005090179100094,129.07854178896076
3568e5f1,"BUSAN,KOR",1718,35.01694238502024,129.08374746706318
3568e909,"PUSAN,KOR",1718,35.09316082450957,129.0322251670247
3568eeb5,"PUSAN,KOR",1718,35.08587126543612,129.07129097276587
3568e905,"PUSAN,KOR",1718,35.08806944431568,129.03751978906442
35688ecd,"GIJANG,KOR",1719,35.21718003729571,129.2343024116957
3568d09d,"BUSAN,KOR",1720,35.07732838638209,128.8174301939767
3568d77b,"ANCHORAGE,KOR",1721,35.02407491894505,128.81122833631687
35692605,"MASAN,KOR",1723,34.90325624938169,128.8283716451979
3569257b,"PUSAN,KOR",1723,34.852125193965385,128.8285921095325
35692897,"KR MAS,KOR",1723,34.92493433781117,128.8077720223772
356928a3,"KR MAS,KOR",1723,34.91896762378619,128.81251676185596
3569258d,"FOR ORDERS,KOR",1723,34.87521423522019,128.8284307265845
356ecdf9,"JP UNO E,KOR",1724,34.91446926353575,128.5763683660212
356a603f,"JP MTS,JPN",1726,33.46086995655971,129.67550471514545
356ac0f1,"JP OSHIMA,JPN",1732,33.117083330209965,129.62392236351178
356dd523,"YOSU,KOR",1736,34.65909619319415,127.96053870165625
356dd409,"KR YOS,KOR",1739,34.636714257510235,127.90677878245117
356e7311,"KWANGYANG,KOR",1741,34.900241771598104,127.66695210084627
356e8c9d,"KR BUSAN,KOR",1745,34.926305928622874,128.06717211660094
356e9edf,"BUSAN,KOR",1747,34.6342482818914,128.27162988282677
356f2c5b,"MASAN,KOR",1755,35.15743580191681,128.60247169473564
3570e4d5,"KUNSAN,KOR",1760,35.9544209980044,126.43409751663184
357a36a3,"DAESAN,KOR",1767,37.049713107141336,126.19495072366132
357a342f,"KR PTK,KOR",1767,37.058152821837716,126.21095940225109
357a344b,"KR TSN,KOR",1767,37.06991180644636,126.21716921548506
357a36d3,"DANGJIN,KOR",1767,37.033100494899415,126.17803630570138
357a3107,"DANGJIN S KOREA,KOR",1767,37.04685739763699,126.1366342834018
357a30e9,"DANGJIN S KOREA,KOR",1767,37.023130551417964,126.15206590443013
357b1c5b,"KR PTK,KOR",1770,36.95367381919862,126.83229071623954
357b1c61,"KR PTK,KOR",1770,36.96368952658544,126.82533491897289
357b03db,"PYEUNGTEAK,KOR",1770,36.99904817499448,126.70365165591073
357b0383,"PYEUNGTEAK,KOR",1770,37.006052499071885,126.73657957574828
357b8279,"INCHON,KOR",1773,37.474268653696036,126.60780470539693
357b8281,"INCHON,KOR",1773,37.46668936870598,126.60680254740979
357b789d,"INCHON,KOR",1773,37.47712825536403,126.61227723157674
357b7881,"INCHON,KOR",1773,37.46829963535779,126.6120092106627
357b9eb3,"INCHON,KOR",1773,37.3743172907416,126.52598393402712
357b8291,"INCHON,KOR",1773,37.463745383764945,126.59411855777238
357b9d11,"INCHON,KOR",1773,37.41698067528866,126.57994403750716
357b829b,"INCHON,KOR",1773,37.45871890454966,126.60018848386598
357b7885,"INCHON,KOR",1773,37.47135691179783,126.61499653691462
357b8285,"INCHON,KOR",1773,37.46224276263056,126.60316855225284
357b9eaf,"INCHEON,KOR",1773,37.379448352991275,126.53062345275178
357b9ebd,"INCHEON,KOR",1773,37.368757141638426,126.54354074298334
357b9c25,"INCHEON,KOR",1773,37.38345440285335,126.55410746027789
357baf1b,"KR PTK,KOR",1777,37.14624734182063,126.49294546711697
357bae37,"KR DANGJIN,KOR",1777,37.14593448243254,126.45480674868291
357bbb29,"INCHEON,KOR",1778,37.23873658616349,126.42875377365552
357bbb37,"INCHEON,KOR",1778,37.25232733033191,126.43034742746256
357bbce9,"KR INC,KOR",1779,37.3054105735771,126.4105904357989
357bbcdf,"KR INC,KOR",1779,37.312779871717375,126.4162167548182
35858bab,"35858bab,CHN",1791,38.87002497745855,121.67659937714764
35858baf,"35858baf,CHN",1791,38.861715415956105,121.68273846786145
3585c193,"3585c193,CHN",1792,38.868150201726,122.01778346866163
3585c1d7,"3585c1d7,CHN",1792,38.85648575826057,121.99549612655136
3585c241,"3585c241,CHN",1792,38.9008539502081,122.0186147256688
3585e9bf,"3585e9bf,CHN",1792,38.915799047132545,121.96755529823797
3585e9eb,"3585e9eb,CHN",1792,38.9103288562928,121.9727063317592
3585eaf1,"3585eaf1,CHN",1792,38.85208068651246,121.9617540996959
3585e5f1,"3585e5f1,CHN",1794,39.0004332310896,121.88551401807378
3585e5f3,"3585e5f3,CHN",1794,39.00182594766883,121.8822147077747
3585f15f,"3585f15f,CHN",1794,38.96719651287012,121.7397577027602
3585f545,"3585f545,CHN",1794,38.93134738261539,121.64345224421163
3585f559,"3585f559,CHN",1794,38.93530292973433,121.6286525365003
35867679,"35867679,CHN",1798,39.11726561684882,122.0841703641025
35868811,"35868811,CHN",1799,39.158557383906874,122.37011875998837
3587898d,"3587898d,CHN",1804,40.249546538503765,122.09468195695217
5e28237b,"5e28237b,CHN",1804,40.36154439086151,122.18230503796984
35878d39,"35878d39,CHN",1805,40.17173372348352,122.00604803515647
5e281dc9,"5e281dc9,CHN",1809,40.35734184030378,121.90905101504016
35880a3f,"35880a3f,CHN",1810,40.183657661071706,121.60212341607412
3588b84b,"3588b84b,CHN",1815,39.49294603011167,121.30590133832843
358bdb97,"358bdb97,CHN",1820,40.08263028948118,120.03511648868408
358b8593,"358b8593,CHN",1823,39.9106295767729,119.59116879721891
358b8b4d,"358b8b4d,CHN",1823,39.8242904109842,119.78607417280395
358b8dcb,"358b8dcb,CHN",1823,39.89532236780006,119.71663049997532
358b8dcd,"358b8dcd,CHN",1823,39.896595323265984,119.71092352458382
358b8f9d,"358b8f9d,CHN",1823,39.92272621458106,119.61798079731588
358b882d,"358b882d,CHN",1824,39.80681887177737,119.64676551238513
358d15ff,"358d15ff,CHN",1830,39.127012720791285,119.04907809548143
358d17bb,"358d17bb,CHN",1830,39.171643482682754,119.07844799380835
358d3d01,"358d3d01,CHN",1830,39.181865551643924,119.00348702958496
358d3d07,"358d3d07,CHN",1830,39.18208087678263,119.00820828164315
358d530d,"358d530d,CHN",1835,38.93617151672464,118.71031418756222
358d54d1,"358d54d1,CHN",1835,38.89118513909148,118.68214481838818
358d555d,"358d555d,CHN",1835,38.85010922450725,118.69329443192214
35ed5565,"35ed5565,CHN",1835,38.84967920533017,118.64138151744164
35ed557b,"35ed557b,CHN",1835,38.85044617184326,118.63560580900875
35ed55ed,"35ed55ed,CHN",1835,38.85528503340618,118.59994014230861
35ed55ef,"35ed55ef,CHN",1835,38.856681712766694,118.59447787376685
35ed560b,"35ed560b,CHN",1835,38.85675331822046,118.57723934384715
35ed560d,"35ed560d,CHN",1835,38.858280376142154,118.57065449797466
35f2a84f,"35f2a84f,CHN",1835,38.91496877045527,118.5236221434611
35f2a873,"35f2a873,CHN",1835,38.91463752557382,118.49541280748853
35f2a875,"35f2a875,CHN",1835,38.91597428230348,118.49064531326214
35f2a9ed,"35f2a9ed,CHN",1835,38.89372889582824,118.56488935743144
35f2aa7f,"35f2aa7f,CHN",1835,38.8628351348454,118.62414788465689
358f0909,"358f0909,CHN",1838,38.809188339125654,121.1368531296516
358f6405,"358f6405,CHN",1845,38.87115896319291,121.52797967953661
35904003,"35904003,CHN",1849,37.80782875591898,121.25944392606799
3590450f,"3590450f,CHN",1850,37.73506901640067,121.11209686679827
35905bcf,"35905bcf,CHN",1854,37.631452071593806,121.13617157899445
3590640d,"3590640d,CHN",1855,37.55686112883722,121.37540509292404
359065b5,"359065b5,CHN",1855,37.590025550007525,121.37919996429763
359065bb,"359065bb,CHN",1855,37.59755785996764,121.38547337352811
35907405,"35907405,CHN",1857,37.661131638232874,121.54518102271635
35917a8d,"35917a8d,CHN",1860,37.65322475919287,120.32120816930197
35917d6b,"35917d6b,CHN",1860,37.68421562317346,120.17904143617135
35917de3,"35917de3,CHN",1860,37.73957861411735,120.17304102436441
359237df,"359237df,CHN",1868,38.05880098017863,119.79140709595097
3592acab,"3592acab,CHN",1871,38.76972703307742,118.67517184770294
35ed535f,"35ed535f,CHN",1871,38.774294452065575,118.65247027970092
3592e03b,"3592e03b,CHN",1873,38.13318497667047,119.07812855336869
35931e41,"35931e41,CHN",1873,38.09056337304719,119.11237261594492
3593214d,"3593214d,CHN",1873,38.08828966795824,118.95412289343567
359326af,"359326af,CHN",1873,38.08543830199738,118.94523759232798
3593ee5b,"3593ee5b,CHN",1878,37.4573884051239,119.91337360595035
3593f025,"3593f025,CHN",1878,37.41021072581892,119.94087871619955
3593f033,"3593f033,CHN",1878,37.40949231874734,119.93140683175334
3593f03b,"3593f03b,CHN",1878,37.40835535602294,119.94013342727877
3593f1d3,"3593f1d3,CHN",1878,37.41586785464773,119.92490608337248
3593f1e1,"3593f1e1,CHN",1878,37.42732130017919,119.90179518350553
359482fb,"359482fb,CHN",1881,37.414352745732735,119.26922778714996
359490a7,"359490a7,CHN",1881,37.31897314255712,119.15375003847616
359490d7,"359490d7,CHN",1881,37.28372699339469,119.1490624913733
35949119,"35949119,CHN",1881,37.271360801054655,119.16397724478568
35949121,"35949121,CHN",1881,37.27697868085144,119.1578026760798
35949123,"35949123,CHN",1881,37.27370539072504,119.15936339610533
35949125,"35949125,CHN",1881,37.275518437890604,119.15360906567442
35949127,"35949127,CHN",1881,37.27947444300305,119.15300229689706
35949129,"35949129,CHN",1881,37.28096325152166,119.14852045392895
3594912b,"3594912b,CHN",1881,37.28244920695604,119.1435496194894
3594913d,"3594913d,CHN",1881,37.26918428461694,119.15911582563972
3594916f,"3594916f,CHN",1881,37.24953390809638,119.1722123008631
359491ad,"359491ad,CHN",1881,37.26890811500592,119.19431402327763
35949655,"35949655,CHN",1881,37.29786392870479,119.0895813381946
359496d3,"359496d3,CHN",1881,37.279096831261896,119.13640227015257
35949749,"35949749,CHN",1881,37.31081825256655,119.13017929294881
35949a57,"35949a57,CHN",1881,37.34497424135128,119.1828097354448
35949ae5,"35949ae5,CHN",1881,37.341539450866875,119.19986762836457
35949af9,"35949af9,CHN",1881,37.34385204393026,119.18869869646214
35949aff,"35949aff,CHN",1881,37.34793398347373,119.18860486224064
35949b07,"35949b07,CHN",1881,37.35821098947602,119.18823402432076
35949b37,"35949b37,CHN",1881,37.35909625094188,119.22407586307631
35949b6b,"35949b6b,CHN",1881,37.36836044996896,119.20648262081056
3594bd8f,"3594bd8f,CHN",1884,37.29926522073832,119.03833655620667
3594bdc1,"3594bdc1,CHN",1884,37.295732892421626,119.02011737121354
3594beb9,"3594beb9,CHN",1884,37.27504001547725,118.96960959965678
3596055f,"3596055f,CHN",1887,36.05603841003363,120.32137076181782
35960563,"35960563,CHN",1887,36.054827403782426,120.31351323565495
35960691,"35960691,CHN",1887,36.02864860770857,120.23439144282
35960893,"35960893,CHN",1887,36.100938045009784,120.22041002371722
35961ad7,"35961ad7,CHN",1887,36.00975586756293,120.35144226293716
35961bc9,"35961bc9,CHN",1887,35.982709067638055,120.41509780879164
35961bd5,"35961bd5,CHN",1887,35.98271380352896,120.43293951140988
35961bf1,"35961bf1,CHN",1887,35.95697781551307,120.42141617158671
35962c53,"35962c53,CHN",1891,35.868671329772496,120.84122114480947
35962d23,"35962d23,CHN",1891,35.86890939848512,120.87543305833007
3597cd63,"3597cd63,CHN",1891,35.888761005484206,120.92743221963607
3599fe27,"3599fe27,CHN",1897,36.72710800340356,121.62969466014162
359ae9dd,"359ae9dd,CHN",1902,37.55514984091842,122.10800358902975
359ae9ef,"359ae9ef,CHN",1902,37.549769161365184,122.10024615040639
359ae85d,"359ae85d,CHN",1904,37.51796255169354,122.14971736360727
359ae86f,"359ae86f,CHN",1904,37.5179796218877,122.16035864088333
359ae8c1,"359ae8c1,CHN",1904,37.48885539297518,122.148205659715
359ae91f,"359ae91f,CHN",1904,37.5036306307219,122.12402864927
359b0fd3,"359b0fd3,CHN",1907,37.25568944537541,122.57852566241137
359b0fdd,"359b0fdd,CHN",1907,37.26145084425361,122.56302327517659
359b1017,"359b1017,CHN",1907,37.284175018763655,122.55856570281232
359b10f7,"359b10f7,CHN",1907,37.30823233309638,122.57090885841173
359b11b1,"359b11b1,CHN",1907,37.286683110218476,122.59237136011372
359b153b,"359b153b,CHN",1909,37.35236975836056,122.70393888260234
359b158b,"359b158b,CHN",1909,37.39149859080682,122.65476769116027
359b3e43,"359b3e43,CHN",1909,37.42098439856136,122.65488673070008
359b3e45,"359b3e45,CHN",1909,37.420406750646066,122.65758295171113
359b3e5b,"359b3e5b,CHN",1909,37.42253757525572,122.65824467073644
359ba5e1,"359ba5e1,CHN",1910,37.04021127225816,122.55435620102612
359ba5e3,"359ba5e3,CHN",1910,37.04084179374099,122.5530075265976
359bb42f,"359bb42f,CHN",1911,36.89361976228919,122.43595399229751
359bb435,"359bb435,CHN",1911,36.88954300070242,122.42687303706441
359bb57b,"359bb57b,CHN",1911,36.865755029438375,122.39293300390443
359bb5cb,"359bb5cb,CHN",1911,36.88652092492154,122.42721468453915
359bb5cd,"359bb5cd,CHN",1911,36.88595943409562,122.43111196166481
359bb5d1,"359bb5d1,CHN",1911,36.87850458189017,122.43859350926064
359bb685,"359bb685,CHN",1911,36.88670037679824,122.45516616202802
359bb6cb,"359bb6cb,CHN",1911,36.91115125824492,122.47068977119906
35ab866b,"35ab866b,CHN",1912,30.720919586298443,123.14848735643324
35ac145d,"35ac145d,CHN",1913,31.060687179990474,122.78232046384849
35ac1497,"35ac1497,CHN",1913,31.03154440788005,122.79398360221117
35ac15ad,"35ac15ad,CHN",1913,31.066964139238276,122.76035554740957
35ac389d,"35ac389d,CHN",1913,31.06628799356639,122.59637769161482
35ac38a5,"35ac38a5,CHN",1913,31.067430492136257,122.61339393494886
35ac3f4f,"35ac3f4f,CHN",1913,31.065924972854678,122.6365350308901
35ac3f97,"35ac3f97,CHN",1913,31.057179152587427,122.68694809797537
35ac468d,"35ac468d,CHN",1913,31.003194125860155,122.59092308220447
35ac4781,"35ac4781,CHN",1913,31.066263153085533,122.58028238982826
35ac6a6b,"35ac6a6b,CHN",1913,30.96565932576078,122.73837534347518
35ac1641,"35ac1641,CHN",1914,31.127883727218467,122.74350387939032
35ac1709,"35ac1709,CHN",1914,31.152186939364984,122.76607143863451
35ac3df7,"35ac3df7,CHN",1914,31.12541456946479,122.71525608999953
35ac30f9,"35ac30f9,CHN",1915,31.21230722375388,122.49937297543057
35ac312d,"35ac312d,CHN",1915,31.181627535073826,122.48346022773056
35ac5b21,"35ac5b21,CHN",1916,30.886230067270827,122.58507141709232
35ac4c53,"35ac4c53,CHN",1917,30.9959600202702,122.41006298840405
35adb243,"35adb243,CHN",1917,31.008035503784267,122.2968137855959
35adb277,"35adb277,CHN",1917,30.987373047286475,122.29759512520744
35acf8c1,"35acf8c1,CHN",1918,30.75180423199668,122.46486755555475
35acfa25,"35acfa25,CHN",1918,30.672089435065132,122.50636817533918
35acfd15,"35acfd15,CHN",1918,30.65476670480426,122.38298277328627
35acff0f,"35acff0f,CHN",1918,30.760744532139178,122.41088121089543
35acff39,"35acff39,CHN",1918,30.759543511138673,122.43270624094268
35ac5747,"35ac5747,CHN",1919,30.82801439973429,122.51809075610478
35ac5d17,"35ac5d17,CHN",1919,30.8531755363827,122.68933208987065
35ac94b1,"35ac94b1,CHN",1922,30.441555661763342,122.72620109109485
35ace623,"35ace623,CHN",1922,30.48672229524043,122.52826149102098
35ace627,"35ace627,CHN",1922,30.47990388104076,122.53481044876142
35ace65d,"35ace65d,CHN",1922,30.49468417656301,122.5006814222549
35aceb83,"35aceb83,CHN",1922,30.461956933121755,122.66964169765888
35ac9a61,"35ac9a61,CHN",1923,30.438668261188603,122.91928147727981
35aca575,"35aca575,CHN",1924,30.166384125606555,122.94057000110485
35acb425,"35acb425,CHN",1925,30.10408835589348,122.77762971989362
35acc833,"35acc833,CHN",1926,30.176564439167326,122.70354896526338
35acded7,"35acded7,CHN",1929,30.388584913089215,122.40351180684405
35ad1e4b,"35ad1e4b,CHN",1929,30.526179738838586,122.32972891636808
35ad1e4d,"35ad1e4d,CHN",1929,30.527381146514138,122.32544126199696
35ad2175,"35ad2175,CHN",1929,30.451000334877637,122.28289452843852
35ad1427,"35ad1427,CHN",1931,30.607366718194037,122.08315631714318
35ad1671,"35ad1671,CHN",1931,30.57836583954931,122.09128891567357
35ad1679,"35ad1679,CHN",1931,30.58365683044998,122.08630456680096
35ad16e5,"35ad16e5,CHN",1931,30.59658588387039,122.1214299175744
35ad1721,"35ad1721,CHN",1931,30.60088340890289,122.132925444274
35ad8b33,"35ad8b33,CHN",1939,31.316794935006293,121.68645425351217
35ad8cc5,"35ad8cc5,CHN",1939,31.287125542008383,121.75071100650217
35ad8ccf,"35ad8ccf,CHN",1939,31.292057936023753,121.7503808982442
35ad8d05,"35ad8d05,CHN",1939,31.261039881537453,121.7749981201743
35ad91eb,"35ad91eb,CHN",1939,31.178454600806507,121.83016975071975
35adeb21,"35adeb21,CHN",1939,31.265051450969487,121.94432709618837
35aded15,"35aded15,CHN",1939,31.29959769016085,121.83517246140624
35aded6b,"35aded6b,CHN",1939,31.301822433325352,121.83036763864614
35adf21d,"35adf21d,CHN",1939,31.36825143048776,121.79558209519213
35adf34d,"35adf34d,CHN",1939,31.30641428172101,121.73421651012869
35adf387,"35adf387,CHN",1939,31.357771025721497,121.72319785931576
35adf389,"35adf389,CHN",1939,31.360531891436107,121.72190446898509
35adf539,"35adf539,CHN",1939,31.33829759760748,121.65388613733494
35adf571,"35adf571,CHN",1939,31.3650114755975,121.64253823283939
35adf57f,"35adf57f,CHN",1939,31.37307471480009,121.63129545531166
35b158f3,"35b158f3,CHN",1939,32.017291926909266,120.39786748571169
35b15925,"35b15925,CHN",1939,32.035854060918545,120.42173242825403
35b164a9,"35b164a9,CHN",1939,31.996331799707114,120.7046706571453
35b16761,"35b16761,CHN",1939,32.0660442358102,120.53188356062161
35b1789d,"35b1789d,CHN",1939,31.972067991534626,120.89447613506866
35b1806f,"35b1806f,CHN",1939,31.86521192555176,120.9283664434802
35b204d7,"35b204d7,CHN",1939,31.591140509614196,121.45527923450838
35b207c3,"35b207c3,CHN",1939,31.51938775875978,121.60217204994603
35b20a4b,"35b20a4b,CHN",1939,31.403778016072607,121.585520903807
35b20a4d,"35b20a4d,CHN",1939,31.399787589239438,121.58547267287173
35b20a5f,"35b20a5f,CHN",1939,31.385831224864162,121.60339162862871
35b20ae3,"35b20ae3,CHN",1939,31.372794785159744,121.58544681275383
35b20ae9,"35b20ae9,CHN",1939,31.367217959569665,121.59536116582008
35b20bb3,"35b20bb3,CHN",1939,31.40134775455815,121.57978348079179
35b21141,"35b21141,CHN",1939,31.501403218523382,121.37391484519966
35b21755,"35b21755,CHN",1939,31.571539302206705,121.35051700320675
35b2176b,"35b2176b,CHN",1939,31.56320994953109,121.32947502635548
35b218ff,"35b218ff,CHN",1939,31.629640432513284,121.30504554202683
35b2195b,"35b2195b,CHN",1939,31.642662545914717,121.34660921891063
35b21b2b,"35b21b2b,CHN",1939,31.594141381793694,121.44405917044551
35b22409,"35b22409,CHN",1939,31.694426379237736,121.16895740232343
35b22415,"35b22415,CHN",1939,31.69063687191948,121.15021088703722
35b22a57,"35b22a57,CHN",1939,31.813863712485865,120.94588985133363
35b27299,"35b27299,CHN",1939,31.356479177140493,121.45503434256048
35b2732f,"35b2732f,CHN",1939,31.36124734295438,121.49969932545399
35b3e2e1,"35b3e2e1,CHN",1939,31.964106844885936,120.36932658935096
35b3fbf1,"35b3fbf1,CHN",1939,31.938487472632293,120.26524818569204
35b40761,"35b40761,CHN",1939,31.949552997216696,120.15555972732395
35ad90cf,"35ad90cf,CHN",1940,31.12565867691321,121.89336163137004
35ad988f,"35ad988f,CHN",1941,31.024866680787145,121.9783652693825
35ad9ea9,"35ad9ea9,CHN",1941,31.005383266742893,121.90508149610372
35ada661,"35ada661,CHN",1943,30.930350209140425,122.13228421770694
35adb6f9,"35adb6f9,CHN",1944,31.124171543330117,122.22837245131468
35adb6ff,"35adb6ff,CHN",1944,31.125856697166643,122.2227941855807
35adb7a9,"35adb7a9,CHN",1944,31.134038712780555,122.21101180316248
35adc0e7,"35adc0e7,CHN",1945,31.24863652425354,122.05760807056535
35adc0f7,"35adc0f7,CHN",1945,31.248576891690462,122.04142512758946
35ae0eb9,"35ae0eb9,CHN",1952,31.68726379407379,121.8818735083126
35b29a2f,"35b29a2f,CHN",1972,30.80487765785871,121.48542588090852
35b29a31,"35b29a31,CHN",1972,30.81033889900395,121.48373010840605
35b8d2ab,"35b8d2ab,CHN",1975,34.909591447652055,119.23516275416334
35bf3329,"35bf3329,CHN",1975,34.932734623974596,119.18258394609566
35bf332f,"35bf332f,CHN",1975,34.93612688044939,119.1789518073744
35b92907,"35b92907,CHN",1978,34.737844627194036,119.46647159400847
35b929ab,"35b929ab,CHN",1978,34.735255719107705,119.45990908421498
35b929b1,"35b929b1,CHN",1978,34.74167794854402,119.44885492665692
35b929b7,"35b929b7,CHN",1978,34.743191271069996,119.44672395902224
35b929bd,"35b929bd,CHN",1978,34.753381664616086,119.45007054572287
35b92ead,"35b92ead,CHN",1978,34.74874316222597,119.51367870941618
35b92eb3,"35b92eb3,CHN",1978,34.74659897803442,119.5128021062746
35b96b2f,"35b96b2f,CHN",1979,34.39141231282781,119.79692433862014
35b96b49,"35b96b49,CHN",1979,34.37762365742276,119.79780753449353
35beb761,"35beb761,CHN",1982,34.90623550264794,119.8553900554129
35beb79f,"35beb79f,CHN",1982,34.89744820387786,119.8320993213743
35beb9cd,"35beb9cd,CHN",1982,34.92526409350047,119.83833509923969
35beb9df,"35beb9df,CHN",1982,34.910987402185945,119.85565068117448
35bec9bd,"35bec9bd,CHN",1982,34.877068078639475,119.75730679736124
35becbeb,"35becbeb,CHN",1982,34.84805410463857,119.7163700702496
35b94f31,"35b94f31,CHN",1983,34.60503649252943,119.89006543487514
35ba3ba1,"35ba3ba1,CHN",1987,33.73633608966325,120.39305165146307
35ba3ba3,"35ba3ba3,CHN",1987,33.73516404640734,120.3974220101468
35ba3ba7,"35ba3ba7,CHN",1987,33.738032951783566,120.39506285027066
35bbdd81,"35bbdd81,CHN",1992,34.30480193643997,120.29427090434491
35bbdd8b,"35bbdd8b,CHN",1992,34.30827340055815,120.27727867643887
35bbddf7,"35bbddf7,CHN",1992,34.31040828000091,120.26594018178059
35bbe763,"35bbe763,CHN",1992,34.31016210905149,120.28344120302337
35bdf95f,"35bdf95f,CHN",1993,35.83504820328177,120.27050932659908
35be6803,"35be6803,CHN",1997,35.575697388087896,119.78948313339046
35be66cd,"35be66cd,CHN",1999,35.47400265377132,119.85010762493516
35be8da9,"35be8da9,CHN",2001,35.26700280456571,119.83770471464561
35beb5e3,"35beb5e3,CHN",2002,34.83875299797903,119.80277673857802
35beda2f,"35beda2f,CHN",2004,35.03073929533833,119.51923025683965
35bf2659,"35bf2659,CHN",2005,35.077583913269955,119.35644274294418
35bf265d,"35bf265d,CHN",2005,35.07581233960119,119.35157112914796
35bf26d5,"35bf26d5,CHN",2005,35.11466687865943,119.36868803049194
35bf26e9,"35bf26e9,CHN",2005,35.09702839405149,119.35850144949022
35bf2733,"35bf2733,CHN",2005,35.11052310756271,119.38613102584657
35bf2e1d,"35bf2e1d,CHN",2005,35.00562400626961,119.23556375545735
35bf2ed3,"35bf2ed3,CHN",2005,35.002308867288754,119.32218273307492
35bf2f03,"35bf2f03,CHN",2005,35.02171868647289,119.28691384042044
35bf301f,"35bf301f,CHN",2005,35.05653564503258,119.22714575872338
35befba1,"35befba1,CHN",2008,35.35807940747754,119.5341503719846
35ec563b,"35ec563b,CHN",2013,38.323701349830415,117.91115446219375
35ec5653,"35ec5653,CHN",2013,38.321499168616384,117.88880473246566
35ec5987,"35ec5987,CHN",2013,38.26284101296418,117.8345620545014
35ec5a47,"35ec5a47,CHN",2013,38.2758684546836,117.80545471498962
35ecf8a1,"35ecf8a1,CHN",2013,38.32927440412434,117.92838179876894
35ecf8bd,"35ecf8bd,CHN",2013,38.327477641795575,117.93897297803015
35ecff33,"35ecff33,CHN",2013,38.34116385523012,117.9574708880688
35ecf337,"35ecf337,CHN",2014,38.08983440041732,118.04360184788213
35ecfb4f,"35ecfb4f,CHN",2016,38.28965893124637,118.10355577041537
35ed222b,"35ed222b,CHN",2019,38.39696336856884,118.34370803291232
35ed7b07,"35ed7b07,CHN",2022,38.89882319602082,118.06872648263185
35ed7c3b,"35ed7c3b,CHN",2022,38.96610493961924,118.03318808930403
35ed8587,"35ed8587,CHN",2022,38.98463712063126,117.74077199208703
35ed858f,"35ed858f,CHN",2022,38.98658681155133,117.74526875795202
35ed859b,"35ed859b,CHN",2022,38.9813825414189,117.75230399940878
35ed87ad,"35ed87ad,CHN",2022,39.046427182963086,117.77328166393782
35ed87b3,"35ed87b3,CHN",2022,39.04777274122256,117.7694718937912
35ed8f71,"35ed8f71,CHN",2022,38.98935737627928,117.7234645280798
35ed8f75,"35ed8f75,CHN",2022,38.987177767421585,117.7170271912249
35ed9bb5,"35ed9bb5,CHN",2022,38.871355936742184,117.78705112923573
35ed6579,"35ed6579,CHN",2023,38.837372435828925,118.1562113035921
35ed65db,"35ed65db,CHN",2023,38.84643211031633,118.19667696894416
35ed6641,"35ed6641,CHN",2023,38.831959000059044,118.23244888500261
36ab1e71,"36ab1e71,CHN",2037,21.58827706695178,111.82441083561201
36ab1fa3,"36ab1fa3,CHN",2037,21.534611837299295,111.81809710951256
36b3300d,"36b3300d,CHN",2047,21.725498436056768,108.59493467239474
36b32c4f,"36b32c4f,CHN",2048,21.600235080219672,108.67405986067585
3950b03b,"KANDLA,IND",2050,23.02107996356469,70.22476854587006
3950b1e5,"KANDLA,IND",2050,22.97707552592264,70.23058795235302
3956a55d,"OKHA,IND",2054,22.527574644281543,69.0759976338479
3956d117,"MUNDRA,IND",2055,22.659160874620085,69.54697161361413
3956d8ed,"VADINAR,IND",2058,22.552347597781008,69.64216954396007
395720bd,"VADINAR TERMINAL,IND",2059,22.504840125972777,69.68443820472612
395730bf,"SIKKA,IND",2062,22.670574792262506,69.93393625893422
39572865,"MUNDRA,IND",2064,22.635431812094055,69.70718009500206
39572851,"MUNDRA,IND",2064,22.657742646777987,69.70798641777982
395728d1,"MUNDRA,IND",2064,22.664172563570872,69.75493627315325
39572857,"MUNDRA,IND",2064,22.6588481395381,69.71361553457172
395735b9,"KANDLA,IND",2066,22.777987424702914,70.01744928926125
3957356d,"KANDLA,IND",2066,22.814002400330892,70.02982511359298
39573501,"KANDLA,IND",2066,22.798998628149207,70.00545277818757
3957357d,"KANDLA,IND",2066,22.810750055756188,70.04719814476546
395747eb,"BEDI,IND",2067,22.648168857972475,70.07080668366062
395f61ab,"ALANG,IND",2070,21.70159028037522,72.38103402134645
395f6039,"BHAVNAGAR,IND",2070,21.677760513836848,72.36401425120233
3a02fa07,"HALDIA PORT,IND",2073,22.03147480935108,88.08501564187891
3a02fa1d,"HALDIA PORT,IND",2073,22.024031319019553,88.08666086158904
3a02fa1b,"HALDIA PORT,IND",2073,22.02355456352538,88.08412521548415
3a047953,"HALDIA,IND",2075,20.998561762055743,88.24844652467542
3a1a4541,"PARADIP,IND",2076,20.088339636301292,86.72513359592305
3a1a4515,"PARADIP,IND",2076,20.08369875398998,86.72017400735952
3a1a4e75,"PARADIP,IND",2077,20.201740431470366,86.71846246136123
3a1a511d,"PARADIP,IND",2077,20.161643836171915,86.79410640005462
3a1a4e8b,"PARADIP,IND",2077,20.18371015030894,86.69882172051953
3a1a51d3,"PARADIP,IND",2077,20.160351177885016,86.74887349253501
3a382fa9,"KAKINADA BAY,IND",2081,16.99662833744231,82.34761879755962
3a382ee3,"KAKINADA BAY,IND",2081,17.006257988829123,82.33166713779364
3a382f1d,"KAKINADA BAY,IND",2081,17.002576917986435,82.33056399799358
3a382f41,"KAKINADA BAY,IND",2081,16.97705003292138,82.31992187535847
3a382ed9,"KAKINADA BAY,IND",2081,17.005757950997896,82.31548733593061
3a382f1f,"KAKINADA BAY,IND",2081,17.000751866896998,82.32624213125648
3a382fab,"KAKINADA BAY,IND",2081,17.001906763398544,82.3481866115488
3a3943b1,"VISHAKHAPATNAM,IND",2084,17.683422400660355,83.30334055123156
3a3942e5,"VISHAKHAPATNAM,IND",2084,17.709685855338726,83.28345290834609
3a4c5037,"KRISHNAPATNAM,IND",2087,14.235192151304352,80.25728123365165
3a526959,"CHENNAI,IND",2089,13.071471230810026,80.3624757773993
3a526ea5,"CHENNAI,IND",2089,13.099115496537737,80.35795725728174
3a52695b,"CHENNAI,IND",2089,13.071455790460773,80.35781239466837
3a526ebb,"CHENNAI,IND",2089,13.098655872300835,80.35191932214714
3a527137,"KAMARAJAR PORT,IND",2090,13.258425555580423,80.34025568196583
3a5276b5,"KAMARAJAR PORT,IND",2090,13.27041654496902,80.34874000937678
3a527255,"ENNORE,IND",2091,13.221682979980505,80.40755208070738
3ae173ad,"GALLE HARBOR,LKA",2094,6.032009883380378,80.23048367249208
3ae258c1,"COLOMBO,LKA",2095,6.957189798460679,79.84883580312545
3ae258c3,"COLOMBO,LKA",2095,6.955790663036603,79.84773221262527
3ae258d9,"COLOMBO,LKA",2095,6.943183132341503,79.845551452707
3ae258e7,"COLOMBO,LKA",2095,6.949168107254504,79.85261837475679
3ae258db,"COLOMBO,LKA",2095,6.948099561630757,79.84613702055114
3ae258e9,"COLOMBO,LKA",2095,6.953695760125746,79.85412533028034
3ae258df,"COLOMBO,LKA",2095,6.942706655034003,79.84968655479467
3ae25921,"COLOMBO,LKA",2095,6.939471877571497,79.84695221333887
3ae2604b,"COLOMBO,LKA",2096,6.956128176610033,79.69801176494254
3ae28ca5,"COLOMBO,LKA",2096,7.072676262624784,79.72553818513862
3ae28b27,"COLOMBO,LKA",2096,7.024915168495672,79.72633461461389
3ae2f4b1,"COLOMBO,LKA",2096,7.052637948688824,79.74863598743896
3ae28b33,"COLOMBO,LKA",2096,7.036408883923342,79.73710150919592
3ae289fd,"COLOMBO,LKA",2097,6.981016007888281,79.64124771699487
3ae26217,"COLOMBO,LKA",2097,6.960051960174606,79.63620792009516
3ae26209,"COLOMBO,LKA",2097,6.975423168574509,79.6367267433356
3ae263cf,"COLOMBO,LKA",2097,6.928202240054765,79.63602260994615
3ae263cd,"COLOMBO,LKA",2097,6.933262540618138,79.63572701062607
3b03ea01,"TUTICORIN,IND",2101,8.739112126631142,78.29034101077805
3b03ea1f,"TUTICORIN,IND",2101,8.738425316318876,78.27289160449635
3b087295,"COCHIN,IND",2102,9.94998323005322,76.28875262661882
3b0872af,"COCHIN,IND",2102,9.965185849886076,76.27873201987975
3b086d57,"COCHIN,IND",2102,9.966990165761716,76.27031632134108
3b086d55,"KOCHI (COCHIN),IND",2102,9.968796236248538,76.26747817002934
3b086d4d,"KOCHI (COCHIN),IND",2102,9.967830562126428,76.25819836097172
3b0812d5,"KOCHI (COCHIN),IND",2102,9.973692634979916,76.22992500404713
3b08407d,"COCHIN,IND",2103,9.954950950241132,76.0420613808845
3b086b0f,"COCHIN,IND",2104,9.932123940873643,76.14669468716967
3b086ba3,"COCHIN,IND",2104,9.916193909319391,76.15259536950418
3b3f7fb5,"MALE,MDV",2105,4.18056705711124,73.4921492164913
3b3f7f95,"MALE,MDV",2105,4.199475336535213,73.49143259291795
3ba3505d,"NEW MANGALORE,IND",2109,12.934416135337665,74.8173623689881
3bbfc6fd,"MARMAGAO,IND",2111,15.418035703580026,73.79291072818273
3be1a993,"MAGDALLA,IND",2114,20.97163912707383,72.60086625615145
3be63693,"MUMBAI,IND",2127,19.04456337990813,72.59486031487543
3be63783,"MUMBAI,IND",2127,19.054049420746296,72.52922555241811
3be7d115,"MUMBAI,IND",2130,18.87739291345049,72.83210360783936
3be7d1ad,"MUMBAI,IND",2130,18.906763417223406,72.84924920414731
3be7d127,"MUMBAI,IND",2130,18.866657063474644,72.84885805712793
3be7ce33,"MUMBAI (BOMBAY),IND",2130,18.957070406901384,72.84860386928065
3be7cfd7,"MUMBAI (BOMBAY),IND",2130,18.948513770978522,72.86090819567593
3be7cfd1,"MUMBAI (BOMBAY),IND",2130,18.953592201752073,72.86028950075159
3be7d029,"MUMBAI (BOMBAY),IND",2130,18.94262922159736,72.8609641429171
3be7cfdf,"MUMBAI (BOMBAY),IND",2130,18.949492084740765,72.87201672074968
3be7dac9,"JAWAHARLAL NEHRU PORT (NHAVA SHIVA),IND",2130,18.943677283353967,72.92645068485503
3be7dad5,"JAWAHARLAL NEHRU PORT (NHAVA SHIVA),IND",2130,18.9501360265001,72.94362898299562
3be7dad3,"JAWAHARLAL NEHRU PORT (NHAVA SHIVA),IND",2130,18.947581147562865,72.93962986593085
3be7c4df,"JAWAHARLAL NEHRU PORT (NHAVA SHIVA),IND",2130,18.97462363773279,72.94991510065785
3d9691bf,"BOOSAASO,SOM",2138,11.291329892517297,49.179362559698035
3dd16147,"MINA RAYSUT,OMN",2139,16.947123432203753,54.01157205375102
3de8e477,"AL MUKALLA,YEM",2140,14.522036682502986,49.149133131867956
3e351295,"BERRI,SAU",2142,27.207444194428,49.66630973441014
3e35741b,"AL JUBAIL,SAU",2144,27.132360007148364,49.76492003623255
3e5d2a8d,"RUWAIS,ARE",2147,24.149594970690753,52.736584852396376
3e42d55b,"MINASAQR,ARE",2147,24.148352097317105,52.68845947401166
3e4328dd,"MARSEILLE,ARE",2148,24.183065773216185,52.567433245479386
3e4328e7,"SHUWEIHAT ENSCO104,ARE",2148,24.181395566294885,52.56864668647274
3e443a07,"MESAIEED,QAT",2151,24.958577727430498,51.59338445709154
3e443b09,"UMM SAID,QAT",2151,24.89595757235876,51.55401628409033
3e443b0d,"UMM SAID,QAT",2151,24.892451468523298,51.55031502025008
3e443a15,"UMM SAID,QAT",2151,24.94032015168398,51.582467689148736
3e45b125,"DOHA,QAT",2155,25.29276356619866,51.78067666144312
3e45b829,"DOHA,QAT",2156,25.32262927156268,51.71767781791414
3e45c5bd,"DOHA,QAT",2157,25.296384320236484,51.56860278834962
3e45c507,"DOHA,QAT",2157,25.303668338903577,51.5531760118002
3e45c435,"DOHA QATAR,QAT",2157,25.321158378954532,51.58030349278067
3e45c881,"DOHA,QAT",2158,25.296660203487395,51.640605220679916
3e49a603,"AL MANAMAH,BHR",2163,26.24688858361271,50.60414089821906
3e49a923,"MINA SALMAN,BHR",2163,26.201231531888915,50.61597276290673
3e49a917,"MINA SALMAN,BHR",2163,26.1986655809278,50.61857654244431
3e49a7a9,"BAHRAIN DIYAAR,BHR",2164,26.29441630935589,50.64629113989858
3e49f0c9,"DAMMAM,SAU",2165,26.501082990588678,50.20729678940367
3e49f0b9,"DAMMAM,SAU",2165,26.494457100468445,50.20180482482161
3e4a374d,"ENS 54,SAU",2169,26.930835370059416,50.5251568651953
3e4a7675,"JU AYMAH OIL TERMINAL,SAU",2171,26.92719715419578,50.0416190075403
3e4df069,"BANDAR-E PARS TERMINAL,IRN",2176,27.52456700229739,52.56066218944409
3e50aeab,"KISH,IRN",2185,26.567587697916984,53.996759822778
3e50ac01,"KISH,IRN",2185,26.567954619546715,54.00062324784969
3e5f5027,"SHARJAH,ARE",2188,25.401673299748243,55.31691291049397
3e5f4e01,"SHARJAH,ARE",2188,25.452259844254773,55.31137990513518
3e5f5281,"HAMRIYA UAE,ARE",2188,25.50030270811342,55.316802111074075
3e5b1bf1,"IRAN,IRN",2194,25.49496303156134,53.14534077249043
3e5c1343,"ZAKUM,ARE",2201,24.876002252350887,53.755584014419185
3e5c6c03,"ZAKUM,ARE",2201,24.84274585349148,53.65205753723973
3e5c6c1b,"ZAKUM FIELD,ARE",2201,24.848377825094403,53.658284215285626
3e5c6ac9,"ZAKUM FIELD,ARE",2201,24.797476586485956,53.72870401901089
3e5c64f5,"ZAKUM,ARE",2203,24.83345038781191,53.49966899070659
3e5e4047,"MUSAFFAH,ARE",2213,24.34484551424286,54.45678320506225
3e5e3f8f,"MUSAFFAH,ARE",2213,24.314033340081654,54.465726651255366
3e5e400d,"MUSSAFAH,ARE",2213,24.326387190829397,54.45219305997572
3e5e410b,"ABU DHABI,ARE",2213,24.382547969363046,54.478790978795715
3e5e66c3,"DUBAI,ARE",2215,24.526542294272826,54.37820333657545
3e5e66b3,"ABU DABI,ARE",2215,24.535569616947495,54.360210726255744
3e5e66eb,"FREEPORT,ARE",2215,24.51623743665071,54.37279047434167
3e5e671d,"ABU DHABI,ARE",2215,24.51814833058571,54.393206852819795
3e5e66ed,"FREE PORT,ARE",2215,24.514074539523058,54.37142750480755
3e5f1209,"JEBEL ALI,ARE",2221,24.978159999749046,55.062354095446466
3e5f13d1,"MINA JABAL ALI,ARE",2221,25.02447099136471,55.057867720310604
3e5f13c7,"MINA JABAL ALI,ARE",2221,25.031313971234407,55.06768428453767
3e5f1241,"MINA JABAL ALI,ARE",2221,25.002315678407935,55.07285996167667
3e5f117f,"MINA JABAL ALI,ARE",2221,25.014434338723937,55.04791209859064
3e5f1161,"MINA JABAL ALI,ARE",2221,25.029889457962838,55.04662408213495
3e5f1189,"MINA JABAL ALI,ARE",2221,24.998221941672096,55.04811462764085
3e5f1221,"MINA JABAL ALI,ARE",2221,24.99457296711082,55.05124804556001
3e5f6b4d,"DUBAI,ARE",2222,25.09120490856872,55.14198189595429
3e5f6b49,"DUBAI,ARE",2222,25.096343288424336,55.144538606150796
3e5f23cf,"JEBEL ALI,ARE",2223,25.140490206430336,54.8858715200123
3e5f33c1,"DUBAI,ARE",2224,25.39566523657058,55.02495909905018
3e5f30e9,"DUBAI,ARE",2224,25.322899472906148,55.02433505168267
3e5f3379,"DUBAI,ARE",2224,25.425649766430965,55.041048830744245
3e5f330f,"DUBAI,ARE",2224,25.425142937749072,55.020137365300215
3e5f421f,"STEVIN ROCK RAK UAE,ARE",2225,25.20410484718507,55.22974605831097
3e5f43a9,"DUBAI,ARE",2226,25.245582184755055,55.26608806511238
3e5f4367,"DUBAYY,ARE",2226,25.272631280767733,55.28712802939947
3e5f4385,"DUBAYY,ARE",2226,25.268347015769564,55.26053046892151
3e5f4365,"DUBAYY,ARE",2226,25.272954574448452,55.28539374958093
3e5f439f,"DUBAYY,ARE",2226,25.257143012827527,55.266949511509736
3e5f4387,"DUBAYY,ARE",2226,25.27225859743067,55.26111285077387
3e5f4371,"DUBAYY,ARE",2226,25.267351114969813,55.27911903971533
3e5f436f,"DUBAYY,ARE",2226,25.270287983082515,55.283903289187435
3ef5f88b,"AL HAMRIYAH LPG TERMINAL,ARE",2227,25.468948173905698,55.50964619015399
3ef5f863,"AL HAMRIYAH LPG TERMINAL,ARE",2227,25.46468677844518,55.50566061083326
3ef5f861,"AL HAMRIYAH LPG TERMINAL,ARE",2227,25.465630212461082,55.508505574951826
3e5f5799,"AJMAN,ARE",2228,25.42672981119704,55.45493491058793
3e5f5787,"AJMAN,ARE",2228,25.41229025357707,55.455843482633604
3e5f5a43,"SHARJAH,ARE",2229,25.36528780892888,55.37439811249478
3e5f5a3f,"SHARJAH,ARE",2229,25.367953041403428,55.382803698414264
3e5f5a41,"SHARJAH,ARE",2229,25.36593332138671,55.37829328325603
3e91f78f,"MINA QABUS,OMN",2233,23.625055800653197,58.565037597877634
3eb31647,"KARACHI,PAK",2236,24.811220021869655,66.9734392801419
3eb32dc1,"BIN QASIM,PAK",2237,24.77702261982415,67.30489120728755
3eb32de1,"BIN QASIM,PAK",2237,24.78411787171128,67.28684816289893
3eb32dad,"MUHAMAMAD BIN QASIM,PAK",2237,24.76373877022929,67.3239969852689
3eb32d07,"MUHAMAMAD BIN QASIM,PAK",2237,24.770928877863795,67.33714972328694
3eb32d05,"MUHAMAMAD BIN QASIM,PAK",2237,24.773027424153426,67.34007927563565
3eb32dab,"MUHAMAMAD BIN QASIM,PAK",2237,24.765396746796235,67.32986319567767
3ebee231,"GWADAR,PAK",2238,25.112099624409115,62.34205670592619
3ef4601b,"FUJAIRAH,ARE",2239,25.21093858638095,56.57604493607441
3ef460c7,"FUJAIRAH,ARE",2239,25.27620251689806,56.586018876571735
3ef48aa3,"FUJAIRAH,ARE",2239,25.195995108516065,56.58046649383878
3ef4609f,"FUJAIRAH,ARE",2239,25.259692672093326,56.56399982666468
3ef4579d,"FUJAIRAH,ARE",2239,25.186468787502754,56.36690270655422
3ef4598f,"FUJAIRAH,ARE",2239,25.238084643923784,56.4128771347826
3ef45785,"FUJAIRAH,ARE",2239,25.18496782029984,56.373496245366596
3ef46737,"FUJAIRAH,ARE",2239,25.29618058708094,56.585924467884084
3ef4589f,"FUJAIRAH,ARE",2239,25.172907814226964,56.44809613614164
3ef4600f,"FUJAIRAH,ARE",2239,25.214376857735488,56.56952271442951
3ef45d41,"KHORFAKKAN,ARE",2239,25.343290470728284,56.54207669099662
3ef44391,"KHOR FAKKAN,ARE",2239,25.40083933556769,56.48586011839136
3ef46843,"KHAWR FAKKAN,ARE",2239,25.39755696381753,56.59243845749126
3ef457a1,"FUJAYRAH HARBOR,ARE",2239,25.185813503829294,56.3593002089126
3ef45797,"FUJAYRAH HARBOR,ARE",2239,25.17567964258024,56.36318607794997
3ef457bd,"FUJAYRAH HARBOR,ARE",2239,25.174806448750665,56.35911355914207
3ef45795,"FUJAYRAH HARBOR,ARE",2239,25.17251058944688,56.36165644841402
3ef457bf,"FUJAYRAH HARBOR,ARE",2239,25.173107587739185,56.35925693616203
3ef60ba9,"AL JAZEERA PORT,ARE",2244,25.715585641111026,55.80130833114591
3ef6661d,"MINA SAQR,ARE",2245,25.990112104572937,56.02777803033599
3ef77e59,"B ABBAS,IRN",2247,27.08141547733671,56.26209323722162
3ef77f15,"BANDAR ABBAS,IRN",2247,27.05088864895364,56.228629058259116
3ef77bef,"BANDAR ABBAS,IRN",2247,27.036129096080536,56.30696738129127
3ef7f605,"SH,IRN",2249,26.972873789989507,55.748326812596396
3ef8284f,"BANDAR-E SHAHID REAJIE,IRN",2251,27.095114632638012,56.059029909576935
3ef82851,"BANDAR-E SHAHID REAJIE,IRN",2251,27.098363595651076,56.06154517869393
3ef829b1,"BANDAR-E SHAHID REAJIE,IRN",2251,27.097808905373068,56.078568142012344
3ef9d597,"B ABBAS,IRN",2252,27.138256043471866,56.262220025209004
3fb44633,"BUSHEHR,IRN",2254,28.97068958216955,50.860048894624654
3fc660a5,"BIK,IRN",2266,30.452904832223354,49.03311363775903
3fc660ab,"BIK IRAN,IRN",2266,30.446111384951458,49.038605300702336
3fc65da5,"BANDAR KHOMEYNI,IRN",2266,30.423519991109153,49.06940890998221
3fc65df9,"BANDAR KHOMEYNI,IRN",2266,30.441190883988792,49.045375511397246
3fc65c55,"BANDAR KHOMEYNI,IRN",2266,30.42357652364746,49.08319197370774
3fc65cff,"BANDAR KHOMEYNI,IRN",2266,30.422185176322746,49.083757673509375
3fc65dfb,"BANDAR KHOMEYNI,IRN",2266,30.440017921652174,49.048237153225635
3fc8ae47,"AL-BASRA OIL TERMINAL,IRQ",2271,29.697933704165003,48.82658875253936
3fc8b02b,"AL-BASRA OIL TERMINAL,IRQ",2271,29.67914775851649,48.84256739856006
3fc8b04b,"AL-BASRA OIL TERMINAL,IRQ",2271,29.659212152065663,48.84128155763508
3fcf543d,"KHOR ABDALLAH IRAQ,IRQ",2272,29.70689364415712,48.65125326131125
3fc8c4bd,"BASRAH,KWT",2273,29.430648747887624,48.94843238246272
3fca5d35,"MARJAN,SAU",2275,28.43454251046797,49.66876720528308
3fcb3203,"RAS AL KHAIR,SAU",2282,27.566784470513955,49.19540771266563
3fcbedb9,"S GOSP 4,SAU",2291,28.37615688458386,48.906873262999646
405dc655,"POTI,GEO",2304,42.19054619544174,41.59460736799895
409524bf,"SEVASTOPOL,UKR",2321,44.599282532129045,33.52756636614899
409539a1,"SEVASTOPOL,UKR",2322,44.66787786800832,33.40003241503077
409e32fb,"SILE,TUR",2327,41.18104286135986,29.60672621641054
409fe5c3,"TEKIRDAG,TUR",2328,41.287150870425165,29.04492756778059
40a4459f,"VARNA,BGR",2330,43.076984378242074,27.956340351083853
40a6be33,"BOURGAS,BGR",2334,42.49228828795604,27.57804909201291
40ba58a3,"MIDIA,ROU",2340,44.3419993165408,28.683652526944694
40bae15f,"CONSTANTA,ROU",2341,44.096046122736844,28.671168211836154
40bae3f3,"CONSTANTA,ROU",2341,44.11569621030191,28.67851776568067
40bae4e5,"CONSTANTA,ROU",2341,44.157284084444356,28.657798203443605
40bae4e7,"CONSTANTA,ROU",2341,44.1595071437847,28.659963575622594
40bae4fd,"CONSTANTA,ROU",2341,44.15390277960184,28.648450106165924
40bae457,"CONSTANTA,ROU",2341,44.146124529379364,28.646015057721442
40bae477,"CONSTANTA,ROU",2341,44.12546749566088,28.67497673688532
40bb1d71,"CONSTANTA,ROU",2342,44.109845522338624,28.81143280640983
40bae299,"CONSTANTA,ROU",2342,44.12354362098609,28.794031671023472
40c41d9b,"KHERSON,UKR",2347,46.55414872096791,32.4339595887435
40c42adf,"DNIPRO-BUZKYY,UKR",2348,46.74614373100184,31.90842634479931
40c42ae1,"DNIPRO-BUZKYY,UKR",2348,46.74394169049602,31.912096739851478
40c5ceab,"MYKOLAYIV,UKR",2349,46.94186194586062,31.97051237544473
40c5cbff,"MYKOLAYIV,UKR",2349,46.942452023714466,31.98026282393408
40c5cc01,"MYKOLAYIV,UKR",2349,46.94170154888463,31.978235626423235
40c5cd5b,"NIKOLAEV,UKR",2350,46.859283714507605,31.990076409430625
40c631bb,"ODESA,UKR",2352,46.4920462646215,30.74552001223505
40c631b7,"ODESA,UKR",2352,46.4958082901821,30.740539378174837
40c6366d,"ODESSA,UKR",2353,46.43722391576656,30.87554389780671
40c6360f,"ODESSA,UKR",2353,46.428699989453314,30.88291100956925
40c65261,"NIKOLAEV,UKR",2356,46.31853739751795,31.092187646188922
40c64d67,"NIKOLAEV,UKR",2356,46.313028266804054,31.040582004515997
40c6525b,"NIKOLAEV,UKR",2356,46.31870137342446,31.109683541928487
40c64de5,"NIKOLAEV,UKR",2356,46.354373330176024,31.08045570507903
40c687e7,"ODESSA,UKR",2358,46.5995495625002,31.72448652902543
40c7cbe5,"ILLICHIVSK,UKR",2363,46.32639707178624,30.66504193643244
40c7cbf7,"ILLICHIVSK,UKR",2363,46.33352841704362,30.653763889032856
40e3fd27,"TAGANROG,RUS",2365,47.20409889871106,38.95367600831416
40e6e4cd,"MARIUPOL,UKR",2370,47.05777501677673,37.518876697879335
40ec2e57,"KERCH,UKR",2375,44.9998059471199,36.53684254869037
40edccd9,"KERCH,UKR",2377,44.886881436921655,36.611282073916044
40edcc8f,"KAVKAZ,UKR",2377,44.86019280893852,36.609686015137186
40eebe3f,"KRYM,UKR",2382,45.37153867643571,36.65040214863588
40ee95e1,"KAVKAZ OIL TERMINAL,RUS",2382,45.34122002299737,36.6722179393263
40eea329,"KERCH,UKR",2383,45.30811201808629,36.50606050602139
40eea2d3,"KERCH,UKR",2383,45.305622803922454,36.52201037733613
40f21e55,"NOVOROSSIYSK,RUS",2387,44.573269051726484,37.902293034810086
40f1f79d,"NOVOROSSIYSK,RUS",2387,44.67367953332625,37.848177264331774
40f21e67,"NOVOROSSIYSK,RUS",2387,44.586750068820336,37.88224256626295
40f1f991,"NOVOROSSIYSK,RUS",2387,44.71215254276753,37.83168326898494
40f21e65,"NOVOROSSIYSK,RUS",2387,44.58839602900765,37.877157452400226
40f1f979,"NOVOROSSIYSK,RUS",2387,44.722712776360495,37.81655909981006
40f1f985,"NOVOROSSIYSK,RUS",2387,44.717565143585425,37.8316273476046
40f40751,"TUAPSE,RUS",2389,44.05214542913327,39.076121156002905
40f40741,"TUAPSE,RUS",2389,44.040719713985844,39.08024886230719
44341157,"MURMANSK,RUS",2397,69.06393662449277,33.09737517087134
44341185,"MURMANSK,RUS",2397,69.02085420901585,33.039760397142295
443411d1,"MURMANSK,RUS",2397,68.98372339804973,33.05826077496338
4434117d,"MURMANSK,RUS",2397,69.03788067831299,33.0419328919754
44341153,"MURMANSK,RUS",2397,69.0656187291458,33.11775734292803
443416e5,"SAFONOVO,RUS",2397,69.08003189778029,33.23996231831923
44341191,"MYS ABRAM,RUS",2397,69.0133082686138,33.037593121469484
45c8bb1d,"HAMMERFEST,NOR",2419,70.68434073885052,23.600199470587466
45db950b,"NARVIK,NOR",2446,68.43505294973917,17.35880145924069
45e07a77,"ROST,NOR",2481,67.50689069691154,12.072124504931526
461794d9,"FLORO,NOR",2547,61.61917501003177,5.074651013880692
463bb4f5,"RANDABERG,NOR",2565,59.02384625269785,5.616775624624877
463bb4f7,"RANDABERG,NOR",2565,59.02324227553363,5.620179896619862
463bb4e3,"RANDABERG,NOR",2565,59.01527270286851,5.637778337922397
463ba13b,"KOPERVIK,NOR",2568,59.284351878570746,5.314569709402156
463b9fc5,"HAUGESUND,NOR",2568,59.39591220037021,5.270735358676288
463be863,"JELSA NORWAY,NOR",2582,59.375770490959844,6.045368166450172
463bffad,"SAUDA,NOR",2583,59.64487327471246,6.358396880874781
463bff01,"SAUDA,NOR",2583,59.64472795914282,6.339006062237294
463c718d,"HUSNES,NOR",2588,59.872057029295256,5.759183128786176
463d39f5,"FEDJE,NOR",2606,60.781015247690476,4.723649262497688
46443c2d,"STROMSTAD,SWE",2625,58.939388706318134,11.169162345653469
46443c25,"STROMSTAD,SWE",2625,58.93007756354445,11.170881856556269
46457ea9,"RONNANG,SWE",2628,57.92410711538799,11.58762071583534
4645968f,"BROFJORDEN,SWE",2634,58.19460142304388,11.16717845260752
4645a499,"BROFJORDEN,SWE",2635,58.32936045610506,11.38942126269514
4646a535,"TONSBERG,NOR",2638,59.20065202783788,10.568037760308158
4646ebfd,"STAVERN,NOR",2647,58.99783971391269,10.04828750171946
4649f51f,"THYBORON,DNK",2661,56.6922537028781,8.2234222255437
464b272b,"ESBJERG,DNK",2666,55.46285919258915,8.443647201583243
464c4e1b,"AARHUS,DNK",2670,55.94883883558157,10.45462586462598
464c83a5,"VEJLE,DNK",2674,55.70504906688465,9.559754126323648
464cd56d,"FABORG,DNK",2683,55.092964569227824,10.2412377547812
464d0617,"KALUNDBORG,DNK",2689,55.66417464086862,10.735630361501544
464d063d,"KALUNDBORG,DNK",2689,55.66859305729905,10.737495620975674
464d5909,"STIGSNAESVAERKET,DNK",2698,55.198545327402215,11.257010075706077
464eb00d,"HADSUND,DNK",2706,56.70951052003476,10.105249587806847
464f3c79,"FREDERIKSHAVN,DNK",2714,57.4389388246632,10.54827638195612
464f3fcb,"SKAW,DNK",2715,57.51218249554111,10.681896872437378
464f3e3b,"SKAW,DNK",2715,57.494939910989125,10.682684363441373
464f43c7,"SKAW,DNK",2716,57.66697151201704,10.684586514198907
464f43b3,"SKAGEN,DNK",2716,57.676100337639994,10.704942307493958
464f4255,"SKAGEN,DNK",2716,57.687380717884906,10.718928043459108
464f43c1,"SKAGEN,DNK",2716,57.66754172928549,10.675812715582271
464f437b,"SKAGEN,DNK",2716,57.7024731929347,10.663236776850331
464f4309,"SKAGEN,DNK",2716,57.694595045437474,10.69543789238522
464f43d9,"SKAGEN,DNK",2716,57.65074930203428,10.67719120748417
464f43ef,"SKAGEN,DNK",2716,57.66374599839949,10.656605212064944
464f43e5,"SKAGEN,DNK",2716,57.65815117072938,10.65451309241991
464f4381,"SKAGEN,DNK",2716,57.69284687803888,10.651216651440485
464f4307,"SKAGEN,DNK",2716,57.69370361643434,10.704338571803925
464f4389,"SKAGEN,DNK",2716,57.681563839126476,10.646736997752075
464f43bd,"SKAGEN,DNK",2716,57.67862239621246,10.680138169873032
464f4371,"SKAGEN,DNK",2716,57.70096727576703,10.672444860572893
464f96df,"GOTHENBURG,SWE",2717,57.54332053497871,11.637334480501867
464f972d,"GOTHENBURG,SWE",2717,57.560459154298286,11.63091345298485
464f9727,"GOTHENBURG,SWE",2717,57.548257150151144,11.632832843595315
464f90d3,"GOTHENBURG,SWE",2717,57.56392229175641,11.631553055833272
464f9109,"GOTHENBURG,SWE",2717,57.600160417941986,11.682076359964356
464f9753,"GOTHENBURG,SWE",2717,57.56408856652265,11.584992684601714
4651cedd,"FALKENBERG,SWE",2725,56.89224069103543,12.489314785614532
46522f81,"VIKEN,SWE",2727,56.1419475238843,12.577926902384625
4652310d,"HELSINGOR,DNK",2728,56.04282383018784,12.620039467833037
465236d3,"HELSINGOR,DNK",2728,56.00746703753215,12.589141135447637
4652310f,"HELSINGOR,DNK",2728,56.04301993904047,12.615441837098421
4652357f,"BF,SWE",2730,55.90951446649586,12.672305736009044
4653a53b,"MALMOE,SWE",2756,55.686256644293366,12.942705634505854
46551b01,"RONNE,DNK",2767,55.09442840029136,14.690906819673803
4657da2b,"None,SWE",2780,56.77539566228081,16.479548308111806
4657faa5,"STORA JATTERSON,SWE",2785,57.10433221400013,16.562251603091262
4658b2ed,"OXELOSUND,SWE",2796,58.611850953689625,17.53237492528555
4658cb45,"OXELOSUND,SWE",2800,58.678585217718,17.16991368967475
465f597d,"None,SWE",2816,58.8353739704725,17.900549534341092
4675c0fb,"MO INLET,NOR",2869,66.30367069841522,14.099686811999492
4675c1b3,"MO INLET,NOR",2869,66.32587649921719,14.137547699725296
467ca4b3,"HUSUM,SWE",2872,63.32044879683685,19.154943012957794
467cbc77,"HUSUM,SWE",2873,63.31890372986748,19.29083945389472
467f9d85,"LULEA,SWE",2878,65.46320058719336,22.50178260472327
46874f17,"KOKKOLA,FIN",2882,63.86391763191678,23.028192499848185
46881899,"KASKINEN,FIN",2884,62.34703386114729,21.215152977062395
4689a36f,"MANTYLUOTO,FIN",2886,61.594171341598546,21.464251224911717
468ac469,"MARIEHAMN,FIN",2888,60.080495856859756,19.934338638898943
468bb36b,"UUSIKAUPUNKI,FIN",2900,60.68841014922792,20.98431532434954
468bb347,"UUSIKAUPUNKI,FIN",2900,60.69130356803368,20.96607549395614
468bc85f,"UUSIKAUPUNKI,FIN",2901,60.79476381747024,21.340126983064188
468c8e6d,"ATT USA,FIN",2903,60.030638404960605,22.282541611144474
468ce235,"HANKO,FIN",2905,59.80941278700799,22.91243533460782
46917335,"KOTKA,FIN",2918,60.45863410627535,26.952765579814468
469173a7,"KOTKA,FIN",2918,60.419527651845584,26.913669540623335
469111ff,"HAMINA,FIN",2919,60.51950128656167,27.166571223812284
4691800b,"KOTKA,FIN",2921,60.19529010460114,26.34973811686739
46922aa3,"KOTKA,FIN",2921,60.186893041741804,26.340369743646015
46928c17,"MUUGA,EST",2927,59.59642222438069,24.816528170791795
46928c5b,"MUUGA,EST",2927,59.577958579640274,24.843319883839055
46928c41,"MUUGA,EST",2927,59.58739373730308,24.829572653399843
469293ff,"TALLINN,EST",2928,59.46012710923495,24.65170557519729
46929157,"TALLINN,EST",2928,59.46357251131623,24.647884649012667
4692f281,"MUUGA-PORT OF TALLIN,EST",2931,59.4954568964939,24.95404767551477
4692f287,"MUUGA-PORT OF TALLIN,EST",2931,59.4975315393178,24.960308182217837
469639f5,"SPB,RUS",2941,59.88566880425246,30.16801891819047
469630bb,"ADMIRALTEISKY,RUS",2941,59.91029976817824,30.234561594760414
4696312b,"SANKT-PETERBURG,RUS",2941,59.94065409304258,30.257166272794183
469630cb,"SANKT-PETERBURG,RUS",2941,59.92593649878399,30.23336860763147
46963135,"SANKT-PETERBURG,RUS",2941,59.95592209112412,30.269616042470457
46963133,"SANKT-PETERBURG,RUS",2941,59.95496421051078,30.271103054271546
469658f3,"ST PETERSBURG,RUS",2943,60.03789010918746,29.414209818941845
4696f5fd,"ST PETERSBURG,RUS",2943,60.01614788793964,29.313966499906538
469658ed,"ST PETERSBURG,RUS",2943,60.03337254998528,29.41031955785278
469658bb,"ST PETERSBURG,RUS",2943,60.021318844600216,29.370732644851767
469658a9,"ST PETERSBURG,RUS",2943,60.0211004533452,29.344045287416506
469690cf,"UST LUGA,RUS",2944,59.91739480041097,28.622790275110393
4696972f,"UST LUGA,RUS",2944,59.92927422448219,28.602170417234507
46969735,"UST LUGA,RUS",2944,59.917193169593574,28.60037815734319
46969e7d,"VISTINO,RUS",2945,59.77789261562948,28.410808575015615
4696be81,"PRIMORSK,RUS",2946,60.029021838361516,28.44237354292683
4696be7d,"PRIMORSK,RUS",2946,60.030715450992545,28.45725329764993
46e32b65,"BALTIYSK,RUS",2952,54.638330650586006,19.893368593762183
46e32f99,"SVETLYY,RUS",2953,54.66230204661058,20.125243346635045
46e4d17f,"KLAIPEDA,LTU",2955,55.725859257115054,20.8587621686461
46e4d22d,"KLAIPEDA,LTU",2955,55.724388094988555,20.83923950721632
46e4d179,"KLAIPEDA,LTU",2955,55.72512888042048,20.864980797611775
46e4dbd5,"KLAIPEDA,LTU",2957,55.72621802494966,21.0932539314192
46eeea89,"RIGA,LVA",2964,57.14011927979254,23.86163014764992
46eec1b9,"RIGA,LVA",2964,57.11239854877357,23.908841365684463
46eeea77,"RIGA,LVA",2964,57.12201941121602,23.865476444212597
46eec1a3,"RIGA,LVA",2964,57.10425145003431,23.920973045454083
46f1b785,"VENTSPILS,LVA",2966,57.44496564550692,21.441420381659285
46f1c845,"VENTSPILS,LVA",2968,57.40656387674909,21.53450386286638
46f6fbcb,"STORUGNS,SWE",3001,57.84292833585519,18.799079038854654
46f6fa1f,"STORUGNS,SWE",3001,57.87106832939038,18.79171908837686
46faa167,"LIEPAJA,LVA",3007,56.52894793410612,20.84689919188892
46fcd47b,"KALININGRAD,RUS",3010,54.65889454190959,19.772936526932547
46fcd381,"KALININGRAD,RUS",3010,54.666061867005844,19.78611823370185
46fcd467,"KALININGRAD,RUS",3010,54.64848897532869,19.764845054477156
46fcd4f5,"KALININGRAD,RUS",3010,54.641176020254996,19.777156712285677
46fcd465,"KALININGRAD,RUS",3010,54.65388490998791,19.769417436165906
46fd042b,"HEL,POL",3011,54.60175239421142,18.801652656502345
46fda711,"GDYNIA,POL",3012,54.53286146846488,18.55358349700437
46fd09d9,"GDYNIA,POL",3012,54.52601088072314,18.60485193090329
46fd0921,"GDYNIA,POL",3012,54.52038494729086,18.708375116749814
46fda6df,"GDYNIA,POL",3012,54.529297887390975,18.527061339554933
46fda71b,"GDYNIA,POL",3012,54.5336462441638,18.546985750427893
46fda6e7,"GDYNIA,POL",3012,54.5344914159965,18.52235554041322
46fd09af,"GDYNIA,POL",3012,54.52291776488003,18.656380030896266
46fda70f,"GDYNIA,POL",3012,54.54029709224042,18.55958118583395
46fda6e1,"GDYNIA,POL",3012,54.53223696655579,18.528381289807367
46fd0905,"GDYNIA,POL",3012,54.52008536146807,18.681800282930904
46fd0b91,"GDANSK,POL",3014,54.45426848529042,18.669852288885863
46fd0d2b,"PORT POLNOCHNY,POL",3014,54.38760655672526,18.719009735496872
4764a047,"KOSTRENA,HRV",3036,45.311117706449004,14.477425039506613
4764a0b9,"RIJEKA LUKA,HRV",3036,45.30973574721421,14.416498776686458
477b6d6d,"TRIESTE,ITA",3042,45.66610568419373,13.678377438226729
477b6d95,"TRIESTE,ITA",3042,45.63868257606603,13.667426865931784
477ded27,"RAVENNA,ITA",3058,44.49710581830938,12.50127027563042
477dec3b,"RAVENNA,ITA",3058,44.5170847559666,12.443423415563386
477ea75d,"VENICE,ITA",3061,45.31280416560479,12.477121017098517
47aaf113,"SWINOUJSCIE,POL",3065,54.05183805800133,14.28512730604167
47aa5f1f,"SWINOUJSCIE,POL",3065,53.89198435695711,14.272853378816764
47aa749f,"POLICE,POL",3067,53.56352640330329,14.590204942451237
47ab38f7,"SASSNITZ,DEU",3074,54.49163565042457,13.67643254790964
47ab6fd1,"STALBRODE,DEU",3082,54.233837595206026,13.289611186036787
47acf8a3,"WARNEMUNDE,DEU",3083,54.184477642327536,12.087857623294466
47acfe57,"ROSTOCK,DEU",3090,54.237345767862166,12.013426003137555
47acff95,"ROSTOCK,DEU",3090,54.2085788671726,11.975934815682756
47b17cdb,"BUTZFLETH,DEU",3109,53.65324452678644,9.510976240468445
47b17811,"JORK,DEU",3110,53.5350262424798,9.675291389658152
47b1859f,"HAMBURG,DEU",3111,53.54374031220534,9.913616872045171
47b184fb,"HAMBBURG,DEU",3111,53.54030963353906,9.867039407402158
47b2f8f1,"HEIKENDORF,DEU",3112,54.386111334238144,10.177263151217536
47b2c58d,"MARSTAL,DNK",3117,54.84904161415842,10.524436495756467
47b2e555,"HAMBURG,DEU",3124,54.52486377340688,10.301841024314518
47b2e55d,"HAMBURG VIA KIEL,DEU",3124,54.54179664554176,10.29913031635453
47b342bf,"FLENSBURG,DEU",3133,54.790804674256606,9.43480861294115
47b3df4b,"DROCHTERSEN,DEU",3137,53.73537984784121,9.403149795034587
47b3deb7,"GLUCKSTADT,DEU",3138,53.78497590144842,9.41143538887454
47b3d94d,"GLUCKSTADT,DEU",3138,53.785614822374555,9.423847427541801
47b3dc41,"BORSFLETH,DEU",3139,53.826941405138996,9.403280421972374
47b3e5b9,"BRUNSBUTTEL ELBAHAFEN,DEU",3141,53.876348020625656,9.17844800832481
47b3e5c5,"BRUNSBUTTEL ELBAHAFEN,DEU",3141,53.87637970346926,9.191754031484669
47b3e507,"BRUNSBUTTEL ELBAHAFEN,DEU",3141,53.87579819713209,9.147434198064788
47b3e51b,"BRUNSBUTTEL ELBAHAFEN,DEU",3141,53.87569605013924,9.134486807358327
47b3e56d,"BRUNSBUTTEL CANAL TERMINALS,DEU",3141,53.89232715025777,9.14121822698082
47b3e583,"BRUNSBUTTEL CANAL TERMINALS,DEU",3141,53.901485686352956,9.161388234806552
47b3e541,"BRUNSBUTTEL CANAL TERMINALS,DEU",3141,53.893855759264554,9.125795344530447
47b3fed9,"OTTERNDORF,DEU",3144,53.82611079376392,8.895187775629696
47b40415,"CUXHAVEN,DEU",3145,53.87484803437846,8.706195920239793
47b40137,"CUXHAVEN,DEU",3145,53.84554887397921,8.756210601639866
47b40417,"CUXHAVEN,DEU",3145,53.872653710213676,8.710859969377745
47b40407,"CUXHAVEN,DEU",3145,53.8597568030411,8.715061793909973
47b40401,"CUXHAVEN,DEU",3145,53.85658840387745,8.72075453085959
47b406a1,"CUXHAVEN,DEU",3145,53.8739689128036,8.734799506801746
47b4046b,"CUXHAVEN,DEU",3145,53.8763769547362,8.699948417552303
47b406ab,"CUXHAVEN,DEU",3145,53.85947761480264,8.729251786575624
47b4014b,"CUXHAVEN,DEU",3145,53.84901013713563,8.748554544928874
47b43a67,"STADE,DEU",3146,54.031606793333005,8.210109856859097
47b430f7,"STADE,DEU",3146,54.031713465185156,8.143777826573897
47b430f9,"HAMBURG,DEU",3146,54.032156576975126,8.136742526381973
47b43115,"HAMBURG,DEU",3146,54.04884351407461,8.104838086590334
47b43105,"HAMBURG,DEU",3146,54.038336299808954,8.11764016724964
47b43083,"HAMBURG,DEU",3146,54.033456095595646,8.18144437619977
47b5b5f7,"HELGOLAND,DEU",3151,54.17730209564253,7.891635347234101
47b5c2cf,"BREMERHAVEN,DEU",3152,54.03358616440553,7.516763358679327
47b5e9c7,"WILHELMSHAVEN,DEU",3152,54.08510282455499,7.464747792589035
47b5e7d9,"G BIGHT D W ANCHOR,DEU",3152,54.02756345070294,7.433594714198386
47b5cf0d,"HAMBURG,DEU",3153,54.06226682879309,7.752682086194643
47b5ceed,"HAMBURG,DEU",3153,54.06387296890054,7.805341031573287
47b5d36f,"BREMERHAVEN,DEU",3154,53.92721111814447,7.875642517583999
47b5d6b9,"BREMERHAVEN,DEU",3154,53.9074569613919,7.769293759150779
47b5d4f5,"BREMERHAVEN,DEU",3154,53.89193817452922,7.851315794979894
47b5d41f,"BREMERHAVEN,DEU",3154,53.90069424032734,7.795291175510908
47b5d6bd,"BREMERHAVEN,DEU",3154,53.90288479670008,7.773941125642345
47b5d6a3,"BREMERHAVEN,DEU",3154,53.90198516526518,7.7807238187927945
47b5d5a7,"BREMERHAVEN,DEU",3154,53.85889261342024,7.835637268139294
47b5d45f,"BREMERHAVEN,DEU",3154,53.89219093598741,7.844819931952226
47b5d371,"BREMERHAVEN,DEU",3154,53.92702143078808,7.869939565220002
47b5d4eb,"BREMERHAVEN,DEU",3154,53.889657196437796,7.872519145651036
47b5d6b3,"BREMERHAVEN,DEU",3154,53.91621896495492,7.777875895562003
47b5d45d,"BREMERHAVEN,DEU",3154,53.892913786374514,7.8377135118574195
47b5d515,"BREMERHAVEN,DEU",3154,53.85156072408375,7.861693587023162
47b5d6a1,"BREMERHAVEN,DEU",3154,53.90143934647503,7.788323312593444
47b5d155,"BREMERHAVEN,DEU",3154,53.920907532525284,7.794588057185174
47b5d38d,"BREMERHAVEN,DEU",3154,53.923940059531205,7.8316326762142285
47b5d4f3,"BREMERHAVEN,DEU",3154,53.890946900965716,7.859535287278148
47b5d6b5,"BREMERHAVEN,DEU",3154,53.91652607759808,7.771404099933001
47b5d443,"BREMERHAVEN,DEU",3154,53.893398024194,7.829747397952412
47b5d6b7,"BREMERHAVEN,DEU",3154,53.91324511694842,7.770942553215428
47b5d3ff,"BREMERHAVEN,DEU",3154,53.92034297044616,7.801933754678298
47b62f1d,"DELFZIJL,NLD",3159,53.31670004690996,6.981058737589722
47b630b1,"EMDEN,DEU",3160,53.33451627828378,7.162278338384247
47b6375d,"EMDEN,DEU",3160,53.33844129984938,7.199818881341676
47b69419,"WILHELMSHAVEN,DEU",3168,53.53711728891936,8.181727734447703
47b6b051,"BREMERHAVEN,DEU",3169,53.56733370863156,8.561489843960377
47b6b0d7,"BREMERHAVEN,DEU",3169,53.524960427556294,8.555609350659598
47b6bab3,"BREMERHAVEN,DEU",3169,53.60349658969,8.508589675083725
47c4a9c1,"ZEEBRUGGE,BEL",3171,51.32256102785402,3.2018800060214185
47c4a971,"ZEEBRUGGE,BEL",3171,51.35303922472882,3.1926626816023638
47c4a9c7,"ZEEBRUGGE,BEL",3171,51.32230954787728,3.2109909366963816
47c4a97d,"ZEEBRUGGE,BEL",3171,51.355602574540626,3.181062289028464
47c4a9a7,"ZEEBRUGGE,BEL",3171,51.34164841636867,3.2132426767665168
47c4ed55,"ROOMPOT,NLD",3172,51.627907747498774,3.7107790410113766
47c484fd,"BORSSELE,NLD",3172,51.41187827459307,3.72829517531007
47c48039,"SLUISKIL,NLD",3172,51.30178397014518,3.838970435758332
47c37fdb,"SLUISKIL,NLD",3172,51.27551994853772,3.8378644202458125
47c4815d,"TERNEUZEN,NLD",3172,51.35061916828612,3.7879249830084487
47c481a9,"TERNEUZEN,NLD",3172,51.32587077732243,3.818316624597824
47c4811b,"TERNEUZEN,NLD",3172,51.33915144772161,3.8185550216488116
47c481ad,"TERNEUZEN,NLD",3172,51.31903998361547,3.822711437494529
47c48ffd,"NIEUW- EN SINT JOOSLAND,NLD",3172,51.4647343608432,3.697516274908995
47c4753b,"ANTWERP,BEL",3173,51.29738375058795,4.263191264364103
47c47531,"ANTWERP,BEL",3173,51.29857213653873,4.26711284097435
47c40b51,"ANTWERP,BEL",3173,51.343344941605814,4.292265106702234
47c4752f,"ANTWERP,BEL",3173,51.30194928558065,4.267778759280932
47c4749f,"ANTWERP,NLD",3173,51.35221807255395,4.257441579840433
47c474a1,"ANTWERP,NLD",3173,51.35093506714404,4.262640521799858
47c40b3f,"ANTWERPEN,BEL",3173,51.32731627191099,4.302084101192281
47c40b53,"ANTWERPEN,BEL",3173,51.34512320154005,4.288098238704915
47c40caf,"ANTWERPEN,BEL",3173,51.36005526564615,4.293846773632804
47c40b57,"ANTWERPEN,BEL",3173,51.349600727929705,4.2923612736979955
47c40b4f,"ANTWERPEN,BEL",3173,51.33976541579668,4.294263913487913
47c40b15,"ANTWERPEN,BEL",3173,51.328247582239314,4.309493884943812
47c474ad,"ZANDVLIET,BEL",3173,51.345731164457355,4.279880384949816
47c474a5,"HARBOUR TUG,NLD",3173,51.3460230372321,4.270278442767876
47c40ad1,"ANTW VLI HARBOURS,NLD",3173,51.30173748711704,4.287360265668342
47c474a9,"ANTWERP TOWAGE TUG,BEL",3173,51.348621946593966,4.272992131555013
47c47485,"ZANDZUIGER WESTERSCH,NLD",3173,51.34727251200359,4.244728857611869
47c4247b,"MOERDIJK,NLD",3175,51.68791039052756,4.603315503521177
47c45729,"STELLENDAM,NLD",3179,51.82141793920917,4.04048530924594
47c4572f,"STELLENDAM,NLD",3179,51.819676119457974,4.041797182077092
47c5acdd,"EUROPOORT,NLD",3180,51.96646669402376,4.111318013768228
47c45359,"EUROPOORT,NLD",3180,51.93768138240362,4.06725786605555
47c5acd1,"EUROPOORT,NLD",3180,51.958900083094434,4.1120878012457105
47c5acb9,"EUROPOORT,NLD",3180,51.96387080435437,4.094825704107535
47c5acd5,"EUROPOORT,NLD",3180,51.95393588211089,4.119799975921959
47c5ad27,"EUROPOORT,NLD",3180,51.96168739008639,4.123318935703869
47c5aae7,"MAASSLUIS,NLD",3180,51.975370031381694,4.008349738806855
47c44c51,"MAASSLUIS,NLD",3180,51.897788736994094,4.223010382791876
47c44b8f,"MAASSLUIS,NLD",3180,51.888515116876356,4.275022535717616
47c44c5b,"MAASSLUIS,NLD",3180,51.89393839461471,4.230876644583405
47c44b85,"MAASSLUIS,NLD",3180,51.8933161434264,4.274307177999851
47c44d23,"MAASSLUIS,NLD",3180,51.926274431226176,4.2088640682591905
47c5aad5,"ROTTERDAM,NLD",3180,51.95770579762815,4.012330809636868
47c5ab17,"ROTTERDAM,NLD",3180,51.97409808372993,4.035871374744204
47c454b7,"ROTTERDAM,NLD",3180,51.94515931780203,4.044649199417898
47c5ab2f,"ROTTERDAM,NLD",3180,51.9621306837177,4.029471611812344
47c5ab3d,"ROTTERDAM,NLD",3180,51.970956649950054,4.037007391035792
47c5aaaf,"ROTTERDAM,NLD",3180,51.96116950447405,3.9767915936179086
47c5ab1f,"ROTTERDAM,NLD",3180,51.977011921409094,4.023603465368975
47c5ab39,"ROTTERDAM,NLD",3180,51.96731575512914,4.04160689546739
47c454c7,"ROTTERDAM,NLD",3180,51.9383080007381,4.034929786601764
47c5ab49,"ROTTERDAM,NLD",3180,51.960111863751514,4.0468880799105
47c5ab37,"ROTTERDAM,NLD",3180,51.960422496986034,4.041386462158387
47c5aaed,"ROTTERDAM,NLD",3180,51.98131250530181,3.9993886697189738
47c44c13,"ROZENBURG,NLD",3180,51.87922552410212,4.248380923863552
47c44bcd,"SPIJKENISSE,NLD",3180,51.87224684834921,4.311244953668154
47c44bb1,"VLAARDINGEN,NLD",3180,51.88658538730049,4.3071126832613205
47c44bb7,"VLAARDINGEN,NLD",3180,51.88217023298811,4.306111100744807
47c5ab41,"HARBOUR TOWAGE,NLD",3180,51.97168940887108,4.046514503887163
47c452a5,"HOEK VAN HOLLAND,NLD",3180,51.93255976233803,4.1564717632719255
47c5ad39,"HOEK VAN HOLLAND,NLD",3180,51.96069330935207,4.141345598846801
47c452d3,"HOEK VAN HOLLAND,NLD",3180,51.94693499341589,4.1284348601231295
47c5ad35,"HOEK VAN HOLLAND,NLD",3180,51.951559851527676,4.143993789810609
47c5ad3b,"HOEK VAN HOLLAND,NLD",3180,51.9617740695636,4.1391643329719425
47c5ad4d,"HOEK VAN HOLLAND,NLD",3180,51.953350148451875,4.154927357768326
47c5ad2d,"HOEK VAN HOLLAND,NLD",3180,51.95168860263967,4.128008349488363
47c465b3,"YERSEKE,NLD",3183,51.499455026501415,4.054746167083248
47c47b4d,"HANSWEERT,NLD",3184,51.44405995963999,4.011885433823523
47c464a3,"HANSWEERT,NLD",3184,51.46454154652446,4.005380667402129
47c464b5,"HANSWEERT,NLD",3184,51.44752667062931,4.014549986569948
47c46d89,"ANTWERPEN,NLD",3187,51.43936574630168,4.232591879786082
47c47279,"ANTWERPEN,NLD",3187,51.436158812705685,4.23490560529899
47c47bb5,"WALSOORDEN,NLD",3188,51.38334743403443,4.033184534917229
47c47bcb,"WALSOORDEN,NLD",3188,51.38143971976173,4.034178658699935
47c49979,"BRESKENS,NLD",3190,51.41478673131758,3.577526036499284
47c499ed,"VLISSINGEN,NLD",3190,51.44102587848603,3.5763552834804306
47c49993,"VLISSINGEN,NLD",3190,51.438885049299415,3.5757670944578384
47c4db3d,"ANTWERP,NLD",3194,51.82153234628463,3.400719397713074
47c4c581,"ANTWERP,NLD",3194,51.760347553526564,3.330264592307078
47c4dab1,"ANTWERP,NLD",3194,51.81223738421565,3.3498520434120915
47c4cfb1,"ANTWERP,NLD",3194,51.776911578193726,3.288591148469897
47c4cf13,"ANTWERP,NLD",3194,51.751455816208,3.2991522460548417
47c4cfc1,"ANTWERP,NLD",3194,51.786929129676864,3.3024050447295847
47c4deb5,"ROTTERDAM,NLD",3194,51.90384129759168,3.450146185448586
47c4d967,"ROTTERDAM,NLD",3194,51.89518488459936,3.4175595996705765
47c4de33,"ROTTERDAM,NLD",3194,51.92239768662165,3.5352049615678167
47c4e063,"ROTTERDAM,NLD",3194,51.926557509038766,3.5678645633179453
47c4deef,"ROTTERDAM,NLD",3194,51.91306666223619,3.482983067472394
47c4def1,"ROTTERDAM,NLD",3194,51.914058731917024,3.489413445624362
47c4de51,"ROTTERDAM,NLD",3194,51.91772348789505,3.509558721735434
47c4fd81,"ROTTERDAM,NLD",3196,51.95742747842578,3.813435346629558
47c4e2af,"ROTTERDAM,NLD",3196,51.95329847238039,3.7496844992343075
47c4fd45,"ROTTERDAM,NLD",3196,51.94868447300651,3.77454693411818
47c4fd5d,"ROTTERDAM,NLD",3196,51.95287990842122,3.7821626742330463
47c4e263,"ROTTERDAM,NLD",3196,51.94993705125461,3.7053773933162586
47c51821,"ROTTERDAM,NLD",3197,52.134204907041216,3.607851059706516
47c50555,"ROTTERDAM,NLD",3197,52.127910860364295,3.7864403223042196
47c53d09,"ROTTERDAM,NLD",3197,52.17853676719904,3.548383997796645
47c5176d,"ROTTERDAM,NLD",3197,52.152927145094864,3.6485575123449148
47c51101,"ROTTERDAM,NLD",3197,52.17701985909156,3.735070872854545
47c50f69,"ROTTERDAM,NLD",3197,52.14148493028988,3.858625269842203
47c56f39,"IJMUIDEN,NLD",3198,52.449618261271446,3.7400190850050428
47c570d5,"AMSTERDAM,NLD",3199,52.42561987951952,3.926494105207443
47c5712b,"AMSTERDAM,NLD",3199,52.42205993703366,3.924751889309258
47c584a9,"AMSTERDAM,NLD",3199,52.46703744392997,4.147475971009719
47c577eb,"AMSTERDAM,NLD",3199,52.44475284702043,4.013328531828555
47c58f6d,"AMSTERDAM,NLD",3200,52.51080197550933,4.278733566455354
47c585d1,"AMSTERDAM,NLD",3200,52.53465047072117,4.2174398332912375
47c58f15,"AMSTERDAM,NLD",3200,52.516935775522214,4.286646031110472
47c58e83,"AMSTERDAM,NLD",3200,52.50238155743297,4.35666774116087
47c58ef3,"AMSTERDAM,NLD",3200,52.50402767685936,4.331370835145946
47c58595,"AMSTERDAM,NLD",3200,52.51734346058276,4.234377709046234
47c585c5,"AMSTERDAM,NLD",3200,52.52888542666596,4.22266709099508
47c58f59,"AMSTERDAM,NLD",3200,52.52765848390207,4.262389479173892
47c58f1b,"AMSTERDAM,NLD",3200,52.509392671467545,4.299425298872511
47c58f11,"AMSTERDAM,NLD",3200,52.510351825593986,4.2926283724619925
47c58e8f,"AMSTERDAM,NLD",3200,52.503111435956114,4.344435137840158
47c5bca1,"SCHEVENINGEN,NLD",3201,52.20362800550418,4.2321924221996685
47c5bcab,"SCHEVENINGEN,NLD",3201,52.20385052749176,4.212361219379163
47c5b08f,"SCHEVENINGEN,NLD",3202,52.10187187490622,4.2565735772562014
47c5b091,"SCHEVENINGEN,NLD",3202,52.09942834532486,4.26366504067598
47c5b095,"SCHEVENINGEN,NLD",3202,52.09691024463911,4.2671418874749945
47c5f1f5,"IJMUIDEN,NLD",3206,52.46085648336798,4.569277053609247
47c5f1ed,"IJMUIDEN,NLD",3206,52.46163822315834,4.582571175650553
47c5f219,"IJMUIDEN,NLD",3206,52.46105846962221,4.558216955937855
47c5f1b7,"IJMUIDEN,NLD",3206,52.466393386661885,4.610613483699664
47c5f18d,"IJMUIDEN,NLD",3206,52.468377434631904,4.579219885993228
47c60493,"VOLENDAM,NLD",3207,52.4886874959246,5.065045224601027
47c60907,"AMSTERDAM,NLD",3209,52.37798839837429,4.926066875171795
47c60929,"AMSTERDAM,NLD",3209,52.38099218636724,4.965576469145868
47c60903,"AMSTERDAM,NLD",3209,52.38300621109088,4.93261756298911
47c609b3,"AMSTERDAM,NLD",3209,52.38269340278112,4.906286062064054
47c6091d,"AMSTERDAM,NLD",3209,52.38262031580959,4.942679654359875
47c609b7,"AMSTERDAM,NLD",3209,52.37875381328986,4.898809408623994
47c60925,"AMSTERDAM,NLD",3209,52.37886028693324,4.96064388703166
47c61179,"MUIDERBERG,NLD",3209,52.34140435171341,5.132781178723153
47c8a3ad,"ENKHUIZEN,NLD",3223,52.70466102735566,5.300944909214446
47c8dddb,"HARLINGEN,NLD",3233,53.173947178975205,5.413427028369485
47c8ddd1,"HARLINGEN,NLD",3233,53.17397699538807,5.410085345591261
47c9965d,"EMDEN,NLD",3240,53.6068298589929,6.2964834824975515
47c99653,"EMDEN,NLD",3240,53.60752504647231,6.276119663880689
47c9dd61,"BORKUM,DEU",3244,53.546519224528126,6.687378053269258
47c9dd7b,"DELFZIJL,DEU",3244,53.540990433491395,6.700186346612153
47d66aab,"IMMINGHAM,GBR",3248,53.738860514527126,0.41173022320558655
47d62f39,"TETNEY,GBR",3249,53.53959843192348,0.11549852709244435
47d628b1,"IMMINGHAM,GBR",3249,53.549797595257154,0.0914896890044292
47d647f3,"IMMINGHAM,GBR",3250,53.58345021281156,0.41778712515560545
47d638bf,"IMMINGHAM,GBR",3250,53.62940601053383,0.38433539237328296
47d638f9,"IMMINGHAM,GBR",3250,53.61064770499535,0.36629662239917193
47d647cf,"IMMINGHAM,GBR",3250,53.57653569361031,0.44848022429857487
47d638fb,"IMMINGHAM,GBR",3250,53.612769961200044,0.36633941466564907
47d78b35,"KING'S LYNN,GBR",3252,52.76188520260683,0.3960692949152257
47d7ec9b,"KINGS LYNN,GBR",3253,52.951594767884195,0.3620343250575397
47d8d60f,"SHEERNESS,GBR",3259,51.43795740656628,0.7394853877785361
47d92119,"BURNHAM-ON-CROUCH,GBR",3264,51.62182405392871,0.8168803289726814
47d93073,"ERITH,GBR",3267,51.50450713405469,0.9732854832319184
47d9300f,"ERITH,GBR",3267,51.504934433848476,0.9636424871690564
47d93079,"SITTINGBOURNE,GBR",3267,51.50950032554581,0.9856503189390488
47d93a7f,"SITTINGBOURNE,GBR",3267,51.513994348816986,0.9978582961335615
47d95429,"THAMES,GBR",3269,51.41936289705571,1.462287494976209
47d9569d,"THAMES,GBR",3269,51.423925094527384,1.4561942856971524
47d9577f,"TONGUE,GBR",3270,51.50316761122064,1.4726787585058734
47d957f5,"TONGUE,GBR",3270,51.503024265895334,1.502455667549934
47dbfd55,"TILBURY,GBR",3270,51.503087947941296,1.5269357685602396
47dbe2ab,"TONGUE ANCHORAGE,GBR",3270,51.506980983707486,1.5274703763300672
47d962e1,"THAMES,GBR",3271,51.81911736488062,1.4958784518401047
47d96327,"THAMES,GBR",3271,51.82992813240702,1.4907827150174577
47d9773b,"FELIXSTOWE,GBR",3273,51.94179783559074,1.3192436475941574
47d97947,"IPSWICH,GBR",3275,51.94741276658127,1.4353304179523236
47d97e45,"IPSWICH,GBR",3276,51.956853881750575,1.5164198729148946
47d97e47,"FELIXSTOWE,GBR",3276,51.95727828395369,1.5218007730878405
47d980b1,"ORFORD,GBR",3277,52.088368182680775,1.5392016033892453
47db268f,"ROTTERDAM,NLD",3283,51.914905067305,2.8818864699281286
47db268b,"ROTTERDAM,NLD",3283,51.919584044334684,2.8876903997449466
47db63f9,"ANTWERP,BEL",3284,51.400769505182694,2.5814861150167516
47db66b3,"ANTWERP,BEL",3284,51.40457761985979,2.6065764864258503
47db6153,"ANTWERP,BEL",3284,51.40088834405436,2.599933360234875
47db6135,"ANTWERP,BEL",3284,51.40082823956648,2.617708710074866
47db6429,"ANTWERP,BEL",3284,51.436009447352966,2.5912354980001413
47db640d,"ANTWERP,BEL",3284,51.41069474081744,2.570547514016569
47db6155,"ANTWERP,BEL",3284,51.400738886939855,2.593430888695266
47db672b,"ANTWERP,BEL",3284,51.404480120398986,2.643035618389568
47db614d,"ANTWERP,BEL",3284,51.40041085266225,2.6062205956071987
47db674f,"ANTWERP,BEL",3284,51.40869713915949,2.6735455350601316
47db6767,"ANTWERP,BEL",3284,51.424461503835765,2.682344822026213
47db63f7,"ANTWERP,BEL",3284,51.40101845714435,2.5758098821173294
47db6413,"ANTWERP,BEL",3284,51.4153197691259,2.5713165976230203
47db6735,"ANTWERP,BEL",3284,51.40439441427959,2.661641269036507
47db6415,"ANTWERP,BEL",3284,51.42124179233319,2.5722382867745277
47db66ab,"ANTWERP,BEL",3284,51.40455981535135,2.594154747462611
47db63ff,"ANTWERP,BEL",3284,51.40086069909758,2.5877645825169577
47db6733,"ANTWERP,BEL",3284,51.404600232230074,2.6559543616111863
47db672d,"ANTWERP,BEL",3284,51.40455769068734,2.6491667318715204
47db614b,"ANTWERP,BEL",3284,51.40025814488433,2.6120061678906925
47db6389,"ANTWERP,BEL",3284,51.40080263866807,2.5579498466012596
47db6133,"ANTWERP,BEL",3284,51.40070397398159,2.6238415311192296
47db66cb,"ANTWERP,BEL",3284,51.40440432754337,2.618683266488835
47db6215,"ANTWERP,BEL",3285,51.33733646065263,2.5630999209076295
47db6269,"ANTWERP,BEL",3285,51.337695591413826,2.551299121954459
47db6267,"ANTWERP,BEL",3285,51.33760877178615,2.545221220488542
47db6219,"ANTWERP,BEL",3285,51.33692629112021,2.5757052308172987
47db621f,"ANTWERP,BEL",3285,51.33708166267855,2.5820931262323477
47db628d,"ANTWERP,BEL",3285,51.3374837597516,2.5275468568863664
47db628b,"ANTWERP,BEL",3285,51.33763562168107,2.5329657124539064
47db6193,"ANTWERP,BEL",3285,51.339717492974806,2.6011051301195867
47db6195,"ANTWERP,BEL",3285,51.339946802060354,2.6065907982484946
47dbd11d,"THAMES,GBR",3286,51.88648943837477,1.6767622266527098
47dbd107,"FELIXSTOWE,GBR",3286,51.89006452947855,1.689454126156221
47dbd199,"FELIXSTOWE,GBR",3286,51.90628436197965,1.7029153068177694
47dbd13b,"FELIXSTOWE,GBR",3286,51.89590501419165,1.6599172485839762
47dbd227,"FELIXSTOWE,GBR",3286,51.927538721550206,1.7106055186502513
47dbd23b,"FELIXSTOWE,GBR",3286,51.93758682448776,1.7111326933333377
47dbd127,"FELIXSTOWE,GBR",3286,51.88659540669015,1.6598092850894477
47dbd1a1,"FELIXSTOWE,GBR",3286,51.90154528738993,1.6963072892072435
47dc1421,"DUNKIRK,FRA",3287,51.05853747477729,1.7896568679933258
47dc1439,"DUNKIRK,FRA",3287,51.052972644428976,1.8081077919911461
47dc141d,"DUNKIRK,FRA",3287,51.068514169742166,1.7910580868540191
47dc1481,"DUNKERQUE,FRA",3287,51.07811468325329,1.839316353649782
47dc140f,"DUNKERQUE,FRA",3287,51.07384949117611,1.8032229957981458
47dc6127,"DUINKERKE,FRA",3292,51.03768551190058,2.185977369916813
47dc60c9,"LOON-PLAGE,FRA",3292,51.0142500800457,2.1795281840451657
47dea4c7,"DOVER HARBOR,GBR",3296,51.111790984945785,1.3270035587967535
47dea4e7,"DOVER HARBOR,GBR",3296,51.12370465119082,1.3426650080841485
47e02e03,"LE HAVRE,FRA",3303,49.45578342739499,0.17253021523623027
47e02e6f,"PORT OF LE HAVRE,FRA",3303,49.46038801711985,0.14458784568339933
47e02e25,"PORT OF LE HAVRE,FRA",3303,49.47570626061076,0.16643543325177948
47e033c7,"HONFLEUR,FRA",3304,49.42662050564769,0.23274890968180412
47e033ed,"HONFLEUR,FRA",3304,49.428423833157346,0.24725929431557186
480155b1,"LA PALLICE,FRA",3308,46.15292273249243,-1.2289426098489282
48015589,"LA PALLICE,FRA",3308,46.15223511793406,-1.259642215135609
48015451,"LA PALLICE,FRA",3308,46.15839237582054,-1.214707146071042
480155af,"LA PALLICE,FRA",3308,46.158234746205444,-1.2286281914506902
4803fd3f,"LA PALLICE,FRA",3309,46.065938774931524,-1.2807757153352948
480157c7,"LA PALLICE,FRA",3309,46.07507061040244,-1.2412762804700688
4803fd3d,"LA PALLICE,FRA",3309,46.06611560111367,-1.2848931372378347
4803fd0d,"LA PALLICE,FRA",3309,46.079635803958816,-1.2815751351230393
48019d1b,"LE VERDON,FRA",3312,45.56442598385304,-1.0534454557195145
48019c61,"LE VERDON,FRA",3312,45.537193350383404,-1.0391106255631328
4801d239,"BLAYE,FRA",3314,45.12226236688139,-0.665255139688721
48053887,"DONGES,FRA",3323,47.10281859248379,-2.435358155205722
48054767,"DONGES,FRA",3323,47.11904401120818,-2.420658956088385
480540b3,"DONGES,FRA",3323,47.1233636040728,-2.3944981465087993
480540cb,"DONGES,FRA",3323,47.133635215340156,-2.395241047191843
4805387f,"DONGES,FRA",3323,47.10785802761389,-2.44048645333602
4805659f,"ST NAZAIRE,FRA",3327,47.28777313223922,-2.1985060523824447
48056581,"ST NAZAIRE,FRA",3327,47.273912103926385,-2.2001026952566582
48056f7d,"ST NAZAIRE,FRA",3327,47.26789221194656,-2.2016672057481257
480a6409,"OUISTREHAM,FRA",3328,49.28107297429093,-0.24843807348928368
480a825f,"LE HAVRE,FRA",3331,49.485351830458114,-0.02540136595590256
480a82fd,"LE HAVRE,FRA",3331,49.49311431505129,-0.04155406248697612
480a8255,"LE HAVRE,FRA",3331,49.48532932504376,-0.040751002200065244
480a8259,"LE HAVRE,FRA",3331,49.485497592841945,-0.030088686445970774
480a82f5,"LE HAVRE,FRA",3331,49.48887479197728,-0.02450612151297806
480a836d,"LE HAVRE,FRA",3331,49.498687227873404,-0.06805589270270541
480a8365,"LE HAVRE,FRA",3331,49.49942775246621,-0.07860769919681308
480a8303,"LE HAVRE,FRA",3331,49.49360002049044,-0.04645839497433715
480a847b,"PORT JEROME,FRA",3331,49.478207755499795,-0.09602908252027637
480a8577,"PORT JEROME,FRA",3331,49.489119288928144,-0.16049364016821896
480a8457,"PORT JEROME,FRA",3331,49.48326412338062,-0.12317498374879679
480a90d5,"LE HAVRE,FRA",3332,49.60677816167985,-0.21713761483814728
480a9119,"LE HAVRE,FRA",3332,49.5855843526689,-0.2277167146488303
480a96d5,"LE HAVRE,FRA",3332,49.6120082934539,-0.2227338572905949
480a9729,"LE HAVRE,FRA",3332,49.617244619478804,-0.21698046013780478
480a90e1,"LE HAVRE,FRA",3332,49.58657701910119,-0.21751386143139653
480a9bad,"LE HAVRE,FRA",3333,49.57609925890436,-0.1280032056309074
480a9ae5,"LE HAVRE,FRA",3333,49.55582167025239,-0.13954255354157513
480a9b1d,"LE HAVRE,FRA",3333,49.55565253387166,-0.12827025381862667
480a9a89,"LE HAVRE,FRA",3333,49.56606583768282,-0.16134764591133335
480a9a93,"LE HAVRE,FRA",3333,49.55635299390343,-0.15566995782065568
480a9a8f,"LE HAVRE,FRA",3333,49.56126262426773,-0.1616675358218937
480a9b1b,"LE HAVRE,FRA",3333,49.55579063275144,-0.12327655290580097
480a9aed,"LE HAVRE,FRA",3333,49.55630371959068,-0.15072401681283126
480a9af7,"LE HAVRE,FRA",3333,49.56631544798747,-0.14512739268485314
480a9a63,"LE HAVRE,FRA",3333,49.57140473895785,-0.16137096672180234
480a9aef,"LE HAVRE,FRA",3333,49.55607058478034,-0.14529757241338348
480a9baf,"LE HAVRE,FRA",3333,49.57605366994623,-0.12386389643054199
480a9a67,"LE HAVRE,FRA",3333,49.5762674223569,-0.15644171152705708
480a9af5,"LE HAVRE,FRA",3333,49.566283223431135,-0.15110731503428612
480a9a8b,"LE HAVRE,FRA",3333,49.56632132838152,-0.15648684638025642
48105e45,"LORIENT,FRA",3357,47.743817641691074,-3.3566155406466995
48121a6d,"PLOUBAZLANEC,FRA",3365,48.82547103475159,-3.0625575750401826
4816bec1,"RADE DE BREST,FRA",3379,48.36727537645187,-4.518557766630331
4816beb7,"RADE DE BREST,FRA",3379,48.37461047727255,-4.506866245236042
4816beb9,"RADE DE BREST,FRA",3379,48.37100742638084,-4.512536033621301
48429559,"DUNMORE EAST,IRL",3394,52.153593483423265,-6.963279709516991
4844809d,"WHITEGATE,IRL",3399,51.73445008449447,-8.2584210928854
484574c1,"BANTRY BAY,IRL",3402,51.696651083026616,-9.537510661593023
486009c9,"MUFF,IRL",3421,55.04730301381859,-7.248130273065658
48601b8b,"MOVILLE,IRL",3422,55.20086216874118,-6.987303810670968
486109fb,"BELFAST,GBR",3427,54.63311414969315,-5.882935195942544
48670691,"DALKEY,IRL",3449,53.309863145978184,-6.07540705619356
4867069b,"DUBLIN,IRL",3449,53.31557046605276,-6.07627561515917
48670681,"DUBLIN,IRL",3449,53.31791360457161,-6.0901076812582
4867069d,"DUBLIN,IRL",3449,53.31853298571322,-6.077104611917809
48670ee3,"DUBLIN,IRL",3450,53.34591806579087,-6.216171912792385
48670efb,"DUBLIN,IRL",3450,53.348689842111554,-6.221182427162729
48670f11,"DUBLIN,IRL",3450,53.34630727924425,-6.195709936516871
48672575,"DROGHEDA,IRL",3452,53.731619960064144,-6.19037855262457
486b3ae5,"FALMOUTH,GBR",3462,50.107335952765645,-5.045861654141187
486b3afd,"FALMOUTH,GBR",3462,50.11264598633639,-5.041288441449915
486b3ae9,"FALMOUTH,GBR",3462,50.10218672268898,-5.051227455664106
486b3b25,"FALMOUTH HARBOUR,GBR",3462,50.121110641833646,-5.067062078076759
486c951f,"PLYMOUTH,GBR",3467,50.314232014924386,-4.15572912231737
486c9309,"PLYMOUTH,GBR",3467,50.38344868531619,-4.184671708185839
486c930b,"PLYMOUTH,GBR",3467,50.37993714900566,-4.18558729351603
486ceca7,"PLYMOUTH,GBR",3467,50.35964339712217,-4.121130575224853
486d1027,"TORQUAY HARBOUR,GBR",3472,50.45845786129954,-3.528619812150786
4871ed4d,"AVONMOUTH,GBR",3479,51.4973163731832,-2.701435175408456
4872f9eb,"PORTLAND HARBOUR,GBR",3482,50.59038442449818,-2.399683546908286
4872f9dd,"PORTLAND HARBOUR,GBR",3482,50.59593612210753,-2.412806573404134
4873a0cd,"POOLE HARBOUR,GBR",3488,50.69081864673753,-1.94907418021588
48745f2d,"FAWLEY,GBR",3489,50.707838583771135,-1.0166411482228574
48746e29,"BURSLEDON,GBR",3493,50.88669256870226,-1.298713441098616
4874f681,"FAWLEY,GBR",3496,50.63224455059446,-1.008537233937239
4874f67d,"FAWLEY,GBR",3496,50.63526278476844,-1.0032149824361087
4874f3f1,"FAWLEY,GBR",3496,50.583739641652265,-1.024435891668065
48759a69,"SHOREHAM HARBOUR,GBR",3498,50.82925465300365,-0.2421644351014319
48759a67,"SHOREHAM HARBOUR,GBR",3498,50.829361200849235,-0.24043135621726536
487b243f,"BOOTLE,GBR",3507,53.45803598488441,-3.0317606173528984
487b2725,"LIVERPOOL,GBR",3507,53.3868644230029,-3.0104765777315396
487e66f7,"SUNDERLAND,GBR",3515,54.90776300698638,-1.3584410302578225
487e6bd7,"TYNE,GBR",3516,55.04414565027823,-1.3609305592268048
487e6969,"TYNEMOUTH,GBR",3516,55.02829663021456,-1.3737318683060655
487e6f03,"TYNEMOUTH,GBR",3516,54.995657567729836,-1.449464952118873
487efbdd,"TEESPORT,GBR",3518,54.685255292068014,-0.9864248443127863
487ef409,"HARTLEPOOL,GBR",3519,54.69562210700515,-1.1900089729802206
4883842d,"PETERHEAD,GBR",3524,57.49955213769395,-1.7726322557587775
48840c01,"ABERDEEN,GBR",3525,57.17890093539538,-2.0039947666894697
48840bf9,"ABERDEEN,GBR",3525,57.1844712256288,-1.9965717494834663
48840bf3,"ABERDEEN,GBR",3525,57.19544501871395,-1.9899471629209273
488690bd,"MONTROSE,GBR",3535,56.70281111727839,-2.4635550151096806
4887ae6b,"HOUND POINT,GBR",3540,56.059796967247735,-2.923484743412436
4887d02d,"ROSYTH,GBR",3544,56.020908716108124,-3.4337472463013006
488999dd,"CERMANY,GBR",3561,55.92478473384451,-5.1570618374888575
4889aedb,"RHU,GBR",3565,56.00975861687395,-4.773472062314803
488a06e9,"CAMPBELTOWN,GBR",3574,55.4242162879082,-5.599512527413448
489e8b6b,"LERWICK,GBR",3611,60.17920186725126,-1.1538894987831572
48bc3231,"TORSHAVN,FRO",3618,61.99248074254719,-6.693864901186566
48bc322f,"TORSHAVN,FRO",3618,61.99797249881754,-6.6967165786355665
48bc3229,"TORSHAVN,FRO",3618,62.003536852956344,-6.697810422386747
48bc3cdf,"FUGLAFJORDUR,FRO",3620,62.234297778478776,-6.797809374108086
48bc3ee3,"KLAKSVIK,FRO",3621,62.23172595675522,-6.595172836180784
48bdde13,"TVOROYRI,FRO",3622,61.553271509686034,-6.807552060703878
48d5dd93,"AKRANES,ISL",3645,64.31440393078238,-22.080589794441444
48d674d3,"REYKJAVIK,ISL",3647,64.15022680578149,-21.936351165336443
4b0ca3af,"ST JOHN'S,CAN",3655,47.5575064998404,-52.70812223025899
4b5a225d,"HALIFAX,CAN",3669,44.62757408168481,-63.56075248016929
4b5a22c5,"HALIFAX,CAN",3669,44.62066135750976,-63.512308723896204
4c91ecb9,"PORT CARTIER,CAN",3687,50.008176017941466,-66.76361769927544
4c91ec97,"PORT CARTIER,CAN",3687,50.01588820988771,-66.74877347311953
4c91ecb5,"PORT CARTIER,CAN",3687,49.99891966871125,-66.77228322309902
4c91ecb1,"PORT CARTIER,CAN",3687,50.00234734793203,-66.7606934711531
4c91ecbb,"PORT CARTIER,CAN",3687,50.00714328808743,-66.7572781227445
4c91ecc3,"PORT CARTIER,CAN",3687,50.01579795364897,-66.77399697567402
4c91ed1d,"PORT CARTIER,CAN",3687,50.03158867961463,-66.78845313627035
4c91de05,"SEPT ILES,CAN",3688,50.191129361903734,-66.42302980659991
4c91dd89,"POINTE NOIRE,CAN",3688,50.16088970819675,-66.4593551044026
4c93f7d5,"BAIE COMEAU,CAN",3689,49.24278815248463,-68.11065886936541
4c93f623,"BAIE COMEAU,CAN",3689,49.254292681993206,-68.13194919045027
4c93f631,"BAIE COMEAU,CAN",3689,49.25474827717013,-68.11519491194836
4c93f62b,"BAIE COMEAU,CAN",3689,49.24438428310791,-68.11593014482665
4c94082b,"BAIE COMEAU,CAN",3689,49.23931654016927,-68.11343205533888
4c9409d1,"BAIE COMEAU,CAN",3689,49.234975813281,-68.12904613967893
4c93f637,"BAIE COMEAU,CAN",3689,49.25870761597956,-68.1131629012727
4c93f7d7,"BAIE COMEAU,CAN",3689,49.2415305157235,-68.1022099781654
4cac2b69,"NORTH HAVEN,USA",3699,44.15406192111076,-68.88450971544775
4cadb61f,"ST AUGUSTINE FL,USA",3710,43.9706127271949,-69.19112052260526
4cb895f9,"QUEBEC,CAN",3731,46.8314999175377,-71.19394263578103
4cb895d3,"QUEBEC,CAN",3731,46.79766985642407,-71.21514651124716
4cb895e7,"QUEBEC,CAN",3731,46.81948099533441,-71.20063567406851
4cb89421,"QUEBEC,CAN",3731,46.7837072018935,-71.23387590401269
4cb89439,"QUEBEC,CAN",3731,46.783717279552135,-71.2076688110128
4cbf1a29,"ILE AUX COUDRES,CAN",3733,47.42220577864285,-70.38995196394899
4cbf1987,"ISLE AUX COUDRES,CAN",3733,47.4208258710065,-70.39201021291578
4ea20dd9,"NUUK,GRL",3736,64.17093379634025,-51.722398147712696
5472cd77,"CA PRR,CAN",3779,54.211703797908704,-130.54139430583083
5472cd91,"PRINCE RUPERT,CAN",3779,54.19784692942576,-130.52006093258146
5472d173,"PRINCE RUPERT,CAN",3781,54.199468535411285,-130.3698583307582
54857757,"ANACORTES,USA",3798,48.51530144518362,-122.59340033164743
5485e4f7,"ROBERTS BANK,CAN",3814,49.01057258513424,-123.16774512208423
54863fc5,"GIBSONS,CAN",3820,49.4010805872714,-123.50290849005793
548671c1,"VANCOUVER,CAN",3825,49.30935429410733,-123.11805296881457
548671e9,"VANCOUVER,CAN",3825,49.31173324144731,-123.12474436974976
54866d65,"VANCOUVER,CAN",3825,49.29643448583633,-123.25160637576924
54866db3,"VANCOUVER,CAN",3825,49.33165794026104,-123.24661389573703
5486710f,"VANCOUVER,CAN",3825,49.28891663147494,-123.07758276649969
54866d7b,"VANCOUVER,CAN",3825,49.29937557943389,-123.24020611269954
54889bef,"NANOOSE HARBOR,CAN",3839,49.28656613621591,-124.13353148833693
5488a15b,"NANAIMO,CAN",3840,49.169145691931064,-123.93254673665608
548f0aa1,"VANCOUVER,CAN",3847,48.349864224137406,-123.36023284123654
548f74bb,"VICTORIA HARBOR,CAN",3848,48.41470305625343,-123.3864907637212
548f734b,"ESQUIMALT HARBOR,CAN",3848,48.43268714844028,-123.43214206676528
548fb03b,"PORT ANGELES,USA",3862,48.1394742160875,-123.41365522914234
5490155f,"SEATTLE,USA",3866,47.61958416406146,-122.37408355404749
54901553,"SEATTLE,USA",3866,47.60989249822183,-122.34766841653546
54901a13,"POINT WELLS,USA",3868,47.78167446156441,-122.39855015284571
54904713,"SOUTHWORTH,USA",3872,47.54259279970442,-122.48214869343053
54905677,"TACOMA,USA",3877,47.276308331072876,-122.38844418785538
56eac48b,"KODIAK,USA",3920,57.77776972498842,-152.4132422070587
56eac463,"KODIAK,USA",3920,57.785725850254614,-152.41541648901529
56eac465,"KODIAK,USA",3920,57.78684429437838,-152.41030493646264
56f01a71,"CHIGNIK,USA",3926,56.301909561403114,-158.40467810475232
5e280b51,"5e280b51,CHN",3950,40.59660846614026,121.97250003310413
5e287501,"5e287501,CHN",3950,40.63914167098046,121.97286909566144
5e27f6b1,"5e27f6b1,CHN",3951,40.54084117252915,121.42835361647789
5e2a8c15,"5e2a8c15,CHN",3956,39.854232467132995,124.12847466474113
5e2a8dbd,"5e2a8dbd,CHN",3956,39.84518319201665,124.18209844884068
5e2a8dbf,"5e2a8dbf,CHN",3956,39.84234050130768,124.17654038739062
5e2a8f93,"5e2a8f93,CHN",3956,39.78534212838801,124.09855741201629
5e2a8fb1,"5e2a8fb1,CHN",3956,39.80004979743439,124.10891083895163
5e2a9013,"5e2a9013,CHN",3956,39.770025495258565,124.14234759536976
5e2a9073,"5e2a9073,CHN",3956,39.76568356036007,124.14355439429181
5e2a91d1,"5e2a91d1,CHN",3956,39.7967442980687,124.16235699797407
5e2af325,"5e2af325,CHN",3958,39.89672419337745,124.21231445814328
5f19953d,"KORSAKOV,RUS",3972,46.60868976233659,142.6758690404212
5f6b7e23,"YUZHNO-KURILSK,RUS",3974,44.020726116672925,145.85167191484564
5f750e11,"JP TMK OFF,JPN",3978,42.5673697500139,141.63242924327258
5f751a6f,"TOMAKOMAI KO,JPN",3978,42.645991612579884,141.6618579017657
5f898cb3,"JP SGM OFF,JPN",3985,38.204082636740004,141.14984138272843
5f8997cf,"JP ISM,JPN",3987,38.36222503877152,141.2627659627972
5f9fc461,"JP MUR,JPN",4003,42.32824992956664,140.84190828850763
5f9fda6b,"MURORAN KO,JPN",4003,42.34716859861573,141.0032835010783
5fb3f243,"VLADIVOSTOK,RUS",4007,43.043199101384424,132.00405819499397
5fb38d37,"VLADIVOSTOK,RUS",4007,43.073568153848925,131.93260137871948
5fb38d93,"VLADIVOSTOK,RUS",4007,43.10532682882303,131.89081154074762
5fb46945,"SLAVYANKA,RUS",4008,42.88403553395789,131.42311968868665
5fb46973,"SLAVYANKA,RUS",4008,42.872641447441744,131.3954713799137
5ff4b589,"NIIGATA KO,JPN",4013,37.947633352733085,139.07114672675888
5ff8e631,"FUKUI KO,JPN",4022,36.214178997542916,136.101713090446
5ff8e7d5,"FUKUI KO,JPN",4022,36.20472628209406,136.10098521876245
6000e84b,"OSAKA,JPN",4028,34.625751740566606,135.41255656155624
6000e865,"OSAKA,JPN",4028,34.648045021180415,135.43616795156305
600092bb,"JP UKB,JPN",4028,34.68109934536663,135.2869727105502
6000c411,"IZUMIOTSU,JPN",4028,34.51252811084115,135.38590699872464
6000bff7,"JP SBK OFF,JPN",4028,34.54372405820845,135.29738175735505
60009533,"JP SBK OFF,JPN",4028,34.579395117895565,135.2977854194621
6000bff5,"JP SBK OFF,JPN",4028,34.5392860006049,135.29764498690682
600090bb,"JP MIZ,JPN",4029,34.573016265280714,135.16094556063405
6000969b,"JP MIZ,JPN",4029,34.56435300912583,135.21700464122227
600099ff,"JP MIZ D,JPN",4029,34.55456096981236,135.1475549675195
6000a4b9,"JP HAN OFF,JPN",4030,34.39419291449329,135.13808458295958
6000a4bf,"JP HAN OFF,JPN",4030,34.39204258346912,135.13320171821064
60037fa7,"CHITA,JPN",4033,35.002892942719605,136.8509768159048
60037f61,"CHITA,JPN",4033,35.012596103389384,136.82824628849286
60038225,"JP NGO,JPN",4033,35.02270855945763,136.79644561697614
60047ed3,"JP NGO,JPN",4033,34.88225255075199,136.7495446971682
60047949,"JP NGO,JPN",4033,34.864938833054275,136.74068036250364
60047f33,"JP NGO,JPN",4033,34.901045374059464,136.74989216400843
60047937,"JP NGO,JPN",4033,34.86954551691372,136.74112150174437
6004794b,"JP NGO,JPN",4033,34.86678234992798,136.74570537300255
60037ec5,"NAGOYA KO,JPN",4033,35.04232891942063,136.87592812559276
6003808b,"JP NGO OFF,JPN",4033,34.95615416521775,136.7827481384743
60047f4b,"JP NGO OFF,JPN",4033,34.909560498325696,136.74961661319153
60048dcb,"JP KNU,JPN",4036,34.779345707057296,136.94461706273347
60048d91,"JP KNU,JPN",4036,34.780638900363265,136.9681623432938
6018402b,"JP YOS,JPN",4050,35.32189367834636,139.68844735768826
60185d6b,"YOKOHAMA,JPN",4050,35.447969824077376,139.67345685342116
601867e7,"JP YOK OFF,JPN",4050,35.448883717502675,139.70844087287642
601841d7,"JP YOS OFF,JPN",4050,35.330300157960686,139.6881514688058
601841d5,"JP YOS OFF,JPN",4050,35.325896555533525,139.688554309887
60186bb5,"JP YOK XX NGI NNX,JPN",4050,35.35834529830963,139.73422618657384
60186bcb,"JP YOK XX NGI NNX,JPN",4050,35.36262151820649,139.73441621311503
60229b45,"CHIBA,JPN",4053,35.59096999642325,140.11276469736956
60187847,"JP FNB OFF,JPN",4053,35.57570897339411,139.9909307818356
60187e4d,"KATSUNAN KO,JPN",4053,35.67359192809255,139.97703491077985
601a31a1,"SHIMIZU KO,JPN",4056,35.00835048290965,138.51888887846386
601a33d7,"SHIMIZU KO,JPN",4056,35.02812206097237,138.50978888630408
601a33d3,"SHIMIZU KO,JPN",4056,35.03897685580455,138.51847936037638
601a3189,"SHIMIZU KO,JPN",4056,35.033474965692946,138.53082110306067
60216c73,"JP ONA OFF,JPN",4061,36.896710486560174,140.9211935626087
6023070b,"JP KSM OFF,JPN",4063,35.99954987946342,140.80088374350518
602307a7,"JP KSM OFF,JPN",4063,35.997265421986455,140.8056436470386
60230709,"JP KSM OFF,JPN",4063,35.99521638449642,140.80134029967456
68245d49,"AMAMAPARE,IDN",4074,-4.9344280562949905,136.67795881245286
6824886b,"AMAMAPARE,IDN",4075,-4.821432024463711,136.84597614834288
68fa1c15,"LAE,PNG",4090,-6.743030156795748,146.99093567926582
68fa1efb,"LAE,PNG",4091,-6.789221955175469,146.97396015911295
69023177,"PORT MORESBY,PNG",4092,-9.475413624630034,147.14949776236048
69b53fb3,"MERAUKE,IDN",4106,-8.478241551341501,140.38906861732676
69b53e4d,"MERAUKE,IDN",4106,-8.477822684201302,140.39018807046662
69e48825,"MILNER BAY,AUS",4111,-13.859630328068238,136.3895363145719
6ab0b8b5,"ADELAIDE,AUS",4116,-34.77790702168874,138.48166189797067
6ab0e933,"ADELAIDE AUSTRALIA,AUS",4117,-34.826266881071206,138.32119212121464
6abb45a9,"WHYALLA,AUS",4118,-33.15780340462787,137.63844488534616
6abb4505,"WHYALLA,AUS",4118,-33.150592219920995,137.6391955246714
6abb4503,"WHYALLA,AUS",4118,-33.151669769410994,137.64261466094166
6abb4507,"AUSTRALIA SPENCER GU,AUS",4118,-33.154089367195546,137.63866844275094
6abb4501,"AUSTRALIA SPENCER GU,AUS",4118,-33.15506596344831,137.6424006401268
6abb5747,"WHYALLA,AUS",4119,-33.014526431759144,137.59069258580953
6abb5b1f,"WHYALLA,AUS",4120,-33.102552942593285,137.6466262269306
6abb5add,"AUSTRALIA SPENCER GU,AUS",4120,-33.10362005916569,137.639283732566
6abb5ae1,"AUSTRALIA SPENCER GU,AUS",4120,-33.100975983317845,137.64297195219743
6abb7e8f,"PORT PIRIE,AUS",4121,-33.169740910386324,138.01367097691454
6ad436c7,"QUEENSCLIFF,AUS",4125,-38.264999683292594,144.67160431606177
6ad66457,"MELBOURNE,AUS",4129,-37.92130748357398,144.9098361444852
6b132253,"AU PKL,AUS",4138,-34.439406868365104,150.99735342013258
6b132109,"PORT KEMBLA,AUS",4138,-34.37956568454966,151.0029684262053
6b13219f,"PORT KEMBLA,AUS",4138,-34.387900456864756,150.99744931145236
6b731461,"NEWCASTLE,AUS",4147,-32.92099945281603,151.7727988255769
6b93e0f5,"BRISBANE,AUS",4154,-27.362507264346863,153.1771451962752
6b930a61,"BRISBANE,AUS",4161,-26.709002874281055,153.2528701822411
6bc27465,"GLADSTONE,AUS",4171,-23.832615896869353,151.24726858180856
6bdbe165,"AU HPT,AUS",4196,-21.185934392277478,149.55603790356108
6be919b3,"TASMANIA,AUS",4198,-23.90679387895949,152.40143372046566
6be91855,"TANGALOOMA,AUS",4198,-23.89988133455098,152.40712096945978
6be9c387,"GLADSTONE,AUS",4200,-23.865371737884757,151.57072986434375
6be9c415,"GLADSTONE,AUS",4200,-23.8474774034202,151.5883122177454
6be9c4d1,"GLADSTONE,AUS",4201,-23.816874766591507,151.52083021148468
6be9c52f,"GLADSTONE,AUS",4201,-23.80020220313321,151.52139103361276
6bebc11f,"SYDNEY,AUS",4202,-24.76246885216784,152.38449595570665
6bebc11d,"BUNDABERG,AUS",4202,-24.760675641150193,152.38728994208364
6beca287,"AA,AUS",4205,-25.630848271025304,152.97190420252355
6c27e28d,"NOUMEA,NCL",4207,-22.276047117224472,166.43773330607692
6c27e293,"NOUMEA,NCL",4207,-22.269378348281485,166.43656860642614
6c283c3d,"PRONY BAY,NCL",4211,-22.352995604159215,166.8904812032233
6d0d3171,"AUCKLAND,NZL",4225,-36.72258638575467,174.8430493917621
6d0d380b,"AUCKLAND,NZL",4227,-36.83824869120418,174.75497280905773
6d0d47f7,"AUCKLAND,NZL",4227,-36.841374118329625,174.76051436581315
6d0d47f5,"AUCKLAND,NZL",4227,-36.84010280164852,174.75557662519194
6d3bed41,"NELSON,NZL",4236,-41.26108486020462,173.27014216103427
6d6ddeaf,"TAURANGA,NZL",4242,-37.654753035669316,176.18190840482816
6e175b35,"DENARAU,FJI",4255,-17.77227845801251,177.38264468165386
6e17a229,"FIJI,FJI",4258,-17.17157770182737,177.18768477875705
6e9ee761,"TEOUDIE,NCL",4272,-20.749506349203145,164.33672427954693
71a684d9,"PAGO PAGO HARBOR,ASM",4285,-14.275676343485912,-170.68137201329338
7a02a20f,"LONDON VILLAGE,KIR",4317,1.9881878654960332,-157.48804119199568
7c006e0f,"HONOLULU,USA",4319,21.299647666690614,-157.86735536428532
7c006e73,"HONOLULU,USA",4319,21.31077348286786,-157.86743243497844
7c006f65,"HICKAM FIELD,USA",4320,21.354372193228503,-157.9430656167994
808f8089,"OAKLAND,USA",4327,37.79431551828023,-122.30871832541604
808f8077,"OAKLAND,USA",4327,37.79805093150667,-122.32337929108455
80858121,"SAN FRANCISCO,USA",4327,37.80969980192785,-122.42476958514357
8085812d,"SAN FRANCISCO,USA",4327,37.808075834406246,-122.44531296206911
8085811f,"SAN FRANCISCO,USA",4327,37.81053116266945,-122.42138429587699
80858129,"SAN FRANCISCO,USA",4327,37.8079893133777,-122.43907308213869
808580ff,"SAN FRANCISCO,USA",4327,37.810659466813846,-122.40574206718615
80858021,"YERBABUENA ISLAND,USA",4327,37.81020975528056,-122.36078058995514
80858075,"YERBABUENA ISLAND,USA",4327,37.78602571781667,-122.38394559301256
8085dbc3,"POINT REYES,USA",4330,38.00015929683821,-122.97480620534537
80c2b079,"MARINA DEL REY,USA",4338,33.9724107029699,-118.44760108879342
80c2ba85,"MARINA DEL REY,USA",4338,33.982402315031436,-118.4487514016872
80c2b07f,"MARINA DEL REY,USA",4338,33.975900859213915,-118.44387732237705
80c2b073,"MARINA DEL REY,USA",4338,33.962960802201884,-118.46002033119144
80deab9b,"CIA,USA",4342,32.713006756362944,-117.23060790238965
80deab89,"N A,USA",4342,32.70063697586518,-117.23620652140144
80d9532f,"CORONADO,USA",4342,32.680617914677704,-117.16443789549551
80deab75,"SAN DIEGO,USA",4342,32.71987025586558,-117.2193991661249
80deab53,"SAN DIEGO,USA",4342,32.72065615091507,-117.17504232116747
80deab4d,"SAN DIEGO,USA",4342,32.723250210854566,-117.1745129614699
80d9533f,"SAN DIEGO,USA",4342,32.69520948566452,-117.15187058704834
80deab0d,"SAN DIEGO,USA",4342,32.72624358036237,-117.21182557795537
80deab6b,"SAN DIEGO,USA",4342,32.7260193238724,-117.19992043196888
80deab9f,"SAN DIEGO,USA",4342,32.718796580661284,-117.22475910268551
80deab55,"SAN DIEGO,USA",4342,32.71520137294238,-117.17424871167914
80deaca9,"SAN DIEGO,USA",4342,32.70502432090178,-117.18431575479124
80d95345,"SAN DIEGO,USA",4342,32.70104934060113,-117.16022658573694
80deab99,"SAN DIEGO,USA",4342,32.71687824423239,-117.22898773629849
80d95347,"SAN DIEGO,USA",4342,32.69851711456052,-117.15830698706174
80deab47,"SAN DIEGO,USA",4342,32.72588121151099,-117.18931261668276
80deab45,"SAN DIEGO,USA",4342,32.72239861218046,-117.18831794380966
80d95355,"SAN DIEGO,USA",4342,32.709354962139514,-117.17183036746817
80d94d93,"CHULA VISTA,USA",4342,32.631086541285434,-117.10745524565141
80d952ff,"NATIONAL CITY,USA",4342,32.67916328813462,-117.12792307324708
80d95301,"NATIONAL CITY,USA",4342,32.682202424883556,-117.1289923006287
80d95305,"NATIONAL CITY,USA",4342,32.68644649345939,-117.13372647678868
80deab8f,"SSC PACIFICSANDIEGO,USA",4342,32.703919296979066,-117.235935377744
80dd2007,"NEWPORT BEACH,USA",4344,33.61926570164652,-117.92683257042987
80dce065,"NEWPORT BEACH,USA",4344,33.6084653363178,-117.88740738486815
80dd308b,"LONG BEACH,USA",4346,33.73536434026396,-118.16107289611313
80dd312f,"LONG BEACH,USA",4346,33.76140103271746,-118.19518729516408
80dd3a63,"LONG BEACH,USA",4346,33.70606806524051,-118.16030723501157
80dd30d1,"LONG BEACH,USA",4346,33.74235600052498,-118.1966518840471
80dd3af5,"LONG BEACH,USA",4346,33.69769285929872,-118.15440499148221
80dd3091,"LONG BEACH,USA",4346,33.728710348603926,-118.17388610647399
80dd3697,"LOS ANGELES,USA",4346,33.768709040260475,-118.23200862010872
80dd30a9,"LOS ANGELES,USA",4346,33.711611518581115,-118.19678452576413
80dd39e3,"LOS ANGELES,USA",4346,33.70129228485877,-118.2190936228485
8424b843,"JALUCO,MEX",4363,19.195106479724824,-104.68251876362034
8424b869,"JALUCO,MEX",4363,19.195337320557115,-104.68139761050956
8424d439,"MANZANILLO,MEX",4365,19.076787821856204,-104.34753405390971
84315a2b,"LAZARO CARDENAS,MEX",4366,17.897974321805698,-102.16682414356886
84315a21,"LAZARO CARDENAS,MEX",4366,17.88130289526886,-102.166412426443
84315a31,"LAZARO CARDENAS,MEX",4366,17.89159958032965,-102.17731981116663
84315a57,"LAZARO CARDENAS,MEX",4366,17.88989442877671,-102.20615734176202
84315c73,"LAZARO CARDENAS,MEX",4366,17.955055645240883,-102.18825562301532
85889317,"PUERTO QUETZAL,GTM",4367,13.887544036847434,-90.80279503342916
858892c1,"PUERTO QUETZAL,GTM",4367,13.892468008960485,-90.77508476829873
858892c5,"PUERTO QUETZAL,GTM",4367,13.898016015202474,-90.77992028814202
85c33eeb,"VERACRUZ,MEX",4373,19.15817027728868,-96.00717351465325
85c33ef5,"VERACRUZ,MEX",4373,19.140335485338962,-96.00719375453815
85c33ec3,"VERACRUZ,MEX",4373,19.163787606670034,-96.01260410125091
85c33ee3,"VERACRUZ,MEX",4373,19.15227509738311,-96.02291386087921
85c33f5f,"VERACRUZ,MEX",4373,19.16236565882107,-96.06542516166797
85c33edd,"VERACRUZ,MEX",4373,19.164347332879668,-96.01751872770802
85c346bf,"VERACRUZ,MEX",4374,19.20331945522205,-96.13301064909777
85c346eb,"VERACRUZ,MEX",4374,19.206922529255493,-96.12743251323859
85c346c1,"VERACRUZ,MEX",4374,19.200706447768784,-96.13040742525202
85c34695,"VERACRUZ,MEX",4374,19.20693283487892,-96.1353512373539
85c346e9,"VERACRUZ,MEX",4374,19.2056476595174,-96.12382925089952
85d7f735,"TAMPICO,MEX",4376,22.213359905975974,-97.86834814084428
85d987b3,"TUXPAN,MEX",4378,20.985846458772155,-97.23535565519016
85e9767b,"COATZACOALCOS,MEX",4380,18.274202266086746,-94.36468030707076
85e98243,"COATZACOALCOS,MEX",4381,18.124781015953193,-94.41940226398216
85f107f5,"CIUDAD DEL CARMEN,MEX",4405,18.631099133881197,-91.83133417944146
85f107a7,"CIUDAD DEL CARMEN,MEX",4405,18.65309320695201,-91.80329655240926
85fafb45,"DOS BOCAS,MEX",4407,20.208702988717548,-91.97561332252009
861aeecf,"FOURCHON,USA",4410,26.131722369170753,-92.03983466451241
86200805,"LOOP TERMINAL,USA",4419,28.86981770007234,-90.00754469539689
86200827,"LOOP TERMINAL,USA",4419,28.890362787106625,-90.00203270313384
86206ca7,"FOURCHON,USA",4420,29.060800084955822,-90.22194725123296
86206c11,"FOURCHON,USA",4420,29.122283603279914,-90.21272709918337
86206ea3,"FOURCHON,USA",4420,29.146590750862163,-90.20813929601552
86206c49,"FOURCHON,USA",4420,29.112912635265975,-90.19525746537168
86206c13,"FOURCHON,USA",4420,29.120247964976897,-90.21211448108774
8620a669,"NEW ORLEANS,USA",4429,29.942419894315577,-90.05853494459744
8620a7bf,"NEW ORLEANS,USA",4429,29.947642163738347,-90.0213987394905
8621adfd,"SPI,USA",4433,29.239754266675206,-90.67491122969017
863c27db,"PORT ARTHUR,USA",4440,29.560529683208863,-93.71538464167904
863e9d61,"SABINE PASS,USA",4440,29.577673497560717,-93.74605215211866
863e9c37,"PORT ARTHUR TX,USA",4440,29.62189390741488,-93.79168834124768
863c2b09,"BEAUMONT,USA",4441,29.410774104283828,-93.6906198613656
863c2ba5,"BEAUMONT,USA",4441,29.422449399722296,-93.69085534376077
863c2bb1,"PORT ARTHUR,USA",4441,29.427719014680356,-93.69567548293548
863c2c69,"PORT ARTHUR,USA",4442,29.429085388884662,-93.64412859407533
863c2c41,"PORT ARTHUR,USA",4442,29.434108376938532,-93.63949933515953
863c2c93,"PORT NECHES,USA",4442,29.400920859767027,-93.64440629114087
863c44d9,"LAKE CHARLES,USA",4443,29.612821978288583,-93.27059249015804
863c6bd3,"CAMERON,USA",4444,29.797773737120195,-93.34599971151127
863c6a25,"CAMERON,USA",4444,29.776415234795856,-93.34612891032116
863dd6f3,"PORT ARTHUR,USA",4445,29.248257801858134,-93.69504990597147
863e9889,"SABINE,USA",4446,29.720492216618247,-93.86491691645077
863e9879,"SABINE,USA",4446,29.730790619856162,-93.87134947203715
863e9887,"SABINE,USA",4446,29.722205616392962,-93.86513945136552
863ea285,"SABINE,USA",4446,29.74185819596486,-93.87185087128017
863ea2cd,"SABINE PASS,USA",4446,29.762655752169525,-93.90385992653903
863eb179,"PORT NECHES,USA",4447,29.99657700353694,-93.94836343695262
863f754f,"HOUSTON,USA",4449,29.34995350240148,-94.73562211555225
863f0abb,"HOUSTON,USA",4449,29.35012720617753,-94.71656662731046
863f7597,"HOUSTON,USA",4449,29.352576519893894,-94.78024394278505
863f756d,"HOUSTON,USA",4449,29.352272631024956,-94.75616236943866
863f7569,"HOUSTON,USA",4449,29.348607319925677,-94.75086628053887
863f0ab3,"HOUSTON,USA",4449,29.350291721900295,-94.72524738692535
863f0ab1,"HOUSTON,USA",4449,29.350292849654306,-94.7202558122595
863f0ca7,"HOUSTON,USA",4449,29.42867649912566,-94.71609133871148
863f9e0d,"GALVESTON,USA",4449,29.312167758259207,-94.80306240289714
863f9e73,"GALVESTON,USA",4449,29.30837508556745,-94.80416864140236
863f759b,"GALVESTON,USA",4449,29.349181481112755,-94.77619295636663
863f9de1,"GALVESTON,USA",4449,29.30913726109283,-94.81355708698695
863f7571,"HOUSTON TX,USA",4449,29.348304423331278,-94.76109649603201
863f760b,"HOUSTON TX,USA",4449,29.350915490050912,-94.81465173368721
863faea9,"HOUSTON,USA",4450,29.24292901828926,-94.48236785254699
863fa93b,"HOUSTON,USA",4450,29.263769998674096,-94.50815001330184
863fa7a1,"HOUSTON,USA",4450,29.313878198113045,-94.60044032146993
863fac6d,"HOUSTON,USA",4450,29.237096702988147,-94.45634742758396
863fa919,"HOUSTON,USA",4450,29.274392628467343,-94.51331974563472
863fa7b9,"HOUSTON,USA",4450,29.308378390498646,-94.58577012755002
863fa8dd,"HOUSTON,USA",4450,29.269338886034728,-94.52841390006118
863fa771,"HOUSTON,USA",4450,29.32384134008392,-94.61090353091828
863fa7d3,"HOUSTON,USA",4450,29.297353134251374,-94.56986531354671
863fa775,"HOUSTON,USA",4450,29.318819469123614,-94.6057286541261
863fa927,"HOUSTON,USA",4450,29.26449413269291,-94.51798921670216
863fac6f,"HOUSTON,USA",4450,29.236232981500315,-94.45125203144124
863fa931,"HOUSTON,USA",4450,29.258858323995366,-94.50804603571213
863f5f85,"BAYTOWN,USA",4453,29.73075920284606,-95.05223349904053
863f6085,"HOUSTON TX,USA",4453,29.68457293417751,-95.0092383215257
863f615b,"HOUSTON,USA",4454,29.61138641496935,-94.99105650859428
863f6fff,"APORE,USA",4456,29.51613580216567,-94.89196025739916
863f66eb,"MC,USA",4457,29.630396133315593,-94.95475914934165
863f66c1,"HELL,USA",4457,29.631461892911542,-94.9565545729574
863fa5d5,"HOUSTON,USA",4460,29.242650629896552,-94.6012980159008
863fa3c3,"HOUSTON,USA",4460,29.228862808199843,-94.66776195057848
863fa409,"HOUSTON,USA",4460,29.229916219321638,-94.64203124982129
863fa5d1,"HOUSTON,USA",4460,29.237156263087343,-94.59607507446034
863fba97,"HOUSTON,USA",4460,29.1279317569815,-94.5749832096064
863faf85,"HOUSTON,USA",4460,29.192052020292078,-94.55486890641538
863fba7b,"HOUSTON,USA",4460,29.099425133619615,-94.57043285534476
863fa41f,"HOUSTON,USA",4460,29.242985880261465,-94.62684974246955
863fa683,"HOUSTON,USA",4460,29.24813949903102,-94.61204806515178
864014d3,"FREEPORT,USA",4462,28.93935424624818,-95.34196959945722
86406b35,"FREEPORT,USA",4462,28.941173093243457,-95.33150518014922
866856b9,"PORT INGLESIDE,USA",4472,27.819125000228098,-97.19980722668495
866856c5,"PORT INGLESIDE,USA",4472,27.81838518191569,-97.20879857887964
86685155,"PORT INGLESIDE,USA",4472,27.83433181230202,-97.18255846371997
866856af,"PORT INGLESIDE,USA",4472,27.824138239179906,-97.1891835649737
866856b7,"PORT INGLESIDE,USA",4472,27.81941422104641,-97.19891268171959
866856b1,"PORT INGLESIDE,USA",4472,27.823033305422236,-97.19105599255224
86685ef3,"CORPUS CHRISTI,USA",4473,27.795104188414893,-97.38895107891693
8668672d,"CORPUS CHRISTI,USA",4473,27.819372664684142,-97.47341116826206
86685ef5,"CORPUS CHRISTI,USA",4473,27.796741372374854,-97.39043654825578
86685e7d,"CORPUS CHRISTI,USA",4473,27.813163226120718,-97.3973789279474
8669a6df,"CORPUS CHRISTI,USA",4474,27.804580103196354,-96.85373753635376
8669a951,"CORPUS CHRISTI,USA",4474,27.83342020935694,-96.99780993805474
8669a88f,"CORPUS CHRISTI,USA",4474,27.80672240035431,-96.93441160607259
8669a7b9,"CORPUS CHRISTI,USA",4474,27.78556829766478,-96.8965767863892
8669a899,"CORPUS CHRISTI,USA",4474,27.818812280359943,-96.92894850218343
8669a773,"CORPUS CHRISTI,USA",4474,27.775046028610706,-96.86978337004399
8669a703,"CORPUS CHRISTI,USA",4474,27.79817387078654,-96.87025240622891
8669a637,"CORPUS CHRISTI,USA",4474,27.807913572280214,-96.90243397837665
8669acaf,"PORT ARANSAS,USA",4475,27.84405848407817,-97.08257977996549
8669ac9d,"PORT ARANSAS,USA",4475,27.83956013006811,-97.06316359168413
866fae29,"PORT ISABEL,USA",4479,26.055473968268526,-97.21235551337274
867806db,"ALTAMIRA,MEX",4481,22.4817994571891,-97.88617691155189
8678012d,"ALTAMIRA,MEX",4481,22.485337388387208,-97.86900805064334
8678012f,"ALTAMIRA,MEX",4481,22.48532434214264,-97.8654560587232
869f53bf,"MAZATLAN,MEX",4483,23.198711645078493,-106.41254997193158
86c976c5,"GUAYMAS,MEX",4493,27.86371111054019,-110.84011098517175
889958d7,"PASCAGOULA,USA",4501,30.107724411748283,-88.56344449914022
88995f21,"PASCAGOULA,USA",4501,30.10782070461462,-88.53978113786265
889a49f7,"MOBILE,USA",4504,30.526136054277853,-88.0874796880019
889a4a05,"MOBILE,USA",4504,30.524813248071723,-88.09735282716257
889a5025,"MOBILE,USA",4505,30.70549167466138,-88.0387852468406
889a4fa1,"MOBILE,USA",4505,30.654541261475728,-88.03255992736237
889a50e3,"CHICKASAW,USA",4505,30.758020195937608,-88.04978427159234
889bef5b,"PASCAGOULA,USA",4508,30.344082716919242,-88.56878971259508
889f00ad,"EMPIRE,USA",4515,29.32671412011639,-89.39127735355785
889f063f,"VENICE,USA",4515,29.250448053009727,-89.34585212657227
889f0703,"VENICE,USA",4515,29.2879781947592,-89.36194735248827
889f0659,"VENICE,USA",4515,29.272358969526145,-89.35086706011998
889f0647,"VENICE,USA",4515,29.256702129404868,-89.34783680764947
889f07b5,"VENICE,USA",4515,29.258235314098744,-89.36326343544269
889f074d,"SW PASS,USA",4515,29.321192642521716,-89.38645801860582
889f0749,"SW PASS,USA",4515,29.315603631054564,-89.38138305332005
889f0723,"SW PASS,USA",4515,29.301111068674853,-89.36941753762265
889f00a9,"SW PASS,USA",4515,29.331701809440727,-89.39594335762605
889f0e49,"CS,USA",4519,29.1749004495975,-89.26860951900444
889f7809,"SP 57,USA",4520,28.84366523599555,-89.39642220126868
889f770d,"SW PASS,USA",4520,28.88470861236253,-89.35326492272154
889fb25b,"VENICE,USA",4521,29.363153029412576,-89.57482078001468
889fad9f,"EMPIRE LA,USA",4521,29.365724379120373,-89.53308281719258
889fb27f,"EMPIRE LA,USA",4521,29.370542604790778,-89.55070066138857
889fad9d,"VICTORIA TX,USA",4521,29.367553113952482,-89.53872808933103
889fb287,"CHEVRON EMPIRE,USA",4521,29.371207054177997,-89.55490386751832
889fd7a7,"GRAND ISLE,USA",4525,29.261729144515105,-89.9634294087104
88c2c4f9,"TAMPA,USA",4530,27.9476603662046,-82.44214180340758
88c31f55,"PORT MANATEE,USA",4539,27.63435936201056,-82.56308033155395
88cd1a93,"MARIEL,CUB",4544,22.995946670314684,-82.75312667197514
88cd1ac3,"MARIEL,CUB",4544,23.00553323654196,-82.76292951561861
88cd7975,"BAHAI DE LA HABANA,CUB",4546,23.12278351373302,-82.34185091543036
88d8fd63,"TERRA MAR,USA",4557,26.233747197473427,-80.09380730092094
88d9aa93,"DANIA BEACH,USA",4558,26.059809913332487,-80.12980388911575
88d90025,"PORT EVERGLADES,USA",4558,26.111903247333803,-80.10778030090357
88d9002f,"PORT EVERGLADES,USA",4558,26.11582754073989,-80.10763566502351
88d90013,"PORT EVERGLADES,USA",4558,26.094669317319447,-80.11988675042565
88d8ffb9,"PORT EVERGLADES,USA",4558,26.110177017504867,-80.07493932036171
88d90041,"PORT EVERGLADES,USA",4558,26.105835598446983,-80.1229173591516
88d9b421,"MIAMI,USA",4560,25.77845662428732,-80.18533198319558
88d9b4f5,"MIAMI BEACH,USA",4560,25.772213301220205,-80.14171444793719
88e44dd3,"MAYPORT,USA",4580,30.389131345769645,-81.43414161661205
88e44e69,"MAYPORT,USA",4580,30.396290077379682,-81.4089814850306
88e44e6f,"MAYPORT,USA",4580,30.39749883875833,-81.4137685402146
88e44dad,"MAYPORT,USA",4580,30.389890442475128,-81.46130998638102
88e44dd9,"MAYPORT,USA",4580,30.398243645841873,-81.43022715552785
88e4d85d,"BRUNSWICK,USA",4582,31.129393070267408,-81.49241831578831
88fc879d,"SAVANNAH,USA",4591,31.99895742423005,-80.67460823878861
88fe7aeb,"CHARLESTON,USA",4595,32.83023459472136,-79.94217820500323
88fe70d3,"CHARLESTON,USA",4595,32.763412895459915,-79.88298503593853
89249da1,"None,BHS",4608,26.54528287036469,-76.96160640152686
8927250d,"FREEPORT,BHS",4613,26.517830325141304,-78.80054799104438
89272573,"FREEPORT,BHS",4613,26.52184399430839,-78.80156509714165
8927256b,"FREEPORT,BHS",4613,26.523940963818625,-78.8117584110696
89272569,"FREEPORT,BHS",4613,26.527693781601194,-78.81215862503517
89278ebb,"ALICE TOWN,BHS",4614,25.75273796230252,-79.27705707815394
89a89111,"MOREHEAD CITY,USA",4634,34.716389992704364,-76.70266168125775
89b80239,"B WOLFRAT,USA",4650,39.08505329129256,-76.42396944957464
89c80177,"DUNDALK,USA",4651,39.240733268474656,-76.53444924468566
89c8010b,"DUNDALK,USA",4651,39.24156987177848,-76.5251484312146
89c801f3,"BALTIMORE,USA",4651,39.21348952697886,-76.53983235729923
89c8003d,"BALTIMORE,USA",4651,39.2021803265646,-76.48175976695283
89c803c3,"BALTIMORE,USA",4651,39.25716776123751,-76.56498086598246
89b81e81,"US BAL,USA",4655,38.93395134923262,-76.40648726832848
89b81ef5,"BALTIMORE,USA",4655,38.912966859810005,-76.40766987286382
89b81c2f,"BALTIMORE,USA",4655,38.94404764504482,-76.40159022164042
89b81e89,"BALTIMORE,USA",4655,38.923036295928576,-76.40689600053065
89b81c37,"BALTIMORE,USA",4655,38.95402324095702,-76.40176341417597
89b8a5e5,"PHILADELPHIA,USA",4661,38.939688755317086,-75.16979708883368
89b8af79,"PHILADELPHIA,USA",4661,38.90628051805336,-75.14511676905705
89b8a5f1,"PHILADELPHIA USA,USA",4661,38.93287450934431,-75.16370210718317
89ba97ff,"NORFOLK,USA",4669,36.840913353808524,-76.26803516936656
89ba996f,"NORFOLK,USA",4669,36.91546848977352,-76.33023510827653
89ba9ad7,"ST THOMAS,USA",4669,37.00537800244526,-76.31485441096908
89baa299,"PORTSMOUTH,USA",4669,36.83258831410347,-76.29599855644811
89baed3b,"NORFOLK,USA",4671,36.955160199523455,-76.0715785077712
89ba92cd,"NORFOLK,USA",4671,36.95804432304927,-76.0878710261897
89c2358d,"NEW YORK NY,USA",4677,40.49369287927545,-74.15018092683543
89c236e1,"LEONARDO,USA",4678,40.4333248419988,-74.08033440844981
89c2524b,"NEWARK,USA",4679,40.6994618961701,-74.15143568773314
89c259c7,"HOBOKEN,USA",4679,40.74738607520239,-74.01040885159344
89c25a8f,"BROOKLYN,USA",4679,40.67250504513289,-74.0172228765115
89c25aab,"BROOKLYN,USA",4679,40.644794473637155,-74.02865317298797
89c2458b,"NEW YORK,USA",4679,40.585751594329196,-74.02821377350351
89c24f7d,"NEW YORK,USA",4679,40.5959323630801,-74.03252283575823
89c25a3f,"NEW YORK CITY,USA",4679,40.70229446108282,-74.00539164075478
89c24e21,"PORT RICHMOND SI,USA",4679,40.64855790947573,-74.09808120400734
89c24fe5,"TOMPKINSVILLE SI,USA",4679,40.638590761871264,-74.04706151721557
89c25003,"TOMPKINSVILLE SI,USA",4679,40.6481049337131,-74.04106340524177
89c26c69,"NEW YORK,USA",4681,40.493230001111144,-73.72755446839125
89c26d91,"NEW YORK,USA",4681,40.485368375440544,-73.66903825340721
89c273c3,"NEW YORK,USA",4681,40.48838606520369,-73.5865410657444
89c2724b,"NEW YORK,USA",4681,40.48188343028015,-73.60970382539888
89c27269,"NEW YORK,USA",4681,40.47994770703138,-73.63282890005343
89c27243,"NEW YORK,USA",4681,40.47935642467149,-73.6269571018794
89c26dc5,"NEW YORK,USA",4681,40.50201380478043,-73.68543291665439
89c26dbd,"NEW YORK,USA",4681,40.48687279788042,-73.67972895024174
89c70589,"DELAWARE CITY,USA",4692,39.57207421477777,-75.59012599591289
89c7057d,"DELAWARE CITY,USA",4692,39.56921844804332,-75.56555627302615
89c7f117,"BJM,USA",4697,39.26335248077641,-76.20825408302521
89e36561,"BOSTON,USA",4706,42.3374123908432,-70.97468351527165
89e37aa7,"BOSTON,USA",4706,42.3422038716905,-71.01940411522548
89e37aa1,"BOSTON,USA",4706,42.343286389124984,-71.02297619415214
89e36f85,"BOSTON,USA",4706,42.34164368219898,-70.96332980710841
89e36f87,"BOSTON,USA",4706,42.339507172076196,-70.96434258281558
89e37051,"BOSTON,USA",4706,42.38011882301989,-71.0424454288235
89e4d881,"WOODS HOLE,USA",4718,41.52324067881927,-70.67125865164806
89e5af61,"NEWPORT,USA",4728,41.48041815605914,-71.3168741707987
89e5afed,"NEWPORT,USA",4728,41.496074329016864,-71.36234328997189
89e5a55f,"NEWPORT,USA",4728,41.48259781658271,-71.35963348904833
8c036923,"CATANO,PRI",4762,18.429673959066886,-66.10468981583233
8c036ec7,"SAN JUAN,PRI",4762,18.46194115092637,-66.1138157519809
8c036ecd,"SAN JUAN,PRI",4762,18.45210741344026,-66.10730680528194
8c03693b,"SAN JUAN,PRI",4762,18.43396661799154,-66.10995507015706
8c036ec9,"SAN JUAN,PRI",4762,18.45960327758555,-66.11541398533237
8c056e1b,"ALBANIA,VGB",4774,18.322192063011176,-64.60630587810597
8c0571b3,"CRUISING BVI,VGB",4774,18.35801929064764,-64.57673269934506
8c0e6955,"COLES BAY OIL TERMINAL,SXM",4784,18.02794396313183,-63.111306311764814
8c0e6ebd,"COLES BAY OIL TERMINAL,SXM",4784,18.03545831824375,-63.089247148378824
8c11fb4d,"ORANJESTAD,BES",4786,17.476846056658037,-63.01204227489991
8c11e4b3,"ORANJESTAD,BES",4786,17.47715956494799,-63.01751310379824
8c11e325,"ST EUSTATIUS,ANT",4786,17.527594626496004,-63.030118032620855
8c11e351,"ST EUSTATIUS,ANT",4786,17.49882422602496,-63.02277938135802
8c11e343,"ST EUSTATIUS,ANT",4786,17.505330789181638,-63.03427181474845
8c11e35d,"ST EUSTATIUS,ANT",4786,17.50102081904818,-63.033945034742125
8c11e341,"ST EUSTATIUS,ANT",4786,17.511250669666325,-63.034599899149725
8c2a5ce9,"LA GUAIRA,VEN",4810,10.60155400959137,-66.9371715817692
8c2d0c89,"JOSE VENEZUELA,VEN",4813,10.18884373336225,-64.75951695388414
8c2d0bf7,"JOSE VENEZUELA,VEN",4813,10.206603557141753,-64.795983697677
8c2d9d87,"GUANTA,VEN",4816,10.272290035239381,-64.58274460395066
8c321de7,"EL GUAMACHE,VEN",4817,10.866317038175845,-64.06291242531688
8c3271a1,"CUMANA (PUERTO SUCRE),VEN",4818,10.46037988149433,-64.19383558113068
8c32719d,"CUMANA (PUERTO SUCRE),VEN",4818,10.471396446353715,-64.19192385648793
8c35ec29,"POINT LISAS,TTO",4821,10.405395373615885,-61.569309741565
8c35ec25,"POINT LISAS,TTO",4821,10.401145341079086,-61.57457964942956
8c35ec5d,"POINT LISAS,TTO",4821,10.376511814208165,-61.58090338558775
8c35ec3b,"POINT LISAS,TTO",4821,10.395958464361275,-61.57480868289933
8c35ec55,"POINT LISAS,TTO",4821,10.370257268296909,-61.563060787530866
8c35ec9b,"POINT LISAS,TTO",4821,10.357711196290808,-61.59711429845576
8c35f26b,"POINT LISAS PORT,TTO",4821,10.37774126751501,-61.494087339278465
8c35f247,"POINT LISAS PORT,TTO",4821,10.378616409917319,-61.483211420267935
8c35f21f,"POINT LISAS INDUSTRIAL PORT,TTO",4821,10.3985914386045,-61.49302747527789
8c35f1f5,"POINT LISAS INDUSTRIAL PORT,TTO",4821,10.404443420466237,-61.49273117344227
8c35ed89,"POINT LISAS INDUSTRIAL PORT,TTO",4821,10.374362488930968,-61.51589098705232
8c35f1f7,"POINT LISAS INDUSTRIAL PORT,TTO",4821,10.403602604476728,-61.496195712021276
8c35e1d7,"CHAGUARAMAS,TTO",4825,10.656147614312333,-61.644603988809486
8c35e1ef,"CHAGUARAMAS,TTO",4825,10.643895472851597,-61.62175915493403
8c360a6b,"CHAGUARAMAS,TTO",4825,10.676880093001085,-61.63402183971456
8c360a5d,"CHAGUARAMAS,TTO",4825,10.680418381670272,-61.64445593879392
8c35e1d3,"CHAGUARAMAS,TTO",4825,10.651578431335077,-61.650378068848646
8c35e1bb,"PORT OF SPAIN,TTO",4825,10.630236699723824,-61.63858774936146
8c35e2c1,"PORT OF SPAIN,TTO",4826,10.62484354000987,-61.53321390677812
8c382111,"ST GEORGE'S,GRD",4827,12.036275490148464,-61.76052535714443
8c382175,"ST GEORGE'S,GRD",4827,12.044933608552602,-61.74885668837061
8d09cac7,"PARAMARIBO,SUR",4849,5.820923095801823,-55.16053372819175
8d09cae9,"PARAMARIBO,SUR",4849,5.8119077078848225,-55.16574140572465
8d09ca0f,"PARAMARIBO,SUR",4849,5.769950375782405,-55.14793355855912
8d09cac1,"PARAMARIBO,SUR",4849,5.814580276854981,-55.16507606837654
8d61de6f,"MACAPA,BRA",4851,0.04894085698567375,-50.98373361196507
8d61ddd1,"SANTANA,BRA",4851,0.06352652670957312,-50.97795781522946
8d61ddcb,"TROMBETAS,BRA",4851,0.07065564185183229,-50.9734121582751
8d61dc53,"TROMBETAS,BRA",4851,0.08190747046163502,-50.968394371857045
8dafef9d,"GEORGETOWN,GUY",4853,6.809295077530072,-58.174109110091415
8dafef6d,"GEORGETOWN,GUY",4853,6.822621709548313,-58.16773070826832
8daff9fd,"LINDEN,GUY",4854,6.695592157967135,-58.18993215432764
8db4bfbd,"PUERTO ORDAZ,VEN",4855,8.952260492450955,-60.18529040767738
8db5a8f1,"POINT LISAS,VEN",4856,8.610767788694446,-60.73607303795061
8e36d801,"BUENAVENTURA,COL",4857,3.8126166351297504,-77.19630650376978
8e5882a9,"MAMONAL,COL",4861,10.2879928817875,-75.53741333055714
8ef627fb,"MAMONAL,COL",4861,10.298275596718437,-75.52098018916833
8ef627c9,"MAMONAL,COL",4861,10.326658454733279,-75.50910765414024
8ef627c5,"MAMONAL,COL",4861,10.31677147951005,-75.51186163089973
8ef62639,"MAMONAL,COL",4861,10.344384698069373,-75.50726401219508
8ef6262f,"MAMONAL,COL",4861,10.341181821379763,-75.51651156526164
8ef6260d,"CARTAGENA,COL",4861,10.369350542234667,-75.50902259037788
8ef62611,"CARTAGENA,COL",4861,10.36165500424113,-75.510703399868
8ef62839,"CARTAGENA,COL",4861,10.309454926687152,-75.55915362746262
8ef6258b,"EL BOSQUE,COL",4861,10.400001185747023,-75.52513482431686
8e80534f,"PUERTO CABELLO,VEN",4866,10.530456098656416,-68.03258493728502
8e8052cd,"PUERTO CABELLO,VEN",4866,10.5323380432055,-67.98492363255407
8e81acaf,"PUERTO CABELLO,VEN",4866,10.547103766017507,-68.03869811881547
8e848259,"WILLEMSTAD,CUW",4872,12.10388162304544,-68.94085686684917
8e848257,"WILLEMSTAD,CUW",4872,12.104373847317683,-68.94247144414621
8e8482f3,"WILLEMSTAD,CUW",4872,12.111650102851858,-68.93166058601611
8e848299,"WILLEMSTAD,CUW",4872,12.12117643898036,-68.9160555977063
8e853ed9,"ARUBA,ABW",4874,12.480434686222607,-69.99886822868284
8e856af9,"ARUBA,ABW",4876,12.376827130088255,-70.09458975499643
8e899847,"MARACAIBO,VEN",4881,10.628230942855325,-71.60614276827712
8e899ffb,"PUERTO MIRANDA,VEN",4881,10.767857344375997,-71.58197835500869
8e89a025,"PUERTO MIRANDA,VEN",4881,10.74359729711582,-71.56304611543854
8e8dd695,"PUERTO BOLIVAR,COL",4887,12.306632461782856,-72.02042620612356
8e8dd6f5,"PUERTO BOLIVAR,COL",4887,12.310744129213328,-72.0030864484413
8e8dd6bd,"PUERTO BOLIVAR,COL",4887,12.301099381031014,-72.02590557823046
8ea560f1,"PUERTO DE HAINA,DOM",4889,18.420396511381735,-70.01784826939424
8ea560f7,"PUERTO DE HAINA,DOM",4889,18.424264575844187,-70.01778300460983
8ea562a1,"SANTO DOMINGO,DOM",4890,18.456547675115363,-69.881312391091285
8ea5629f,"SANTO DOMINGO,DOM",4890,18.456511352136115,-69.88486983241546
8ea5807b,"ANDRES (ANDRES LGN TERMINAL),DOM",4891,18.422864565616,-69.62898163572248
8eaf608d,"SAN PEDRO DE MACORIS,DOM",4894,18.447178427211334,-69.31024336840221
8ebab425,"LAS CALDERAS,DOM",4902,18.22143381153664,-70.51850679578192
8edb1551,"KINGSTON,JAM",4910,17.983280877979286,-76.83549985783318
8edb4225,"KINGSTON,JAM",4911,17.870478179958102,-76.79406123200246
8edb4179,"KINGSTON,JAM",4911,17.88620762698888,-76.77699176147699
8edb43d5,"KINGSTON,JAM",4911,17.87583640097916,-76.77734327208118
8edb4239,"KINGSTON,JAM",4911,17.85876343341528,-76.7946262932407
8ef429b5,"BARRANQUILLA,COL",4914,11.09298677896377,-74.94168186088947
8ef42de9,"BARRANQUILLA,COL",4915,11.030248406285788,-74.802349407857335
8ef42e87,"BARRANQUILLA,COL",4915,11.052054527476765,-74.83013996665393
8ef4f561,"SANTA MARTA,COL",4919,11.251754770446938,-74.21600376434026
8ef45f9b,"SANTA MARTA,COL",4919,11.240970349983929,-74.23216732228194
8ef45f9f,"SANTA MARTA,COL",4919,11.236298030994428,-74.23791260622191
8ef45f77,"SANTA MARTA,COL",4919,11.233051983680115,-74.23282410679151
8ef45f75,"SANTA MARTA,COL",4919,11.23200795958871,-74.23801740731845
8ef45f83,"SANTA MARTA,COL",4919,11.237089119315286,-74.2274178523897
8f05a5f1,"SAN ANDRES,COL",4920,12.571875355721943,-81.70064966056086
8f2586f5,"GEORGETOWN,CYM",4921,19.295671440090377,-81.38476759922303
8f55c269,"PROGRESO YUC,MEX",4925,21.347415541950177,-89.68211977340577
8f62ad47,"ACAJUTLA OFFSHORE TERMINAL,SLV",4927,13.558805974700979,-89.86656354843211
8f67261f,"SANTO TOMAS,GTM",4930,15.850496660548107,-88.63151136541403
8fab0e03,"CRISTOBAL,PAN",4948,9.495868344382373,-79.9232381656314
8fab72b5,"CRISTOBAL,PAN",4948,9.398351500854597,-79.93895763305713
8fab0d81,"CRISTOBAL,PAN",4948,9.447145767305447,-79.92345834721876
8fab72b7,"CRISTOBAL,PAN",4948,9.393509871589357,-79.93903376185008
8fab13c9,"MANZANILLO,PAN",4948,9.46633077970997,-79.8656973880074
8fab6d17,"PUERTO COLON,PAN",4948,9.37398824932302,-79.88967390404491
8fab6d43,"PUERTO COLON,PAN",4948,9.379555135401848,-79.90567006986647
8fab6d69,"PUERTO COLON,PAN",4948,9.374754336371575,-79.90570091183304
8fab6d97,"PUERTO CRISTOBAL,PAN",4948,9.341383457661811,-79.90058318628918
8fab7029,"PANAMA,PAN",4950,9.260070036623553,-79.92102725074338
8fab6fc5,"CRISTOBAL,PAN",4950,9.254880094112096,-79.90573408988111
8fab71df,"BLEETLMR228,PAN",4950,9.2897104190046509,-79.91952576802741
8fab6e1f,"COLON PANAMA,PAN",4950,9.292520973044281,-79.9186394541364
8fab702b,"PUERTO COLON PANAMA,PAN",4950,9.26724841090533,-79.92113102670753
8facae4d,"BALBOA,PAN",4951,8.894344651152041,-79.51220951584779
8faca639,"BALBOA,PAN",4951,8.981583604941042,-79.57901841271327
8facaee3,"BALBOA,PAN",4951,8.921848306590462,-79.51314902375942
8facafe7,"BALBOA,PAN",4951,8.872620775634648,-79.53884268594929
8faca60f,"BALBOA,PAN",4951,8.962513557789135,-79.57549722891
8faca611,"BALBOA,PAN",4951,8.965473520987322,-79.57398616495824
8faca5fd,"BALBOA,PAN",4951,8.952076342450754,-79.56749364452364
8faca7a9,"BALBOA,PAN",4951,9.005484919251355,-79.60234330445942
8faca607,"BALBOA,PAN",4951,8.954275709775633,-79.56702212711717
8faca609,"BALBOA,PAN",4951,8.954762557455856,-79.57441948826232
8facafdf,"BALBOA,PAN",4951,8.867913285454076,-79.53497076624954
8faca5e3,"BALBOA,PAN",4951,8.952101764020664,-79.57346725213405
8facafaf,"BALBOA,PAN",4951,8.900756156094307,-79.52377059140244
8faca615,"BALBOA,PAN",4951,8.971501676203117,-79.5800713108587
8facb01f,"BALBOA,PAN",4951,8.862810954675037,-79.5401096646095
8facae41,"BALBOA,PAN",4951,8.888673801308745,-79.49574269576252
8faca613,"BALBOA,PAN",4951,8.968365692853427,-79.57839874998025
8faca76d,"COROZAL,PAN",4951,9.024331572232228,-79.62090179323899
8faca7af,"COROZAL,PAN",4951,9.005800017201098,-79.59688315063951
8facafdd,"CRISTOBAL,PAN",4951,8.87361139277668,-79.53538776886428
8facb01b,"CRISTOBAL,PAN",4951,8.857403279523725,-79.54469283094998
8faca76b,"JEBEL ALI,PAN",4951,9.02286559766717,-79.62453379966651
8facaf1b,"SAN FELIPE,PAN",4951,8.921890180291445,-79.5249908599104
8faca7ad,"B 2 A BCA AR,PAN",4951,9.000860798410768,-79.59480199306206
8facb0bd,"BALBOA PANAMA,PAN",4951,8.797804210352531,-79.54704070448267
8facae63,"BALBOA PANAMA,PAN",4951,8.904080288351683,-79.48423658513411
902be725,"MANTA,ECU",4957,-0.9252227013531565,-80.70787909946309
902d6541,"PUERTO MARITIMO DE GUAYAQUIL,ECU",4958,-2.284163287117777,-79.89987476622844
90330ed5,"PUERTO BOLIVAR,ECU",4962,-3.2517326139932776,-80.00568331933493
9036443f,"TALARA,PER",4964,-4.572197680492995,-81.27604484261094
903645b7,"TALARA,PER",4964,-4.569276783328433,-81.30437906826322
9049e111,"PAITA,PER",4967,-5.053553730583819,-81.10547132715998
9049e12d,"PAITA,PER",4967,-5.081071370496282,-81.10911879255555
9105cb81,"CALLAO,PER",4969,-12.049383314483752,-77.14533252852917
9105cc81,"CALLAO,PER",4969,-12.043004275433896,-77.15067234593583
9105cc7b,"CALLAO,PER",4969,-12.039901219028486,-77.14132329377358
9104336b,"CALLAO,PER",4969,-12.027955175950058,-77.21953365095129
91043313,"CALLAO,PER",4969,-12.024228852024317,-77.22478380483301
9105cb6f,"CALLAO,PER",4969,-12.061914756425242,-77.16321367924584
9104333d,"CALLAO,PER",4969,-12.018535591019322,-77.21461668605563
91043335,"CALLAO,PER",4969,-12.02334699755425,-77.19726691750685
9105cc7d,"CALLAO,PER",4969,-12.039757479816084,-77.14400611392018
915aaa2f,"RADA DE ARICA,CHL",4981,-18.471564937215337,-70.34366406547106
915aa99b,"RADA DE ARICA,CHL",4981,-18.468158266160973,-70.32146679689872
929e1bfd,"FAZENDINHA,BRA",4987,-0.06295394814538444,-51.09941681884859
929e1bff,"FAZENDINHA,BRA",4987,-0.06043317573635855,-51.098291190185094
929e1bf1,"FAZENDINHA,BRA",4987,-0.06382256464167509,-51.10826148499654
929e1bfb,"FAZENDINHA,BRA",4987,-0.0633799987177548,-51.10383281565007
929e1bf3,"FAZENDINHA,BRA",4987,-0.06382262333476844,-51.113024489964815
929e1bef,"FAZENDINHA,BRA",4987,-0.06679128932466252,-51.10908145343829
92a362ad,"BARCARENA,BRA",4988,-1.4965719429577697,-48.727980005218
92a363ab,"VILA DO CONDE,BRA",4988,-1.526428776998367,-48.76205041046499
92a362e1,"VILA DO CONDE,BRA",4988,-1.5116436741825512,-48.756947627535766
92a363bd,"VILA DO CONDE,BRA",4988,-1.5342117276213012,-48.77723593394325
92a36301,"VILA DO CONDE,BRA",4988,-1.5229917072329626,-48.76184023997495
92a36327,"VILA DO CONDE,BRA",4988,-1.5044477416358608,-48.76189997588589
92a362e3,"VILA DO CONDE,BRA",4988,-1.515329507358433,-48.756658285491476
92a413dd,"VILA DO CONDE,BRA",4989,-1.086843009499157,-48.500870039589145
92a413f9,"VILA DO CONDE,BRA",4989,-1.08627511923634,-48.48118015101751
92a4139f,"VILA DO CONDE,BRA",4989,-1.108124016008678,-48.49630547662095
92a413ef,"VILA DO CONDE,BRA",4989,-1.090083540899113,-48.491526005873794
94d1f973,"SANTOS,BRA",4992,-24.097651820032457,-46.268874182603064
94d1f10d,"SANTOS,BRA",4992,-24.21461490472937,-46.31732715135261
94d1fcdd,"SANTOS,BRA",4992,-24.062943004190178,-46.34587946284201
94d1fae9,"SANTOS,BRA",4992,-24.14145060226103,-46.340151661597446
94d1fa1b,"SANTOS,BRA",4992,-24.139248145621142,-46.29302728362641
94ce0397,"SANTOS,BRA",4992,-23.946282403820987,-46.31204543313776
94d1fadf,"SANTOS,BRA",4992,-24.134183347978396,-46.34529375611609
94d1f9f5,"SANTOS,BRA",4992,-24.13048982941059,-46.28331321102686
94d1fa19,"SANTOS,BRA",4992,-24.13494999245764,-46.293056127589225
94d1fb43,"SANTOS,BRA",4992,-24.105961972833114,-46.34548690056432
94d1fca1,"SANTOS,BRA",4992,-24.09156355531221,-46.34571619082173
94d1e355,"SANTOS,BRA",4992,-24.09815695277725,-46.36445651788849
94d1fd65,"SANTOS,BRA",4992,-24.021095819097596,-46.33600770562194
94d1fa81,"SANTOS,BRA",4992,-24.16049392028096,-46.32604653822266
94d1fb1f,"SANTOS,BRA",4992,-24.128156910781662,-46.341070020624564
94d1f95f,"SANTOS,BRA",4992,-24.088951709773763,-46.28351619934678
94d1f08b,"SANTOS,BRA",4992,-24.177230392968568,-46.32136086617174
94d1f10f,"SANTOS,BRA",4992,-24.20961397780639,-46.31661287118685
94d1fd23,"SANTOS,BRA",4992,-24.049815741990134,-46.345715100335994
94d1fcef,"SANTOS,BRA",4992,-24.06409811108464,-46.33584877511037
94d1f11d,"SANTOS,BRA",4992,-24.198748650889712,-46.31229361018627
94d1f105,"SANTOS,BRA",4992,-24.20480044592885,-46.3171001501961
94d1f091,"SANTOS,BRA",4992,-24.170089782896586,-46.31259893337123
94d1f9a7,"SANTOS,BRA",4992,-24.103891768842036,-46.259431174001556
94d1f3d1,"SANTOS,BRA",4992,-24.243025505730646,-46.316856857965014
94d1f173,"SANTOS,BRA",4992,-24.219305790348177,-46.317179309037776
94d1f911,"SANTOS,BRA",4992,-24.08959455782355,-46.259522318687466
94d1fd19,"SANTOS,BRA",4992,-24.048008143889632,-46.34141246168708
94d1fcc7,"SANTOS,BRA",4992,-24.074224564941794,-46.350640047952474
94d1fbd9,"SANTOS,BRA",4992,-24.100062458979203,-46.28845365657289
94d1fae3,"SANTOS,BRA",4992,-24.130703179662362,-46.33629820038694
94d1f903,"SANTOS,BRA",4992,-24.09097054160507,-46.25004563412328
94d1fcf9,"SANTOS,BRA",4992,-24.056812439567413,-46.32653981139497
94d1f857,"SANTOS,BRA",4992,-24.09665744153385,-46.24079482189472
94d1fbb3,"SANTOS,BRA",4992,-24.117556205025597,-46.31190867744334
94d1fd7b,"SANTOS,BRA",4992,-24.019997355908945,-46.3317186930169
94d1f3e1,"SANTOS,BRA",4992,-24.232910555057476,-46.302633298874895
94d1fb6b,"SANTOS,BRA",4992,-24.10879732549842,-46.34071093990991
94d1f08f,"SANTOS,BRA",4992,-24.172012102633417,-46.317128220470906
94d1fa89,"SANTOS,BRA",4992,-24.15112997290157,-46.3261834103476
94d1fc9f,"SANTOS,BRA",4992,-24.08968735470677,-46.340676810529544
94d1f085,"SANTOS,BRA",4992,-24.167264093865413,-46.31719595416709
94d1e34d,"SANTOS,BRA",4992,-24.089251013861865,-46.363781935984846
94d1fc87,"SANTOS,BRA",4992,-24.07986602799111,-46.326200505340296
94d1f98d,"SANTOS,BRA",4992,-24.124078214453398,-46.2787634274636
94d1f849,"SANTOS,BRA",4992,-24.11139023563023,-46.240587627710376
94d1f983,"SANTOS,BRA",4992,-24.110379585196508,-46.27853358540981
94d1f85f,"SANTOS,BRA",4992,-24.09318713297529,-46.23088209635402
94d1f969,"SANTOS,BRA",4992,-24.090110290029976,-46.274194302810024
94d1fb21,"SANTOS,BRA",4992,-24.129407015035255,-46.34590281418738
94ce0227,"SANTOS,BRA",4992,-23.97203841946117,-46.2885243420666
94d1fb19,"SANTOS,BRA",4992,-24.123112629393784,-46.34093743462871
94d1f3d9,"SANTOS,BRA",4992,-24.23676121688571,-46.31223494167894
94d1fb37,"SANTOS,BRA",4992,-24.118428489488114,-46.35482191967747
94d1e4ab,"SANTOS,BRA",4992,-24.102993588450424,-46.36460729614242
94ce0485,"SANTOS,BRA",4992,-23.928262398578592,-46.33295143610018
94d1fc99,"SANTOS,BRA",4992,-24.08497564174552,-46.34068766594271
94d1fa15,"SANTOS,BRA",4992,-24.137872491397015,-46.30266551279189
94d1f145,"SANTOS,BRA",4992,-24.216574184332803,-46.297328015730386
94d1fccf,"SANTOS,BRA",4992,-24.071165030550638,-46.35490960953851
94d1fbe5,"SANTOS,BRA",4992,-24.087919151952434,-46.29319553428592
94d1fc7b,"SANTOS,BRA",4992,-24.076938165970027,-46.31740328780021
94d1fd7d,"SANTOS,BRA",4992,-24.014554530917415,-46.33165206063908
94d1f8f9,"SANTOS,BRA",4992,-24.092155428315735,-46.24010983946292
94d1f0fd,"SANTOS,BRA",4992,-24.19532186657222,-46.316995955593406
94d1f0d7,"SANTOS,BRA",4992,-24.186737369590976,-46.293046355580465
94d1fa8f,"SANTOS,BRA",4992,-24.152537264014263,-46.330532286991684
94d1f0b3,"SANTOS,BRA",4992,-24.161856931085023,-46.28807809967365
94d1f081,"SANTOS,BRA",4992,-24.1636393784087,-46.32187871885692
94d1fc67,"SANTOS,BRA",4992,-24.066752514810627,-46.31657732974122
94d1fa57,"SANTOS,BRA",4992,-24.130311932674967,-46.32173922194878
94d1f987,"SANTOS,BRA",4992,-24.116413527539844,-46.283182079616246
94d1fb4d,"SANTOS,BRA",4992,-24.110351465624504,-46.35945852926986
94d1fbcf,"SANTOS,BRA",4992,-24.1074827359765,-46.29732080541119
94d1f0f7,"SANTOS,BRA",4992,-24.18799541950178,-46.32112019391531
94d1f9a3,"SANTOS,BRA",4992,-24.10959094473433,-46.26431969073789
94d1fccb,"SANTOS,BRA",4992,-24.077790439340475,-46.359149022219924
94d1fa7f,"SANTOS,BRA",4992,-24.15897309358498,-46.32205370390698
94d1fc91,"SANTOS,BRA",4992,-24.078732584628064,-46.336094032806514
94d1fcd1,"SANTOS,BRA",4992,-24.066380804233624,-46.35406190017601
94d1f0c1,"SANTOS,BRA",4992,-24.17618129357232,-46.30249634857496
94d288db,"SAO SEBASTIAO,BRA",4994,-23.908974424822645,-45.53673390691722
94d28ebb,"SAO SEBASTIAO,BRA",4994,-23.933842884595414,-45.51363624211308
94d288cf,"SAO SEBASTIAO,BRA",4994,-23.903080196919692,-45.53252207240099
94d29a17,"SAO SEBASTIAO,BRA",4996,-23.80881417135786,-45.387660433766044
94d8cd1d,"ITAJAI,BRA",4998,-26.882946134131036,-48.690576266691586
94d8cc6b,"ITAJAI,BRA",4998,-26.898475435184587,-48.66210894542935
94d8cd1b,"ITAJAI,BRA",4998,-26.88001910527797,-48.690448170737454
94d8cc47,"NAVEGANTES,BRA",4998,-26.887924716261068,-48.66383261639558
94d9425f,"SAO FRANCISCO DO SUL,BRA",4999,-26.173674581144578,-48.421226220840985
94d94251,"SAO FRANCISCO DO SUL,BRA",4999,-26.182080100798384,-48.43078761860758
94d942f7,"SAO FRANCISCO DO SUL,BRA",4999,-26.171683944337857,-48.42606892996531
94d941bf,"SAO FRANCISCO DO SUL,BRA",4999,-26.231756031048317,-48.42125647121939
94d94245,"SAO FRANCISCO DO SUL,BRA",4999,-26.184918513202128,-48.42594677404984
94d94269,"SAO FRANCISCO DO SUL,BRA",4999,-26.182088214535664,-48.41654186126402
94db9b0d,"PARANAGUA,BRA",5002,-25.492663109130877,-48.52621653963464
94db9801,"PARANAGUA,BRA",5002,-25.501330684561857,-48.40052127419932
94db981d,"PARANAGUA,BRA",5002,-25.506329480310626,-48.411919440290106
94db9a4b,"PARANAGUA,BRA",5002,-25.50046066228916,-48.49908875890097
94db9815,"PARANAGUA,BRA",5002,-25.49213739197657,-48.41594332166381
94db983d,"PARANAGUA,BRA",5002,-25.502102973370636,-48.42219213005864
94db9a35,"PARANAGUA,BRA",5002,-25.50010210557238,-48.49650303256485
94db9b47,"PARANAGUA,BRA",5002,-25.49441219838695,-48.54669879980388
94db9819,"PARANAGUA,BRA",5002,-25.50432642578897,-48.416097435512285
94db9837,"PARANAGUA,BRA",5002,-25.50035370636231,-48.431640133050756
94db9979,"PARANAGUA,BRA",5002,-25.48964691021255,-48.4709322964427
94db9bcf,"PARANAGUA,BRA",5002,-25.4900897553781,-48.4908692696414
94db9b73,"PARANAGUA,BRA",5002,-25.489118458855188,-48.526395948630096
94dbbd55,"PARANAGUA,BRA",5002,-25.505412321915344,-48.394752549173276
94db9811,"PARANAGUA,BRA",5002,-25.495285014292108,-48.40969650191744
94db9835,"PARANAGUA,BRA",5002,-25.500667340823604,-48.43628448996467
94db9bb3,"PARANAGUA,BRA",5002,-25.501463947000307,-48.50647133055741
94db999b,"PARANAGUA,BRA",5002,-25.498351516336033,-48.4670446413345
94db99b5,"PARANAGUA,BRA",5002,-25.499234140534632,-48.441519842460934
94db9991,"PARANAGUA,BRA",5002,-25.499540698910184,-48.46544565051031
94db99cb,"PARANAGUA,BRA",5002,-25.500945601412205,-48.44049867626224
94db9bb5,"PARANAGUA,BRA",5002,-25.500679515888145,-48.50111257351906
94db99b3,"PARANAGUA,BRA",5002,-25.490372219581328,-48.440366684344006
94db999f,"PARANAGUA,BRA",5002,-25.489896344490877,-48.46043491506796
94dbbd53,"PARANAGUA,BRA",5002,-25.50567502857404,-48.39269076776021
94dbbd51,"PARANAGUA,BRA",5002,-25.508105920596943,-48.390762822368366
94db9805,"PARANAGUA,BRA",5002,-25.49901401336993,-48.4050094349247
94dbc665,"BR PNG,BRA",5003,-25.68077089873304,-48.272269006152456
94dbc927,"PARANAGUA,BRA",5003,-25.654513268007516,-48.19715121598608
94dbc61b,"PARANAGUA,BRA",5003,-25.672057155548586,-48.24615922765777
94dbc9b3,"PARANAGUA,BRA",5003,-25.616395754796997,-48.19684372290553
94dbc883,"PARANAGUA,BRA",5003,-25.64961359917494,-48.23645586797878
94dbc861,"PARANAGUA,BRA",5003,-25.634678735648617,-48.22156995342082
94dbcec5,"PARANAGUA,BRA",5003,-25.675775144779987,-48.187025453091984
95118381,"P47,BRA",5004,-32.143313730209165,-52.10219722495853
95119ce9,"RIO GRANDE,BRA",5004,-32.071143834413924,-52.077810865703206
95119d1b,"RIO GRANDE,BRA",5004,-32.05787384820933,-52.055465833168505
95119cbb,"RIO GRANDE,BRA",5004,-32.085863696240594,-52.09355137219131
95119dbd,"RIO GRANDE,BRA",5004,-32.031259685976345,-52.045834764150236
95118359,"RIO GRANDE,BRA",5004,-32.11478452427822,-52.102962514158996
95118355,"RIO GRANDE,BRA",5004,-32.104373339082,-52.103201389300104
95119cbf,"RIO GRANDE,BRA",5004,-32.079820640123174,-52.08833425091898
95119c47,"RIO GRANDE,BRA",5004,-32.03710667350896,-52.076305363388286
95119cab,"RIO GRANDE,BRA",5004,-32.099766699589615,-52.102460720934936
95118357,"RIO GRANDE,BRA",5004,-32.1101513591014,-52.103689988686156
95119c51,"RIO GRANDE,BRA",5004,-32.04570922467842,-52.0733231413544
9513d67f,"RIO GRANDE,BRA",5005,-32.234371705154466,-51.93454702461872
9513d5d9,"RIO GRANDE,BRA",5005,-32.22661923515266,-51.939909684215905
9513d5d7,"RIO GRANDE,BRA",5005,-32.23167319310916,-51.9398848900413
9513d415,"RIO GRANDE,BRA",5005,-32.26667334764781,-51.95573739199793
951874d7,"TRAMANDAI,BRA",5006,-29.969927806706885,-50.06251237343899
95197915,"PORTO ALEGRE,BRA",5008,-30.026979642283717,-51.24005292914196
957573d7,"RECALADA,URY",5013,-35.06994995457922,-55.22282014212061
95757111,"RECALADA,URY",5013,-35.085581128819555,-55.25580477192077
957571a1,"RECALADA,URY",5013,-35.06951438411194,-55.25111689064526
957573bd,"ZONE DELTA,URY",5013,-35.07089608378436,-55.19560260560301
95757399,"ZONE DELTA,URY",5013,-35.07338993280625,-55.19021896238723
957573d1,"DELTA ANCHORAGE,URY",5013,-35.06843813800584,-55.21766926438569
957573a3,"LIGHTERING AREA D,URY",5013,-35.06962281176076,-55.18955562985659
958f9825,"QUEQUEN,ARG",5015,-38.57554478380975,-58.70636177548853
958f9823,"QUEQUEN,ARG",5015,-38.575673853146384,-58.710035022501046
958f9821,"QUEQUEN,ARG",5015,-38.574208424585024,-58.7131282819546
959f7f87,"MONTEVIDEO,URY",5016,-34.90115468274393,-56.20638777355203
959f7f97,"MONTEVIDEO,URY",5016,-34.90467365584992,-56.22174770206937
959f7f91,"MONTEVIDEO,URY",5016,-34.9032375707563,-56.21784585395021
959f7f8f,"MONTEVIDEO,URY",5016,-34.90174999059025,-56.21301627803737
959f9991,"MONTEVIDEO,URY",5018,-35.070221160936136,-56.05550614373691
959f9735,"MONTEVIDEO,URY",5018,-35.043312974653986,-55.999884318461184
959f9a51,"MONTEVIDEO,URY",5018,-35.029522725487084,-56.06235356089735
959f9993,"MONTEVIDEO,URY",5018,-35.06869927259922,-56.05007971846376
959f90ab,"MONTEVIDEO,URY",5018,-35.045171628696124,-56.02210688800607
959f9745,"MONTEVIDEO,URY",5018,-35.056525966475085,-56.01139481271515
959f99e5,"MONTEVIDEO,URY",5018,-35.06306202820594,-56.033569486636864
959f90b5,"MONTEVIDEO,URY",5018,-35.040787455631495,-56.00575837296372
959f9753,"MONTEVIDEO,URY",5018,-35.04842756799681,-56.01646962771765
959f9bb5,"MONTEVIDEO,URY",5018,-35.04098785670464,-56.07214990755369
959f99e3,"MONTEVIDEO,URY",5018,-35.06154976046247,-56.02779213239779
959f9759,"MONTEVIDEO,URY",5018,-35.05979765300591,-56.022303068113175
959f9a53,"MONTEVIDEO,URY",5018,-35.03010705729816,-56.06662401104337
959f9739,"MONTEVIDEO,URY",5018,-35.05269524974485,-56.00023536012105
959f9a0d,"MONTEVIDEO,URY",5018,-35.03445563902726,-56.033842618756694
959f90a7,"MONTEVIDEO,URY",5018,-35.036195672653136,-56.02219922282708
959f9747,"MONTEVIDEO,URY",5018,-35.05416568374095,-56.00503509777061
959f9a2b,"MONTEVIDEO,URY",5018,-35.059207893096726,-56.06724228024392
959f999b,"MONTEVIDEO,URY",5018,-35.0721043870675,-56.06143783474032
959f999f,"MONTEVIDEO,URY",5018,-35.077788806137185,-56.066864412290585
959fc477,"RECALADA,URY",5019,-35.11134430335662,-55.72735532659232
959fdaed,"RECALADA,URY",5019,-35.13626116779571,-55.638175194190694
959fda55,"RECALADA,URY",5019,-35.116928154331305,-55.62168289987175
959fc485,"RECALADA,URY",5019,-35.1098185833389,-55.70508725166219
959fdb1b,"ALPHA ZONE,URY",5019,-35.11218050394825,-55.63851608150738
959fc407,"MONTEVIDEO,URY",5019,-35.118861641198635,-55.749434043437766
959fdbab,"MONTEVIDEO,URY",5019,-35.11184647427293,-55.62173855792868
959fda7f,"BUENOS AIRES,URY",5019,-35.150497048618135,-55.6227912973521
959fc47d,"MONTEVIDEO ROAD,URY",5019,-35.11338165031692,-55.71609778514109
959fd661,"AR SLO,URY",5020,-35.18589941981268,-55.53351627003302
959fd6eb,"RECALADA,URY",5020,-35.18733644908131,-55.555302844910585
95a24161,"AR BHI,ARG",5021,-34.8582876393956,-57.369817731675504
95a243e1,"GIBRALTAR,ARG",5021,-34.85542765964992,-57.37548283422118
95a24165,"RIO GRANDE,ARG",5021,-34.8614591723789,-57.36399306983026
95a2fcff,"LA PLATA,ARG",5022,-34.76331017723843,-57.783137828927664
95a2fce5,"LA PLATA,ARG",5022,-34.7712163364698,-57.79445860743244
95a31d87,"ZONA COMUN,ARG",5022,-34.74738478806354,-57.87944850510112
95a31da9,"ZONA COMUN,ARG",5022,-34.715925309176654,-57.87384965577917
95a2fd61,"ZONA COMUN,ARG",5022,-34.73018576441077,-57.80075500174624
95a2fd03,"ZONA COMUN,ARG",5022,-34.76002222003049,-57.78818447333251
95a2fda9,"ZONA COMUN,ARG",5022,-34.75178423755236,-57.777345084511616
95a2fd6b,"ZONA COMUN,ARG",5022,-34.74334560405076,-57.79993685075344
95a2fd4d,"ZONA COMUN,ARG",5022,-34.745060218357665,-57.82166626296966
95a2fd43,"ZONA COMUN,ARG",5022,-34.740090462038786,-57.80540035023956
95a2fd75,"ZONA COMUN,ARG",5022,-34.739043295142714,-57.783560780468534
95a2fd5b,"ZONA COMUN,ARG",5022,-34.737289757254665,-57.81153511062509
95a2fd0b,"ZONA COMUN,ARG",5022,-34.743433179759776,-57.783533585821125
95a2fd17,"ZONA COMUN,ARG",5022,-34.753010481752696,-57.79973767763561
95a31d0f,"ZONA COMUN,ARG",5022,-34.718283859036234,-57.862793413835284
95a31d95,"ZONA COMUN,ARG",5022,-34.735758014539435,-57.89039864567949
95a31dad,"ZONA COMUN,ARG",5022,-34.713398180464274,-57.87983250227376
95a2e2cb,"ZONA COMUN,ARG",5022,-34.75690096484885,-57.82797416948504
95a31d55,"BUENOS AIRES,ARG",5022,-34.73202956873285,-57.82811296186235
95a33491,"AVELLANEDA,ARG",5025,-34.63290682961666,-58.34137546840221
95a33537,"BUENOS AIRES,ARG",5025,-34.59664199744318,-58.364867826118875
95a334bf,"BUENOS AIRES,ARG",5025,-34.632773412205545,-58.3524036564263
95a334c7,"BUENOS AIRES,ARG",5025,-34.62670930248151,-58.35765479932354
95a3348d,"BUENOS AIRES,ARG",5025,-34.62866201552337,-58.33683891127027
95a35eeb,"PUNTA PEREIRA,URY",5026,-34.224837020435196,-58.07223109292473
95a35ee9,"PUNTA PEREIRA,URY",5026,-34.22328677895271,-58.07421847089234
95bb347b,"NUEVA PALMIRA,URY",5029,-33.87811040095097,-58.42348427982547
95bb3467,"NUEVA PALMIRA,URY",5029,-33.88531938338805,-58.423657691006724
95bb338f,"NUEVA PALMIRA,URY",5029,-33.863765076782094,-58.43040959896394
95bca595,"TIGRE,ARG",5032,-34.416554991709326,-58.57282996977734
95ed78bf,"PUERTO ROSALES,ARG",5034,-38.9446510724282,-62.05294304839978
95edbd7b,"PUERTO GALVAN,ARG",5035,-38.78480418529229,-62.29949362453881
95ed981f,"PUERTO INGENIERO WHITE,ARG",5035,-38.79791405467902,-62.25744239962976
95f29981,"BAHIA BLANCA,ARG",5036,-39.08880964021917,-61.7918161466055
95f29bcf,"BAHIA BLANCA,ARG",5036,-39.0830215506465,-61.807753223862804
95f29bc1,"BAHIA BLANCA,ARG",5036,-39.076147711542205,-61.814297609760835
95f2c5a5,"BAHIA BLANCA,ARG",5037,-39.320944095416884,-61.54618598619714
961865eb,"CALBUCO,CHL",5042,-41.79159997491748,-73.20137925299976
96623903,"PUERTO SAN ANTONIO,CHL",5044,-33.59051872851211,-71.62103545693715
966835ed,"TALCAHUANO,CHL",5045,-36.694744834768535,-73.10301150856353
9669c165,"CORONEL,CHL",5046,-37.048821844339265,-73.17249314988494
9689e759,"VINA DEL MAR,CHL",5049,-33.0145496481197,-71.57518229766953
aa6dd94d,"TAROONA,AUS",5073,-42.93599296991479,147.38891803546045
bdb26313,"RADA PUNTA ARENAS,CHL",5095,-53.18009958445046,-70.9038690921231
bdb263bd,"RADA PUNTA ARENAS,CHL",5095,-53.17223167318253,-70.86887558668059
bdb26421,"PUNTA ARENAS,CHL",5096,-53.12288158557197,-70.86169700155794
bde2acc7,"CAMARONES,ARG",5099,-44.808515556546844,-65.70811000963677
bde45439,"COMODORO RIVADAVIA,ARG",5100,-45.86204163638855,-67.4603048371901
00957bdb,"P08,BRA",00957bdb,-22.672199668206485,-40.54592371962239
00959481,"BACIA DE CAMPOS,BRA",00959481,-22.689557412540136,-40.92050009783729
009aadad,"BACIA DE SANTOS,BRA",009aadad,-24.31758844324363,-42.6707247790588
0c40a02d,"ARINAGA,ESP",0c40a02d,27.8448031338572,-15.398791003989952
0f1ccf87,"CONAKRY GUINEA,GIN",0f1ccf87,9.415889403869768,-13.725507623363377
0f98a825,"GREENVILLE,LBR",0f98a825,4.988706732698382,-9.044421809206202
10000001,"NEW YORK,---",10000001,1.0578117517735973e-6,8.868445404832183e-6
1023ed2d,"KPEME,TGO",1023ed2d,6.1993234176206045,1.5175786156584685
103fa9ff,"ABO NIGERIA,NGA",103fa9ff,5.711071369680421,4.483937261750458
10662e2b,"CAPE TOWN,NGA",10662e2b,4.236152345212028,7.9558648529321125
106638df,"OFON FIELD,NGA",106638df,4.127001529222807,8.0945651425215015
1066506f,"ANTAN OIL TERMINAL,NGA",1066506f,4.2025186448062115,8.339656108096479
10679075,"CALABAR,NGA",10679075,4.819800508386932,8.30705390925524
1068f25f,"OKORO TERMINAL,NGA",1068f25f,4.221682818755409,7.393499068759895
10692f6b,"OKWORI TERMINAL,NGA",10692f6b,3.8601203570422333,6.9826987298705445
106abc0b,"SEA EAGLE TERMINAL,NGA",106abc0b,4.807840778934557,5.313272960326966
106bd20b,"TWON-BRASS,NGA",106bd20b,4.3062180146587234,6.239410754207799
106bddc1,"BRASS OIL TERMINAL,NGA",106bddc1,4.06836575237566,6.304238144599456
107f3eb9,"LIBREVILLE,GAB",107f3eb9,0.3551124574087956,9.470168972230764
12a3802f,"SITGES,ESP",12a3802f,41.233609140607854,1.8243303592859554
12e7a529,"PORTO VESME,ITA",12e7a529,39.2282928090912,8.316700347945543
1351e037,"SHENGJIN,ALB",1351e037,41.81302078522646,19.587996428300023
14a0b1ef,"ACHLADI,GRC",14a0b1ef,38.88830610622992,22.824637252722138
14b16f1b,"GELIBOLU,TUR",14b16f1b,40.404508676706584,26.669172352945637
15ac31df,"DUBA,SAU",15ac31df,27.320808132429757,35.73787296273794
18d2f3ef,"QUELIMANE,MOZ",18d2f3ef,-17.88062743783621,36.88013920141689
1a506c75,"PORTO DO AMBRIZ,AGO",1a506c75,-7.835770102631561,13.105221639403583
1a51dd2f,"DANDE,AGO",1a51dd2f,-8.566218858839424,13.366920055273914
1a5f2bfb,"BLOCK 15,COD",1a5f2bfb,-6.20938018826533,11.262426890166203
1a5f37e7,"BLOCK 15,AGO",1a5f37e7,-6.1414589012822995,10.989573594920543
2de86753,"IBT INDONESIA,IDN",2de86753,-4.028494793114961,116.03458127190312
2df40f15,"S0EHANA,IDN",2df40f15,-0.9900820023309473,117.38932759602878
2e40341d,"CINTA,IDN",2e40341d,-5.423697546400213,106.23702909754208
3041c60f,"SABANG,IDN",3041c60f,5.886795871568463,95.31755601504679
305430c9,"THA THONG THAILAND,THA",305430c9,9.617979293764048,99.44804562540548
31d75685,"KARIMUN,IDN",31d75685,1.097539520649211,103.48842654871122
321dc05f,"BINTULU,MYS",321dc05f,3.167914796135504,113.04348254946925
32794377,"GORONTALO,IDN",32794377,0.8589588792448773,122.7954249390189
32ffed19,"AGUSAN,PHL",32ffed19,8.484093149496392,124.72321240275666
33bd4a7b,"CASTANAS,PHL",33bd4a7b,13.874018270256785,121.57492454876362
3406a3c9,"3406a3c9,CHN",3406a3c9,22.0854205320365,114.46780441439755
341222e1,"341222e1,CHN",341222e1,23.505082759346543,117.3349160001983
3441dd89,"3441dd89,CHN",3441dd89,25.505470552581823,119.78506706020326
344f809d,"344f809d,CHN",344f809d,27.84480127504139,120.95601615479458
35438947,"JP UBJ,JPN",35438947,33.8316418914712,131.21321829604253
356c3173,"KWANGYANG,KOR",356c3173,34.44938094273136,128.08228572007272
357b06b1,"PYEONGTAEK,KOR",357b06b1,37.039648873462504,126.68385328565357
357bb24d,"BUSAN,KOR",357bb24d,37.10999820174848,126.39552486973064
3586bc11,"3586bc11,CHN",3586bc11,39.07805781615966,122.79457479156525
35bd7e2f,"35bd7e2f,CHN",35bd7e2f,35.71503221680459,120.95019234414539
3ae25f87,"COLOMBO,LKA",3ae25f87,6.978800901814238,79.77728289927542
3bbe6729,"KARWAR,IND",3bbe6729,14.801397600878698,74.11558976443199
3e4369b1,"AL BATEEN HUDAYRYAT,ARE",3e4369b1,24.492091740113423,52.33314152085673
3e4e5aff,"KISH,IRN",3e4e5aff,26.777198278100204,52.15065418272924
3e4e5f4d,"SOUTHPARS,IRN",3e4e5f4d,26.784654582345176,52.03354679119323
3e4fb5df,"KISH,IRN",3e4fb5df,26.55733449442169,52.335566035538854
3e4fb783,"PHASE 12A,IRN",3e4fb783,26.47773978333074,52.321998486001455
3e5f1861,"JEBEL ALI,ARE",3e5f1861,25.08298274393369,54.919649121677054
3ef7774f,"QESHM,IRN",3ef7774f,26.946412433420097,56.28385328364232
441841f5,"SEVERODVINSK,RUS",441841f5,64.58613006888113,39.84479221119153
4639d753,"KVINESDAL,NOR",4639d753,58.27475701449343,6.886519937814048
463bea7f,"CA,NOR",463bea7f,59.34448413431428,5.859256016134225
46450c73,"BASTOY,SWE",46450c73,58.261068021521986,11.762312704302024
4646b853,"MELSOMVIK,NOR",4646b853,59.209591072626026,10.344253457450725
464f9075,"BDAM,SWE",464f9075,57.631521604872155,11.608991515090262
4651bd69,"RS LANGEDRAG,SWE",4651bd69,56.64123773054498,12.77915294199376
4656099b,"AORE,SWE",4656099b,55.95506970365972,15.703696330744293
4658b5c7,"AC LIGHTERING,SWE",4658b5c7,58.60307171727629,17.311552953207418
4658d135,"I LIBYA,SWE",4658d135,58.62490470314365,16.798905108231253
46646647,"STOCKVIK,SWE",46646647,62.335209754196036,17.370554919841126
4675baa3,"HEMNESBERGET,NOR",4675baa3,66.22327961358769,13.60751940035723
46f79b1f,"None,SWE",46f79b1f,57.29032400072335,17.970861301143152
47ad3599,"SUNDBY,DNK",47ad3599,54.8704511864599,11.746785763614206
47b2b40f,"SPODSBJERG,DNK",47b2b40f,54.9333250712065,10.83356962983676
47b6c8d1,"BRAKE,DEU",47b6c8d1,53.35484743979953,8.497524123106894
47c47737,"BG GROUNDS,NLD",47c47737,51.35279990692345,4.111154490861724
47c4a283,"ANTWERP,NLD",47c4a283,51.429587666231214,3.4852564455503496
47c50d51,"STEADY OBJECT,NLD",47c50d51,52.29032869411288,3.8164577998262277
47c541cb,"SAS VAN GENT,NLD",47c541cb,52.354155273933806,3.5857535195064116
47c5a46f,"NPVE,NLD",47c5a46f,52.19143161021886,4.136587756210658
47c94a83,"C461,NLD",47c94a83,53.628945595949126,5.142867384277408
47ceb96d,"ENSCO 121,NLD",47ceb96d,53.70924006013486,4.818251915641
480e046b,"LE LEGUE,FRA",480e046b,48.584101029583145,-2.6828690536768613
48447e67,"WHITEGATE,IRL",48447e67,51.696934671364254,-8.260414697984283
48454cc1,"FENIT,IRL",48454cc1,52.27070561911668,-9.862181338813114
4878e0cf,"GOOLE,GBR",4878e0cf,53.70685079681585,-0.7266642921706239
4886f5f3,"PERTH,GBR",4886f5f3,56.459750594519555,-2.7557669703513787
48ceadc3,"REYDARFJORDUR,ISL",48ceadc3,65.02720280197809,-14.11453628104779
4b7b48e5,"PORT HARMON,CAN",4b7b48e5,48.52226008481889,-59.0256469372721
50000001,"TX,---",50000001,89.99999956300015,179.41290874537995
526fdbe3,"CHURCHILL,CAN",526fdbe3,58.77705837816672,-94.19692283527446
548f4207,"CEND T UP,CAN",548f4207,48.649940956135744,-123.55013394705428
5edb345f,"DE KASTRI,RUS",5edb345f,51.465827124755194,140.78157624765697
6004e5a7,"ISEWAN,JPN",6004e5a7,34.584890966126046,137.02135243407304
68e2b1a5,"ORO BAY,PNG",68e2b1a5,-8.896204092739769,148.49355703981445
69786a73,"CAIRNS,AUS",69786a73,-16.77601354194351,145.83878998236258
6978d751,"MOURILYAN HARBOUR,AUS",6978d751,-17.600153229163197,146.12396467255996
6aabe6bb,"PORT LINCOLN,AUS",6aabe6bb,-34.658351598400536,135.96816912398842
6ab1bf5f,"PORT GILES,AUS",6ab1bf5f,-35.02159793843666,137.766852929812
6ababa05,"WALLAROO,AUS",6ababa05,-33.92571780989741,137.6150852334364
6be9900d,"CIS,AUS",6be9900d,-24.165326367124102,151.8801046052729
861fe073,"FOURCHON,USA",861fe073,28.307711585141767,-90.0219264136682
863c8ca9,"FOURCHON,USA",863c8ca9,29.764063424314195,-93.01570752793606
889a2ea5,"DAUPHIN ISLAND,USA",889a2ea5,30.251776947299806,-88.0811300935227
889e4a89,"PORT SULPHUR,USA",889e4a89,29.461205539962346,-89.68746379814597
889e4c81,"SHELL GIBSON,USA",889e4c81,29.460232920219948,-89.62426314892622
889f74e9,"VENICE,USA",889f74e9,29.01854957435971,-89.34980279808566
88c2da81,"GIBSONTON,USA",88c2da81,27.85712435572415,-82.39234883663059
88c304d9,"TAMPA,USA",88c304d9,27.59901454186662,-82.74898845303684
88e44529,"JACKSONVILLE,USA",88e44529,30.41259410369732,-81.29837734443122
88fb7f5b,"EUROPOORT,USA",88fb7f5b,32.01992553662968,-80.88554766385639
8926b43f,"SOUTH RIDING POINT,BHS",8926b43f,26.611288233344844,-78.22750063894024
89b8ae2b,"PHILADELPHIA,USA",89b8ae2b,38.85903095212999,-75.10537240143184
89c7bd0f,"BELFAST MAINE,USA",89c7bd0f,39.47822928178837,-75.93807814801559
8c31f62d,"EL GUAMACHE,VEN",8c31f62d,10.896650068850642,-64.09676947285772
8c360ac7,"TRINIDAD,TTO",8c360ac7,10.685233244991673,-61.68698823550229
8e8304d9,"SALINA,BES",8e8304d9,12.083131901822524,-68.28381807699539
8e848357,"BOKA SAMI,CUW",8e848357,12.147182538448181,-69.00119745949536
8eb13835,"PEPILLO SALCEDO,DOM",8eb13835,19.709960671379744,-71.74316357472506
8eca7d55,"BAHAMAS,BHS",8eca7d55,21.050108869506136,-73.6507773895076
8ececf8b,"GTMO CUBA,USA",8ececf8b,19.91566619128176,-75.15169079372151
8f4e4417,"PUNTA VENADO,MEX",8f4e4417,20.572700080786774,-87.12912758864225
8facbcb7,"VACAMONTE,PAN",8facbcb7,8.86169655221015,-79.66869070833005
92a465db,"BELEM,BRA",92a465db,-1.274214241931965,-48.48765985768666
94d8c635,"ITAJAI,BRA",94d8c635,-26.90868012150933,-48.54124058974279
9526c9db,"IMBITUBA,BRA",9526c9db,-28.203609703572955,-48.61105999921416
95f856d3,"PUNTA COLORADA,ARG",95f856d3,-41.69733806503398,-65.00620206093595
bdadedff,"TERMINAL OTWAY,CHL",bdadedff,-52.928142409361435,-71.6837698921963
bde67569,"CALETA PAULA,ARG",bde67569,-46.47203391688744,-67.49938110225676
